post_url,post_text,likes_count,comments_count,shares_count,publish_time,post_type
https://www.facebook.com/reel/1366460225387742/,"Mẹ ơi, Siêu sữa bột sắp ra mắt!

#Vinamilk #Optimum #OptimumA2ProCộng #SuaHoTroLonKhon #ĐạmA2 #6HMO #MFGM #DHA #PhatTrienLonKhon #SuaHoTroLonKhon",180,2,5,2026-05-25 12:07:06,Video
https://www.facebook.com/reel/1863776280970575/,"7 NGÀY 7 VỊ, CẢ TUẦN BÉ VUI 
Mẹ có biết, niềm vui của con đôi khi chỉ đơn giản là được tự do lựa chọn vị sữa mỗi ngày?
Sữa tươi 100% không chỉ tươi ngon với nhiều vị bé mê mà còn đạt Bộ đôi giải thưởng quốc tế:
 
Chứng nhận An toàn và Tinh khiết Mỹ - Clean Label Project
Giải thưởng Vị ngon thượng hạng
 
Mẹ an tâm về dinh dưỡng - Con hào hứng mỗi ngày ✨
 
Cùng con bắt đầu “cuộc phiêu lưu vị giác"" mỗi tuần với 7 vị sữa hấp dẫn từ Sữa tươi Vinamilk 100% ngay hôm nay!
 
 Khám phá tại đây: https://bit.ly/3RVkHRb
#Suatuoi100 #Vinamilk #7ngay7vi",43,0,2,2026-05-22 12:31:36,Video
https://www.facebook.com/reel/1320039396240194/,"#1 SƯỜN NƯỚNG XỐT SỮA ĐẶC – MỀM MỌNG THẤM VỊ

Thử ngay công thức ướp & làm xốt từ sữa đặc Ông Thọ – bí quyết giúp sườn mềm mọng, thấm vị, nướng lên là dậy mùi hấp dẫn.
Một nguyên liệu, dùng trọn vai: ướp ngon – xốt cuốn – vị thêm tròn 
#Vinamilk #SữaÔngThọ #NấuNgonCùngÔngThọ",35,1,4,2026-05-22 12:30:17,Video
https://www.facebook.com/reel/1474864517172958/,"Nếu phương pháp hút chân không thông thường chỉ loại bỏ không khí trong bao bì, Công nghệ Kép Hút Chân Không của Vinamilk Green Farm lại tạo ra điều khác biệt 
Tác động vào chính bên trong dòng sữa, loại bỏ đến 50% gốc oxy tự do. Cho dòng sữa Green Farm tươi ngon, sánh mịn, vỗ về vị giác
 
#Vinamilk #GreenFarm #Suatuoihutchankhong #Vovevigiac",52,0,6,2026-05-22 11:52:07,Video
https://www.facebook.com/vinamilkofficial/posts/pfbid0QJNj7yuKrvXnPnop1Sp3m15ktmWoj5av2CDbrvkC8wXRJtX5tFwwmauWHsfqM7zkl,"ĐẾM NGƯỢC 10 NGÀY - NHẬN QUÀ DINH DƯỠNG

Mẹ ơi đừng quên, ưu đãi của Sữa dinh dưỡng Vinamilk chỉ còn 10 ngày cuối cùng:

✨ Từ nay đến hết 31.05.2026, MUA 1 THÙNG Sữa dinh dưỡng Vinamilk vị ít đường/ Không đường/ A2 ít đường được TẶNG NGAY 2 BỊCH cùng loại bất kỳ.

Tranh thủ deal hời, bổ sung dinh dưỡng mỗi ngày cho cả nhà nhé mẹ ơi. Ghé ngay tạp hóa, rinh về dinh dưỡng!

#Vinamilk #SuaDinhDuongVinamilk #Mua1Tang2

Lưu ý: Chương trình không áp dụng tại các điểm bán Siêu thị, Cửa hàng tiện lợi, kênh thương mại điện tử và Cửa hàng Vinamilk trên toàn quốc.
Thông tin chi tiết: https://bit.ly/CTKD-05-2026",537,20,0,2026-05-21 11:04:39,Photo
https://www.facebook.com/vinamilkofficial/posts/pfbid02LZUyQG6kgyVTpTmRDToq6qQ59gTKMFd5Axp23xcon2NnvUU62fBEusgo4HDu6gHEl,"Vinamilk Green Farm luôn đặt ra chuẩn tinh khiết khắt khe trong mọi khâu sản xuất: Thanh lọc đất, khí, nước của trang trại - Chăm dưỡng bò - Sản xuất khép kín

Tất cả vì hành trình lớn lên khoẻ mạnh của một thế hệ thuần khiết 
#Vinamilk #GreenFarm #Organic",50,0,15,2026-05-20 10:17:12,unknown
https://www.facebook.com/vinamilkofficial/posts/pfbid0TezFH8qiDcCodykWJUt1kP97JyMTbunzJyShcwPfjJNMwq74yYKcHhMbKHhbyrMVl,"Xương chắc khỏe, duy trì lối sống năng động.

Bí quyết chỉ đơn giản là thêm canxi mỗi ngày, cùng sữa đậu nành Cao Canxi nhất Việt Nam (#). Hai hộp 1 ngày bổ sung đến 50% nhu cầu canxi (*)!

Muốn chắc, ắt cần canxi  https://bit.ly/SDN2111
———— 
(#) Theo kết quả nghiên cứu thị trường trong ngành hàng Sữa đậu nành tại Việt Nam, được thực hiện hằng năm từ ngày 20/01/2025. 
(*) Dựa trên lượng canxi khuyến nghị hằng ngày của Bộ Y Tế
#Vinamilk #CaoCanxiNhấtViệtNam #XươngChắcKhoẻ",36,2,3,2026-05-19 09:29:45,Photo
https://www.facebook.com/reel/2390019784806821/,"Sữa chua Vinamilk quốc dân
Vị ngon dẻo mịn - Đa vị đã miệng - Tốt bụng, tốt tiêu hóa
30 năm - Chiều lòng triệu người Việt!
#suachuaVinamilk",1024,1,8,2026-05-18 08:42:18,Video
https://www.facebook.com/reel/1308340768150277/,"RA MẮT ""GIỜ ĐI-LẮC"" - BÉ VẬN ĐỘNG VUI KHỎE, TĂNG CÂN BỀN NÀO!!! ​

Voi Xanh chính thức ra mắt MV “Vận động cao khỏe cùng Voi xanh Dielac” - giới thiệu cho mẹ bí kíp “2 trong 1” kết hợp Vận động vui và Dinh dưỡng chuyên biệt để con sẵn sàng bứt phá chiều cao và cân nặng. ​

Mẹ hãy cùng con khởi động Giờ Đi-Lắc mỗi ngày với sự kết hợp hoàn hảo: ​
‍♂️ Vận động “Đi-Lắc”: Dành 05 phút mỗi ngày 03 lần để bé thực hiện các động tác cùng Voi Xanh, giải phóng năng lượng và tăng cường trao đổi chất. ​
 Uống sữa Dielac Grow Plus: Ngay sau khi vận động, nạp 01 hộp sữa Voi Dielac Grow Plus để cung cấp dinh dưỡng chuyên biệt tạo đà tăng cân bền, cao lên rõ. ​

Mẹ ơi, bật ngay MV, cùng con khởi động “Giờ Đi-lắc” để mỗi ngày đều là một hành trình phát triển đầy tiếng cười nhé! ​

#Vinamilk #DielacGrowPlus #GiờĐiLắc #DielacVoi #TăngCânBền #CaoLênRõ",75,1,9,2026-05-16 13:01:30,Video
https://www.facebook.com/reel/759625720477469/,"QUÀ TỚI QUÀ TỚI

Vinamilk Green Farm Sữa tươi đạm quý A2 dành tặng mẹ quà xinh khi mua sữa cho bé:
Tặng 1 bộ 2 chén sứ khi mua 1 thùng Green Farm A2 110ml 
Tặng 1 túi laptop hoặc 1 túi tote cam đào khi mua 1 thùng Green Farm A2 180ml

Chương trình áp dụng duy nhất từ nay đến hết 31/5/2026 tại hệ thống cửa hàng Vinamilk trên toàn quốc. 
---
Vinamilk Green Farm A2 là sữa tươi A2 đầu tiên và duy nhất tại châu Á đạt chứng nhận tinh khiết từ Mỹ. 

#Vinamilk #GreenFarm #damquyA2 #sieusuatuoia2 #CleanLabelProject",40,0,4,2026-05-15 13:00:37,Video
https://www.facebook.com/reel/987834024187769/,"KẾT BỮA NHẸ TÊNH CÙNG PROBI ÍT ĐƯỜNG ✨

Ăn ngon hết mình nhưng vẫn muốn nhẹ bụng?
Vinamilk mách bạn bí kíp: +1 Probi Ít Đường mỗi ngày 
✔ Giảm hơn 40% lượng đường so với phiên bản truyền thống nhưng vị ngon vẫn đỉnh nóc 
✔ Hỗ trợ tiêu hóa khỏe, tăng đề kháng
Ăn uống “hết ga hết số"" vẫn cân đẹp mỗi ngày cùng Probi

#ProbiGiamDuongItNgot #Cong1ProbiMoiNgay",400,0,1,2026-05-14 07:32:35,Video
https://www.facebook.com/reel/1015693484738179/,"Bạn có nhận ra điều đặc biệt ở mặt lưng của hộp sữa tươi Green Farm? Thưởng thức ngay một hộp để lật mở những điều thú vị đã làm nên hậu vị sữa 20 loại cỏ hoa duy nhất trên thị trường.

#Vinamilk #GreenFarm #Vovevigiac",50,8,12,2026-05-13 12:00:59,Video
https://www.facebook.com/vinamilkofficial/posts/pfbid02cC35Vqo2vabsd9QHjMRTwVwyMdoLsfK7c3uBqh39CvysYtxhGbHJDdi7mh89EHgzl," SƯU TẦM ĐỦ 34+ NAM CHÂM, “MỞ KHOÁ"" CHUYỆN 34 TỈNH THÀNH VIỆT NAM  

Mỗi chiếc nam châm Vinamilk không chỉ là món đồ trang trí lưu niệm, mà còn là một “nhà thuyết minh” với những kiến thức cực kỳ thú vị về lịch sử và văn hoá nước nhà. 

Cùng Vinamilk vừa uống sữa ngon, vừa “thu hoạch"" thêm những câu chuyện đặc biệt về từng tỉnh thành trên dải đất hình chữ S nào các bạn ơiii 

 Mua sữa tươi Vinamilk 100% sưu tầm nam châm và lấp đầy bản đồ Việt Nam trên cánh cửa tủ lạnh nhà bạn ngay thôi 
___________________
Nhận ngay 2 mảnh ghép nam châm khi mua 1 thùng sữa tươi Vinamilk 100%, thông tin chi tiết chương trình tham khảo tại: https://bit.ly/4bqCVBA",981,54,62,2026-05-13 02:24:49,unknown
https://www.facebook.com/vinamilkofficial/posts/pfbid02N36yX9p4XoEm2FMXzTH1jfXyKnHNqFetNdeaAzTQ7rYVAV2Es89srpynLKT6zSN3l,"SỮA NGON RINH GIẢI XỊN - MẸ RINH NGAY DEAL HỜI

 Mẹ có biết, Sữa dinh dưỡng Vinamilk nhà mình hay uống đã giành Giải thưởng Quốc tế về vị ngon không?
 Không chỉ bổ sung dinh dưỡng cho cả nhà, sản phẩm còn tự hào chinh phục Superior Taste Award – chứng nhận Vị ngon thượng hạng, được đánh giá bởi hơn 200 đầu bếp và chuyên gia ẩm thực thế giới.

☀️ SỮA XỊN – DEAL HỜI: MUA 1 THÙNG TẶNG 2 BỊCH

Từ 01.05.2026 - 31.05.2026, MUA 1 THÙNG  Sữa dinh dưỡng Vinamilk vị Ít đường/ Không đường/ A2 Ít đường được TẶNG 2 BỊCH  cùng loại bất kỳ Sữa dinh dưỡng Vinamilk vị Ít đường/ Không đường/ A2 Ít đường.

Mời mẹ rước deal và kiểm chứng vị ngon!

#Vinamilk #SuaDinhDuongVinamilk #Mua1Tang2

----------
Lưu ý: Chương trình không áp dụng tại các điểm bán Siêu thị, Cửa hàng tiện lợi, kênh thương mại điện tử và Cửa hàng Vinamilk trên toàn quốc.

Thông tin chi tiết: https://bit.ly/CTKD-05-2026",355,10,0,2026-05-12 16:48:39,Photo
https://www.facebook.com/vinamilkofficial/posts/pfbid02CPjGo64RRML68qqh1CS2crcp6rXeVwNsJ4gCkSBaxmy3UtujbdZjVp9fbhM9FS8hl,"CHỌN VINAMILK FLEX KHÔNG LACTOZA CHO CHIẾC BỤNG NGỪNG SÔI
 
Mê latte, cà phê sữa, hay thích uống sữa trước buổi tập, nhưng bụng chẳng hợp lactoza... Bạn có thường đứng giữa 2 lựa chọn: uống sữa rồi chịu đựng cơn ""sôi"", hoặc tạm biệt vị thơm ngậy yêu thích?
 
Với Sữa dinh dưỡng Flex - không lactoza lại ngon lành ít béo, bạn sẽ không bao giờ còn phân vân!
 
 Đã đến lúc chấm dứt những lần bụng râm ran vì uống sữa. 
Có Flex trong tay, tha hồ tận hưởng vị sữa ngon mỗi ngày!  https://www.vinamilk.com.vn/products/sua-free-lactose-flex

#Vinamilk #VinamilkFlex #Suakhonglactoza",45,2,7,2026-05-12 07:12:30,unknown
https://www.facebook.com/vinamilkofficial/posts/pfbid0VVgmiNrd5DZStHpGJhG3pZZQQszX9LxfYPwcM9dSRWKGXvSxG79AvPju6iKyCC3Dl," Với Mẹ và những ai đang làm Mẹ, con luôn là cả thế giới. Dẫu có thiếu vắng dòng sữa tự nhiên, ai cũng mong con phát triển vững vàng.
 
 Lấy cảm hứng từ những dưỡng chất tìm thấy trong sữa Mẹ, Siêu sữa Optimum A2 Pro+ tinh khiết chuẩn Mỹ tự hào là hậu phương vững vàng cho mọi người ""Mẹ"". Nhờ cơ chế Siêu cộng hưởng nuôi dưỡng hệ trục Não – Ruột – Miễn dịch, Optimum mang đến giải pháp vượt trội cho hành trình lớn khôn của con:
 
 Tiêu hóa khỏe nhờ cấu trúc Đạm quý A2 ưu việt.
 Đề kháng vững vàng, tăng cường hệ miễn dịch nhờ 6 HMO.
 Trí não nhạy bén nhờ nền tảng từ MFGM & DHA.
 
 Khám phá ngay Siêu sữa uống dinh dưỡng dành cho “siêu em bé” Alpha tại: https://monkeyqr.com/OptimumA2ProCộng 
---
✓ Optimum A2 Pro+ lấy cảm hứng từ các dưỡng chất được tìm thấy trong sữa Mẹ, giúp nuôi dưỡng hệ trục Não - Ruột - Miễn dịch, bao gồm:
• Đạm quý A2 giúp tiêu hoá khoẻ;
• 6 HMO củng cố hàng rào miễn dịch;
• MFGM + DHA hỗ trợ phát triển trí não.
 
#Vinamilk #Optimum #OptimumA2ProCộng #SuaHoTroLonKhon #ĐạmA2 #6HMO #MFGM #DHA #PhatTrienLonKhon #SuaHoTroLonKhon",125,3,3,2026-05-11 21:36:20,unknown
https://www.facebook.com/reel/1640862560509687/,"NẰM NHÀ HAY ĐI XA, CÓ SỮA TƯƠI 100% HƯƠNG COCKTAIL, HÈ VUI TRỌN VẸN 
 
Dù chọn nằm nhà thưởng thức phim hay lên “chiến mã” đi xa cùng hội bạn, “linh hồn” của mọi cuộc vui mùa hè sao thiếu được Sữa tươi 100% phiên bản đặc biệt, được lấy cảm hứng từ cocktail kinh điển. Đặc biệt hơn khi mỗi hương vị mang đến một “mood” riêng cho kỳ nghỉ thêm trọn vẹn:
 
 Pina Colada: Dứa tươi mát hòa cùng dừa ngọt thanh - lựa chọn hoàn hảo để “F5” năng lượng và tận hưởng không khí nhiệt đới ở mọi nơi bạn đến.
 Bourbon Chuối Bơ Đậu Phộng: Chuối béo ngậy, đậu phộng bùi thơm “nuông chiều” ngày nghỉ tại gia đúng nghĩa!
☕ Cà Phê Ailen: Cà phê Ailen đặc trưng khơi dậy cảm hứng cho những câu chuyện tán gẫu bất tận cùng hội bạn thân.
 
 Hè này bạn lên “mood"" nào? Chia sẻ ngay cùng Vinamilk nhé!
 Mood nào cũng có Sữa tươi 100% hương cocktail nha: https://go.pencil.vn/CaPheAilen",96,1,6,2026-05-11 12:00:11,Video
https://www.facebook.com/reel/1535538214668046/,"Từ đàn bò được chăm dưỡng với thực đơn 20 loại cỏ hoa, Vinamilk Green Farm mang đến dòng sữa tươi thuần khiết. 

Kết hợp với Công nghệ Kép Hút Chân Không, giúp khóa tươi sữa tự nhiên, lưu giữ hậu vị cỏ hoa. 

#Vinamilk #GreenFarm #Suatuoihutchankhong #Vovevigiac",61,0,7,2026-05-11 07:18:04,Video
https://www.facebook.com/reel/829970733490134/,"Cùng là bữa ăn dặm của trẻ nhỏ, nhưng trong nhiều gia đình, đó lại là nơi bắt đầu của những khác biệt. Một bên là kinh nghiệm nuôi con tích lũy qua năm tháng của bà. Một bên là kiến thức khoa học, nguyên tắc cân đối dinh dưỡng, rõ vị của mẹ
 Liệu có hay không một phương pháp hoàn hảo nhất cho bé? Xem ngay video để biết câu trả lời!
#RidielacMoi #CanDoiDinhDuong #RoVi #NguyenLieuThat #BotDinhDuong #AnDam",25,0,1,2026-05-10 12:01:31,Video
https://www.facebook.com/vinamilkofficial/posts/pfbid02oFD5whqsP3VeuceqTEC15BmFThfEf5A7J7k2pW9RCNiyogcayD4isDutsP5C3PZ4l,"Bí quyết của các “mẫu” cường - giỏi đảm đương trong ngoài, gọi tên: Sữa đậu nành Vinamilk Cao Canxi!​

Đậu nành vừa lành, lại còn bổ với hàm lượng canxi nhiều nhất Việt Nam*. Mẹ uống 2 hộp 180ml mỗi ngày là đủ 50% nhu cầu canxi**!​

Muốn chắc khỏe, chắc chắn phải thử: 
https://bit.ly/SDN2111 ​

———— ​
(*) Theo kết quả nghiên cứu thị trường trong ngành hàng Sữa đậu nành tại Việt Nam, được thực hiện hằng năm từ ngày 20/01/2025.  ​
(**) Dựa trên lượng canxi khuyến nghị hằng ngày của Bộ Y Tế ​

#Vinamilk #CaoCanxiNhấtViệtNam #XươngChắcKhoẻ",50,1,4,2026-05-09 12:01:50,Photo
https://www.facebook.com/reel/4195778210661643/,"BỮA XẾ ĐỦ CHẤT
ĐỒNG HÀNH MỌI NƠI
 
Dù là đi học, đi picnic hay đến khu vui chơi yêu thích
Mỗi chuyến đi của bé đều là cuộc phiêu lưu khám phá thế giới 
 
Để bé luôn vững vàng trên mọi chuyến khám phá, mẹ đừng quên bổ sung đủ dưỡng chất cho bé mỗi ngày với sữa chua ăn SUSU
 Giàu dinh dưỡng: Vitamin A, B6, B12 và Canxi
 An toàn: Không phẩm màu, không chất bảo quản
 Khỏe toàn diện: Tiêu hoá tốt, đề kháng khoẻ, mắt sáng, và răng chắc
 
Cho bé đủ sức đi khám phá, có bữa xế SUSU đủ chất
Mẹ nhớ bảo quản lạnh để SUSU giữ trọn vị ngon và dưỡng chất 

Sắm ngay SUSU để đồng hành cùng bé đi muôn nơi ngay mom ơi!",28,0,6,2026-05-08 12:02:10,Video
https://www.facebook.com/vinamilkofficial/posts/pfbid02YeB7UaUm7Hwz9KaG9C6ytRRwruzwnuos5dFSK4Vb81cWSWrep1Y4dPs78QYuHt84l,"BỘ BA SỮA NGON - TINH KHIẾT
QUỐC TẾ CÔNG NHẬN - NHÀ MÌNH YÊN TÂM
 
Chuẩn toàn cầu cao đến đâu, Vinamilk vươn cao đến đó! Bằng chứng là bộ ba sữa dinh dưỡng Vinamilk Flex, Sữa dinh dưỡng, ADM vừa nhận cú đúp giải thưởng khắt khe trong ẩm thực thế giới. Mời cả nhà kiểm chứng:
 
 Clean Label Project – An Toàn & Tinh Khiết chuẩn Mỹ
Giải thưởng khẳng định sự an toàn, tinh khiết chuẩn Mỹ của sản phẩm. Để đạt được chứng nhận này, sản phẩm phải vượt qua hơn 400 tiêu chí đánh giá nghiêm ngặt, từ kiểm soát siêu vi nhựa, kim loại nặng đến các tạp chất không mong muốn với tiêu chuẩn khắt khe hơn cả quy định của Cục Quản lý Thực phẩm và Dược phẩm Mỹ (FDA).
 
 Superior Taste Award – Vị Ngon Thượng Hạng
Giải thưởng chỉ dành cho sản phẩm vượt qua nhiều tiêu chí cảm quan, chiều lòng trên 200 giám khảo là đầu bếp và chuyên gia ẩm thực uy tín quốc tế.
 
Với cú đúp giải thưởng quốc tế bảo chứng, bộ ba sữa dinh dưỡng Vinamilk tự tin đồng hành cùng cả nhà mỗi ngày.
-------------
(*) Các tiêu chí về điều kiện sản xuất (bao gồm kiểm nghiệm sản phẩm, kê khai thành phần, đánh giá mối nguy nguyên vật liệu…) và chất lượng sản phẩm (bao gồm không dư lượng kim loại nặng, không dư lượng siêu vi nhựa…)
 
#Vinamilk #SuadinhduongVinamilk #VinamilkADM #VinamilkFlex
#CleanLabelProject #SuperiorTasteAward #AnToanTinhKhiet #ViNgonThuongHang",20,0,3,2026-05-08 10:17:28,unknown
https://www.facebook.com/vinamilkofficial/posts/pfbid0KRQrGsPGTaAsKvFgyXUHdgdYBxLwYrJEzyUiUcTcv9uj8Bodzfo59nYps8VU6jaXl,"☀️ DEAL HOT THÁNG 5 – MÁT CẢ MÙA HÈ! 

Mùa hè đã tới, giải nhiệt ngay với những món giải khát từ sữa dinh dưỡng Vinamilk nhé bạn ơi! 
Từ trái cây dầm sữa ngọt mát đến sương sáo sữa thanh nhẹ - vừa ngon, vừa giải nhiệt, vừa dễ làm tại nhà.
 Đừng bỏ lỡ deal hời:
 MUA 1 THÙNG sữa dinh dưỡng Vinamilk ngẫu nhiên vị ít đường/ không đường/ A2 ít đường – TẶNG NGAY 2 bịch cùng loại bất kỳ
⏰ Áp dụng từ 01.05.2026 – 31.05.2026

Rước deal và lên ngay menu giải nhiệt mùa hè cùng Vinamilk nhé! 
#Vinamilk #SuaDinhDuongVinamilk #Mua1Tang2 

----------
Lưu ý: Chương trình không áp dụng tại các điểm bán Siêu thị, Cửa hàng tiện lợi, kênh thương mại điện tử và Cửa hàng Vinamilk trên toàn quốc.
Thông tin chi tiết: https://bit.ly/CTKD-05-2026",605,18,4,2026-05-08 08:32:46,Photo
https://www.facebook.com/reel/798534103140615/,"LÝ DO THAM GIA CHẠY CỦA BẠN LÀ GÌ? ‍♂️
Đường chạy Air Asia RedRun Đà Nẵng vừa qua không chỉ ghi dấu những bước chân, mà còn là nơi hội ngộ của ngàn lý do ""cực cháy"".
 
Dù bạn chạy để vượt qua giới hạn bản thân, chạy để nạp ""vitamin biển"" hay chạy để thoát khỏi deadline... thì mọi mục tiêu đều xứng đáng được tiếp sức.
 
Đó là lý do Vinamilk Sữa Hạt Cao Đạm luôn đồng hành cùng các runner, cung cấp nguồn đạm chất lượng giúp duy trì và phục hồi cơ bắp.
 
Bạn đã chạy cùng Sữa hạt Cao Đạm Vinamilk ngày hôm nay chưa? https://bit.ly/4hRuhNI
 
#Vinamilk  #SuaHatCaoDam  #AirAsiaRedRunDanang",54,8,0,2026-05-08 06:48:04,Video
https://www.facebook.com/vinamilkofficial/posts/pfbid02j3tVcveu8mVZo1d81uKkevnYiU4RVLYFZ8HvLFbvK8GJoJEGkrSF456B4WtH3ct9l,"CÔNG THỨC ĐƠN GIẢN
CHUẨN TIỆN - NGON - KHỎE 
Muốn một bữa sáng nhanh gọn mà vẫn ngon miệng? Thử ngay combo quen thuộc mà cực kỳ hợp: một bát yến mạch để qua đêm với Sữa tươi Vinamilk 100%, thêm trái cây yêu thích. Đơn giản vậy thôi mà đủ để bắt đầu ngày mới nhẹ nhàng, thoải mái.
 
3 bước pha chế thật đơn giản:
1️⃣ Trộn yến mạch với Sữa tươi Vinamilk 100% Ít đường 220ml
2️⃣ Đậy lại và để qua đêm trong tủ lạnh
3️⃣ Thêm trái cây yêu thích, trộn đều và thưởng thức ngay vào sáng hôm sau 
 
Chỉ cần vậy thôi là đủ ngon, đủ hấp dẫn để bạn “mở bát” ngày thật năng động rồi đó 
Còn bạn, bạn có công thức pha chế “bất bại” nào cùng Sữa tươi Vinamilk 100% không? Comment ngay cho Vinamilk biết vớiii",24,3,5,2026-05-07 13:17:26,Photo
https://www.facebook.com/vinamilkofficial/posts/pfbid06upYMaZkCzjqt3PdaknyBQRW2HruZnm3ejds6KD6VaEQtERCBmfcP8bGfPyAYvPvl,"GIEO MẺ HẠT MỚI​
PHƠI PHỚI CẢ NĂM ​

Mỗi ngày là một “mình” thật mới, chỉ nhờ thay đổi thật nhỏ.​
Phải lòng những bữa thanh đạm. ​
Đều đặn tập luyện sau giờ làm. ​
Dần dần, chọn tốt lành đã thành lựa chọn mặc định mà chẳng cần cố. ​

Cùng bạn đồng hành Sữa hạt Vinamilk ghé qua những điểm Sống Khỏe để giữ chuỗi và đón thành quả xứng đáng nhé!​​

#Vinamilk #Sua9LoaiHat #SuaHatCaoDam",156,2,7,2026-05-06 19:46:49,unknown
https://www.facebook.com/vinamilkofficial/posts/pfbid02mGRrchcjfVpivTim9wRp9SQVzTcj8bvj2bq9ocBM1FEsSHqK9hXmYhNr8bDJiXWwl,"LOA LOA LOA, VINAMILK CHIÊU MỘ “GƯƠNG MẪU”!​

Chỉ soi gương mà cũng được tuyên dương, chỉ có thể là phần thưởng từ Lò luyện ý chí Vinamilk!​

Thử thách 9 ngày giữ chuỗi thói quen tốt - duy nhất dành cho những ai kiên trì, dám thay đổi mỗi ngày.​

Tham gia với 3 bước đơn giản:​
 Gieo thói quen cùng Lò luyện ý chí: Ghé các Toà nhà văn phòng hoặc chi nhánh California Fitness & Yoga Center gần nhất để bắt đầu thay đổi. ​
 Giữ chuỗi ý chí - Nhận pin mỗi ngày: lưu lại khoảnh khắc nỗ lực và tán dương tinh thần dám thay đổi.​
 Gặt thành quả - Xứng danh gương mẫu: Đủ 9 ngày giữ chuỗi, gặt ngay thành quả với “túi thói quen tốt”.​

Ai cũng có thể vang danh trên Bảng vàng nhà hạt. Chỉ cần gieo thói quen, ắt gặt thành quả!​

#Vinamilk #Sua9LoaiHat #SuaHatCaoDam",88,0,4,2026-05-06 02:16:12,unknown
https://www.facebook.com/reel/1026628996690191/,"Vinamilk đoán… mẹ chỉ yên tâm khi nhà mình luôn có sẵn sữa lúc cần. Lúc bận là có ngay dinh dưỡng, chẳng mất công mua lắt nhắt. Vậy nên mua 1 lần, dùng lâu dài là tiện nhất cho mẹ. 
 
Tháng 5 Vinamilk lại có ưu đãi: MUA 1 THÙNG – TẶNG NGAY 2 BỊCH

 Từ 01.05.2026 đến 31.05.2026, mẹ được tặng 2 bịch cùng loại bất kỳ khi mua 1 thùng sữa dinh dưỡng Vinamilk ngẫu nhiên vị ít đường/không đường/A2 ít đường. 

Ghé tạp hóa gần nhà, tiện rước quà mẹ nhé!

Lưu ý: Chương trình không áp dụng tại các điểm bán siêu thị, cửa hàng tiện lợi, kênh thương mại điện tử và cửa hàng Vinamilk trên toàn quốc.

#Vinamilk #SuaDinhDuongVinamilk #Mua1Tang2 
 
----------
Thông tin chi tiết: https://bit.ly/CTKD-05-2026
Lưu ý: Chương trình không áp dụng tại các điểm bán Siêu thị, Cửa hàng tiện lợi, kênh thương mại điện tử và Cửa hàng Vinamilk trên toàn quốc.",93,0,1,2026-05-05 08:45:35,Video
https://www.facebook.com/reel/1277562964588425/,"Ai cần động lực - ai chọn thay đổi​

Thành phiên bản mới - tốt hơn mỗi ngày?​

Nhanh trí ghi danh tại Lò Luyện Ý Chí - đến từ Sữa Hạt Vinamilk! Cùng đón chờ và tán dương tinh thần dám thay đổi nhỏ, gặt thành quả lớn của chính bạn nhé!​

#Vinamilk #SữahạtVinamilk",43,2,2,2026-05-04 12:23:12,Video
https://www.facebook.com/reel/2097145800834679/," Thắc mắc về chất lượng sữa bột con uống mỗi ngày, các phụ huynh kỹ tính nhất đã tự mình đến kiểm chứng nhà máy Vinamilk.

Những cái gật đầu hài lòng của phụ huynh sau khi “mắt thấy - tai nghe” quy trình tự chủ, hiện đại và khép kín của từng lon sữa chính là lời khẳng định chất lượng đắt giá nhất với đội ngũ Vinamilk. 

Điều gì ở nhà máy đã chinh phục được những người kỹ tính nhất?

 Cùng khám phá ngay bên dưới nhé! 

#Vinamilk #Suabottrem #AnToanTinhKhiet",44,1,3,2026-05-05 08:33:17,Video
https://www.facebook.com/reel/1630885128138016/,"Thạch phô mai que cao canxi SuSu - ĐÃ NGON, CÒN GIÚP BÉ CAO LỚN! 

 Chính là nhờ Bộ Ba Cứng Cáp đấy bố mẹ ơi! Khám phá ngay về Bộ Ba cực đỉnh này nào:
  x3 Canxi* hỗ trợ xương, răng chắc khỏe
  x2,3 Vitamin D3* hỗ trợ hấp thụ tốt Canxi
  x2,4 Vitamin K2* hỗ trợ gắn Canxi vào xương

 Sản phẩm đã có mặt toàn quốc!

Bố mẹ hãy ghé ngay cửa hàng Vinamilk, siêu thị và tạp hoá trên toàn quốc để rinh ngay món quà dinh dưỡng cho bé!

Hoặc mua hàng Online tại  https://www.vinamilk.com.vn/products/thach-pho-mai-que-vinamilk-susu-vi-kem-sua

#SuSu #ThachPhoMaiQue #ThachPhoMaiQueCaoCanxi

*So giữa 100 gram Thạch phô mai que cao Canxi vị kem sữa/ vị sữa dâu Vinamilk SuSu với 100 gram Sữa tươi tiệt trùng tổ yến Vinamilk Green Farm tổ yến",617,34,23,2026-05-03 03:30:12,Video
https://www.facebook.com/vinamilkofficial/posts/pfbid0m1uSjjVmnU89SZSE9yDXrNdsEPFJkBuJyGU4sxo87AKwfyB1xbi5JpsvoGwijSqSl," DEAL HỜI DỊP LỄ – MUA 1 ĐƯỢC 2 

Lễ 01.05 này cả nhà có kế hoạch vui chơi gì chưa mẹ ơiii? Để bé yêu và cả nhà luôn dồi dào năng lượng, mẹ sắm sẵn sữa dinh dưỡng Vinamilk – vừa dinh dưỡng, vừa dễ dùng và tiện mang theo mẹ nhé!

 Tranh thủ ngay ưu đãi dịp lễ từ Vinamilk
 Từ 01.05.2026 - 31.05.2026, mẹ được tặng 2 bịch cùng loại bất kỳ khi mua 1 thùng sữa dinh dưỡng Vinamilk ngẫu nhiên vị Ít đường/ Không đường/ A2 Ít đường  

#Vinamilk #SuaDinhDuongVinamilk #Mua1Tang2
----------
Lưu ý: Chương trình không áp dụng tại các điểm bán Siêu thị, Cửa hàng tiện lợi, kênh thương mại điện tử và Cửa hàng Vinamilk trên toàn quốc.
Thông tin chi tiết: https://bit.ly/CTKD-05-2026",2147,15,1,2026-04-30 21:33:56,Photo
https://www.facebook.com/vinamilkofficial/posts/pfbid0DABM4o8rha4nBRkFR5Nonetsh8ej5shAgnC8YYw2oeoGsEHEMFGtdCLdSWWcqFXal," Ăn dặm vui – Khui quà xịn cùng Ridielac! 

Hành trình ăn dặm của bé sẽ thêm hào hứng với mỗi hộp Ridielac! Không chỉ mang đến bữa ăn ngon, đủ đầy dinh dưỡng, Ridielac còn dành tặng bé yêu những món quà nhỏ xinh để giờ ăn, giờ chơi thêm phần thú vị 

 Quà xinh cho bé đang chờ đợi:
• Mua 1 hộp  tặng Đĩa ăn dặm xinh xắn giúp bé hào hứng làm quen với món mới (Áp dụng tại AVAKids).
• Mua 1 hộp  tặng Bộ 2 thìa ăn dặm mềm mại, nâng niu nướu xinh của bé (Áp dụng tại Con Cưng).
• Mua 2 hộp  tặng Đồ chơi lục lạc vui nhộn, cho bé vừa học vừa chơi thật thích thú (Áp dụng tại cả Con Cưng và AVAKids).

Chăm bữa ăn đầu đời, còn nhận thêm quà yêu – mẹ đừng bỏ lỡ nhé!

⏰ Chương trình diễn ra đến hết 31/05/2026
 Săn quà cho bé ngay hôm nay!

#RidielacMoi #CanDoiDinhDuong #RoVi #NguyenLieuThat #BotDinhDuong #AnDam",21,0,5,2026-04-28 15:37:41,Photo
https://www.facebook.com/vinamilkofficial/posts/pfbid0SVpirVgKGXttbdzAnoDZfKkF5QkHxGo1LnYRcAQPs6aCVm7ZJxCTGMaHFvSYbRE1l,"FLEX KHÔNG ĐƯỜNG - THƠM NGON THUẦN VỊ SỮA  ​
Nếu bạn thuộc team:​

 Thích sữa nhưng ngại đường ​
 Muốn đủ chất nhưng sợ nặng bụng​
 Mê latte nhưng cần giữ dáng​
Thì Vinamilk xin flex nhẹ Sữa dinh dưỡng Flex - chân ái vừa ngon, vừa dinh dưỡng, vừa đủ nhẹ:​

 Nhẹ vị, không thêm đường saccarozo, chỉ có vị ngọt thuần vị sữa, nhạt thanh đúng gu.
 Nhẹ bụng, không lactoza, dễ tiêu hóa, đặc biệt phù hợp cho người không dung nạp.​
Nhẹ dáng khỏe xương nhờ công thức tăng 70% Canxi, giảm 50% béo (#).​

Thêm nhẹ hôm nay, thử ngay cùng Flex: https://www.vinamilk.com.vn/products/sua-free-lactose-flex?pack=180ml&size=Th%C3%B9ng+48+h%E1%BB%99p​
—--------​
# So với Sữa dinh dưỡng không đường - Vinamilk",1102,27,11,2026-04-26 09:41:26,Photo
https://www.facebook.com/reel/1143003837967035/,"BÉ ÊM BỤNG - DỄ TIÊU NHỜ ĐẠM A2

Hệ tiêu hóa non nớt của con cần dinh dưỡng dịu nhẹ nhất. Vì vậy mẹ cần chọn loại sữa vẹn đôi đường, vừa cung cấp dinh dưỡng, vừa hỗ trợ bé tiêu hóa, hấp thu dễ dàng.
Sữa dinh dưỡng Vinamilk không chỉ giúp bé mắt sáng - xương khỏe, lại còn dễ tiêu hoá*, thêm êm chiếc bụng nhờ bổ sung Đạm A2 - 100% từ Mỹ.

Vinamilk đang có sẵn deal hời:
 Từ 07.04.2026 - 30.04.20206, mẹ mua 1 thùng sữa dinh dưỡng Vinamilk bất kỳ vị Không đường/ Ít đường/ A2 Ít đường - Được tặng ngay 2 bịch Sữa dinh dưỡng Vinamilk A2 Ít đường (#)

Mẹ tranh thủ cho bé thử ngay, để bụng “chấm điểm” Sữa dinh dưỡng A2 mẹ nhé!
#Vinamilk #SuadinhduongVinamilk #SuadinhduongVinamilkA2
-------
*So với đạm A1
(#) Chương trình không áp dụng tại các điểm bán Siêu thị, Cửa hàng tiện lợi, kênh thương mại điện tử và Cửa hàng Vinamilk trên toàn quốc.
Thông tin chi tiết: https://bit.ly/CTKD-04-2026",152,11,5,2026-04-24 03:45:11,Video
https://www.facebook.com/vinamilkofficial/posts/pfbid0etCzweKp5y2jxwgvtPXgpFp3Wihp45vbZN1aP1AJ1zVpTFooqjng7f9E5Q9CsczRl,"MUA RIDIELAC – NHẬN HÀNH TRANG SẴN SÀNG CHO BÉ KHÁM PHÁ

Hành trình khám phá thế giới ăn dặm của bé luôn bắt đầu từ những muỗng ăn đầu đời – nơi mỗi trải nghiệm nhỏ đều rất quan trọng 

Ridielac đồng hành cùng bé trong mỗi bữa ăn dặm, giúp bé ăn ngon mỗi ngày với cân đối dinh dưỡng – rõ vị từ nguyên liệu thật để bé yên tâm khám phá muôn vị mỗi ngày

Để hành trình ăn dặm thêm trọn vẹn, mẹ đừng bỏ lỡ ưu đãi hấp dẫn từ Ridielac 
Mua 1 Hộp   Tặng Thìa ăn dặm giúp bé dễ dàng làm quen muôn vị 
Mua 2 Hộp  Tặng Đĩa ăn dặm cho bữa ăn gọn gàng
 Chuẩn bị sẵn hành trang dành cho bé ngay nào mẹ ơi!

 Áp dụng khi mua các sản phẩm Ridielac tại siêu thị & cửa hàng Vinamilk trên toàn quốc
⏰ Thời gian: đến hết 09/05/2026",30,0,4,2026-04-23 18:00:58,Photo
https://www.facebook.com/vinamilkofficial/posts/pfbid02bhRXCk45h7sPm6DHrjrd5eXQ9pzfcLLAu9zkRwQHVvBpNGw7yWVe493ySkUQJxWEl," DEAL HỜI CÓ SẴN - SẮM SỮA NGAY MẸ ƠI!

Sáng bận rộn, tối về muộn, nhưng nhà mình luôn có sữa - không bao giờ lo thiếu! Sắm sữa ngay để phục vụ sức uống của gia đình nhé mẹ ơi!!! Vinamilk đang sẵn ưu đãi:

 Mua 1 thùng Sữa Dinh Dưỡng Vinamilk bất kỳ vị Ít đường/ Không đường/ A2 Ít đường
 Tặng 2 bịch Sữa Dinh Dưỡng A2 Ít Đường

⏰ Áp dụng: 01.04 – 30.04.2026
 Mẹ ơi ghé tạp hóa ngay – rinh deal sữa về liền tay nha!

#Vinamilk #SuaDinhDuongVinamilk #Mua1Tang2
---------- 

Thông tin chi tiết: https://bit.ly/CTKD-04-2026 

Lưu ý: Chương trình không áp dụng tại các điểm bán Siêu thị, Cửa hàng tiện lợi, kênh thương mại điện tử và Cửa hàng Vinamilk trên toàn quốc.",617,0,6,2026-04-23 08:16:46,Photo
https://www.facebook.com/vinamilkofficial/posts/pfbid037sBq4en4BvMJ5Nep7cDWVvxxpkUwayP4BhW41Lso6ck35MFwjwMYrsQ6anjij67il,"Không phải tự nhiên mà Vinamilk chọn toàn quyền kiểm soát trong sản xuất bằng việc sở hữu tháp sấy riêng, duy nhất tại Việt Nam. Chúng tôi làm thế là vì những “cái nhất” sau:

- Công thức chuẩn xác nhất, được “may đo” cho thể trạng trẻ em Việt.

- Chất lượng đồng nhất trong mọi mẻ sữa.

- Nhà nhà nhất nhất yên tâm khi sữa cho con luôn là tinh khiết nhất.

#Vinamilk #Suabottreem #AnToanTinhKhiet #Thapsaysuabot",192,1,29,2026-04-22 22:32:33,unknown
https://www.facebook.com/reel/1710133433480908/,"TIỆC CHIỀU ĐA VỊ, DINH DƯỠNG ĐỦ ĐẦY

Chẳng cần đi đâu xa, ở nhà vẫn có ngay tiệc chiều chuẩn “5 sao"" cho mọi bữa xế vừa ngon, vừa tiện. Đừng bỏ qua thực đơn 3 món: 1 bánh - 2 nước siêu đơn giản này bạn nha!

 Matcha Sữa Bắp Coldwhisk: Bản giao hưởng giữa hương thơm của matcha và vị ngon thanh dịu từ sữa tươi Bắp Mỹ.

 Smoothie Dưa Lưới Bạc Hà: “Siêu phẩm” giải nhiệt với vài lá bạc hà tươi và sữa chua Vinamilk không đường. Kết hợp với Sữa tươi Vinamilk 100% vị Dưa Lưới cho hương vị thanh mát bùng nổ, vừa healthy lại còn sảng khoái!

 Mousse Sôcôla Yến Mạch: Cú chạm vị giác đầy mê hoặc với vị sôcôla đậm đà từ Sữa tươi tách béo sôcôla với gấp 2.5 lần hàm lượng sôcôla*, hòa quyện cùng yến mạch bùi bùi.

Vừa ngon miệng, vừa dễ làm, ngại gì mà không tự thưởng cho mình một bữa trà chiều đúng chill từ những nguyên liệu này nhỉ?  http://bit.ly/4mJxWzK

*Tăng hơn 2,5 lần lượng cacao so với sản phẩm Sữa tươi tiệt trung Sôcôla nhãn hiệu Vinamilk 100% Sữa tươi.",161,1,11,2026-04-22 12:48:21,Video
https://www.facebook.com/vinamilkofficial/posts/pfbid026sCSGFutf4DqkVPZhHzSWB4kAy9bCKDSRQV2wDhZdqX8TKAd3FoFcnb4fYa7dZhyl,"NHẬT KÝ CHĂM BÉ: LẦN ĐẦU CON BẮT CHƯỚC MẸ
 
Mẹ có còn nhớ lần đầu bé bắt chước 
Lắc lắc bàn tay khi thấy mẹ vẫy tay 
Hay bập bẹ “bà bà” y chang lời mẹ 
Những cử chỉ nhỏ đó chính là biểu hiện của một kỹ năng vô cùng quan trọng!
 
 Bắt chước là cách bé bắt đầu tiếp nhận thông tin, học hỏi và mở to thế giới. Kỹ năng chỉ diễn ra trong vòng vài năm đầu đời, nên mẹ cần đồng hành cùng bé luyện tập mỗi ngày.
 
Để duy trì thói quen tốt này, Sữa Chua Cream Sữa Tươi Vinamilk SUSU với lợi khuẩn Bifidobacterium hỗ trợ hệ tiêu hoá khoẻ. Từ đó, bé thoải mái học hỏi kỹ năng mới mà không lo bị gián đoạn bởi những vấn đề tiêu hoá.
 
Để mỗi lần bé bắt chước là một lần con yêu vươn mình khám phá thế giới, thử ngay SUSU mẹ nhé!",598,1,5,2026-04-22 00:24:52,GenericAttachmentMedia
https://www.facebook.com/reel/4262551734059980/,"ĂN 1 HŨ THÔI CŨNG ĐẸP 100%, TIN ĐƯỢC KHÔNG?

Mê nhai mê đẹp thì cứ tin sữa chua nha đam Vinamilk:
Nhai nhai topping nha đam to đã miệng là vui cả buổi.
Nhâm nhi chất sữa chua dẻo mịn, mát rượi là tươi cả ngày.
Bụng ưng, miệng chịu, tâm trạng tốt là 100% đẹp!
 
Trải nghiệm ngay Sữa chua Nha đam Vinamilk - có mặt tại các kênh bán hàng trên toàn quốc!",29,0,3,2026-04-21 12:01:23,Video
https://www.facebook.com/vinamilkofficial/posts/pfbid0K9FPcsgd4NSKKQnUtkm1fwYBkAuUxhcP9a9n3ZU23oZkYk2deQ2WBTqvy9ZPg4WGl,"PHÔ MAI MỚI LÊN ĐỒ
Vẫn là phô mai thơm mịn bắt miệng, nhưng trong lớp áo mới xinh bắt mắt!
Chần chờ gì mà không thử một miếng, kết hợp ơi là hợp với đủ món từ bánh mì đến trái cây!
 
Phô mai Vinamilk đã đồng loạt lên đồ, lên kệ - Mời cả nhà rước về ngắm nghía rồi nhâm nhi!",120,11,9,2026-04-20 08:31:14,Photo
https://www.facebook.com/reel/1446587650552072/,"Theo chân Mẹ kiểm chứng ""từ A đến Z"" các khâu làm ra một lon sữa bột Vinamilk đạt chuẩn an toàn & tinh khiết quốc tế.

#Vinamilk #Suabottreem #HanhtrinhKiemchung #MotngaytaiNhamay",372,16,53,2026-04-19 05:01:05,Video
https://www.facebook.com/reel/1567955782002856/,"Cùng mẹ kiểm chứng quy trình ""tầng tầng lớp lớp"" kiểm duyệt tại nhà máy sản xuất sữa bột lớn nhất của Vinamilk.

#Vinamilk #Suabottreem #HanhtrinhKiemchung #MotngaytaiNhamay #migideiii",2147,60,222,2026-04-18 05:01:00,Video
https://www.facebook.com/reel/1600369204587634/,"Cùng khám phá quy trình sản xuất sữa bột khép kín, tự động hóa trên 90% để hiểu vì sao Vinamilk trở thành nơi Mẹ Shin gửi gắm niềm tin nhé!

#Vinamilk #Suabottreem #HanhtrinhKiemchung #MotngaytaiNhamay",475,15,90,2026-04-17 13:03:05,Video
https://www.facebook.com/vinamilkofficial/posts/pfbid0e9WLGQDw6JQbE9NkgeZwcPhg4yUpwn17Qqxz2bSjpkxq62zgdcw9FQD11pEuF1ubl,"NHẬP TIỆC NHẸ TÊNH VỚI 6 CHỦNG MEN LỢI KHUẨN
 
Sữa chua uống Green Farm đã có mặt tại thương hiệu lẩu bò tươi Triều Châu TIAN LONG. Cùng “cốt” lên kèo ăn lẩu bò tươi tuyệt đối, chuẩn gu sành và nhận sữa chua uống sánh mịn, chua béo ngọt lành ngay nào.
 
Với 6 chủng men và lượng lợi khuẩn cao gấp 3 lần so với mức tối thiểu* của sữa chua thông thường, sữa chua uống sệt Green Farm hỗ trợ cân bằng hệ vi sinh đường ruột, giúp bạn nhập tiệc mà vẫn nhẹ bụng, thoải mái.
 
Chương trình áp dụng tại toàn bộ hệ thống TIAN LONG Hồ Chí Minh, mời bạn ghé qua!

*Theo tiêu chuẩn quốc gia CODEX

#Vinamilk #GreenFarm #Suachuauong #6chungmen #TianLong #LauBoTuoiTrieuChau",91,19,27,2026-04-17 10:15:21,unknown
https://www.facebook.com/reel/2426072877846410/,"SỮA TƯƠI VINAMILK 100% - ĐA VỊ - THÍCH GÌ CŨNG CÓ - SỮA TƯƠI PHẢI THẾ! 

⭐️ Sữa tươi Vinamilk 100% không chỉ ngon mà còn đạt Bộ đôi giải thưởng Chứng nhận An toàn và Tinh khiết Mỹ Clean Label Project và Giải thưởng Vị ngon thượng hạng Superior Taste. 

✅Không sử dụng hormone tăng trưởng. 
✅Không sử dụng chất bảo quản. 
✅Không dư lượng thuốc trừ sâu. 
✅Không dư lượng thuốc kháng sinh. 
✅Không dư lượng kim loại năng. 

 Nay thêm nhiều vị mới.

#Vinamilk #Suatuoi100 #tuoimoingay",927,16,44,2026-04-17 07:27:38,Video
https://www.facebook.com/vinamilkofficial/posts/pfbid021FKDyVnQQDa1EYxn6DkcE3ytGwrkFkiY8gxVR7cqQwywrX3e1X8SycyAgmAo4fXQl,"BỤNG BÉ ÊM RU 
THA HỒ HẤP THU DINH DƯỠNG

Hệ tiêu hóa non nớt luôn cần được yêu chiều đúng cách để bé hấp thu tốt và lớn khỏe mỗi ngày, cùng sữa dinh dưỡng Vinamilk A2. (*)

 Êm dịu cho chiếc bụng nhỏ của bé nhờ đạm sữa A2 dễ hấp thu.
 Cùng mẹ chăm cho bé mắt sáng, xương khỏe, với trợ thủ chất xơ hòa tan và bộ ba vitamin - khoáng chất.

 Tranh thủ deal hời - Mua 1 được 2!
 Từ 07.04.2026 - 30.04.20206, mẹ mua 1 thùng sữa dinh dưỡng Vinamilk bất kỳ vị Không đường/ Ít đường/ A2 Ít đường - Được tặng ngay 2 bịch Sữa dinh dưỡng Vinamilk A2 Ít đường (**)

#Vinamilk #SuadinhduongVinamilk #SuadinhduongVinamilkA2
----------
(*) Dành cho người hơn 3 tuổi. 
(**) Chương trình không áp dụng tại các điểm bán Siêu thị, Cửa hàng tiện lợi, kênh thương mại điện tử và Cửa hàng Vinamilk trên toàn quốc.
Thông tin chi tiết: https://bit.ly/CTKD-04-2026",965,9,6,2026-04-16 01:08:39,Photo
https://www.facebook.com/vinamilkofficial/posts/pfbid0RzZAGBQiTxCJFYZiz3y71ZEPstKdoZVY3w323yxTeiv2AGfGx779Ss3c5iH9ZLP9l,"Đi làm văn phòng, tưởng không nặng mà lại nặng không tưởng!​

Để bạn thong thả cân từ deadline đến họp hành, Vinamilk đề xuất ứng cử viên “nặng ký” - Sữa đậu nành Cao Canxi! Với hàm lượng canxi nhiều nhất Việt Nam*, chỉ 2 hộp 180 ml mỗi ngày là đủ ½ nhu cầu canxi**, cho xương chắc khỏe!​

Chắc chắn không thể bỏ qua: https://bit.ly/SDN2403

--------​

(*) Theo kết quả nghiên cứu thị trường trong ngành hàng Sữa đậu nành tại Việt Nam, được thực hiện hằng năm từ ngày 20/01/2025.​

(**) Dựa trên lượng canxi khuyến nghị hằng ngày của Bộ Y Tế​

#Vinamilk #CaoCanxiNhấtViệtNam #XươngChắcKhoẻ",50,1,6,2026-04-14 18:49:41,Photo
https://www.facebook.com/reel/2454672924992698/,"BỤNG KHOẺ DỄ TIÊU​
CHIỀU LÒNG BÉ IU​

Bé biếng ăn, dễ quấy khóc làm mẹ thấy bối rối?​
Có thể là do bụng nhỏ khó tiêu làm bé trở nên khó chiều!​

 Để dịu lòng bé iu, mẹ có thể lựa chọn Sữa Chua Cream Sữa Tươi Vinamilk SUSU với lợi khuẩn Bifidobacterium chất lượng, cùng thành phần tự nhiên từ Sữa tươi nguyên chất thanh trùng và Cream sữa tươi an toàn. ​

✨Nhờ đó, hệ tiêu hoá thêm vững vàng, tạm biệt tình trạng khó tiêu, đầy bụng, táo bón,... để bé ăn uống ngon miệng và thêm khỏe mạnh. ​

Chọn ngay sữa chua ăn SUSU - chăm bẵm hệ tiêu hóa đầu đời, bé ăn ngoan hẳn raaa!",424,0,5,2026-04-13 12:30:43,Video
https://www.facebook.com/reel/932943299514516/,"Không phải sản phẩm dán mác ""Hữu cơ"" nào cũng có logo ""EU Organic"" danh giá cùng số hiệu chứng nhận đặt chễm chệ trên bao bì. Mời bạn một ly sữa tươi Organic Châu Âu và khám phá những tiêu chuẩn khắt khe đằng sau dòng sữa óng ánh sánh mịn này. ​

 #Vinamilk #GreenFarm #EUOrganic",35,0,6,2026-04-13 12:00:29,Video
https://www.facebook.com/reel/894967666901433/,"DEAL HỜI MỚI VỀ, MỜI MẸ TỚI LẤY! 
 
Sữa ngon sẵn kệ, quà xịn sẵn tay, mẹ xem ngay lịch để không bỏ lỡ deal “ngon và bổ” từ Sữa dinh dưỡng Vinamilk nhé: 
 
 Deal Tháng 4 (07.04 – 30.04.2026): 
Tặng thêm 02 bịch Sữa Dinh Dưỡng A2 Ít Đường (khi mua 1 thùng Sữa Dinh Dưỡng Ít Đường / Không Đường / A2 Ít Đường)  
 
Mua ngay tại tạp hóa gần nhất kẻo lỡ deal hời Mẹ ơi! 
#Vinamilk #SuaDinhDuongVinamilk #Mua1Tang2  

----------  
Thông tin chi tiết: https://bit.ly/CTKD-04-2026 
Lưu ý: Chương trình không áp dụng tại các điểm bán Siêu thị, Cửa hàng tiện lợi, kênh thương mại điện tử và Cửa hàng Vinamilk trên toàn quốc.",692,19,8,2026-04-13 04:17:58,Video
https://www.facebook.com/vinamilkofficial/posts/pfbid021NxcmgcdPVTthnHprn3t5YWNbSkJj9pRy7dJS5bGMkdQ9Ga2TuBp5UxhD52ZcuMal," CHỐT DEAL LIỀN TAY – LỜI THÊM DINH DƯỠNG  
Không cần săn sale, không cần canh giờ – Sữa Dinh Dưỡng Vinamilk chính thức tung ưu đãi cực đã:  
 MUA 1 THÙNG - TẶNG NGAY 2 BỊCH   
Thời gian áp dụng:  
⏰ 07.04.2026 – 30.04.2026  
✨  Tặng 2 bịch Sữa Dinh Dưỡng A2 Ít Đường  (khi mua 1 thùng Sữa Dinh Dưỡng ngẫu nhiên vị  Ít Đường / Không Đường / A2 Ít Đường)  
 
Ghé ngay tạp hóa, rước về dinh dưỡng nhé bạn ơiii   
#Vinamilk #SuaDinhDuongVinamilk #Mua1Tang2  
----------  
Thông tin chi tiết: https://bit.ly/CTKD-04-2026 
Lưu ý: Chương trình không áp dụng tại các điểm bán Siêu thị, Cửa hàng tiện lợi, kênh thương mại điện tử và Cửa hàng Vinamilk trên toàn quốc.",3269,40,7,2026-04-10 14:45:16,Photo
https://www.facebook.com/vinamilkofficial/posts/pfbid02feYcthr9a7YKcZAAS6vyXctwnQodVjsLyt5uuh98iHFMd2sarj2U3z7p2oQb7ARyl,"Gơn phố đời đầu xuống phố.
Làm vài lon Kombucha deee, ngon phải nói í.
 
#HAYĐẤY #KOMBUCHAKIEUMOI",474,7,9,2026-04-08 01:12:34,GenericAttachmentMedia
https://www.facebook.com/reel/983191380797571/," Tin vui nhất đầu hè tới rồi đây bố mẹ ơi!​
THẠCH PHÔ MAI QUE CAO CANXI SUSU ĐÃ PHỦ ĐẦY KỆ HÀNG TOÀN QUỐC!​
​
Mỗi que thạch phô mai que SuSu không chỉ dẻo mềm, núng nính cực nịnh miệng, mà còn bổ sung cho bé dưỡng chất từ Bộ Ba Cứng Cáp* và chất xơ hỗ trợ đường ruột hiệu quả. ​
​
 Ghé cửa hàng Vinamik gần nhất để rinh ngay thôi cả nhà ơi!!! ​
Thạch phô mai que SuSu Vị Kem Sữa | Vinamilk​
​
#SuSu #ThachPhoMaiQue #ThachPhoMaiQueCaoCanxi​
*Bộ Ba Cứng Cáp gồm Canxi - Vitamin D3 - Vitamin K2 hỗ trợ bé cao lớn & giúp xương răng chắc khoẻ hơn.",376,22,33,2026-04-05 11:39:53,Video
https://www.facebook.com/vinamilkofficial/posts/pfbid0zRvBqYEDVQWKCwUvfi3kU1NoQzmsjGEPUzTBbzQBVK2u8juLne9MbZdcwqLmfif2l,"FLAN SỮA BẮP HANDMADE 
 BIẾN TẤU “MÓN QUEN"" NGON SỐ DZÁCH!

Bánh flan vị cũ ăn đã đủ ngán? 
 Note ngay công thức đổi vị bánh flan với sữa tươi Vinamilk 100% vị Bắp Mỹ cho mới lạ bạn ơiii 
 Nguyên liệu siêu dễ tìm: trứng gà, vani, đường, sữa đặc và đặc biệt không thể thiếu 3 hộp Sữa tươi Vinamilk 100% vị Bắp Mỹ. 

 Làm bánh cực chill chỉ với 3 bước đơn giản: 
1️⃣ Caramel: Đun đường với nước trong lửa nhỏ, không khuấy.  Khi đường chuyển màu cánh gián, thêm nước nóng và lắc đều rồi rót vào khuôn, để ngăn mát cho đông.
2️⃣ Hỗn hợp flan: Khuấy nhẹ trứng với đường và sữa đặc. Hâm ấm Sữa tươi Vinamilk 100% vị Bắp Mỹ rồi đổ từ từ vào trứng, vừa đổ vừa khuấy nhẹ. Thêm vani và lọc qua rây để flan mịn.
3️⃣ Hấp bánh: Rót hỗn hợp sánh mịn vào khuôn, hấp lửa nhỏ vừa khoảng 20 phút là có ngay “siêu phẩm"" để thưởng thức!
Sữa tươi vị Bắp thơm bùi, sánh mịn chắc chắn sẽ giúp nâng cấp món bánh flan của bạn thêm muôn phần ngon hơn!

Biến tấu món flan theo kiểu mới cùng Sữa tươi Vinamilk 100% nha https://bit.ly/4mbKIXI

#Vinamilk #SữatươiVinamilk100% #VịBắp #FlanSữabắp",3632,12,36,2026-04-04 17:16:53,Photo
https://www.facebook.com/vinamilkofficial/posts/pfbid02oCb3Kc6BG7w1HbZXpUSo3RLVJP7wAHYM5kYstL1dgJLrfh6uP7QUfEZxfhV8Ga8hl,"Từ thương hiệu Ngôi Sao Phương Nam nổi danh hàng đầu tại kênh quán, Vinamilk tự hào ra mắt sản phẩm hoàn toàn mới - KEM SỮA ĐÁNH TIỆT TRÙNG (WHIPPING CREAM). 
Với hương thơm sữa tự nhiên cùng hàm lượng béo 35%, kem sữa đánh tiệt trùng Ngôi Sao Phương Nam mang đến điểm nhấn cho mọi món ngon của bạn.
 
Mời bạn ghé mua ngay!
 
#NgôiSaoPhươngNam #NSPN #KemSữaĐánhTiệtTrùng #WhippingCream",367,57,35,2026-04-03 22:53:53,Photo
https://www.facebook.com/reel/26627441816945310/,"Trên mọi đường đua, tốc độ là chính, nhưng sức bền là mười 

Mang theo “đạm dự phòng” Sữa hạt Cao Đạm, các “đồng run” đã bền bỉ về đích tại VNExpress Marathon Hồ Chí Minh.

Cùng xem 12g đạm chất lượng đã tiếp sức cho “đồng run” như thế nào nhé!

#Vinamilk #SuaHatCaoDam#VNExpressMarathon",30,0,5,2026-04-03 04:30:54,Video
https://www.facebook.com/vinamilkofficial/posts/pfbid02Loa5nQTgSuyuzzYsSFmfAHz8QtY1DGdgXeYgAyzw4xUfNoVDAHYAJHKXPehhTd96l,"Vẫn là Green Farm Organic bạn tin dùng, nhưng nay làm rõ hơn 3 điểm tự hào để bạn càng yên tâm:​
​
Chuẩn Organic Châu Âu ​
100% sữa tươi hữu cơ ​
10 tiêu chí hữu cơ nghiêm ngặt​
​
Óng ánh kem sữa. Sánh mịn ngọt lành. Vỗ về vị giác.​
#Vinamilk #GreenFarm #EUOrganic",85,15,11,2026-04-02 15:21:23,unknown
https://www.facebook.com/vinamilkofficial/posts/pfbid02cwwPx5ZLHeVLvw3yscZx7UUzm2f7JTkvtcCRENWZwgx28W33DedhEmKyidf5m9Ubl,"TĂNG CƯỜNG ĐỀ KHÁNG  
VỮNG VÀNG MÙA NỒM ẨM​
​
️ Mùa nồm ẩm tới, thời tiết ẩm ương dễ khiến sức khỏe lung lay. ​Muốn cơ thể vững vàng, đề kháng nhất định phải ưu tiên.​
​
 +1 combo Probi và Sữa chua Vinamilk để bổ sung lợi khuẩn cùng các Vitamin nhóm B, Lysin, Kẽm giúp cả nhà vừa êm bụng, vừa tăng cường sức đề kháng.​
​
 Chăm chỉ bồi bổ mỗi ngày để thêm vững vàng mùa nồm ẩm, bạn nhé!",278,8,5,2026-04-02 02:11:52,Photo
https://www.facebook.com/reel/1454829886085291/,"NGẠI GÌ NẮNG MƯA BỤI BẨN, KHI ĐÃ CÓ PROBI MỖI NGÀY!
Probi giảm đường ít ngọt cùng hàng tỷ lợi khuẩn từ Đan Mạch hỗ trợ giảm đến 40% số ngày cảm cúm*
Êm ruột để vui khỏe trọn hè!
(*) Lợi khuẩn L. CASEI 431™ trong Probi được nghiên cứu lâm sàng hỗ trợ giảm đến 40% số ngày xuất hiện các triệu chứng cảm cúm khi kết hợp cùng vắc-xin cúm.
#ProbiGiamDuongItNgot #Cong1ProbiMoiNgay #Emruotnuotdoi",1962,0,7,2026-04-01 13:02:21,Video
https://www.facebook.com/reel/1270294614477645/,"Ăn dặm thế nào mới là cân đối dinh dưỡng?

Ăn dặm không chỉ là bước đầu cho bé làm quen với muôn vị, đủ món. Đây còn là giai đoạn vàng để đặt nền tảng cho sức khỏe thể chất  và phát triển trí não  trong những năm đầu đời.
 Cùng xem video để hiểu sâu về một bữa ăn dặm cân đối dinh dưỡng cho bé nhé!

#RidielacMoi #CanDoiDinhDuong #RoVi #NguyenLieuThat",18,0,2,2026-04-01 12:02:35,Video
https://www.facebook.com/reel/2019840141979904/,"Tin vui dành cho hội mê sữa tươi hậu vị cỏ hoa, phiên bản nguyên chất không đường: Size mini đã ra mắt! Bỏ túi ngay tại https://bit.ly/3PXUCjz!

#Vinamilk #GreenFarm #Vovevigiac",39,7,10,2026-04-01 11:17:51,Video
https://www.facebook.com/vinamilkofficial/posts/pfbid03ViKwwUa9a2HK6EmDTrwY9NKnZudcy4MX7Uv3AX3ydfUeuWeAAaR5oF2gc56TUuxl,"MỘT BƯỚC THÊM DINH DƯỠNG - MỘT BƯỚC GẦN ƯỚC MƠ 

Mẹ cùng con ""vẽ"" nên hành trình hiện thực hóa ước mơ! Để mỗi bước đi của con thêm vững chãi, mẹ chọn ADM làm người bạn đồng hành, tiếp thêm nguồn dinh dưỡng trong từng cột mốc:  ​

 TRẠM 1: VÓC DÁNG CAO ​
Canxi & Vitamin D3 xây dựng hệ xương và răng chắc khỏe, hỗ trợ con phát triển chiều cao vượt trội để tự tin tham gia mọi hoạt động thể chất.  ​

 TRẠM 2: KHOẺ ĐỀ KHÁNG ​
Kẽm & Selen hỗ trợ tăng cường đề kháng, hạn chế ốm vặt để những giờ học tập và vui chơi không khi nào gián đoạn.  ​

 TRẠM 3: DỄ TIÊU HOÁ ​
Với Đạm A2 100% nhập khẩu từ Mỹ, giúp bé dễ dàng hấp thu dưỡng chất để khỏe khoắn mỗi ngày.

 TRẠM 4: MẮT SÁNG NGỜI  ​
Vitamin A hỗ trợ đôi mắt thêm sáng, giúp bé thỏa sức đọc sách, học tập và nhìn tỏ thế giới. ​

Mỗi dưỡng chất là một bước tiến nhỏ. ​
Mỗi hộp sữa là một lần mẹ âm thầm xây nền cho ước mơ của con. ​
Mẹ đã sẵn sàng cùng ADM trang bị ""hành trang"" tốt nhất cho con chưa? https://bit.ly/4dDwDQL",1354,2,9,2026-03-29 23:56:06,Photo
https://www.facebook.com/reel/1258714423121122/,"Làm Mẹ đôi khi tai thính đến lạ kỳ. Chỉ một tiếng động nhỏ từ bụng con cũng khiến tim Mẹ hẫng một nhịp vì lo lắng.

 Mẹ biết, với hệ tiêu hoá còn quá non nớt, mỗi tiếng “ọt” đôi khi là dấu hiệu cho biết hệ tiêu hoá của con đang chưa hoạt động trơn tru. 

Hiểu rằng, bụng con cần một sự chăm sóc dịu dàng nhất, Mẹ chọn Optimum A2 Pro+ cùng với Đạm Quý A2: 
 Nguồn gốc quý hiếm từ giống bò A2 thuần chủng.
 Không sản sinh BCM-7 như đạm A1 giúp hệ tiêu hóa của các “siêu em bé"" hoạt động trơn tru. Con tạm biệt nỗi lo đầy hơi, chướng bụng và rối loạn tiêu hóa để thoải mái vui chơi.

Sắm siêu sữa Optimum A2 Pro+ để bụng Bé êm dịu, bái bai “ọt ẹt"" Mẹ nhé: https://monkeyqr.com/OptimumA2ProCộng
---
✓ Optimum A2 Pro+ lấy cảm hứng từ các dưỡng chất được tìm thấy trong sữa Mẹ, giúp nuôi dưỡng hệ trục Não - Ruột - Miễn dịch, bao gồm:
• Đạm quý A2 giúp tiêu hoá khoẻ;
• 6 HMO củng cố hàng rào miễn dịch;
• MFGM + DHA hỗ trợ phát triển trí não.
 
#Vinamilk #Optimum #OptimumA2ProCộng #SuaHoTroLonKhon #ĐạmA2 #6HMO #MFGM #DHA #PhatTrienLonKhon #SuaHoTroLonKhon",164,2,6,2026-03-27 12:34:22,Video
https://www.facebook.com/vinamilkofficial/posts/pfbid03m1675VvH4wS7mUD91VrZKUZJRVvTqt8dpCKpR2Xoza8sgYfFfgpo9bnaivEiUAil,"MENU HỘI “THÍCH Ở NHÀ” CẦN LƯU VỘI CHO CUỐI TUẦN​

Cuối tuần thảnh thơi, cần gì ra quán khi chính tay bạn có thể biến tấu những món uống siêu ngon, cực dễ làm mà lại còn healthy? Lưu ngay 3 món cực dễ làm với Sữa dinh dưỡng Vinamilk dưới đây:​

☕ SÁNG: Khởi đầu ngày mới tỉnh táo với một ly Cà phê sữa đậm đà. Bí kíp là mix cùng Sữa dinh dưỡng Vinamilk Không đường thơm ngon.​
​
 TRƯA: Kết hợp Sữa dinh dưỡng Vinamilk Ít đường béo ngậy cùng sương sáo dai giòn là có ngay một cực phẩm ""đưa miệng"" khó cưỡng, xua tan nắng nóng.​

 TỐI: Hâm nóng Sữa dinh dưỡng Vinamilk Ít đường hoặc Không đường, pha thêm chút bột quế ấm nồng để có một ly sữa ấm thơm lừng, ấm bụng, đủ thư giãn để dễ dàng vào giấc.​

3 công thức tuyệt đối dinh dưỡng cũng tuyệt đối tận hưởng. Sắm dần Sữa dinh dưỡng Vinamilk để chuẩn bị cho cuối tuần này thôi: https://bit.ly/487rjkI",1582,7,12,2026-03-26 11:59:37,Photo
https://www.facebook.com/reel/1363487102473235/,"TRÀ SỮA DƯA LƯỚI LÀ TRÀ ĐỔ VÀO SỮA HAY SỮA ĐỔ VÀO TRÀ??? 
 Đổ sao cũng được, miễn có Sữa tươi Vinamilk 100% vị Dưa lưới là auto ngon! 
Sữa tươi tách béo nhẹ thanh hoà quyện cùng nước ép dưa lưới Địa Trung Hải tươi mát cho ra vị sữa thơm ngon, rõ vị dưa lưới. Kết hợp với trà, đảm bảo nhấp ngụm đầu tiên là “đổ” liền 
Món mới vừa ngon vừa dễ làm thì nhanh tay thêm liền “Trà sữa dưa lưới” vào menu tự pha của mình ngay thôi 
 Món ngon bắt đầu từ đây, mời bạn ghé mua nhen  https://bit.ly/4d9NM45",362,14,15,2026-03-25 11:24:52,Video
https://www.facebook.com/reel/913089578305097/,"Quen mà lạ. Lạ mà quen. Có thể bạn đã nhận ra bao bì sữa tươi hữu cơ của trang trại Green Farm có gì đó mơi mới. Chúng tôi thay đổi nho nhỏ ở mặt trước để thông tin hiển thị rõ ràng hơn. Dễ nhìn dễ nhớ. Minh bạch luôn luôn. ​

​3 cỡ vừa vặn cho cả nhà: https://bit.ly/4rS7hBM

 #Vinamilk #GreenFarm #EUOrganic",61,1,11,2026-03-25 12:01:06,Video
https://www.facebook.com/reel/1488663555953081/,"AIIII SỮA ĐẬU NÀNH 3 CHỮ ""NHẤT"" KHÔNGGGG? ​

Sữa đậu nành thì ở đâu cũng có, nhưng sữa đậu nành nhiều chữ ""nhất"" thì chỉ có ở Vinamilk: ​

✨ Nhất Việt Nam về hàm lượng canxi* ​

✨ Tốt nhất là mỗi ngày uống 2 hộp 180 ml - đủ 50% nhu cầu canxi mỗi ngày**

✨ Nhất định phải thử: https://bit.ly/SDN2403  ​

-------- ​
(*) Theo kết quả nghiên cứu thị trường trong ngành hàng Sữa đậu nành tại Việt Nam, được thực hiện hằng năm từ ngày 20/01/2025. ​

(**) Dựa trên lượng canxi khuyến nghị hằng ngày của Bộ Y Tế ​

#Vinamilk #CaoCanxiNhấtViệtNam #XươngChắcKhoẻ",70,0,9,2026-03-25 04:00:57,Video
https://www.facebook.com/vinamilkofficial/posts/pfbid04fXqEZXWpiXj28tcS5KPkqfqid44fN7uS3K3LvT8Hi3ZVYcb9jjhv1sJL9P6cmfSl,"MỜI PHỤ HUYNH KỸ TÍNH NHẤT
""TAI NGHE MẮT THẤY"" CHẤT LƯỢNG SỮA BỘT VINAMILK

Bạn soi bảng thành phần để hiểu tường tận bất cứ gì nạp vào con?
Bạn đào sâu mọi review để chắc chắn sữa con dùng đã là tốt nhất?

Vậy đã đến lúc bước ra khỏi màn hình điện thoại.

Vinamilk trân trọng mời những phụ huynh kỹ tính nhất đến ""thanh tra sữa bột"" tại Nhà máy Sữa bột Việt Nam, tận mắt kiểm chứng quy trình đồ sộ và chất lượng quốc tế đằng sau ly sữa bột con uống mỗi ngày.

 Thời gian & địa điểm
7h00 - 15h00 | Thứ Sáu, 03.04.2026
Nhà máy Sữa Bột Việt Nam
Đại lộ Tự Do, Khu Công nghiệp VSIP 1, TP. Hồ Chí Minh

 2 bước để có 1 ngày làm ""thanh tra""

- Bước 1: Chia sẻ bài viết này về trang cá nhân ở chế độ công khai + hashtag #Vinamilk #Suabottrem #HanhtrinhKiemchung #MotngaytaiNhamay

- Bước 2: Chia sẻ mong muốn tham gia kiểm chứng chất lượng sữa bột tại nhà máy Vinamilk trong form đăng ký tại:
https://forms.gle/2Z9ModWfaNpeJjqZ7

⏳ Số lượng có hạn – đừng bỏ lỡ cơ hội kiểm chứng tận mắt sữa con đang dùng mỗi ngày!

#Vinamilk #Suabottrem #HanhtrinhKiemchung #MotngaytaiNhamay",419,111,90,2026-03-24 20:01:27,Photo
https://www.facebook.com/reel/2332211997203667/,"✨ Dành cho những lúc muốn ""cố thêm chút nữa”
 Dành cho mọi nỗ lực vượt cám dỗ
 Và cho cả lúc ý chí suýt lung lay

 Sữa hạt Vinamilk - với 9 loại hạt tinh tuyển cùng hàm lượng sữa hạt lên đến 94%, dành cho phiên bản đã thay đổi, và tốt hơn từng ngày của chính bạn.

 Trong muôn vàn lựa chọn mỗi ngày, chọn gieo thói quen nhỏ, gặt thành quả lớn cùng Sữa hạt Vinamilk.

#Vinamilk #SuaHatVinamilk",68,1,4,2026-03-24 12:01:57,Video
https://www.facebook.com/vinamilkofficial/posts/pfbid0Pgmom9Vu4BCAefDVG96nZ7UHPKZqZBvixshZAAU5pZysNoVJPnUXswaZ5FDkPyPsl,"""ĐỒNG ĐỘI"" TRÊN MỌI ĐƯỜNG CHẠY
12,5 g đạm trong mỗi hộp sữa chính là nguồn dinh dưỡng mà cơ bắp mê mẩn. Đủ đầy đạm, lại nhẹ nhàng dễ uống. Cùng nghía lại một buổi sáng mát trời của ngày chạy Milk Run vừa qua và lên dây cót chuẩn bị cho đường chạy mới!
 
#Vinamilk #GreenFarm #GreenFarmCaoDam #ItBeoGiauCanxi",62,8,11,2026-03-24 00:16:18,unknown
https://www.facebook.com/reel/1220740746495827/,"BỤNG KHỎE MẠNH CHO BÉ NHANH LỚN​

 Trong giai đoạn đầu đời, bé cần bổ sung nhiều chất dinh dưỡng để mau ăn chóng lớn. Vì vậy, một hệ tiêu hoá khoẻ mạnh sẽ giúp bé hấp thụ trọn vẹn hơn đó mẹ ơi!​

Nhằm chăm sóc chiếc bụng nhỏ của bé trong giai đoạn này, Sữa Chua Cream Sữa Tươi Vinamilk SUSU với 750 triệu CFU lợi khuẩn Bifidobacterium trong 100 gram sản phẩm sẽ hỗ trợ: ​
✨ Cải thiện hệ vi sinh đường ruột, hỗ trợ bé hấp thu dinh dưỡng tốt hơn​
✨ Phục hồi hàng rào, bảo vệ cho hệ tiêu hoá khỏe hơn​

Tiêu hoá khoẻ cho bé mau ăn chóng lớn, thử ngay Sữa Chua Cream Sữa Tươi Vinamilk SUSU nhé mom ơi!",398,6,6,2026-03-23 12:30:40,Video
https://www.facebook.com/vinamilkofficial/posts/pfbid027i8BCHg2QYn1dpYvgEshwN8MDiZrs2RQWCgJ8EVLDnW6bkkfdvjNAQEipRbsQpBdl,"NAM CHÂM TRỞ LẠI, +1 VÉ QUAY VỀ TUỔI THƠ ✨ 

Có một loại “gia tài"" mà bạn của tuổi thơ đã từng nâng niu hơn cả đồ chơi đắt tiền: Những mảnh nam châm “Vòng quanh thế giới” trên cánh cửa tủ lạnh 
Bạn còn nhớ cảm giác hồi hộp mỗi lần khui một mảnh nam châm mới… hay cảm giác tự hào khi cánh cửa tủ lạnh được lấp đầy? Cùng bạn Bò huyền thoại bắt đầu hành trình khám phá mới mang tên “34+ tỉnh thành Việt Nam” ngay 
Vẫn là sự háo hức như năm ấy, vẫn là niềm vui khi có thêm một mảnh ghép mới, nhưng với diện mạo thân thương và gần gũi hơn của dải đất hình chữ S mình yêu đó 
 Chốt đơn 1 thùng sữa tươi Vinamilk 100% để sở hữu 2 mảnh ghép nam châm, lấp đầy bản đồ Việt Nam trên tủ lạnh nhà bạn ngay thôi!!!
Thông tin chi tiết chương trình tham khảo tại: https://bit.ly/4bqCVBA",10084,135,56,2026-03-22 10:20:49,Photo
https://www.facebook.com/vinamilkofficial/posts/pfbid02AXHRfqcDYzm6hNXyNXVKAQwRkX1gvJ2tZgK2TqtD4ciFJzapyLe3WGMa5Fj8z7Fvl,"+1 THÀNH VIÊN MỚI VÀO GIA ĐÌNH HAYĐẤY!

Vẫn là nền trà kombucha được lên men chậm từ lá trà xanh hữu cơ theo cách ủ truyền thống trong 6 tháng dài. Trà đậm có gaz thêm tí nước ép táo thanh mát, chút nước ép đào vàng thơm mọng.
Trời này mà uống với đá thì cứ phải gọi là mê ly!
 Mời mời: https://bit.ly/47h0nPl

#Vinamilk #VinamilkShopandMore #VinamilkeShop",111,1,6,2026-03-21 08:10:59,Photo
https://www.facebook.com/vinamilkofficial/posts/pfbid0MPY5Jf5kc3JoRhX1su4cmJ1ZeveV7NB9kSzYMfowdvoZANmUWXo7oXrmzGY9C2hel,"Chuyển sữa cho bé là một bước cân não cho mẹ vì đôi khi hệ tiêu hóa non nớt của con chưa kịp làm quen với nguồn dinh dưỡng mới. 

Để bước chuyển sữa thật êm cho con, mẹ nhớ ưu tiên các dưỡng chất thân thiện cho tiêu hoá như đạm whey và lợi khuẩn, trong các sản phẩm sữa bột.​
​
Ngoài ra, mẹ đừng quên để ý từng thay đổi nhỏ của con trong những ngày đầu chuyển sữa để tìm được sản phẩm hợp bé nhất nhé!
#Vinamilk #Suabottreem",227,87,9,2026-03-20 06:01:09,unknown
https://www.facebook.com/vinamilkofficial/posts/pfbid02iyC8ADCbDV5SVXDPER8rD84r6tmZYrJh3QrKKiFBUWhnfozyKziWKu8546VyZzTXl,"Cùng nhìn lại những khoảnh khắc các ""đồng run"" nạp đạm tại  gian hàng Sữa Hạt Cao Đạm Vinamilk  tại giải chạy VNExpress Marathon Hồ Chí Minh hôm nay.

 Với 12g đạm, Sữa Hạt Cao Đạm sẽ giúp các ""đồng run"" duy trì và phục hồi cơ bắp tốt hơn sau khi chạy.

 Khoe ngay hình ảnh của bạn tại gian hàng Sữa Hạt Cao Đạm Vinamilk!

#Vinamilk #SuaHatCaoDam #VNExpressMarathon",2514,23,10,2026-03-19 03:51:18,unknown
https://www.facebook.com/vinamilkofficial/posts/pfbid0UyesSeJbmnrdYrLKnTFD4WmYz15Qw14GmAeQLZWWVxttfzjWMfRrQLBPxCLDrJxbl,"Kiểm soát mọi tiểu tiết, cho chất lượng sản phẩm chuẩn tinh khiết quốc tế. 
#Vinamilk #Suabottreem #PurityAward #AnToanTinhKhiet",166,85,29,2026-03-18 01:41:28,unknown
https://www.facebook.com/vinamilkofficial/posts/pfbid0WHzSb5Dxs4B7wbmzpxY8F1DEJw2KArcv6cwaXEhrM7T9hYaHTwkLMr3tbyKXq6V8l,"Giữ vững phong độ, Optimum A2 Pro+ vẫn liên tục được các Mẹ bỉm sục sôi tìm kiếm trong suốt thời gian qua. Siêu sữa Optimum A2 Pro+ là bí quyết giúp bé êm bụng, đề kháng vững vàng và trí não lanh lợi.
 
 Chiều lòng Mẹ, Vinamilk và hàng ngàn đối tác bán lẻ trên toàn quốc đã đồng loạt ""phủ tím"" quầy kệ bằng những hộp Optimum A2 Pro+ mới nhất. Hành trình tìm sữa ngon cho con chưa bao giờ dễ dàng đến thế:
 Team Mẹ thích nhìn tận mắt: Ghé ngay chuỗi Cửa hàng Vinamilk, hệ thống AVAKids, Thế Giới Sữa, hoặc chuỗi siêu thị AEON.
 Team Mẹ chuộng gần nhà: Hàng ngàn cửa hàng tạp hóa, đại lý truyền thống khắp mọi miền đã sẵn sàng phục vụ.
 Team Mẹ mê chốt đơn online: Hàng luôn sẵn sàng 24/7 trên TikTok Shop, Shopee, Lazada và App/Website của Vinamilk.
 
 Siêu sữa đã sẵn sàng, Mẹ chốt đơn ngay để chiếc bụng nhỏ của con được nâng niu trọn vẹn.
---
✓ Optimum A2 Pro+ lấy cảm hứng từ các dưỡng chất được tìm thấy trong sữa Mẹ, giúp nuôi dưỡng hệ trục Não - Ruột - Miễn dịch, bao gồm:
• Đạm quý A2 giúp tiêu hoá khoẻ;
• 6 HMO củng cố hàng rào miễn dịch;
• MFGM + DHA hỗ trợ phát triển trí não.

#Vinamilk #Optimum #OptimumA2ProCộng #SuaHoTroLonKhon #ĐạmA2 #6HMO #MFGM #DHA #PhatTrienLonKhon #SuaHoTroLonKhon",128,7,6,2026-03-16 23:31:38,Photo
https://www.facebook.com/vinamilkofficial/posts/pfbid0HUvdz81QEaq8f4tsiE9TWc84M2uJf5juut6T7DgMHYH8v3z4RWbHJg445BJzvsSLl,"Mục tiêu năm mới gì chưa các bạn ơii? ""Unlock"" những trải nghiệm mới, thử sức bộ môn mới, vi vu muôn nơi.​

Mà để làm được những điều này, cơ thể cần phải dẻo dai, khoẻ mạnh mới chinh phục được mục tiêu mong muốn. ​
​
✌️ Bạn có thể chia mục tiêu thành những bước nhỏ, đơn giản bằng việc bắt đầu với 01 hộp Sữa dinh dưỡng Flex mỗi sáng, bổ sung Canxi để xương chắc, dáng khỏe. Cơ thể dẻo dai, khoẻ khoắn thì tinh thần lúc nào cũng tràn trề năng lượng, làm gì cũng thấy mượt, bứt phá mục tiêu chỉ là chuyện sớm muộn! ​

Hành trình vạn dặm nào cũng bắt đầu từ những bước chân đầu tiên. Hãy cùng Flex bắt đầu từ hôm nay nha  https://bit.ly/4lGbabQ",4627,7,21,2026-03-15 21:21:47,Photo
https://www.facebook.com/vinamilkofficial/posts/pfbid0rL6X1fMmeLrMt6ajYHtB5uy6Ba25XcNS7wfAvUMCzSChPv9GkyHy59HLT2TsXNtSl,"BỮA PHỤ NGON MÊ​
BÉ ÊM TIÊU HOÁ​

Bé nhà thích ăn ngon khiến mẹ “khoái"" lắm, nhưng chưa chắc đã đủ dinh dưỡng. Các mom xử lý “ca khó” này thế nào? ​

SUSU gợi ý cho mẹ Sữa Chua Cream Sữa Tươi Vinamilk SUSU, tự tin chiều lòng cả mẹ lẫn bé với:​
 Thành phần tự nhiên từ Sữa tươi nguyên chất thanh trùng và Cream sữa tươi, đảm bảo không chất bảo quản cho mẹ an tâm về chất lượng​
 Vị ngon thơm béo với kết cấu sánh dẻo bắt miệng và hương vị ngọt thanh, chua nhẹ khiến bé nào cũng mê​

Bữa xế nhỏ với Sữa Chua Cao Cấp SUSU vừa ngon lành, lại vừa giúp bé khoẻ tiêu hoá, thỏa sức thử món mới mà vẫn khỏe re. Mẹ thêm an tâm cho bé sử dụng mỗi ngày.​

Chọn ngay Sữa Chua Cream Sữa Tươi Vinamilk SUSU mẹ nhé: http://bit.ly/4u1iEK2",325,15,9,2026-03-14 19:11:57,unknown
https://www.facebook.com/reel/1246591304336165/,"Ăn dặm xưa và nay – Làm sao chọn cách phù hợp cho trẻ?

Nhiều phương pháp chăm và cho bé ăn dặm đã được truyền lại qua nhiều thế hệ. Cùng lúc đó, công nghệ và khoa học dinh dưỡng hiện đại mở ra thêm nhiều lựa chọn mới cho bố mẹ.

Vậy đâu là cách nuôi dưỡng lý tưởng cho trẻ. Cùng tìm hiểu qua video sau nhé!",34,1,2,2026-03-13 17:02:07,Video
https://www.facebook.com/reel/1463659865170725/,"TRAO SỮA TƯƠI VINAMILK 100%, TRAO YÊU THƯƠNG MÙA VALENTINE TRẮNG 
Dù đang độc thân, có chủ hay đang “crush” ai đó, Valentine Trắng này xin đừng lặng im! Hãy để Sữa tươi Vinamilk 100% giúp bạn trao yêu thương cho những khoảnh khắc thật đặc biệt bên nhau!
☀️ Cà Phê Ailen: Sáng trao ấm nồng, manifest một tình yêu như ý!
️ Pina Colada: Trưa nắng tặng hương vị dứa dừa tươi mát cho tình cảm đôi mình thêm phần thăng hoa!
 Bourbon Chuối Bơ Đậu Phộng: Kết ngày lãng mạn cùng dư vị ngọt ngào, béo ngậy cho phút giây nào bên “crush"" cũng rung động không thôi!
 Lấy cảm hứng từ cocktail kinh điển, kết hợp sữa tươi được vắt và đóng hộp trong ngày, bộ 3 sản phẩm này sẽ mở ra một trải nghiệm tươi ngon, tinh tế, lại không chứa lactose để yêu chiều mọi gu thưởng thức ✨
 Trao đi thông điệp tình yêu cùng Sữa tươi 100% cho 14/3 này thêm ý nghĩa và trọn vẹn thôi bạn ơi  https://bit.ly/40pYxrx",258,0,7,2026-03-13 12:11:10,Video
https://www.facebook.com/reel/1630703901455223/,"TIN NÓNG: SỮA TƯƠI VINAMILK 100% THAY ÁO MỚI ✨
 
Bạn ơi, sữa tươi Vinamilk 100% dạng bịch chính thức thay áo mới với vị ngon không đổi, dung tích giữ nguyên, lại còn tinh khiết chuẩn Mỹ, cứ phải nói là “đỉnh chóp”  
 
Đặc biệt, sữa bịch 220ml phiên bản mới đã lên kệ tại các cửa hàng tạp hoá trên toàn quốc.
 
 Ghé tiệm quen và thử ngay Vinamilk 100% phiên bản mới nhé! https://bit.ly/3NdJWwo",88,13,9,2026-03-12 12:01:23,Video
https://www.facebook.com/vinamilkofficial/posts/pfbid02Am9sHaTbTJcE9pyA8g5aPyQ6KG1KsfDLor96wap71SUjwLpMmVFjvk2dUk4EdXBfl,"Tụ điểm truyền bá nước giải khát kiểu mới: KOMBUCHA CÓ GAZ.
Vị trà đậm đà, chua chua ngọt ngọt, uống đãaaaaa gì đâu.

#KOMBUCHAKIEUMOI #HAYĐẤY",395,2,3,2026-03-11 07:13:24,GenericAttachmentMedia
https://www.facebook.com/vinamilkofficial/posts/pfbid035f5rUA7X3y7uurhwN3GRpC9ZaRs37YJD1AjmUocu62nqD8TzMm2opnt5gM8CLV7El,"GỬI NÀNG DINH DƯỠNG, THÊM YÊU CHÍNH MÌNH

 Yêu chiều chính mình không chỉ là mua cây son mới, sắm một chiếc váy đẹp, mà còn là để tâm chăm sóc cho một cơ thể khỏe mạnh và rạng rỡ từ bên trong.

8/3 này, Vinamilk gửi một lời nhắn nhủ nho nhỏ để nàng dù có bận rộn thế nào cũng đừng quên tặng cho bản thân sự chăm sóc tuyệt vời nhất cùng bộ đôi sữa dinh dưỡng từ Vinamilk:

 Sữa dinh dưỡng Flex: Trợ thủ cho xương chắc khỏe, giúp nàng vận động dẻo dai, uyển chuyển trong từng bước đi. 
 Sữa dinh dưỡng Tự Do: Bí kíp kiểm soát calo một cách tiện lợi, giữ dáng thon để nàng tự tin diện mọi outfit yêu thích mà không lo về cân nặng. 
  Khỏe bên trong, chuẩn dáng bên ngoài cùng combo Sữa dinh dưỡng Flex & Tự Do – món quà trọn vẹn cho nàng luôn rạng rỡ và tràn đầy năng lượng",2491,8,192,2026-03-10 02:25:26,Photo
https://www.facebook.com/vinamilkofficial/posts/pfbid02C3xowe6KE3X4emdeYZXkSAWHoV4MXGrstZDWoQLPmxxQZzmteUPsmYnWKoNvKLm6l,"EM ĂN GÌ CŨNG ĐƯỢC, CÓ PROBI LÀ ĐƯỢC ​
​
 8/3 này, tặng nàng Probi Dâu với hàng tỷ lợi khuẩn ​
L. CASEI 431™, giảm đến 22% lượng đường (Carbohydrate), chăm chút đường ruột để thỏa thích thưởng thức mọi món ngon.​
​
 Tặng quà gì cũng nhớ kèm Probi để nàng ưng bụng nhé!",1428,0,179,2026-03-08 21:37:28,Photo
https://www.facebook.com/vinamilkofficial/posts/pfbid0brGdF9StUyT5wef5vnSZBYXjum3XpKV99u9DVkU4FN6GgJ3wMG3RxZmXzxWzVToql,"DEAL GÌ VỪA ÊM RUỘT, VỪA ÊM VÍ? 
​
Chỉ có thể là deal Probi - với hàng tỷ lợi khuẩn L. CASEI 431™ giúp đường ruột êm, khỏe, nay còn có ưu đãi cực hời:​
​
 Mua 5 chai Probi Ít đường 65ml được tặng 1 Probi 65ml cùng loại ​
 Mua 4 chai Probi Ít đường 130ml hoặc Probi không đường 130ml được tặng 1 Probi 130ml cùng loại ​
​
 +1 lốc Probi ngay nha!",5277,78,281,2026-03-07 16:49:30,Photo
https://www.facebook.com/reel/2067812850746357/,"Đây là những nguyên liệu được trích từ thực đơn chăm bò tinh tuyển của sữa tươi Green Farm - với 20 loại cỏ hoa và hạt. Chúng tôi đã quyết tâm thử nghiệm và tìm kiếm tỷ lệ cỏ và hạt tối ưu, cho ra đời dòng sữa với hậu vị cỏ hoa đặc trưng, vỗ về vị giác. 

Mời bạn cảm nhận sự khác biệt của quá trình chăm dưỡng tỉ mỉ này

#Vinamilk #GreenFarm #Vovevigiac",60,5,3,2026-03-06 12:01:32,Video
https://www.facebook.com/reel/2070209640440472/,"QUÀ TẶNG “TRONG LY"" CHO 8/3 THÊM Ý NGHĨA ✨
 
Chẳng cần tìm kiếm đâu xa, món quà tuyệt vời nhất với các chị em đôi khi là sự quan tâm và tinh tế được gửi gắm trong ly nước do chính tay người thương yêu pha chế! 
8/3 này, cùng Sữa tươi Vinamilk 100% gửi đến người phụ nữ bạn yêu những hương vị mới lạ để ghi dấu cho một ngày đặc biệt bạn nhé 
 
⭐️ Gửi Nàng Đậm đà: Lắc Bourbon Chuối Bơ Đậu Phộng thơm nồng cùng cà phê đăng đắng cho hậu vị lâng lâng, dành riêng cho những quý cô quyến rũ. 
⭐️ Gửi Nàng Đặc sắc: Pina Colada hòa cùng siro trái cây, cảm nhận vị sữa tươi ngon, chua thanh như chính nụ cười nàng, cho tim rung rinh khẽ bắt sóng. 
⭐️ Gửi Nàng Điệu nghệ: Hòa quyện Irish Coffee thơm nồng trong lớp đá xay, điểm xuyết thêm lớp kem Vani mịn mướt để nâng niu trọn vẹn phút giây nàng tận hưởng.
 
Gửi trọn tâm tình vào từng công thức, vì phụ nữ xứng đáng được yêu thương 
Cùng trao yêu thương từ hành động nhỏ nhất ngay tại đâyhttps://bit.ly/3Nh9fO1",270,7,6,2026-03-06 10:40:41,Video
https://www.facebook.com/vinamilkofficial/posts/pfbid0izWDf6o9dHyuJoHg8V5GuaAjAneSi63uzJZAyCX668aCw9CTb3XxhKDdfz7V9UABl,"QUÀ SỨC - SẮC, TẶNG NÀNG 8/3✨

Mừng ngày của nàng, Vinamilk chúc các chàng tâm lý tặng quà vừa ý những người phụ nữ mình thương ☺️
Mời bạn chọn quà xứng đáng nhất cho các người đẹp tại: https://bit.ly/4rhcOSl
#Vinamilk #VinamilkTet #ChucXuanSungSuc #MaDaoThinhVuong",136,25,3,2026-03-05 23:51:34,Photo
https://www.facebook.com/reel/1632225624467730/,"Ước mơ nào cũng cần được nâng đỡ từ những bước đệm đầu tiên chắc chắn. Ba mẹ cùng ""bạn bò nhỏ"" Vinamilk ADM A2 cùng con lớn lên khoẻ mạnh, 23 dưỡng chất nuôi dưỡng con, mỗi ngày một bước để theo mọi điều con thích nhé
#vinamilkadm #DamA2 #ADMA2",43,0,4,2026-03-05 13:02:27,Video
https://www.facebook.com/reel/1248810740015073/,"CHĂM BẴM HỆ TIÊU HOÁ​
ƯNG BỤNG MỌI MÓN LẠ​

Cho bé thử món ăn mới lạ, mà sợ bụng nhỏ chẳng “ưng”?​
Thêm các bữa phụ hỗ trợ tiêu hoá sẽ giúp bụng con dễ dàng gật đầu với những món mới trên hành trình khám phá hơn đó mẹ ơi!​

 Sữa Chua Cream Sữa Tươi Vinamilk SUSU chính là bữa phụ dinh dưỡng với lợi khuẩn Bifidobacterium, giúp chăm bẵm hệ tiêu hóa non nớt của con. Từ đó, hệ vi sinh được cân bằng và hàng rào bảo vệ đường ruột thêm vững vàng. ​

 Chỉ cần thêm một bước chăm nhỏ cho hệ tiêu hoá với SUSU, bé tự tin ăn thử cả thế giới mà bụng vẫn êm, mẹ thêm yên tâm.​

 Khám phá Sữa Chua Cream Sữa Tươi Vinamilk SUSU ngay tại đây: http://bit.ly/4u1iEK2",40,2,8,2026-03-05 12:31:18,Video
https://www.facebook.com/vinamilkofficial/posts/pfbid02as3TBj4pajQN7Ahk9to3JuE5wiuxd9SvEr275N5dRCfs9cat3c8YoBEJb1ywiPLQl,"Hộp đựng quà phiên bản giới-hạn dành cho những người phụ nữ bạn yêu không-giới-hạn!
 
 Mua Kem viên hoặc Gelato từ 120K
 Tình yêu của bạn sẽ được gói ngay hộp đựng quà đỏ mọng này!
 
 Thời gian: 1/3/2026 đến khi hết quà tặng
Xem thêm: https://www.vinamilk.com.vn/events-news/um-ba-la-qua-tam-thang-ba",50,0,3,2026-03-04 12:27:31,Photo
https://www.facebook.com/vinamilkofficial/posts/pfbid0Z5J2zQy64fqn1X6NYWsoG52x4dLDaUXPTSyUznFpTmmhzmsgZ6YQwJ4gAUQi5VJNl," RƯỚC LỘC NĂM MỚI - PHƠI PHỚI CẢ NHÀ ✨

Năm mới, tinh thần phơi phới, cả nhà sẵn sàng vượt chỉ tiêu! 
 Bố mẹ phấn đấu gương mẫu
 Bé hứa cố gắng chăm ngoan 

Có Vinamilk tiếp lộc sức khỏe, sẵn sàng làm hậu phương dinh dưỡng để kế hoạch của cả nhà thành hiện thực. 

 Rước lộc ngon bổ khỏe tại: https://www.vinamilk.com.vn/
#Vinamilk #VinamilkTet #ChucXuanSungSuc #MaDaoThinhVuong",93,34,2,2026-03-03 12:23:45,Photo
https://www.facebook.com/vinamilkofficial/posts/pfbid025qtyQD6GZ1hiEigk8qE4mWC1t3ckCJhVfBrpEaktPDy2iahMP6CRuzqNQqCDQGsil," ĐẦU NĂM RƯỚC LỘC, CẢ NĂM HANH THÔNG CÙNG SỮA TƯƠI VINAMILK 100% ✨

Không khí tại cửa hàng Vinamilk đang rộn ràng chào đón các bạn khách quý tới rinh lộc đầu xuân, cùng nhau cầu chúc cho một năm mới dồi dào sức khỏe, mã đáo thịnh vượng!

Bạn nào chưa kịp “xin vía” Thần Tài Vinamilk thì hãy note ngay 3 bước siêu đơn giản để bắt trọn may mắn:
1️⃣ Hẹn lịch “săn vía” Thần Tài Vinamilk tại cửa hàng gần bạn
2️⃣ Thực hiện 1 trong 3 cách:
Check-in cùng ông Thần Tài Vinamilk và đăng bài kèm hashtag: #VinamilkViathantai #SuatuoiVinamilk100%
Có hóa đơn mua hàng bất kỳ tại cửa hàng Vinamilk trong ngày
Đăng ký nhận lì xì với nhân viên hoạt náo tại cửa hàng
3️⃣ Nhận ngay lì xì từ Thần Tài Vinamilk – 100% có quà, không lo “mất vía”!

 Nhanh tay lưu lại lịch trình “du xuân” của Thần Tài tại cửa hàng gần bạn nhất để ghé rước lộc đầu năm nha: https://www.vinamilk.com.vn/events-news/chuong-trinh-via-than-tai-sua-tuoi-100

#VinamilkViathantai #SuatuoiVinamilk100%",57,0,0,2026-03-02 12:19:59,unknown
https://www.facebook.com/vinamilkofficial/posts/pfbid02Pg7iZURzDEiQ1L7psaLgpNwW2meBtfB87EwU51kf9eKpRFTK3PmaYmy1DaD27tjml,"DEAL HỜI CHO HỘI TỐT BỤNG!

 Ai mê khỏe bụng, đẹp da, ngon miệng, chớ bỏ qua ưu đãi từ nhà sữa chua: Mua 2 lốc 8 hộp (Sữa chua Nha Đam Ít Đường hoặc Sữa chua Ít Đường) sẽ được tặng thêm 1 hộp cùng loại, từ nay đến hết tháng 4/2026.

Combo khỏe đẹp - quá hời, xin mời! 
 
Chương trình áp dụng tại các kênh truyền thống, cửa hàng và online tại website Vinamilk.",4625,49,71,2026-03-01 12:16:13,Photo
https://www.facebook.com/vinamilkofficial/posts/pfbid02TDRzEVLHYdm7SKv9LcutrbVUa6YXnUc7ryLEEwZ1Cc1jNgJdbjTYF9RE4EVtnkdwl,"SỮA LÝ TƯỞNG CHO NGƯỜI KÉM DUNG NẠP LACTOSE​

Bạn luôn cho rằng sữa và mình không thể nào chung đường chung lối, vì lần nào uống xong bụng cũng cảm thấy lình xình, khó chịu? Thật ra nguyên nhân có thể đến từ quá trình cơ thể dung nạp Lactose - một loại đường tự nhiên có sẵn trong sữa bò - không thuận lợi.​
​
Kém dung nạp lactose là tình trạng tương đối phổ biến khi dùng sữa, xảy ra khi cơ thể thiếu men Lactase, một loại men chuyên tiêu hóa loại đường Lactose này. Điều này khiến phần Lactose không được phân giải “đi lạc” trong đường tiêu hóa, từ đó gây ra một vài cảm giác khó chịu cho bụng.​
​
Vinamilk Flex với thành phần sữa đã được loại bỏ Lactose giúp mang đến cảm giác êm dịu và nhẹ nhàng hơn cho hệ tiêu hoá, thân thiện với những chiếc bụng ""dễ nhạy cảm"" với Lactose.​
​
Bụng khó chịu khi uống sữa ư? Cứ để Vinamilk Flex chiều cho nhé: http://bit.ly/4aF5LxN",90,9,4,2026-02-28 12:12:26,Photo
https://www.facebook.com/vinamilkofficial/posts/pfbid0rqFkDmsbWxFpimVU51sXvSbXVgFn9VSLboya9Y2aJ9vpHmjaGACwvZJMxjTSgsCel,"Cà phê Góc Phố được bữa quẩy nhiệt cỡ này. DJ nón hồng chào sân mixset ""Mùa xuân ơi em đừng đi nhé"", gặp ngay ông chú xì tin, đôi bên giao lưu văn nghệ...​

Làm thêm vài lon HayĐấy nữa là tới bến tới bờ!​

#HAYĐẤY #KOMBUCHAKIEUMOI",594,0,2,2026-02-27 12:08:40,GenericAttachmentMedia
https://www.facebook.com/vinamilkofficial/posts/pfbid02WWspHmPCyfzkStGTEYA88ExfJ7iF4qbALKvvu9tKUeorcgW644EQfzGvVBmfGEjal," NĂM MỚI NĂM ME, ĐỒNG CAM CỘNG KHOẺ ✨
Năm mới, trước khi bạn vào việc, Vinamilk xin chúc các team gần xa:
 Đồng đội ăn ý
 Công ty rước nghìn tỷ

Không quên lì xì sức khoẻ để mọi lời chúc có sức thành hiện thực!

 Rước trọn bộ lì xì Vinamilk cho năm mới sung sức nhé: https://www.vinamilk.com.vn/
#Vinamilk #VinamilkTet #ChucXuanSungSuc #MaDaoThinhVuong",63,35,0,2026-02-26 12:04:54,Photo
https://www.facebook.com/reel/3488390287981655/,"Tuổi nghỉ hưu của người: 60 tuổi ​
Tuổi nghỉ hưu của sữa chua ăn: 45 ngày​
Chỉ 45 ngày thôi, nhưng lợi hại lắm đó! ​

 Hạn dùng lý tưởng cho chất lượng đạt phong độ tốt nhất​
 Manh mối nhận diện sữa chua có men sống CÒN-HOẠT-ĐỘNG. Đa phần sữa chua có hạn dùng dài hơn 45-50 ngày đều là sữa chua tiệt trùng - tiệt luôn cả men sống!​

 Đã chọn sữa chua ăn, hãy chọn sữa chua ăn men sống với HSD chuẩn 45 ngày cho vị ngon – chất lượng tốt nhất!​
#Vinamilk #SuachuaVinamilk",44,0,6,2026-02-25 12:01:08,Video
https://www.facebook.com/reel/1932450534332206/,"Chuyện gì xảy ra ở 2-8°C:​
Người: ngủ đông ​
Men sống: năng động khỏe khoắn ​

2-8°C là điều kiện sống lý tưởng của men sống - ""con át chủ bài"" cho vị ngon, độ dẻo mịn và lợi ích tiêu hóa của sữa chua!​
Quá nóng hay quá lạnh thì cả men sống và chất lượng vốn có của sữa chua đều bay mất!​

 Đã chọn sữa chua ăn, hãy chỉ chọn sữa chua được giữ lạnh trong điều kiện lý tưởng 2-8°C nhé!​

#Vinamilk #SuachuaVinamilk",36,3,6,2026-02-25 03:00:58,Video
https://www.facebook.com/vinamilkofficial/posts/pfbid02BNhw3H1Nmv1hf1vrzWRri6XoYFctfXVSqgTBRHvHPTg1wrh4etvvYby1WBJ8mL8l,"Nghe vẻ nghe ve nghe vè rước lộc, 
Thần tài gõ cửa, sao nỡ ngó lơ? 
SĂN VÍA LIỀN TAY, RINH NGAY QUÀ XỊN 
 
 Năm mới muốn “phất"", nhất định ghé cửa hàng có Thần Tài của Vinamilk nha! Mang ngay “đồng vàng may mắn"" để nhận ngay:
Lộc đầu năm từ Thần Tài Vinamilk trong mỗi bao lì xì
✨Cơ hội lắc lộc đầu năm để nhân đôi quà tặng 
 
Nếu bạn chưa có đồng vàng cũng không sao! Chỉ cần ghé Cửa hàng Vinamilk là được ‍♀️ Thần Tài sẽ gửi ngay đến bạn “niềm vui vàng” cho năm mới rộn ràng khi bạn thực hiện 1 trong 3 hoạt động bất kỳ:
 Check-in cực nghệ cùng ông Thần Tài Vinamilk và đăng Facebook với hashtag: #VinamilkViathantai #SuatuoiVinamilk100%
 Có đơn mua hàng bất kỳ tại cửa hàng Vinamilk trong ngày
 Đăng ký nhận lì xì với nhân viên hoạt náo tại cửa hàng
 
Số lượng có hạn, nhanh tay đến các cửa hàng Vinamilk nhận lộc năm mới thôi các bạn ơiii 
#VinamilkViathantai #SuatuoiVinamilk100%",3678,42,47,2026-02-24 18:20:19,unknown
https://www.facebook.com/reel/1089133903368534/,"BẠN ĐÃ ""TRẢ GIÁ ĐÚNG"" CHO SỮA CHUA ĂN? ​

Liệu giá trị thật của mỗi hũ sữa chua nằm trên bảng giá, hay ẩn trong những con số trên bao bì?​
Mời bạn ngồi ngay ngắn, đón chờ series bóc giá sữa chua. Phát sóng trực tiếp trên kênh VNM! ​

#Vinamilk #SuachuaVinamilk",43,0,4,2026-02-24 09:39:40,Video
https://www.facebook.com/reel/773435455358689/,"Từ cách con bắt chước một âm thanh đến việc ghi nhớ những hình ảnh đầu tiên, mỗi hành động nhỏ đều là dấu ấn mới trong hành trình phát triển trí não. Để con luôn nhạy bén, não bộ cần một nền tảng liên kết vững chắc và tốc độ xử lý thông tin nhanh chóng.

Siêu sữa uống dinh dưỡng Optimum A2 Pro+ mang đến sự kết hợp hoàn hảo từ bộ đôi sáng trí MFGM & DHA:
 MFGM – màng cầu béo tự nhiên trong sữa Mẹ: Kiến tạo mạng lưới synapse thần kinh bền vững, xây dựng nền tảng trí tuệ vững chắc.
⚡ DHA: ""Chất xúc tác"" giúp các tín hiệu dẫn truyền thêm nhanh chóng và hiệu quả.
Đây chính là bệ phóng vững chắc giúp con: nhận thức nhanh – tư duy nhạy – phản xạ linh hoạt, để các ""siêu em bé"" luôn sẵn sàng tiếp thu và tỏa sáng trên hành trình lớn khôn! 

 Cùng Optimum A2 Pro+ khai mở tiềm năng của con ngay hôm nay: https://monkeyqr.com/OptimumA2ProCộng
---
✓ Optimum A2 Pro+ lấy cảm hứng từ các dưỡng chất được tìm thấy trong sữa Mẹ, giúp nuôi dưỡng hệ trục Não - Ruột - Miễn dịch, bao gồm:
• Đạm quý A2 hỗ trợ sức khoẻ hệ tiêu hoá;
• 6 HMO hỗ trợ miễn dịch đường ruột;
• MFGM + DHA hỗ trợ phát triển trí não.

#Vinamilk #Optimum #OptimumA2ProCộng #SuaHoTroLonKhon #ĐạmA2 #6HMO #MFGM #DHA #PhatTrienLonKhon #SuaHoTroLonKhon",61,0,6,2026-02-20 12:00:58,Video
https://www.facebook.com/reel/1440928390881985/,"Có gì trong rổ granola siêu hạt của Vinamilk Green Farm Sữa chua Cà phê Ủ lạnh? 
Mở và Úp để khám phá rổ hạt thượng hạng: đầy hạt, đầy lộc, hòa quyện trong từng muỗng sữa chua đặc mịn – thơm béo – đậm chất cà phê ủ lạnh cao cấp.
Một nghi thức thưởng Tết tinh tế, cho khởi đầu năm mới thêm mướt – thêm mượt.
#Vinamilk #GreenFarm #Suachuamenhylap",51,2,5,2026-02-20 07:34:01,Video
https://www.facebook.com/vinamilkofficial/posts/pfbid026VnwEXz4hGV6G9p1EGfL6ajjxAvB9CPrVVyPrGQ2mJRjc9E1dZV8THbkWopGFQpUl,"Đầu năm đầu tháng tranh thủ đi chúc tết mỗi nhà một tí 
 
Mấy đứa ngồi xuống đây ăn miếng bánh, uống miếng nước với dì.​
Nhà dì năm nay mua cả chục thùng kombucha: nhiều gaz, lại không cồn. Tha hồ mà uống. ​
​
#KOMBUCHAKIEUMOI #HAYĐẤY",679,9,4,2026-02-19 04:18:37,GenericAttachmentMedia
https://www.facebook.com/vinamilkofficial/posts/pfbid031iwiMYqDr4YsCPBs1zWsU7mJMUVDycCGeCyyvzfGP84YvARiEDvGQC5MbAvUshG9l,"Đầu năm mới, Bé đi chơi nhiều, ăn uống đủ món lạ quen. Những lúc thế này, có Optimum đồng hành, Mẹ cũng bớt lo hơn!

Bộ ba sữa uống dinh dưỡng Optimum với công thức được lấy cảm hứng từ các dưỡng chất được tìm thấy trong sữa Mẹ: 
 Optimum Colos kết hợp 6 HMO cùng sữa non 24h cho Bé đề kháng vững vàng để thoả sức vui chơi.
 Optimum A2 Pro+ cộng hưởng bộ 3 dưỡng chất cao cấp: 6 HMO, Đạm quý A2, MFGM & DHA giúp phát triển hệ trục Não - Ruột - Miễn dịch cho Bé lớn khôn vượt trội.
 Optimum Gold bổ sung đạm Whey dễ hấp thu, phối hợp cùng 6 HMO cho Bé bụng êm và tiêu hoá khoẻ.
 
Để Tết này, dù Mẹ tất bật, con vẫn chơi khỏe - ăn ngon, cả nhà vui xuân trọn vẹn 

#Vinamilk #Optimum #OptimumGold #OptimumColos #OptimumA2ProCộng #Nhà_nào_cũng_có_Mẹ #Suabottreem #Suatangcuongdekhang #Suagiuptieuhoatot #SuaHoTroLonKhon #PhatTrienLonKhon #ĐạmA2 #6HMO #MFGM #DHA",186,9,5,2026-02-18 01:03:14,unknown
https://www.facebook.com/vinamilkofficial/posts/pfbid02eTasJT7cRWFSvoXL6r3JrEBvx5tEcuP2PNjWSLfMHxUbuugCss4Y15SvcNf1gR1l," CÓ SỨC MỚI VỰC ĐƯỢC ĐẠO!✨

Những ngày đầu quay lại guồng công việc, đâu đâu cũng hừng hực kế hoạch cho năm mới. Và điều ước thực tế nhất vẫn là có đủ sức để hiện thực hóa mọi mục tiêu trong năm.
 
Muốn có sức thì phải có ""thực"". Sau lễ nhớ ghé Vinamilk, sắm ""sữa"" để manifest sức khỏe cho bạn bè, đồng nghiệp nha bạn ui! 
 
#Vinamilk #VinamilkTet #ChucXuanSungSuc #MaDaoThinhVuong",106,42,4,2026-02-16 21:47:51,Photo
https://www.facebook.com/vinamilkofficial/posts/pfbid02tQE4dNfhRKh8WDDjaXL6VobjCafRqWGLDUdY5A6smoaf2shxFeMA1zJjvYnP2g5xl,"MỌI MONG CẦU ĐỀU BẮT ĐẦU TỪ SỨC KHOẺ 

Cầu được - ước thấy là lộc trời. Nhưng sức khỏe là điều ta có thể chủ động mỗi ngày .

Nhân Tết này, thử chủ động bằng cách trao quà sức khoẻ từ Vinamilk đến bạn bè, người thân nhé.

Có sức trước thì bước mới qua!

#Vinamilk #VinamilkTet #ChucXuanSungSuc #MaDaoThinhVuong",64,41,1,2026-02-15 18:32:27,Photo
https://www.facebook.com/vinamilkofficial/posts/pfbid058wiKRxwr2U3GDf8hNJwU6o8tmEs8AdYkYWvh3y9EsHzBM48irhmhzVY9JQaHoNel,"Khi mùa yêu trùng mùa Tết, nhất định phải “dốc ruột” đầu tư, lì xì nàng 26 tỷ (hạnh phúc). 
​
❤️ Probi Lựu đỏ Ít đường được làm từ khoảng 26 tỷ lợi khuẩn L. CASEI 431™ cùng hoạt chất hạnh phúc L-5-Hydroxytryptophan hỗ trợ tăng serotonin - hormone vui vẻ. ​
​
Đầu năm ưng bụng, cả năm ngập tràn sức khỏe và hạnh phúc. Xứng đáng 10 điểm tinh ý!",4229,8,10,2026-02-14 15:17:04,Photo
https://www.facebook.com/reel/1607322466958351/," SẮM SỮA DINH DƯỠNG - SẮM SỬA ĐÓN XUÂN​

26 dọn nhà đón Tết​
27 mua mai mua đào​
28 Tất niên đi nào​
29 chờ năm chuyển giao ​
Mùng 1 đón chào xuân mới!​

Nhìn lịch hoạt động là biết Tết này cả nhà mình rộn ràng, bận bịu cỡ nào rồi. Để bé yêu và cả gia đình luôn dồi dào năng lượng, mẹ “sắm sữa” dinh dưỡng Vinamilk để kết năm đủ đầy mẹ nhé!!!​
​
Mỗi bịch sữa là một món quà sức khỏe thiết thực mẹ dành cho cả nhà:​
 Lì xì năng lượng: Tiếp sức cho những chuyến chúc Tết gần xa.​
 Lì xì dinh dưỡng: Hỗ trợ cả nhà mắt sáng – bụng êm – xương khoẻ​

Mẹ sắm liền nha mẹ ơi: https://bit.ly/3ODZHga",218,0,6,2026-02-13 12:01:41,Video
https://www.facebook.com/vinamilkofficial/posts/pfbid028Rd9E4qHLybSxw6Fh3UBWbiPMAaczQw5jseJF1nq9Kfp2oiiYQs1VjWLziMj2vJal," Tết đến, gia đình sum vầy, nhà nhà ngập tràn lời chúc. Nhưng có một câu chúc vừa vặn với mong cầu của mọi thành viên trong nhà. Là sức khỏe - động lực để những mong cầu thành hiện thực.

Có sức khỏe là cầu được ước thấy.

Tết này, hãy cùng Vinamilk trao quà sức khỏe đến người thân. Nghía xem gợi ý ngay dưới comment nhé!

#Vinamilk #VinamilkTet #ChucXuanSungSuc #MaDaoThinhVuong",197,65,3,2026-02-13 07:20:31,Photo
https://www.facebook.com/vinamilkofficial/posts/pfbid02rAGQXSAzVqKCXdwVLDKBf3sw2XmAe8PJCZjVBSA1MRxNjSf8Rhva7zsL37EA8suKl,"BÀY MÂM ĐỦ QUẢ - QUẢ THẬT LÀ TẾT 
​
Giữ nếp truyền thống bày mâm ngũ quả, năm nay Vinamilk gom cả vườn cây trái gói vào ""mâm đủ quả"", chờ nhà nhà đến rước. Chỉ một mâm mà bằng muôn lời chúc năm mới vừa ""kết quả - dừa ý"", vừa giàu sức khỏe.​
​
Rinh ngay thùng Tết Nước ép trái cây & Nước dừa tươi phiên bản giới hạn, cho vạn sự khởi đầu tươi! ​

#Vinamilk #VinamilkJuice #NuoctraicayVinamilk #ChucXuanSungSuc",65,1,1,2026-02-13 02:39:21,Photo
https://www.facebook.com/vinamilkofficial/posts/pfbid02rCzjfGQFsNRNKKG3VqBVzdDpJqNMBHcVVvopC4MHHkKU5FcZoQ2btrf5dKeAD2q6l,"  VẠN VỊ MÓN NGON, VẠN SỰ ĐỦ ĐẦY 

Tết sum vầy, bếp nhà thêm rộn ràng khi mâm cơm Tết được lên hương nhờ vị béo thơm của Sữa Ông Thọ. Từ kho thịt, nấu chè, làm bánh đến pha đồ uống… chỉ một chút Ông Thọ cũng đủ làm món Tết thêm tròn vị, đầy yêu thương.

Đa dạng hương vị, phù hợp cho mọi công thức để gian bếp Tết tròn đầy sắc, hương và vị.

#SuadacOngTho #ViNgonCungNamThang",56,0,5,2026-02-12 21:58:12,Photo
https://www.facebook.com/vinamilkofficial/posts/pfbid02r58g6g4V2TgxfYccEnarLUeuG6dL45f4vxmzxq3zgnhAW7R3SCsvghtk57rivFkUl,"KHAI XUÂN KHÔNG CỒN - TẾT NAY ĐÃ KHÁC!

Năm mới, mời cả nhà dzô kiểu mới với Kombucha! Gaz xì xèo vui miệng, đã thế lại không cồn, uống đãaa mà vẫn dư sức tiếp mọi mâm Tết.

Mại dzô thùng Tết Kombucha phiên bản giới hạn, cho một mùa Tết thả gaz - đủ vị, đủ đô, cho đủ độ tuổi! 

#Vinamilk #KOMBUCHAKIEUMOI #HAYDAY #ChucXuanSungSuc",66,2,3,2026-02-12 17:17:02,Photo
https://www.facebook.com/reel/1927776394494337/,"Năm mới Tết đến, ai ai cũng có cho mình những điều ước riêng.
Và sức khỏe chính là nền tảng vững vàng nhất, để mọi mong cầu thành hiện thực. Có sức khỏe, cầu được ước thấy.
Vinamilk chúc bạn Xuân Sung Sức - Mã Đáo Thịnh Vượng.

#Vinamilk #ChucXuanSungSuc #MaDaoThinhVuong",296,10,36,2026-02-12 12:35:53,Video
https://www.facebook.com/reel/897362946479871/,"Đón Tết với phiên bản khỏe hơn của chính mình, bắt đầu từ việc chăm sóc hệ tiêu hóa mỗi ngày cùng sữa chua uống Green Farm.

6 chủng men và lợi khuẩn châu Âu đầu tiên và duy nhất tại Việt Nam, mang đến nền sữa sánh mịn, chua béo ngọt lành.

Ăn Tết trọn vị, giữ dáng nhẹ nhàng.

*Theo tiêu chuẩn quốc gia CODEX
#Vinamilk #GreenFarm #Suachuauong #6chungmen",41,3,8,2026-02-12 13:01:21,Video
https://www.facebook.com/vinamilkofficial/posts/pfbid02yazQsXD29aP9Z1xGK5ZWAPhzs947cgMFsQJXjTDG4QZU2hLGTGDfr4DkEPfuatDgl," BẾP CÓ ÔNG THỌ - MÓN NGON TRÒN VỊ, PHÚC LÀNH CẢ NĂM 
 
Ngày Tết, mâm cỗ không chỉ để sum họp, mà còn để gửi gắm mong ước đủ đầy qua năm hành Kim – Mộc – Thuỷ – Hỏa – Thổ. Mỗi hành mang một ý nghĩa, và khi hiện diện cùng nhau trên mâm Tết sẽ tượng trưng cho sự hài hòa, hanh thông suốt cả năm.

✨ Kim – Vàng óng như lộc đầu xuân
 Mộc – Tượng trưng sinh sôi nảy lộc.
 Thuỷ – Thanh mát dịu êm, năm mới hanh thông.
 Hỏa – Sắc đỏ giữ lửa yêu thương, rực rỡ cả năm.
 Thổ – Nền tảng vững bền, nhà nhà ấm no.
 
 Tết này, hãy cùng Ông Thọ nấu mâm cỗ đầy đủ Ngũ hành để cầu năm mới đủ đầy – hanh thông nhé!

⭐ Thời gian tham dự Minigame: Từ nay đến hết 22/02/2026
⭐ Tham khảo thể lệ chi tiết tại: https://bit.ly/4kiFEQ9

 Tham gia ngay để Tết thêm tròn vị – Năm Mã thêm phúc lành! 

#SuadacOngTho #MamTetNguHanh #PhucLanhNamMa",451,1,12,2026-02-12 11:02:34,unknown
https://www.facebook.com/reel/1534630504272770/,"THÊM SỮA -  THÊM VỊ, NHÀ ĐÓN TẾT THÊM VUI 
Dọn tủ lạnh đón Tết kiểu:
❌Dọn đồ cũ
✅Dọn gọn đồ cũ để lấp đầy phần còn lại bằng đủ vị sữa từ nhà Sữa tươi Vinamilk 100%!
Tết này, chỉ cần tủ lạnh thêm sữa, thêm vị ngon là không khí trong nhà cũng vui lên gấp bội rồi đó 
Đừng quên dọn dẹp và “trang trí"" tủ lạnh bằng Sữa tươi Vinamilk 100% đa vị, chiều lòng mọi sở thích để cả nhà đón Tết trọn niềm vui, tròn dinh dưỡng nhá 
#Vinamilk #SuatuoiVinamilk100%",183,0,282,2026-02-12 09:03:47,Video
https://www.facebook.com/vinamilkofficial/posts/pfbid027wmvcPNkcWkmZ7a7BUWcfyQLDHwbp4KSL7ajwGS8LbjoWnG7YH6n354NKJZeHuMCl,"Tự hào được người tiêu dùng xếp hạng #1 về niềm tin An toàn thực phẩm.
Vinamilk luôn kiên định với ba giá trị: An toàn - Chất lượng - Minh bạch để mang đến sản phẩm tốt nhất cho mỗi gia đình Việt. 

#Vinamilk #TuHaoVinamilk #NiemTinAnToanThucPham",97,0,10,2026-02-11 03:53:03,unknown
https://www.facebook.com/vinamilkofficial/posts/pfbid0BQwZCvVn6p2fpzRkpJ7SGZRLa4vF2dyYYceeZX6ASonPS3vfrvr5gB378xuS1e4bl,"NGHI THỨC THƯỞNG VỊ TẾT MỚI MÀ BẠN CHƯA TỪNG TRẢI!
Bước 1: Mở vị sữa chua men Hy Lạp 30 năm tuổi – mượt mà, giàu đạm
Bước 2: Úp Granola siêu hạt thượng hạng – cho năm mới giòn tan, lộc hạt đầy nhà.
Bước 3: Nhắm mắt & cảm nhận – vị chua béo hài hòa, đặc mịn, no lâu mà vẫn nhẹ bụng.
Bước 4: Tự mình trải nghiệm & kiểm chứng vị ngon đã được vinh danh
Sữa chua ăn ngon nhất thế giới năm 2025.

#Vinamilk #GreenFarm #Suachuamenhylap #suachuacaodam",67,0,4,2026-02-09 22:42:19,Photo
https://www.facebook.com/vinamilkofficial/posts/pfbid0z1ZfULvUTnyXXKAULwhL2ShuxZSCjqyTqhGYDskrEbnQ42XBUvV9iwikVq84GMYUl,"ĐẦY LY ĐỦ CHẤT - ĐÓN TẾT ĐỦ VUI!
 
Tết này, sữa tươi Vinamilk 100% đã bày cả mâm đủ quả, đủ vị, đủ chất! Mẹ tha hồ sắm ""sữa"" làm lì xì, thể nào bé cũng thích mê!
 
Mời mẹ rước “mâm” sữa tươi phiên bản giới hạn tại mọi cửa hàng Vinamilk trên toàn quốc!",1819,3,8,2026-02-08 17:31:35,Photo
https://www.facebook.com/vinamilkofficial/posts/pfbid02HGh9eCaUpynjiKZQpPdYuR4sb7z6h8Zq6sYobjPE4mGSStWAbcm7UtUR7RJsqccAl,"MÓN RUỘT ĐẦY TỦ  
KẾT MỌI MÂM TẾT ​

 Cứ đến Tết là ê hề thịt mỡ, bánh chưng, chả giò. Bữa nào cũng đầy mâm, món nào cũng khó cưỡng, khiến đường ruột phải ""tăng ca"" hoạt động hết công suất.​

Muốn ăn Tết hết lòng, sắm ngay tuyển tập món ruột Vinamilk giúp đường tiêu hóa êm nuột, hanh thông:​
 Sữa chua Ít đường và Sữa chua Lựu đỏ Ít đường, bổ sung 12 triệu men sống Bulgaricus hỗ trợ tiêu hoá.​
 Probi Ít đường, Probi Đào Ít đường, Probi Việt quất và Probi Không đường với hàng tỷ lợi khuẩn L. CASEI 431™, hỗ trợ tăng đề kháng.​
​
 Rinh ngay Probi và Sữa chua ăn Vinamilk, sẵn sàng kết mọi mâm Tết!",3115,4,16,2026-02-07 12:20:51,Photo
https://www.facebook.com/reel/974324642434538/,"✨ Đừng bỏ lỡ “bộ đôi du xuân” vạn người mê từ nhà Vinamilk ✨
 
Tết này xuống phố sao thiếu được chiếc Túi trong suốt trendy cân mọi outfit, hay bộ Bao lì xì ép kim sang chảnh sẵn sàng để khai xuân rạng rỡ. Vừa xinh vừa hợp để du xuân, bảo sao nhiều người đang săn lùng ráo riết.
 
Tranh thủ ghé siêu thị hoặc cửa hàng Vinamilk gần nhất để săn quà, kẻo hết là tiếc hùi hụi đó 
 
Tiện công săn quà, nhớ trữ sẵn combo Probi & Sữa chua ăn đầy tủ để bụng luôn êm ru, nhẹ tênh suốt mùa bánh chưng thịt kho. Ăn Tết ngon là bụng phải khoẻ cái đã ✨

#Vinamilk #SuachuaanVinamilk",442,7,5,2026-02-06 07:10:07,Video
https://www.facebook.com/vinamilkofficial/posts/pfbid04yDzgdS74St2TL7WWBrym67rqjGC9F21JNG4fPVVPYmERwrnxdmtiG4MRUfhpQhml," MINIGAME ""CÙNG ÔNG THỌ KHAI MÂM NGŨ HÀNH – PHÚC LÀNH NĂM MÃ""

Theo dân gian, món ăn ngày Tết không chỉ để ngon miệng mà còn mang ý nghĩa cân bằng Kim - Mộc - Thuỷ - Hỏa - Thổ, gửi gắm mong ước may mắn, đủ đầy cho năm mới.
Tết này, hãy cùng Ông Thọ vào bếp, nấu món hợp mệnh để khởi đầu năm Mã thật hanh thông, phúc lành và rực rỡ.

CÁCH THỨC THAM GIA CỰC DỄ 

 Bước 1: Sử dụng Sữa đặc Ông Thọ nấu món ăn theo mệnh của bản thân, người thân hoặc mâm cỗ đầy đủ Ngũ Hành (Kim, Mộc, Thủy, Hỏa, Thổ).
 Bước 2: Đăng tải hình ảnh hoặc video lên Facebook/ Tiktok kèm câu chuyện muốn chia sẻ cùng hashtag: #SuadacOngTho #MamTetNguHanh #PhucLanhNamMa

Tham gia ngay & trở thành chủ nhân của những giải thưởng siêu giá trị:
 01 Giải Nhất: Máy rửa chén Hafele trị giá 15.510.000 VNĐ dành cho bài thi nấu mâm cỗ đầy đủ ngũ hành.
 05 Giải Nhì: Mỗi giải 1 Nồi lẩu hấp điện 3 tầng Elmich trị giá 1.999.000 VNĐ dành cho bài thi nấu món ăn theo mệnh.
 50 Giải Khuyến Khích: Mỗi giải 1 Voucher mua sản phẩm Ông Thọ trị giá 100.000 VNĐ dành cho bài thi tương tác cao nhất.

 Thời gian: Từ nay đến hết 22/02/2026
⭐ Tham khảo thể lệ chi tiết tại: https://bit.ly/4kiFEQ9
 Tham gia ngay để Tết thêm tròn vị – Năm Mã thêm phúc lành! 
#SuadacOngTho #MamTetNguHanh #PhucLanhNamMa",2801,98,93,2026-02-05 13:27:00,unknown
https://www.facebook.com/vinamilkofficial/posts/pfbid02USXYSRfZv2ov3CDFJwTox7RZawPzA6sYujWeRi11D2KPNVfgtiEUwQ3TKdC2cp6dl,"Tập xong, mồ hôi còn chưa kịp khô là đã thấy ""Trạm nạp Dinh dưỡng trước và sau tập"" của Vinamilk chờ sẵn  Một ngụm Sữa Tự Do mát lạnh, thêm quà xinh mang về, cả buổi tập bỗng nhẹ nhàng hơn hẳn.​
​
️ Cà phê Latte và Sôcôla, mỗi vị ngon một kiểu, nhưng đều giúp nạp năng lượng gọn nhẹ, để khi tập không lo đói, tập xong không lo nặng bụng mà vẫn hỗ trợ kiểm soát cân nặng. Dù lịch tập hay lịch làm việc dày cỡ nào, cơ thể vẫn cần đủ năng lượng để bạn có thể vừa làm việc, vừa theo đuổi công cuộc duy trì vóc dáng. ​

""Trạm nạp Dinh dưỡng trước và sau tập"" của Vinamilk tại California Fitness & Yoga vẫn đang diễn ra  Đến ngay những ""trạm"" tiếp theo và cùng trải nghiệm dinh dưỡng tự do, hỗ trợ kiểm soát cân nặng​ với Vinamilk nhé. ​

Check ngay danh sách các ""trạm"" ở phần bình luận!",109,5,6,2026-02-04 19:43:53,unknown
https://www.facebook.com/reel/1431728237861304/,"Tinh chỉnh từng phân tử dưỡng chất – Bí quyết từ công nghệ siêu vi lọc
Chỉ với màng lọc vật lý, Vinamilk Green Farm đã:
✅Giảm 60% chất béo một cách tự nhiên
✅Giữ lại đạm và canxi nguyên chất từ sữa tươi.
✅Tạo nên vị sữa tươi mỏng nhẹ, dễ uống
Bạn đã sẵn sàng trải nghiệm sự khác biệt từ khoa học và thiên nhiên?
#Vinamilk #GreenFarm #CaodamItbeo",67,10,14,2026-02-04 02:00:47,Video
https://www.facebook.com/reel/2148167699287839/,"TRAO QUÀ SỨC KHỎE - CHÚC XUÂN SUNG SỨC

Không Tết nào thiếu được quà quý, kèm theo những mong cầu gửi đến người thương. Nhưng sức khỏe chính là lời chúc trọn vẹn nhất, khởi đầu cho vạn sự như ý.
 
Tết này, hãy cùng Vinamilk trao quà sức khỏe, thay cho mọi lời chúc.
Trọn bộ thùng Tết phiên bản giới hạn đã có mặt tại các chuỗi siêu thị và cửa hàng Vinamilk trên toàn quốc.
#Vinamilk #ChucXuanSungSuc",2434,60,34,2026-02-03 13:30:15,Video
https://www.facebook.com/reel/1608197620199478/,"Bữa xế kiểu healthy!
#Vinamilk #GreenFarm #Suachuauong #6chungmen",43,0,0,2026-02-03 13:01:04,Video
https://www.facebook.com/vinamilkofficial/posts/pfbid02gyYDmawG57ZTnsB3GcKPkFzqXQ8T2w8Xtsr87XVnxfDR9gYeEkv2FZYJMJCtBtGPl,"Phòng sạch rót sữa là ""trái tim"" của nhà máy sữa bột Vinamilk, khép kín và vô trùng toàn phần với tần suất lọc không khí lên tới 25 lần mỗi giờ. Nhờ vậy, sữa bột được ""cách ly"" hoàn toàn khỏi bụi bẩn và các nguy cơ phơi nhiễm. 
Mẹ có muốn đến thăm nhà máy sữa bột của Vinamilk không?",260,20,26,2026-02-03 06:09:40,Photo
https://www.facebook.com/vinamilkofficial/posts/pfbid0ScvSjfjfceG1CGnXj23vby5z7vkS2DBLDuGAdC7bcVzgof91VJ3B9XX3m8veZUV7l,"BỘ TỨ LỢI ÍCH​
BÉ KHỎE TOÀN DIỆN​

Bé mà không tò mò bày trò, chắc không phải là con nít nữa rồi ​

Ở độ 1-4 tuổi, bé nào cũng có vô vàn cách để khám phá thế giới: qua giác quan, qua hành động hay ngàn câu hỏi “vì sao mẹ ơi”! Từ bàn ăn phong phú mỗi ngày, đầy hương vị mới mẻ kèm những hội thoại thú vị - ta có thể khơi gợi hứng thú và nuôi dưỡng trí tưởng tượng cho con.​

Sữa chua ăn SUSU cùng Vitamin A, nhóm B, Canxi và chất xơ hoà tan, mang tới “bộ 4 lợi ích” giúp hỗ trợ nền tảng sức khỏe của bé thêm vững vàng. Mẹ thêm an tâm để bé thỏa sức khám phá mọi điều trên thế giới mỗi ngày với:​
 Tiêu hoá khoẻ​
 Đề kháng tốt​
 Răng cứng cáp​
 Mắt thêm sáng​

Đem “bộ 4 lợi ích” về nhà ngay nha mẹ ơi: https://bit.ly/3M82iy3

#SuachuaSUSU #tottieuhoa #khoedekhang #dinhduongdoidao",1974,20,12,2026-02-02 23:18:16,Photo
https://www.facebook.com/vinamilkofficial/posts/pfbid0njHZ6AJgbn28fHZJY9r2JYeoMfLHXPzw7AKPKsGPD9n5r9hm6nfuw6jK2HFWaXS6l,"Lần đầu bé uống sữa tươi? Chọn loại thật êm ái!
Đạm Quý A2 trong siêu sữa tươi Vinamilk Green Farm A2 không tạo ra BCM7 – một peptide có thể gây khó chịu tiêu hóa như đầy hơi, chướng bụng.
Cho bé yêu khởi đầu thật dễ chịu!
#Vinamilk #GreenFarmA2 #DamQuyA2",56,0,4,2026-02-02 16:26:53,Photo
https://www.facebook.com/vinamilkofficial/posts/pfbid06eCjBMzscWLzMdC2fQhe2LpqRPkNJAZ4SNzMq5a4bKZWqqYh9QLjPTEWzrmeidT6l,"Nếu mỗi tối đều kết bằng một hũ sữa chua Táo đỏ Kỷ tử, bạn có tin mỗi giấc ngủ của bạn đều được cả một ""biệt đội"" chăm lo?

 160 mg trợ lý giấc ngủ L-Tryptophan
 Bộ đôi Táo đỏ – Kỷ tử, vừa mát vừa bổ
 12 triệu men sống Bulgaricus châu Âu cho êm bụng, êm giấc

Người người phấn đấu mỗi ngày hai hũ sữa chua Táo đỏ Kỷ tử.
Ăn dzấc ngon, ngủ một dzấc ngon: https://bit.ly/3ZIgz7R",104,27,6,2026-02-02 09:35:29,Photo
https://www.facebook.com/vinamilkofficial/posts/pfbid02FSsKhpEsEcAVxmhYsD9wi3ctXthw1Qq4GP61CwNmhGugSnRzakKmc1BnHnZhGzANl,"Thực phẩm khi đi vào cơ thể là không thể sửa sai, đặc biệt là sữa bột trẻ em.
Mỗi sản phẩm sữa bột Vinamilk phải vượt qua “trùng trùng lớp lớp"" khâu kiểm duyệt để đảm bảo độ an toàn và tinh khiết chuẩn quốc tế. Đó chính là cam kết của Vinamilk, tất cả vì sức khỏe Việt Nam.",643,72,112,2026-02-02 02:44:06,unknown
https://www.facebook.com/vinamilkofficial/posts/pfbid0ELSDKTqzvx4SbbiKRB7ZgsYyh5RZPhaGwdp461Twj223TCintZc49EsfUf26tiaxl,"BỮA PHỤ NGON LÀNH, ĐẶC MỊN NO LÂU! 

Từ men Hy Lạp 30 năm tuổi - từ đảo Crete và có đến 5gr đạm  mỗi hộp mang đến nguồn năng lượng lành mạnh, no lâu mà vẫn nhẹ bụng.
Từ 2 bộ nguyên liệu đặc sản: Mật ong hoa cà phê và ngũ cốc - Cà phê Robusta và Arabica Tây Nguyên và sô cô la hạt, tạo nên sự kết hợp hương vị độc đáo 

Là sản phẩm đã chinh phục Ngành Sữa Thế Giới năm 2025 để giành danh hiệu Sữa chua ăn ngon nhất (Best Yogurt).

Mời bạn thưởng thức ngay, cho năm mới thật mượt mà!
#Vinamilk #GreenFarm #Suachuamenhylap #suachuacaodam",97,5,12,2026-02-01 19:52:42,unknown
https://www.facebook.com/reel/1609815957133785/,"Một ngày sát tết chi hơn 700 triệu sẽ như thế nào??
#Vinamilk #GreenFarm #Suachuauong #6chungmen",46,2,0,2026-02-01 13:01:19,Video
https://www.facebook.com/reel/1226413338909563/,"Thực đơn eat clean đón Tết: nhẹ bụng, nhẹ dáng cho dân văn phòng.
#Vinamilk #GreenFarm #Suachuauong #6chungmen",53,2,2,2026-01-31 13:01:24,Video
https://www.facebook.com/reel/1408856457706657/,"✨Giữa vô vàn điều ước Tết, sức khỏe là nền tảng vững vàng nhất để mọi mong cầu thành hiện thực.
 Vinamilk chúc bạn Xuân Sung Sức - Mã Đáo Thịnh Vượng
#Vinamilk #ChucXuanSungSuc",1145,25,98,2026-01-31 03:21:24,Video
https://www.facebook.com/reel/25576975315328854/,"Gợi ý bữa phụ lành mạnh để sẵn sàng đón tết!
#Vinamilk #GreenFarm #Suachuauong #6chungmen",40,0,3,2026-01-30 13:00:50,Video
https://www.facebook.com/reel/824698490592074/,"PHA SỮA SÔCÔLA MARSHMALLOW - ĐÃI BẠN ĐẾN CHƠI NHÀ!☕️
 
Bạn đến chơi nhà đầu năm mới? 
Chỉ cần một nụ cười thật tươi và một ly sữa Sôcôla đậm đặc ngon ngất ngây cùng marshmallow thơm mềm là đủ combo đãi bạn rồi đó!!
 
Công thức siêu đơn giản:
Bước 1️⃣: Làm ấm sữa Vinamilk 100% vị Sôcôla đậm đặc – phiên bản mới với sữa tươi tách béo và hàm lượng sôcôla gấp 2,5 lần so với bản cũ. Sánh mịn, đậm đà, đã ơi là đã 
Bước 2️⃣: Phủ lên trên một lớp marshmallow tan chảy hoặc kem béo cho đầu năm mới ngọt ngào 
 
Chỉ cần vậy thôi là đã có ly sữa Sôcôla đậm đặc cùng marshmallow thơm ngon để nhâm nhi với 7749 câu chuyện đầu năm rồi!
Tết này thử ngay nha  https://bit.ly/VNM_SocolaDamDac",296,5,8,2026-01-30 13:00:43,Video
https://www.facebook.com/vinamilkofficial/posts/pfbid03111PMj1mMaVBR8pEqnqsALYJc5Eb2WWDheqHCPBtrY5dke5wFrdULBnFXocWMmK3l," TRÚNG TIẾNG SÉT ÁI KEM!⚡ 

Với hóa đơn từ 120,000 VNĐ mua Kem viên, Kem Gelato tại Cửa hàng Vinamilk toàn quốc, bạn được tặng ngay 01 HỘP ĐỰNG KEM MÙA VALENTINE phiên bản GIỚI HẠN – xinh xắn, tiện lợi, chuẩn quà tặng người thương  
  
 Thời gian: 01/02 – 15/02/2026 
 Địa điểm: Các Cửa hàng Vinamilk toàn quốc 

 Quà tặng số lượng có hạn – ai nhanh tay là người dangiu  

 Xem chi tiết & danh sách cửa hàng tại link: https://www.vinamilk.com.vn/events-news/trung_tieng_set_ai_kem",4309,35,50,2026-01-30 01:00:42,Photo
https://www.facebook.com/reel/2062305944609235/,"Chuẩn bị cho chuyến đi Tết? Đây là tổng kết chi tiêu cho bạn tham khảo: 720 triệu...lợi khuẩn
#Vinamilk #GreenFarm #Suachuauong #6chungmen",25,0,1,2026-01-29 13:00:41,Video
https://www.facebook.com/reel/1539191977154855/,"Collection xứng đáng nên FOMO mùa tết này của Vinamilk 
 
Vinamilk vừa tung collection quà tặng nhìn là muốn ""chốt đơn"" ngay để diện Tết này:
✨ Bao lì xì: Thiết kế sang - xịn - mịn, cầm trên tay là thấy Tết Bính Ngọ rực rỡ. 
✨ Túi trong suốt trendy: Chọn chiếc túi vừa sang vừa tiện lợi này để “đẹp suốt năm”, mix kiểu nào cũng xinh.
 
Đồ xinh số lượng có hạn nên tranh thủ săn liền tay kẻo hết thì tiếc lắm.
 
Tiện công săn túi, đừng quên trữ sẵn thật nhiều Probi & Sữa chua ăn để chiếc bụng luôn êm ru, nhẹ tênh suốt mùa tiệc tùng bánh chưng, thịt kho sắp tới.
#Vinamilk #Probi #EmBungNgayTet",575,124,20,2026-01-29 04:30:44,Video
https://www.facebook.com/reel/1039099488438734/,"Tăng 65% đạm tự nhiên – Bí quyết từ công nghệ siêu vi lọc!
10 lít sữa tươi tinh khiết được chiết lọc thành 5 lít sữa cao đạm, không bổ sung whey – giữ trọn dưỡng chất tự nhiên cho bạn.
Mời bạn thử ngay
#Vinamilk #GreenFarm #caodamitbeo #sieuviloc",43,0,3,2026-01-29 03:37:26,Video
https://www.facebook.com/reel/1652843295880148/,"Bữa sáng cho người lười!
#Vinamilk #GreenFarm #Suachuauong #6chungmen",49,0,6,2026-01-28 13:00:47,Video
https://www.facebook.com/vinamilkofficial/posts/pfbid0SGwHgacuixnDuxrbwXzL9T81hCn7d6TfeMfCZVSXMweTsLRAssRSooyksHPknHZgl,"Bạn chuẩn bị bước vào buổi tập mới? Hay vừa hoàn thành set tập hôm nay tại California Fitness & Yoga? Đừng quên ghé ngay ""Trạm nạp Dinh dưỡng trước và sau tập"" của Vinamilk để nạp năng lượng, bổ sung chất và góp thêm cơ với ""bữa ăn hỗ trợ kiểm soát cân nặng"" nhé.​
​
Tại Trạm nạp dinh dưỡng, bạn có thể:​

Thưởng thức ngay bộ đôi hương vị được yêu thích Cà phê Latte & Sôcôlala Vinamilk Tự Do ​
 Nhận quà xinh - mang về Bữa ăn hỗ trợ kiểm soát cân nặng cùng những phần quà hấp dẫn khác​
⚡ Bổ sung năng lượng nhanh – gọn – ngon chỉ trong vài phút, phù hợp nạp năng lượng trước hoặc sau buổi tập​

Ghé liền các Trạm nạp dinh dưỡng gần nhất tại California Fitness & Yoga, để dù trước hay sau buổi tập bạn vẫn đủ chất – đủ khỏe – đủ tự tin trên hành trình giảm cân!​

 Check liền các địa điểm dưới đây để nạp ngay dinh dưỡng!",1730,13,21,2026-01-28 05:00:51,unknown
https://www.facebook.com/vinamilkofficial/posts/pfbid0ew3gtuwxDwPZjxdGdUXjrdrKqrM99FXDFANAkAaRJhqeqWN9jpVibSHxsZABnq1Wl,"Đằng sau mỗi giọt sữa A2 là cả một hành trình kỳ công!
Green Farm chọn lọc phả hệ 3 đời của từng cá thể bò sữa, tuyển chọn giống bò Holstein Friesian trứ danh nhập khẩu từ Mỹ & châu Úc. Chưa hết, thẩm định kỹ lưỡng bằng cách xét nghiệm gen* từng cá thể – để đảm bảo nguồn sữa chỉ chứa đạm quý A2, dễ tiêu hóa dễ hấp thu.
Mời mẹ mua ngay!

(*) Vinamilk xét nghiệm gen và mẫu sữa từ bò A2 thông qua hệ thống viện kiểm nghiệm BVAQ Food Testing Laboratory, trực thuộc Bureau Veritas.
 #Vinamilk #GreenFarm #damquyA2 #sieusuatuoia2",59,0,9,2026-01-27 21:00:55,Photo
https://www.facebook.com/reel/25669750306008076/,"Tết cận kề, công việc bộn bề – đừng quên nạp năng lượng để làm việc ""trơn tru"" nhé!
#Vinamilk #GreenFarm #Suachuauong #6chungmen",48,0,0,2026-01-27 13:01:00,Video
https://www.facebook.com/vinamilkofficial/posts/pfbid02d3j7EpZPVSnwgLbDWHDAuJxBm1jqaJXffRZZMGhaxn4ZbBuvjAAFhhBwK5M7kxSFl,"Những nước cờ thông minh, những ánh mắt tập trung và khoảnh khắc chiến thắng mở ra đầy tự hào ✨ 

♟️Đồng hành cùng hơn 60.000 kỳ thủ nhí tại Giải Cờ vua học sinh Báo Thiếu niên Tiền phong & Nhi đồng 2025 – 2026, Vinamilk Sữa tươi 100% tự hào tiếp năng lượng và sự tự tin qua từng hộp sữa, giúp các bé vững vàng bản lĩnh để  chinh phục mọi thử thách từ bàn cờ ra cuộc sống. 

Cùng Vinamilk nhìn ngắm hành trình nỗ lực và tỏa sáng của các kỳ thủ nhí ngay tại đây nhé 

#Vinamilk #SuatuoiVinamilk100%",187,0,296,2026-01-27 01:01:09,unknown
https://www.facebook.com/reel/881308714626437/,"THÊM ÊM BỤNG - BÉ DỄ TIÊU HOÁ CÙNG ĐẠM A2​

Hệ tiêu hoá của bé còn quá nhỏ để nói thành lời, nên mỗi lần khó tiêu, khó chịu là “bụng sữa” nhắn mẹ: Bé cần một lựa chọn dịu dàng hơn.​

Sữa dinh dưỡng Vinamilk bổ sung dinh dưỡng không chỉ giúp bé mắt sáng - xương khỏe, nay còn dễ tiêu hoá, dễ hấp thu*, thêm êm chiếc bụng hơn vì thành phần chứa Đạm A2 100% từ Mỹ.​

Mẹ cho bé thử ngay, để bụng “chấm điểm” Sữa dinh dưỡng A2 nhé: https://bit.ly/4a04ika
----------​

*So với đạm A1",279,11,11,2026-01-26 13:01:18,Video
https://www.facebook.com/vinamilkofficial/posts/pfbid0YyBKZ4hi5RFTpLyR58CGSQJ2jSpfhtwncXT8fSHE2GadBLeFYjkyZVawifYBqWMKl,"RIDIELAC TẶNG BÉ HÀNH TRANG
KHÁM PHÁ MUÔN VỊ ĐẦU ĐỜI
 
Bữa ăn dặm đầu đời là cả một hành trình kỳ thú – và bé cần một bộ hành trang thật xịn để tự tin lên đường. Ridielac đã xếp sẵn vali, cho mẹ và bé khởi hành những chuyến ăn dặm rõ vị - cân đối dinh dưỡng. Mời mẹ xem vali có gì kèm theo bột ăn dặm Ridielac nhé! ‍
 
Bộ 2 thìa, ăn ngoan, tự lập – khi mua 1 hộp
Đĩa xinh, ăn sạch sành sanh – khi mua 2 hộp
Lục lạc, ăn vui rộn ràng – khi mua 3 hộp
 
 Áp dụng cho các sản phẩm Ridielac tại cửa hàng bán lẻ kênh truyền thống trên toàn quốc. Mẹ liên hệ chủ cửa hàng để chọn đúng sản phẩm áp dụng chương trình nhé.
⏰ Thời gian: đến hết 28/02/2026
 
#RidielacMoi #CanDoiDinhDuong #RoVi #NguyenLieuThat",48,4,2,2026-01-25 12:04:48,Photo
https://www.facebook.com/vinamilkofficial/posts/pfbid0dmmrXJftBgmYdezzWqejG25oWRpnsbL55tTmX1se4bDfhRwgbiFVteRZ57esioSVl,"✨ Ra mắt lần đầu Gelato Cà Phê Vinamilk thơm mịn đậm vị Ý.
Nơi Robusta phối Arabica đắng nhẹ, trên nền kem sữa êm mướt rắc hạt cà phê rang xay☕",213,8,12,2026-01-24 11:08:18,Photo
https://www.facebook.com/vinamilkofficial/posts/pfbid02ifVz9Nw6pPWkmmEeUfje85GGm576LitZGhmm469rAU9XDGWt37xD6UyACSxmhZu7l,"MÓN QUÀ ĐẶC MỊN TỪ CHỦNG MEN DI SẢN  30 NĂM TUỔI? 

Chủng men Streptococcus thermophilus hơn 30 năm tuổi – gìn giữ từ đảo Crete, nơi nổi tiếng với lối sống Địa Trung Hải lành mạnh và tuổi thọ cao – chính là bí quyết tạo nên chất sữa chua độc đáo của Green Farm.

Tết này, mở bát xanh mướt – mở năm mướt mượt cùng Sữa chua men Hy Lạp Green Farm!

#Vinamilk #GreenFarm #Suachuamenhylap #suachuacaodam",75,3,11,2026-01-23 10:11:48,Photo
https://www.facebook.com/vinamilkofficial/posts/pfbid0Yr5bfteMjXY3D5eFD5vBGsBZQ2Evq6v8DktLFmMW5wR5kuqFPERN4pVGwWFCR3RNl,"SỮA CHUA UỐNG SỆT ĐẦU TIÊN VÀ DUY NHẤT TRÊN THỊ TRƯỜNG
 
Có 6 chủng men và lợi khuẩn! Hệ lợi khuẩn nhiều gấp 3 lần so với mức tối thiểu* của sữa chua thông thường giúp tăng khả năng cân bằng hệ vi sinh đường ruột, tốt cho hệ tiêu hóa.

Cùng Sữa chua sệt Green Farm ""mở bát"" xanh mướt mở năm mướt mượt! 

*Theo tiêu chuẩn quốc gia CODEX
#Vinamilk #GreenFarm #Suachuauong #6chungmen",104,5,13,2026-01-22 09:15:18,unknown
https://www.facebook.com/reel/738041032709166/,"⚡️⚡️⚡️UỐNG SUSU - SĂN TRỌN BỘ SIÊU XE HOT WHEELS!

Nhận ngay 1 món quà cực chất khi mua Susu với hóa đơn chỉ từ 360K:
️ Siêu xe Hot Wheels hót hòn họt hoặc
✨ Máy sưởi cầm tay đáng yêu cho bé
 Số lượng quà tặng có hạn - sưu tầm quà xịn cho bé nhé mẹ ơi!

*Sản phẩm áp dụng: Sữa chua uống, Thức uống Sữa Trái Cây, Thức uống Ca Cao Lúa Mạch, Nước Rau củ các loại thuộc nhãn hiệu Vinamilk SuSu và Hero.

*Thời gian áp dụng: Đến hết 28/02/2026 hoặc đến khi hết quà tặng tùy điều kiện nào đến trước

#SuSu #Hotwheels #maysuoicamtay #suutapsieuxe",78,25,17,2026-01-21 08:18:48,Video
https://www.facebook.com/vinamilkofficial/posts/pfbid0TfRcFBVumiy5RSGqSQbXiU4zmYxSfB4YrCcyf2Ea1bZ1JbHhMjpquQzEpSDxViUYl,"Muốn bổ sung đạm nhưng lo khó tiêu?
Vinamilk Green Farm sử dung công nghệ Siêu Vi Lọc từ châu Âu, loại bỏ phần lớn lactose và tinh chỉnh dinh dưỡng ở cấp độ phân tử.
✅ Không bổ sung whey để tăng đạm
✅ Lọc hoàn toàn từ 100% sữa tươi 
Thử ngay!
#Vinamilk #GreenFarm #CaodamItbeo",82,1,7,2026-01-20 22:37:08,unknown
https://www.facebook.com/reel/3227873627372472/,"MATCHA DỪA NGON  THANH NGẬY DZỪA MIỆNG 

Matcha thôi chưa đủ?
Thêm Vinamilk 100% vị dừa cho dzừa miệng, dzừa ngon! 

Sữa tươi Vinamilk 100% Dừa cho vị ngon béo thơm vừa đủ, hệt như cơm dừa tự nhiên, kết hợp cùng matcha đậm vị. Uống một ngụm là đủ ngon nhức nách, đủ mới lạ rồi đó 

Pha ngay một ly matcha dừa ngon, dzừa miệng để đổi vị mấy ngày Tết liền nha 

 Sữa dừa thơm ngon mời bạn quẹo lựa  https://bit.ly/3Nm5OFD 

#Vinamilk #SuatuoiVinamilk100%",315,8,49,2026-01-20 12:55:29,Video
https://www.facebook.com/reel/1967778043814811/,"Lần đầu tiên tại châu Á!
Vinamilk Green Farm Sữa tươi A2 đạt chuẩn Clean Label Project với 5 KHÔNG:
❌ Không dùng hormone tăng trưởng
❌ Không dư lượng thuốc bảo vệ thực vật
❌ Không dư lượng thuốc trừ sâu
❌ Không dư lượng kim loại nặng
❌ Không dùng chất bảo quản
Chuẩn mực quốc tế – an tâm cho bé yêu lần đầu làm quen với sữa tươi!

 #Vinamilk #GreenFarm #damquyA2 #sieusuatuoia2",71,3,21,2026-01-20 03:01:01,Video
https://www.facebook.com/vinamilkofficial/posts/pfbid0aSuf4AAnr29sCvgtHDnHznzTwRADZq9Pxahd7wUciuxeWNm7XUHD56PpEPaHyzxGl,"BẠN CÓ BIẾT? ​
Một hộp Vinamilk Flex 180ml có lượng Canxi tương đương 387g tôm biển*!​
​
Độ tuổi nào cũng cần bổ sung hàm lượng Canxi phù hợp, nhưng đôi khi bữa ăn hằng ngày thật khó để chúng ta đáp ứng đủ. Thêm Vinamilk Flex Giàu Canxi vào khẩu phần ăn sẽ hỗ trợ bạn hạn chế loãng xương và củng cố hệ xương thêm chắc khỏe. Không chỉ giàu Canxi, Flex còn sẵn sàng “ghi điểm"" nhờ:​

 CÓ VITAMIN D3 – ""Chìa khoá"" quan trọng giúp cơ thể hấp thu Canxi hiệu quả. ​
 KHÔNG LACTOZA – Êm bụng, dễ tiêu hóa, lý tưởng cho những chiếc bụng bất dung nạp Lactose.​
 KHÔNG ĐƯỜNG** – Vị ngon tự nhiên từ sữa, lựa chọn nhẹ nhàng cho những ai theo đuổi lối sống lành mạnh.​

Chỉ một bước đơn giản để nuôi dưỡng hệ xương chắc khỏe, chọn Flex Giàu Canxi Không Lactoza ngay hôm nay: https://bit.ly/4t5c5pB

#Vinamilk #SữaVinamilkFlex​
----​
Lưu ý​
*Tính trên phần ăn được của tôm biển đề cập trong Bảng thành phần thực phẩm Việt Nam (Nhà xuất bản Y học, 2007).​
**Không bổ sung đường Sacaroza",6139,63,47,2026-01-19 09:36:54,Photo
https://www.facebook.com/vinamilkofficial/posts/pfbid0TqMzePYJQpFrmcbXxpAygScGKR4Sa2RhAv3A8xeJesY2vRjEpZ8iQwCYwfhThyE8l,"MẸ HIỂU BÉ YÊU ​
QUA VỊ SUSU BÉ IU ​

Thông điệp từ vũ trụ đã tới, mẹ mau khám phá “cung vị giác” của bé iu  ​

Khẩu vị cũng tiết lộ một phần tính cách như cung hoàng đạo đó mẹ ơi! Cùng sữa chua ăn SUSU “trải bài” để tìm ra cung của bé nhé.

 Vị dâu chuối: bước tới đâu là tiếng cười theo tới đó, luôn rộn ràng và thích thể hiện tình cảm. ​
 Vị táo chuối: sinh ra là để hỏi “tại sao”. Bé thích mày mò nên đầu óc luôn hoạt động 1000% công suất​
 Vị truyền thống: những “ông bà cụ non” chính hiệu, sống tình cảm và hay quan tâm mọi người xung quanh. ​

Trả bài cho vui, nhưng dinh dưỡng trong sữa chua ăn SUSU là tốt thật đó mom ơi!​

✨Nhờ có Vitamin A, nhóm B, Canxi và chất xơ hoà tan, SUSU cho con nền tảng sức khỏe vững vàng để bé dạn dĩ khám phá đa vị mới qua mỗi bữa ăn. ​

Khám phá “cung vị giác"" của bé cùng SUSU ngay!

#SuachuaSUSU #tottieuhoa #khoedekhang #dinhduongdoidao",2601,90,1688,2026-01-18 16:12:47,unknown
https://www.facebook.com/vinamilkofficial/posts/pfbid08E3n7ojLNWirpKYveANYiDjwKVSzCUQPkhN5jyYvoU6M33JFTN2QxkAxG9qPfjA4l," Cả nhà tò mò món lạ?
Mẹ chiều hết cỡ vì đã chuẩn bị bụng khoẻ cho cả nhà, đều đặn thói quen ăn sữa chua Vinamilk Nha Đam Ít đường: 
 Thạch nha đam giòn dai - bé nhai hoài không chán​
 Chất sữa chua dẻo mịn, ít đường - ba không hảo ngọt, gật đầu tấm tắc​
‍♀️ 12 triệu men sống Bulgaricus giúp bụng thêm khỏe - mẹ luôn yên tâm​

 Cả nhà ơi, cùng phấn đấu đạt danh hiệu Gia đình ""tiêu hóa""!​

#Vinamilk #BungKhoe #AnDaMieng",70,10,1,2026-01-17 22:48:40,Photo
https://www.facebook.com/vinamilkofficial/posts/pfbid02SgXQu8k4pPhwpCjhTgwCH7sDQf3giR8Wc3k61KzWb6UqegvkmmM2D4aPTG25e21hl,"CHẢ GIÒ NHIỆT ĐỚI SỮA CHUA - CHẢ THỂ NÀO CHÊ 

Tiệc cuối năm bộn bề mà 9 người thì 10 ý: người thích ê hề, người lại sợ ngán?
Để Vinamilk giới thiệu ""Hoa hậu thân thiện"" của bàn tiệc cuối năm, chiều mọi nết bụng - Chả Giò Nhiệt Đới Sữa Chua Ít đường!

 Dính dính: vị chua thanh siêu hợp trái cây tươi mát và lớp vỏ giòn tannn
 Xốt dẻo: chất dẻo mịn thay thế mayo, trộn đều tương ớt cay cay hết sảy!

Có món chả giò, tiệc tùng chả lo! ""Chấm"" ngay!
—------
⤵ ĐI CHỢ
Chả giò: 224 gram sữa chua ăn ít đường, 3 gói bánh bía, 300g bột xù cánh vàng, 3 trứng gà, 120g táo, 120g lê, 120g xoài chín, 180g chuối chín, 150g khoai môn, 120g bắp, 150g đậu xanh cà vỏ, 7g hạt nêm chay, 5g bột ngọt, 7g muối. 2g tiêu xay
Xốt chấm: 220g sữa chua ăn ít đường, 172g tương ớt, 35g sữa đặc.

⤵ VÀO VIỆC:
Nhân chả giò:
 Cho tất cả các nguyên liệu vào khay inox trừ bột xù, bánh bía và trứng gà.
 Trộn đều hỗn hợp và cho vào ngăn đá tủ lạnh trong 2 tiếng.
 Bánh bía dùng 1 nửa miếng đặt lên trên 1 miếng nguyên và cho nhân lên, cuốn tròn dài 5-6cm như các loại chả giò khác.
Đánh tan 3 trứng gà. Sau đó nhúng chả giò vào trứng và cho ra áo lăn qua lớp bột xù.
 Lót vào khay lớp giấy nến hoặc lớp bột xù rồi xếp chả giò, xong cho vào ngăn đá.
Xốt chấm:
 Trộn đều hỗn hợp gia vị hoặc cho vào cối sinh tố xay mịn
#SuachuaanVinamilk #BungKhoe #AnDaMieng",52,13,7,2026-01-17 05:24:33,unknown
https://www.facebook.com/reel/1202702415317071/,"Cơ chế “êm bụng” của đạm quý A2
Khi vào bụng bé yêu, đạm quý A2 không tạo ra BCM7 – một peptide có thể gây khó chịu tiêu hóa như đầy hơi, chướng bụng.
Cho lần đầu bé làm quen với sữa tươi thật êm ái với siêu sữa tươi đạm quý A2
  #Vinamilk #GreenFarm #damquyA2 #sieusuatuoia2",93,0,11,2026-01-16 12:00:26,Video
https://www.facebook.com/reel/1478013640354844/,"SỮA VINAMILK ADM A2 ĐÃ RA MẮT - BÉ DỄ HẤP THU, DỄ TIÊU HÓA HƠN*​

Mỗi ngày của bé là một thế giới khám phá: vẽ lên trang giấy, xếp những khối lego, chạy vài vòng quanh sân, đóng vai bác sĩ hay nhà khoa học… Nhưng để bé theo đuổi tất cả những điều ấy, nền tảng quan trọng nhất vẫn là một hệ tiêu hóa khỏe và khả năng hấp thu tốt.​

Sữa ADM A2 vẫn đầy đủ 23 dưỡng chất nuôi dưỡng bé, thành phần nay có sự xuất hiện của đạm A2 từ Mỹ, giúp dễ tiêu hóa và hấp thu hơn so với đạm A1. Nhẹ bụng cho bé, hạn chế làm bụng khó chịu, nhờ đó bé có thể dành năng lượng cho những sở thích và có được những bước tiến nhỏ đầu đời - chính là những viên gạch đầu tiên của ước mơ. ​

Mẹ ơi, mua ngay: https://bit.ly/3NmVSeP

---
Lưu ý
* So với đạm A1",395,68,66,2026-01-16 07:43:40,Video
https://www.facebook.com/vinamilkofficial/posts/pfbid0mFStCs5puEp2Giy9dFY9eqpCvHBV2XkbNGtFyBMEASjU7JD8AKyTtEyBtrVaiL4Kl,"PROBI KHÔNG ĐƯỜNG​
AI CŨNG LỢI ĐỦ ĐƯỜNG​

Không bổ sung loại đường ăn Sacaroza quen thuộc, Probi Không Đường (*) thay thế bằng đường đôi Palatinose - với đặc tính hấp thụ chậm và chỉ số đường huyết thấp (**), là lựa chọn thân thiện để Probi chăm chút mọi đường ruột.​

Vẫn trăm tỷ lợi khuẩn L. CASEI 431™ (***), vẫn nguyên vị thơm ngon, vẫn chăm chút sức khỏe cả nhà!​

(*) Sản phẩm không bổ sung đường Sacaroza.​

(**) Theo đề tài Xác định chỉ số đường huyết của sản phẩm Sữa chua uống men sống không đường - Vinamilk Probi.​

(***) Số lượng lợi khuẩn L. CASEI 431™ có trong 1 lốc 4 chai 130ml.",77,9,3,2026-01-15 23:08:15,unknown
https://www.facebook.com/vinamilkofficial/posts/pfbid0yYhUjiu1vdExukEPti1Gpm8yyfpvXBfKZk4Eu8LEn9MRTMWGojm4oekwPgFovwd3l,"CHÈ KHOAI DẺO SỮA CHUA
DẺO DAI + DẺO MỊN = x2 DẺO MIỆNG “MẢNG MIẾNG"" ĐẦU XUÂN

Chén chè là đầu câu chuyện. Miếng chè càng dai, “miếng” chuyện càng dài.
Bạn bè hội ngộ đầu xuân, Vinamilk vào bếp đãi ngay món tráng miệng ăn không chán miệng: Chè Khoai Dẻo Sữa Chua! 

 Vị sữa chua thơm bùi ngọt thanh, ăn thay cốt dừa vẫn mới lạ ""dừa"" ý
 Xốt sữa chua sánh mịn hoà quyện mượt mà với viên khoai dẻo dai sừn sựt

Vui miệng nhai nhai, buôn chuyện dài dài, vào bếp đãi ngay!
—------
⤵ ĐI CHỢ: 
 Khoai dẻo: 500g khoai lang trắng, 100g bột năng, 100g bột nếp, 5g bột matcha, 50-100g nước ấm (tuỳ vào lượng nước & độ ẩm của khoai)
 Xốt sữa chua: 200g sữa chua (ít đường hoặc không đường), 50g sữa đặc

⤵ VÀO VIỆC:
Làm khoai dẻo:
 Hấp chín khoai, bóc vỏ, rồi cho vào bào cối máy trộn bột để đánh khi còn nóng, thêm vào bột năng, bột nếp.
 Khi khối bột khoai đã được trộn đều thì thêm từ từ lượng nước ấm vào cho đến khi khối bột trở nên dẻo mịn, đồng nhất là được.
 Tạo hình viên khoai dẻo, kích thước khoảng 1x2cm, phủ đều với bột năng để tránh bị dính cục. Sau đó đem đi luộc chín đến khi bột nổi lên trong nước khoảng 2-3p thì vớt ra ngâm vào nước lạnh.
Làm xốt sữa chua:
 Trộn đều sữa chua với sữa đặc rồi giữ lạnh
 Cho khoai dẻo ra chén, thêm đá bào, chan xốt sữa chua lên, thêm các topping khác nếu thích rồi thưởng thức.
#SuachuaanVinamilk #NgonduduongvoiVinamilk",41,9,3,2026-01-15 14:32:50,unknown
https://www.facebook.com/vinamilkofficial/posts/pfbid0G431sXoZSjyS4cFSDwHQzX3B2B7TFeTfW6oK72j6q8XQTHWfmp3oxHDbMonVQpyDl,"TỰ THƯỞNG 1 LY MATCHA SỮA CHUỐI, NẠP NĂNG LƯỢNG TƯƠI VUI NHAAA 

Đuối vì deadline dí sát? Dừng khoảng chừng là 2s…
Hãy thử làm matcha sữa chuối siêu đơn giản để nạp ngay năng lượng tươi vui, chỉ với 2 bước:

 Bước 1: Đổ vào ly 1 hộp sữa Vinamilk 100% vị Chuối từ sữa tươi được vắt và đóng hộp trong ngày, hoà quyện cùng nước ép chuối tự nhiên. Vị sữa giảm béo thanh nhẹ cùng mùi chuối thơm nồng, mát lành hứa hẹn sẽ chinh phục mọi vị giác.

 Bước 2: Phủ lớp matcha xanh lá sóng sánh -  phiền muộn sẽ “xa lánh” ngay lập tức. 

✨Tadaaa, vậy là đã xong một ly matcha sữa chuối đủ “vui tươi” rồi đó! 
 Quá đơn giản, thử ngay bạn nhé  https://bit.ly/459chtt",7001,1145,70,2026-01-15 05:57:26,Photo
https://www.facebook.com/vinamilkofficial/posts/pfbid0ovrRwG57yTPdMZVYPDMR5kSyHYfFQArASQ9r3DjMzfJxYa2k5xa5J5RowegH68mDl,"Dưỡng nhan chưa bao giờ nhàn hơn khi chỉ cần thực hành công thức 3-2-1. 3 bước đơn giản, đủ 2 hũ sữa chua Nha đam ít đường, mỗi ngày.​
Mời các thực tập xinh nhanh tay ghi chú: ​

Bước 1: MỞ lòng đón 12 triệu men sống cho bụng thêm khỏe​
Bước 2: MÚC-bang dẻo mịn để xinh dài dài​
Bước 3: NHAI topping nha đam giòn dai, vui miệng​

Nào, 321, múc!​

#Vinamilk #SữaChuaNhaĐam #ĐẹpNhờNhai",44,19,5,2026-01-14 21:22:01,Photo
https://www.facebook.com/vinamilkofficial/posts/pfbid0r6E5PvWPjr7KWH2zKuxNVf27MdDUxqkWn2RmArsUkFx7QgXVX8ChZqRShyc6C1C8l,"KOMBUCHA VÀO LỜI RA!
Mà cụ thể là lời ca 

Được buổi hò hẹn karaoke, ban đầu thì cũng ngại đấy... Rồi có tí gaz Kombucha vào thì bạn bè gì tầm này nữa, chúng tôi đều thành ca sĩ solo hết.
Không tin có kombucha lên được quãng 8?

Thử là biết ngay nè: https://bit.ly/4qYNIrL

#KOMBUCHAKIEUMOI #HAYĐẤY",628,4,37,2026-01-14 12:46:36,GenericAttachmentMedia
https://www.facebook.com/vinamilkofficial/posts/pfbid0VoVDgBEnZLTpXZ7Pp7BFHxV1epWxQ8f2GErg8RCenUKLSH8CTx8mFNfprhKz44yel,"MÌ LẠNH KIỂU MỚI - NĂM MỚI MÁT DẠ MÁT LÒNG
 
Còn gì bằng đầu năm ngồi mát, ăn bát...mì. Để Vinamilk mở bát với món mì lành lạnh - vừa lạnh vừa lành với nguyên liệu nhà nào cũng có - Sữa chua ăn Không Đường Vinamilk!
 
️ Vị chua thanh tự nhiên, lạ miệng hơn khi kết hợp từ hải sản đến rau củ️.
 Chất sữa chua sánh mịn, áo đều từng sợi mì soba.
 
Vạn sự khởi đầu ngon ""không đường"" nào chê!
—------
ĐI CHỢ:
 Mì & Topping: 120g mì soba, 150g tôm, 50g sò điệp, 150g bạch tuộc, 1 trứng gà, 30g dưa leo, 30g lê, 2 nấm đông cô.  
 Nước dùng: 115g sữa chua không đường, 700g nước dùng gà.  
 Gia vị: Nước mắm, bột ớt, muối, hạt nêm, bột ngọt, đường, mè rang.
 
⤵ VÀO BẾP:
‍ Cho nước dùng gà và tất cả các gia vị (muối, đường, bột nêm gà, bột ngọt, nước mắm, sữa chua không đường, bột ớt) nấu sôi để làm ra phần nước dùng.
‍ Luộc mì soba, xếp ra tô và xếp tôm,bạch tuộc, cồi sò điệp và trứng gà lên tô.
‍ Cho dưa leo và lê cắt sợi vào, múc nước dùng vào và trang trí với mè rang lên.
LƯU Ý: Để nước dùng vào ngăn đá tủ lạnh cho đông tuyết để thưởng thức mì lạnh đúng kiểu.
 
#SuachuaanVinamilk #NgonduduongvoiVinamilk",43,29,3,2026-01-14 04:11:12,unknown
https://www.facebook.com/vinamilkofficial/posts/pfbid02D95wmYgwz1KaeyUu1vo5NhgRjkZKvNLTSvakuzzom3KKW9B1DhtS3tz9p9UW3QXql,"NUỘT ĐỦ ĐƯỜNG VỚI PROBI KHÔNG ĐƯỜNG (*)

✅ Nuột đường tiêu hóa: Với ~104 tỷ lợi khuẩn L.CASEI 431™ (**) cao cấp từ Châu Âu, giúp tăng cường miễn dịch đường ruột.​​

✅ Nuột dáng thêm xinh: Không thêm đường Sacaroza, 0% chất béo, ai cũng healthy đủ đường.​​

✅ Nuột đề kháng: Hỗ trợ tăng 30% kháng thể IgG khi kết hợp cùng vắc xin cúm và giảm 40% số ngày xuất hiện triệu chứng cảm cúm (***)​​.

Đều đặn 2 chai mỗi ngày, chuẩn bạn đồng hành “nuột đời” chính hiệu!​​

(*) Sản phẩm không bổ sung đường Sacaroza , thay bằng đường hấp thu chậm Palatinose.​

(**) Số lượng lợi khuẩn L. CASEI 431™ có trong 1 lốc 4 chai 130ml.​​

(***) Nguồn: Nghiên cứu lâm sàng về “Hiệu quả miễn dịch của Probiotics và tác dụng của chủng men L. CASEI 431™ trong việc phòng ngừa cảm cúm” – Tập đoàn men sống hàng đầu Châu Âu Chr. Hansen (Đan Mạch) – Năm 2011. Xem thêm tại: https://bit.ly/3SqIc1z",54,0,3,2026-01-13 19:35:47,unknown
https://www.facebook.com/reel/2300500297115438/,"Vinamilk Green Farm Tổ Yến Tinh Chế thay áo mới! 
Vinamilk Green Farm mang đến sữa tươi tiệt trùng kết hợp tổ yến tinh chế cao cấp, chứa 4,5g tổ yến thật, gần 20 loại axit amin và các vitamin thiết yếu (A, D2, K2, Selen).
Thử ngay món quà đặc tuyển từ phương Đông! 

#Vinamilk #GreenFarm #Vovevigiac",80,9,7,2026-01-13 11:00:23,Video
https://www.facebook.com/vinamilkofficial/posts/pfbid04RLQuT3uyYZtRzY6V52bg63RDctwrqXU4Ws7XRLczv7bMjXbrjY6aiGjyiw8RXzNl,"TẾT NHÀ LÀNH​

♥️ Vạn sự như ý khởi đầu từ sức khỏe. Tết này, hãy chọn dinh dưỡng làm quà để mọi mong cầu đều thành hiện thực.​

Thùng Tết Sữa 9 loại hạt đã có mặt tại các chuỗi siêu thị và cửa hàng Vinamilk trên toàn quốc.​

 Mở quà sữa hạt - mở năm đầy sức khỏe!​

#Vinamilk #Sữa9LoạiHạt",257,17,25,2026-01-11 12:40:15,Photo
https://www.facebook.com/reel/1961207254807711/,"MỞ ""BÁT"" XANH MƯỚT - MỞ NĂM MƯỚT MƯỢT 
 
Nhận ngay 1 chén Vinamilk Green Farm cao cấp khi mua 4 chai Sữa chua uống sệt Vinamilk Green Farm
 
Từ 09/01/2026 đến hết 16/02/2026 hoặc đến khi hết quà tặng
Tại các hệ thống siêu thị trên toàn quốc
 
#Vinamilk #GreenFarm #Suachuauong",96,3,5,2026-01-09 14:20:07,Video
https://www.facebook.com/reel/854561994215616/,"MUA 1 THÙNG SỮA, +2 MẢNH GHÉP NAM CHÂM! 
 Deal “1+2” cho “fan cứng” của bộ nam châm tuổi thơ nhà Vinamilk tới rồi đâyy!!
Nhận ngay 2 mảnh nam châm để ghép bản đồ Việt Nam khi mua 1 thùng Sữa tươi Vinamilk 100%  
Chốt đơn liền tay để trở thành người đầu tiên sở hữu chiếc bản đồ nam châm phiên bản giới hạn nào bạn ơiii 
___________________
 Chương trình diễn ra tới hết ngày 31/3/2026 và có thể thay đổi dựa trên tình hình thực tế.
 Chương trình áp dụng khi mua hàng trực tiếp tại các cửa hàng Vinamilk và các điểm bán lẻ trên toàn quốc (không áp dụng tại các chuỗi siêu thị, cửa hàng tiện lợi...).
 Chương trình áp dụng cho sản phẩm Sữa tươi tiệt trùng Ít đường dung tích 180ml (áp dụng tại cửa hàng Vinamilk và điểm bán lẻ), Sữa tươi tiệt trùng tách béo vị Socola dung tích 110ml, 180ml (chỉ áp dụng tại cửa hàng Vinamilk).
#Vinamilk #SuatuoiVinamilk100 #VinamilkMagnet",1893,24,45,2026-01-09 12:01:12,Video
https://www.facebook.com/vinamilkofficial/posts/pfbid0e2Bwcpf2tjEJzJr3kVLeMhqMGbE35h918tE4NsozdYFdzj35otji6aB3mREhhJuNl,"[KẾT QUẢ MINIGAME] KEM NGON RÕ VỊ, CHECK-IN RÕ VUI
 
Album “Kem ngon rõ vị, check-in rõ vui"" đã đầy ắp những tấm ảnh đậm niềm vui cùng “kem”, xem lại mà mát lòng!
“Kem” xin cảm ơn mọi khoảnh khắc ăn kem “rõ xinh"" từ cả nhà! 
 
 Kết quả được chính thức công bố tại đường link ở phần comment.
 
 Các bạn thắng giải vui lòng chủ động inbox Fanpage Vinamilk để xác nhận nhận giải trong vòng 7 ngày
⏰ Từ 08/1/2026 đến hết 15/01/2026. Khi inbox, bạn cung cấp đầy đủ các thông tin sau:
✨ Họ & tên
✨ Số điện thoại
✨ Địa chỉ nhận quà (Đối với giải Kem Ngon)
✨ Link bài dự thi
 
Theo dõi Vinamilk để không bỏ lỡ những hoạt động hấp dẫn. Hẹn bạn ở những hành trình tiếp theo 
 
#KemVinamilk #KemNgonRõVịRõVui",195,135,64,2026-01-09 03:40:52,unknown
https://www.facebook.com/vinamilkofficial/posts/pfbid02hQz5xonkP8SFDaUAJyvBeb8WndWURxtFqb7gHpFGeVZjDQtYLHkjM7yJmpeKm5R1l,"+1 THÙNG SỮA TƯƠI, +2 MẢNH GHÉP NAM CHÂM 
 Nghe đồn mua sữa tươi Vinamilk 100% là có vé quay về tuổi thơ? Vinamilk xin xác nhận đó không phải lời đồn! 
 Với mỗi 1 thùng sữa tươi Vinamilk 100%, bạn sẽ +2 mảnh ghép vào “sự nghiệp” sưu tầm bản đồ Việt Nam của mình rồi đó! 
Số lượng có hạn, mời bạn chốt đơn ngay!! 
___________________
 Chương trình diễn ra tới hết ngày 31/3/2026 và có thể thay đổi dựa trên tình hình thực tế.
 Chương trình áp dụng khi mua hàng trực tiếp tại các cửa hàng Vinamilk và các điểm bán lẻ trên toàn quốc (không áp dụng tại các chuỗi siêu thị, cửa hàng tiện lợi...).
 Chương trình áp dụng cho sản phẩm Sữa tươi tiệt trùng Ít đường dung tích 180ml (áp dụng tại cửa hàng Vinamilk và điểm bán lẻ), Sữa tươi tiệt trùng tách béo vị Socola dung tích 110ml, 180ml (chỉ áp dụng tại cửa hàng Vinamilk).
#Vinamilk #SuatuoiVinamilk100 #VinamilkMagnet",5590,93,340,2026-01-08 19:20:33,Photo
https://www.facebook.com/reel/874732115256756/,"MUA 1 TẶNG 1 
Tặng ngay BỘ 03 BÁT SỨ CAO CẤP
Khi mua 1 thùng Vimamilk Green Farm tiệt trùng Có đường/ Rất ít đường/ Không đường 180ml/ 1L hoặc Vinamilk Green Farm Organic 180ml/ 1L 

Duy nhất từ 09/01/2026 đến hết 16/02/2026 hoặc đến khi hết quà tặng, áp dụng tại các siêu thị trên toàn quốc.
#Vinamilk #GreenFarm #SuaTuoiHutChanKhong",89,16,2,2026-01-08 11:00:14,Video
https://www.facebook.com/reel/1520767392555606/,"Chiếc bụng non nớt của bé sẽ đầy bỡ ngỡ trong lần đầu tiên tiếp xúc với sữa tươi! 
Vinamilk Green Farm chọn lọc gen khắt khe để mang đến nguồn sữa tươi A2 với cấu trúc gần đạm sữa mẹ thân thuộc với bé, giúp dễ hấp thu, dễ tiêu hóa hơn 
 #Vinamilk #GreenFarm #damquyA2 #sieusuatuoia2",62,4,24,2026-01-07 03:10:37,Video
https://www.facebook.com/vinamilkofficial/posts/pfbid0WEPQxPKQEAEW6zsTkwJS7JTaeKpMmLvCr61T892fW1BkQ3sZKsiAoVZgarhQJ94sl,"SU KEM SỮA CHUA – CHIỀU LÒNG CRUSH, KHÔNG LÒNG VÒNG
Lỡ phải lòng crush trái tính: thích bánh ngọt nhưng không quá ngọt, mê béo ngậy nhưng chê ngấy?
Để quân sư Vinamilk giúp một tay: Bánh Su Kem nhân Sữa Chua Không Đường – đích thị là đường nhanh nhất để đi đến tim crush!

 Vị chua thanh thế chỗ kem béo, chiều gu hảo (ngòn) ngọt, ăn hoài không ngấy.
 Chất sữa chua dẻo mịn, man mát, siêu hợp với vỏ giòn rụm thơm bơ.
Muốn crush mở lòng thì mau mở lò, làm liền một mẻ bánh su much love!
—------ 
⤵ ĐI CHỢ: 
☁️Nhân sữa chua: 200g sữa chua, 100g whipping cream, 1 lá gelatin. 
☁️Cookie giòn: 170g đường, 170g bơ lạt, 190g bột mì số 8, màu thực phẩm. 
☁️Vỏ su: 200g bột mì số 11, 4 trứng gà, 130g bơ lạt, 320g nước, 30g đường, 30g dầu ăn, 2g muối.

⤵ VÀO VIỆC:
Nhân sữa chua:
 Đánh bông cứng whipping cream (Giữ whipping lạnh trước khi đánh, và có lót đá để dễ lên bông).
 Trộn đều gelatin đã làm chảy với sữa chua.
 Trộn đều hỗn hợp whipping cream và gelatin, cho vào túi bông kem rồi giữ lạnh 2 giờ trước khi sử dụng.
Cookie giòn:
 Trộn đều tất cả nguyên liệu, sau đó cán mỏng, dùng khuôn mỏng để tạo hình. Sau đó giữ lạnh.
 Đặt lớp cookie đã tạo hình lên vỏ bánh su trước khi nướng. 
Vỏ bánh su:
 Cho nước, bơ, dầu, đường, muối vào nồi nấu ấm cho tan hết gia vị.
 Rây bột mì, trộn đều cho hỗn hợp thành 1 khối. 
 Cho trứng gà đã đánh tan, trộn đều rồi cho vào túi bông kem.
 Nặn từng phần nhỏ lên khay nướng có lót giấy nướng, sau đó đặt lớp cookie giòn lên trên mặt và nướng 180 độ trong 30p.
 Tạo 1 lỗ nhỏ vừa đủ ở dưới đáy của bánh đã nướng, sau đó bơm vừa đủ phần nhân sữa chua vào bên trong.
 Để lạnh, ăn giòn tan man mát! 
#SuachuaanVinamilk #NgonduduongvoiVinamilk",57,30,4,2026-01-06 07:35:42,unknown
https://www.facebook.com/reel/1576854850134278/,"SỮA TƯƠI CÓ HẬU VỊ 20 LOẠI CỎ HOA & HẠT
Green Farm tỉ mỉ tinh chỉnh thực đơn chăm bò với nguồn nguyên liệu không biến đổi gen từ thổ nhưỡng của những cánh đồng sinh thái.
Mang đến thành quả thuần khiết, thoảng chút cỏ hoa. Mời bạn thưởng thức!
#Vinamilk #GreenFarm #Suatuoihutchankhong",107,6,23,2026-01-05 12:00:48,Video
https://www.facebook.com/vinamilkofficial/posts/pfbid02ag1hXFqapUMd5iNyC3FbW1nvKTdE8HknguP65coSL1wpCu5xawHBh4yNaMwqbFrdl,"Đồng hồ “xinh"" học đã điểm. Mời chị em xông xáo thực hành:​

 Đúng “liều"": 1 ngày 2 cữ trưa & tối​
 Đúng giờ: 30 phút sau bữa ăn​
 Đúng món Sữa chua Vinamilk Nha Đam: + 330mg collagen, - 25% đường, + triệu men sống, tốt tiêu hóa​

Tích tắc tích tắc, nhai liền 1 hũ nào người đẹp ơiii  ​

#Vinamilk #SữaChuaNhaĐam #ĐẹpNhờNhai",93,33,3,2026-01-04 06:39:44,Photo
https://www.facebook.com/vinamilkofficial/posts/pfbid034LCZYF95dymAS8aPYuSLRfc7xhzTwY4TCCosHjg1AsYmVypXCk39RDoDBg8WYvZUl,"Chỉ một chiêu - nhai sữa chua nha đam ít đường thôi mà đẹp đủ đường:​

‍♀️  Đẹp dáng nhờ giảm 25% đường​
‍♀️  Đẹp da nhờ +330mg collagen​
‍♀️  Đẹp lòng với 12 triệu men sống Bulgaricus châu Âu ​

Quá hời quá hời. Chăm nhai mỗi ngày để đẹp dài dài nha nàng ơi!​

#Vinamilk #SữaChuaNhaĐam #ĐẹpNhờNhai",109,34,2,2026-01-03 01:18:40,Photo
https://www.facebook.com/vinamilkofficial/posts/pfbid02vcDjGuDZU5ZB61mTd33ykqgs3a3GQKiNJwkU9D8xa4T2tUNRhH69QGqbYQf3doVsl,"Gần 50 năm vì sức khỏe cộng đồng, Vinamilk chọn minh bạch làm nền tảng.",2471,132,88,2026-01-01 19:57:36,Photo
https://www.facebook.com/reel/1599453541053565/,"[VINAMILK 2025] NĂM RẮN VƯƠN XA - TẤT CẢ VÌ BẠN

365 ngày năm Rắn đánh dấu hành trình đầy trải nghiệm đa""vị"" của Vinamilk cùng bạn

 Là mang đến hàng triệu ly sữa, để mỗi ngày của bạn và gia đình thật trọn vẹn.
⭐️ Là những đột phá dinh dưỡng khoa học, nhiều hương vị mới lạ, ngon lành và phù hợp với nhiều nhu cầu đa dạng.
 Là vươn ra thế giới, mở rộng hệ thống cửa hàng để dù bạn ở đâu, Vinamilk vẫn luôn kề bên.

2025 – một năm rắn rỏi, bền bỉ, Vinamilk tích lũy nội lực để đi xa hơn. Và cũng chính vì thế, Vinamilk được ở gần bạn hơn mỗi ngày, trong từng khoảnh khắc chăm sóc sức khỏe, trong từng lựa chọn dinh dưỡng quen thuộc.

Sẵn sàng bước sang năm mới, cùng nhau phi xa hơn – khỏe mạnh hơn – bền bỉ hơn với Vinamilk nhé!

#Vinamilk #Nhinlai2025 #TienToi2026",164,7,21,2025-12-31 14:36:33,Video
https://www.facebook.com/vinamilkofficial/posts/pfbid0eVvprJMnhQ9XKLM9yM5HeLZGSgfCrC3vkeW6MgZvJtYgjdLgBYB7VSwaTSDWg1enl,"Tin nóng: Siêu sữa uống dinh dưỡng Optimum A2 Pro+ đã chính thức phủ kín kệ hàng Vinamilk, sau bao ngày chờ đợi.

 Với bộ 3 dưỡng chất cao cấp: MFGM + DHA, Đạm quý A2 và 6 HMO, Optimum A2 Pro+ tự hào đồng hành cùng Mẹ nuôi dưỡng hệ trục Não - Ruột - Miễn dịch, giúp các ""siêu em bé"" lớn khôn vượt trội mỗi ngày.

Mẹ ơi, đến cửa hàng Vinamilk ngay thôi! 
 
#Vinamilk #Optimum #OptimumA2ProCộng #NhaNaoCungCoMe #ĐạmA2 #6HMO #MFGM #DHA #PhatTrienLonKhon #SuaHoTroLonKhon",186,55,20,2025-12-30 21:44:37,Photo
https://www.facebook.com/vinamilkofficial/posts/pfbid033kzyAdhbR7eW4qWjD6atYqrnxUMjWVyzqJ3eMywXLhgXcaD5BrtCh8XpkD3tugjAl," COMBO ""XỐT DẺO"": CƠM-BÒ KẾT HỢP SỮA CHUA!
Mời bạn vào xem Vinamilk nấu nướng và khen. Hôm nay bếp có: Cơm bò mềm mọng cùng xốt hoàng kim. Nhân dịp lễ hội, sữa chua ăn không đường hân hạnh tài trợ chương trình này!
✨ Làm xốt: sữa chua lên men tự nhiên, vừa dẻo mịn, vừa chua thanh – siêu hợp với trứng muối béo bùi.
✨ Ướp thịt bò: làm mềm thớ thịt và giữ trọn vị ngon.
Còn nhiều kiểu biến tấu sữa chua ăn không đường. Đón xem cách Bếp Vinamilk ngon đủ đường nhé!
 
 Công thức đã có sẵn, lăn vào bếp thôi!
—------
ĐI CHỢ:
 Sữa chua Vinamilk không đường: 94gr
 Sữa tươi không đường: 60gr
 Trứng muối: 5 quả, trứng gà: 1 quả
 Thăn bò mềm: 120gr cắt vuông 1cm, ướp 2mcf sữa chua không đường và gia vị tuỳ thích
 Cơm gạo ST25: 300gr
 Sữa đặc, bơ lạc, muối,bột bắp, dầu màu điều, tỏi, hành lá
 
⤵ VÀO VIỆC:
XỐT HOÀNG KIM:
Nấu tan bơ, cho trứng muối vào và xào bông lên.
Thêm sữa chua, sữa tươi không đường & các nguyên liệu còn lại vào nấu sôi. Cho bột bắp vào sau cùng để tạo độ sệt
Xay mịn hỗn hợp xốt.

CƠM BÒ:
Cho trứng và các loại gia vị vào cơm, trộn đều.
Phi tỏi thơm và cho cơm vào đảo đều tay đến khi cơm tơi.
Cho hành lá vào đảo cho thơm rồi cho ra dĩa.
Tiếp tục phi thơm tỏi, cho bò vào xào vừa chín, vẫn mềm ẩm.
Xếp bò lên mặt cơm rồi rưới đều nước xốt hoàng kim lên thịt bò.
Trang trí với tí mè rang. Xin mờiii
 
#SuachuaanVinamilk #BungKhoe #AnDaMieng",50,38,1,2025-12-30 04:52:41,unknown
https://www.facebook.com/reel/1357245692765555/," BẾP NHÀ TRĨU HẠT, THU VẠN MÓN CHAY
Sau những ngày hội mê hạt thi nhau nấu nướng, Vinamilk đã thu về vạn công thức món chay sáng tạo. Từ món lạ đến quen đều thêm béo bùi, thơm hạt!
Không thể bỏ lỡ những kiểu xào nấu cùng Creamer 9 hạt mà nhà nào cũng mê:

✨ Nước xốt béo bùi
✨ Nước dùng lên hương
✨ Từ salad đến trái cây đều thơm lừng
✨ Món chiên - kho - hấp thấm vị hạt

 Tìm theo hashtag và lăn vào bếp cùng Creamer 9 hạt thôi!
#ThomHatBeoBui #DayViMonNgon #SuaDacThuanChayVinamilk
------
Creamer 9 hạt thuần chay đầu tiên tại Việt Nam, giành cú đúp quốc tế:
 Giải Superior Taste 2 sao cho vị ngon thượng hạng
Giải vàng Monde Selection cho chất lượng",38,7,4,2025-12-29 12:00:45,Video
https://www.facebook.com/reel/1260043885913458/,"Bí mật ẩn giấu trong lớp foam hạt dẻ béo bùi là?
----------
Tới S'mores Saigon Caffè để trải nghiệm ngay
Duy nhất từ 05/12 tới 05/01 tại toàn bộ cơ sở của S'mores Saigon Caffè
#Vinamilk #GreenFarm #suatuoithanhtrung",38,0,3,2025-12-29 04:03:41,Video
https://www.facebook.com/reel/1194513316158638/,"Cùng Vinamilk chấm điểm menu mùa lễ hội của S'Mores Saigon Caffè!
Tag ngay bạn thân cùng đi thử menu mới & nhận quà từ Vinamilk nhé
----------
Tới S'mores Saigon Caffè để trải nghiệm ngay
Duy nhất từ 05/12 tới 05/01 tại toàn bộ cơ sở của S'mores Saigon Caffè
#Vinamilk #GreenFarm #suatuoithanhtrung",40,0,1,2025-12-28 02:00:28,Video
https://www.facebook.com/reel/25695088206793439/,"Cảm hứng cho menu phiên bản lễ hội của S'more & VInamilk đến từ đâu?
Xem ngay 
----
Tới S'mores Saigon Caffè để trải nghiệm ngay
Duy nhất từ 05/12 tới 05/01 tại toàn bộ cơ sở của S'mores Saigon Caffè
#Vinamilk #GreenFarm #suatuoithanhtrung",160,1,7,2025-12-27 12:00:47,Video
https://www.facebook.com/vinamilkofficial/posts/pfbid027MvKwZQcpPksHKj8t6SeteoqHVLNkDq3C9Xb8vUv9qd49zAZCWxajP8464d3g31Xl,"Kombucha Vải hoa hồng đây rồi!!!
Vị chua ngọt, thanh thanh từ những trái vải chín mọng xen chút hương hoa hồng dịu dàng. Lại có tí gaz lăn tăn tê tê thành ra ngon đáo để!
 
Thêm tí đá làm một ngụm là chết mê chết mệt. 
Nào nào, làm vài lon: https://bit.ly/3L30iqA
 
#KOMBUCHAKIEUMOI #HAYĐẤY",1932,21,20,2025-12-27 05:47:55,GenericAttachmentMedia
https://www.facebook.com/vinamilkofficial/posts/pfbid0a21Tmx6BBKfJDgo8DZ5yL19wmao9ZBPApsf7LcJiVH6vp9uTXi17EHRrnhWPwn2Jl,"Affogato phiên bản Gelato Vinamilk cao cấp: lớp kem sánh dẻo chuẩn Ý hoà quyện cùng 1 shot espresso nóng, tạo nên một thức uống đậm đặc, thơm nức từng muỗng.✨",90,0,5,2025-12-26 23:35:03,Photo
https://www.facebook.com/vinamilkofficial/posts/pfbid02X6WkCBqnv4SimgiFGa2cgLAauAqZWNTtgDE6aYpYvqRgfeKk6x8SktMHQtA4dZael,"VINAMILK XANH LÁ CÓ ĐÔI - VUI KHỎE CẢ TUẦN

Đã đến lúc F5 bản thân với thử thách 7 ngày khoẻ mạnh, cả tuần không ì ạch với bụng dạ thảnh thơi cùng:
 Nước ép Táo mát lành
 Sữa chua Nha đam Ít đường dịu nhẹ

Combo xanh mát giúp bạn:
✅ Khỏe tiêu hoá - bật mood tập luyên
✅ Khỏe đề kháng - hăng say làm việc
✅ Đẹp da đẹp dáng - tự tin xuống phố

✨ Nạp ngay Bộ đôi Xanh Lá - 7 ngày khoẻ, vui trọn vẹn tại: https://bit.ly/4pVmZw4

#Vinamilk #VINAMILKNƯỚCTRÁICÂY #QUẢLÀTHẬT #SuachuaVinamilk",107,101,36,2025-12-26 17:22:11,unknown
https://www.facebook.com/vinamilkofficial/posts/pfbid02namRm8Y6ksFzkEY2xScjHuw3TApBCQDPNr94JdXZ7sMheQaStjoJmwSx6QaArhywl,"SỮA TƯƠI 100% THÊM VỊ MỚI, MỜI BẠN GHÉ LẠI CHƠI!!

 Bắp thơm bùi, Dưa lưới tươi mát, Sôcôla đậm đặc rõ vị - Bộ 3 tân binh sữa tươi vừa mới debut đã rần rần đi tour sampling khắp các cửa hàng Vinamilk cùng nhiều quà tặng là sản phẩm sữa tươi siêu xinh dành cho các bạn ghé chơi!!

 Dưới đây là vài khoảnh khắc đáng yêu được Vinamilk “bắt trọn"". Không biết đa vị cỡ này này đã đủ khiến hội đa gu rung rinh chưa nhỉ???

#Vinamilk #SuatuoiVinamilk100% #Bap #Dualuoi #Socoladamdac",161,204,321,2025-12-26 11:09:19,unknown
https://www.facebook.com/vinamilkofficial/posts/pfbid032EycdHPF9bnCpomx1KVPqwfauNA2KPtMhFwrpb5B5J5GmpQCHJY82zhe1MsunFMhl,"[MINIGAME] KHOE ẢNH ""SIÊU EM BÉ"", NHẬN QUÀ SIÊU MÊ

Mỗi “siêu em bé” luôn là niềm tự hào của Mẹ theo một cách rất riêng. Là khi con say sưa vẽ thế giới, lúc nhún nhảy tinh nghịch, hay khoảnh khắc nũng nịu sà vào lòng Mẹ... Tất cả đều là những thước phim vô giá.
Giáng sinh này, hãy cùng Optimum A2 Pro+ lan tỏa những khoảnh khắc đáng yêu của Bé để rinh quà cực phẩm về nhà! 

PHẦN QUÀ HẤP DẪN:
✨ 05 Chiếc nồi điện đa năng trị giá 990,000 VNĐ - Trợ thủ đắc lực cho những bữa ăn ngon của Mẹ và Bé.
▶️ Xem ngay tiêu chí chấm giải tại: monkeyqr.com/TheLeDieuKhoanMinigameSieuEmBe

CÁCH THỨC THAM GIA:
 Bước 1: Chụp ảnh hoặc quay video 02 khoảnh khắc của Bé:
1️⃣ Bé trổ tài (vẽ tranh, múa hát, vui chơi...).
2️⃣ Bé cùng Optimum A2 Pro+ (thấy rõ tên sản phẩm ở mặt chính diện bao bì).

 Bước 2: Đăng tải lên Facebook cá nhân (chế độ công khai) kèm cảm nhận của Mẹ khi cho Bé dùng Optimum A2 Pro+ và bộ hashtag: #Vinamilk #OptimumMinigame #OptimumA2ProCộng #TieuHoa #DeKhang #TriNao

 Bước 3: Bình luận theo nội dung: ""Siêu em bé [TÊN BÉ] đã thử Siêu sữa uống dinh dưỡng Optimum A2 Pro+"" kèm link bài dự thi ngay dưới bài viết tại Fanpage Nhà Nào Cũng Có Mẹ - Optimum: monkeyqr.com/MinigameOptimum

Tham gia ngay, Mẹ ơi! 

#Vinamilk #Optimum #OptimumA2ProCộng #NhaNaoCungCoMe #ĐạmA2 #6HMO #MFGM #DHA #PhatTrienLonKhon #SuaHoTroLonKhon",133,22,13,2025-12-26 04:56:27,Photo
https://www.facebook.com/vinamilkofficial/posts/pfbid02wkcv286Xv2BuA7TpXWXjn98zQzeHbKgq47VThrfzRDTnpKg9qc22tKY2hmhKtBqGl,"Leng keng leng keng
Cuối tuần này bạn có hẹn với “kem"" đó!

Kem đã sẵn sàng đợi cả nhà ghé chơi tại Booth Kem Gelato Vinamilk với loạt hoạt động mlem:

✨ Kem ngon rõ vị, chuẩn Gelato Ý dùng thử miễn phí
✨ Quà xinh say hi khi check-in và tham gia minigame 
✨ Voucher ưu đãi đến 50K khi mua kem tại hệ thống cửa hàng Vinamilk trên toàn quốc 

️ Thời gian: 
+ 12h-17h, 26/12/2025
+ 15h-20h, 27/12/2025
 Địa điểm: CH số 15 Trần Bạch Đằng, P. An Phú, TP. Thủ Đức, TP.HCM (Căn 1.11, Tầng số 1, Tháp C, Lô 1-13, Tòa nhà The Crest Residence)

 “kem"" đợi cả nhà, nhanh ghé nhé! 

#KemVinamilk #KemNgonRõVịRõVui",153,106,38,2025-12-25 22:43:35,unknown
https://www.facebook.com/vinamilkofficial/posts/pfbid0756vTa5VHMvqPicr6uewDfdz4Ys3Sm1Q5tyZCZspVrNkmyMsR3NYGtdNphDVapWRl,"X2 ĐỀ KHÁNG SAU KHI TIÊM CHỦNG CÙNG VINAMILK ADM​

Thời tiết cuối năm thay đổi thất thường, Vinamilk đồng hành cùng VNVC tặng mỗi bé 1 hộp sữa Vinamilk ADM Ít đường khi đến tiêm chủng . Tăng cường x2 ""tấm khiên"" đề kháng, vừa tiêm chủng, vừa uống sữa Vinamilk ADM, hỗ trợ bảo vệ sức khỏe bé yêu từ bên trong.​

Với 23 dưỡng chất thiết yếu như Vitamin A, D3, Canxi, kẽm, Selen,… sữa ADM không chỉ tốt cho đề kháng mà còn hỗ trợ bé mắt thêm sáng - dáng thêm cao. . ​

Hãy cùng nhìn lại những khoảnh khắc đáng yêu của các bé với Vinamilk ADM tại VNVC nhaaa!!!",1348,19,38,2025-12-25 16:30:43,unknown
https://www.facebook.com/reel/781803008305662/,"Đã có ai nhập hội săn túi xinh cùng Green Farm chưa?
------ 
Khép năm tươi “tote”, chốt năm mướt mượt 
Tặng túi thời trang siêu xinh khi mua từ 4 chai Sữa chua uống sệt Vinamilk Green Farm. 
Từ 8/12 đến hết 8/1/2026 
Áp dụng tại các siêu thị trên toàn quốc 
#Vinamilk #GreenFarm #Suachuauong",246,59,13,2025-12-25 10:17:52,Video
https://www.facebook.com/vinamilkofficial/posts/pfbid0dgrnrx4vZxKKhC4QSTBxqxyZQmT44LdEN9256ckxe2xfgiW4dBzofUwFWF6pGaFnl,"DÁNG XINH TUYỆT VỜI! HAYĐẤY!
Khoe với cả nhà những khoảnh khắc xập xình linh đình tại vũ trụ LÔCÔ XMAS25 của nhà chúng tớ. Lần đầu được dịp giao lưu với các lô-cồ brand xịn xò, phải nói là vui hú hồn .  
Cảm ơn bạn bè bốn phương đã tới uống kombucha tám chuyện thả gaz cùng gia đình HayĐấy. 
Hẹn quý vị ngày tái nạm gần nhất (với nhiều quà hơn) nhá! Hohoho!
 
#KOMBUCHAKIEUMOI #HAYĐẤY",792,9,23,2025-12-25 03:36:41,unknown
https://www.facebook.com/events/866500696281054/,,10,0,0,2025-12-24 20:55:31,ProfilePicAttachmentMedia
https://www.facebook.com/vinamilkofficial/posts/pfbid02qDSeMhJ8TYHix6s21zxpRyk6AiMSzuhMNYdSCwqQ46XjKPHzsY5AZKxwF25c2Pbhl,"LẬP HỘI MÊ PROBI, CHECK-IN NHẬN NGAY CHỮ KÝ TAY!  

Tham gia ngay và chớp lấy cơ hội nhận ngay quà xịn từ Cảnh vệ trưởng Bùi Công Nam​

Bước 1: Cùng bạn bè lập hội mê Probi, sáng tạo 8000 cách khoe +1 Probi mỗi ngày bằng nhiều hình thức (tham khảo chi tiết ngay dưới phần bình luận) ​
Bước 2: Đăng hình ảnh/video lên trang Facebook/Tiktok cá nhân với đầy đủ hashtag của chương trình ​
#Độicảnhvệđườngruột431 #Probi #Cộng1ProbiMỗiNgày  ​
Bước 3: Dẫn link bài viết về dưới phần comment của bài thông báo mini game và tag tên bạn bè có trong bài dự thi​
​
Giải thưởng có 1-0-2: ​

 HỘI ĐÔNG ĐẢO NHẤT (06 giải)

Mỗi giải gồm 01 bình giữ nhiệt + 01 ly sứ Vinamilk có chữ ký tay của Cảnh vệ trưởng.

Dành cho hội có số lượng thành viên đông nhất và hoàn thành thử thách nhanh nhất.​
​
⚡️ HỘI NHANH NHẸN NHẤT (30 giải)

Mỗi giải gồm 01 bình giữ nhiệt có in chữ ký của Cảnh vệ Trưởng.

Dành cho hội gửi bài thi hợp lệ sớm nhất ​
​
⭐ HỘI THU HÚT NHẤT (40 giải)

Mỗi giải gồm 01 ly sứ có in chữ ký của Cảnh vệ trưởng.￼

Dành cho hội có bài dự thi thu về lượt tương tác cao nhất (Likes, Shares).​

Mau chóng lập hội tham gia ngay! Chấp hành nghiêm túc Bộ luật Bảo vệ Đường ruột 431 +1 Probi mỗi ngày để nhận khen thưởng từ Cảnh vệ trưởng ​

*Check ngay phần bình luận bên dưới để tham khảo bí quyết chớp lấy quà mê li từ Cảnh vệ trưởng cùng Probi",9609,293,64,2025-12-24 14:14:20,Photo
https://www.facebook.com/reel/875753114965584/,"⚡⚡⚡CHẤN ĐỘNG ⚡⚡⚡
THẠCH PHÔ MAI QUE CAO CANXI VỪA ĐỔ BỘ VŨ TRỤ SUSU

Quá nhiều điểm cộng không thể bỏ qua! Mời bố mẹ & bé check ngay

Kết cấu phô mai dạng thạch que độc đáo, núng nính, dẻo mềm, không ngán, không ngấy, rất dễ ăn 
Sự góp mặt của Bộ Ba Cứng Cáp với Canxi – Vitamin D3 –Vitamin K2 giúp phát triển hệ xương, răng 
Thêm Chất xơ hoà tan hỗ trợ đường ruột
Bao bì thú vị mở ra các ngõ ngách của Thành phố Phô Mai, chờ gia đình mình cùng khám phá

 GIÁ DÙNG THỬ CỰC HỜI CHỈ 46.000đ/ túi 5 que áp dụng từ nay đến hết tháng 2.2026.

Hãy ghé cửa hàng Vinamilk & trang bán hàng trực tuyến Vinamilk ngay hôm nay & tận hưởng ưu đãi!

Thạch phô mai que cao canxi SUSU đã xuất hiện tại các điểm dưới đây, mẹ cùng bé tham gia ngay chuyến hành trình này nhé!

Thứ 6 (từ 9h – 18h ngày 26/12/2025): Cửa hàng Vinamilk - Số 10 Tân Trào, Phường Tân Phú, Quận 7, TP. Hồ Chí Minh
Thứ 7 - CN (từ 9h – 18h ngày 27-28/12/2025): Cửa hàng Vinamilk - Số 11 Bùi Bằng Đoàn, KP Hưng Vượng 2-R13, P. Tân Hưng, TP. Hồ Chí Minh
Thứ 7 - CN (từ 9h – 18h ngày 3-4/1/2026): Cửa hàng Vinamilk -Shophouse SH6A Tòa HH02, Eco Lakeview, Số 32 Đại Từ, P. Đại Kim, Q.Hoàng Mai, TP. Hà Nội

#SuSu #ThachPhoMaiQue #ThachPhoMaiQueCaoCanxi",208,51,18,2025-12-24 07:33:10,Video
https://www.facebook.com/vinamilkofficial/posts/pfbid023F5TkKoWUTNzADV7nJiPCcFwv1eUTUXiqaK4WTsiSPGUKGf7gwVP7ZYMnxH2dQQal,"QUÀ TỚI! QUÀ TỚI!

MUA 1 thùng Vimamilk Green Farm tiệt trùng 180ml/ 1L TẶNG NGAY 1 túi laptop hoặc túi tote

Duy nhất từ nay đến 08/01/2026, áp dụng tại các siêu thị trên toàn quốc.

#Vinamilk #GreenFarm #SuaTuoiHutChanKhong",156,49,12,2025-12-23 08:56:12,Photo
https://www.facebook.com/reel/1363224495577535/," KHÔNG BIẾT ÔNG GIÀ NOEL MANG GÌ TRONG TÚI. CHỨ ÔNG THỌ MANG ĐẾN TOÀN MÓN NGON! 
 
⭐ Chocomint phủ tuyết mát lạnh ngất ngây
⭐ Pancake cây thông mềm mại xốp mịn
⭐ Bánh quy Giáng Sinh giòn rụm thơm lừng

  Giáng Sinh này, cùng Ông Thọ phủ sắc đỏ và không khí lễ hội lên bàn ăn mọi nhà. Thêm Ông Thọ vào giỏ để bàn tiệc Giáng Sinh ngập tràn món ngon: https://bit.ly/4saJSNm
 
#Vinamilk #SữaĐặcÔngThọ #VịNgonCùngNămTháng",1335,2116,19,2025-12-22 10:19:14,Video
https://www.facebook.com/vinamilkofficial/posts/pfbid0NDv9Kg51i5YG3wZkdcYTjQpS8gvRuPYx3kfwQgo9DtD5E7NESavaWPumojZDxKDml,"Trên hành trình khôn lớn, mỗi em bé đều có những nhu cầu phát triển khác nhau. Optimum tự tin là hậu phương vững vàng của Mẹ khi có đủ lựa chọn dinh dưỡng để các ""siêu em bé"" có thể lớn khôn mỗi ngày từ bên trong:
 Optimum A2 Pro+ chuyên hỗ trợ Não – Ruột – Miễn dịch
Siêu cộng hưởng bộ ba dưỡng chất cao cấp: Đạm quý A2, 6 HMO, MFGM + DHA, giúp con tiêu hoá khoẻ, tăng đề kháng và phát triển não bộ vượt trội.
 Optimum Gold chuyên hỗ trợ Tiêu hoá
Công thức chứa 6 HMO, đạm Whey dễ tiêu hoá và chất xơ hòa tan giúp bụng con luôn nhẹ nhàng, thoải mái.
 Optimum Colos chuyên hỗ trợ Đề kháng
Sự kết hợp của 6 HMO và sữa non 24h giúp tăng cường bảo vệ từ bên trong, để con vững vàng hơn trước thay đổi thời tiết và môi trường.

Mẹ đang quan tâm đến dòng Optimum nào cho bé?
Chia sẻ ngay cùng Optimum nhé! 
 
#Vinamilk #Optimum #OptimumA2ProCộng #NhaNaoCungCoMe #ĐạmA2 #6HMO #MFGM #DHA #PhatTrienLonKhon #SuaHoTroLonKhon",330,28,18,2025-12-21 23:53:18,unknown
https://www.facebook.com/vinamilkofficial/posts/pfbid0aBqYEC1tjSdXrBn2H3RCzj56CM1QNrLgBXapfioJfV5Au8KyXrKbuiDpBNMYk376l,"Chăm ruột con khỏe là mẹ nhẹ nhàng! ​

Cải thiện biếng ăn cùng con mỗi ngày, hỗ trợ tiêu hoá và giúp đề kháng con thêm mạnh mẽ, mẹ nhớ thực thi Bộ luật bảo vệ Đường ruột 431 mẹ nha! ​

+1 Probi mỗi ngày để chăm đường ruột con thêm êm nuột: ​
Hàng tỷ lợi khuẩn L.CASEI 431™ cân bằng hệ vi sinh đường ruột, giúp con hấp thu tốt, tiêu hoá trơn tru, cải thiện đề kháng đáng kể! ​

#Độicảnhvệđườngruột431 #Probi #Cộng1ProbiMỗiNgày",3305,20,16,2025-12-21 13:27:22,Photo
https://www.facebook.com/reel/1155209646760938/,"Chấm điểm trọn bộ các món sáng tạo mới của Green Farm Thanh trùng 
Xem ngay!
----
Menu “Ấm áp tôn trà, Mượt mà bông sữa” được sáng tạo với Green Farm Thanh trùng:
 Có mặt 1996 Matcha & More
 Từ 05/12 đến 05/01
Trải nghiệm ngay để có cơ hội nhận quà Giáng sinh đặc biệt
#Vinamilk #GreenFarm #suatuoithanhtrung",296,6,4,2025-12-21 03:01:26,Video
https://www.facebook.com/reel/3366438126866737/,"Quà tặng đặc biệt sẽ xuất hiện ở giây thứ 59! 
Xem ngay nhé
----
Menu “Ấm áp tôn trà, Mượt mà bông sữa” được sáng tạo với Green Farm Thanh trùng:
 Có mặt 1996 Matcha & More
 Từ 05/12 đến 05/01
Trải nghiệm ngay để có cơ hội nhận quà Giáng sinh đặc biệt
#Vinamilk #GreenFarm #suatuoithanhtrung",190,11,13,2025-12-20 15:00:58,Video
https://www.facebook.com/vinamilkofficial/posts/pfbid02m6ARCR2pZTapvPMyDEZTAv96yf4o3WHaVAVuc8jPTK2ZqzZzRaBsX7tQkExfWHaQl,"Lối sống chỉnh tề là không được “thôi kệ"", ​nhất là chăm ruột! ​

Việc gì để mai chứ thực thi Bộ luật bảo vệ Đường ruột 431 là phải thực hiện liền! +1 Probi mỗi ngày để chữa lành dạ dày, củng cố hàng rào đề kháng, tự tin trẻ khỏe! ​
​
Hội những người mê lối sống khoa học, mong muốn nâng cao đề kháng từ trong ra ngoài thì cần +1 Probi mỗi ngày ngay! ​

#Độicảnhvệđườngruột431 #Probi #Cộng1ProbiMỗiNgày",5987,3,18,2025-12-20 06:00:44,Photo
https://www.facebook.com/vinamilkofficial/posts/pfbid02XV1b3wKNACkiAniRAB3eNUDpYssgzDVk6Zv3ETNaUBcawk8gNKMtAeLFrYr2Es72l,"Hành trình đổi mới sáng tạo của Vinamilk tiếp tục được công nhận!

Tại Vạn Xuân Awards 2025 - Giải thưởng quảng cáo sáng tạo Việt Nam:
 Bà Mai Kiều Liên, CEO của Vinamilk được vinh danh Lãnh đạo truyền cảm hứng.
 Vinamilk Green Farm được gọi tên ở hạng mục Thương hiệu sáng tạo tiên phong.
Đây là minh chứng cho nỗ lực không ngừng để mang đến giá trị tốt nhất cho người tiêu dùng Việt. Hãy tiếp tục theo dõi và ủng hộ Vinamilk trên hành trình này nhé!
#Vinamilk #GreenFarm #VanXuanAwards2025 #doimoisangtao",471,14,37,2025-12-19 21:00:30,unknown
https://www.facebook.com/reel/1479768633084751/,"Dòng sữa tươi thuần khiết này là thành quả của những cô bò được nâng niu, chăm dưỡng với chế độ ăn có 20 loại cỏ hoa và hạt. 
Bạn có nhận ra hương vị khác biệt này không?  

#Vinamilk #GreenFarm",206,9,25,2025-12-19 12:00:16,Video
https://www.facebook.com/reel/896362742741526/,"Thân mời tất cả runner giải Heritage Marathon tham gia chặng tiếp theo tại Cần Thơthưởng thức Sữa hạt Cao đạm Vinamilk với:
✨ Đầy đặn 12g đạm thực vật từ đậu Hà Lan và 6 loại hạt. 
✨ Đậm đà dưỡng chất, thơm bùi mê ly. 
 
Nhận ngay khi hoàn thành mọi cự ly bạn nhé.
 
Nạp đạm và bứt tốc ngay: https://bit.ly/4hRuhNI
 
#Vinamilk #SuaHatCaoDam #HeritageMarathon #SCHM2025",384,4,6,2025-12-19 08:58:35,Video
https://www.facebook.com/vinamilkofficial/posts/pfbid02KDBPNBbStXa78B5r6BbnmGW1CpntWbkNLEDgttGZWhe9hcxrMjRHz5py8deHKs7Wl,"TRẢI NGHIỆM DINH DƯỠNG TỰ DO, HỖ TRỢ KIỂM SOÁT CÂN NẶNG​
​
Trạm dừng ""Dinh Dưỡng Tự Do"" của Vinamilk gần đây đã trở thành điểm dừng chân được yêu thích của các anh chị em văn phòng. Vừa uống thử, vừa nhận quà, còn sắm được bộ kit hỗ trợ kiểm soát cân nặng giúp ngày làm việc bận rộn cỡ nào cũng đủ năng lượng. Không lo bụng kêu đói, cơ thể lại còn thư thái nhẹ nhàng.​

Với 2 hương vị được mọi người yêu thích - Cà phê latte & Sôcôla, Vinamilk Tự Do háo hức trở thành người bạn đồng hành ăn ý, cùng bạn nạp năng lượng nhanh - gọn - ngon mỗi ngày.",789,148,39,2025-12-19 01:59:15,unknown
https://www.facebook.com/vinamilkofficial/posts/pfbid0AyVh1heHnuCc61QMezY2HXVaPXr6aWw5GSBfBTbZNVSm2Hsgp3M6Bu1smcZqzeWsl,"GIẢI MÃ CÔNG THỨC SIÊU CỘNG HƯỞNG CHO CÁC ""SIÊU EM BÉ"" LỚN KHÔN VƯỢT TRỘI
 
 Mẹ có biết? Hệ trục Não - Ruột - Miễn dịch khỏe mạnh chính là bệ phóng vững chắc nhất, giúp con thỏa sức khám phá và phát triển vượt trội trong những năm đầu đời.
 
Thấu hiểu điều đó, Optimum A2 Pro+ mang đến công thức tạo nên Siêu cộng hưởng lớn khôn từ Bộ 3 dưỡng chất cao cấp:
 MFGM + DHA: Bộ đôi ""kết nối thần kinh"", giúp Bé tư duy nhanh nhạy, tăng cường nhận thức. Đây là chìa khóa mở ra tiềm năng trí tuệ ngay từ những năm đầu đời.
 Đạm quý A2: Với cấu trúc tương đồng đạm trong sữa mẹ, giúp con tiêu hóa dễ dàng, hấp thu trọn vẹn và nói ""không"" với tình trạng đầy hơi hay kích ứng.
 6 HMO: Là dưỡng chất nhiều thứ ba trong sữa mẹ, vừa nuôi dưỡng lợi khuẩn, vừa ngăn chặn tác nhân gây bệnh, giúp Bé tăng cường đề kháng tự nhiên từ bên trong.
 
Mẹ ơi, ""săn"" ngay Optimum A2 Pro+ để sở hữu Bộ 3 dưỡng chất cao cấp cùng cộng hưởng phát triển trục Não - Ruột - Miễn dịch cho con lớn khôn mỗi ngày! 
 
#Vinamilk #Optimum #OptimumA2ProCộng #NhaNaoCungCoMe #ĐạmA2 #6HMO #MFGM #DHA #PhatTrienLonKhon #SuaHoTroLonKhon",317,116,25,2025-12-18 18:59:55,unknown
https://www.facebook.com/reel/2333191667145208/,"2 năm nghiên cứu, 1 công nghệ đột phá, 3 giải thưởng quốc tế chính là...
Bấm xem ngay!

#Vinamilk #GreenFarm",440,6,67,2025-12-18 12:00:35,Video
https://www.facebook.com/vinamilkofficial/posts/pfbid02pJ3CjMbEeLY6d1uFkVYKcewBo97P8ny19ooqbmtndMv53WeMZanzptfNVonFpahDl,"Nhất dáng nhì da, thứ ba tinh thần, ​
Điều quan trọng phải nhắc nhiều lần! ​
​
Cân mọi bước làm đẹp bên ngoài, đừng quên bên trong cũng cần chăm sóc nha các nàng! Trở thành Ngọc nữ toàn vẹn bắt đầu từ việc thực thi ngay +1 Probi mỗi ngày, nghiêm túc chấp hành Bộ luật bảo vệ Đường ruột 431 đã công bố. ​
​
Chăm ruột êm từ trong ra ngoài để ngọc nữ tự tin thả dáng nuột nha! ​
​
#Độicảnhvệđườngruột431 #Probi #Cộng1ProbiMỗiNgày",5079,16,13,2025-12-18 06:00:30,Photo
https://www.facebook.com/events/4268018960145158/,,8,0,0,2025-12-18 00:00:25,ProfilePicAttachmentMedia
https://www.facebook.com/vinamilkofficial/posts/pfbid0BYux9ibKsXoMiLKsADGWFGyF5NrDP577PPMbWzH7qFhmtjoh2bb5DWzcbgCXf3F2l,"RA MẮT BỘ SƯU TẬP HỒNG TRÀ MOCHA – THƠM NỒNG ĐẬM VỊ
 
Lấy cảm hứng từ Ông Thọ Cà Phê biến tấu thành sắc vị Mocha hòa quyện cùng Hồng Trà, Ông Thọ hợp tác cùng Tea.Joy cho ra mắt bộ sưu tập “Hồng Trà Mocha” được làm thủ công độc quyền 100% cho mùa giáng sinh năm nay.
 Đặc biệt, mua 1 trong 3 món trong bộ sưu tập, nhận liền tay túi đựng ly xinh xắn cùng tuýp Ông Thọ cà phê tha hồ sáng tạo món ngon tại nhà.
⏳ Áp dụng từ nay đến 31/12/2025 hoặc đến khi hết quà tặng.
 Đến trải nghiệm ngay:
 Station 1: 138/22 Trương Công Định, P.14, Q. Tân Bình
 Station 2: 7 Nguyễn Thị Minh Khai, Bến Nghé, Q.1
 Station 3: 250 Điện Biên Phủ, P. Võ Thị Sáu, Q.3

#SuaOngThoCaPhe #Vinamilk #BSTHongTraMocha",3495,15,54,2025-12-17 18:00:20,Photo
https://www.facebook.com/reel/1386924479693028/,"Gợi ý món mới đến từ Green farm Thanh trùng cho mùa lễ hội khi ghé S'mores

Duy nhất từ 05/12 tới 05/01 tại toàn bộ cơ sở của S'mores Saigon Caffè
Bạn đã kịp thử chưa?

#Vinamilk #GreenFarm #suatuoithanhtrung",140,4,5,2025-12-17 12:00:16,Video
https://www.facebook.com/reel/1488268735590285/,"Ở trang trại sinh thái của Vinamilk Green Farm, chúng tôi phải theo dõi MỨC ĐỘ HẠNH PHÚC của các cô bò mỗi ngày. 
Bạn đoán xem Vinamilk Green Farm đã làm thế nào nhé!

#Vinamilk #GreenFarm",209,2,12,2025-12-17 12:00:12,Video
https://www.facebook.com/vinamilkofficial/posts/pfbid0Te7aDWoWnkfxxVkYinhzaHVb7sDScba7ujzkZqSHxGiKMuJz6BDeiuaUdUTPaf2Tl,"Về Tây Ninh, đoàn bò Vinamilk chúng mình chấm trái cây, trộn bánh tráng, chấm thịt luộc, trộn gỏi, kho cá,... đều xuýt xoa vì ăn tới đâu phải chấm tới đó, càng chấm càng ghiền. Đoàn bò xin chấm 10 điểm không nhưng!!
 
Ai tự tin mình mặn mà thì mời về đội nhà Tây Ninh 
 
#LifeAtVinamilk #Vinamilk #VinamilkStores #VinamilkMagnet",128,29,8,2025-12-16 18:00:10,Photo
https://www.facebook.com/vinamilkofficial/posts/pfbid03dMhJtfhHxrnb7JYBXciVqCQ63Udu1yQcFqozvoUYjkeSz7ffhKdJ4Gk4HGsjyFrl,"FAN ""CỨNG"" SỮA VINAMILK FLEX ƠI, SỮA NAY THAY ÁO MỚI - VẪN NGON & GIÀU CANXI

Không để các bạn chờ lâu thêm nữa, sữa Flex nhà Vinamilk vừa chính thức sở hữu ""chiếc áo"" mới. Hiện đại hơn, tươi mới hơn, nhưng chắc chắn vẫn giàu Canxi! 

 TĂNG 70% CANXI* - Hỗ trợ xương chắc khỏe, tránh tình trạng loãng xương, đau cơ, mệt mỏi. 
 Bổ sung VITAMIN D3 hỗ trợ khả năng hấp thu Canxi.
 GIẢM 50% BÉO* -  Lý tưởng cho những kế hoạch kiểm soát cân và sống lành mạnh.
 KHÔNG LACTOZA - Êm bụng, dễ tiêu hóa cho mọi nhà.
 KHÔNG ĐƯỜNG**, THUẦN VỊ SỮA - Vẫn vị ngon bạn mê!
Có Flex, xương thêm cứng cáp, cơ thể thêm dẻo dai. Rinh ngay em Flex áo mới về nhà: https://bit.ly/4akdlxZ

#Vinamilk #SữaVinamilkFlex
----
Lưu ý
*So với Sữa dinh dưỡng không đường - Vinamilk.
**Không bổ sung đường Sacaroza",420,39,17,2025-12-16 00:00:09,Photo
https://www.facebook.com/vinamilkofficial/posts/pfbid0364TLxHzBt8wCqYJAssfxykkZQkYUskr39ZhEETmaNFUi4a6dGEWbHexY6U9h3pcPl,"ÍT ĐƯỜNG CHAI LỚN, VỮNG DẠ CHƠI LỚN 

Lâu lâu tụ họp, muốn chơi lớn vui lâu, nhất định phải có Probi Ít đường chai lớn. Đã giảm 40% lượng đường (*), còn có hàng trăm tỷ lợi khuẩn L.CASEI 431™ (#) cho mọi hội bạn lớn nhỏ vững dạ cheers tới. 

+1 kèo vui sắp tới cùng Probi Ít đường chai lớn nha!

(*) Giảm hơn 40% lượng đường tổng so với Sữa chua uống men sống Vinamilk Probi.
(#) Được làm từ khoảng 140 tỷ lợi khuẩn L.CASEI 431™ trong mỗi chai 700ml.",1685,8,5,2025-12-15 06:00:07,Photo
https://www.facebook.com/reel/2021296028443113/,"Mẹ nấu đủ món ngon, mà con vẫn lắc đầu, mẹ rầu sót ruột? ​

Cảnh vệ trưởng đường ruột Bùi Công Nam có mặt giải quyết ngay: Có thể mẹ quên chăm ruột cho con cải thiện biếng ăn hiệu quả đó! ​

+1 Probi mỗi ngày cho bé yêu để hỗ trợ tiêu hoá, kích thích con ăn ngon sạch chén, đảm bảo mẹ khoẻ hơn nhiều! Vì một thế hệ mầm non tốt bụng, cùng thực thi Bộ luật bảo vệ Đường ruột 431 cùng con mẹ nhé! ​

#Độicảnhvệđườngruột431 #Probi #Cộng1ProbiMỗiNgày",1243,32,5,2025-12-14 12:00:06,Video
https://www.facebook.com/reel/2354529988309393/,"Cả người xanh xao không hẳn là green flag, ​có khi là do đề kháng bị bỏ bê! ​
​
Cảnh vệ trưởng Đường ruột 431 Bùi Công Nam chính thức nhắc nhở, lịch tập gym đều đặn mà lịch chăm ruột lơ là, dẫn đến hậu quả đề kháng giảm dần, số ngày cảm cúm tăng dần ở người trẻ! ​

+1 Probi mỗi ngày ngay, đừng để cảnh vệ trưởng ra tay, cầm Bộ luật bảo vệ Đường ruột 431 đến tận nơi để nhắc nhở! ​
​
#Độicảnhvệđườngruột431 #Probi #Cộng1ProbiMỗiNgày",1743,34,9,2025-12-13 11:46:16,Video
https://www.facebook.com/reel/723985660297386/,"Này cô gái đừng vội lướt qua, ​

Ở đây có… Cảnh vệ trưởng đường ruột 431 Bùi Công Nam chờ cô từ chiều! ​

Hội chị em muốn tươi mỗi ngày thì tinh thần cần được chăm phơi phới! Cảnh vệ trưởng nhắc nhỏ: +1 Probi mỗi ngày liền, hỗ trợ và cải thiện đường ruột, bụng êm thì tinh thần cũng nuột!​

Nghiêm túc chấp hành Bộ luật bảo vệ Đường ruột 431 vì những cô gái ai cũng tốt bụng, thêm sức sống yêu đời mỗi ngày! ​

#Độicảnhvệđườngruột431 #Probi #Cộng1ProbiMỗiNgày",1529,59,20,2025-12-12 11:23:32,Video
https://www.facebook.com/vinamilkofficial/posts/pfbid04q9EvPwgX6XHzjkNWAANXiwMnA4AacXu1sdixSX51FvBPmA2C6AmTeqRqNnZTb5Ql,"Thân gửi toàn thể thành viên hội ""nhớ đủ thứ nhưng quên chăm ruột"", giờ tốt đã điểm, The Probi Show 431 chính thức bổ nhiệm Bùi Công Nam giữ chức Đội trưởng Đội Cảnh Vệ Đường ruột 431.​

Bắt đầu nhận nhiệm vụ nhắc nhở toàn dân thực thi bộ luật sắp phát hành! Nghiêm túc gửi thông điệp chăm ruột êm nuột vì thế hệ ai cũng tốt bụng!​
​
#Độicảnhvệđườngruột431 #Probi #Cộng1ProbiMỗiNgày",4068,140,46,2025-12-12 05:42:51,Photo
https://www.facebook.com/vinamilkofficial/posts/pfbid02beuoxr4AVrMwDrxaT2RNRxbeu38ApzMD4hGQXsHZAgoxBc4B7MULVKweC8cd5W6fl,"CHÍNH XÁC LÀ GREEN FARM ĐÃ LÀM GÌ ĐỂ MANG SỮA TƯƠI THUẦN KHIẾT ĐẾN TAY BẠN?

Nghiêm ngặt tuyệt đối và khép kín tối đa:
 Vận chuyển từ trang trại đến nhà máy không quá 6 tiếng.
Sữa sau khi tiếp nhận giữ trong bồn inox lạnh 4 độ C, tối đa 5 tiếng.
Khóa tươi sữa với công nghệ Kép Hút Chân Không, giảm thiểu lượng oxy hòa tan trong sữa.

Toàn bộ quy trình từ khi vắt sữa đến khi sản xuất không quá 24 tiếng đồng hồ.

Lấp đầy tủ lạnh của bạn với Green Farm.

#Vinamilk #GreenFarm #SuaTuoiHutChanKhong",981,24,34,2025-12-12 00:02:11,unknown
https://www.facebook.com/vinamilkofficial/posts/pfbid0dmtBuWRf7fHFmMcTCcvTx3MZjePh1qnsWyuXADADsc1TTg4NkhRgEmgkv3BWc9AYl,"LẦN ĐẦU TIÊN SỮA TƯƠI 100% RA MẮT PHIÊN BẢN GIỚI HẠN MÙA LỄ HỘI!

Một sự kết hợp không ngờ và cũng không thể làm ngơ? 
Vinamilk ra mắt Bộ sưu tập sữa tươi hương cocktail – phiên bản đặc biệt mùa lễ hội

Lấy cảm hứng từ cocktail kinh điển, kết hợp sữa tươi Vinamilk 100% được vắt và đóng hộp trong ngày, bộ sưu tập cocktail mùa lễ hội mở ra một trải nghiệm tươi ngon, tinh tế, lại không chứa lactose để yêu chiều mọi gu thưởng thức.

Bộ 3 hương vị cho người thích đu đưa cùng vị giác:
Bourbon Chuối Bơ Đậu Phộng: chuối chín “đắm mình” trong hương whiskey nồng ấm
Pina Colada: dứa tươi mát hoà cùng vị dừa tươi thơm ngon 
Irish Coffee: hương cà phê đậm đà chuẩn phong cách Ireland

 Thử để trải nghiệm ngay: https://bit.ly/4s8n6pF",4842,2306,202,2025-12-11 18:21:31,unknown
https://www.facebook.com/events/1951981945357331/,,19,0,0,2025-12-11 12:40:51,ProfilePicAttachmentMedia
https://www.facebook.com/reel/1505697383932814/,"DIELAC GROW PLUS - BÉ TĂNG CÂN BỀN, CAO LÊN RÕ NHỜ ĐỀ KHÁNG KHỎE

 Với công thức chuyên biệt, Dielac Grow Plus chứa HMO, sữa non 24h giàu IgG, và Nucleotid giúp tăng đề kháng, kết hợp đạm Whey, Canxi và Vitamin D3, K2 giúp con TĂNG CÂN BỀN - CAO LÊN RÕ.
Nay có thêm hương dâu và hương chuối mới. Đủ combo 3 hương vị, mỗi ngày 3 hộp, thoải thích bé chọn, chiều vị bé mê!

Chọn mua ngay tại đây Mẹ nhé!
Dielac Grow Plus hương dâu: https://bit.ly/DGP-HuongDau.
Dielac Grow Plus hương chuối: https://bit.ly/DGP-HuongChuoi
Dielac Grow Plus vị nguyên bản: https://bit.ly/DGP-ViNguyenBan

#Vinamilk #DielacGrowPlus #DielacVoi #HuongDauChuoi #TăngCânBền #CaoLênRõ",58,50,7,2025-12-11 07:00:11,Video
https://www.facebook.com/vinamilkofficial/posts/pfbid0bokwSV658Z3Hbi3CpQUey26wgxQLUtHxgZM6xyKANFMPgWPwoHbt1ust2qQvkimHl," Cuối năm rồi còn gì bằng một chầu hột vịt lộn hoan hỉ để xả cái xui đón may mắn tới. Món này tuy ngon nhưng ăn không khéo thì bụng dạ réo ngay. ​
 Riêng ai vẫn luôn nạp sữa chua ăn mỗi ngày, đặc biệt là việt quất - thì cứ mạnh dạn lên kèo!  ​
 -25% lượng đường đẹp dáng ​
 12 triệu men sống Bulgaricus Châu Âu giúp tiêu hóa tốt​

 Bụng khỏe - ""quất"" liền nha! ​
#Vinamilk #BungKhoe #AnDaMieng",303,39,2,2025-12-10 21:37:40,GenericAttachmentMedia
https://www.facebook.com/reel/815695997812285/,"Thói quen xấu đảm bảo ai cũng có là…

——
Khép năm tươi tote, chốt năm mướt mượt cùng sữa chua uống sệt Green Farm
Tặng túi xinh khi mua từ 4 chai sữa chua uống
Từ 8/12 đến hết 8/1/2026
Áp dụng tại các siêu thị trên toàn quốc
#vinamillk #Greenfarm #suachuauong",367,0,6,2025-12-10 12:15:09,Video
https://www.facebook.com/vinamilkofficial/posts/pfbid02KxyNSDbyKhgZ3edCDwgEdP4FcdKsz7gDQ95YNRLfVhnaiDyiYTLBdUKatPop8Mjcl,"SÍNH LỄ KIỂU NÀY HAYĐẤY!​

Có cô con dâu mê Kombucha kiểu mới, mẹ chồng tinh ý chuẩn bị nguyên tráp Trà Đen, thể hiện thành ý nhà trai.​

P/s: Quý anh chị nào muốn sính lễ chuẩn kombucha, liên hệ nhà chúng tớ ngay nhá!​

Kính mời: https://bit.ly/493dKTp

#KOMBUCHAKIEUMOI #HAYĐẤY",3046,2663,11,2025-12-10 06:22:43,GenericAttachmentMedia
https://www.facebook.com/vinamilkofficial/posts/pfbid02gdZ4iVpWBTs1P34AWMaeEFJMhAMgpeqkTe1oR8cZZHMDGek1VVe5QwYxH9Vtfvhal,"Bắt trend “Affogato” Sôcôla Matcha tại nhà cực đơn giản với Vinamilk chỉ với 3 bước:
Bước 1: Múc 1-2 viên kem Vinamilk Gelato Matcha cho vào ly, tạo một lỗ nhỏ ở giữa
 Bước 2: Rót sữa tươi 100% Vinamilk Sôcôla Đậm Đặc vào
 Bước 3: Trang trí ít vụn sôcôla cho đẹp mắt
Vậy là bạn đã có ngay một ly “Affogato” nhà làm, chuẩn trendy với sữa tươi Vinamilk 100% vị sôcôla đậm đặc mới, tăng 2.5 lần hàm lượng sôcôla(#) hòa quyện cùng kem Gelato Matcha mướt mịn đậm vị matcha siêu cuốn.
✨Thử ngay combo “đỉnh chóp” này và khoe thành phẩm cho Vinamilk xem nhé.

#Vinamilk #SữatươiVinamilk100% #vắtmỗingày #tươimỗingày #KemVinamilk #KemNgonRõVịRõVui

(#)Tăng hơn 2.5 lần lượng cacao so với sản phẩm Sữa tươi tiệt trùng Sôcôla nhãn hiệu Vinamilk 100% Sữa tươi.",5573,2193,460,2025-12-10 00:30:18,unknown
https://www.facebook.com/vinamilkofficial/posts/pfbid0BgT1ZhfmvwFV2TjLVg1phk3NPfqfzevmtVhHP9aNax1DH7rTxcBk7a1T8D6Zhb6Rl,": Đây là đoàn bò Vinamilk khi biết...
Thành phố Hồ Chí Minh và Tokyo, Seoul, hay New York có cùng một điểm chung - đều là những siêu đô thị hơn 10 triệu người và đang phát triển cực nhanh!

Nam châm Bò tham quan thành phố Hồ Chí Minh sẵn sàng về tay 14 triệu người dân nơi đây!

#LifeAtVinamilk #Vinamilk #VinamilkStores #VinamilkMagnet",182,90,3,2025-12-09 18:37:52,Photo
https://www.facebook.com/vinamilkofficial/posts/pfbid02m5wkS1XGhmP2BqFZKZ2CqFUeZoKoufwkcL7wVyMjCZ2Jr7w4Y3csK8dbVMqPzS3ul," Bên cồn có sạp bánh trái nhìn là “phái” liền! Nào là bánh nếp dẻo dẻo, nhân đậu bùi béo, cốt dừa ngậy thơm. Miệng đã sẵn sàng, bụng có chịu chơi? 

Chơi luôn! Vì mẹ đã tráng bụng cả nhà với sữa chua ăn Vinamilk nha đam sau bữa ăn mỗi ngày:
☺️ Dẻo mịn ngất ngây nhờ lên men tự nhiên. 
 12 triệu men Bulgaricus xịn từ Châu Âu
 Topping nha đam giòn dai nhai hoài hoài

Mỗi ngày 1 hũ, mại zô mại zô để bụng khỏe ăn đã miệng!
#Vinamilk #BungKhoe #AnDaMieng",270,33,1,2025-12-09 12:45:27,GenericAttachmentMedia
https://www.facebook.com/vinamilkofficial/posts/pfbid0vBKcu9gD4xrhWoitxRVggR1J3C6zP8HqWcpxCWyEjeED82gwmrFEzNqDeQ4oxKiWl,"80% HAYĐẤY LÀ TRÀ, NÊN KOMBUCHA ĐẬM ĐÀ LẮM!​

Trà Kombucha kiểu mới được lên men chậm từ lá trà xanh hữu cơ theo cách ủ truyền thống trong 6 tháng dài, cho scoby thêm thời gian tiêu thụ hết 99,5% lượng đường mía hữu cơ ở sẵn trong môi trường ủ.​

Ngào ngạt hương trà, chua nhẹ ưng ý mà không gắt.
Không ngon không lấy tiền!​

Mời thưởng trà: https://bit.ly/4oRFRuE

#KOMBUCHAKIEUMOI #HAYĐẤY",2353,2516,22,2025-12-09 06:53:01,GenericAttachmentMedia
https://www.facebook.com/reel/1439269934287593/,"Điều khó lưu giữ nhất của dòng sữa tươi thanh khiết Green Farm chính là hậu vị 20 loại cỏ hoa riêng biệt. Thành công tinh chỉnh thực đơn chăm bò, chúng tôi tiếp tục sáng tạo công nghệ Kép Hút Chân Không - loại bỏ hơn 50% gốc oxy tự do - khoá tươi tự nhiên mà không bao giờ dùng đến chất bảo quản. 

#Vinamilk #GreenFarm #Suatuoihutchankhong",126,4,8,2025-12-09 01:00:36,Video
https://www.facebook.com/vinamilkofficial/posts/pfbid0KjsKy7wBMKVw9qsTs11D6bQ4ryd4mAujHTvaXQe9WpgvzqvP3V8qExfXrusg5J22l,"CHĂM BẴM HỆ TIÊU HÓA ĐẦU ĐỜI CỦA BÉ​
VỚI SỮA CHUA ĂN CAO CẤP SUSU MỚI​

Thấu hiểu hệ tiêu hóa non nớt của trẻ, Vinamilk SuSu vừa cho ra mắt sản phẩm cao cấp hơn, phiên bản Sữa Chua Cream Sữa Tươi Vinamilk SuSu bổ sung lợi khuẩn Bifidobacterium – nhẹ nhàng chăm bẵm những hệ tiêu hóa đầu đời, hỗ trợ cân bằng vi sinh và tăng cường hàng rào bảo vệ đường ruột bé.​

Đặc biệt, sản phẩm được làm từ sữa tươi nguyên chất thanh trùng và cream sữa tươi, tạo nên:​
 Vị ngọt thanh​
 Cảm giác chua nhẹ ​
 Kết cấu sánh dẻo​

Vẫn cam kết 4 không - Không chất bảo quản, không màu tổng hợp, không chất tạo ngọt tổng hợp, không dùng nguyên liệu biến đổi gen; SuSu tiếp tục đồng hành cùng mẹ – nuôi dưỡng bé nhẹ nhàng, an tâm từ những bữa ăn nhỏ!",208,126,1069,2025-12-08 18:30:25,Photo
https://www.facebook.com/reel/776145262148301/,"Trà sữa vị phở? Cloud berry bông mịn vỗ về vị giác? Công thức bí mật sẽ được Barista từ Singapore Javel Chan tiết lộ ngay sau đây
Lấp đầy tủ lạnh của bạn với Green Farm

#Vinamilk #GreenFarm",185,7,8,2025-12-08 12:00:15,Video
https://www.facebook.com/reel/1223211712997694/,"TẶNG TÚI TƯƠI “TOTE” - CHỐT NĂM MƯỢT MÀ
Nhận ngay túi thời trang khi mua sữa chua uống sệt Vinamilk Green Farm 
Mua 4 chai  tặng  1 túi trong cao cấp 
Mua 1 thùng tặng 1 túi Tote Vinamilk 

Từ 8/12/2025 đến 8/1/2026 hoặc đến khi hết quà tặng.
Tại các hệ thống siêu thị trên toàn quốc

#Vinamilk #GreenFarm #Suachuauong #6chungmen",1286,122,12,2025-12-09 05:48:28,Video
https://www.facebook.com/reel/1247264270556780/,"Đây chỉ là một trong những cách #Vinamilk #GreenFarm chinh phục vị giác. 
Comment nếu bạn muốn Vinamilk chia sẻ công thức này nhé!
 
#Vinamilk #GreenFarm",207,3,2,2025-12-07 12:00:53,Video
https://www.facebook.com/vinamilkofficial/posts/pfbid0j4DZEkpPMHEBtSm6SxBLG6ks8PyK8wX4B8FoFhVBuzKTjrfXxawSkqw1BdVsQh9Gl,"Green Farm x 1996 Matcha & More

Béo giòn hạt dẻ, mượt mà bông sữa, thơm bùi matcha
Thử ngay món mới trong menu “Ấm áp tôn trà, Mượt mà bông sữa”

Menu “Ấm áp tôn trà, Mượt mà bôngsữa” được sáng tạo với Green Farm Thanh trùng:
  Có mặt 1996 Matcha & More
  Từ 05/12 đến 05/01
Trải nghiệm ngay để có cơ hội nhận quà Giáng sinh đặc biệt.",1358,130,29,2025-12-06 19:02:29,GenericAttachmentMedia
https://www.facebook.com/vinamilkofficial/posts/pfbid02vKQGKgzGVrzuUm5jn3pVpXBvCQCk6srWYVwGrojQrqeSpTARszFXdD27QUxWuTU7l,"Vinamilk Green Farm x S’mores Saigon Caffè

Lấy cảm hứng từ món bánh Mont Blanc trứ danh nước Pháp kết hợp cùng matcha từ vùng Shizuoka, S'mores & Green Farm tạo nên menu “Thế giới về nhà, Tôn trà thơm sữa"" cho mùa lễ hội năm nay.

Tới S'mores Saigon Caffè để trải nghiệm ngay
Duy nhất từ 05/12 tới 05/01 tại toàn bộ cơ sở của S'mores Saigon Caffè

#Vinamilk #GreenFarm #suatuoithanhtrung",1238,4,20,2025-12-06 02:04:05,GenericAttachmentMedia
https://www.facebook.com/reel/1553441992357614/,"Vẫn là Organic Châu Âu, nhưng đã có phiên bản ""nhỏ xinh"" 110ml cho bé!

Sản phẩm luôn tuân thủ tiêu chuẩn EU Organic nghiêm ngặt, khắt khe từ trang trại, thiết bị, đến đội ngũ – để kiểm soát chất lượng ở từng khâu, từ 2016 tới nay.

Bạn hoàn toàn có thể kiểm tra các chứng nhận được chúng tôi công khai:
Chứng nhận Organic 10 năm liên tục: https://www.vinamilk.com.vn/awards?cate=Organic 
Chứng nhận nhà máy & hệ thống quản lý: https://www.vinamilk.com.vn/technology 
#Vinamilk #GreenFarmOrganic #EUOrganic",136,13,19,2025-12-05 09:05:42,Video
https://www.facebook.com/vinamilkofficial/posts/pfbid0t39dDUuMgAQdetd9kKHTrTuJbmjFJ7RB8TGeAecW4AfBbjM3s3a858qjyr7RqQRkl,"Dân phượt có biết? Cung đường phượt 154 km này lọt top ""road trip"" đẹp và mạo hiểm hàng đầu thế giới, được The New York Times ca ngợi hết lời từ 2023!
 
Chưa đi chưa phải phượt thủ chính hiệu ️
 
*Vinamilk sẽ sớm tiết lộ thời gian, địa điểm săn magnet tiếp theo. Đón chờ nha!
 
#LifeAtVinamilk #Vinamilk #VinamilkStores #VinamilkMagnet",125,14,4,2025-12-04 23:44:40,Photo
https://www.facebook.com/reel/868812969051449/,"Siêu sữa uống dinh dưỡng Optimum A2 Pro+ với siêu cộng hưởng bộ ba dưỡng chất cao cấp: Đạm quý A2 cùng 6 HMO kết hợp MFGM và DHA, cho ""siêu em bé"" Alpha của Mẹ lớn khôn vượt trội.
 
 Mẹ ưng ""siêu sữa"", ghé xem tại đây: https://monkeyqr.com/OptimumA2ProCộng
 
#Vinamilk #Optimum #OptimumA2ProCộng #NhaNaoCungCoMe #ĐạmA2 #6HMO #MFGM #DHA #PhatTrienLonKhon #SuaHoTroLonKhon",614,64,29,2025-12-04 14:23:39,Video
https://www.facebook.com/reel/1417191836781370/,"Creamer 9 hạt chiều cả hội hảo ngọt! Thử đổi gió với vị trà đậm, thêm vị hạt thơm thơm biết đâu lại bỏ túi được một món ngọt healthy, ngon không ngờ!

#Vinamilk #Creamer9LoạiHạtVinamilk #SữaĐặcThuầnChay #TràSữa9Hạt 

------
Creamer 9 hạt vinh danh 2 giải quốc tế danh giá:
 Giải Superior Taste 2 sao cho vị ngon thượng hạng 
Giải vàng Monde Selection cho chất lượng",41,0,4,2025-12-04 13:01:18,Video
https://www.facebook.com/vinamilkofficial/posts/pfbid0zFyn16Yj1Q94Ch242THf9Ri3uR2mBDcm6fQEUwGwhDhD6W1DYEnb6krCG9iLqirvl,"HAYĐẤY TỚI ""ĐÂY"" - AGI OPEN 2025!
Chờ mãi cũng tới ngày AGI Open 2025 - Hội nghị thiết kế hàng đầu thế giới đổ bộ Việt Nam! Cuộc vui sáng tạo tầm cỡ này sao mà thiếu nhà chúng tớ được nhờ  
Đã thế còn bao hết Kombucha thả gaz kèm sticker, poster hay ho ""kiểu nó HAYĐẤY""✨
Ai còn ảnh đẹp thì nổ DM hoặc tag ngay chờ chi!
 
#HAYĐẤY #KOMBUCHAKIEUMOI #VIETNAMHAYDAY",88,0,4,2025-12-04 05:01:14,unknown
https://www.facebook.com/events/1395471175572208/,,12,0,0,2025-12-03 21:01:11,ProfilePicAttachmentMedia
https://www.facebook.com/reel/2377502452679471/,"Giải nhiệt cuối tuần chỉ với vài bước đơn giản – một quả bơ, vài lát chuối chín, và tuyệt chiêu: Creamer 9 hạt. Có ngay món sinh tố béo bùi, mát lạnh, dễ ghiền. Thử ngay!

#Vinamilk #Creamer9LoạiHạtVinamilk #SữaĐặcThuầnChay #SinhTố9Hạt 

------
Creamer 9 hạt vinh danh 2 giải quốc tế danh giá:
 Giải Superior Taste 2 sao cho vị ngon thượng hạng 
Giải vàng Monde Selection cho chất lượng",115,3,8,2025-12-03 13:01:08,Video
https://www.facebook.com/reel/1083393173785537/,"Chỉ với chút Creamer 9 hạt, món Lẩu sữa trường thọ bổ dưỡng đã thêm vị hạt, béo bùi và đậm đà hơn. Nhân ngày mát trời, nhớ trổ tài để cả nhà cùng quây quần nhé.

#Vinamilk #Creamer9LoạiHạtVinamilk #SữaĐặcThuầnChay #LẩuSữa9Hạt
------
Creamer 9 hạt vinh danh 2 giải quốc tế danh giá:
 Giải Superior Taste 2 sao cho vị ngon thượng hạng 
Giải vàng Monde Selection cho chất lượng",856,5,64,2025-12-02 04:07:21,Video
https://www.facebook.com/vinamilkofficial/posts/pfbid02TmRuPsUFZUThmKrYS6PeyWBndm6KWM6BicuRa6ZTu1KCdz1EKUAbPAAtfgrC24UZl,"BỮA PHỤ NHẸ BỤNG - CHẤT ĐẦY DINH DƯỠNG ​

Giữa hai bữa chính, bé hay “cồn cào” nhưng mẹ lại lo nặng bụng?​

Sữa bịch Dinh Dưỡng A2 là lựa chọn lý tưởng của bé yêu: nhẹ bụng nhờ chất xơ hoà tan và đạm A2 dễ hấp thu, dễ tiêu hoá, lại còn bổ sung Vitamin A, D3, Canxi hỗ trợ bé mắt thêm sáng và xương thêm cứng cáp.

Mẹ ơi, mua ngay: https://bit.ly/4aiA7Gn",121,6,2,2025-11-30 22:38:26,unknown
https://www.facebook.com/vinamilkofficial/posts/pfbid0munBZzzim5t81Qfeoc1eViVEBgd7DaGgzWf1FEmvrruB4ZGV2HE9WKE65JGH7J2Ml,"Ở đây có điều bất ngờ cho bạn!

Từ nay đến 31/12, hãy thưởng thức 16 món uống sáng tạo từ 5 thương hiệu đình đám trên ShopeeFood và comment ngay món yêu thích nhất của bạn với Vinamilk nhé!

#Vinamilk #Menusangtao #GreenFarm #Ongtho",830,90,14,2025-11-29 17:09:32,unknown
https://www.facebook.com/reel/725881880559644/,"Sữa tươi 100% vị chuối được vắt từ những cô bò ăn chuối? 

Bí mật bật mí! Sữa tươi Vinamilk 100% vị Chuối là sự hòa quyện hài hòa giữa sữa tươi giảm béo* thanh nhẹ cùng nước ép chuối tự nhiên, tạo nên một vị ngon vừa thơm nồng vừa dịu mát.

Tươi ngon rực rỡ, lỡ uống là mê, bạn thử chưa? https://bit.ly/4inHWfR

(*) Giảm tới 25% hàm lượng chất béo so với Sữa tươi tiệt trùng không đường nhãn hiệu Vinamilk 100% Sữa tươi.
#vinamilk #suatuoi100 #vatmoingay #tuoimoingay",4191,4790,48,2025-11-28 11:40:38,Video
https://www.facebook.com/events/817213171307960/,,23,1,0,2025-11-28 05:42:16,ProfilePicAttachmentMedia
https://www.facebook.com/vinamilkofficial/posts/pfbid03GHCRn1C7rgFgiDcsuNidfNkRpGMUjRFrsKP4VoyA832FUJmNUgJFX2gXYzKp6DFl,"DẤU HIỆU NHẬN BIẾT MẦM NON “TỐT BỤNG"" ​​

✅ Món nào cũng là món ruột​

Tự giác ăn sạch chén​

+1 mầm non ăn giỏi với Probi cam mỗi ngày, bổ sung hàng chục tỷ lợi khuẩn L.CASEI 431™, hỗ trợ tốt tiêu hóa, cùng Lysin, Kẽm và các vitamin nhóm B (B1, B2 và B12)* hỗ trợ giảm biếng ăn. ​

 Ba bữa ngon, bé ăn không sót, mẹ hổng còn sốt ruột nha!​

*Vitamin nhóm B (B1, B2 và B12): tốt cho hệ thần kinh, giúp tinh thần thư thái, kích thích sự thèm ăn.​

#TottieuhoaTangdekhang #ProbiCam #Giambiengan",150,1,4,2025-11-27 23:43:55,unknown
https://www.facebook.com/vinamilkofficial/posts/pfbid0LSVfokLSYdv3NAZr9RFNLmQz66pazBJBn2RufLGeMzWpY6xftPQ9FZSBKAycf2mzl,"Sao nay sông Cầu náo nhiệt thế?
Nghe thiên hạ đồn dịp Black Friday này có đôi bạn bò Vinamilk diện áo tứ thân, vừa livestream bán vải thiều, vừa ngân nga câu hát ""Người ơi người ở (chốt đơn) đừng… thoát live!"". 
Thế này chẳng mấy mà hết hàng 

✨Rước ngay bộ đôi ""chốt đơn"" về nhà tại 7 cửa hàng Vinamilk mới khai trương.
 Danh sách cửa hàng: https://bit.ly/49J7L83

#LifeAtVinamilk #Vinamilk #VinamilkStores #VinamilkMagnet",438,57,14,2025-11-27 17:45:34,Photo
https://www.facebook.com/vinamilkofficial/posts/pfbid037a3MxqHSSAKFhXFwnnpdkDD3S3ugHzxgqMJVqiZLjhPNHUdeHikqTrAAospKi9V5l,"Với bé yêu khó chiều, cần êm dịu hơn nhiều lần!
Vinamilk Green Farm Sữa tươi đạm quý A2 sẵn sàng chăm bằm hệ tiêu hóa khó chiều.
(*) BCM7 là một peptide có trong sữa, có thể gây ra một số vấn đề sức khỏe, đặc biệt liên quan đến tiêu hóa, làm chậm quá trình tiêu hóa, gây đầy hơi, chướng bụng và khó chịu.

#Vinamilk #GreenFarm #damquyA2 #sieusuatuoia2",72,10,16,2025-11-27 11:47:13,unknown
https://www.facebook.com/vinamilkofficial/posts/pfbid02Q35t4PLiTXbJmc175XwwEwhHjYkRdeGR19wqYSH2YF1ipnHNAbNFLy6quuxk8rpdl,"QUÀ VUI ĐANG ĐỢI, BẠN ƠI TỚI CHƠI!
Các tín đồ của sữa Ông Thọ và ADLV ơi, màn kết hợp hot hit vẫn chưa hạ nhiệt! Cuối tuần này (29-30/11), đến ngay nhà Vinamilk để:
✅ Rinh quà rủng rỉnh
✅ Check-in cùng gấu xinh
✅ Trải vị đa sắc với công thức sáng tạo từ “Sữa Ông Thọ”
Cùng hàng loạt hoạt động hấp dẫn khác!

Đặc biệt: 40 áo ADLV cho các đơn hàng có giá trị cao nhất, thêm 8 áo ADLV và hơn 600 phần quà đang chờ bạn. Chi tiết thể lệ xem ngay tại: https://bit.ly/4an0NWq

Nhắc bạn thời gian địa điểm rõ ràng:
Vinamilk 182A Nguyễn Thị Minh Khai, Q3, TP.HCM
10:00 - 20:00 | 29-30/11/2025
Số lượng quà có hạn, đến sớm để không bỏ lỡ!

#VinamilkxADLV #Hinhanhquocdan #CoolVibeQuocTe #ADLV",2910,34,30,2025-11-27 05:48:52,Photo
https://www.facebook.com/events/1476167073465927/,,21,0,0,2025-11-26 23:50:31,ProfilePicAttachmentMedia
https://www.facebook.com/vinamilkofficial/posts/pfbid0qvwfrhMYq8rLwTSJqaXT81KoZxGd2TTtr6GuVG8PPtRSExJRpo3NAiGuBhejCLtdl,"[HELLOBACSI x PROBI] ​

 Chìa khóa giúp trẻ ăn giỏi và hấp thu tốt chính là một đường ruột êm nuột! ​
​
✅ Bổ sung ngay bí kíp +1 Probi Cam mỗi ngày với hàng chục tỷ lợi khuẩn L. CASEI 431™ hỗ trợ cân đối hệ vi sinh đường ruột. ​

Chăm con đừng bỏ sót đường ruột để mở khóa “chế độ” ăn ngon sạch chén, mẹ nhé! ​
#TottieuhoaTangdekhang #ProbiCam #Giambiengan",189,1,6,2025-11-26 17:52:10,Photo
https://www.facebook.com/vinamilkofficial/posts/pfbid02GdtXduERxvFbZUdjjKkNa79hUuq6wekSAjFevRFbgGKYY5XTu7ftkXde7dPKzhWxl,"Vượt hơn 400 tiêu chí khắt khe, 0 lần thỏa hiệp, 7 chốt chặn nghiêm ngặt!
Đây là sữa tươi A2 đầu tiên & duy nhất tại châu Á đạt chứng nhận tinh khiết từ Mỹ!
Logo Clean Label Project của Vinamilk Green Farm là lời chứng nhận tin cậy nhất cho chất lượng An Toàn và Tinh Khiết của sản phẩm cho trẻ em.

#Vinamilk #GreenFarm #damquyA2 #sieusuatuoia2 #CleanLabelProject",904,33,37,2025-11-26 11:53:49,unknown
https://www.facebook.com/vinamilkofficial/posts/pfbid0o6Fib5DQr4szkHTqizur4XojYdWuwbyfXqwK19pcNbbPynwScNVLiiNzBTt6KYXYl,"✨ Sống nice chạy miles cùng các “đồng run” tại Hạ Long

 Cùng nhìn lại những khoảnh khắc sữa hạt Cao Đạm Vinamilk tiếp sức cho hơn 14.000 runner chinh phục thành công một trong những cung đường chạy được bình chọn đẹp nhất top 50 thế giới.

 Khám phá nguồn đạm chất lượng giúp hỗ trợ duy trì và phục hồi cơ bắp ngay: https://bit.ly/4hRuhNI

#Vinamilk #SuaHatCaoDam #HeritageMarathon #SCHM2025",111,5,7,2025-11-26 05:55:28,unknown
https://www.facebook.com/vinamilkofficial/posts/pfbid0mzatQvCocAvYgU5c21foQ822webwoLDBHw9c2x3D4aKe3T9iwTfJ29Ksez85G8QMl,"RƯỚI ÔNG THỌ CÀ PHÊ, MÓN NGON CẢ NHÀ MÊ​

​Với công thức độc đáo kết hợp từ hạt cà phê Robusta Việt Nam, Ông Thọ Cà phê không chỉ mang hương vị đậm đà, béo sữa, thơm nồng cà phê rang, mà còn có dạng tuýp tiện lợi giúp bạn dễ dàng kết hợp thành nhiều món ngon cho gia đình. 

Chỉ còn 4 ngày nữa là minigame của Ông Thọ sẽ kết thúc, hãy tham khảo các món ăn đơn giản sau và tham gia minigame để có cơ hội rinh giải phủ phê về nhà nhé:​

☕️ Coffee toast ngon lạ dễ làm, cả nhà đều thích​
☕️ Bánh flan cà phê ai cũng mê, chế biến siêu dễ​
☕️ Cà phê đá xay đậm vị ngon ngất ngây, cả nhà khen hết sẩy!​

Hàng loạt giải thưởng hấp dẫn đang chờ đón bạn:​
 1 Giải Nhất: Mỗi giải nhận ngay 1 Máy Rửa Chén Bosch trị giá 17,860,000 VND ​
 2 Giải Nhì: Mỗi giải nhận ngay 1 Máy Xay Sinh Tố Smeg trị giá 6,050,000 VND ​
 100 Giải khuyến khích: 1 voucher mua Sữa Đặc Ông Thọ trị giá 100,000 VND​

Thời gian tham gia từ nay đến hết ngày 28/11/2025.​
Tham khảo cách tham gia và thể lệ tại: http://bit.ly/4oAqMOg

#CangRuoiCangKet #HopMoiMonNgon #SuaOngThoMatcha #SuaOngThoCaPhe #Vinamilk",2533,2573,73,2025-11-25 23:57:07,unknown
https://www.facebook.com/vinamilkofficial/posts/pfbid02MrHtd66Ncyht6n7Zgt2Lx8Sd3U4aPPPndLbq3TBKaxqg8X2FZKLuWhYBoTFCKJiBl,"GIAO LƯU KIỂU NÀY CŨNG RÔM RẢ! HAYĐẤY!​

+1 thú vui mới của hội Gen Z: cứ tan tầm là quẹo vô công viên gần nhà thể dục thể thao, tán gẫu bốn phương cùng hội cô dì chú bác.​

Nay mời mỗi bác 1 lon Kombucha Kiểu Mới, ngào ngạt hương trà, lại còn có gaz, chua nhẹ không gắt. Uống vào là ưng cái bụng. Rồi thì bác rủ rỉ chuyện này, cháu tán gẫu chuyện kia, rôm rôm rả rả hết ngày.​

Khà khà, thử không thử không: https://bit.ly/4p3IVoe

#KOMBUCHAKIEUMOI #HAYĐẤY",3493,2245,36,2025-11-25 17:58:46,GenericAttachmentMedia
https://www.facebook.com/reel/2005032380289500/,"Những cô bò ở Green Farm Organic sống như ...VIP: rong chơi ở đồng cỏ không giới hạn thời gian, tận hưởng không khí trong lành mát lạnh, được chăm sóc móng và công nghệ 4.0 quản lý trạng thái cảm xúc! 
Xem ngay!

#Vinamilk  #GreenFarm #EUOrganic",547,4,7,2025-11-25 12:00:25,Video
https://www.facebook.com/vinamilkofficial/posts/pfbid02tTW67TJwGYdFLXEfn1WDhQ2rJGCC94zB7H4JMg2M2mocMkvFQdvcmXYX2FjEg7T3l,"+1 tuyệt chiêu khỏe bụng cho mùa lạnh: ăn sữa chua! ​
Sau nhiều ngày ""nằm vùng"" trong tủ lạnh nhà các mom, Vinamilk đã phát hiện:​

❌Mom hâm nóng sữa chua vì lo bé viêm họng.​
❌Sau mỗi bữa ăn đã vắng sữa chua vì mom sợ lạnh bụng bé. ​

Thực ra:​
✅Giữ lạnh sữa chua mới giữ được 12 triệu men sống Bulgaricus và sự ngon lành - dẻo mịn.​
✅Tráng bụng với sữa chua ăn mỗi ngày giúp khỏe bụng, khỏe đề kháng.​
⭐Chỉ cần đợi bớt lạnh là mọi vấn đề được giải quyết! ​

Nhà nhà phấn đấu mỗi ngày 2 hũ sữa chua để bụng luôn khỏe bất chấp mùa lạnh nhé! ​

#Vinamilk #SuachuaVinamilk",255,46,3,2025-11-25 07:34:42,GenericAttachmentMedia
https://www.facebook.com/vinamilkofficial/posts/pfbid02kaZrTVVtyNxn7eMKidKeAgbjwL1Xdfujzov3Ym1CoU38kBxoFfBqz16irvCgZyRvl,"Ở ĐÂY CÓ BỮA ĂN HỖ TRỢ KIỂM SOÁT CÂN NẶNG VINAMILK TỰ DO*!  
Bạn có đang trong hội bỏ bữa?​
Bạn có đang ăn uống qua loa vì cả ngày bận rộn họp hành, deadline dí sát?​
​
Đừng để cơ thể phải “chạy” trong tình trạng bụng trống!​
​
 Trạm Dừng Dinh Dưỡng “Tự Do” của Vinamilk đã chính thức có mặt tại các tòa nhà chung cư và văn phòng HN & HCM!​
Tại đây, bạn có thể tự do chọn cách nạp năng lượng: nhanh – gọn – lành, vẫn đủ chất, vẫn ngon, vẫn đúng với lộ trình giảm cân của mình.​

⏰ Ghé ngay trạm dừng gần nhất – để cơ thể được nạp lại năng lượng đúng cách. Tự do ăn, tự do khỏe, tự do giảm cân – ngay từ hôm nay! ​
​
 Check ngay danh sách các trạm dừng dưới phần bình luận nhé!​
----​
Lưu ý​
*Sản phẩm dành cho: Người trên 18 tuổi, người muốn kiểm soát cân nặng, người muốn bổ sung dinh dưỡng với năng lượng thấp. Sản phẩm được sử dụng như bữa ăn hạn chế năng lượng và sử dụng cùng thực phẩm khác trong chế độ ăn hàng ngày",129,60,21,2025-11-25 03:09:00,Photo
https://www.facebook.com/vinamilkofficial/posts/pfbid02UgqKayY3XjsuFVTWeejUncpxihxZcvV9FrFRS6D2UXPTkKVUALELpifhPdBfcBoTl," Mẹ ơi, “siêu sữa” Optimum A2 Pro+ mà Mẹ mong đợi bấy lâu nay đã chính thức lên kệ!​

Đột phá bộ 3 dưỡng chất độc quyền đầu tiên tại Việt Nam với  Đạm quý A2 – 6HMO – MFGM + DHA, Optimum A2 Pro+ tạo nên siêu cộng hưởng giúp bé lớn khôn mỗi ngày từ bên trong. ​

Một công thức thôi nhưng mang lại ba nền tảng Mẹ luôn mong: tiêu hoá êm – đề kháng khỏe – não bộ sáng trí cho siêu em bé của Mẹ.​

✨ Rước ""siêu sữa"" Optimum A2 Pro+  cùng quà siêu xinh ở mọi cửa hàng Vinamilk trên toàn quốc hoặc đặt online tại đây Mẹ nhé:    https://monkeyqr.com/OptimumA2ProCộng

#Vinamilk #Optimum #OptimumA2ProPlus #NhaNaoCungCoMe #ĐạmA2 #6HMO #MFGM #DHA #Phattrienlonkhon #Suahotrolonkhon",149,102,15,2025-11-24 22:43:18,Photo
https://www.facebook.com/vinamilkofficial/posts/pfbid061572TPVy71jBgBdux9QMbd9EjNTs54z7XgS5fGocaG123M8Zp9UBPPRL8mVfczRl,"[HELLOBACSI x PROBI] MUỐN GIẢM BIẾNG ĂN, PHẢI HIỂU BIẾNG ĂN​
Cứ đến giờ ăn là một cuộc chiến, có thể là do chế độ ăn của con chưa hợp lý, ép ăn, biếng ăn sinh lý. Đặc biệt là do mất cân đối hệ vi sinh đường ruột. Theo Hellobacsi, đường ruột khỏe là đường đến ""ăn ngon sạch chén"".​
​
✅+1 Probi Cam mỗi ngày với hàng chục tỷ lợi khuẩn L. CASEI 431™ giúp cải thiện sức khoẻ đường ruột, cùng Lysin, Kẽm và các vitamin nhóm B (B1, B2 và B12) giúp kích thích thèm ăn (*), hỗ trợ con tăng cân (**).​
​
Chăm con đừng bỏ sót đường ruột để con ăn ngoan không bỏ sót, mẹ nhé!​

#TottieuhoaTangdekhang #ProbiCam #Giambiengan​

--------​

*Vitamin nhóm B (B1, B2 và B12): tốt cho hệ thần kinh, giúp tinh thần thư thái, kích thích sự thèm ăn.​
**Hiệu quả tăng cân phụ thuộc vào chế độ dinh dưỡng hợp lý.",107,3,7,2025-11-24 18:17:36,unknown
https://www.facebook.com/vinamilkofficial/posts/pfbid02FteC3eMgLFndiZP1EcnpAjmvfWSiSEBKAi8nM5dWzQNnNxfwSm7bH4Tw7CtcNC6ul,"Minigame: TRẨY HỘI MÓN CHAY – DẬY THƠM VỊ HẠT
Bếp Nhà Hạt Vinamilk mở hội thi tài, bạn đã bỏ túi công thức nào chưa? Chỉ cần làm mới món chay quen thuộc với Creamer 9 Hạt là có ngay cơ hội nhận quà bếp vạn người mê!
 
Bước 1️⃣: Sáng tạo muôn vàn cách sử dụng cùng Creamer 9 hạt
Bước 2️⃣: Chụp ảnh/quay video quá trình chế biến món ăn và đăng tải trên trang cá nhân Facebook/TikTok ở chế độ công khai kèm hashtag #Creamer9Hat #ThomHatBeoBui #DayViMonNgon #SuaDacThuanChayVinamilk
Bước 3️⃣: Thả thông tin và công thức vào https://bit.ly/4od7wpq để nhà Hạt xem không sót món nào!
 
⏰Thời gian tham gia: Từ nay đến 23:59 ngày 08/12/2025
Thời gian công bố kết quả: dưới bình luận bài đăng vào ngày 18/12/2025
Tham khảo thể lệ chi tiết chương trình tại: https://bit.ly/4abpULT

Tự tin dọn bếp rước quà to về nào!
------
Creamer 9 hạt thuần chay đầu tiên tại Việt Nam, giành cú đúp quốc tế:
 Giải Superior Taste 2 sao cho vị ngon thượng hạng
 Giải vàng Monde Selection cho chất lượng",3990,235,60,2025-11-24 13:51:54,unknown
https://www.facebook.com/vinamilkofficial/posts/pfbid024ktAxWFQim9LQDh9b6oZ6qmsxvjHEEaGa2EM5oPZJ3vUFkWrWWVwdUeY4FAHgYdkl,"Mạch ngon thì uống một mình vẫn ngon. Nhưng để chinh phục hội sành uống, các barista khắp Sài Thành đã sáng tạo 7749 kiểu mix để kiểm chứng vị ngon của sữa yến mạch Vinamilk!​

 Mời bạn duyệt vị ngon đã cưa đổ các barista:  https://bit.ly/4acxiXj

#SuaYenMachVinamilk #ThanhBeoThemXo #UongLienMotMach",406,9,17,2025-11-24 09:26:12,unknown
https://www.facebook.com/reel/1411413454324088/,"Thực đơn chuẩn Châu Âu với tỷ lệ 60/40? 
Tìm hiểu ngay về chế độ ăn đặc biệt của các cô bò tại Green Farm Organic giúp sữa cho dòng sữa tăng 30% Omega 3 & CLA tự nhiên so với sữa tươi thông thường. 

#Vinamilk #GreenFarm #EUOrganic",341,3,14,2025-11-24 05:00:30,Video
https://www.facebook.com/vinamilkofficial/posts/pfbid07deWXxzKwGHSvLTp9yjXvcaTuKVqtYoGWGL8wWwZ8kpLqyF7VPmUMNCYJ81y2usUl,"4 CHỮ NHẤT CHỈ ""SIÊU"" CỬA HÀNG VINAMILK MỚI CÓ

Ú òa, sau bao ngày rục rịch chuẩn bị, ""siêu"" nhà mới của Vinamilk tại 11 Bùi Bằng Đoàn, Q7 đã dần lộ diện - khang trang, sáng choang, nói chung là tân gia hoành tráng á!

Để Vinamilk tiết lộ 4 lý do bạn nhất định phải tới dự tiệc tân gia nhé:
✨Nơi ""sắm sữa"" hiện đại nhất hệ thống Vinamilk - khám phá cửa hàng 2 tầng rực rỡ sắc màu, đầy ắp sản phẩm chất lượng chuẩn quốc tế, góc nào cũng sang, cứ đứng vào là có ảnh đẹp mang về.
✨Khu vui chơi bé mê nhất - đọc sách, tô màu, xé túi mù... bé muốn gì Vinamilk cũng chiều!
✨Câu chuyện ""vì bạn"" truyền cảm hứng nhất -  chiêm ngưỡng hành trình chinh phục hàng loạt giải thưởng quốc tế, được yêu thích tại Việt Nam và vươn ra thế giới của Vinamilk.
✨Ưu đãi chất nhất với những quà tặng độc đáo và mới lạ như nam châm 34 tỉnh thành Việt Nam, móc khóa, gấu bông vô cùng xinh xắn và đáng yêu

Lưu ngay lịch hẹn & rủ gia đình, bạn bè tới sắm sữa thả ga:
Địa chỉ: 11 Bùi Bằng Đoàn, phường Tân Hưng, Tp. Hồ Chí Minh. 
⏱Ưu đãi khai trương đến hết ngày 28.11.2025 - GHÉ NGAY NHA!

#Vinamilk #VinamilkShopandMore #CuahangVinamilk  #KhaiTruongCuahangVinamilk #우유가게",122,16,2,2025-11-24 00:51:44,unknown
https://www.facebook.com/vinamilkofficial/posts/pfbid0djopCRSqdumRX7ehunczXorA6PQaw28rE4JB8ZAutGeqf46F9P6bCm1WqW9bCqJ3l,"☃️ Mở khóa kỹ năng “mùa đông không lạnh…. bụng""  
 
❄️ Thời tiết chuyển mùa, bụng dạ nhạy cảm hơn, ăn gì cũng dễ bị lạnh...bụng. Ủ ấm cả ngày nhưng vẫn cảm lạnh sụt sùi! Đây là biểu hiện của đề kháng yếu, hàng rào miễn dịch chưa được củng cố! 
 
Mở khoá kỹ năng vững vàng trước thời tiết khắc nghiệt, cải thiện đề kháng với +1 Probi mỗi ngày! 
 
Hàng tỷ lợi khuẩn L.CASEI 431™ đã được kiểm chứng lâm sàng:  
 Hỗ trợ giảm đến 40% số ngày mắc cúm (*)  
 Hỗ trợ tăng 30% kháng thể IgG (**)  
 
Trời càng lạnh, càng đừng quên +1 Probi mỗi ngày để củng cố đề kháng nha!  
 
(*) Lợi khuẩn L.CASEI 431™ trong Probi được nghiên cứu lâm sàng hỗ trợ giảm đến 40% số ngày xuất hiện các triệu chứng cảm cúm 
(**) Lợi khuẩn L.CASEI 431™ hỗ trợ tăng kháng thể IgG trong huyết tương khi kết hợp với vacxin cúm",4473,8,15,2025-11-23 20:42:59,Photo
https://www.facebook.com/vinamilkofficial/posts/pfbid02TFqLewwKyGNMww6pKEHRmRKwTgimhrYX2KBfXSfDVbkoHo18rDvAdQoAqC9Xp4FLl,"SUSU mách mom 
Cách đáp 101 điều bé tò mò
 
 Răng con ngủ quên mất, chưa chịu mọc lên hả mẹ? 
 
Các mom hay “nhức não” với vạn câu hỏi của bé nhà mình. Nhưng việc đặt câu hỏi chính là biểu hiện bé đang phát triển tốt về mặt nhận thức lẫn trí tò mò đó mom ơi!
 
Để SUSU mách mom cách đáp đầy thú vị trước câu hỏi ngây ngô kì này 
 
“Giống như những cái cây khi không được nạp đủ dưỡng chất sẽ không chịu nảy mầm. Chúng ta cũng vậy đó bé ơi! Răng con thiếu Canxi nên chưa mọc lên, chứ không phải bạn ngủ quên đâu bé”
 
 Mom nhớ bổ sung sữa chua ăn SUSU mỗi buổi xế để cung cấp thêm Canxi cùng Vitamin D, giúp con khỏe mạnh và răng thêm cứng cáp mỗi ngày.
 
 Thêm SUSU vào mỗi bữa xế, bé thêm khỏe toàn diện: https://bit.ly/3XL7c6l

#SuachuaSUSU #tottieuhoa #khoedekhang #dinhduongdoidao",4108,1988,26,2025-11-23 16:34:13,Photo
https://www.facebook.com/vinamilkofficial/posts/pfbid0xA6pnvGEwsamSv2JD23bDUhyZ4PYEugATmrnPNyjqsQJjQmYoQAmZC44W19cmVSvl,48 tấn hàng thiết yếu đã được Vinamilk gửi đến vùng lũ. Chúc đồng bào và các chiến sĩ luôn bình an ❤️,1685,33,50,2025-11-23 12:25:28,unknown
https://www.facebook.com/vinamilkofficial/posts/pfbid0Mq6Gt5h1qrG5nvEATBH6bDaxB8wdd9M3fSThsmGgBb3VXdSky83qKxGX141poSCBl,"CÓ GAZ LẠI KHÔNG CỒN! HAYĐẤY!

Mời bà con cô bác tận mắt kiểm chứng độ ""thả gaz"" của Kombucha nhà chúng tớ. Gaz nhiều thế này, xì xèo mạnh mẽ cỡ này thì chẳng mâm cỗ nào thiếu HAYĐẤY được nhỉ!

Đã thế lại còn KHÔNG CỒN. Tha hồ uống đãaaaa. Ực ực khà khà thâu đêm suốt sáng.

#KOMBUCHAKIEUMOI #HAYĐẤY",3552,2962,31,2025-11-23 08:16:42,GenericAttachmentMedia
https://www.facebook.com/reel/1350060943532872/,"Vinamilk Green Farm A2 vượt qua 400+ tiêu chí khắt khe - trở thành thương hiệu sữa tươi A2 đầu tiên và duy nhất tại Châu Á đạt chứng nhận Tinh khiết chuẩn Mỹ Clean Label Project danh giá, đảm bảo:
KHÔNG hormone tăng trưởng
KHÔNG dùng chất bảo quản
KHÔNG dư lượng kim loại nặng
KHÔNG dư lượng siêu vi nhựa
KHÔNG dư lượng kháng sinh
KHÔNG dư lượng thuốc trừ sâu

Hoàn toàn chỉ sữa tươi đạm quý A2, không hơn không kém! 
#Vinamilk #GreenFarm #sieusuatuoia2 #damquya2",230,7,26,2025-11-23 04:07:57,Video
https://www.facebook.com/reel/2137924819947858/,"Một mạch thẳng tiến tới quán quen! ✨​

Dấu hiệu một buổi cà phê thành công không chỉ có hình đẹp, mà còn rước cả combo Sữa yến mạch Vinamilk x 1 món yến mạch mix!​

 Trạm yến mạch chỉ nán lại đến 25/11 - Hẹn bạn đến chơi tại: https://bit.ly/44gwxsy

#SuaYenMachVinamilk #ThanhBeoThemXo #UongLienMotMach",104,3,3,2025-11-23 03:01:26,Video
https://www.facebook.com/reel/1182379107189045/,"Tiết lộ 4 điều bất ngờ ít người biết về trang trại hữu cơ đầu tiên đạt chuẩn EU ORGANIC của VInamilk Green Farm
Xem ngay! 

#Vinamilk #GreenFarm #EUOrganic",439,9,27,2025-11-22 05:00:19,Video
https://www.facebook.com/vinamilkofficial/posts/pfbid02apK6cfCTNciJknJKH95aiDNXFZJTqpe9SobqeRGdxV7Z1gNzQGwZbQbVgifuoJDAl,"Sữa tươi tách béo thanh nhẹ hòa quyện cùng nước ép dưa lưới Địa Trung Hải mát lành, tạo nên hương vị ngọt dịu mượt mà, thơm ngon đặc trưng, chinh phục vị giác từ ngụm đầu tiên:
 
✨ Ít ngọt
✨ Ít béo
✨ Tinh khiết*
✨ Không biến đổi gen
 
 Thử vị ngon mát lòng mát dạ mới nhất từ Sữa tươi Vinamilk 100% tại đây: https://bit.ly/43H0O3F
 
* Thương hiệu sữa tươi sở hữu sản phẩm đạt Tinh khiết chuẩn Mỹ Clean Label Project",10000,4597,77,2025-11-21 21:01:10,Photo
https://www.facebook.com/reel/1662682864714463/,"KHI HỆ XƯƠNG CHẮC KHỎE, VIỆC NẶNG CŨNG HOÁ NHẸ​

Dù có những buổi sáng tay xách nách mang, buổi chiều đồ đạc lỉnh kỉnh, nhưng điều đó có là gì đối với các nữ cường vì đã có Sữa đậu nành Vinamilk Cao Canxi - hàm lượng canxi cao nhất Việt Nam* đồng hành!​
Chỉ 2 hộp 180ml mỗi ngày là đủ 50% nhu cầu canxi**, cho tay khỏe cân đủ kiểu​

Thử ngay để thấy tay lực điền!​
 https://bit.ly/SDN2111 ​
————​
(*) Theo nghiên cứu thị trường do Fieldforce (tháng 01/2025) trong ngành hàng sữa đậu nành tại Việt Nam​
(**) Dựa trên lượng canxi khuyến nghị hằng ngày của Bộ Y Tế​

#Vinamilk #CaoCanxiNhấtViệtNam #XươngChắcKhoẻ",62,3,7,2025-11-21 13:02:01,Video
https://www.facebook.com/vinamilkofficial/posts/pfbid031fn3guarmFazSwRR8YnEV13eEohxnRcLBTwJYpBFQj9EfWYTwn5eUy1wy9W9WVfal,"Cơ hội cuối để rước bí kíp Đẹp trọn gói với sữa chua ăn Nha Đam!​

Collagen giòn dai - Nâng tông ngon lành - Dưỡng ẩm dẻo mịn​

Tranh thủ ghé Hasaki trước 24/11 nha người đẹp ơi: bit.ly/4owD9uN​

#Vinamilk #SữachuaNhaĐam #Đẹpnhờnhai #Hasaki",54,41,2,2025-11-21 08:37:42,Photo
https://www.facebook.com/vinamilkofficial/posts/pfbid0369hPL2DNSkz24784Aq8Szva6vhDVY1Za5dqPi3WMhvbvWsVxEoMS3sNVE6k8ZpuMl,"[MINIGAME] KEM NGON RÕ VỊ, NHẬN QUÀ RÕ VUI 

Bạn thưởng thức kem, Vinamilk thưởng nóng!  

Cách chơi rõ dễ:​
Bước 1: Chụp/quay khoảnh khắc (của bạn, người thân, bạn bè …) thưởng thức bất kỳ loại kem nào của Vinamilk​
Bước 2: Đăng lên trang cá nhân công khai kèm viết thêm caption cùng hashtag #KemNgonRõVịRõVui #Vinamilk​
Bước 3: Copy link bài đăng và bình luận vào post này​

Giải thưởng rõ ngon: ​
 10 Giải Kem Ngon: Bộ sưu tập Ly & Túi Vinamilk phiên bản Giáng Sinh dành cho 10 bài dự thi có tổng điểm cao nhất ​
 400 Giải Kem Vui: Voucher 50K dành cho 400 bài dự thi gửi về sớm và hợp lệ nhất​

 Thời gian tham gia: 21/11/2025 - 14/12/2025 hoặc đến khi hết quà tặng​
 Khu vực áp dụng: toàn quốc​

Xem chi tiết về cách tham gia tại đây: https://bit.ly/4pnnuyc

#KemVinamilk #KemNgonRõVịRõVui",5707,3417,229,2025-11-21 04:13:24,unknown
https://www.facebook.com/events/1758412181481619/,,16,0,0,2025-11-20 23:49:05,ProfilePicAttachmentMedia
https://www.facebook.com/vinamilkofficial/posts/pfbid028eNoD3k1Nr8Se7eYPxFvfKP2hr68RnxLY3V6z7owNXV3XYZhs2yi1gdQeQvVrF7l,"CHÍNH LÀ TẤM THIỆP MỜI BẠN ĐẾN BOOTH KEM GELATO VINAMILK!​

Kem thì ở cửa hàng Vinamilk nào cũng có. Nhưng vừa có kem ngon, vừa có quà xịn thì mình note ngay lịch hẹn này:​

22-23/11 | 15h – 20h: 159 Nguyễn Đức Cảnh, P. Tân Phong, Q.7, TP.HCM​
​
29-30/11 | 15h – 20h: L6-0.02 Vinhomes Golden River (Bason), 2 Tôn Đức Thắng, P. Bến Nghé, Q.1, TP.HCM​
​
6-7/12 | 15h – 20h: 8/21 đường số 49B, P. Thủ Đức, TP.HCM​
​
13-14/12 | 15h – 20h: 182A Nguyễn Thị Minh Khai, P.6, Q.3, TP.HCM​
​
 ✨ Kem ngon rõ vị rõ vui, không gặp không về!!​
​
#KemVinamilk #KemNgonRõVịRõVui",7021,3065,75,2025-11-20 19:24:47,Photo
https://www.facebook.com/vinamilkofficial/posts/pfbid0VTPkg81MaRarq5ixMR4RpRqwmbEJ4WtpPXUfN4YKxxUeqGenagpSCJZaAKGigaYUl,"CAO THỦ MAGNET, MỚI RA TAY:
GOM MAGNET GHÉP BẢN ĐỒ 

Vòng quanh thế giới đã đời, đoàn bò xa xứ chính thức “hạ cánh” trở về nhà 

Khối đại đoàn kết dân tộc nay bao gồm 34 tỉnh/thành, các bạn bò háo hức thăm thú, check-in, khám phá từng nơi. Thấy gì hay ho là ghi chép, vẽ vời, tạo nên tấm bản đồ nam châm siêu to khổng lồ này đấy.

 Thời gian, địa điểm rõ ràng, mời các cao thủ săn magnet ra tay:
⏰ Thời gian: Từ ngày 22.11.2025 (7h-21h)
 Địa điểm: Cửa hàng Vinamilk - 11 Bùi Bằng Đoàn, Phường Tân Hưng, TP. Hồ Chí Minh

#LifeAtVinamilk #Vinamilk #VinamilkStores #VinamilkMagnet",835,382,119,2025-11-20 15:00:28,unknown
https://www.facebook.com/vinamilkofficial/posts/pfbid0pwHDjgrYeh8EHcPGjRJ7j4YWfb5ErDXfL5xa3w1myWg8fVifxwihhn9Yuod5F5pBl,"Bạn có biết phía sau hành trình tươi ngon của sữa tươi 100% trước khi tới tay bạn là cuộc “chạy đua” về cự li và tốc độ không?
 
Cự ly siêu gần:  100% sữa tươi vừa mới vắt từ các bạn bò vui khỏe, sống tại 14 trang trại chuẩn quốc tế và được đưa ngay đến 8 nhà máy hiện đại trên toàn quốc.
 
⚡Tốc độ siêu nhanh: vắt xong là đóng liền tay. Sữa ngay lập tức được xử lý và đóng hộp ngay trong ngày, để giữ trọn độ tươi mới khi đến tay bạn.
 
Khi khoảng cách và thời gian từ trang trại đến bạn ở mức tối thiểu, chất lượng sữa sẽ luôn đảm bảo ở mức tối đa, để bạn thưởng thức trọn vẹn sự tươi ngon hoàn hảo.
 
Tò mò về kết quả của hành hình tươi ngon của Sữa tươi Vinamilk 100%?
Còn chần chừ gì nữa mà không thưởng thức ngay tại https://bit.ly/4oMHkmv",6425,3921,54,2025-11-20 10:36:10,Photo
https://www.facebook.com/reel/1195638202444029/,"Menu MÙA THU SẮP QUA!
Bạn chỉ còn 1 tuần nữa để trải nghiệm menu từ Sữa tươi Thanh trùng Vinamilk Green Farm và Cà Rề. 
Đừng bỏ lỡ nhé!

 Menu Trên đỉnh mây thu - Sánh mịn tôn trà 
 25/10 - 25/11 tại tất cả cơ sở của Cà Rề",31,0,0,2025-11-20 06:11:52,Video
https://www.facebook.com/vinamilkofficial/posts/pfbid034No8vNrmNHmKzyiHtD9woa9sstcdJFuzWrM6FuHrpw6ViW1tfX8KQrftB35rXRZl,"SẮM SỮA CHẤT, SĂN ÁO NGẦU
 
Hỡi các fan cuồng sữa Ông Thọ và ADLV ơi! Đã sẵn sàng săn áo độc quyền cùng Vinamilk chưa?
 
Chiếc deal này chỉ dành riêng cho “người nhà” thôi nhé! 
50 CHIẾC ÁO SIÊU COOL sẽ thuộc về TOP 50 khách hàng có hóa đơn tích lũy cao nhất khi mua sắm trên App/Website Vinamilk từ 20-28/11/2025.
 
❗️LƯU Ý: các hóa đơn đủ điều kiện để tính tích lũy cần có ít nhất 1 tuýp Creamer Vinamilk Ông Thọ bất kỳ và không bao gồm các sản phẩm trong danh sách loại trừ. Xem thêm thể lệ ở đây nha: https://bit.ly/4iafqOP
 
BẬT MÍ: Duy nhất trong hai ngày 29-30/11/2025 ở cửa hàng Vinamilk 182 Nguyễn Thị Minh Khai còn nhiều hoạt động thú vị cùng với chú gấu ADLV và cơ hội sở hữu ngay chiếc áo đặc biệt. 
 
 Còn chần chừ gì nữa? Lên kế hoạch và săn ngay chiếc áo độc quyền của bạn thôi!
#VinamilkxADLV #Hìnhảnhquốcdân #CoolVibeQuốcTế #ADLV",5057,32,17,2025-11-19 21:08:31,Photo
https://www.facebook.com/vinamilkofficial/posts/pfbid0wh8HErque3Bqc9wXwZsDhnCN4XqsCAe8595yQ3dBxUYb3Xwe2mrUA8S9Vu4z3YW2l,"Quá rõ ràng, không gì bàn cãi. Kem ngon rõ vị chính hiệu Kem Vinamilk!",2483,3363,27,2025-11-19 12:05:10,unknown
https://www.facebook.com/reel/865631195900986/,"ĐỒNG RUN TẠI HẠ LONG  ĐÃ CHUẨN BỊ CHO HA LONG BAY HERITAGE MARATHON CHƯA?
 
Đừng quên nạp đạm đủ đầy để sẵn sàng bứt tốc nhé.
 
Bật mí với bạn: mỗi hộp sữa hạt Cao Đạm 240ml chứa tới 12g đạm hoàn toàn từ thực vật, bổ sung đạm cho cơ thể giúp bứt tốc mượt hơn, ""cân"" mọi thành tích mục tiêu của các đồng run.
 
 Bạn đã thử chưa? Bấm vào đây để nạp đạm ngay: https://bit.ly/4hRuhNI
 
 #Vinamilk #SuaHatCaoDam #HeritageMarathon #SCHM2025",280,3,1,2025-11-19 03:01:50,Video
https://www.facebook.com/vinamilkofficial/posts/pfbid02fhiJzajcVeMYbcsvuA25Wr8vDygk4HvXyVsuRUMN92AxkyX4Q1z55zQyadB5eh6Sl,"36 KẾ GIÚP BÉ GIẢM BIẾNG ĂN, CHĂM SÓC ĐƯỜNG RUỘT LÀ THƯỢNG SÁCH​

✅ +1 Probi hương Cam mỗi ngày giúp con bổ sung hàng chục tỷ lợi khuẩn hỗ trợ tốt tiêu hóa, cùng Lysin, Kẽm và các vitamin nhóm B (B1, B2 và B12)* hỗ trợ giảm biếng ăn. Con ăn ngon không bỏ sót miếng nào, mẹ đừng sốt ruột nữa nha!​

*Vitamin nhóm B (B1, B2 và B12): tốt cho hệ thần kinh, giúp tinh thần thư thái, kích thích sự thèm ăn.​

#TottieuhoaTangdekhang #ProbiCam #Giambiengan",185,0,6,2025-11-18 04:23:04,Photo
https://www.facebook.com/vinamilkofficial/posts/pfbid02MsGu4utLyj8vXQoUkutL7NQVDza6YKMfmLAsDZNb5TqCCrNbL3vbwsqQTSLtkgszl,"SỔ TAY MỞ RA - TRĨU HẠT CẢ BẾP!
Nấu món chay không khó, nấu sao để mỗi ngày một kiểu ngon mới là thử thách!

Có Sổ tay nấu nướng mùa hạt của Vinamilk là cộng thêm 10 món chay mới, thêm vô vàn cảm hứng sáng tạo theo cách riêng cùng Creamer 9 hạt.
Săn ngay bộ công thức trên mỗi tuýp Creamer 9 hạt bạn nhé!

Tham khảo thêm: https://www.vinamilk.com.vn/blogs/cong-thuc-mon-ngon

#Creamer9LoạiHạt #SữaĐặcThuầnChay #ThơmHạtBéoBùi #DậyVịMónChay 
------
Creamer 9 hạt thuần chay đầu tiên tại Việt Nam, giành cú đúp quốc tế:
 Giải Superior Taste 2 sao cho vị ngon thượng hạng
 Giải vàng Monde Selection cho chất lượng",1297,17,159,2025-11-17 05:44:19,unknown
https://www.facebook.com/vinamilkofficial/posts/pfbid032ipqExqmt6t1GV5siLmBnEN6fcNYsx81UTQayuf9PUTQBDo7866HdgUv4F4gGUVPl,"Thời tiết lạnh khiến nhiều bé dễ bị ho, sổ mũi, cảm cúm… ảnh hưởng đến sức khỏe, việc học và những giờ vui chơi mỗi ngày.

Để giúp con vui khỏe trọn mùa, bố mẹ nên chú ý tăng cường đề kháng tự nhiên cho trẻ bằng chế độ ăn cân bằng, ngủ đủ giấc và bổ sung thêm những “bữa phụ thông minh” như sữa giàu vi chất, ít đường, giúp con khỏe mạnh hơn từ bên trong.
Xem thêm video phía dưới từ Việt Nam Vui Khỏe để lắng nghe các chuyên gia chia sẻ bí quyết tăng đề kháng mùa lạnh, giúp bé vui học – vui chơi – phát triển khỏe mạnh mỗi ngày!
https://vtvgo.vn/video/play/viet-nam-vui-khoe--12112025--bao-ve-suc-khoe-cho-tre-thoi-diem-giao-mua-2,R9U4hKBWXU.html",5312,2237,33,2025-11-16 07:05:33,Photo
https://www.facebook.com/vinamilkofficial/posts/pfbid02rHUSMaM1vrZKAB6kRYrJFqyJDMfQU9Z3616h8KzdaYtaiBoD969mCH2yGWLCuKyhl,"Xe duyên thành công: Bakes French Pastry và Yến mạch Vinamilk về chung một nhà!​

Các Barista của Bakes và R&D nhà Vinamilk đã đích thân mai mối, mời bạn đến thử xem các combo có đủ xứng đôi:​
☕ “Ca” một mạch, với cappuchino đậm đà trên nền yến mạch êm mướt
 “Mát” một mạch, nhờ vị umami của matcha cùng sữa yến mạch thơm ngậy​
☕ “Phê” một mạch, ngụm đầu lâng lâng cà phê, ngụm sau ngọt ngào yến mạch​

Đến chung vui với 3 cặp bài trùng này và nhận quà giới hạn đến hết 21/11 tại các chi nhánh Bakes:​
 169 Nguyễn Đức Cảnh, Phường Tân Hưng, TP.HCM ​
 47B Trần Cao Vân, Phường Xuân Hoà, TP.HCM ​
 16 Thảo Điền, Phường An Khánh, TP.HCM ​

#SuaYenMachVinamilk #TramYenMachVinamilk #ThemXoThanhBeo",135,7,9,2025-11-15 08:26:48,unknown
https://www.facebook.com/vinamilkofficial/posts/pfbid0ugvjNTSohEYmTDRj7bF19afKtdL22HtGV7ZqCrsvmYEHcNMSPHjVmHPc5VEv19Dzl,"CHẤN ĐỘNG, CHẤN ĐỘNG!!!
Khi hình ảnh “quốc dân” gặp “cool vibe quốc tế”, điều gì xảy ra?

Chiếc áo collab ADLV x Thương hiệu Ông Thọ chính thức trình làng - nơi ký ức ngọt ngào hòa quyện cùng phong cách streetwear Hàn Quốc chất chơi.
Không chỉ là một sản phẩm thời trang, đây là cú bắt tay giữa hai biểu tượng khiến cộng đồng phải chú ý.
 Bạn đã sẵn sàng để mang vibe này xuống phố chưa?

Vinamilk “lạm quyền” dành riêng 100 suất làm quà tặng “người nhà”, cùng chờ đón chương trình săn chiếc áo phiên bản giới hạn này tại Cửa hàng Vinamilk và Ứng dụng mua hàng Vinamilk trong tháng 11 này nhé!

x #VinamilkxADLV #HìnhẢnhQuốcDân #CoolVibeQuốcTế #adlv",6210,231,79,2025-11-14 09:48:02,Photo
https://www.facebook.com/vinamilkofficial/posts/pfbid02H9Nkzd1adCXqW6zpnS7gxou4cwJmng47oxHFNdNK87LYKea2Nhdth1FDdFtbscZZl,"RƯỚI ÔNG THỌ MATCHA, MÓN QUEN THÊM MỚI LẠ  
 
Vẫn là vị ngon sữa Ông Thọ vạn người mê, nay kết hợp cùng bột Matcha Nhật Bản cho ra phiên bản xốt đậm đà matcha vẫn béo thơm mùi sữa, đa dụng, dễ dàng pha chế tại nhà tạo thành ngàn món ngon cho cả gia đình! Cùng tham khảo cách chế biến món ngon từ Ông Thọ nhé!  
 
 Matcha latte ai cũng mê, nay thêm đậm đà với Ông Thọ vị matcha
 Dorayaki món quen nay thêm lạ, với vị matcha siêu đậm đà
 Donut bất hủ rưới thêm sốt matcha, ngon lắm à nha!
 
Hãy làm thử các món ngon với Ông Thọ Matcha và tham gia ngay Mini game “Càng rưới càng kết - Hợp mọi món ngon” để vừa có món ngon thưởng thức, vừa có cơ hội rinh giải phủ phê về nhà: 
 1 Giải Nhất: Mỗi giải 01 Máy Rửa Chén Bosch trị giá 17.860.000 VNĐ
 2 Giải Nhì: Mỗi giải 01 Máy Xay Sinh Tố Smeg trị giá 6.050.000 VNĐ
 100 Giải khuyến khích: Mỗi giải 01 voucher sử dụng sữa đặc Ông Thọ trị giá 100.000 VNĐ 
 
Thời gian tham gia: từ nay đến hết ngày 28/11/2025. 
Tham khảo cách tham gia và thể lệ tại: http://bit.ly/4oAqMOg
 
#CangRuoiCangKet #HopMoiMonNgon #SuaOngThoMatcha #SuaOngThoCaPhe #Vinamilk",4527,3779,163,2025-11-13 11:09:17,unknown
https://www.facebook.com/reel/630751333367038/,"TỰ HÀO CÙNG VIỆT NAM VƯƠN TỚI THỊNH VƯỢNG 
 
Hội chợ Mùa Thu 2025 đã khép lại, nhưng niềm tự hào vẫn còn ở lại. Tại phân khu “Thu Thịnh Vượng”, Vinamilk hạnh phúc khi được đón tiếp đông đảo khách tham quan, cùng chia sẻ câu chuyện bản lĩnh Việt và những cải tiến chuẩn quốc tế. 
 
Cảm ơn bạn đã ghé gian hàng và trải nghiệm các sản phẩm dinh dưỡng từ thương hiệu quốc gia Vinamilk. Hẹn gặp lại ở những hành trình tiếp theo của Vinamilk. 
 
#Vinamilk #BanLinhVietNam #VuonTamQuocTe #ThuThinhVuong #HoiChoMuaThu2025",529,21,21,2025-11-12 12:30:32,Video
https://www.facebook.com/vinamilkofficial/posts/pfbid0tiaHqt16evpQhfqBjRviTe5zmiKjwyhiDez2ZQxS3BwmSesJXypkDcE4CiduiN8ml,"Tin độc quyền!
Chúng tôi mới phát hiện Vinamilk đi cùng ADLV – 2 nhân vật “làm mưa làm gió” với cộng đồng người dùng đông đảo. Chi tiết nội dung cuộc hẹn vẫn đang được làm rõ.

Theo nguồn tin nội bộ, một siêu phẩm đang chuẩn bị được trình làng. Gấu ADLV đang giấu gì trong tay? Gợi ý cho bạn, đó là một sản phẩm ngọt ngào quen thuộc mà ai cũng từng mê mẩn.

Comment ở dưới ngay nhé!
x #VinamilkxADLV #adlv",156,12,10,2025-11-12 00:16:28,Photo
https://www.facebook.com/reel/851247073961505/,"Ở đây chúng tôi nhắc chăm ruột không cần đến camera, chỉ cần đôi mắt này mở ra là không thể qua mặt! 

Luôn luôn dõi theo những ai chưa +1 Probi, nhân vật chính - Cảnh vệ trưởng chính thức hành động‼️
Đoán xem ai sẽ là gương mặt đại diện trở thành Cảnh vệ trưởng của Đội cảnh vệ Đường ruột 431! Bật mí đây là người có thể khiến cả giới undergiao chấn động.

#Độicảnhvệđườngruột431 #Probi #Cộng1ProbiMỗiNgày",870,252,26,2025-11-11 12:02:25,Video
https://www.facebook.com/reel/1081472863936560/,"Không cần chọn giữa ngon và bổ, vì Vinamilk đã gom 3 ưu điểm của yến mạch vào một hộp sữa siêu tiện lợi. Thanh béo - ngọt tự nhiên – thêm chất xơ, dễ tiêu hóa.​

 Lúc bận rộn cứ “ực” một ngụm - vừa ngon khỏe, vừa nhẹ bụng: https://bit.ly/4qYzcRE

#SuaYenMachVinamilk #ThanhBeoThemXo",483,18,9,2025-11-11 11:36:59,Video
https://www.facebook.com/vinamilkofficial/posts/pfbid037dePbXC155yEUCGy36UBMM26Hi9u2JxNsfCrywGZ6TQTnCSwRWHuyNmiS5ZV7k63l,"ĐÃ TÌM RA CÁCH NGHỆ NHẤT ĐỂ XOA DỊU DẠ DÀY​

+1 Probi Nghệ Mật Ong, với Curcumin - tinh chất trong củ nghệ, giúp giảm viêm loét dạ dày hiệu quả. Đã vậy còn đi kèm mật ong giúp kháng khuẩn, tăng cường khả năng xoa dịu đường ruột.​

Bộ đôi êm ruột đã sẵn sàng. Chỉ cần nhớ 2 chai mỗi ngày là nuột đời!​

#probinghematong",831,32,19,2025-11-10 05:57:52,unknown
https://www.facebook.com/vinamilkofficial/posts/pfbid02wQk6MEjYxDzgQahfBoZTfwK5hYucTFQm9LBhQoqAzaoNdBrbnf9jUaoA3TFk4Pkwl,"Trạm Yến Mạch Vinamilk đã cập bến tại quán quen. Lên kèo cafe cùng hội bạn “cốt”, chốt quà ngon, thanh béo đậm đà, phiên bản giới hạn!​

Một mạch thẳng tiến các tọa độ ngon lành này nhé!​
South Ground – 230/17 Pasteur, Phường Xuân Hoà, TP.HCM​
Bakes - 16 Thảo Điền, Phường An Khánh, TP.HCM ​
Beanthere  - 42/7 Hồ Hảo Hớn, Phường Cầu Ông Lãnh, TP.HCM​

#SuaYenMachVinamilk #TramYenMachVinamilk #ThanhBeoThemXo",150,0,8,2025-11-09 00:18:45,unknown
https://www.facebook.com/vinamilkofficial/posts/pfbid02Z8nfmgDiLdAtdbiX1MsX2DQCPVMcFsLv3MbbU39AhDpE7MLQwvEGs5TUaQHPVhGyl,"Bạn đã nhận Sữa hạt Cao Đạm Vinamilk cho tất cả runner khi tham gia giải chạy Standard Chartered Hanoi Marathon - Heritage Race chưa?

Hàm lượng đạm trong 2 hộp 240ml, tương đương với hạm lượng đạm trong 100g ức gà, sẽ tiếp sức ngay cho bạn để bứt tốc về đích.

Bạn đã thử chưa? Bấm vào đây để nạp đạm ngay: https://bit.ly/4hRuhNI

 #Vinamilk #SuaHatCaoDam #HeritageMarathon #SCHM2025",71,8,1,2025-11-07 18:39:38,unknown
https://www.facebook.com/reel/1135154105471571/,"MỚI! DIELAC GROW PLUS NAY ĐÃ CÓ HƯƠNG DÂU & CHUỐI ​

Biết khẩu vị bé ngày càng đa dạng, Dielac Grow Plus kết nạp thêm 2 gương mặt Dâu & Chuối mới - thơm thơm, thanh thanh, ít ngọt dễ uống. ​

​Vậy là menu Dielac Grow Plus nay đã có 3 hương vị ngon lành cho bé tự do lựa chọn. Mỗi ngày đủ 3 hộp, tăng cân bền cao lên rõ chẳng hề khó mẹ ơi! ​

▶️ Mua Dielac Grow Plus hương dâu tại: https://bit.ly/DGP-HuongDau. Hương chuối tại: https://bit.ly/DGP-HuongChuoi

​#Vinamilk #DielacGrowPlus #DielacVoi #TăngCânBền #CaoLênRõ",105,11,19,2025-11-06 13:00:31,Video
https://www.facebook.com/vinamilkofficial/posts/pfbid029AsWFZM8pUMk7KSgmTCAXbXbEXB95sdLBxmcVhQbVEhq4ZE4oXHEFNVscunSVJAAl,"SÔCÔLA - SÔCÔLA NỮA - SÔCÔLA MÃI!
Vẫn là sữa tươi 100%Sôcôla - món tủ của bạn nhưng cải tiến để đậm hơn, đặc hơn, đã hơn:
Tăng 2.5 lần sôcôla*
❤️ Giảm 21% hàm lượng béo*
 
Bạn yên tâm, sản phẩm được nhà Vinamilk ra mắt với kết quả:
 99.99% đồng ý phiên bản Sôcôla Đậm đặc này có thể thay thế một ly Sôcôla nóng họ ghiền mỗi tối.
 0.01% còn lại là những người chạy deadline mệt quá không kịp uống một ly!
 
Dù là fan hay chưa là fan của Sôcôla, đây hứa hẹn sẽ là lần thử Sữa tươi Sôcôla đậm đặc, thơm ngon bậc nhất!
Đổi gió ngay với phiên bản mới: https://bit.ly/43jI226
 
*Tăng hơn 2,5 lần lượng cacao và giảm 21% lượng béo so với sản phẩm Sữa tươi tiệt trùng Sôcôla nhãn hiệu Vinamilk 100% Sữa tươi.",9273,4762,89,2025-11-06 04:40:28,Photo
https://www.facebook.com/vinamilkofficial/posts/pfbid02s6DVdZ1f7TZqd7becJqSkZe3fBtxvbdMAbmQk4Ucc5HjiggiuSvKnKrM7v1qsosHl,"“TÂN BINH TƯƠI MỚI” CỦA SỮA TƯƠI 100%!!!

Đội hình tươi ngon của nhà Sữa tươi Vinamilk 100% vừa cập bến 2 rổ trái cây: Dưa lưới Địa Trung Hải và Bắp Mỹ thơm bùi. 

Lượng sữa tươi thuộc hàng đáng gờm hiện nay, kết hợp với nguồn nguyên liệu cao cấp, không biến đổi gen, tạo nên bộ đôi cực phẩm sữa tươi tươi mát, thơm ngon hết ý! 

 Lấy lòng bạn với 2 hộp mát mẻ
  Dưa lưới: https://bit.ly/4nH5qhj
  Bắp: https://bit.ly/43ReDfG",10000,4602,141,2025-11-05 20:20:25,Photo
https://www.facebook.com/reel/1384070220172690/,"Vinamilk Green Farm, sữa tươi thuần khiết từ thực đơn chăm bò 20 loại cỏ hoa.

Mua 3 lốc, tặng 1 hộp cùng loại
⏳ Chương trình áp dụng từ ngày 10/10/2025 đến hết ngày 31/12/2025
 Tại cửa hàng bán lẻ và một số hệ thống siêu thị trên toàn quốc  

Vinamilk Green Farm, vỗ về vị giác.

#Vinamilk #GreenFarm #Suatuoihutchankhong",409,20,5,2025-11-05 12:00:23,Video
https://www.facebook.com/vinamilkofficial/posts/pfbid0348jULxtkAP3PF8sth2R49Jyo5yHfpohaUvkhX4zuckY9ecMNskyDWXc4mWAPu4zxl,"+1 PROBI MIỄN PHÍ KHI ĐẾN VNVC 
​
Vì một thế hệ mầm non khỏe đề kháng, Vinamilk tặng ngay 1 chai sữa chua uống men sống Probi cho các em bé khi đến tiêm chủng tại các trung tâm VNVC*. ​
​
Với hàng chục tỷ lợi khuẩn L.CASEI 431™ được chứng minh hỗ trợ giảm 40% số ngày mắc cảm cúm, tăng 30% kháng thể IgG khi kết hợp cùng vắc xin cúm, giúp con tăng đề kháng trong thời điểm giao mùa. ​
​
Đường ruột êm, thêm khỏe mỗi ngày, ghé ngay VNVC cả nhà nhé!​
​
*Hoạt động thuộc chương trình hợp tác chiến lược giữa Vinamilk và VNVC nhằm hướng đến cải thiện sức khỏe đường ruột vì cộng đồng tại 9 trung tâm. ​

#VinamilkProbi #TottieuhoaTangdekhang #tiemchungvnvc #vidinhduongsuckhoecongdong",111,6,2,2025-11-04 15:27:40,unknown
https://www.facebook.com/vinamilkofficial/posts/pfbid029hEQfuAUuVyEKt2LczZpL5GmnYH8m2yP81zqTxTFfEr9asGgRS6MUvCRN1CV3YwPl,"SĂN BÍ KÍP THƠM HẠT, BÉO BÙI – DẬY VỊ MÓN CHAY

Vinamilk Creamer 9 hạt không chỉ kết hợp vị ngon từ 9 loại hạt, mà còn truyền cảm hứng cho vô vàn công thức món chay sáng tạo.

Muôn màu muôn vị món chay từ Creamer 9 Hạt sẽ lộ diện tại nhà hàng Chay Garden – thương hiệu đạt Michelin Guide 3 năm liền. Mời mọi người đến thăm vườn hạt và săn bí kíp cho món chay thơm hạt, béo bùi!

Thời gian: 04/11 – 12/11
Chay Garden - 52 Xuân Thủy, P. An Khánh, TP.HCM
Thưởng thức món chay từ Creamer 9 hạt (áp dụng cho bàn từ 3 người)
Gói đầy hạt mang về: Cookbook & Creamer 9 hạt Vinamilk để tự sáng tạo
Chỉ cần scan mã QR, đọc “câu thần chú” & check-in để nhận quà

#Creamer9LoạiHạt #SữaĐặcThuầnChay #ThơmHạtBéoBùi #DậyVịMónChay
------
Creamer 9 hạt thuần chay đầu tiên tại Việt Nam, giành cú đúp quốc tế:
 Giải Superior Taste 2 sao cho vị ngon thượng hạng
 Giải vàng Monde Selection cho chất lượng",709,34,125,2025-11-03 18:54:58,unknown
https://www.facebook.com/vinamilkofficial/posts/pfbid0CcqSCdXYFsnC6goeHpaEt2NNVGJ6ckefi1Xn4ZvU51ztvePUZnM4sT2HwiuyuYQQl,"BÉ ÊM BỤNG, DỄ TIÊU HOÁ * VỚI ADM ĐẠM A2 - ÍT ĐƯỜNG MỚI RA MẮT ✨ 

Hiểu mẹ có nhiều nỗi lo: vừa lo cho chiếc bụng nhạy cảm của bé, vừa sợ bé thiếu chất mỗi ngày, nên nay Vinamilk ADM đã chính thức cho ra mắt sản phẩm mới – Đạm A2 Ít Đường. 

Vẫn bổ sung 23 dưỡng chất cần thiết cho bé như Vitamin A, D3, Canxi, Kẽm, Selen,… nhưng có thêm sự xuất hiện của đạm A2 dễ hấp thu, dễ tiêu hóa hơn*. ADM tự tin cùng mẹ đồng hành, nuôi dưỡng bé mỗi ngày. 

⭐Mẹ mua ADM A2 Ít Đường cho bé tại: https://bit.ly/47CYhIZ 
----------------- 
* So với đạm A1 
#VinamilkADM #23DưỡngChất #ĐạmA2DễTiêuHóa #NuôiDưỡngƯớcMơ",386,29,11,2025-11-02 22:22:16,Photo
https://www.facebook.com/vinamilkofficial/posts/pfbid0BnnPmTShmuGYKoGCpzk14pEFjTKVqEtpYQgXT3F9Z6tcqexLht3LQEg7nXCkPF3dl,"VỪA RA MẮT SỮA DINH DƯỠNG VINAMILK ĐẠM A2 ÍT ĐƯỜNG

Không để cả nhà chờ đợi lâu, Vinamilk vừa chào đón thành viên mới của gia đình Sữa Dinh Dưỡng: đã ít đường nay còn bổ sung Đạm A2 100% từ Mỹ. 

So với đạm A1, đạm A2 dễ hấp thu và dễ tiêu hoá hơn, phù hợp cho hệ tiêu hoá của các bé nhà mình. Đồng hành là các vi chất như vitamin A, D3, Canxi và chất xơ hòa tan giúp mắt sáng, xương khoẻ, bụng êm. Mẹ yên tâm với sự bổ sung đa chất của Sữa Dinh Dưỡng Vinamilk mới nha.

Chờ mẹ rinh ngay về nhà: https://bit.ly/FinoA2 

#Vinamilk #SữaDinhDưỡngVinamilk #SữaDinhDưỡngĐạmA2
#ĐạmA2",806,62,20,2025-11-02 01:49:34,Photo
https://www.facebook.com/reel/1346498540449272/,"Sữa tươi Thanh trùng của Vinamilk Green Farm tôn vị trà Houjicha nhờ vị ngọt thanh, độ béo vừa phải, kết cấu sánh mịn. 
 
Mùa thu này, mời bạn thưởng thức Houjicha Latte và Ginger Houjicha Latte, được pha cùng sữa tươi Thanh trùng để cảm nhận sự ấm áp, êm ái, ngọt ngào.
 
 Menu Trên đỉnh mây thu - Sánh mịn tôn trà 
 
 25/10 - 25/11 tại tất cả cơ sở của Cà Rề
 Nhận móc khóa Houjicha khi check-in cùng menu mới (áp dụng trong tháng 11)",685,24,24,2025-11-01 05:16:52,Video
https://www.facebook.com/vinamilkofficial/posts/pfbid05U4Dk8gc9ZwoCD6E4J1sLMrPNHtDa21nk17Fghpak9DNtUKxGu4Lmug2aDjyQBN3l,"NĂNG LỰC VIỆT NAM CHINH PHỤC CHUẨN MỰC TOÀN CẦU
 
Với sứ mệnh cốt lõi là để người Việt uống sữa Việt, Vinamilk không dừng lại ở đó, mà đã tiên phong mang chất lượng nước nhà ra toàn cầu – đến 65 thị trường quốc tế và hơn cả thế. Tất cả vì một nước Việt hiên ngang giữa năm châu.
 
Hãy cùng khám phá hành trình 49 năm bản lĩnh của Vinamilk tại Hội chợ Mùa Thu 2025.
️ Thời gian diễn ra sự kiện: 25/10 – 04/11/2025
Địa điểm: Trung tâm Triển lãm Việt Nam (VEC)
 Gian hàng Vinamilk: Ô số 42–47 – phân khu “Thu Thịnh Vượng”
 
#Vinamilk #BanLinhVietNam #VuonTamQuocTe #ThuThinhVuong #HoiChoMuaThu2025",145,1,6,2025-10-31 20:38:45,unknown
https://www.facebook.com/reel/2190618874765013/,"Tiết lộ thành tích ấn tượng của các runners tại GEMADEPT RUN 2025 với sự tiếp sức từ Vinamilk Green Farm Cao Đạm!

#Vinamilk #GreenFarm #GemadeptRun",368,6,3,2025-10-31 12:00:38,Video
https://www.facebook.com/reel/1746412199532915/," Cuối tuần qua có gì hot?

Hàng ngàn gia đình đã “cháy hết lòng” cùng ĐƯỜNG TRƯỢT LỢI KHUẨN KHỔNG LỒ Probi tại Thảo Cầm Viên! 
Vừa thưởng thức Probi mát lạnh – Tốt Tiêu Hóa, Tăng Đề Kháng , vừa tham gia hàng loạt trò chơi cực vui, rinh về vô số quà tặng hấp dẫn 

 Tuần này, ngày 1/11 & 2/11, ĐƯỜNG TRƯỢT LỢI KHUẨN KHỔNG LỒ sẽ tiếp tục “đổ bộ” Công viên nước Amazing Bay – Đồng Nai!

 Chuẩn bị “dốc ruột” bung xõa cùng Probi nhé!
#VinamilkProbi 
#TotTieuHoaTangDeKhang 
#DuongTruotLoiKhuanKhongLo",254,4,8,2025-10-31 04:04:14,Video
https://www.facebook.com/vinamilkofficial/posts/pfbid0VnWDEMSpCqDG1tbUpozCz21JvhB2cqF3gDiTR56Qv1uPrs17DPq6DYJ92dkXuzuLl,Vinamilk trân trọng sự yêu mến – mong muốn đồng hành đúng cách trong việc sử dụng hình ảnh nhãn hiệu Ông Thọ!,10000,1550,685,2025-10-30 22:43:02,Photo
https://www.facebook.com/vinamilkofficial/posts/pfbid0UbbN7hr8EwiAHeLAe6Bo6jwPui71DfVzw189JvACsNaQuGyadUAQGM6Xfq2AEqR3l,"QUÁN QUEN MỘT MẠCH THẲNG TIẾN!

Yến mạch Vinamilk mới ra mắt đã làm quen được cả hội món ngon – đủ mặt Matcha, Cà phê, Sôcôla. Để nhập hội, mời bạn ghé các Trạm Yến Mạch đang đổ bộ khắp các quán cà phê Sài thành.

 Rinh Combo giới hạn khi chọn món nước với nền sữa sữa yến mạch Vinamilk
 Nhận ngay 1 hộp Sữa Yến Mạch Vinamilk hoàn toàn MIỄN PHÍ 

Điểm mặt quán quen, từ nay đến 25/11!
 Josse Coffee: 220/41 Nguyễn Trọng Tuyển, Phường Phú Nhuận, TP.HCM
 Machiya Coffee: Tống Hữu Định, Phường An Khánh, TP Thủ Đức, TP.HCM
 Ssense café: Số 1 chung cư Tôn Thất Thuyết, phường Vĩnh Hội, TP.HCM
 SOCO Coffee: 42/3 Ung Văn Khiêm, Phường Thạnh Mỹ Tây, TP.HCM
 Cafe Camy: 7 Văn Cao, Phường Tây Hồ, Hà Nội
 Take  A Break: 108C3, Ngõ 627 Đê La Thành, Phường Giảng Võ, Hà Nội
 Mơ Đi Hội: Chung cư, Lầu 4, 145 Nguyễn Trãi, Phường Bến Thành, TP.HCM
 Nhà Chung: Chung cư, Lầu 5, 35 Nguyễn Văn Tráng, Phường Bến Thành, TP.HCM
 So Đậm: 10-16 ven hồ Linh Quang, Phường Văn Miếu - Quốc Tử Giám, Hà Nội
 Barxiu: Chung cư 143, Nguyễn Trãi, Phường Bến Thành, TP.HCM

 Bakes:
CN1: 169 Nguyễn Đức Cảnh, Phường Tân Hưng, TP.HCM
CN2: 47B Trần Cao Vân, Phường Xuân Hoà, TP.HCM
CN3: 16 Thảo Điền, Phường An Khánh, TP Thủ Đức, TP.HCM

 Beanthere:
CN1: 42/7 Hồ Hảo Hớn, P. Cầu Ông Lãnh, TP.HCM
CN2: 3/5 Hoàng Sa, phường Sài Gòn, TP.HCM
CN3: 39/5 Hoàng Dư Khương, Phường Hoà Hưng, TP.HCM

 Một Bát Trà:
CN1:  5/62 Nguyễn Trung Ngạn, Phường Bến Nghé, TP.HCM
CN2: 115/174B Lê Văn Sỹ, phường Phú Nhuận, TP.HCM
CN3: TK24A/28 Nguyễn Cảnh Chân, Phường Cầu Ông Lãnh, TP.HCM

 Lat Matcha:
CN1:  309 đường 9a, KDC Trung Sơn, xã Bình Chánh, TP.HCM
CN2: 51 Núi Thành, Phường Tân Bình, TP.HCM

 South Ground:
CN1:  62 Phạm Ngọc Thạch, Phường Xuân Hoà, TP.HCM
CN2: 230/17 Pasteur, Phường Xuân Hoà, TP.HCM

 Da Kafe and Tea
CN1: 415 Điện Biên Phủ, Phường Thạnh Mỹ Tây, TP.HCM
CN2: 273 Phạm Văn Đồng, phường Hạnh Thông, TP.HCM
CN3: 2a Cao Thắng, phường Bàn Cờ, TP.HCM

 OK Coffee:
CN1: 41A Võ Văn Dũng, Phường Ô Chợ Dừa, Hà Nội
CN2: 364A phố Huế, Phường Hai Bà Trưng, Hà Nội
CN3: 126 Phó Đức Chính, Phường Ba Đình, Hà Nội

 AM:PM:
CN1: 19 Mai Văn Ngọc, P phường Phú Nhuận, TP.HCM
CN2: 149/17 Lê Thị Riêng, Phường Bến Thành, TP.HCM

 BAMOS:
CN1: B68 Đ. Số 3, Khu dân cư Kim Sơn, Phường Tân Thuận, TP.HCM
CN2: 496/38 Đ. Dương Quảng Hàm, Phường An Nhơn, TP.HCM
CN3: 9/8 Đường số 10, Phường An Khánh, TP.HCM
CN4: 69 Đ. Ngô Tất Tố, Phường Thạnh Mỹ Tây, TP.HCM
CN5: 22/6 Đường số 7, Khu phố 3, Phường Linh Xuân,, TP.HCM
CN6: 74A Lã Xuân Oai, Phường Tăng Nhơn Phú, TP.HCM
CN7: 130 Đường Số 65, Phường Tân Hưng, TP.HCM

#SuaYenMachVinamilk #TramYenMach #ThanhBeoThemXo",375,19,30,2025-10-30 17:21:50,unknown
https://www.facebook.com/reel/1664322724541144/,"Vinamilk Green Farm Cao Đạm đã mang đến những bất ngờ gì cho các runners tại Gemadept Run 2025? 
Cùng khám phá tại giây 10 nhé!

#Vinamilk #GreenFarm #CaoDam #GemadeptRun",472,10,3,2025-10-30 12:00:39,Video
https://www.facebook.com/vinamilkofficial/posts/pfbid0E6toHZu3ekA3Po6skCa8ogJpnsJpGcCDeRkEWymDuoQanZCZBTWT5ePX9iaAY6CYl,"ĂN SẬP ĐƯỜNG PHỐ PHẢI CÓ HAYĐẤY!
 
Chiều chiều quậy banh khu chợ Bà Chiểu: đá tô bún thịt nướng, tráng miệng ly sâm bổ lượng, làm thêm lon Kombucha Atiso đỏ mát lạnh.
 
Được cái kombucha nhà chúng tớ uống với gì cũng hợp, lại thêm vị quả mọng chua chua ngọt ngọt. Trà đậm, nhiều gaz, thêm đá là chuẩn bài 
 
Nào nào, ngồi cho ngay ngắn rồi mình tám vài câu: http://bit.ly/48TWz89
#KOMBUCHAKIEUMOI #HAYĐẤY",4297,2448,9,2025-10-29 20:30:32,GenericAttachmentMedia
https://www.facebook.com/reel/789034190627120/,"Bật mí bí kíp chinh phục mục tiêu của các runners GEMADEPT RUN 2025 trong 55 giây!

#Vinamilk #GreenFarm #CaoDam #GemadeptRun",761,16,13,2025-10-29 05:00:26,Video
https://www.facebook.com/vinamilkofficial/posts/pfbid02sxtZFbD5sjW4tbJ7fWU4e5tQbDwtM38D38ypGVqHGDA3Tws6fBAs2eWQ2uDH8knKl,"VỪA SIÊNG HỌC, VỪA SIÊNG ĂN​

Bí quyết nằm ở Probi hương Cam 65ml hỗ trợ bé giảm biếng ăn với 104mg Lysin, kẽm, các vitamin nhóm B.​

Mỗi ngày 2 chai đến trường để êm ruột, mau ăn chóng lớn*.​

*Hiệu quả tăng cân phụ thuộc vào chế độ dinh dưỡng hợp lý.​

#probicam #giambiengan",1747,10,6,2025-10-28 15:00:28,Photo
https://www.facebook.com/vinamilkofficial/posts/pfbid02gVuhMYdP2prDu8yzxwxddGohgipeZXFDVLb45S8NH5xNQhsoXKYqsNzwS63qGdXJl," Chuẩn bị bữa sáng ngon - bổ - khỏe cho nhà mình quá dễ với đầu bếp Mẹ-chelin!​

 Ngon vì mẹ luôn hiểu khẩu vị cả nhà ​
 Bổ nhờ mẹ luôn để tâm đến dinh dưỡng​
 Khỏe bụng vì mẹ chọn tráng miệng với sữa chua ăn Vinamilk - 12 triệu men sống Bulgaricus châu Âu, vị ngon thì điểm 10.​

Ưng miệng, ưng bụng cả nhà. Mẹ nhớ thêm sữa chua vào bữa sáng mỗi ngày nhé! ​

#Vinamilk #SuachuaVinamilk",180,13,3,2025-10-28 01:00:30,Photo
https://www.facebook.com/vinamilkofficial/posts/pfbid0aZMNe7hVcvyJrPm2w5wLvp92RNRNz4XvDnQwLjpF6rzXgGKAENSrGVTRLUhj9o1Fl,"BẢN LĨNH VIỆT NAM – VƯƠN TẦM QUỐC TẾ
Tại phân khu “Thu Thịnh Vượng” – “trái tim” của Hội chợ Mùa Thu 2025, Vinamilk tự hào góp mặt, đại diện cho năng lực kinh tế của nước nhà với hàng loạt cải tiến chuẩn quốc tế.
 Ghé điểm danh những sản phẩm chất lượng, đột phá ở gian hàng Vinamilk tại hội chợ  nhé.
️ Thời gian diễn ra sự kiện: 25/10 – 04/11/2025
Địa điểm: Trung tâm Triển lãm Việt Nam (VEC)
 Gian hàng Vinamilk: Ô số 42–47 – phân khu “Thu Thịnh Vượng”
#Vinamilk #BanLinhVietNam #VuonTamQuocTe #ThuThinhVuong #HoiChoMuaThu2025",152,16,11,2025-10-27 11:00:33,unknown
https://www.facebook.com/vinamilkofficial/posts/pfbid0rdgKeHsV7LBbMj7XRJjBopzwKeptyS6nZ9vnoB6DAHVk3Nf4M5cXXvz2y8QWNEcLl,"TIN HOT: TÌNH TRẠNG ĐẸP TRÊN DIỆN RỘNG KÉO DÀI CHỈ VÌ ""NHAI""! ​

Vừa qua, nhiều chị em được dịp tươiii...vì cười hết cỡ khi nhận quà Đẹp Trọn Gói của Vinamilk tại Hasaki! Từ nay không còn ai than làm đẹp là khó nữa vì có bí kíp Nhai là đẹp rồi nha!​

Người đẹp nào cũng muốn trải nghiệm thì nhanh chân đăng ký chuyến dưỡng nhan siêu nhàn ở các ""tọa độ đẹp"" này thôi: bit.ly/4owD9uN​

#Vinamilk #SữaChuaNhaĐam #ĐẹpNhờNhai #Hasaki",237,13,6,2025-10-26 21:00:35,unknown
https://www.facebook.com/vinamilkofficial/posts/pfbid037FhDenVJUFVRPKyAskkcRYPwrEDpbCjKpoFHCyAh7fiDLuZCr1GVDH4pY89E8938l,"BỮA SÁNG CÓ ĐÔI​
MỖI NGÀY VUI KHỎE​

Có thực buổi sáng mới vực được cả ngày. Để tránh lăn tăn sáng nay ăn gì, Vinamilk gợi ý cho cả nhà thực đơn bữa sáng vừa ngon vừa bổ, cùng sữa đậu nành Vinamilk Cao Canxi!​

Hiểu nhà mình lớn nhỏ đều cần canxi, Vinamilk quyết tâm tối ưu hàm lượng canxi trong sữa đậu nành đạt mức cao nhất Việt Nam*! Hai hộp mỗi ngày là đủ 50% nhu cầu canxi** cho xương chắc khỏe.​

Khởi đầu ngày mới thật ""chắc"": https://bit.ly/SDN2710
​
————​
(*) Theo nghiên cứu thị trường do Fieldforce (tháng 01/2025) trong ngành hàng sữa đậu nành tại Việt Nam​
(**) Dựa trên lượng canxi khuyến nghị hằng ngày của Bộ Y Tế​
#Vinamilk #CaoCanxiNhấtViệtNam #XươngChắcKhoẻ",79,6,9,2025-10-26 07:00:37,unknown
https://www.facebook.com/vinamilkofficial/posts/pfbid0zzMTxy2P46KsUAQGGKKjMUSP16vzNa4eMh6f73oSVZjpcj58Dj9LwbmVFSM7YUBXl,"Ra đường quen ai có biểu hiện nạp rất nhiều rau mà người “xanh lè"", chắc chắn trường hợp này cần thực hiện nghiêm túc +1 Probi mỗi ngày! Tăng cường miễn dịch đường ruột, cân bằng hệ tiêu hoá để thực sự “healthy"" ngoài nạp chất xơ! 

Nếu cảm thấy nhắc nhở chưa đủ sức thuyết phục, sắp tới Probi sẽ tung ra biện pháp khác hữu dụng hơn, cả nhà nhớ theo dõi thêm trong mấy ngày tới nhé!
 
#ĐộiCảnhVệĐườngRuột431 #Cộng1ProbiMỗiNgày #ComingSoon",4529,20,12,2025-10-25 17:00:40,Photo
https://www.facebook.com/vinamilkofficial/posts/pfbid02aehgvpnHgMCGwZQPq5ujA4cM5wGxTYxRDCYWuumXxUc25Kf52QmucamupMrUdjsnl,"Menu mới tới rồi đây!

Cà Rề và Vinamilk Green Farm mang tới 2 món mới lạ cho mùa thu:
 Houjicha Latte – vị trà rang nhẹ hòa quyện cùng sữa tươi Thanh trùng sánh mịn, thơm béo.
 Ginger Houjicha Latte – ly trà rang nhấn thêm vị của gừng, pha cùng sữa tươi Thanh trùng tạo hậu vị cỏ hoa, ngọt ấm.

Menu Trên đỉnh mây thu - Sánh mịn tôn trà
 25/10 - 25/11 tại tất cả cơ sở của Cà Rề
 Nhận móc khóa Houjicha khi check-in cùng menu mới (áp dụng trong tháng 11)",90,5,2,2025-10-25 03:00:42,Photo
https://www.facebook.com/reel/677196561814493/,"DẬY VỊ CHUA NGỌT VỚI TONKATSU XỐT DỨA

Thịt chiên xù giòn rụm thêm vị hạt béo bùi - tưởng không hợp mà hợp không tưởng! Creamer 9 hạt không chỉ ăn ý với xốt dứa chua ngọt, còn làm gia vị ướp cho thịt mềm ẩm bất ngờ. Lăn vào bếp, xới bát cơm đầy nào!

#Vinamilk #Creamer9LoạiHạtVinamilk #SữaĐặcThuầnChay #ThịtChiênXùXốt9Hạt
------
Creamer 9 hạt vinh danh 2 giải quốc tế danh giá:
Giải Superior Taste 2 sao cho vị ngon thượng hạng
Giải vàng Monde Selection cho chất lượng",502,6,30,2025-10-24 13:00:45,Video
https://www.facebook.com/vinamilkofficial/posts/pfbid0hWSt1Q4k57B4vp68eBmV2Lw5tTYhxNFrukZZJvV8qp8BU35s8ugXdpBSWhLsQwuml,"Thực trạng hiện nay: Mẹ chăm con hết lòng, đề phòng đủ kiểu, nhưng quên chăm ruột! 
 Giải pháp cho mẹ: +1 Probi mỗi ngày vào khẩu phần ăn cho con, tăng đề kháng, chẳng lo bệnh vặt.
 
Cân nhắc thật kỹ nhé, các mom nào nằm trong diện “báo động"" thì mấy ngày nữa Probi sẽ ra tay để nhắc nhở!
 
#ĐộiCảnhVệĐườngRuột431 #Cộng1ProbiMỗiNgày #ComingSoon",3718,29,9,2025-10-24 04:40:49,Photo
https://www.facebook.com/vinamilkofficial/posts/pfbid0ZpsNjH7AV3eEiLs6ZAN24UwM5qQ1YkiaMuVE45zTx4wndiMnyr1DPzwHefcHzCJZl,Vinamilk không ngừng nâng chuẩn ngành sữa Việt. Vinamilk không ngừng nỗ lực để mọi trẻ em Việt Nam đều có quyền tiếp cận dinh dưỡng chất lượng cao,150,3,10,2025-10-23 20:20:54,unknown
https://www.facebook.com/reel/24811561041833514/,"Bí kíp ăn đủ đạm của người Singapore là?  

#Vinamilk #GreenFarm #CaoDam",356,14,12,2025-10-23 12:00:59,Video
https://www.facebook.com/reel/1321267859454096/,"MINIGAME CÀNG RƯỚI CÀNG KẾT, HỢP MỌI MÓN NGON 
 
 Matcha đậm đà sánh mịn, ☕️ Cà phê thơm nồng mê say, hai vị Ông Thọ mới nay có mặt trong dạng tuýp dễ dàng pha chế và chế biến theo nhiều cách, dù rưới để thêm vị, tạo màu hay trang trí, Ông Thọ Matcha và Cà phê đều phù hợp với nhiều món ngon trong gia đình.
 
Đặc biệt hơn, còn có thêm Minigame rất hấp dẫn để bạn thử tài chế biến rưới Ông Thọ theo nhiều cách khác nhau tạo ra nhiều món ngon. Cùng xem Phương Emmersweet trổ tài ở video bên dưới để hiểu hơn về cách tham gia nhé!
 
Chương trình diễn ra từ 22/10 đến hết ngày 12/11/2025 với thể lệ đơn giản chỉ gồm ba bước:
 Bước 1: Chụp ảnh hoặc quay video quá trình chế biến món ngon cùng Ông Thọ vị Matcha và Cà Phê. Trong đó bắt buộc có cảnh rưới sữa Ông Thọ trong công thức. 
﻿﻿ Bước 2: Đăng tải lên Facebook hoặc Tiktok kèm câu chuyện muốn chia sẻ cùng hashtag #CangRuoiCangKet #HopMoiMonNgon #SuaOngThoMatcha #SuaOngThoCaPhe
﻿﻿ Bước 3: Bình luận đường dẫn hoặc chụp màn hình bài đăng dưới bài minigame này kèm 1 số may mắn có 3 chữ số (100-999).

Tham gia ngay và trở thành chủ nhân của những giải thưởng giá trị, phù hợp cho mọi gian bếp:
 1 Giải Nhất: 01 Máy Rửa Chén Bosch trị giá 17.860.000 VNĐ dành cho bài thi có tổng điểm cao nhất dựa trên hai tiêu chí là Tương tác (50%) và Chất lượng (50%).
 2 Giải Nhì: Mỗi giải 01 Máy Xay Sinh Tố Smeg trị giá 6.050.000 VNĐ dành cho 2 bài thi có tổng điểm cao thứ hai và thứ ba với cùng tiêu chí chấm điểm của giải nhất.
 100 Giải Khuyến Khích: Mỗi giải nhận ngay 01 voucher sử dụng sữa đặc Ông Thọ trị giá 100.000 VNĐ, dành cho 100 bài thi có con số may mắn trùng với con số từ Vinamilk.
 
Tham khảo thể lệ chi tiết chương trình tại: http://bit.ly/4oAqMOg
 
#CangRuoiCangKet #HopMoiMonNgon #SuaOngThoMatcha #SuaOngThoCaPhe",784,472,87,2025-10-22 16:43:49,Video
https://www.facebook.com/reel/2073191216819186/,"Vinamilk Green Farm đã chuẩn bị xong menu mới. 
Đón chờ vào ngày 25/10 nhé bạn ơi. 

#Vinamilk #GreenFarm #suatuoithanhtrung",564,13,7,2025-10-22 12:29:00,Video
https://www.facebook.com/reel/3572644722878002/,"Secret của Vinamilk Green Farm x GrabCar có gì?
Bí mật được bật mí tại giây 0:02, khám phá ngay!

——
Hoạt động kéo dài từ 18-25/10 khi đặt xe GrabCar
*Số lượng quà tặng có hạn, chương trình có thể kết thúc trước 25/10
#Vinamilk #GreenFarm #GrabCar #Grab #Suachuauong",1486,7,16,2025-10-21 13:26:42,Video
https://www.facebook.com/vinamilkofficial/posts/pfbid02gNNcWKuq8uZQ9qWn4of1wXSoBB3NPpYs1hj2uqp2MXhV8UBT3B1muEZUdAUhyYmHl,"✍️ 2°C tới 8°C là nhiệt độ bảo quản lý tưởng để hàng chục tỷ lợi khuẩn L.CASEI 431™  trong mỗi lốc Probi phát huy tối đa lợi ích sức khỏe khi vào đường ruột, từ đó hỗ trợ sức khỏe hệ tiêu hóa và tăng đề kháng. ​

Bạn nhớ bảo quản Probi ở 2°C tới 8°C để đảm bảo tối ưu hàm lượng - chất lượng của vitamin, khoáng chất và đặc biệt là vị ngon đặc trưng nhé!​

#Probi #TottieuhoaTangdekhang",873,19,20,2025-10-21 13:11:30,unknown
https://www.facebook.com/reel/1526588238337379/,"Quà xinh tới rồi!
Lên chuyến xe hoa cùng Green Farm nào!
——
Từ 18/10 - 25/10, khi đặt GrabCar nàng sẽ nhận món quà ngon lành.
*Số lượng quà tặng có hạn, chương trình có thể kết thúc trước 25/10

#Vinamilk #GreenFarm #GrabCar #Grab #Suachuauong",1043,39,7,2025-10-21 12:56:19,Video
https://www.facebook.com/vinamilkofficial/posts/pfbid021jvnGbXMdkqVmaxvmQY5cTioi9C95z8rdQp7GsSdveSXiv26uJSTnQrCAAN1LAvJl,"Rành mọi tuyệt chiêu dụ con ăn đủ món ngon mà lại quên tiệt +1 Probi mỗi ngày! Khắc phục ngay để giúp con tăng cường chuyển hóa dưỡng chất, hỗ trợ tiêu hóa.
Mẹ hay quên cũng không phải xa lạ, mấy ngày nữa Probi sẽ có biện pháp mới, mẹ nhớ theo dõi để giải quyết vấn đề chăm ruột cho con nha!
 
#ĐộiCảnhVệĐườngRuột431 #Cộng1ProbiMỗiNgày #ComingSoon",3945,24,10,2025-10-21 01:40:26,Photo
https://www.facebook.com/reel/1786767791967112/,"Đã bao giờ nàng nghĩ đến việc nhận quà 20/10 là sữa chua uống chưa?

 20/10 này, Vinamilk Green Farm dành tặng nàng một ""bó hoa"" đặc biệt với 720 triệu men sống và lợi khuẩn chuẩn Châu Âu lợi hại, theo nàng khắp mọi nơi, giúp bụng khoẻ, dáng xinh.

Chúc nàng đi đến đâu cũng bừng nở rạng ngời, tự tin toả sáng!

#Vinamilk #GreenFarm #Suachuauong #6chungmen",117,8,5,2025-10-20 14:24:33,Video
https://www.facebook.com/reel/842615431441496/,"MÁCH NHỎ CÔNG THỨC SINH TỐ BƠ SỮA DỪA, THƠM NGON TẶNG “NỬA THẾ GIỚI”
Vinamilk mách nhỏ công thức “5 phút thần tốc”  vừa đơn giản, vừa ngon hết nấc để cả nhà mình cũng chuẩn bị món quà bổ dưỡng và tan chảy cho “một nửa thế giới” nhé 
Nguyên liệu đơn giản:
- 1 quả bơ chín mềm 
- 1 hộp sữa Vinamilk 100% vị dừa 
- 30ml sữa đặc 
- 1/2 ly đá viên hoặc đá bào 
Cách làm thần tốc:
1️⃣ Sơ chế: Cắt đôi quả bơ, bỏ hạt, lấy phần thịt bơ cho vào máy xay
2️⃣Cho các nguyên liệu vào máy xay: Sữa tươi Vinamilk 100% vị dừa, sữa đặc và đá viên hoặc đá bào (Bật mí: Nếu muốn sinh tố đặc mịn hơn, dùng đá bào thay vì đá viên)
3️⃣ Xay ở tốc độ cao tầm 30–40 giây tới khi sánh mịn
4️⃣ Rót ra ly, trang trí thêm vài lát bơ cho thật xinh, và cùng nhau thưởng thức thôi!
 Quà ngon, lại dễ làm. Còn chần chờ gì nữa mà không bắt tay vào làm ngay tại đây:  http://bit.ly/3WQThuY",2759,3764,36,2025-10-20 11:51:33,Video
https://www.facebook.com/vinamilkofficial/posts/pfbid09Rwf7Wm6XhCGuxpwMp8RhKTqL6vbqxKPqE5NH9HHMysNQiuPbJnXgXrw8Lpvvk6Cl," Thì ra, được các chị em công sở săn đón nhất dịp 20/10 này không gì khác chính là trạm yến mạch mới từ nhà Vinamik!​

 Ngon bổ nhân đôi vì vừa thanh béo, vừa thêm xơ.​ Nàng nào đã thử và mê thì mời giơ tay!​

Nàng nào chưa thử thì mời vào đây: https://bit.ly/4ngeBFk

#SuaYenMachVinamilk #ThanhBeoThemXo #UongLienMotMach",147,0,6,2025-10-19 21:19:01,unknown
https://www.facebook.com/vinamilkofficial/posts/pfbid07qfJ5VedtwH7BXKG3SUKCVkVPFREtRddypTrskFn4vFmB7A8z6kJk2SMoAjjui4ol,"Vinamilk vẫn không ngừng lan toả yêu thương và sức mạnh đến đồng bào miền Bắc, giúp người dân khắc phục hậu quả sau bão lũ.
Mọi nỗ lực đều vì bạn. Cùng nhau vững vàng nhé ",247,2,6,2025-10-19 06:46:30,unknown
https://www.facebook.com/vinamilkofficial/posts/pfbid02aXby3eiwLJRkxnZrzRQgPAhb9sAbXQthJdWojzs11Ljm5DSRuT5i41J2k32xx7h9l," Lấy cớ 20/10, tặng nàng quà Đẹp trọn gói! ​​

 Biết đẹp nhờ nhai là đẹp dài dài, Vinamilk nhất định chiều nàng từ trong ra ngoài với bí kíp sữa chua nha đam - vừa ngon vừa khỏe!​ ​

 Mời nàng đến liền Hasaki, chớp ngay cơ hội trúng Gói làm đẹp phiên bản giới hạn này nhé!​

​ Ghé link là thêm xinh: ​bit.ly/4owD9uN​

#Vinamilk #SữaChuaNhaĐam #ĐẹpNhờNhai #Hasaki",103,10,6,2025-10-18 16:13:59,GenericAttachmentMedia
https://www.facebook.com/vinamilkofficial/posts/pfbid02ZVyW2zdzShMpfGDgpoXFwdyPT55C5QBV665L1NJsPDRW31pU8o2eWXzbxMyNyJmFl,"[Vinamilk Green Farm x Grab] 

Bó hoa nhỏ xinh thân tặng những bông hoa rạng rỡ mừng ngày Phụ nữ Việt Nam 20/10!

Từ 18/10 - 25/10, khi đặt GrabCar nàng sẽ nhận món quà ngon lành:
01 Sữa chua uống Green Farm với 720 triệu men sống và lợi khuẩn Châu Âu.
01 Túi quà ""sít rịt"" từ Vinamilk x Grab với nhiều ưu đãi đặc biệt.

*Số lượng quà tặng có hạn, chương trình có thể kết thúc trước 25/10
#Vinamilk #GreenFarm #Grab #GrabCar",419,9,13,2025-10-18 01:41:28,unknown
https://www.facebook.com/reel/783575097831497/,"“ĐẸP NHỜ NHAI"" - DƯỠNG NHAN CŨNG NHÀN!!!​

Bí kíp làm đẹp dễ xơi, không giọt mồ hôi rơi đã chính thức lộ diện! Kiên trì nhai là khỏe đẹp dài dài với sữa chua Nha đam Vinamilk:​

 Thạch nha đam giòn dai nhai hoài không chán​
 Collagen cho da căng mịn, ít ngọt thì dáng thêm xinh​
 12 triệu men sống Bulgaricus châu Âu cho bụng luôn khỏe​

Mỗi ngày một hũ giòn dai dẻo mịn, chị em mình cứ gọi là mãi xinh!​

#Vinamilk #SữaChuaNhaĐam #ĐẹpNhờNhai",4994,16,26,2025-10-17 11:08:57,Video
https://www.facebook.com/reel/1487268212574720/,"Chẳng cần phải ngóng trông đợi chờ khoảnh khắc vào mùa, chỉ cần mở nắp chai, bạn đã có ngay mùa hoa trái chín mọng thơm ngát, hòa quyện cùng nền sữa chua mềm mượt mướt mê từ Green Farm nở rộ trên tay, vỗ về trọn vẹn vị giác dẫu bạn ở bất kì nơi đâu.

Sữa chua uống sệt Vinamilk Green Farm sánh mướt, nay sánh bước cùng bạn mọi nẻo đường!

Cùng Vinamilk đón chờ món quà đặc biệt vào dịp 20/10 nhé!

#Vinamilk #GreenFarm #Suachuauong",395,9,9,2025-10-17 06:55:14,Video
https://www.facebook.com/reel/842038918478952/,"Aiiiii Sữa đậu nành Vinamilk nàooo​

Vị gì có thể quên chứ vị ngon như nhà nấu thì nhất định khắc ghi! Lấy cảm hứng từ sữa đậu nành truyền thống, Vinamilk đã nấu thành công mẻ sữa đậu nành chuẩn vị tuổi thơ, thơm hương lá dứa, ngọt thanh ít đường!​

 Mời cả nhà: https://bit.ly/sdntt1610

#Vinamilk #SuaDauNanhTruyenThong #CaoCanxiNhấtViệtNam #XươngChắcKhoẻ",183,9,16,2025-10-16 12:02:00,Video
https://www.facebook.com/vinamilkofficial/posts/pfbid02u1B2ZTpgLQZ46BdyscvqjkmoV33YvZzCwKcwTPRi1nSYAeSVxFvnVhi32nQdX1Gnl,"UỐNG LIỀN MỘT MẠCH!

Ngày lành tháng tốt, đại gia đình sữa thực vật mừng rỡ đón thành viên mới – Sữa Yến Mạch Vinamilk, vừa ngon vừa bổ:
 NGON ngọt tự nhiên với 100% yến mạch không biến đổi gen, cho chất sữa mướt mịn, thanh béo.
 BỔ sung 3.7g chất xơ, tương đương khối lượng xơ trong 1 quả táo Gala 180g*, hỗ trợ tiêu hóa tốt.
Mời bạn đến chung vui: http://bit.ly/47qE6if
*Theo số liệu USDA.

#SuaYenMachVinamilk #ThanhBeoThemXo",279,5,5,2025-10-15 01:08:34,GenericAttachmentMedia
https://www.facebook.com/vinamilkofficial/posts/pfbid02dbwibqr1CkE5qAJSm6xAfJHtyVU9Xqwca8e5mcLNbn1jD3MvE1LS7x8v9UC4fFDal,"Sữa tươi Vinamilk 100% tự hào là thương hiệu sữa tươi duy nhất ở Việt Nam đạt bộ đôi giải thưởng quốc tế (*):

 An Toàn & Tinh Khiết Chuẩn Mỹ: Vượt qua hơn 400 tiêu chí (^) khắt khe để đạt chứng nhận uy tín về An Toàn & Tinh Khiết của Clean Label – tổ chức kiểm nghiệm độc lập từ Mỹ.

 Giải thưởng Vị Ngon Thượng Hạng: Chinh phục hội đồng giám khảo với hơn 200 đầu bếp top 1% thế giới và các chuyên gia ẩm thực đạt sao Michelin để xuất sắc giành giải thưởng quốc tế về vị ngon.

 An Toàn & Tinh Khiết Chuẩn Mỹ, lại vừa ngon “có chứng nhận”, còn chần chờ gì nữa mà không thưởng thức ngay Sữa tươi Vinamilk 100% ngay tại http://bit.ly/430OyL5

(^) Các tiêu chí về điều kiện sản xuất (bao gồm kiểm nghiệm sản phẩm, kê khai thành phần, đánh giá mối nguy nguyên vật liệu…) và chất lượng sản phẩm (bao gồm không dư lượng kim loại nặng, không dư lượng siêu vi nhựa…)
 (*) Tính từ năm 2022 đến 14/03/2025, theo kết quả nghiên cứu thị trường được thực hiện ngày 14/03/2025

#Vinamilk #SuatuoiVinamilk #CleanLabelProject #AnToanTinhKhiet #ViNgonThuongHang",8451,4305,35,2025-10-13 14:15:09,Photo
https://www.facebook.com/vinamilkofficial/posts/pfbid021kN7oQYTM7mfjiQFQuhLXuMTYsHp4sv3xTn9sK7ZTYRWSgz93fUEGzPoGyKbkNhHl,"Chung tay cùng Vinamilk  

Mỗi món quà bạn gửi đi, Vinamilk sẽ tiếp sức thêm 1 phần – nhân đôi yêu thương đến đồng bào miền Bắc.

#Vinamilk #StayStrongVietNam #LifeAtVinamilk",188,4,18,2025-10-12 03:21:43,unknown
https://www.facebook.com/vinamilkofficial/posts/pfbid02Q5GZiSSD2WW7YMbjq4XmkFkQduNh2biNgySL1qcx2jfz2o7AUiaXmdamtnxATqZSl,"SỮA CHUA ĂN SUSU CHUẨN 4 KHÔNG​
“CHUẨN"" BỤNG KHOẺ CHO BÉ!​

Mẹ có biết, chăm bé chu toàn nhưng lơ là chiếc bụng nhỏ là mọi công sức ""tan biến"" ngay. Đó là do hệ tiêu hóa đóng vai trò chủ chốt trong việc hấp thu dinh dưỡng và củng cố hệ miễn dịch của bé. ​

Chiếc bụng ngoan, xinh, yêu một khi đã bị “yếu"" có thể dẫn đến chững cân, sụt cân, dễ ốm vặt gây ảnh hưởng tới sự phát triển toàn diện đó mẹ ơi ​

Để bụng bé thêm khỏe, sữa chua ăn SUSU - dành riêng cho hệ tiêu hóa non nớt - đảm bảo 4 ""KHÔNG"" là lựa chọn cho mẹ thêm an tâm chăm bé:​
 Không dùng chất bảo quản​
 Không dùng màu tổng hợp​
 Không dùng chất tạo ngọt tổng hợp​
 Không dùng nguyên liệu biến đổi gen​

Sữa chua ăn SUSU mang đến cho bé nguồn dưỡng chất lành mạnh để xây dựng nền tảng sức khỏe thêm vững vàng!​

Mẹ yêu chăm bé, đừng quên chiếc bụng nhé: https://bitly.cx/bH88J",1705,1183,10,2025-10-10 16:28:18,GenericAttachmentMedia
https://www.facebook.com/vinamilkofficial/posts/pfbid02WKxQ1Vuk9Ct5WvacuSBg2pmg7JJJv6VQido92vAosMyPdU1hXSWpsJeK8u5Peig3l,"MỜI NHÀ MÌNH THỬ VỊ MỚI HAYĐẤY: KOMBUCHA ATISO ĐỎ
Thể theo nguyện vọng của bà con cô bác gần xa, nhà chúng tớ chính thức trình làng vị mới: Kombucha Atiso đỏ, hay còn gọi là bông bụp giấm khô.

Hương bụp giấm bừng sáng đan xen chút vị quả mọng chua chua ngọt ngọt, thêm tí gaz uống đãaaaa. Ngụm đầu mát mẻ tươi mới, ngụm hai vừa uống vừa xuýt xoa sao mà lạ lạ ngon ngon, tới ngụm ba thì ghiền, không dừng lại được luôn á 

✨ Mời cả nhà cùng thưởng thức: http://bit.ly/3WCPcdL
#HAYĐẤY #KOMBUCHAKIEUMOI #VIETNAMHAYDAY",4184,60,37,2025-10-09 05:34:52,GenericAttachmentMedia
https://www.facebook.com/vinamilkofficial/posts/pfbid06ubr9wR6WnTc1XgwRY751UVqGVKW4X2gqi3APR3rzDPRGDjbmyZAeYCxGryqXvxkl,"Thực trạng đáng báo động: Nhớ hàng chục loại vitamin nhưng quên chăm ruột, đề nghị khắc phục ngay với +1 Probi mỗi ngày!

Sắp tới Probi sẽ có những động thái “mạnh"" hơn để nhắc nhở, mời đoàn mình nhớ chú ý theo dõi nha! 
 
#ĐộiCảnhVệĐườngRuột431 #Cộng1ProbiMỗiNgày #ComingSoon",5329,42,23,2025-10-07 18:41:27,Photo
https://www.facebook.com/vinamilkofficial/posts/pfbid02hsjxkThXqE1tQaZAWAwLZESbU3nSyoRXJbMCxWGVxQMMM5YJTVT5Pn9KUu3TsRqdl," CHỌN VỊ TRUNG THU – ĐỦ VỊ ĐỦ VUI CÙNG SỮA TƯƠI VINAMILK 100% 

Phá cỗ trăng rằm, bé đã vui với tiếng trống hội rộn ràng cùng trăm vị bánh trung thu hợp gu. Nhưng sẽ còn vui hơn khi Vinamilk mang đến đủ vị sữa để bé thưởng thức cùng với vị bánh yêu thích hoặc có thể thỏa thích sáng tạo món bánh trung thu với:

Sữa dừa cho bé thích vị ngon béo ngậy
Sữa dâu để bé thưởng thức vị ngon mộng mơ
Sữa chuối dành cho bé mê vị thơm lừng
Sữa sôcôla cho bé khoái vị lôi cuốn

Đủ vị là đủ vui, thật trọn vẹn cho một trung thu đoàn tụ đáng nhớ.

Bé nhà mình sẽ chọn sữa vị nào để biến mâm cỗ trung thu năm nay trở nên đủ đầy, ngon đúng điệu nhất nhỉ? Mời bé và mẹ cùng chọn vị Trung Thu ngay tại https://bit.ly/3KzCudf

#Vinamilk #SuatuoiVinamilk #Vingon",5349,4741,47,2025-10-06 07:48:01,unknown
https://www.facebook.com/vinamilkofficial/posts/pfbid02VPr6UopZJZHUMjTYmQXS2RPf4LrtsR2tEZTqnte4q2yjLbAsw1kcUUAJFAb18Bwl,"Công thức khó nhằn, mỗi ngày đổi món mẹ vẫn thuộc lòng, nhưng mẹ quên “món ruột"" của con thì đáng quan ngại nha! 
Nhắc liền cho mẹ nè, +1 Probi mỗi ngày để chăm ruột con êm, con ăn ngon miệng hơn! 
 
Mẹ áp dụng liền nha, nếu không mấy ngày nữa Probi ra tay là mẹ hổng quên được nữa á!
 
#ĐộiCảnhVệĐườngRuột431 #Cộng1ProbiMỗiNgày #ComingSoon",4567,13,18,2025-10-04 20:54:36,Photo
https://www.facebook.com/reel/2238968913218481/,"Cereal Milk Matcha & Cereal Milk Houjicha. 

Nguyên vị thân quen ngày xưa, nhưng được làm mới với matcha và houjicha – vừa quen, vừa lạ.

Thử ngay! 

 Menu Green on Cloud – Tôn Trà Lên Mây
 05/09 – 12/10 tại tất cả cơ sở của Matte Teabar
 Nhận ngay bandana khi mua đồ uống trong menu (áp dụng cho hóa đơn trên 200k)",216,11,36,2025-10-03 10:01:11,Video
https://www.facebook.com/reel/3323850614457157/,"Đẹp dễ lắm NHA, ĐAM mê đẹp dễ gì bỏ qua!​

Hẹn các người đẹp một ngày không xa!​

#Vinamilk #SữaChuaNhaĐam #ĐẹpNhờNhai",815,4,6,2025-10-03 04:42:37,Video
https://www.facebook.com/vinamilkofficial/posts/pfbid0v6dFSSDu9c1xjaSCs2JaTGGvccw91fZdMjLfzPMJ64gfdjdcd1pBKcBKtkcHhz5Fl,"✅Quán triệt ngay cho những công dân dăm bữa đòi đi chữa lành mà tâm hồn chưa thư giãn: + 1 Probi mỗi ngày, bổ sung hormone hạnh phúc. Êm ruột thì cả ngày mới bớt than dữ ha!

Cảnh báo là sắp tới, Probi sẽ có những biện pháp nặng để nhắc ai chưa chăm ruột tử tế đó nha!
 
#ĐộiCảnhVệĐườngRuột431 #Cộng1ProbiMỗiNgày #ComingSoon",5022,28,24,2025-10-02 16:18:27,Photo
https://www.facebook.com/reel/805181948769440/,"CÙNG SUSU SĂN QUÀ CỰC CHẤT - THẮP SÁNG TRUNG THU :
 
 Nhận ngay 1 lồng đèn siêu cấp khi mua 1 thùng sản phẩm Vinamilk SuSu bất kỳ
Nhận ngay 1 tranh ma thuật hoặc 1 tranh đèn biến hóa khi mua 02 thùng sản phẩm Vinamilk SuSu
Trung thu tới rồi, mua ngay SuSu để săn quà sáng tạo cho bé thỏa trí tò mò nhé mẹ ơi!
*Sản phẩm áp dụng: Sữa chua uống, Thức uống Sữa Trái Cây, Thức uống Ca Cao Lúa Mạch, Nước Rau củ các loại thuộc nhãn hiệu Vinamilk SuSu
**Thời gian áp dụng: Đến hết 31/10/2025 hoặc đến khi hết quà tặng tùy điều kiện nào đến trước
#SUSU #SănđủquàSUSUthắpsángTrungthu",1929,20,24,2025-10-02 03:54:18,Video
https://www.facebook.com/reel/1834122210529033/,"Cà phê Robusta Đắk lắk ủ lạnh chậm cùng Sữa Chua men Hy Lạp thơm mịn tạo nên ""món sáng tạo mới"" dành cho những tín đồ say (sưa) cà phê. 

Trải nghiệm ngay SỮA CHUA NGON NHẤT NĂM 2025*

*Giải thưởng Đổi mới Ngành Sữa Thế giới 2025 (Global Dairy Congress)

#Vinamilk #GreenFarm #suachuamenhylap",707,33,43,2025-10-01 02:01:18,Video
https://www.facebook.com/vinamilkofficial/posts/pfbid02Cztt4M5rMfvxR8JvZtXHyULXrki4S6fzbzMDHkRjbT6TuJzLhFsKLMiLUZ1GDLLZl,"✌️ ""Lên trình"" cho bụng trước khi lên đường du lịch với sữa chua ăn Vinamilk không đường:​

 Bổ sung 12 triệu men sống Bulgaricus từ Châu Âu, cho bụng khoẻ, food tour thả ga.  ​
 Chất sữa chua mịn mướt, lại không đường - ít calo, thả dáng xinh cân mọi outfit.​

#Vinamilk #SuachuaVinamilk",181,2,5,2025-09-30 01:59:32,Photo
https://www.facebook.com/reel/1505950310539135/,"Trải nghiệm SỮA CHUA NGON NHẤT NĂM 2025* 
 Vị cà phê ủ lạnh  theo một cách chưa từng có.

*Giải thưởng Đổi mới Ngành Sữa Thế giới 2025 (Global Dairy Congress)

#Vinamilk  #GreenFarm #Suachuamenhylap",476,16,11,2025-09-29 01:57:46,Video
https://www.facebook.com/reel/1515791019764289/,"Sữa chua men hy lạp có cà phê thật? 
Tất nhiên rồi! Green Farm đã tuyển chọn từng Hạt cà phê Robusta Lâm Đồng. 
Rang đều tay với nhiệt độ thấp. Xay mịn lạnh ở tốc độ cao. Cô đặc và tách tinh thể đá từ chiết xuất cà phê. Hòa quyện trong nền sữa chua sánh mịn của sữa chua men hy lạp vị cà phê ủ lạnh. 
Thưởng thức hành trình tỉ mỉ của Green Farm ngay.",400,8,17,2025-09-27 01:01:07,Video
https://www.facebook.com/vinamilkofficial/posts/pfbid0dEeazJw1mBSafJpRy7VF4m3TuhqTiHzyBsC5PhVzsjYygRFowMVFTd6cQFucffPTl,"SỮA TƯƠI VINAMILK 100% - SỮA TƯƠI VƯỢT NGÀN CHÔNG GAI

Trước khi được đến tay người tiêu dùng, từng hộp sữa tươi Vinamilk 100% đã phải vượt qua hơn 400 tiêu chí khắt khe (*) về điều kiện sản xuất và chất lượng để đảm bảo:

✅Không dư lượng kim loại nặng
✅Không dư lượng kháng sinh
✅Không dư lượng siêu vi nhựa
✅Không dư lượng hormone tăng trưởng
✅Không dư lượng thuốc trừ sâu
✅Không dùng chất bảo quản

Bởi Vinamilk hiểu rằng sữa tươi cũng phải vừa ngon, vừa đảm bảo chất lượng an toàn và tinh khiết trong mỗi hộp sữa.

Sữa tươi Vinamilk 100% đã vượt ngàn chông gai để đến với bạn và luôn sẵn sàng chờ cả nhà thưởng thức tại https://bit.ly/46p7IfJ

100% TƯƠI NGON - 100% AN TOÀN & TINH KHIẾT

(*) Các tiêu chí về điều kiện sản xuất (bao gồm kiểm nghiệm sản phẩm, kê khai thành phần, đánh giá mối nguy nguyên vật liệu…) và chất lượng sản phẩm (bao gồm không dư lượng kim loại nặng, không dư lượng siêu vi nhựa…)

#Vinamilk #SuatuoiVinamilk #CleanLabelProject #AnToanTinhKhiet",7639,8611,45,2025-09-26 20:51:01,unknown
https://www.facebook.com/vinamilkofficial/posts/pfbid0D2Cx813Jvt1sGyJRdxzVfuW14gZF1kWeuUt1x4pmuDVUcK22RLCuNr7SecKKWecDl,"Đọc được những dòng này, R&D nhà Vinamilk chúng tôi vui nở mũi.
Tiếp tục khiến R&D Vinamilk lâng lâng: https://www.vinamilk.com.vn/search?q=gelato",10000,10731,360,2025-09-26 16:40:55,unknown
https://www.facebook.com/reel/814113924297951/,"NGON GỌN NHẸ SALAD CHANH DÂY 9 HẠT

Búng tay là có ngay món salad mùa hè tươi mát, thơm hoa quả, đậm vị hạt! Bạn có thể bảo quản lạnh phần xốt chanh dây kết hợp Creamer 9 hạt, đảm bảo cả tuần vẫn ngon, tha hồ sáng tạo món mới! ❤️

#Vinamilk #Creamer9LoạiHạtVinamilk #SữaĐặcThuầnChay #SaladXốt9Hạt

------
Creamer 9 hạt thuần chay đầu tiên tại Việt Nam, ẵm trọn 2 giải quốc tế 
 Giải Superior Taste 2 sao cho vị ngon thượng hạng 
Giải vàng Monde Selection cho chất lượng",181,2,9,2025-09-26 12:30:50,Video
https://www.facebook.com/reel/2006716303415151/,"Úp
Mở
Úp
Mở
Bất ngờ nằm trong trải nghiệm vị giác: sánh mướt & đặc mịn, giòn thơm & dai dẻo! 
Thử ngay sữa chua men Hy Lạp granola siêu hạt!",1159,22,39,2025-09-26 10:20:51,Video
https://www.facebook.com/vinamilkofficial/posts/pfbid02KV89pY9Sb8Mtxx89QcwwwYZpi99hNKqv7hAcfR3CgrPqSCDfRvyCAiUK1UhG7tGfl,"Mẹ ơi, mua ngay sữa Vinamilk ADM - 23 dưỡng chất cho bé cùng quà tặng hấp dẫn:

  Tặng 1 bình nước khi mua 1 thùng ADM 110ml
  Tặng 2 bình nước khi mua 1 thùng ADM 180ml

Mắt sáng dáng cao, đề kháng tốt cho bé cùng quà xịn mùa tựu trường – chốt đơn liền tay thôi!
#Vinamilk #ADM #QuaTangCucChat",1665,58,11,2025-09-25 23:09:34,unknown
https://www.facebook.com/vinamilkofficial/posts/pfbid02dPpbg7RvK5EmHPGowS7DCekQmiQa4L6mfgoHcpcjhUU5cQmRmR5g4VugRVXrKg8zl,"MÈ ƠI MỞ RA!​

Nhà sữa hạt giới thiệu em út: Sữa Hạt Đậu nành Mè đen! Nhỏ mà có võ, chỉ một hộp mà bổ sung đủ lượng Biotin theo tiêu chuẩn EU, tốt cho cả da lẫn tóc!​

Mê ngon mê đẹp ghé ngay: https://bit.ly/sdnmeden2509

#Vinamilk #SuahatdaunanhMeDen",191,11,22,2025-09-25 11:58:18,Photo
https://www.facebook.com/vinamilkofficial/posts/pfbid036a3uhDX7UFVyFGnHTAzDiZBrFPqYmh9LJgxfCpsEDouo27czfNxZfLMov1y3h1kel,"Tự hào là thương hiệu sữa Việt Nam duy nhất đón tiếp tàu Hải quân Hoàng gia Anh HMS Richmond
Ngày 23/9, Vinamilk vinh dự được đón tiếp các lãnh đạo cấp cao, Tổng lãnh sự quán Anh tại Việt Nam, các thành viên Tổng lãnh sự quán Anh, Đoàn hải quân Anh, Quân đội và Hải quân Việt Nam,... cùng hơn 400 khách mời tại Lễ hội Mùa hè Vương quốc Anh, nhân kỷ niệm 15 năm quan hệ đối tác chiến lược Vương quốc Anh - Việt Nam. 
Cùng Vinamilk nhìn lại những khoảnh khắc đáng nhớ tại sự kiện nhé!",367,13,26,2025-09-25 00:47:01,unknown
https://www.facebook.com/reel/4102992879966081/,"ĐỘC LẠ STEAK CÁ HỒI XỐT KEM 9 HẠT

Steak cá hồi áp chảo thơm ngậy, thêm xốt kem 9 hạt béo nhẹ, đậm vị hạt. Mỗi bên một vẻ, 10 phân vẹn 10, kết hợp lại thì 0 điểm nào chê  ! 

Bắt tay thử ngay! 

#Vinamilk #Creamer9LoạiHạtVinamilk #SữaĐặcThuầnChay #SteakCáHồi9Hạt 

------
Creamer 9 hạt thuần chay đầu tiên tại Việt Nam, ẵm trọn 2 giải quốc tế:
Giải Superior Taste 2 sao cho vị ngon thượng hạng 
Giải vàng Monde Selection cho chất lượng",67,4,7,2025-09-24 13:35:45,Video
https://www.facebook.com/vinamilkofficial/posts/pfbid018yuExudzDAxcFcqoJeJYi5d5ZGvTsWNj3Fkf1qrWJsptmE7HtUmuV5y6GJCsdwGl,"Chăm dáng đều đặn tập gym, nhưng xuất hiện biểu hiện quên chăm ruột! Hành vi này thì cần nhắc nhở +1 Probi mỗi ngày để chăm ruột đúng cách, nuột dáng ngay! 
 
Cả nhà chú ý, sắp tới Probi sẽ có áp dụng vài “luật"" để các công dân chấp hành nghiêm chỉnh hơn việc chăm ruột nhé!
 
#ĐộiCảnhVệĐườngRuột431 #Cộng1ProbiMỗiNgày #ComingSoon",5068,20,29,2025-09-23 20:48:29,Photo
https://www.facebook.com/reel/24496371603359399/," Bổ dừa ta chín cây mọng nước, thêm vài lát tắc chua chua thơm thơm, uống một ngụm, thanh mát cả ngày!
+ 1 dừa cốt tắc vào giỏ hàng, giữ chuỗi cho cơ thể căng tràn sức sống suốt ngày dài: http://bit.ly/46qUvBK

#Vinamilk #VINAMILKNƯỚCTRÁICÂY #QUẢLÀTHẬT",88,3,40,2025-09-23 04:01:14,Video
https://www.facebook.com/vinamilkofficial/posts/pfbid0nPJQ35BviBChYuG6QGdqLV7Jn7eKLwDkVhgaqotssukbwSEVXHsZ3TWDyP1SYuS4l,"Nhà chúng tớ đợi tới 6 tháng, chờ ngày Scoby đủ tuổi.
Trông mong Scoby của HAYDAY lên men chậm từ lá trà xanh hữu cơ theo cách truyền thống, ủ ra các vị tươi mát, thơm hương trà, chua nhẹ ưng ý, thêm tí gaz uống đãaaaaa.
 
Kombucha Kiểu Mới ủ 6 tháng đầu tiên tại Việt Nam*.
Tự tin vị nào cũng ngon. Ai không tin cứ việc rồi biết!
 
*Theo nghiên cứu thị trường do CI Research thực hiện (tháng 12/2024).
 
#HAYĐẤY #KOMBUCHAKIEUMOI #VIETNAMHAYDAY",3707,6,32,2025-09-22 03:37:19,Photo
https://www.facebook.com/vinamilkofficial/posts/pfbid0rawy5E17uDNbi1V7LQfvRGfMkWf3ihmPaMbNcjCLSrS1bvp266BcLvBeRAMSqQ4gl," HAYĐẤY CÓ TRÒ NÀY HAY LẮM!
Chúng tớ đang chuẩn bị những HỘP QUÀ BÍ MẬT gồm 4 lon kombucha cùng 1 mật thư độc quyền.

✨ Ai cũng có cơ hội nhận quà, chỉ cần bạn:
1️⃣ Đăng ký nhận quà tại: https://form.typeform.com/to/cjukEnQh
2️⃣ Đợi tin từ Vinamilk
 Vì số lượng quà có hạn nên Vinamilk sẽ chọn ra 200 người may mắn nhất để trao quà.

 Đặc biệt, trong mật thư có thử thách này hay lắm.
Nếu bạn dám chơi, dám làm, chúng tớ sẽ dám feature lên page riêng, và còn tặng thêm cả 1 NĂM UỐNG KOMBUCHA MIỄN PHÍ cho 05 người chơi HAY NHẤT và voucher mua hàng tổng trị giá 1.000.000 VNĐ cho 20 người chơi MAY MẮN nhất.

 Chơi liền luôn nhé!
#HAYĐẤY #KOMBUCHAKIEUMOI #VIETNAMHAYDAY",3189,339,227,2025-09-21 03:13:24,Photo
https://www.facebook.com/vinamilkofficial/posts/pfbid022cGqk2TTcUJmobQb3ZvFZZcvkZuEKpgrSF1N7JFtjED2sgxZZMhx92PbkHU4qANEl,"Nếu em xinh nào thấy mình có biểu hiện như trong hình, đề nghị +1 Probi mỗi ngày để cải thiện đường ruột. Ruột khoẻ da mới tươi được!
 
Còn vẫn “chống cự"" thì sắp tới Probi sẽ có biện pháp nhắc nhở mạnh tay hơn để các nàng không quên chăm ruột đó! 
#ĐộiCảnhVệĐườngRuột431 #Cộng1ProbiMỗiNgày #ComingSoon",4684,27,20,2025-09-20 02:49:29,Photo
https://www.facebook.com/vinamilkofficial/posts/1137598511800701:1137598511800701,"Trà Kombucha kiểu mới được lên men chậm từ lá trà xanh hữu cơ theo cách ủ truyền thống trong 6 tháng dài, đầu tiên tại Việt Nam*. HAYĐẤY!
*Theo nghiên cứu thị trường do CI Research thực hiện tháng 12/2024
#HAYĐẤY #KOMBUCHAKIEUMOI  #VIETNAMHAYDAY",77,2,2,2025-09-19 02:25:34,Photo
https://www.facebook.com/reel/1784755869099120/,"Sữa ngon không thể thiếu ly xinh​
Đừng bỏ qua ưu đãi siêu hời với Sữa 9 loại hạt Vinamilk!​
 Tặng 1 bộ ly hologram khi mua 1 thùng Sữa 9 loại hạt 180ml​
 Áp dụng tại các siêu thị và cửa hàng Vinamilk trên toàn quốc ​

#Vinamilk #Sua9LoaiHat",887,160,31,2025-09-18 02:01:40,Video
https://www.facebook.com/reel/1395618075903580/,"Ngon độc nhất đúng kiểu 9 hạt, nay lại có thêm deal siêu hời - mời hội mê hạt!​
 Tặng 1 hộp sữa Vinamilk 9 loại hạt 180ml khi mua 11 hộp cùng loại​
 Áp dụng tại các điểm lẻ trên toàn quốc​

#Vinamilk #Sua9LoaiHat",1404,93,8,2025-09-18 07:50:02,Video
https://www.facebook.com/reel/1338144201260008/,"Vỏ thì xinh, ruột lại đầy ""iu điểm""

Susu diện mạo mới xinh xắn, bên trong vẫn đầy đủ dưỡng chất – mẹ và bé đã thử hết Susu chưa?​

Đằng sau vẻ ngoài mới lạ, còn là các “iu điểm"" khiến mẹ thêm ưng bụng:​
 Đa vị khó cưỡng  - từ truyền thống đến dâu chuối, táo chuối​
 Dinh dưỡng dồi dào - tiêu hoá khoẻ, đề kháng tốt, mắt sáng, răng chắc​
 Đảm bảo an toàn - Không chất bảo quản hay chất tạo màu​

Susu xây dựng cho bé một nền tảng sức khỏe vững chắc để bé tự tin khám phá thế giới rộng lớn qua học hỏi và trải nghiệm muôn điều mới mỗi ngày.​

Sữa chua Susu - dưỡng chất vừa ý mẹ, vị ngon đúng ý bé. ​

Thử ngay Susu ngon lành bổ dưỡng nhé cả nhà.",1094,127,24,2025-09-29 07:52:29,Video
https://www.facebook.com/reel/1314806336864232/,"Mách nhỏ bí kíp nạp năng lượng tươi vui cho bé, vừa dễ làm lại vừa ngon hết sảy: Cacao sữa chuối - thơm ngon bổ dưỡng.

Nguyên liệu chuẩn bị:
- 1 hộp Sữa Tươi Vinamilk 100% Giảm Béo Chuối
- 5g cacao nguyên chất
- 40ml nước ấm
- 1 trái chuối chín mềm
- 20ml mứt chuối thơm ngọt
- Đá viên

Cách làm “thần tốc”:
1️⃣ Hòa tan cacao vào nước ấm, đánh bông bằng máy tạo bọt đến khi mềm mịn.
2️⃣ Dằm nhuyễn chuối, cho vào đáy ly rồi phết mứt chuối quanh thành ly điểm nhấn ngọt ngào và đẹp mắt.
3️⃣ Thêm đá viên, rót từ từ Sữa Tươi Vinamilk 100% Giảm Béo Chuối vào để cân bằng hương vị
4️⃣ Cuối cùng, rót cacao bọt mịn lên trên, khuấy nhẹ để hòa quyện các tầng lại với nhau.

 Vậy là có ngay cacao sữa chuối ngon “như ngoài tiệm” với sữa tươi vắt và đóng hộp mỗi ngày hòa quyện cùng nước ép chuối thơm ngậy. Quá tuyệt vời cho ngày dài năng động của bé!

 Công thức đơn giản, tươi vui thì đầy ly, mua liền nguyên liệu để làm món cho bé mẹ nhé: [http://bit.ly/3Kb5oA1]
#Vinamilk #SuatuoiVinamilk #Tuoivuimoingay #Cacaosuachuoi",975,20,79,2025-09-17 12:24:56,Video
https://www.facebook.com/reel/25052455174351483/,"BƯỚC MỘT CỦA LY TRÀ NGON: NỀN SỮA GREEN FARM TÔN VỊ TRÀ

Sữa tươi thanh trùng của Green Farm mượt mà dày dặn, làm dịu vị đậm của trà, nổi bật hương thơm của ngũ cốc ngọt trong bộ đôi món mới của Matte. 

Thêm một lớp bông sữa đánh mịn như mây, làm một ngụm là mê lên mây.

 Menu Green on Cloud – Tôn Trà Lên Mây

 05/09 – 05/10 tại tất cả cơ sở của Matte Teabar
 Nhận ngay bandana khi mua đồ uống trong menu (áp dụng cho hóa đơn trên 200k)",645,12,20,2025-09-16 12:01:25,Video
https://www.facebook.com/vinamilkofficial/posts/pfbid0P3KA2Pz6nN2SBiRj5ZWGgMJgSot2SSA9KshsE1Maxbo2Pgp2kV9Tsu8GLp3BX8Rcl,"LÊ LA QUÁN XÁ PHẢI CÓ HAYĐẤY MỚI VUI!
Tóm tắt một buổi tụ tập kiểu mới: bè bạn bốn phương ngồi chung một bàn, càng đông càng vui, mỗi người một món: từ trà đá, phê sữa,... và tất nhiên cả kombucha vị Trà Đen.
 
Vị trà đen đậm đà, chua chua ngọt ngọt. Uống tới đâu xuýt xoa tới đó. Càng xuýt xoa hơn khi uống lạnh. Khà khàaaaa 
#HAYĐẤY #KOMBUCHAKIEUMOI #VIETNAMHAYDAY",5478,35,16,2025-09-15 20:41:53,Photo
https://www.facebook.com/reel/1131175832282253/,"NHẬN NGAY CHÉN SỨ CAO CẤP 20 LOẠI CỎ HOA
Khi mua Sữa chua Green Farm! 
Chương trình diễn ra tới hết ngày 20/10

*Sản phẩm áp dụng: Sữa chua uống, Sữa chua ăn, Sữa chua men Hy Lạp thuộc nhãn hiệu Vinamilk Green Farm.
*Chi tiết chương trình và điều kiện nhận chén sẽ có tại các cửa hàng Vinamilk, các siêu thị và điểm bán lẻ trên toàn quốc.
#Vinamilk #GreenFarm #Suachua",315,53,12,2025-09-15 05:22:22,Video
https://www.facebook.com/vinamilkofficial/posts/pfbid02A3sa2CotNTRiyYS1kjJGowhqCdH45CsPug2VAr62Zxp91YzdaocZjboccX1uWSAql,"Mỗi hộp Sữa tươi Vinamilk 100% “tốt nghiệp” từ nhà máy có gì đặc biệt?

 Đó là đều xuất sắc vượt qua gần 400 tiêu chí khắt khe, về điều kiện sản xuất và chất lượng (*) để dành giải thưởng danh giá Clean Label Project, chỉ được trao cho các thương hiệu chú trọng đến độ tinh khiết vượt cả chuẩn nghiêm ngặt của FDA Mỹ.

Vinamilk tự hào tiên phong ứng dụng quy trình sản xuất tiêu chuẩn và kiểm soát nghiêm ngặt từ sữa tươi vắt mỗi ngày đến thành phẩm trên tay, nhằm mang đến chất lượng an toàn, tinh khiết cho trẻ con và yên tâm cho mẹ.

 Cả nhà đã thử Sữa tươi Vinamilk “quốc dân” vừa tươi ngon, vừa chuẩn An Toàn & Tinh Khiết Mỹ chưa? Thưởng thức ngay tại  [http://bit.ly/3Ve3Pnj]

#Vinamilk #SuatuoiVinamilk #AnToanTinhKhiet #CleanLabelProject

(*) Các tiêu chí về điều kiện sản xuất (bao gồm kiểm nghiệm sản phẩm, kê khai thành phần, đánh giá mối nguy nguyên vật liệu…) và chất lượng sản phẩm (bao gồm không dư lượng kim loại nặng, không dư lượng siêu vi nhựa…)",10000,9959,34,2025-09-14 05:40:36,Photo
https://www.facebook.com/vinamilkofficial/posts/pfbid0zcqc7ohgKx8CxRJ1pAHJZrTZWNg5mboefccFJnLnmbuPtEUxG7axZ4bZzjDh3dbJl,"ĂN CỖ KIỂU MỚI PHẢI CÓ HAYĐẤY!
Thì ra đám cỗ bên cồn người ta cũng uống kombucha HAY ĐẤY. Này là bàn tiệc Hoa đậu biếc đủ món: từ xôi, bánh da lợn, thạch rau câu,… và cả kombucha vị Hoa đậu biếc.

Hương hoa đậu biếc sáng bừng từ ngụm đầu tiên. Trà thơm ngào ngạt, tươi mát mới mẻ, uống tới đâu xuýt xoa tới đó. Đã thế còn là Kombucha CÓ GAZ, chua nhẹ ưng ý mà không gắt.

Ai uống cũng mê, kể cả những người chưa uống kombucha bao giờ 
#HAYĐẤY #KOMBUCHAKIEUMOI #VIETNAMHAYDAY",3814,44,50,2025-09-13 05:58:51,Photo
https://www.facebook.com/vinamilkofficial/posts/pfbid02xu8S9YjHJ1uKcU3Z1qVoEXiq3v54jwHGvH2j44oecMBgyLxNo152ay9Zitxi6iDml,"GELATO SỮA CHUA XOÀI VỪA RA MẮT ​

 Tất cả những gì ta cần trong một ngày nóng bức đều ở đây: Nền kem sữa chua mát từ 2 chủng men Đan Mạch, vị xoài Cát Chu đậm, thanh đào vàng Châu Âu xắt hạt lựu nhỏ. ​

​Sẵn sàng phục vụ món mới hôm nay: bit.ly/4mWqfFW",12147,9470,73,2025-09-12 06:17:06,Photo
https://www.facebook.com/vinamilkofficial/posts/pfbid0o3dhQD6pZwtE8ZKmRDTykCDMxudMXK3FDZyR5FQ3LBM61WBeYaXxifcsUL4Na74nl," SỮA TƯƠI VINAMILK 100%
CHUẨN VỊ NGON QUỐC TẾ

⭐ Hương vị tươi ngon của Sữa tươi 100% đã chinh phục hội đồng giám khảo với hơn 200 đầu bếp top 1% thế giới và các chuyên gia ẩm thực đạt sao Michelin để xuất sắc giành giải thưởng quốc tế Vị Ngon Thượng Hạng (Superior Taste Award).

Toàn bộ sữa đều được vắt và đóng hộp ngay trong ngày để giữ trọn độ tươi như vừa mới vắt khi đến tay bạn. Đó chính là chìa khóa giúp Sữa tươi Vinamilk 100% chinh phục Superior Taste Award danh giá.

Còn chần chờ gì nữa mà không thưởng thức ngay vị ngon được thế giới công nhận tại: http://bit.ly/4miuhHG

SỮA TƯƠI VINAMILK – 100% TƯƠI NGON – 100% TƯƠI VUI ✨

#Vinamilk #SuatuoiVinamilk #Tuoimoingay #Vingonthuonghang",10000,11928,37,2025-09-11 06:35:20,Photo
https://www.facebook.com/vinamilkofficial/posts/pfbid0DqPKVZ5wz8MgFAz4vBJyK49e9SnYfoTGXAFqkaYHJQDud1uMtG2851dQGRvXqp6Hl,"Có bao nhiêu dân văn phòng đã làm được điều này trong giờ nghỉ trưa: ngả lưng trên ghế lười, mạnh dạn tắt noti, tập trung chuyên môn với sữa chua Vinamilk:​
 Ngon miệng nhờ vị trái cây thơm mát và kết cấu dẻo mịn.​
 Nhẹ bụng, khỏe tiêu hóa với 12 triệu men sống Bulgaricus Châu Âu.​

Mời bạn nghỉ trưa ăn sữa chua!​

#Vinamilk #SuachuaVinamilk",222,2,8,2025-09-10 06:53:35,Photo
https://www.facebook.com/vinamilkofficial/posts/pfbid02P1tkaYGsHGcLdYCHh7QdP6zgD3yCpdgJw3PNQ1pPLjUnWDSuQ77ofShKYZueVZjEl,"CÒN GÌ ĐẸP HƠN...
Hành trình rực rỡ này - được đi cùng đất nước, được sống trong tay toàn dân nhân dịp Tết Độc Lập, chính là hành trang cho Vinamilk vươn tới kỷ nguyên mới.

Cảm ơn vì đã luôn tin yêu. Hẹn gặp lại ở những chặng tiếp theo!

#Vinamilk #ChungTayKienQuoc #VuonCaoVietNam #VuonTamTheGioi",365,13,22,2025-09-09 07:11:50,unknown
https://www.facebook.com/vinamilkofficial/posts/pfbid0Z7b42fpMZSLP9KBWKhKj6CNZmpuXicLJDemWtAFAX98xyPJHGK9z5ASpu1TFgtTHl,"Dòng sữa chua sánh mướt ướp hương hoa trái chín rộ, kết hợp với điểm nhấn hạt thủy tinh làm nên mùa mới của Vinamilk Green Farm.

Giòn dai sừn sựt. Tí tách bất ngờ. Vỗ về vị giác. Mời bạn thử ngay: https://shorturl.at/HDbP6

#Vinamilk #GreenFarm #Suachuauong #6chungmen",820,17,20,2025-09-08 07:30:04,unknown
https://www.facebook.com/vinamilkofficial/posts/pfbid04uqcP7PzSbeTDm53CvmoxYua2t17PSdiyfTtpiEnY8gdqE7yTJQAZWFCzUCd7Vdfl,"Hòa chung cảm xúc tự hào ngày Quốc Khánh là hạnh phúc vỡ òa khi cả nhà được gặp Mẹ sau hàng tháng trời cách xa. 

Optimum rất vinh dự được đồng hành cùng gia đình làm hậu phương vững chắc cho bất cứ ai trên hành trình làm Mẹ.

#Vinamilk #Optimum #Nhà_nào_cũng_có_Mẹ",188,23,5,2025-09-07 07:48:19,unknown
https://www.facebook.com/vinamilkofficial/posts/pfbid02pf7j3htqf6vxdTR8x2BrLo1aThi636VaJy9Pf4zLMPVFsj8zXv6RwkwwFzxoD9mNl," Vậy là các bé yêu đã rộn ràng quay lại trường học rồi!

Sữa tươi 100% nguyên chất từ các bạn bò vui khỏe – món quà dinh dưỡng “đa vị - đa gu” sẽ đồng hành cùng các bé để tiếp thêm năng lượng tươi vui cho mùa tựu trường đầy hứng khởi:

 Dừa béo ngậy cùng khám phá thật hăng hái.
 Dâu ngọt ngào để học hỏi mê say.
 Chuối thơm lừng cùng vận động linh hoạt.
 Sôcôla lôi cuốn cho phút giây sáng tạo ngẫu hứng.

100% tươi ngon, 100% tươi vui, 100% sẵn sàng cho một năm học bùng nổ!

 Ba mẹ sẽ chọn vị ngon “over hợp” nào cho vào balo để các bé học vui, chơi khỏe mỗi ngày đây?

#Vinamilk #SuatuoiVinamilk #Tuoivuimoingay #Backtoschool",4688,2760,76,2025-09-06 08:06:34,unknown
https://www.facebook.com/vinamilkofficial/posts/pfbid02Ens2VHbJAStvHTmbQeyNLVrQEzay7CuQer1YbtVjpATn8panmkt5uN7wHzXg8weYl,"Nền sữa tươi thanh trùng Green Farm thơm béo được đánh bông mịn, tôn vinh vị chát nhẹ matcha và ngọt ngào ngũ cốc. 
 
Chỉ có tại Menu Green on Cloud: Bông Sữa Như Mây - Tôn Trà Lên Mây 
Vinamilk Green Farm x Matte Teabar
—----------------------------
 
 05/09 – 05/10 tại tất cả cơ sở của Matte Teabar
 Nhận ngay bandana khi mua đồ uống trong menu (áp dụng cho hóa đơn trên 200,000đ)",1858,24,67,2025-09-05 08:24:48,unknown
https://www.facebook.com/vinamilkofficial/posts/pfbid0QXbASWE4CNtuE5w7Wtttxybcq7X9bHFmSEjSmM7En1jfGPdL3N9phvgLk3r97XoJl,"Hoa nhài thơm đâu chỉ hợp mỗi trà. Kết hợp cùng vải chín trên nền sữa chua thanh trùng Green Farm sánh mướt làm nên trải nghiệm hài hoà mê mãi. Vỗ về vị giác.

Mời bạn thưởng thức hoa nhài ở một hình hài mới: https://shorturl.at/HDbP6

#Vinamilk #GreenFarm #Suachuauong #VaiHoaNhai",4474,23,45,2025-09-04 08:43:03,Photo
https://www.facebook.com/reel/1463891114808419/,"SỮA CHUA UỐNG SỆT ĐẦU TIÊN VÀ DUY NHẤT TRÊN THỊ TRƯỜNG
 
Có 6 chủng men và lợi khuẩn! Hệ lợi khuẩn nhiều gấp 3 lần so với mức tối thiểu* của sữa chua thông thường giúp tăng khả năng cân bằng hệ vi sinh đường ruột, tốt cho hệ tiêu hóa.
 
*Theo tiêu chuẩn quốc gia CODEX
#Vinamilk #GreenFarm #Suachuauong #6chungmen",1473,36,50,2025-09-03 09:01:18,Video
https://www.facebook.com/vinamilkofficial/posts/pfbid02U4aNVgxsK36tgBGzERuTdJL5RmsrtP21kLBjn9XQ7RREhgDwSL3VFiEYukKbcYNRl," HÒA BÌNH ĐẸP LẮM, VIỆT NAM ƠI!
Độc lập này đánh đổi bằng gian khó
Tự do này gìn giữ bởi hy sinh
Hạnh phúc này là dành riêng đất Việt.
Hôm nay là kỷ niệm 80 năm Cách mạng Tháng Tám thành công và Quốc Khánh nước Cộng hòa Xã hội Chủ nghĩa Việt Nam.
Hôm nay là ngày toàn dân viết tiếp câu chuyện hòa bình và tiến vào một tương lai vươn tầm thế giới.
Vinamilk tự hào vươn cao Việt Nam.

#Vinamilk #ChungTayKienQuoc #VuonCaoVietNam #VuonTamTheGioi",1545,24,9,2025-09-02 19:11:55,unknown
https://www.facebook.com/vinamilkofficial/posts/pfbid023ivgN1G3D5nxmnJ2DNBpGxNwAP1XsTS1tJR4BXoNYPohM8TqZHryJppVQZ7jMQBul,"Trong sự kiện trọng đại của đất nước, nhiều người Mẹ - là các nữ quân nhân, đang tạm xa gia đình để cống hiến cho niềm tự hào chung. Từ bốn tháng trước, họ đã tham gia tập luyện cho các hoạt động diễu binh - diễu hành tại đơn vị cách nhà đến hàng nghìn cây số. 

Để Mẹ yên tâm hoàn thành nhiệm vụ, Optimum phối hợp cùng Ban Tổ chức A80 Quân khu 4 và Quân khu 7 gửi trao những món quà dinh dưỡng đến tận tay người bố, người ông, người bà - để ai cũng có thể tự tin chăm con như cách Mẹ hay làm. 

Vì Mẹ nào cũng cần có hậu phương.

#Vinamilk #Optimum #A80 #Nhà_nào_cũng_có_Mẹ #6HMO",260,10,10,2025-09-02 05:22:32,unknown
https://www.facebook.com/vinamilkofficial/posts/pfbid03p4SpkdcGszNjBdCEMEyCQ3ZnAQusBroXudbgj7EXcDPoHm2wb9r26PsrzA7J8Wdl,"VÌ MẸ NÀO CŨNG CẦN CÓ HẬU PHƯƠNG
Hành trình nuôi con chưa bao giờ là dễ dàng. Optimum chính thức ""ra quân"", gửi trao những món quà dinh dưỡng & tinh thần, để Mẹ và bất cứ ai đang làm ""Mẹ"" cũng có thể tự tin cho con điều tốt nhất. 
Đón chờ bất ngờ từ hậu phương Optimum, Mẹ nhé!

#Vinamilk #Optimum #A80 #Nhà_nào_cũng_có_Mẹ #6HMO",285,16,11,2025-09-01 15:33:09,unknown
https://www.facebook.com/vinamilkofficial/posts/pfbid02vfpkub886xypCK6QdmEhWv8YLi93KXRwmREycBdQ2u9i38wv7Te6EmGLrMn1GSkGl," Phóng viên thường trú nhà HAYĐẤY tại trung tâm Khối Yêu Nước xin phép được cập nhật về tình hình của đồng bào khắp cả nước. Nhà chúng tôi ghi lại được 3 khoảnh khắc đẹp tuyệt vời những ngày mùa thu độc lập, xin mời bà con cô bác nhấn vào từng ảnh để đọc:

⭐️ “Khối sắp hết nghỉ hè” có mặt đông đủ bất kể nắng mưa
⭐️ Tự hào “Fandom đông nhất Việt Nam”
⭐️ Liên hoan văn nghệ “kiểu nó phải thế”

Ai ghi được khoảnh khắc “VIỆT NAM HAY ĐẤY” nào đẹp hơn, nhớ khoe với @vietnam.hayday 

#VIETNAMHAYDAY #HAYĐẤY #KOMBUCHAKIEUMOI",9436,23,48,2025-09-01 01:43:46,unknown
https://www.facebook.com/vinamilkofficial/posts/pfbid0qGwQ5QM5bdeixvsjzoSL3ea3qF265rp7tfRCe89SMmEb3pnXh6Z3a51C1w6Tv8mVl,"VỊ NGON QUỐC TẾ TRONG ""NGÀY HỘI NON SÔNG""
Chào mừng quý đồng bào đến với gian hàng Vinamilk tại khu vực ""Ngày hội non sông"" ở sân Đông Triển lãm Thành tựu Đất nước - 80 năm hành trình Độc lập - Tự do - Hạnh phúc.
 
Đây chính là nơi để vị ngon xứng tầm quốc tế nằm gọn trong tầm tay bạn. Đằng sau hương vị đột phá, bao bì mãn nhãn là hàng loạt những giải thưởng danh giá và tiêu chí quốc tế - minh chứng cho chất lượng và vị thế của Vinamilk:
Clean Label Project (Mỹ) - Hơn 400 tiêu chí kiểm nghiệm nghiêm ngặt, khẳng định sự an toàn, tinh khiết và minh bạch trong từng sản phẩm.
Superior Taste Award - Được công nhận bởi các đầu bếp đạt Michelin, top 1% thế giới.
Monde Selection (Bỉ) - “Oscar của ngành thực phẩm”, là bảo chứng cho chất lượng mà ông lớn nào trong ngành cũng muốn sở hữu.
World Diary Innovation Award - Giải thưởng Đổi mới ngành sữa toàn cầu.
 
Trên hành trình trẩy hội non sông, đừng quên ghé Vinamilk để chọn cho mình những thức quà dinh dưỡng tiếp sức – vừa ngon miệng, vừa chuẩn quốc tế!
 
#Vinamilk #ChungTayKienQuoc #VuonCaoVietNam #VuonTamTheGioi",432,10,7,2025-08-31 11:54:23,Photo
https://www.facebook.com/vinamilkofficial/posts/pfbid02FyfZey5K33Qde44emWfUnXMYh86nRKKwc9ZSJx4EiwJWvTCrXgkSYjr7hKLXiRh2l,"TIẾP SỨC NGÀY TỔNG DUYỆT, LẤY ĐÀ MỪNG ĐẠI LỄ!

Đếm ngược đến ngày trọng đại, khối Dinh dưỡng vô cùng phấn khởi khi được góp mặt và tiếp sức cho đồng bào, chiến sĩ có một ngày tổng duyệt thành công, đầy khí thế!
 
Vinamilk đã sẵn sàng cho Đại lễ. Còn bạn thì sao?
 
#Vinamilk #ChungTayKienQuoc #VuonCaoVietNam #VuonTamTheGioi",2140,64,28,2025-08-30 22:05:00,unknown
https://www.facebook.com/reel/1791271731489317/,"KHỐI YÊU NƯỚC REVIEW GÌ VỀ TRIỂN LÃM CỦA KHỐI DINH DƯỠNG?

“Choáng ngợp.”
“Bất ngờ.”
“An tâm với chất lượng.”

️ Cùng xem lại những khoảnh khắc đáng nhớ tại triển lãm và hoà chung bầu không khí tưng bừng của Đại Lễ nhé!

 #Vinamilk #ChungTayKienQuoc #VuonCaoVietNam #Vuontamthegioi",313,9,28,2025-08-30 08:15:37,Video
https://www.facebook.com/vinamilkofficial/posts/pfbid02hvFeZ84MBd4VFtfa5baiC9f7mDPixrsrFGBAeouurBoYbTvQiVVWNgzvJDtYxnS4l,"Combo “dày phước” gọi tên:
✅ Bữa trưa no căng bụng ở quê
✅ Chiếc võng dưới tán dừa
✅ Hũ sữa chua Vinamilk thạch dừa giòn giòn vui miệng, lá dứa thơm thơm, nay có 12 triệu men sống Bulgaricus Châu Âu, ăn đã miệng, bụng khỏe re.
 
+1 cữ sữa chua Vinamilk khoẻ bụng vào combo “tuyệt cú mèo” sau cữ cơm trưa ngay thôi 

#Vinamilk #SuachuaVinamilk",497,5,7,2025-08-29 16:39:23,Photo
https://www.facebook.com/reel/759840473509228/,"Tất cả được để riêng, giữ nguyên giòn rụm.
Thưởng thức để cảm nhận sự khác biệt.
Vinamilk Green Farm. Vỗ về vị giác. 
#Vinamilk #GreenFarm #Suachuamenhylap",132,7,18,2025-08-29 01:03:09,Video
https://www.facebook.com/vinamilkofficial/posts/pfbid0ka8aPuNxgschf2St41sFqvWXhgsQYBZgfX1Zv9MXk41724e9X2N2HsmRwRAFB2Wal,"Ngày sơ duyệt hân hoan phấn khởi, không chỉ đội hình được “duyệt” mà ngay cả Khối Dinh dưỡng cũng chiếm trọn cảm tình: từ Khối Diễu binh, Khối Khai giảng cho đến Khối Thanh niên, ai ai cũng duyệt hương vị thơm ngon từ Vinamilk! ​

Bạn có ảnh “duyệt” cùng Khối Dinh dưỡng không? Chia sẻ cho Vinamilk cùng xem nhé ​

 #Vinamilk #ChungTayKienQuoc #VuonCaoVietNam #VuonTamTheGioi",101,2,6,2025-08-28 20:12:06,unknown
https://www.facebook.com/vinamilkofficial/posts/pfbid021UkL4RcgbGsZBZ8QNtzehp5gB7LjqJbosSptpWQjSZmNHrQy5LkEc4smQCMVYMn5l,"Dấu ấn tiên phong tại Triển lãm Thành tựu Kinh Tế Xã Hội A80
 
Tại không gian triển lãm “Khởi nghiệp kiến quốc”, gian hàng Vinamilk nổi bật với sắc xanh đặc trưng và thiết kế hiện đại. 
Không chỉ tái hiện hành trình ấn tượng “50 năm tiên phong – Vươn cao Việt Nam, Vươn tầm thế giới”, Vinamilk còn trưng bày trọn bộ nguồn dinh dưỡng thiên nhiên, công nghệ tiên tiến và chăm sóc sức khỏe được yêu thích nhất. 
Nếu đã bước vào không gian của Vinamilk tại sự kiện, đừng quên trải nghiệm các sản phẩm được trưng bày, nhận những phần quà dinh dưỡng hấp dẫn và cùng lan tỏa tinh thần vươn cao Việt Nam nhé. 
 Thời gian: 28/8 – 5/9/2025
 Địa điểm: Lầu 1, Sảnh 3 – Trung tâm Triển lãm Quốc gia Cổ Loa, Đông Anh, Hà Nội
 
#Vinamilk #ChungTayKienQuoc #VuonCaoVietNam #VuonTamTheGioi",1790,50,51,2025-08-28 15:21:03,unknown
https://www.facebook.com/reel/1363792369080907/," Mật ong hoa cà phê Lâm Đồng là một điều gì đó rất khác. 

Màu sáng trong. Không ngọt đậm như mật ong rừng. Thơm ngào ngạt. Quá trình lên men cùng sữa làm hãm độ ngọt, và bật lên nốt hương đặc trưng của hoa cà phê Lâm Đồng. 

Thưởng thức để cảm nhận sự khác biệt.
Vinamilk Green Farm. Vỗ về vị giác.

#Vinamilk #GreenFarm",321,0,5,2025-08-28 10:30:01,Video
https://www.facebook.com/vinamilkofficial/posts/pfbid02xKpXpyB7ytpYj8rLduW1Q34YSUtwPYNi3mSE9xpS9rPyRuyCaBVkoKTPoYQCwvvdl,"TRIỂN LÃM ĐẦY NIỀM VUI, VINAMILK MỜI BẠN GHÉ CHƠI  ​

Triển lãm thành tựu Kinh Tế Xã Hội A80 là một hoạt động điểm nhấn trong chuỗi sự kiện kỷ niệm 80 năm Quốc Khánh và Vinamilk vinh dự được là một trong những doanh nghiệp “Khởi nghiệp kiến quốc” được góp mặt. ​​
​
Không chỉ là nơi để nhìn lại hành trình đi cùng đất nước, gian hàng Vinamilk tại triển lãm còn có các hoạt động thú vị mang lại nhiều niềm vui cho khách tham quan:​​
 Minigame trả lời câu hỏi cực đơn giản, dễ lấy quà​​
 Booth giới thiệu về thành tựu của Vinamilk đồng hành và phát triển cùng lịch sử đất nước sẽ là điểm check in không thể bỏ lỡ​
Khu vực thử sản phẩm luôn sẵn sàng kem ngon sữa mát, giải khát giải nhiệt cho người tham gia​​

 Hẹn gặp đồng bào tại Triển lãm lễ này tại​ Lầu 1, Hội trường 5 - Trung tâm triễn lãm quốc gia Cổ Loa, Đông Anh, Hà Nội!​

#Vinamilk #ChungTayKienQuoc #VuonCaoVietNam",167,3,2,2025-08-28 03:51:30,unknown
https://www.facebook.com/vinamilkofficial/posts/pfbid0a6nip8uMXE4SZeLP64dY9uCGojQ4xZMjRVgeMSy5g6kLESV533w4TvfjSeYVv3Wl," KHỐI DINH DƯỠNG ĐÃ “DIỄU BINH” RỒI, BẠN ĐẾN CHECK-IN CHƯA?! 

Đại lễ đang đến gần. Không khí rộn ràng đang lên! Dọc tuyến diễu binh, Vinamilk đã dựng booth sampling để mời bạn nhận quà dinh dưỡng miễn phí, và chụp hình check-in cùng Khối Dinh Dưỡng tại các điểm:  

Vỉa hè vườn hoa Lê Trực​
Vỉa hè tòa nhà số 8b Lê Trực​
Vỉa hè Đường Hùng Vương giao Trần Phú​
Cổng trụ sở  UB. MTTQ phường Ba Đình (Số 68 Nguyễn Thái Học)​
Cổng Ngân hàng Agribank (Số 52 Nguyễn Thái Học)​

Trường tiểu học Phan Chu Trinh (Số 40-42 Nguyễn Thái Học)​
Tập đoàn Vàng Bạc Đá Quý DOJI (Số 5 Lê Duẩn)​
Ban Tôn giáo Thành phố Hà Nội (Số 15 Quán Thánh)​
Ban Chỉ huy quân sự Ba Đình cũ  (Số 88 Quán Thánh)​
Xí nghiệp Quản lý - Phát triển nhà Ba Đình (Số 71 Quán Thánh)​

Viện nghiên cứu điện tử  (Số 156a Quán Thánh)​
Trụ sở Bộ tư lệnh Cảnh vệ  (Số 192 Quán Thánh)​
Ngã tư Đặng Tất, Phan Đình Phùng   (Số 76 Phan Đình Phùng)​
Ngã tư Nguyễn Biểu, Phan Đình Phùng (Số 62 Phan Đình Phùng)​
Trường THPT Phan Đình Phùng​

Ghé ngay để được tiếp trọn năng lượng, tiếp lửa tự hào!​

#Vinamilk #ChungTayKienQuoc #VuonCaoVietNam",341,2,10,2025-08-27 21:12:59,Photo
https://www.facebook.com/vinamilkofficial/posts/pfbid032WhjkU4nqTtWppJ1pNUoazc3vuofFUegdbU3KRkJTLKfErfXZBGNsd7FpuwcTkE4l,"MATCHA ĐẬM VỊ ​
RA MẮT HŨ MINI​
Nhỏ xinh - Mới tinh​

THƯỞNG THỨC GELATO MATCHA THƯỢNG HẠNG TRONG HŨ NHỎ XINH!​

Hương vị gelato được yêu thích nhất từ ngày đầu nay đã có size vừa tay, vừa đủ...để thèm thêm hũ nữa. Vẫn là chất kem mướt mịn, ngọt vừa, đậm đà matcha:​

 Lá trà non thu hoạch từ mùa vụ đầu tiên Ichibancha tại Nishio - thủ phủ matcha xứ Nhật.​
 Chất gelato quyện đặc, kéo sánh, lớp lớp kem sữa chen nhau, không một kẽ hở, bao phủ vị giác.​
 Xúc một muỗng thấy matcha xanh mát - ngon ngon, mê mê.​

​Mời bạn hũ nhỏ xinh, nhanh tay kẻo hết.",156,7,45,2025-08-27 14:34:29,Photo
https://www.facebook.com/vinamilkofficial/posts/pfbid0mVKMFqaJeMEYNNnfrutWw1Rk7gv3BH4vrzWAe7As9NZj882b728vTEMsfn6TpFv7l,"THƯỞNG BUFFET CHAY, ĐẬM ĐÀ 9 HẠT

Vu Lan này, Vinamilk mang đến bạn và gia đình một trải nghiệm thật đậm vị với Creamer 9 hạt - 9 hạt thượng hạng, béo bùi có 102, sáng tạo nên 1001+ cách biến tấu.

Trong hành trình ẩm thực chay thú vị này, đừng quên săn tìm bộ công thức độc quyền cùng Creamer 9 hạt Vinamilk trong hơn 100 món chay đặc sắc được chế biến bởi các đầu bếp nhà hàng Chay Garden, nơi vinh dự nhận giải thưởng Michelin Bib Gourmand suốt 3 năm liền (2023, 2024, 2025) .

Ăn ngon rồi gói mang về túi quà đầy ắp hạt, gồm các siêu phẩm 9 hạt từ Vinamilk và voucher dùng bữa tại sự kiện ẩm thực “Vu Lan Chay Lành - mùa ƯƠM” do Chay Garden tổ chức tại khách sạn 5 sao.

️ Chương trình diễn ra từ ngày 23/08 đến 22/09
 Địa điểm: Rex Hotel
⏰ Thời gian: 23/08 - 22/09/2025
Đặt vé trước qua fanpage Chay Garden / hotline 0901 958 108 để nhận quà to và có chỗ ngồi thoải mái nhất.
  Tặng 50% giá vé cho Cha/Mẹ từ 60 đến 69 tuổi
  Tặng 100% giá vé cho Cha/Mẹ từ 70 tuổi trở lên
 
#VuLan2025 #Creamer9Hat #Vinamilk #ChayGarden #BuffetChay #ẨmThựcThuầnChay #VuLanBáoHiếu",213,4,13,2025-08-27 07:55:58,unknown
https://www.facebook.com/vinamilkofficial/posts/pfbid0Wyxn8V6aV9dyrk3vyngd1by1wgEN1Y1TWpbkX64FmEEKVjVseqnW4oRvaQSwLZjkl,"SUSU KHOE ÁO MỚI​
ĐÃ XINH LẠI ĐẦY DINH DƯỠNG ​
​
Sữa chua SuSu ra mắt diện mạo mới lấp lánh, mẹ có thấy xinh không?​
​
Không chỉ xinh, SuSu còn mang đến cho bé sức khỏe vững vàng với 4 lợi ích “vàng”:​

Tốt Tiêu hoá​
Khỏe đề kháng​
Tốt cho mắt​
Răng cứng cáp​

Nhờ công thức giàu dưỡng chất cùng cam kết nói không với chất bảo quản, Sữa chua SuSu chính là lựa chọn được các mẹ tin tưởng.​

 ❤️Mẹ ơi! Cùng chọn Susu ngay hôm nay để bé thêm khoẻ, vui chơi mỗi ngày.

#SuachuaSusu #tottieuhoa #khoedekhang #dinhduongdoidao",4242,106,62,2025-08-27 01:17:28,unknown
https://www.facebook.com/vinamilkofficial/posts/pfbid021C9XsctwUfCjE2CtzEFSJZzqVK4tPQWc4kxe4ukJYhQw3zJZ5wA3dVq6Ar9rasMDl,"Sữa chua uống thanh trùng Vinamilk Green Farm với chất sữa sánh mướt, nay có đến 3 phiên bản hương vị: Truyền thống, hương vải hoa nhài, hương cam hoa bưởi.

Đâu là phiên bản yêu thích của bạn?

#Vinamilk #GreenFarm #Suachuauong #6chungmen",81,13,2,2025-08-26 18:38:57,Photo
https://www.facebook.com/reel/1368573291940063/,"Nếu được nghỉ làm 1 ngày, chúng tớ muốn... Xuống phố tụ tập bè bạn, làm vài lon KOMBUCHA CÓ GAZ. Dẹp hết deadline sang 1 bên, thả ga gấp quần áo, quyết giùm việc thiên hạ, tuyệt cà là vời!!! Vậy thôi đó mà về kể lại không ai tin 

#HAYĐẤY #KOMBUCHAKIEUMOI #VIETNAMHAYDAY",1400,12,24,2025-08-26 12:00:27,Video
https://www.facebook.com/vinamilkofficial/posts/pfbid0KpEiiTmGKsA9Qk1JgMWYqqtEgJdin3jkLo3BjqNwfht2N5f6etvn8caW7QZ33PwDl,"CAO CANXI NHẤT, MỚI NHẤT LÀNG NÀNH!
Luôn sẽ có những sáng chợ đông, tay xách nách mang với đồ đạc lỉnh kỉnh.
Để sẵn sàng cho những hôm như thế, Vinamilk trân trọng giới thiệu Tân binh làng nành – Sữa đậu nành Vinamilk Cao Canxi với hàm lượng canxi cao nhất Việt Nam*!
Hai hộp 180ml mỗi ngày là đủ 50% lượng canxi cần thiết** - hỗ trợ chắc khỏe xương để “tay không” cân đẹp buổi chợ!

Muốn tay khỏe, ghé ngay! https://bit.ly/SDN2608
-----
(*) Theo nghiên cứu thị trường do Fieldforce (tháng 01/2025) thực hiện trong ngành hàng sữa đậu nành tại Việt Nam
(**) Dựa trên lượng canxi khuyến nghị hằng ngày của Bộ Y Tế
#Vinamilk #CaoCanxiNhấtViệtNam #XươngChắcKhoẻ",1338,39,12,2025-08-26 09:58:36,Photo
https://www.facebook.com/vinamilkofficial/videos/1436785397556495/,"CAO CANXI NHẤT, MỚI NHẤT LÀNG NÀNH!

Luôn có những ngày hối hả, công việc chất chồng, phải ôm đồm đủ thứ.
Để chuẩn bị cho những hôm như thế, Vinamilk cho ra mắt Sữa đậu nành Cao canxi với hàm lượng canxi cao nhất Việt Nam*.
Hai hộp 180 ml mỗi ngày là đủ 50% lượng canxi cần thiết** - hỗ trợ chắc khỏe xương để các nữ cường cân tất.

Muốn tay lực điền, thử liền: https://bit.ly/SDN2608
-----
(*) Theo nghiên cứu thị trường do Fieldforce (tháng 01/2025) thực hiện trong ngành hàng sữa đậu nành tại Việt Nam
(**) Dựa trên lượng canxi khuyến nghị hằng ngày của Bộ Y Tế

#Vinamilk #CaoCanxiNhấtViệtNam #XươngChắcKhoẻ",1411,10,17,2025-08-26 07:56:45,Video
https://www.facebook.com/vinamilkofficial/posts/pfbid0xJQDtKd7WAfgKS39auid4rAat8QtyB7PUJ5YAennnv5rupq2rCsEbFhjW2Z4cCSVl,"Hòa nhịp cùng ngày hội non sông, Vinamilk đã sẵn sàng đồng hành trong chuỗi 3 sự kiện trọng điểm kỷ niệm 80 năm Quốc khánh – mang trọn tinh thần “Chung tay kiến quốc, Vươn Cao Việt Nam”:

1️⃣ Khu vực Vinamilk trong Triển lãm Thành tựu Kinh tế - Xã hội: Không gian để người tham dự cùng khám phá những bước tiến mới và trải nghiệm thành tựu đáng tự hào Vinamilk đã đạt được cùng sự phát triển của đất nước.
2️⃣ Không gian của Vinamilk trong Triển lãm Rạng rỡ Việt Nam: Khu vực trải nghiệm các sản phẩm đột phá của Vinamilk
3️⃣ Lễ diễu binh kỷ niệm Quốc khánh: Các gian hàng tặng sản phẩm diễn ra xuyên suốt dọc các tuyến đường diễu binh trong 3 ngày 27/8, 30/8, 2/9 để tiếp sức người dân xem diễu binh

 Hãy ghé thăm các khu vực của Vinamilk trong các chuỗi sự kiện, cùng hòa mình vào không khí rực rỡ của ngày hội non sông và ghi lại khoảnh khắc tự hào cùng Vinamilk!

✍️Check thêm thông tin chi tiết tại bình luận bạn nhé!

#Vinamilk #ChungTayKienQuoc #VuonCaoVietNam",2104,38,33,2025-08-24 08:58:03,unknown
https://www.facebook.com/vinamilkofficial/posts/pfbid0pYTNjL7ectmMcNSr35xM7spCC244Xrx6ZQahBDKEgrns3uHMpY8ZVDgtupqADReZl,"SỮA TƯƠI 100% TIẾP NĂNG LƯỢNG TƯƠI VUI ​
CHUNG KẾT ROBOTACON 100 ĐIỂM ​

️️ Hàng ngàn sản phẩm Sữa tươi Vinamilk 100% đã có mặt, tiếp sức 100% năng lượng cho các tài năng nhí trong từng phần thi cực kỳ bùng nổ ở vòng chung kết ROBOTACON WRO 2025 để giành cơ hội đại diện Việt Nam tham dự Chung kết Thế giới.​

❤️ Sữa tươi Vinamilk 100% - thương hiệu sữa tươi duy nhất tại Việt Nam đạt bộ đôi giải thưởng quốc tế (*): Chuẩn An Toàn Tinh Khiết Mỹ (Clean Label Project) & Vị Ngon Thượng Hạng, hân hạnh đồng hành và tiếp thêm nguồn dinh dưỡng chất lượng & năng lượng “tươi mới” để các em thỏa sức sáng tạo và vững vàng chinh phục thử thách!​

(*) Tính từ năm 2022 đến 14/03/2025, theo kết quả nghiên cứu thị trường được thực hiện ngày 14/03/2025.​
#Vinamilk #Suatuoi100 #RobotaconWRO2025",86,13,2,2025-08-22 09:59:21,unknown
https://www.facebook.com/vinamilkofficial/posts/pfbid02CZ81iWy3G82sokkUBGtogbhL6PFsEYWaZULciCqUSMtHjYRLgtAztrMRKnKZLRFZl,"Gần 5 thập kỷ vững vàng cùng Việt Nam vươn cao rạng rỡ 

Nhất quán suốt gần 5 thập kỷ, Vinamilk kiên định với những giá trị bền vững, không đánh đổi chất lượng, không ngại nâng chuẩn toàn diện, không ngừng xây dựng niềm tin – vì bạn, vì chúng ta và vì cộng đồng.

Vinamilk vượt chuẩn quốc tế vì một Việt Nam vươn cao rạng rỡ!


#LifeAtVinamilk #Vinamilk",327,14,43,2025-08-20 11:00:39,unknown
https://www.facebook.com/vinamilkofficial/videos/806148865307469/,"UỐNG SUSU - QUÀ HÈ VI VU!

Nhận ngay 1 món quà hè cực chất khi mua 1 thùng SuSu: 
Quạt cầm tay tiện lợi hoặc
Túi bao tử siêu ngầu hoặc
 Bộ đồ chơi tự tô sáng tạo!
Hè này mua ngay SuSu ngon và sưu tầm quà xịn cho bé nhé mẹ ơi!

*Sản phẩm áp dụng: Sữa chua uống, Thức uống Sữa Trái Cây, Thức uống Ca Cao Lúa Mạch, Nước Rau củ các loại thuộc nhãn hiệu Vinamilk SuSu
**Thời gian áp dụng: Đến hết 31/08/2025 hoặc đến khi hết quà tặng tùy điều kiện nào đến trước

#SuSu #QuàTặngMùaHè #Mua1thùngTặng1quà",131,22,10,2025-08-18 12:01:58,Video
https://www.facebook.com/vinamilkofficial/videos/1294843558926638/,"SỮA ĐẶC MATCHA HAY CÀ PHÊ? BẠN MÊ VỊ NÀO?  

Đâu chỉ trendy, bộ đôi Ông Thọ vị mới còn tự hào xuất thân hàng tuyển với nguyên liệu từ 100% bột Matcha Nhật Bản  và Cà phê Robusta nhân xanh Việt Nam ☕.
Dòng sữa đặc sánh mịn hòa cùng vị Matcha đậm đà và Cà phê thơm nồng mê say, chắc chắn sẽ là nguyên liệu cho mọi món ăn thêm ngon!
 
Vị ngon chờ bạn khám phá: http://bit.ly/3HA5eBm
 
#Vinamilk #SuaOngThoMatcha #SuaOngThoCaPhe",397,18,32,2025-08-15 12:01:54,Video
https://www.facebook.com/vinamilkofficial/posts/pfbid02aGCr55JiS9MTeWGCc3wL2a7fiAUo6vZXMqcprPf5uhxiHcU3sfTg5jUt8To9NBHNl,"Kombucha này nhiều gaz! Hayđấy!
Khàaaaaaa... một ngụm thật đãaa
Uống tới đâu xuýt xoa tới đó. Càng xuýt xoa hơn khi uống lạnh.
Ngào ngạt hương trà, chua nhẹ ưng ý mà không gắt.
 
Kombucha Kiểu Mới ủ 6 tháng đầu tiên tại Việt Nam*.
Tự tin vị nào cũng ngon. Ai không tin cứ thử rồi biết: https://www.vinamilk.com.vn/products/kombucha-co-gaz-vi-tra-den-hayday

*Theo nghiên cứu thị trường do CI Research thực hiện (tháng 12/2024).

#HAYĐẤY #KOMBUCHAKIEUMOI",4166,24,14,2025-08-15 03:27:23,Photo
https://www.facebook.com/vinamilkofficial/posts/pfbid02qVVkCFbu5vH9zoiU7NBUzoBYjoL8JVXEGuP9R5STjfg3Ft4jnrEyLVBNhRnbtqixl,"CỨ ĐÀO LÀ TRÚNG GIA TÀI SỨC KHỎE TRỊ GIÁ ""52 TỶ"" LỢI KHUẨN.

Bạn có biết: Tỷ lệ “vàng” của hệ vi sinh đường ruột khỏe mạnh là khoảng 85% lợi khuẩn và 15% hại khuẩn. Vậy nên, chỉ cần đều đặn mỗi ngày 2 chai Probi Đào là bạn có thêm 52 tỷ lợi khuẩn hỗ trợ êm ruột, khỏe đề kháng từ bên trong, bởi vì:

✅ Lợi khuẩn cao cấp từ Châu Âu trong Probi hỗ trợ gia cố hàng rào miễn dịch đường ruột hỗ trợ tăng 30% kháng thể IgG khi kết hợp cùng vắc xin cúm, hỗ trợ tăng đề kháng và hỗ trợ giảm đến 40% số ngày mắc cảm cúm*

✅ Probi Đào hoàn toàn 0% chất béo, giảm tới 40% lượng đường**, vừa thơm đào lại healthy đủ đường.

Nhớ nha: chăm chút hệ tiêu hóa mỗi ngày với 2 chai Probi Đào để đường ruột thêm khỏe. Càng đào càng giàu sức khỏe!

(*) Hàng tỷ lợi khuẩn L.Casei 431™ trong mỗi chai Probi đã được nghiên cứu khoa học và lâm sàng giúp đem lại lợi ích sức khỏe vượt trội. Tham khảo thêm tại: https://bit.ly/3UlOKj9 
(**) So với vị truyền thống",1237,26,10,2025-08-14 18:52:52,GenericAttachmentMedia
https://www.facebook.com/vinamilkofficial/posts/pfbid031GxCgYqxjdhz87MjNPsKda2ad8r1GfTRLTnpGhEyzwcmuPSptU8wLSR5M1wEJ5N9l,"NẾP CẨM CHUẨN VỊ TRUYỀN THỐNG ĐÂYYYYY 
 
Hạt nếp cẩm dẻo thơm quyện cùng chất sữa chua sánh mịn tạo nên vị ngon truyền thống gây thương nhớ của nhà Sữa chua ăn Vinamilk:
 Khắt khe chọn từng hạt gạo, tạo nên hương vị được công nhận bởi top 1% đầu bếp thế giới.
 Sản xuất bằng công nghệ lên men tự nhiên độc quyền, đảm bảo chất lượng và độ ngon đồng đều cho từng hũ sữa chua tới tay bạn.
 Thêm 12 triệu men sống Bulgaricus để hết lòng chăm hệ tiêu hóa của bạn.
 
Thơm ngon khó cưỡng thế này.
+2 hũ sữa chua Nếp cẩm vào giỏ hàng ngay tại: https://bit.ly/3JbbSi4",113,3,34,2025-08-14 10:18:22,Photo
https://www.facebook.com/vinamilkofficial/posts/pfbid02VjLTfFfBr8yMCW2ifdHgH5wbhmAsnHQ3yqmHXmBS64LUuUpeKSv8QFzJwMFLAT2Ql,"SẮP TỚI RỒI, SẮP TỚI RỒI ✨

12 năm trước các bạn bò lên đường ngao du thế giới. 12 năm sau đó, theo yêu cầu của các cựu thiếu nhi, đàn bò đang tức tốc về nhà hội ngộ.

Hẹn sớm gặp nhau!
#Vinamilk #Becobiet #Vinamilkmagnet",9303,1127,787,2025-08-14 01:43:51,Photo
https://www.facebook.com/vinamilkofficial/posts/pfbid02n1MAd7b4g8Y8GpKyz1ESTd7bavNEgWon5zR8wF7seGJccdKM1axyCwKMD34pELp1l,"Lê la phố phường, làm vài lon Kombucha Trà Đen và Hoa Đậu Biếc, túm tụm bạn bè, nói tới đâu idea ào ào sao mà HAYYYY  
""Uồii, nếu có thể nghỉ làm một ngày?""
Đi làm task hộ cũng ok!
Dẹp deadline, cả ngày gấp quần áo càng thích!
Ngồi quyết giùm người khác hết ngày cũng được luôn á.
....
Ý tưởng nào cũng hay, mà hay thì phải làm thôi!

Chúng tớ là HAYĐẤY - Thương hiệu kiểu mới luôn đi cùng những ý tưởng ""Hay Đấy""!
#HAYĐẤY #KIEUNOPHAITHE",1308,47,41,2025-08-13 17:09:20,unknown
https://www.facebook.com/vinamilkofficial/videos/790706356847596/,"GIẢI THƯỞNG SỮA CHUA ĂN NGON NHẤT KHÓ ĐẠT ĐƯỢC NHƯ THẾ NÀO?

Vượt qua hơn 40 đối thủ là các thương hiệu sữa nổi bật từ 11 quốc gia gồm Mỹ, Canada, các nước châu Âu…
Chinh phục những chuyên gia quốc tế hàng đầu suốt 3 vòng thẩm định chất lượng…
Ghi điểm ở tất cả khía cạnh từ ý tưởng sáng tạo, lợi ích sức khỏe, trải nghiệm người dùng tới tiềm năng tạo thành xu hướng…

 Green Farm Sữa chua Cao đạm Men Hy Lạp Mật ong Ngũ Cốc chiến thắng ngoạn mục, đạt giải thưởng Sữa Chua Ăn Ngon Nhất năm 2025 (Best Yogurt), khẳng định vị ngon vươn tầm quốc tế.
 #Vinamilk #GreenFarm #Suachuamenhylap",202,12,19,2025-08-13 08:34:50,Video
https://www.facebook.com/vinamilkofficial/posts/pfbid0uFvBGoyKFqWBpdpus3H2qqKBkKn5arapM3K7ySrB3aouHNCe6JXRF5pHkY9HocRfl,"MỘT NGÀY V-FEST
AI CŨNG THẬT NÉT


V Fest hôm nay, dạo một vòng quanh booth Vinamilk, nhìn ai cũng thật nét. Không nét làm sao được khi đã có tổ đội tươi ngon, tươi mát từ Vinamilk tiếp năng lượng 

Còn bạn, nay đi chơi V Fest có kịp ghé booth nhà Vinamilk chưa? Khoe hình chúng mình ở bên dưới bình luận cho Vinamilk ngắm chung với 

#Vinamilk #VConcert #VFest #RangRoVietNam #ThanhXuanRucRo",118,9,7,2025-08-11 23:39:15,unknown
https://www.facebook.com/vinamilkofficial/posts/pfbid02DUrTVTwFrfTfh6jkMS3DbDBqCeqMhfQ7AJKiCzJwVW6LswecS18PisvkEcizMbKBl,"TỔ ĐỘI TƯƠI MÁT TẠI V-CONCERT TƯƠI TẮN


Tổ đội nhà Vinamilk vừa hoàn thành nhiệm vụ tiếp năng lượng tươi vui tại V-Concert hôm nay với hàng trăm món quà đặc biệt, hàng ngàn sản phẩm thơm ngon.

 Và chúng mình vẫn đứng đây từ chiều, đón bạn tới chơi V-Fest ngày mai 10/08/2025. Đừng quên ghé booth nhà Vinamilk nhé!

#Vinamilk #VConcert #VFest #RangRoVietNam #ThanhXuanRucRo",115,8,6,2025-08-10 14:43:40,unknown
https://www.facebook.com/vinamilkofficial/posts/pfbid037gbQvzZv8zu27egzpouLx2m4NfR6k9J4n72DTFq2YFRBePaJFmAmYKnfjpQRmJhGl,"KOMBUCHA KIỂU MỚI HAY LẮM ĐẤY!
Trà Kombucha HAY ĐẤY được lên men chậm từ lá trà xanh hữu cơ theo cách ủ truyền thống trong 6 tháng dài, đầu tiên tại Việt Nam*.
 
Để mà nói về 2 vị kombucha này thì: ngào ngạt hương trà, lại còn CÓ GAZ, chua nhẹ ưng ý mà không gắt
- Vị Hoa Đậu Biếc: hương hoa đậu biếc sáng bừng, ngào ngạt trà thơm, tươi mát mới mẻ.
- Vị Trà Đen: đậm đà vị trà đen chua chua ngọt ngọt, uống tới đâu khoan khoái tới đó.

Kombucha ngon phải có bạn hiền!
Mời bạn thưởng thức HAYĐẤY tại: https://www.vinamilk.com.vn/products/kombucha-co-gaz-vi-tra-den-hayday
 
*Theo nghiên cứu thị trường do CI Research thực hiện (tháng 12/2024).

#HAYĐẤY #KOMBUCHAKIEUMOI",2500,118,112,2025-08-09 05:48:05,unknown
https://www.facebook.com/vinamilkofficial/posts/pfbid02isQQsUCY1d2EjXgZ1RmTunY9iab4QfZaDTmCVPcrvG8uzKetHMSWi8xLt2F5sqGyl,"CÔNG BỐ KẾT QUẢ MINIGAME: TẠO DÁNG ƯỚC MƠ, NHẬN QUÀ BẤT NGỜ
 
Vinamilk ADM xin chúc mừng các bố mẹ & bạn nhỏ may mắn và tài năng nhất đã đạt giải trong minigame lần này ❤️
 
 05 GIẢI TÀI NĂNG NHÍ – Voucher mua hàng trị giá 500.000đ
1. Đoàn Đoàn
2. Hoàng Yến
3. Nguyễn Thị Thu Trang
4. Thu Sang
5. Nguyen Anh
 
 15 GIẢI NHANH NHƯ CHỚP – Voucher mua hàng trị giá 100.000đ
1. Bông Em
2. Nguyễn Hương
3. Tên Em Hương Hà
4. Trịnh Khuyên
5. Hà Xuyên
6. Lê Thị Trúc Nguyên
7. Lê Cúc
8. Hà Linh
9. Mãng Cầu Gai
10. Đỗ Lan
11. Đạt Nguyễn Đạt
12. Nguyễn Oanh
13. Họ Trần Tên Liễu
14. Kiều Kiều Thuý
15. Chi Hai Hai

 CÁCH THỨC NHẬN QUÀ: Các bố mẹ và bé yêu có tên trong danh sách trúng thưởng vui lòng kéo xuống phần bình luận để biết quy trình nhận quà ngay nha!
 LƯU Ý: Sau thời gian quy định, nếu không nhận được đầy đủ thông tin hợp lệ, giải thưởng sẽ bị hủy hoặc trao cho người khác.

Cùng theo dõi các chương trình tiếp theo của ADM trong tương lai nha!",97,33,3,2025-08-07 20:52:30,Photo
https://www.facebook.com/vinamilkofficial/posts/pfbid02fdtcbVKW15PtmsNQ17Jr7zJZVz5eUXwFJG4TeoKnez2rLT7JVeu4Eu4uaijXd27El,"VINAMILK ĐỔ BỘ ĐẠI NHẠC HỘI CÙNG TỔ ĐỘI “MÓN KHỎE”

 Không có ý khoe cũng không có định giấu giếm - Vinamilk chính là gương mặt tiếp theo lộ diện tại hai đại nhạc hội V Concert và V Fest.

Cầm tấm vé trên tay, hãy nhớ ghé quầy Vinamilk:
 Thử món tươi mới, hoàn toàn miễn phí
 Nạp năng lượng tươi khỏe cùng với 1001 thức quà Vinamilk hấp dẫn

Đừng quên lưu lại lịch, chúng mình có hẹn từ 14h00 đến 22h30 tại trung tâm triển lãm Việt Nam – The Grand Expo. 
 Ngày 9/8/2025, mình lên đồ quẩy V-Concert
 Ngày 10/8/2025, ta tiếp tục lấn sân V-Fest

Đợi ngày gặp gỡ, mình cùng chiến hết cỡ V-Concert và V-Fest nhé! 

#Vinamilk #VConcert #VFest #RangRoVietNam",510,19,11,2025-08-06 11:56:55,unknown
https://www.facebook.com/vinamilkofficial/videos/1269555367734711/,"Gu ăn uống thật ra... cũng như thời tiết: sáng nắng chiều mưa, trưa thưa tối mát. Dù là bữa nào cũng đều có Sữa chua Vinamilk kề bên cho bụng khỏe - dạ êm  ​

 16 vị thơm ngon sánh mịn hợp gu mọi nhà. ​
 12 triệu men sống Bulgaricus từ châu Âu giúp khỏe tiêu hóa khỏe đề kháng. ​

Hôm nay bạn chọn vị Sữa chua Vinamilk để chiều bụng đây ?​

#Vinamilk #SuachuaVinamilk #Kettunetbung",127,888,14,2025-08-05 03:01:20,Video
https://www.facebook.com/vinamilkofficial/posts/pfbid0m6AUfdvyzMjtDXdETAMmQdvER8Wh1BJib33S4uaqsDMjM96nRbbtfvBZwrvMTgJHl,"Chỉ 2 ngày nữa thôi! 2 ngày nữa thôi!
Thân mời bà con cô bác tới Khu phố HAYĐẤY 

Ấp ủ 6 tháng trời, nay nhà chúng tôi hân hạnh ra mắt 2 vị KOMBUCHA KIỂU MỚI: tươi mát, ngào ngạt hương trà, chua nhẹ ưng ý và đặc biệt là... CÓ GAZZZZZZ

Kombucha nay đã khác! Kiểu nó phải thế!
Thưởng thức ngay tại:
 Địa điểm: Các cửa hàng Vinamilk khắp TP. Hồ Chí Minh. Tham khảo chi tiết tại: https://www.vinamilk.com.vn/store-list
 Thời gian: Từ 8h ngày 5/8

#HAYĐẤY #KOMBUCHAKIEUMOI #KIEUNOPHAITHE",816,78,53,2025-08-04 04:31:18,Photo
https://www.facebook.com/vinamilkofficial/posts/pfbid0an8Vs4eE5aowEVApibD4YeVBPk5Wssz43PvwkEk1zqX3jRAxk5g3BeeMY49qJdd4l,"Streptococcus thermophilus là một chủng men 30 năm tuổi từ đảo Crete, Hy Lạp - hòn đảo có dân số sống thọ cao nhờ chế độ ăn Địa Trung Hải lành mạnh và giàu thực phẩm lên men, làm nên chất sữa chua độc đáo của Green Farm.

Thưởng thức hương vị từ Hy Lạp!

#Vinamilk #GreenFarm #Suachuamenhylap #suachuacaodam",3076,30,19,2025-08-03 06:01:16,GenericAttachmentMedia
https://www.facebook.com/vinamilkofficial/posts/pfbid02xhLLofDd2eymVsc7vLu5fLc9hoJSqBcxJocVKwKddo72gjiPy4EHzhSkrDPVYqiBl,"Thủ tục khai màn pickleball của hội chị em “tốt bụng, đẹp người”:

❌ Cụng vợt
✅ Cụng sữa chua nha đam Vinamilk – để khỏe đề kháng, khỏe tiêu hóa nhờ 12 triệu men Bulgaricus từ châu Âu

Bụng khỏe, sức bền trước thì mới giao bóng nhịp nhàng, ghi điểm dễ dàng được!

#Vinamilk #SuachuaVinamilk #Kettunetbung",122,744,7,2025-08-02 07:31:14,Photo
https://www.facebook.com/vinamilkofficial/posts/pfbid0k5Qi9qXLNJEwmgtxS9j2NR2XQyYMP1pEdUnszp9XS4k9muvEECBuRVE3qBJmKv2tl,"Úp úp mở mở cách thưởng thức sữa chua chưa từng có:
Bước 1: Mở vị sữa chua men Hy Lạp 30 năm tuổi
Bước 2: Úp Granola siêu hạt thượng hạng
Bước 3: Nhắm mắt và cảm nhận
Bước 4: Tự mình trải nghiệm và kiểm chứng vị ngon của Sữa chua ăn ngon nhất năm 2025.

#Vinamilk #GreenFarm #Suachuamenhylap #suachuacaodam",1095,18,29,2025-08-01 09:01:12,GenericAttachmentMedia
https://www.facebook.com/vinamilkofficial/posts/pfbid02Q5bZs3hXp8QH7Joqb7Rj8qn14Lk4NCRjejbFV5vZTu5RQdFGWwAECS9wwBAej5sLl,"MẺ SỮA HẠT MỚI RA LÒ ​
AI THÍCH ĐIỀU MỚI MẺ, XIN MỜI 
 
​ Từ nay đến 15/8, mời ai mê điều mới ghé các địa điểm sau để rước ngay sữa hạt mới, hoàn toàn miễn phí!

#Vinamilk #Sua9LoaiHat #SuaHatCaoDam",108,3,17,2025-07-31 10:31:10,unknown
https://www.facebook.com/vinamilkofficial/videos/1080877350836814/,"Bí kíp giúp tôn lên nốt hương độc bản của Matcha đã lộ diện?

Thưởng thức ngay Menu Matcha mới tại Little Cam Saigon, từ 08/07 đến 08/08.

#Vinamilk #GreenFarm #VoVeViGiac #LittleCam",127,13,6,2025-07-30 12:01:08,Video
https://www.facebook.com/vinamilkofficial/posts/pfbid02Rtz4Gd23gsotRRhZDVXWE9gQQEpzgcXuPeh2KFNsZKBaBcErT3xwVc2xPi59UdP8l,"Thủ tục tráng miệng không thể thiếu của “gia đình văn hóa” 2025: mỗi người một hũ Sữa chua Nha đam!​

 Sữa chua dẻo mịn thơm ngon hợp ý cả nhà​.
 Nha đam giòn dai, nhai nhai vui miệng, già trẻ lớn bé đều ưng​.
 12 triệu men sống Bulgaricus từ châu Âu giúp cả nhà khỏe bụng, khỏe đề kháng​.

Hôm nay nhà mình đã hoàn thành thủ tục chưa nhỉ? ​

#Vinamilk #SuachuaVinamilk #Kettunetbung",138,735,7,2025-07-28 21:37:14,Photo
https://www.facebook.com/vinamilkofficial/posts/1159263222697490:1159263222697490,,97,3,1,2025-07-27 07:13:20,Photo
https://www.facebook.com/vinamilkofficial/posts/pfbid0wzpRFh7Q2ziJZ1wgXTDiEuczDncABVSXkECYHDkpDBesQUTPDtVAUTXQ8aH4K8t7l,"Sữa chua sánh mướt, thoảng hương cỏ hoa 
Nay bội thu thêm vải thiều và hoa nhài, cam và hoa bưởi, vỗ về vị giác.
 
Chỉ có thể là sữa chua uống Vinamilk Green Farm: https://shorturl.at/5TOH2

#Vinamilk #GreenFarm #Suachuauong #Vaomua  #6chungmen",570,33,14,2025-07-25 16:49:26,unknown
https://www.facebook.com/vinamilkofficial/posts/pfbid09tNXkZQZCDhmncHqBi9sjGxQPdXUkqPbF2AGw7CuKEkWEkXL9QDu9HtSRktymfgul,"Green Farm thẩm định kĩ lưỡng để chọn lọc gen và nguồn sữa, đảm bảo chỉ chứa đạm quý A2. Để đáp ứng tiêu chuẩn  khắt khe và khó chiều nhất của chúng tôi là những chiếc bụng bé bỏng đang làm quen với thế giới sữa tươi.
 
(*) Vinamilk xét nghiệm gen và mẫu sữa từ bò A2 thông qua hệ thống viện kiểm nghiệm BVAQ Food Testing Laboratory, trực thuộc Bureau Veritas.

Mời mẹ mua ngay: https://shorturl.at/JTQdc
 
#Vinamilk #GreenFarm #SieusuatuoiA2 #DamQuyA2",2892,141,69,2025-07-24 02:25:32,unknown
https://www.facebook.com/vinamilkofficial/videos/623307060750013/,"HOT! HOT! BỘ ĐÔI TRENDY ÔNG THỌ MATCHA & CÀ PHÊ CHÍNH THỨC CẬP BẾN!  
Sữa đặc Ông Thọ hé lộ bộ đôi trendy mùa hè này 
 Ô chà Matcha - sánh mịn thơm ngon
☕ Phủ phê Cà phê - đậm đà hấp dẫn

Với công thức độc đáo, Ông Thọ Matcha & Cà phê sẵn sàng khuấy đảo mọi công thức món ngon: từ Ô long Matcha, trà sữa gạo rang đến bạc xỉu, cà phê sữa dừa…

Vị ngon bật mood, pha gì cũng good! Thưởng thức ngay vị ngon: https://bit.ly/4nY46rw  

#Vinamilk #SuaOngThoMatcha #SuaOngThoCaPhe",311,6,29,2025-07-22 12:01:38,Video
https://www.facebook.com/vinamilkofficial/posts/pfbid02oBc4K1wJkERLdYgSuEVQpCjNQa5XqLJzn53ZKv9eJwfmpy61Zk6EXRJknJWRGdfml,"XIN MỜI NHÀ MÌNH VÀO LỰA VỊ SỮA CHUA YÊU THÍCH NHẤT 

Nghe đồn: trung bình 1 gia đình Việt có tới 3 nết ăn sữa chua khác nhau. Bố muốn khỏe tiêu hóa, bé cần topping vui miệng, còn mẹ thì mê khỏe dáng đẹp da.

Với gia tài ""16 vị ngon"" đồ sộ, Sữa chua Vinamilk tự tin chiều được muôn khẩu vị và nết ăn của triệu gia đình Việt 

Không tin mời bạn vào đây kiểm chứng: https://bit.ly/4kStBYt",4435,261,131,2025-07-21 15:29:39,unknown
https://www.facebook.com/vinamilkofficial/posts/pfbid033TxqT1xkb7kGbsjbE97d5wDY7TBB7bSQYAfb3ZAK8ZgGutnADEpA8xDKd6rvBbNul,"Sữa tươi Thanh Trùng Vinamilk Green Farm với lớp nền thơm béo, sánh mịn, tôn lên những nốt hương độc đáo của mọi loại trà đặc sản. 
Từ hậu vị ngọt thanh đến cảm giác mịn màng nơi đầu lưỡi - mọi chi tiết đều được chăm chút như một tác phẩm thủ công dành riêng cho vị giác.
 
Vinamilk Green Farm - Vỗ về vị giác.
 
Thưởng thức tại Little Cam Saigon, từ 08/07 đến 08/08,
  Nhận ngay một túi tote Vinamilk độc quyền (số lượng có hạn)
 
#Vinamilk #GreenFarm #VoVeViGiac #LittleCam",212,11,14,2025-07-20 18:57:41,Photo
https://www.facebook.com/vinamilkofficial/posts/pfbid0PGrbVXa9uLbt9bEdXq6mcGxrnaK1u3PZbtSAjw4vCCsb5FU56o7bASdhFEKMhZtMl,"NHÀ NÀO CŨNG CÓ MẸ VỚI CÔNG THỨC ĐỘC QUYỀN 6 HMO CỦA VINAMILK OPTIMUM

Có khoảng 40% người mẹ Việt Nam thiếu gen hỗ trợ tiết DFL và 2’-FL - 2 loại HMO chuyên biệt giúp củng cố chức năng hệ tiêu hóa và phòng chống bệnh lý viêm nhiễm ở trẻ. Với công thức 6 HMO độc quyền, Vinamilk Optimum là thương hiệu đầu tiên mang cả 2 loại HMO này vào sữa bột trẻ em, kết hợp cùng 4 loại HMO thiết yếu khác để nâng tỷ lệ mô phỏng tổ hợp HMO tự nhiên trong sữa Mẹ lên tới 58% - cao nhất thị trường hiện nay. Đây không chỉ là một đột phá nghiên cứu phát triển, mà còn là nỗ lực để mọi em bé đều có thể thừa hưởng trọn vẹn dinh dưỡng đầu đời, bất kể trong tình huống nào.
 
Với Vinamilk Optimum, nhà nào cũng có Mẹ! 
 
#Vinamilk #Optimum #Nhà_nào_cũng_có_Mẹ #6HMO #GrowthAsiaSummit2025",83,9,8,2025-07-19 22:25:42,unknown
https://www.facebook.com/vinamilkofficial/posts/pfbid02e6ZGtwaxS71FAtxePUuoqBhp122WJvJaq7EGhZa3o6rDzva9PkgHPWQXioMGUci4l,"Ăn chay ngon - bổ không chỉ dễ dàng mà còn dễ ghiền! Bữa chay hôm nay, thử ngay vị mới: Sữa 9 loại hạt không đường, vừa béo bùi thơm hạt, vừa cung cấp khoảng 270 mg ALA (Omega-3) trên mỗi hộp - loại amino acid ""đắt đỏ"" với hầu hết người ăn chay.​

Chay ngon hết sảy: https://bit.ly/3IrvGgP

#Vinamilk #Sữa9LoạiHạt #KhôngĐường​

------------------------------------​

*Sản phẩm phù hợp với người ăn chay (vegetarian), không dành cho người ăn thuần chay (vegan)",159,17,11,2025-07-19 01:53:44,Photo
https://www.facebook.com/vinamilkofficial/posts/pfbid02tWZSq8SdGJk1TVwVnhJ6JJkwzeuy2BmB6TF3errjNBogPQwK1bxLqNfJso6HsUuVl,"SỮA ĐẶC ÔNG THỌ - VỊ NGON QUỐC DÂN, ĐẲNG CẤP QUỐC TẾ!

Được mệnh danh là sữa đặc “quốc dân” với hương vị thơm ngon đậm đà, dòng sữa sánh mịn đặc trưng, Sữa đặc Ông Thọ đã xuất sắc đạt 2 giải thưởng quốc tế danh giá:

 Superior Taste Award 2025 – đạt 3 sao cao nhất Vị ngon thượng hạng được đánh giá bởi hơn 200 đầu bếp uy tín và chuyên gia ẩm thực Michelin.

 Monde Selection 2025 – đạt giải Vàng quốc tế về chất lượng được đánh giá trên tiêu chuẩn nghiêm ngặt bởi hội đồng khoa học, chuyên gia thực phẩm và dinh dưỡng từ châu Âu.

Khám phá vị ngon được thế giới công nhận – chọn ngay Ông Thọ cho món ăn thêm đậm đà: https://www.vinamilk.com.vn/products/sua-dac-co-duong-ong-tho-vang

#Vinamilk #SữaĐặcÔngThọ #VịNgonCùngNămTháng",109,7,9,2025-07-18 05:21:45,Photo
https://www.facebook.com/vinamilkofficial/posts/pfbid02T3pbytZDgwse5w2ATtsYz2KTuxduZWeaABvGvN2M4BYEks6TTSv2QeCbC95Ef8Sul,"ĐỐI VỚI TRẺ CON, NGON THÔI LÀ CHƯA ĐỦ...
 
Vinamilk là thương hiệu sữa tươi duy nhất tại Việt Nam đạt bộ đôi giải thưởng quốc tế: Vị Ngon Thượng Hạng & Chuẩn An Toàn Tinh Khiết Mỹ.
 
️ Mẹ yên tâm mua cho bé nha: https://bit.ly/4lsBEMP
 
#Vinamilk #Suatuoi100 #tuoimoingay",6422,95,44,2025-07-17 08:49:47,unknown
https://www.facebook.com/vinamilkofficial/posts/pfbid02gUvfUVCJqg2NW7fmycLyuxV6AUgzB6dWmdXoGv3rhA19XmQvA1UqsgTE9rxaSB96l,"CÔNG THỨC 6 HMO ĐỘT PHÁ CỦA VINAMILK OPTIMUM TẠO TIẾNG VANG TẠI SINGAPORE

Câu chuyện về quyết tâm nghiên cứu phát triển công thức 6 HMO của Vinamilk để hành trình nuôi con bằng sữa Mẹ vơi bớt nhọc nhằn đã truyền cảm hứng cho hàng trăm đại biểu tại Hội nghị Phát triển Châu Á (Growth Asia Summit 2025) - diễn đàn lớn nhất khu vực về cơ hội tăng trưởng của ngành thực phẩm, đồ uống và dinh dưỡng.

Vinamilk tin rằng mọi em bé đều xứng đáng được tận hưởng nguồn dinh dưỡng chất lượng, tinh khiết trong bất kể tình huống nào. Tất cả những nỗ lực này là để nhà nào cũng có Mẹ.

#Vinamilk #Optimum #Nhà_nào_cũng_có_Mẹ #6HMO #GrowthAsiaSummit2025",126,3,32,2025-07-16 12:17:48,unknown
https://www.facebook.com/vinamilkofficial/posts/pfbid0Pasjey6y5jHB819XqJXBvv2KDr6twwSwQyyBLRarwr9UVi6KqkFSZmVRG9qia7tDl,"CREAMER THUẦN CHAY 9 HẠT ĐẦU TIÊN TẠI VIỆT NAM THẮNG GIẢI QUỐC TẾ
 
Không chỉ tiên phong ở Việt Nam, Creamer thuần chay 9 Hạt còn vẻ vang mang về cú ""đúp"" giải thưởng quốc tế:
 
 Giải Superior Taste 2 sao cho vị ngon thượng hạng - chinh phục hơn 200 chuyên gia và đầu bếp Michelin (International Taste Institute)
Giải vàng Monde Selection cho chất lượng - được mệnh danh là ""Oscar"" ngành thực phẩm với tiêu chuẩn châu Âu khắt khe (Bỉ)
 
Vị ngon tầm quốc tế ngay trong tầm tay. Thử ngay: https://www.vinamilk.com.vn/products/vinamilk-creamer-9-loai-hat
#Vinamilk #Creamer9LoạiHạtVinamilk  #MónNgonThuầnChay #ThơmHạtBéoBùi",151,10,10,2025-07-15 15:45:50,Photo
https://www.facebook.com/vinamilkofficial/posts/pfbid02r2jM7T6YSY4H1BMhHMdmEZMqNYfQUQuQVP8p1v7ChfcUnajReXeaLHbWjgo1bCMpl,"Nhành hoa tràn đầy nhựa sống trên bao bì Sữa Chua Uống Thanh Trùng của Green Farm chính là thân hoa cải dầu được trồng ở trang trại sinh thái. Các bạn bò được thưởng thức món ăn này mỗi bữa để cho dòng sữa có hậu vị cỏ hoa duy nhất trên thị trường 

Đem ủ với 6 chủng men và lợi khuẩn, mang đến hương vị Sữa Chua Uống được săn đón nhiều nhất tại cửa hàng Vinamilk. 

Bỏ ngay vào túi “nhành hoa” ngon nức nở này: https://shorturl.at/yJbAy
#Vinamilk #GreenFarm #Suachuauong #6chungmen",349,15,12,2025-07-14 19:13:51,GenericAttachmentMedia
https://www.facebook.com/vinamilkofficial/posts/pfbid0otfkHCydQX9NxbWdm8iAo4CUvJST4FWWuX9hq4AUvWC2u8V8W7EiXjJqZkGozYZPl,"Vinamilk ADM x Coop Mart: 23 Dưỡng Chất Cho Bé Yêu Mỗi Ngày
 Cuối tuần này cả nhà mình đi siêu thị  CoopMart, ghé qua các quầy sữa ADM ngập tràn sắc màu quà quan trọng hơn là săn những khuyến mãi hấp dẫn của ADM nha!",126,13,3,2025-07-13 22:41:53,unknown
https://www.facebook.com/vinamilkofficial/posts/pfbid032HhyCMFcMgko23zpxe1AKJQZe3T61atU8nx6LebUCq6BAoQPmxzmFs4u9s81a7k9l,"Từ trang trại đến bàn ăn chỉ trong 24 tiếng, sữa tươi thanh trùng Green Farm, được ủ lạnh 2 độ C, mang hương vị thổ nhưỡng của những đồng cỏ nơi thảo nguyên xanh mướt. Đầy đặn mượt mà nay sóng sánh cùng Matcha.

 Từ 08/07 đến 08/08 tại Little Cam Saigon
Thưởng thức và nhận ngay một túi tote Vinamilk độc quyền (số lượng có hạn)!

#Vinamilk #GreenFarm #VoVeViGiac #LittleCamSaigon",336,25,22,2025-07-13 02:09:54,unknown
https://www.facebook.com/vinamilkofficial/posts/pfbid07HmiJKGSox4MeUYZTzKEZWDegnMBTZZuEMKMsW6oeXeW7e2TmGbLZfCwYLmXHGDNl,"Bí mật bật mí! 
Gợi ý cho bạn bữa ăn lành mạnh để bổ sung vào thực đơn kiểm soát cân nặng hàng ngày – Vinamilk Tự Do với hiệu quả Hỗ trợ hạn chế cơn đói đã được 90% người dùng công nhận (1).

Ngoài ra còn:
✅Hỗ trợ duy trì cơ: nhờ thành phần giàu đạm từ sữa và các loại đậu (2).
✅Hỗ trợ chuyển hoá mỡ  (*) để tạo năng lượng và tăng cường chức năng cơ bắp (**) nhờ sự kết hợp đặc biệt từ bộ đôi CLA x L-Carnitine.

Chọn lành mạnh, chọn Tự Do! 1 hộp mỗi ngày bạn nhé:  http://bit.ly/44jeXot

---
Sản phẩm dành cho: Người trên 18 tuổi, người muốn kiểm soát cân nặng, người muốn bổ sung dinh dưỡng với năng lượng thấp. Sản phẩm được sử dụng như bữa ăn hạn chế năng lượng và sử dụng cùng thực phẩm khác trong chế độ ăn hàng ngày.
(1) 90% người dùng nữ tại TP. Hồ Chí Minh công nhận Sản phẩm dinh dưỡng cho người muốn kiểm soát cân nặng Vinamilk Tự Do giúp “Hỗ trợ hạn chế cơn đói”
Khảo sát được thực hiện bởi công ty Nghiên cứu thị trường FFL trên nhóm người tiêu dùng có sử dụng Sản phẩm dinh dưỡng cho người muốn kiểm soát cân nặng Vinamilk Tự Do trong vòng 1 tháng (số mẫu 117 người), được thực hiện tại TP. HCM (T9 - T11/2024) trên nhóm người tiêu dùng nữ có BMI trung bình từ 23 trở lên.
(2) Lượng đạm trong sản phẩm: 14,7 g/hộp 300ml.
(*)  Quá trình oxy hóa chất béo trong cơ thể để tạo năng lượng.
(**) Hiệu quả khi kết hợp thể thao đều đặn phù hợp với thể trạng và nhu cầu mỗi người.",5882,150,69,2025-07-12 05:37:56,Photo
https://www.facebook.com/vinamilkofficial/videos/3589269434538606/,"Vinamilk Green Farm tiên phong với công nghệ Kép Hút Chân Không đột phá khóa tươi sữa tự nhiên.
Làm nên dòng sữa sóng sánh, thơm béo, thoảng hương cỏ hoa, hậu vị ngọt ngào.
Mời bạn vỗ về vị giác: https://shorturl.at/7Kk4d

#Vinamilk #GreenFarm #SuaTuoiHutChanKhong #CongNgheKepHutChanKhong",919,10,23,2025-07-11 09:05:58,Video
https://www.facebook.com/vinamilkofficial/videos/1400357394565399/,"Từ những cánh đồng sinh thái và khẩu phần ăn hơn 20 loại cỏ hoa được chọn lọc cẩn thận.
Đến công nghệ Kép Hút Chân Không đột phá.
Vinamilk Green Farm đã làm nên thành quả thơm béo, sóng sánh, thoảng chút cỏ hoa, hậu vị ngọt ngào. 
Cùng vỗ về vị giác tại: https://shorturl.at/7Kk4d

#Vinamilk #GreenFarm #SuaTuoiHutChanKhong #CongNgheKepHutChanKhong",1571,15,22,2025-07-11 08:08:04,Video
https://www.facebook.com/vinamilkofficial/posts/1869228023920138:1869228023920138,,73,5,0,2025-07-10 09:21:17,Photo
https://www.facebook.com/vinamilkofficial/posts/pfbid02wKHQeLdvNbDcDab7kXktUD6x3w3VJgTxDzchPhPfYc2WX7e9VmdRKD66gxUXYKNfl,"Gửi đến bạn một rổ cam chín và bó hoa bưởi thơm mọng 

Thưởng thức ngay kẻo qua mùa.

#Vinamilk #GreenFarm #suachuauong #6chungmen #Vàomùa",400,18,29,2025-07-09 10:34:30,unknown
https://www.facebook.com/vinamilkofficial/posts/pfbid0cCup2gjPnJ1XuNzQqPF27aBrdyJJgtak4VB1JcvyGsLMTm2iWLTgQc19b345rMmml,"Cứ thử vị mới, biết đâu lại khởi đầu cả hành trình sống xanh. Xin tự đề cử: Sữa Hạt 9 Loại Hạt - không chỉ đậm hạt, mà còn chuẩn xanh với bộ tiêu chí 4-Không:​

✅ Không lactose ​
✅ Không biến đổi gen ​
✅ Không dùng chất bảo quản​
✅ Không dùng thuốc diệt cỏ Glyphosate​

Mời các ""đồng xanh"": https://bit.ly/4gSyLm8 
#Vinamilk #Sữa9LoạiHạt",175,15,8,2025-07-08 11:47:43,Photo
https://www.facebook.com/vinamilkofficial/videos/1109286881047177/,"#10 ĐẬU HŨ XỐT 9 HẠT - ĐẬM VỊ HẠT, LÀNH VỊ CHAY✨

Bỏ túi thêm cách sáng tạo với đậu hũ ngày rằm, vừa lạ vừa quen. Với lớp xốt béo nhẹ, thơm hạt từ Creamer 9 loại hạt Vinamilk, món Đậu hũ nướng xốt chao vốn thanh đạm, nay thêm dậy vị hạt bùi béo - xứng đáng để bạn đổi gió.

Rằm tháng 6 này, lăn vào bếp cùng một tuýp Creamer 9 loại hạt để biến tấu thêm nhiều món chay ngon nhé! 

#Vinamilk #Creamer9LoạiHạtVinamilk #ĐậuHủXốt9Hạt #MónNgonThuầnChay #ThơmHạtBéoBùi",296,2,24,2025-07-07 13:00:56,Video
https://www.facebook.com/vinamilkofficial/videos/1716693559724297/,"SỮA TƯƠI VINAMILK - 100% TƯƠI NGON - 100% TƯƠI VUI 

Sữa Tươi Vinamilk 100%, đa gu đa vị, nay thêm vị Dừa & Chuối mới. Bé thích, mẹ vui. 

️ Mua ngay mẹ ơi: https://www.vinamilk.com.vn/brands/100%25

#Vinamilk #Suatuoi100 #tuoimoingay",496,22,31,2025-07-05 12:56:37,Video
https://www.facebook.com/vinamilkofficial/posts/pfbid02vSwMAuhpPyKysCAYDRkzWUHCf5jq7vYdMDxRuyea6kj9D7MJJCu9mJMxBzU41HZQl,"Gia nhập hội “người đẹp tốt bụng” chốn công sở không khó, chỉ cần cùng kết collagen và chung gu ""ít đường"" ​

Bữa xế nay, chị em chọn mỗi người 1 vị sữa chua Vinamilk - nạp 300mg collagen cho da thêm xinh, nhai topping vui miệng thấy yêu đời liền.​

Đằng ấy thì sao, đã tìm được hội chị em hợp cạ ăn xế chưa?​

#Vinamilk #SuachuaVinamilk #Kettunetbung",97,707,6,2025-07-05 00:18:52,Photo
https://www.facebook.com/vinamilkofficial/videos/1438010210674660/,"7 NGÀY ĐỒNG HÀNH CÙNG DANAFF III TÔN VINH ĐIỆN ẢNH CHÂU Á

Là Nhà tài trợ Kim Cương của Liên hoan phim Châu Á Đà Nẵng, Vinamilk cùng BTC tri ân các nhà làm phim đầy cống hiến, tôn vinh những tác phẩm điện ảnh xuất sắc và ươm mầm tài năng trẻ thông qua chương trình DANAFF Talents.

Không chỉ lan toả những giá trị nghệ thuật, Vinamilk còn gửi trao tặng  khán giả hơn 90.000 sản phẩm dinh dưỡng từ sữa chua Vinamilk, sữa chua uống Green Farm và sữa chua men sống Probi tại các rạp chiếu phim ngoài trời.

Cùng Vinamilk nhìn lại những khoảnh khắc đáng nhớ tại DANAFF 2025 nhé!

#SuachuaVinamilk #SuachuaGreenFarm #Probi #DANAFF",187,10,29,2025-07-04 11:41:07,Video
https://www.facebook.com/vinamilkofficial/posts/pfbid0AG74N8EonCE5PbsiJBoxfbCqEn6s1ZVyBhgLr138dbTyf3hVEBp2LvvqzNSpYMPFl,"CÓ SỮA DỪA, HÈ THÊM VUI
 
“Khối nghỉ hè” đã lên lịch tung tăng chưa? Ngắm biển xanh cát trắng, hay picnic quanh sân, có Sữa Dừa trên tay, mùa hè tươi vui ngay!
 
Thơm béo cực cuốn, ướp lạnh càng ngon
 
️Mua Sữa Dừa yêu thích tại đây: http://bit.ly/45SFDxq
 
#Vinamilk #Suatuoi100 #tuoimoingay",10000,6103,43,2025-07-04 00:58:34,Photo
https://www.facebook.com/vinamilkofficial/posts/pfbid0BomQDHEg8RGbAshoZEHJxPYTdbtds3EAuX5x9gWpEt2SPtZw4y9HjL1M6Mkv9jVBl,"CỨ ĐÀO LÀ TRÚNG ""TRĂM TỶ"" LỢI KHUẨN ​

Probi Đào vừa lên kệ, Vinamilk đã lên ngay minigame chiêu đãi bạn thức ngon miễn phí đây ​
​
Đơn giản lắm, chỉ cần làm đúng 2 bước sau:​
1️⃣ Bước 1: Hoàn thành mẫu đăng ký tại https://forms.gle/QtNxtkmzNq2uUdxK8
2️⃣ Bước 2: Chia sẻ bài viết này ở chế độ công khai và comment con số may mắn từ 0000-9999 và hashtag #ProbiDao #Emruotnuotdoi ​

✨ CƠ CẤU GIẢI THƯỞNG: ​
50 người thực hiện đúng yêu cầu và may mắn nhất sẽ nhận ngay 01 lốc Probi Đào ít đường.​

Dễ chơi dễ trúng. Đào ngay đào ngay!
-------------------------------------------
*Khi tham gia chương trình, nếu trúng giải, khách hàng cần hoàn tất biểu mẫu thông báo và đồng ý về việc xử lý dữ liệu cá nhân để Vinamilk tiến hành trao giải. Trường hợp không hoàn thành trong thời gian quy định sẽ bị hủy và giải thưởng được trao cho người khác.",210,166,96,2025-07-03 14:16:01,unknown
https://www.facebook.com/vinamilkofficial/videos/1267636275076175/,"VINAMILK GREEN FARM GIỚI THIỆU CÔNG NGHỆ KÉP HÚT CHÂN KHÔNG - KHÓA TƯƠI SỮA TỰ NHIÊN

Từ những cánh đồng sinh thái. Từ khẩu phần ăn của đàn bò được tinh chỉnh với hơn 20 loại cỏ hoa 
Green Farm tiên phong với công nghệ Kép Hút Chân Không đột phá.
Lưu giữ lại một thành quả vừa thơm vừa béo, thoảng chút cỏ hoa, hậu vị ngọt ngào. Vỗ về vị giác.

#Vinamilk #GreenFarm #SuaTuoiHutChanKhong #CongNgheKepHutChanKhong",7542,143,157,2025-07-03 03:33:28,Video
https://www.facebook.com/vinamilkofficial/posts/pfbid02zkUxt1GqieysNrE9Ew6qDgKfgFrpCDQKMiE7gTyzjaxg7urbCLnFxNnU9zvmAQPCl,"MINIGAME: TẠO DÁNG ƯỚC MƠ, NHẬN QUÀ BẤT NGỜ

Bé nào có ước mơ, làm duyên làm dáng khoe ADM ngay nha!

 3 bước tham gia đơn giản:
- Bước 1: Bé tạo dáng hoặc làm động tác thể hiện ước mơ của mình.
- Bước 2: Mẹ chụp lại hình ảnh hoặc quay video của bé, kèm caption kể về ước mơ của bé khi lớn lên.
- Bước 3: Đăng hình ảnh lên Facebook cá nhân ở chế độ công khai, đính kèm hashtag #VinamilkADM #23DuongChat #NuoiDuongUocMo
Gợi ý: Bé có thể mặc đồ hóa trang để tăng cơ hội trúng giải nha!

 Cơ cấu giải thưởng:
- GIẢI TÀI NĂNG NHÍ: 05 voucher mua hàng trị giá 500,000 đồng dành cho 05 bài thi được yêu thích nhất (like, share).
- GIẢI NHANH NHƯ CHỚP: 15 voucher mua hàng trị giá 100,000 đồng dành cho 15 bài thi được đăng tải sớm nhất.
Lưu ý: Voucher mua hàng áp dụng khi mua sản phẩm Vinamilk (có bao gồm ít nhất 1 lốc Sữa Dinh Dưỡng ADM) tại hệ thống cửa hàng Vinamilk trên toàn quốc.

Thời gian: Từ ngày 30/06/2025 đến hết ngày 15/07/2025. 

Lưu ý: Khi tham gia nếu trúng giải bạn sẽ đồng ý gửi thông tin để Vinamilk nhận thông tin và trao giải. 

Thể lệ chi tiết xem tại đây: https://bit.ly/eventsnews-TaoDangUocMoADM",10000,245,92,2025-07-01 19:46:52,unknown
https://www.facebook.com/vinamilkofficial/videos/1312109037150120/,"Thành quả của 720 triệu men sống và lợi khuẩn cùng dòng sữa tươi nguyên kem thanh trùng. Sánh mướt. Mềm mượt. Vỗ về vị giác.

#Vinamilk #GreenFarm #SuaChuaUongThanhTrungGreenFarm #Vovevigiac",273,0,13,2025-06-30 12:00:17,Video
https://www.facebook.com/vinamilkofficial/videos/2455342801531966/,"⏱  CHẠY DEADLINE, BẬN HỌP HÀNH KHÔNG KỊP ĂN? 
Thay vì nhịn ăn hoặc phải ăn khi quá bữa, chủ động chọn Vinamilk Tự Do để khỏi lo bụng đói. Chỉ mất 3 giây vặn nắp, bạn đã có ngay một bữa ăn thay thế tiện lợi, ngon miệng và đầy dinh dưỡng! 

 Hộp nhỏ tiện lợi mang theo mọi nơi: http://bit.ly/44jeXot

#Vinamilk #BữaĂnHỗTrợKiểmSoátCânNặngVinamilkTựDo #VinamilkTựDo",795,13,14,2025-06-30 09:16:49,Video
https://www.facebook.com/vinamilkofficial/posts/pfbid0YYH8Grd6QXGVfYwzRfswxvVkaWziHbV9mqrauuc7SoZSxrim7WFeBx6F61fuUu7rl,"“Dừa xinh dừa mát”, vừa nhìn đã thấy mát dạ mát lòng ❄️
Cảm ơn bạn @thesoup.illustration đã sáng tạo với bao bì của kem Vinamilk Gelato Dừa 
Vinamilk còn hơn 250 thiết kế khác đang chờ các họa sĩ trổ tài. Xin mời xin mời!
 
#Vinamilk #GelatoVinamilk #KemVinamilk",564,22,31,2025-06-29 15:51:33,Photo
https://www.facebook.com/vinamilkofficial/posts/pfbid0iXdz41VVQaTcELkHYnjbn8S7ceFoBvqDbF4Hm8h59GrQ1Hmypy6TbuogyALCp2Bpl," 2 cung đường mới - Hoa Bưởi & Hoa Nhài, hé lộ bộ đôi sữa chua uống thuộc BST giới hạn từ Vinamilk Green Farm. 
 Hương vị hoa trái đúng độ #VàoMùa trên nền sữa chua thanh mềm mượt, kết hợp cùng thạch thuỷ tinh sừn sựt, đủ để vỗ về vị giác của bạn mùa hè này.

Đừng bỏ lỡ trải nghiệm vào mùa cùng Vinamilk Green Farm:
- Cửa hàng 317 Phan Xích Long: 27 - 29/6 (Thời gian: 11h-21h)
- Cửa hàng Tân Trào: 2 - 4/7 (Thời gian: 8h-18h)
- Cửa hàng Nguyễn Thị Minh Khai: 9 - 11/7 (Thời gian: 8h-18h)
#Vinamilk #GreenFarm #Suachuauong #6chungmen #Vàomùa",157,5,10,2025-06-28 22:26:17,unknown
https://www.facebook.com/vinamilkofficial/videos/1475074633871244/,"Từ những cánh đồng sinh thái với thổ nhưỡng vun đầy
Từ khẩu phần ăn của đàn bò được tinh chỉnh kĩ lưỡng với hơn 20 loại cỏ hoa
Làm sao để Vinamilk Green Farm khóa giữ hương sữa mang hậu vị cỏ hoa tự nhiên? 
 
Cùng đón chờ siêu phẩm công nghệ từ Vinamilk Green Farm.
Tháng 07/2025.
 
#Vinamilk #GreenFarm #Suatuoihutchankhong",1335,25,36,2025-06-28 05:01:01,Video
https://www.facebook.com/vinamilkofficial/posts/pfbid02kQX7Er4dZTKephYaVTLyiAS6WiSoBZ7ug5TWkndhQGHkkd69AGhWnvSQ9JW5YHM7l,"SUSU THẠCH DAI GIÒN VỪA ""ĐỔ BỘ"" HƯƠNG VỊ MỚI​
​
  Cơn mưa thạch dai giòn đổ bộ trong mỗi hộp SuSu có thạch, hòa quyện cùng hương kẹo bông mới lạ cho bé thích mê.​
​
✨ Bổ sung chất xơ & công nghệ men châu Âu Hỗ trợ tiêu hóa​
 Tăng cường đề kháng cùng bộ đôi Vitamin A và D ​
 Vitamin A - Tốt cho đôi mắt​
​
Săn ngay đủ bộ SUSU Thạch dai giòn - Thức uống Sữa Trái Cây hương kẹo Marshamallow Kiwi và Sữa Chua Uống hương Kẹo Bông ngay hôm nay nhé!!!​

 Thử ngay: https://bit.ly/3Ga6v1q",573,33,28,2025-06-27 23:01:20,GenericAttachmentMedia
https://www.facebook.com/vinamilkofficial/posts/pfbid0caeHmnHSgyWDUyZPPeBeJ9MQrcY21sKPYNVppxeiRm37TUaY2QCnWAydRjHYfp5Pl,"TIẾP NĂNG LƯỢNG ""TƯƠI NGON""​
KHUẤY ĐỘNG HÈ TƯƠI VUI

 Hơn 10,000 món quà “tươi ngon” từ Vinamilk được tặng mùa hè này tại Timezone, tiếp sức “tươi vui” cho những phút giây hứng khởi chơi đùa.​

 Mỗi lần nạp thẻ chơi tại Timezone, bé được nhận ngay 01 hộp Sữa tươi tiệt trùng Vinamilk 100% Giảm béo(*) vị Chuối hoặc Dừa, được làm từ sữa bò tươi nguyên chất 100% vắt và đóng hộp ngay trong ngày, gấp 2 lần hiệu quả hấp thu Canxi và đạt 400 tiêu chuẩn sạch tinh khiết của Hoa Kỳ.​

Cảm ơn các bé đã chơi thật vui cùng Timezone và Vinamilk!​

#Vinamilk #Suatuoi100 #tuoimoingay​

—--------​
(*) Giảm 25% hàm lượng chất béo so với Sữa tươi tiệt trùng Vinamilk 100% không đường.",86,502,4,2025-06-27 17:01:39,unknown
https://www.facebook.com/vinamilkofficial/posts/pfbid0xQQbwU8iZZa3tsKcMDebW9c1SjJ2z1qsbGaCJ3g44XJ19QM2n6UVDqR6VWBg6qY5l," VINAMILK ĐỒNG HÀNH CÙNG LIÊN HOAN PHIM DANAFF 2025, TÔN VINH SÁNG TẠO NGÀNH ĐIỆN ẢNH CHÂU Á 

Vinh dự trở thành Nhà tài trợ Kim Cương của Liên hoan phim DANAFF - sự kiện điện ảnh quốc tế thường niên nhằm tôn vinh các tác phẩm xuất sắc của điện ảnh Châu Á và Việt Nam - Vinamilk đồng hành cùng các nghệ sĩ, nhà làm phim và khán giả, lan tỏa giá trị nghệ thuật đến cộng đồng.

 Với tinh thần tiên phong đổi mới, Vinamilk gửi trao những món quà dinh dưỡng cùng nguồn năng lượng nhiệt huyết - như lời tri ân sâu sắc dành cho các nghệ sĩ đã không ngừng cống hiến trên hành trình sáng tạo nghệ thuật.

 Cùng Vinamilk nhìn lại những khoảnh khắc đáng nhớ trong buổi họp báo ngày 3/6 và đón chờ các hoạt động tiếp theo của Vinamilk tại DANAFF 2025 nha! 

#Vinamilk #DANAFF2025",91,3,6,2025-06-27 11:01:58,unknown
https://www.facebook.com/vinamilkofficial/videos/1266464081743791/," TIN MỚI!
Thức uống sữa trái cây Susu chính thức ""lên đời""!
Vẫn ngon mê ly, nay bổ sung Canxi top 1 ngành hàng(*) – giúp bé cao lớn mỗi ngày!
 
Vị ngon độc đáo, bé thử là mê:
 Dâu Marshmallow – ngọt ngào, mềm mịn như mây
 Đào Vải – mát lành sảng khoái
 Bộ 3 “chìa khóa” chiều cao: Canxi, K2, D3
➕ Cộng thêm vitamin A, B6, B12 – giúp bé khỏe mạnh, năng động mỗi ngày!
 
 Trời nóng? Đã có Susu – thức uống sữa trái cây mát lành, bổ dưỡng!
 
Bé ưng thử món mới, mua liền mẹ ơi!
#VinamilkSusu #Top1Canxi #SusuDâuMarshmallow #SusuĐàoVải #ThứcUốngSữaTráiCây
----------------------------------------
(*) Thức uống sữa trái cây có hàm lượng Canxi cao nhất ngành hàng sữa trái cây tại Việt Nam theo nghiên cứu thị trường do Alphanalyst thực hiện (tháng 05/2025).",662,4,26,2025-06-27 05:02:18,Video
https://www.facebook.com/vinamilkofficial/posts/pfbid036LwoktxA4sYwRF1vPA74aCWtwbz3jzULE91YGCJNBsW1t3dq233hFVSHUqynr4tZl," Khi hoa quả chín cây là lúc Sữa chua uống Vinamilk Green Farm #VàoMùa
 
Từ công thức 6 chủng men sống và lợi khuẩn Châu Âu lên đến 720 triệu men, nay bội thu thêm vải thiều và hoa nhài, cam và hoa bưởi.
Và còn bất ngờ giòn dai sừn sựt chực chờ bao phủ vị giác.
 
 Trải nghiệm ngay kẻo qua mùa tại cửa hàng Vinamilk

#Vinamilk #GreenFarm #Suachuauong #6chungmen #Vàomùa",2327,76,96,2025-06-26 16:27:11,Photo
https://www.facebook.com/vinamilkofficial/posts/pfbid02kJ5PetXvnZev1NZPD36aTBKN4LksTuGK3RVuxtDyXWdK5aBZsgEzt4bJKfbg6dz4l,"""ĐẤU TRƯỜNG"" SỮA CẠNH TRANH NHẤT
VỚI TỈ LỆ CHỌI 1-HÀNG TRĂM

World Dairy Innovation Awards 2025 – giải thưởng thường niên uy tín với bề dày 18 năm của ngành sữa toàn cầu, là sân chơi mà chỉ những thương hiệu tiên phong đổi mới sáng tạo mới được xướng tên. Và Vinamilk – thương hiệu sữa Việt duy nhất – đã xuất sắc mang về cú đúp giải thưởng, khẳng định vị thế anh cả của ngành sữa trong nước.

#Vinamilk #WorldDairyInnovationAward",224,7,18,2025-06-26 03:52:04,unknown
https://www.facebook.com/vinamilkofficial/posts/pfbid02mUYvfxkcsi8nvxtCWJJb5botugtyWoFXcHPLVvHTp1kWaTuyRsHtEindEwhRLooxl,"Kem ốc quế lên đồ!​
Ăn là đổ: https://bit.ly/3HQF6Cf

#Vinamilk #KemVinamilk #Kemocque",385,21,22,2025-06-25 15:16:57,unknown
https://www.facebook.com/vinamilkofficial/videos/1367447597670155/,"Hoa bưởi đã rộ và hoa nhài nở thơm. Vải thiều trĩu quả và cam chín mọng...
Báo hiệu Vinamilk Green Farm đã #VàoMùa.

Sáng tạo Sữa chua uống nào tiếp theo sẽ khiến bạn mải mê? Cùng đón chờ vào ngày 26/6

#Vinamilk #GreenFarm #Suachuauong #6chungmen #Vàomùa",300,12,22,2025-06-25 02:41:50,Video
https://www.facebook.com/vinamilkofficial/videos/747760367608070/,"Một khoảng nghỉ để vỗ về vị giác.

Lên men tự nhiên sữa tươi nguyên kem tinh khiết từ các trang trại sinh thái Green Farm cho chất sữa mềm mượt mướt mê. Vinamilk Green Farm Sữa chua uống thanh trùng có gì khiến ta mải mê mê mãi?

Vỗ về vị giác tại: https://shorturl.at/MP8e1
#Vinamilk #GreenFarm #Suachuauong #6chungmen",851,20,26,2025-06-24 12:01:08,Video
https://www.facebook.com/vinamilkofficial/posts/pfbid0282adTJaqTmjS4UA2CUmUpWVMVfQkAjibBGUYeEQ1kVRQUL93hBFYcCMYNpS933mxl,"KEM QUE TÁI XUẤT! ĂN ĐÃ MIỆNG, NGẮM ĐÃ MẮT!

Nhóc Kem thay diện mạo mới toanh và đổi danh xưng thành Kem Que SUSU! Mỗi vị một vẻ, mở ra khung cảnh độc đáo của Xứ Đông Đá❄️; nơi Biệt Đội Tò Mò vui chơi và khám phá không ngừng. Mời bạn vừa măm măm vừa ngắm ngắm nào! 

""Đập hộp"" ngay bao bì mới để thưởng thức:
Lớp phủ sô-cô-la trắng giònnnnn - cắn miếng nào đã miếng đấy!
Chất kem sữa, đặc lâu tan - nhâm nhi ngon thấu trời! 
6 vị đa dạng ăn hoài hoài không chán nhé. 

Nhanh tay thử ngay đủ vị mê ly tại:  https://bit.ly/4niFNEE

#Vinamilk #KemVinamilk #SUSU",198,9,13,2025-06-23 11:14:03,unknown
https://www.facebook.com/vinamilkofficial/posts/pfbid02iZ4GZRQQ3WeotHhG6eEsRJQFBfPXo1YtTJYSEHCiuy2fJfWrKSbMFZujCNbaUNUal,"SỮA CHUA ĐOẠT GIẢI NGON NHẤT CÓ VỊ NHƯ THẾ NÀO?

Không chỉ là chất sữa chua ngon lành, đặc mịn.
Là Men Hy Lạp 30 năm tuổi.
Là 2 bộ nguyên liệu đặc sản: Mật ong hoa cà phê và ngũ cốc - Cà phê Robusta và Arabica Tây Nguyên và sô cô la hạt.
 Là cách thưởng thức sữa chua lần đầu tiên tại Việt Nam: Mở - Úp - Thưởng thức. Là Vinamilk Green Farm Sữa chua Cao Đạm Men Hy Lạp - chinh phục Ngành Sữa Thế Giới năm 2025 để chiến thắng giải thưởng Sữa chua ăn ngon nhất (Best Yogurt).
#Vinamilk #GreenFarm #menHyLap",2972,221,147,2025-06-22 10:26:58,unknown
https://www.facebook.com/vinamilkofficial/posts/pfbid02xaTHgtfpYJNWF2oiQLN1eHg6uaHcycnoA5C1LSsoHaCPqoPJ3VaJuhvjvgej3X8Ml,"MỘT BAO BÌ ĐOẠT GIẢI THIẾT KẾ XUẤT SẮC NHẤT TRÔNG NHƯ THẾ NÀO?
 
   Một thiết kế vừa nhìn vào đã có thể cảm nhận được trọn vẹn chất sữa chua đặc mịn và hương vị đa dạng, thơm ngon của sản phẩm. Xin tự hào khoe lại thiết kế bao bì của Sữa chua thực vật Vinamilk – Quán quân hạng mục Thiết kế bao bì xuất sắc nhất (Best Packaging Design) tại Giải thưởng Đổi mới Ngành Sữa Thế Giới 2025.
 
 ✨  Không chỉ có vẻ ngoài, còn là sữa chua ăn thuần chay đầu tiên tại Việt Nam với:
- Kết cấu đặc mịn và vị ngon được phát triển từ công thức đạt điểm tuyệt đối do top 1% đầu bếp thế giới công nhận.
- Công nghệ lên men 100% tự nhiên từ nền sữa thực vật với chủng men Lactobacillus Bulgaricus từ Châu Âu.

Thử ngay: http://bit.ly/3ZHiF8t

#Vinamilk #SuaChuaAnVinamilk #GlobalDairyCongress2025 #BestPackagingDesign",10000,169,225,2025-06-21 09:39:53,Photo
https://www.facebook.com/vinamilkofficial/videos/1485890016118222/,"Sữa Vinamilk ADM 23 dưỡng chất - cùng mẹ nuôi dưỡng ước mơ của bé!

 Vitamin A hỗ trợ mắt sáng
 Vitamin D3, Canxi hỗ trợ dáng cao
 Kẽm, Selen hỗ trợ đề kháng 

#VinamilkADM #23DuongChat #NuoiDuongUocMo",4927,122,67,2025-06-20 08:52:48,Video
https://www.facebook.com/vinamilkofficial/posts/pfbid02dj9kRz22doDtfUgSMU6xkZxsLqC4fUhs5QBneadQkEWSqYFLecrnjwQPub8J8kSpl,"Hội nghị Ngành Sữa Thế Giới (Global Dairy Congress) vinh danh các sản phẩm chất lượng, mang tính bước ngoặt, đặt ra những chuẩn mực mới về sự đổi mới trong gần 20 năm qua. Năm 2025, Vinamilk Green Farm sữa chua cao đạm men Hy Lạp đã vượt qua các đối thủ từ những thương hiệu sữa giá trị nhất thế giới, và giành chiến thắng ngoạn mục BEST YOGURT - SỮA CHUA ĂN NGON NHẤT (giải thưởng đổi mới ngành sữa toàn cầu).
 
 Bộ công thức đặc sản và cách tận hưởng này đã được vinh danh. Nay sẵn sàng nhận chiếc cúp trong lòng người hâm mộ: https://shorturl.at/L0NES

#Vinamilk #GreenFarm #SuaChuaTopping #MenHyLap",411,18,67,2025-06-19 20:07:10,unknown
https://www.facebook.com/vinamilkofficial/posts/pfbid0BjwhpBpZdtx1TBL9iN1nf13hRJjQXVxWEPhxr2Br22rykKqpkxhNGCXxMfaJo2MQl,"Cảnh báo: Áo mới sắm, ngắm lâu sẽ thèm!
Ngoài giòn hạnh nhân - Trong mịn thơm béo.
Đủ vị: Matcha, Dừa, Sôcôla, Cà phê

Thích mê: https://bit.ly/3HNWNCj

#Vinamilk #KemVinamilk #KemqueVinamilk",386,24,41,2025-06-19 07:21:32,unknown
https://www.facebook.com/vinamilkofficial/posts/pfbid0bkUuxQSqH6iJJSBAmVWb3qis2zUFcgYBE5AF5tsaxFAYDtLzvUeKkt78eoGqoLXRl,"1 THẬP KỶ KIÊN ĐỊNH VỚI CHUẨN EU ORGANIC 

Dù tiêu chuẩn EU Organic nghiêm ngặt, khắt khe và tốn kém cỡ nào, Vinamilk Green Farm cũng quyết đầu tư toàn diện – từ trang trại, thiết bị, đến đội ngũ – để kiểm soát chất lượng ở từng khâu, từ 2016 tới nay.
 
Bạn hoàn toàn có thể kiểm tra các chứng nhận được chúng tôi công khai:
 Chứng nhận Organic: https://www.vinamilk.com.vn/sua-tuoi-vinamilk/vi/chung-chi-organic/
 Chứng nhận nhà máy & hệ thống quản lý: https://www.vinamilk.com.vn/vi/cai-tien-doi-moi/chung-nhan-ve-chat-luong-va-cac-he-thong-quan-ly-khac

Vinamilk Green Farm luôn khắt khe nhất, vì sức khỏe Việt Nam.
#Vinamilk #GreenFarmOrganic #EUorganic",3643,106,112,2025-06-18 18:35:55,unknown
https://www.facebook.com/vinamilkofficial/posts/pfbid028zVjT51SnTSTCMk8sn3Rb8HrdFmCDpcCZTC9oqdojqZDDvWobPSa1UwmJwiaVRW2l,"CẤP BÁO! CẤP BÁO!!! KEM SỮA CHUA THAY TÊN ĐỔI ÁO 
 
Dòng Kem Sữa chua SUBO tuổi thơ biến hình bất ngờ với loạt bao bì mới đẹp chấn động! Úm ba la ra Kem Sữa chua SUSU! 
Vẫn là vị chua chua, ngọt ngọt hài hòa - yêu thích của mọi nhà. 
Vẫn là chất kem mềm mịn, mát lịm. Vẫn là men chuẩn Châu Âu hỗ trợ tiêu hóa. 
Nay mang màu sắc tươi mới, làm tươi mát mùa hè của chúng mình. 
 
Hãy cùng săn đón đủ 7 vị kem, thưởng đủ vị ngọt, và sưu tập loạt hình bao bì mới vui nhộn nhé!
 
Thử ngay: https://bit.ly/4e5k1jf
 
#Vinamilk #KemVinamilk #SUSU",696,23,71,2025-06-18 05:50:17,unknown
https://www.facebook.com/vinamilkofficial/posts/pfbid0p5bAZUT6ExWW36Ffgp17C5pMYv4B2zvJjZbyPiCVwF1dJuXj3wbedAbcDG6mkK1Jl,"MINIGAME: CHƠI LỚN NHẬN QUÀ LỚN CÙNG PROBI CHAI LỚN

Probi Ít Đường mới có chai lớn, Vinamilk tung ngay game lớn với loạt quà xịn đây 

Để nhận quà, bạn chỉ cần làm đúng 2 bước:
Bước 1: Đăng một bức ảnh chụp nhóm bạn 3 người cùng Probi Ít Đường chai lớn kèm caption theo mẫu ""Chơi lớn XXX cùng Probi chai lớn!""
VD: ""Chơi lớn đặt ngay 3 vé du lịch Châu Âu, cùng Probi chai lớn""

Bước 2: Tag 2 người bạn trong hình vào post của bạn kèm con số may mắn từ 0-999 và hashtag #Probi #Emruotnuotdoi #Emruotchoilon 

 CƠ CẤU GIẢI THƯỞNG:
- 03 bài viết có lượt tương tác nhiều nhất: Nhận ngay voucher mua sản phẩm Vinamilk trị giá 1 triệu đồng 
- 35 giải khuyến khích dành cho người may mắn: Nhận ngay voucher mua sản phẩm Vinamilk trị giá 100 ngàn đồng, kèm túi tote Vinamilk cực xinh.

⏳ THỜI GIAN: Minigame diễn ra từ 17/06 - 30/06/2025 

Chụp hình liền tay, quà to tới ngay 
-------------------------------------------
*Khi tham gia chương trình, nếu trúng giải, khách hàng cần hoàn tất biểu mẫu thông báo và đồng ý về việc xử lý dữ liệu cá nhân để Vinamilk tiến hành trao giải. Trường hợp không hoàn thành trong thời gian quy định sẽ bị hủy và giải thưởng được trao cho người khác.",110,48,30,2025-06-17 17:04:39,unknown
https://www.facebook.com/vinamilkofficial/videos/1352565999137747/,"SuSu có Thạch mới với thạch dai giòn, nhai nhai thật đã! ​
​
 SuSu có thạch mang đến bộ đôi hương vị độc đáo: Marshmallow kiwi và Kẹo bông đúng gu bé .​
​
SuSu có thạch hương Marshmallow kiwi với bộ ba tối ưu Canxi, Vitamin D3, K2 giúp bé phát triển chiều cao​
SuSu có thạch hương Kẹo Bông Gòn với chất xơ và công nghệ men Châu Âu hỗ trợ tiêu hóa.​
​
Săn ngay bộ đôi SuSu có thạch cho bé nhà mình nha mẹ ơiiii! https://bit.ly/44jgb2H
​
✨ #SuSuThạch #Thạchdaigiòn #Nhainhaithậtngon",540,6,23,2025-06-17 04:19:02,Video
https://www.facebook.com/vinamilkofficial/posts/pfbid0NHJUkipvenzb29C2FfLibPnYTznU5V2FcykguMR212kchMrZPvvMUTcTDndBgmxAl,"❗ ĐỪNG ĐỂ TIN GIẢ DẮT MŨI ❗ 
 
Hiện nay, Vinamilk luôn là mục tiêu bị các đối tượng xấu lợi dụng hình ảnh nhằm trục lợi khách hàng, đối tác và ứng viên. Dưới đây là những trường hợp giả mạo Vinamilk để thực hiện vô số các hoạt động, chương trình thu lợi bất chính và giả mạo tuyển dụng dưới danh nghĩa của Vinamilk, bao gồm:
 
 Hoạt động thu lợi bất chính: Lừa đảo khách hàng trên danh nghĩa tặng quà từ quỹ sữa Vinamilk, tổ chức các giải chạy nhằm bán vé, thu lợi bất chính và yêu cầu người dùng truy cập vào các link chứa mã độc để hack tài khoản. 
 Giả mạo tuyển dụng: Lấy danh nghĩa của Vinamilk để tuyển dụng nhân sự, thu lợi bất chính, thu thập thông tin của ứng viên. Yêu cầu ứng viên nộp phí phỏng vấn, phí đồng phục,...
 
Dấu hiệu nhận biết: 
 Thiết kế được sao chép ẩu thả từ nhận diện thương hiệu của Vinamilk, hình ảnh không chỉn chu, không rõ nét,...
 Sử dụng các email có đuôi giả mạo: @vinamilk.com, @vinamilk.net. Xin lưu ý, đuôi email chính thức Vinamilk là @vinamilk.com.vn.
 Yêu cầu người dùng đăng ký tham gia chương trình/đăng ký ứng tuyển bằng cách nhắn tin qua fanpage thay vì thông qua trang web chính thức/link đăng ký hợp pháp của Vinamilk. 
 
  Hãy cùng Vinamilk chung tay report các tài khoản giả mạo để bảo vệ an toàn thông tin cho cộng đồng mạng nhé!
 
Rất mong quý khách hàng, đối tác, ứng viên luôn luôn cảnh giác trước các nguồn thông tin để bảo vệ quyền lợi của mình. Nếu bạn phát hiện dấu hiệu nghi ngờ, vui lòng liên hệ ngay với fanpage Life At Vinamilk để được xác minh.
 
Vinamilk cảm ơn sự hợp tác của bạn!",242,14,47,2025-06-15 23:36:01,unknown
https://www.facebook.com/vinamilkofficial/posts/pfbid0Kqz4qhqfBK4saWrvRkdUnNc5NqXExLFXbxR4nS3MU4w8FUhs4AbBLTAESWsdtffQl," Có thể bạn chưa biết:
6 chủng men sống và lợi khuẩn giúp quá trình tiêu hóa lactose dễ chịu hơn cho người khó dung nạp lactose và duy trì cân bằng hệ vi sinh đường ruột, mang đến kết cấu sánh mướt duy nhất trên thị trường Việt Nam.

Riêng Bifidobacterium là chủng lợi khuẩn được tìm thấy trong hệ vi sinh đường ruột ở những người sống rất thọ (hơn 105 tuổi!)

Mời bạn thưởng thức: http://bit.ly/4jPIQko
#Vinamilk #Greenfarm #Suachuauong #6chungmen",156,5,9,2025-06-14 18:53:01,GenericAttachmentMedia
https://www.facebook.com/vinamilkofficial/videos/1057930429616887/,"Vị ngon độc nhất từ 9 loại hạt tinh tuyển với hơn 94% hàm lượng sữa hạt, cho chất sữa dày dặn, mịn sánh.
Dành cho người sành: https://bit.ly/4036i6P

#Vinamilk #Sữa9LoạiHạt",106,20,18,2025-06-13 14:10:01,Video
https://www.facebook.com/vinamilkofficial/posts/1696159771268991:1696159771268991,,351,20,5,2025-06-13 07:16:50,Photo
https://www.facebook.com/vinamilkofficial/posts/pfbid02CcQ3CbcH7aCb8UgrV8zwAiTJDdQUVvs2gVRye8ZUsZi4v3BdBjH6FUmBnN37BcjUl,"KHÔNG CẦN ÉP, BÉ VẪN CHỊU NẠP XƠ NHỜ 1 HỘP NƯỚC ÉP SUSU MỖI NGÀY

Bộ đôi nước ép mới của nhà VINAMILK SUSU được ép từ đa loại rau củ quả nhiều màu sắc
 Ép lấy nước từ các loại rau củ quả tự nhiên, không biến đổi gen
 Bổ sung chất xơ hòa tan dễ hấp thu, tương đương lượng xơ có trong khoảng 180 g cải bó xôi
 Hỗ trợ tiêu hóa và giảm táo bón
 Không bổ sung đường, vị ngọt tự nhiên đến từ rau củ quả

Thử ngay vị “cứu tinh chất xơ” tại: https://bit.ly/43huQex

#Susu #NuocEpNguyenQuaVaRauCu #NapXoDeDang #ChoBeTieuHoaKhoe",518,35,24,2025-06-13 00:23:39,GenericAttachmentMedia
https://www.facebook.com/vinamilkofficial/posts/pfbid02szxuXSYoWnwB95jH13w4tK1eQiyZJeSekjTbJycDvh8UDYWa6439gRrMsNrDA13Ul,"VINAMILK ĐỒNG HÀNH CÙNG GIA ĐÌNH & TRẺ EM VIỆT TRÊN HÀNH TRÌNH CHĂM SÓC SỨC KHỎE 
 
Ngày 25/4 - 31/5 vừa qua, Sữa Tươi Vinamilk 100% vinh dự đồng hành cùng 40 cơ sở thuộc Hệ thống Trung tâm Tiêm chủng VNVC tại 23 tỉnh thành và 200 trạm y tế phường/xã trên toàn quốc, trao tay hơn 15.000 hộp sữa đến các bậc phụ huynh và trẻ nhỏ, tiếp sức dinh dưỡng trên hành trình chăm sóc sức khỏe.
 
Mỗi hộp Sữa Tươi Vinamilk 100% không chỉ là nguồn dinh dưỡng an toàn & tinh khiết (*), mà còn là lời gửi gắm yêu thương, chúc nhà nhà luôn tràn đầy năng lượng và tươi vui mỗi ngày.
 
Sữa Tươi Vinamilk 100% 
100% tươi ngon, 100% tươi vui !
 
(*) Sữa Tươi Vinamilk 100% đạt chứng nhận của tổ chức Clean Label Project từ Mỹ về An Toàn & Tinh Khiết.
 
#Vinamilk #SuaTuoi100 
#TiemchungVNVC #Vidinhduongvasuckhoecongdong",86,5,8,2025-06-12 17:30:28,unknown
https://www.facebook.com/vinamilkofficial/posts/pfbid02zijckmCSsAposdx1szZTR1KADnJ52Mqd8dB9DE3Dxqvia2c7n7a7Vqd4f2dp5v5hl,"VÌ AI CŨNG XỨNG ĐÁNG MỘT GIẤC NGỦ NGON!
 
Bộn bề hay stress gác lại đó, đêm nay phải ngủ ngon đã. Gì chứ êm giấc thì cứ để Sữa chua Táo đỏ Kỷ tử lo vì đã có:
❤️ 160mg Tryptophan giúp ngủ ngon.
❤️ Bộ đôi thảo mộc phương Đông - Táo đỏ Kỷ tử giàu vitamin giúp “bồi bổ” sức khỏe.
❤️ 12 triệu men sống Bulgaricus giúp khỏe tiêu hóa.
 
Bụng khỏe bụng êm, ngủ thêm êm đềm.
 
Đêm say giấc cho ngày hăng say cùng “chị đại” Sữa chua Táo đỏ Kỷ tử nha: https://bit.ly/44aISPk",6379,1454,55,2025-06-12 10:37:17,Photo
https://www.facebook.com/vinamilkofficial/videos/1439999120528473/,"Không cần phải chọn giữa ngon và bổ, vì giờ bạn đã có cả hai trong một hộp Sữa đậu nành Cao Canxi.​
Vừa thơm hương lá dứa, vừa chứa hàm lượng canxi nhiều nhất Việt Nam*.​
2 hộp đáp ứng hơn 50% nhu cầu canxi hằng ngày**.​

​Thử là mê ngay:  https://bit.ly/3XUWtHf​

Theo nghiên cứu thị trường do Fieldforce thực hiện (tháng 01/2025)trong ngành hàng sữa đậu nành tại Việt Nam
**Dựa trên lượng canxi khuyến nghị hàng ngày của Bộ Y Tế.​

#Vinamilk #CaoCanxi ​
#SữaNgonNhàNấu​
#SuaDauNanhVinamilkCaoCanxi",4676,169,48,2025-06-12 03:44:07,Video
https://www.facebook.com/vinamilkofficial/posts/pfbid02Fw3YU6xikqnYdTJjJepZYjstzQxusQKHNjUqiTm47SKN9qnoJ22KsD5uFX6xmf7dl,"“CÚ ĐÚP” QUỐC TẾ CHO BỮA ĂN THAY THẾ MỚI-RA-LÒ NHÀ VINAMILK 

Không phải bữa ăn thay thế nào cũng đủ ngon để thưởng thức mỗi ngày, nay còn phải chinh phục những nhà thẩm định khó tính trên thế giới về vị ngon và chất lượng vượt trội. 

Bữa ăn hỗ trợ kiểm soát cân nặng - VINAMILK Tự Do với 2 hương vị: Sôcôla và Cà phê Latte vừa xuất sắc nhận 2 giải thưởng danh giá trong ngành thực phẩm toàn cầu: 

 Giải Vàng Monde Selection Award – giải thưởng kiểm định chất lượng độc lập hơn 60 năm qua, được đánh giá trên tiêu chuẩn nghiêm ngặt bởi hội đồng khoa học, chuyên gia thực phẩm và dinh dưỡng từ châu Âu. 
 Superior Taste Award – do International Taste Institute (Bỉ) công nhận, với hội đồng giám khảo hơn 200 đầu bếp uy tín và chuyên gia ẩm thực đạt sao Michelin, chỉ trao cho những sản phẩm có vị ngon thượng hạng. 

Tò mò vị ngon của Vinamilk Tự Do? Tìm hiểu và trải nghiệm tại:
https://bit.ly/3Z3ljFq

#Vinamilk #BữaĂnHỗTrợKiểmSoátCânNặngVinamilkTựDo",122,0,6,2025-06-11 20:53:36,Photo
https://www.facebook.com/vinamilkofficial/posts/pfbid0umqkALmZdcoxy88pqHPnxjzcM6gN7oFHRd36qv2zeKSm5jkc8JSKhS3EhyvvdcA9l,"Từ khẩu phần ăn hơn 20 loại cỏ hoa được tinh chỉnh kỹ lưỡng cho đàn bò, kết hợp cùng thổ nhưỡng của những cánh đồng sinh thái.

Đến Công nghệ Kép Hút Chân Không đột phá ""khóa tươi"" khi vừa mới vắt, giữ trọn hương sữa tự nhiên mang hậu vị cỏ hoa.

Cỗ máy siêu phẩm tái hiện công trình tỉ mỉ của Green Farm sẽ được hé lộ tại 1 trong 2 cửa hàng Vinamilk sẽ khai trương trong tháng 6 này!

Bạn đoán xem địa điểm tiếp theo công nghệ kép hút chân không của Vinamilk Green Farm sẽ xuất hiện là ở đâu?

#Vinamilk #GreenFarm #Suatuoihutchankhong",808,17,37,2025-06-11 14:03:05,unknown
https://www.facebook.com/vinamilkofficial/videos/1432307474443205/,"Sữa ADM 23 dưỡng chất, nuôi dưỡng con mỗi ngày để chạm đến mọi ước mơ:
 
 Mơ làm phi hành gia
 Mơ làm cầu thủ bóng đá
 Mơ làm bác sĩ giúp mọi nhà
 Mơ làm tiến sĩ tài ba
 
Mơ gì được đó – Vì đã có ADM!
 
Bật mí: Ngày mai ADM có quà cho bạn nhỏ hay “mơ”. Cùng chờ xem nha!
 
#SuaDinhDuongADM #23duongchat #Nuoiduonguocmo",212,22,32,2025-06-11 07:12:35,Video
https://www.facebook.com/vinamilkofficial/videos/705924645720538/,"☀️ CHÀO HÈ RỰC RỠ – QUÀ TẶNG BẤT NGỜ TỪ SUSU!

Mua 1 thùng SuSu bất kỳ– Nhận ngay 1 trong 2 quà tặng siêu xinh:
 Túi bao tử cực ngầu  hoặc
 Bộ đồ chơi tự tô sáng tạo!
 Mẹ và bé hãy mua ngay SuSu để không bỏ lỡ cơ hội nhận quà hấp dẫn nhé!

*Sản phẩm áp dụng: Sữa chua uống, Thức uống Sữa Trái Cây, Thức uống Ca Cao Lúa Mạch, Nước Rau củ các loại thuộc nhãn hiệu Vinamilk SuSu

#SuSu #QuàTặngMùaHè #Mua1thùngTặng1quà",1202,112,17,2025-06-11 05:01:25,Video
https://www.facebook.com/vinamilkofficial/posts/pfbid02LK4rsWUW9N3mUFapi2iHsURwD6Pbxtt8J49GY1hP4jLuH3XdYPrkMfLGCcWAVQFbl,"✅ Vì dân tình thắc mắc, Sữa hạt 9 loại hạt Vinamilk xin phép dõng dạc tại đây: 94% ""cơ thể"" này là hạt.​

Mời hội mê sữa hạt ""vào cuộc"" kiểm chứng: https://bit.ly/4gSyLm8 ​

​#Vinamilk #Sữa9LoạiHạt",158,17,4,2025-06-10 04:08:30,Photo
https://www.facebook.com/vinamilkofficial/videos/1081157193827336/,"Có phải loại sữa chua uống nào cũng giống nhau?
#Vinamilk #GreenFarm #Suachuauong #6chungmen",152,7,24,2025-06-09 03:15:35,Video
https://www.facebook.com/vinamilkofficial/posts/pfbid024uWYmHEWE3CKCUUUuTggQGmCSJAB7FA6AAfHEAG7KfgKZtXsZqeZWkLByj34HxfLl,"Bao hạt mới xay
Á - Âu sum vầy
Góp đầy ba vị
Khoác ngay áo mới!
Bộ ba sữa hạt đậu nành của Vinamilk vẫn giữ trọn vị ngon năm nào, như cách Vinamilk xay nguyên hạt đậu nành, nhưng đã “thay áo” để làm mới chính mình.
Ưng thử cái mới, thử liền 3 vị sữa hạt đậu nành: https://bit.ly/48YXFxy

#Vinamilk #SuaHatDauNanh #XayNguyenHat",141,16,16,2025-06-07 18:44:55,unknown
https://www.facebook.com/vinamilkofficial/posts/1001044325350917:1001044325350917,"Hẹn gặp bạn ngày 06/06 tại Công viên Sáng Tạo, Khu đô thị Thủ Thiêm, TP. Thủ Đức!
#Vinamilk #GreenFarm #Suatuoihutchankhong",100,3,1,2025-06-06 10:14:15,Photo
https://www.facebook.com/events/612313317864744/,,36,0,0,2025-06-05 01:43:36,ProfilePicAttachmentMedia
https://www.facebook.com/vinamilkofficial/posts/pfbid02SVvzmUXvmSswj23Fvi6sdqT2j7WRHxeo3C7WAW6jmWzM4HzV1mkknv3ArWgnhJRel,"Oxy luôn âm thầm biến đổi hương vị sữa tươi. 
Làm thế nào để khóa tươi tự nhiên, giữ trọn vị sữa, mà không dùng đến chất bảo quản?
Siêu phẩm công nghệ từ Vinamilk Green Farm sẽ là lời giải cho nghịch lý thú vị này.
 
Hẹn gặp bạn ngày 06/06 tại Công viên Sáng Tạo, Khu đô thị Thủ Thiêm, TP. Thủ Đức!
 
#Vinamilk #GreenFarm #Suatuoihutchankhong",604,9,15,2025-06-03 17:12:56,Photo
https://www.facebook.com/vinamilkofficial/posts/pfbid0zeod1THd3DoAZ74kNtd3hMKxj6gLfzKGDAH9bD25mFcu6ekx9TQCFTkDgE5bV3nQl,"Optimum hiểu hành trình nuôi con bằng sữa Mẹ chưa bao giờ là điều dễ dàng. Mẹ ơi, hãy tạm gác âu lo, dành cho bản thân một ngày thảnh thơi tại Ngôi Nhà Optimum thuộc sự kiện Vietbaby Fair 2025:
 “Nhà nào cũng có Mẹ” là thông điệp Optimum muốn gửi gắm thông qua chiếc gương thấu hiểu.
 Nếu có một “Bộ quy tắc ứng xử” giúp Mẹ bớt stress và những người xung quanh hiểu Mẹ hơn thì sẽ như thế nào?
 6 HMO là gì? Món quà dưỡng chất đầu đời có trong sữa Mẹ đang chờ Mẹ đến tìm hiểu đó.

Mời cả nhà ghé thăm, hứa hẹn Mẹ có thêm nhiều trải nghiệm đáng nhớ và kiến thức đáng giá, còn bé nhận được quà tặng đáng yêu từ Optimum.
 Thời gian: 05 – 08/06/2025 (Thứ Năm – Chủ Nhật)
⏰ Giờ mở cửa: 10:00 – 18:00
 Địa điểm: Trung tâm Hội chợ Triển lãm Sài Gòn (SECC) – 799 Nguyễn Văn Linh, Quận 7, TP.HCM
#Vinamilk #Optimum #OptimumGold #OptimumColos #Nhà_nào_cũng_có_Mẹ",137,11,5,2025-06-02 08:42:17,unknown
https://www.facebook.com/vinamilkofficial/posts/pfbid02JjmUr5Wv2UJXsFMkePSPX6antBDXcsBPreZL5sYz1NYdnToyF1qXK6PXVGJEfbN8l,"  Vũ trụ đang muốn nhắn nhủ điều gì tới bạn?​
  Chọn tụ sữa chua mình kết và nhớ (hoan hỉ) đón nhận thông điệp nhé.​

#Vinamilk #SuachuaVinamilk #Kettunetbung",180,823,79,2025-06-01 00:11:37,unknown
https://www.facebook.com/vinamilkofficial/posts/pfbid0CzgGmAUTvwYeVtbDFLPCE1tGzLuWg8b7n8sMzWoA4NrkyV7JV9RrecctnEZY9mBal,"VẶN NẮP “TỰ DO”, NHÂN 3 MÓN QUÀ TỰ DO

Bạn yêu lối sống tự do nhưng vẫn muốn bớt lo chuyện cân nặng? Hãy để Bữa ăn hỗ trợ kiểm soát cân nặng Vinamilk Tự Do* giúp bạn tận hưởng 3 đặc quyền: 

✨ TỰ DO THỜI GIAN: Chỉ 1 hộp với dinh dưỡng đủ để thay thế 1 bữa ăn trong ngày, tiện lợi mang đi khắp nơi để bạn tiết kiệm thời gian chuẩn bị và nấu nướng.

✨ TỰ DO THƯỞNG VỊ:  Thơm ngon đúng gu các fan Sôcôla và Cà phê Latte mê đắm nhưng ít calo và nhiều dinh dưỡng.

✨ TỰ DO KIỂM SOÁT CÂN NẶNG:  Dễ dàng kiểm soát lượng calo nạp vào cơ thể theo bữa, thêm an tâm với hiệu quả “Hỗ trợ hạn chế cơn đói” (1) và hỗ trợ duy trì cơ nhờ thành phần giàu đạm (2) từ sữa và các loại đậu.

Bắt đầu hành trình kiểm soát cân lành mạnh của bạn từ hôm nay với VINAMILK TỰ DO. Mời bạn dùng thử, 1 hộp mỗi ngày, tự do mỗi ngày: https://bit.ly/3Z3ljFq

----
Lưu ý
*Sản phẩm dành cho: Người trên 18 tuổi, người muốn kiểm soát cân nặng, người muốn bổ sung dinh dưỡng với năng lượng thấp. Sản phẩm được sử dụng như bữa ăn hạn chế năng lượng và sử dụng cùng thực phẩm khác trong chế độ ăn hàng ngày
(1) 90% người dung nữ tại TP. Hồ Chí Minh công nhận Sản phẩm dinh dưỡng cho người muốn kiểm soát cân nặng Vinamilk Tự Do giúp “Hỗ trợ hạn chế cơn đói”
Khảo sát được thực hiện bởi công ty Nghiên cứu thị trường FFL trên nhóm người tiêu dùng có sử dụng Sản phẩm dinh dưỡng cho người muốn kiểm soát cân nặng Vinamilk Tự Do trong vòng 1 tháng (số mẫu 117 người), được thực hiện tại TP.HCM (T9 - T11/2024) trên nhóm người tiêu dùng nữ có BMI trung bình từ 23 trở lên.
(2) Lượng đạm trong sản phẩm: 14,7 g/hộp 300ml

#Vinamilk #BữaĂnHỗTrợKiểmSoátCânNặngVinamilkTựDo",4523,150,94,2025-05-30 15:40:57,unknown
https://www.facebook.com/vinamilkofficial/posts/pfbid02kkcd7NaGDgZSQE3iisAn8evc3KP9oWX2UraRXr4sfHiJJhhnq6ncuoxULXN57gvxl,"VINAMILK ĐỒNG HÀNH CÙNG H’HEN NIÊ TRAO YÊU THƯƠNG ĐẾN TRẺ EM VÙNG CAO 
 
Vinamilk đồng hành cùng H’Hen Niê trao tặng những hộp Sữa Tươi Vinamilk 100% đến các em nhỏ vùng cao, tiếp thêm dinh dưỡng để các em luôn tràn đầy năng lượng, khơi nguồn cảm hứng học tập.
 
Cùng Vinamilk viết tiếp câu chuyện lan tỏa yêu thương đến các em nhỏ tại mọi miền đất nước bạn nhé.
 
#Vinamilk #SuaTuoi100",333,7,12,2025-05-29 07:10:18,unknown
https://www.facebook.com/vinamilkofficial/posts/pfbid027v2aV9JMm435AR41PVc4GWNo2kJFh4MkhHuAMq46Zf31jZytvki7JPos7gqz6t8sl,"SUSU VINH DỰ ĐỒNG HÀNH CÙNG CHÁU NGOAN BÁC HỒ 2025​

SUSU vinh dự được đồng hành với các thiếu nhi trên toàn quốc tham gia chuỗi sự kiện Đại hội Cháu ngoan Bác Hồ lần thứ X. Với tinh thần tò mò mở to thế giới, SUSU mong muốn tiếp tục đồng hành với thế hệ thiếu nhi Việt Nam ham học hỏi và giàu trí tưởng tượng để tiếp thêm năng lượng và cùng các em khám phá thế giới đầy kì thú phía trước.

#Vinamilk #SUSU
#ChauNgoanBacHo2025",135,4,3,2025-05-27 22:39:38,unknown
https://www.facebook.com/vinamilkofficial/videos/2114154029012473/,"LẦN ĐẦU TIÊN – SUSU RA MẮT NƯỚC ÉP NGUYÊN QUẢ & RAU CỦ
 Một rổ đầy rau, củ, quả tươi xanh không biến đổi gen được mang đi ép lấy nước từ nguyên quả.

 1 hộp 180ml bổ sung lượng chất xơ tương đương 1 dĩa cải bó xôi 180g.
 Vị ngon tự nhiên hòa quyện từ hơn 5 loại rau củ quả trong mỗi hộp.
 Không thêm đường – chỉ ngọt từ rau-củ-quả.

✨ Mỗi ngày 1 hộp – giúp bé tiêu hóa khỏe, giảm táo bón, nạp xơ dễ dàng mà không cần “ép”.
Mẹ yên tâm – bé thích mê!

 Thử ngay 1 hộp tại: https://bit.ly/43huQex

#Susu #NuocEpNguyenQuaVaRauCu #NapXoDeDang #ChoBeTieuHoaKhoe
Mách nhỏ: Không những bé thích, có khi cả nhà cũng mê đấy!",567,24,53,2025-05-26 14:08:59,Video
https://www.facebook.com/vinamilkofficial/posts/pfbid0mtuXwcbdB5tfbspUuNVGRc16iHP6CKVkGNnhT3ikdakZwN5JV644oSi5iE7qQQSRl,"Nết bụng, nết ruột có thể thay đổi, nhưng độ uy tín của Sữa chua Vinamilk và Vinamilk Probi thì không thay đổi qua bao năm ​

Chinh phục chuyên gia vì vị ngon thượng hạng, ghi điểm với người tiêu dùng vì chất lượng đạt chuẩn, chẳng gì làm khó Sữa chua Vinamilk và Vinamilk Probi ghi dấu ấn đầy uy tín ​

Xứng danh Bộ đôi lợi khuẩn quốc dân, Sữa chua Vinamilk & Vinamilk Probi tự hào tiếp tục công cuộc chăm ruột, chiều bụng mọi nhà ​

#SuachuaVinamilk #VinamilkProbi #Kettunetbung #Emruotnuotdoi",7947,1353,56,2025-05-25 05:46:11,unknown
https://www.facebook.com/vinamilkofficial/posts/pfbid02Zq5z2TiYuitkPz4wBurhdx6Bb1LbSCuxkafBgsTMyQxm3PeBaDuwkdpeKN85858wl,"CHÚ Ý, CẢ NHÀ CHÚ Ý, CHỊ ĐẠI TỚI, CHỊ ĐẠI TỚIII

Chị đại ""mới"" của nhà Sữa chua Vinamilk gọi tên Sữa chua Táo đỏ Kỷ tử Ít đường.

Chị này cao tay, xuất chiêu ""đại bổ"", đảm bảo cứ ăn là bổ đủ đường:
❤️ Bổ dưỡng với bộ đôi Táo đỏ & Kỷ tử giàu vitamin.
❤️ Bổ giấc vì có tới 160mg Tryptophan giúp ngủ ngon.
❤️ Bổ dáng vì giảm đường so với sữa chua nha đam có đường.
❤️ Bổ tiêu hóa với 12 triệu men sống Bulgaricus từ Châu Âu.

Kết ngay chị đại để mãi khỏe đẹp nè: https://bit.ly/3F5SjWP",6853,2343,98,2025-05-23 21:23:24,Photo
https://www.facebook.com/vinamilkofficial/videos/721814356966972/,"RA MẮT SIÊU SỮA TƯƠI ĐẠM QUÝ A2
Vì những chiếc bụng khó chiều nhất thế gian, Vinamilk Green Farm chọn lọc khắt khe từng giọt đạm quý A2 mang cấu trúc gần đạm sữa mẹ, dễ hấp thu, dễ tiêu hóa.
Vinamilk Green Farm hân hạnh được gặp bé!

#GreenFarm #SieusuatuoiA2 #Detieuhoa",1334,242,89,2025-05-22 13:00:37,Video
https://www.facebook.com/vinamilkeshop/videos/9773735022745780/,"Để chuẩn bị cho một giải đấu ""bất bại"", ngoài tinh thần tốt, cũng cần duy trì một thể trạng giàu năng lượng.
Cùng Vinamilk Green Farm tìm hiểu bí kíp chiến thắng mọi cuộc đấu của các ""Pick-thủ"" nhé!
#Vinamilk  #GreenFarmCaoDam  #ItBeoGiauCanxi",181,29,8,2025-05-20 07:50:32,Video
https://www.facebook.com/vinamilkofficial/posts/pfbid02AafnY81EL8oUc5gnByZSbRLXEWGgtvKQ8m4xUna9eWsjRN9obYAMCazsihKk19w1l,"Vinamilk Green Farm đã chuẩn bị gì cho lần đầu tiên gặp gỡ các em bé siêu khó chiều?
Nghiên cứu nguồn gen có mặt hơn 10000 năm trước khi trải qua chọn lọc tự nhiên.
Thẩm định tại Viện kiểm nghiệm gần 200 năm tuổi tại Pháp.
Quy trình 7 bước tinh tuyển khắt khe để duy trì thuần khiết.
Cùng đón chờ vào ngày 22/5/2025
#GreenFarm #SieusuatuoiA2 #Detieuhoa",306,15,18,2025-05-19 16:28:38,Photo
https://www.facebook.com/vinamilkofficial/posts/pfbid035dSqj7nu8ECyK75RwvmipHJR8Hk21TPpLChyejDs25F9ZoNmZrwSuRFUBYbN7ANUl,"Tạm biệt cốt dừa béo thơm, Khoai Lang Thang chấm bánh đúc lá dứa với mắm nêm đậm đà!?
 Với nết ăn độc đáo đó, sữa chua vị gì thì hợp cạ Khoai ta? 

Tinh mắt đoán vị, nhanh tay trúng quà với ba bước tham gia siêu đơn giản:​
1️⃣ Xem tập 2 series Kết với người lạ tại https://www.facebook.com/vinamilkofficial/videos/704971498668035  ​
2️⃣ Comment câu trả lời đúng + kèm 1 số may mắn từ 000 - 999​
3️⃣ Share bài viết này ở chế độ công khai kèm hashtag #SuachuaVinamilk #Kettunetbung​

 20 người chơi dự đoán đúng vị sữa chua và có số trùng hoặc gần nhất với con số được quay ngẫu nhiên, sẽ rinh ngay voucher Vinamilk trị giá 200.000 VNĐ! 

 Cùng xem ai sẽ là người có nết bụng kết cùng Khoai Lang Thang và may mắn nhận được phần quà từ Vinamilk nhé! ​

Xem thể lệ chi tiết tại: https://bit.ly/TNC_KetTuNetBung ​

#Vinamilk #SuachuaVinamilk #Kettunetbung",1671,2083,1476,2025-05-19 01:06:44,Photo
https://www.facebook.com/vinamilkofficial/posts/pfbid0ho3eky9PLppC7u6eVh4oZQuFgrdr4qndSc7UP2AxdLjZ1uX8r5KxRnbz3YqxiuRBl,"Chiêu gì giúp bé “chịu” rau? Mách chiêu của mẹ ngay – Quà về tay!
Chia sẻ ngay bí kíp của mẹ dưới phần bình luận!
 SUSU sẽ dành tặng 5 thùng sản phẩm MỚI:
 
 cho 3 bình luận có lượt tương tác cao nhất
 cho 2 bình luận may mắn bất kỳ
   Tham gia liền tay – vừa chia sẻ & học chiêu hay, vừa có cơ hội nhận quà cho bé yêu!
  Hạn chót tham gia: 22.05.2025
#Susu #NapXoDeDang #SapRaMat",144,96,14,2025-05-18 09:44:51,Photo
https://www.facebook.com/vinamilkofficial/posts/pfbid0SkTW9ep7foPSMnRWR9i2B4BKU1SgViZiYbE4zZz9xn1wTtbeck2snjydVenfQUBFl,"SUSU THẠCH MỚI - TRỌN BỘ “CANXI, D3, K2” GIÚP PHÁT TRIỂN CHIỀU CAO

Chấn động với cơn mưa thạch đổ bộ trong mỗi hộp, giòn giòn dai dai, nhai nhai thật đã. 
Vị mới toàn tập - Hương Kẹo Marshmallow Kiwi kỳ diệu. 
Giàu Canxi, đủ Vitamin D3, K2 hỗ trợ phát triển chiều cao. 

Chụp hình gửi SUSU ngay khi bạn săn được siêu phẩm nhé.",449,17,54,2025-05-17 18:22:57,unknown
https://www.facebook.com/vinamilkofficial/videos/704971498668035/,"Trước lạ sau quen, nhờ cùng mê tráng miệng với Sữa chua Vinamilk - Sữa chua quốc dân, vị ngon quốc tế!​

#Vinamilk #SuachuaVinamilk #Kettunetbung",249,363,95,2025-05-17 03:01:04,Video
https://www.facebook.com/vinamilkofficial/videos/714636261126132/,"Vinamilk kỳ công, chăm chút để bạn không cần hì hục đi tìm sữa thơm ngon như nhà nấu. Chất sữa sánh mịn, thơm hương lá dứa quen thuộc cùng vị sữa ít ngọt thanh béo trong mỗi hộp Sữa đậu nành truyền thống.

 Việc của bạn là một bước thưởng thức ngay: https://bit.ly/3ZnrpjV

#Vinamilk
#SuaNgonNhuNhaNau
#SuaDauNanhVinamilk",175,60,55,2025-05-16 04:35:05,Video
https://www.facebook.com/vinamilkofficial/posts/pfbid02c5V16SsTPAXN62FnJtEiMXNVHyGA2m81ziMvRrb8sdmu71S9CQs1zMziKXCbmKVQl,"VINAMILK VINH DỰ TIẾP NĂNG LƯỢNG TƯƠI VUI CHO ĐẠI HỘI CHÁU NGOAN BÁC HỒ LẦN THỨ X!

Vinamilk đồng hành cùng 500 ""bông hoa nhỏ"" tỏa sáng trong chuỗi sự kiện Đại hội Cháu Ngoan Bác Hồ tại Hà Nội ngày 13-15/5 vừa qua bằng 29,640 sản phẩm dinh dưỡng như Sữa tươi Vinamilk 100% và Sữa chua uống Susu. 

Mỗi hộp sữa trao đi chính là một lời chúc cho các em dinh dưỡng đủ đầy, tươi vui mỗi ngày và luôn tò mò để mở to thế giới nhé. 
Vinamilk - 100% tươi ngon, 100% tươi vui, luôn vì thế hệ tương lai!  
#Vinamilk #ChauNgoanBacHo2025 #suatuoi100 #Susu",159,5,13,2025-05-15 17:49:23,unknown
https://www.facebook.com/vinamilkofficial/posts/pfbid02N7Fg4rVVosxwkLH6LCJ3NVqqhW2YkBDARRXDcbuc6PppFYTBzHnYuhiPLBRrYyBbl,"THỬ THÁCH ĐẢM ĐANG CÙNG CREAMER 9 HẠT 
 
Creamer 9 hạt lừng danh là trợ thủ đắc lực giúp các món ngon trở nên thơm hạt, đậm đà, cân cả vị món mặn, món chay, món ngọt. Điểm danh level đảm đang của bạn có thể nấu được những món nào dưới đây với Creamer nào :
Level 1: Salad trái cây xốt mè
Level 2: Xốt me 9 hạt thần thánh
Level 3: Nấm hấp xốt muối ớt 9 hạt
Level 4: Súp chay 9 hạt tâm an
Level 5: Cà phê machiato 9 hạt
 
✅ Với nguyên liệu cơ bản, các bước đơn giản và trợ thủ đặc lực Creamer 9 hạt, chúc các bạn check in thành công các level đảm đang nhé: https://bit.ly/4j59dTg

Còn có level nào cao hơn nữa hãy khoe ngay món ngon từ Creamer 9 hạt bạn nhé 
 

#Vinamilk #Creamer9LoạiHạtVinamilk #ThửTháchĐảmĐang #SaladXốtMè9Hạt #XốtMe9Hạt #NấmHấpXốt9Hạt #SúpChay9Hạt #CàPhêSữa9Hạt #MónNgonThuầnChay #ThơmHạtBéoBùi",243,11,17,2025-05-15 07:03:42,unknown
https://www.facebook.com/vinamilkofficial/posts/pfbid0csa67CGWatPcJieBWKhEgwkeeCQYLSuGTd4z8iRg5bYSaznu9RGmpWUZzMzkMUvRl,"✨ VINAMILK LẦN ĐẦU TIÊN RA MẮT - BỮA ĂN HỖ TRỢ KIỂM SOÁT CÂN NẶNG * ✨​

​1 hộp thay thế 1 bữa ăn trong ngày. Dùng mỗi ngày như người bạn đồng hành trên hành trình ăn uống lành mạnh với khả năng chứng thực: ​

✅ Hỗ trợ kiểm soát cân nặng​
✅ Hỗ trợ hạn chế cơn đói, hiệu quả được 90% khách hàng công nhận (1)​
✅ Hỗ trợ duy trì cơ nhờ 14.7g đạm từ sữa & các loại đậu (2)​

Vị ngọt tự nhiên đến từ sữa, nước ép táo & đường Palatinose – phù hợp cho người ăn kiêng.​
Hai hương vị thơm ngon, đậm đà:​

 Tự Do Sô Cô La La – cho những fan cứng khó cưỡng vị sôcôla​
☕ Tự Do Cà Phê Latte – cho những ""tín đồ"" mê cà phê mỗi ngày  ​

​Bữa ăn lành mạnh, bớt lo cân nặng, nhờ có VINAMILK TỰ DO.  ​
Vừa ra lò mời bạn dùng thử: https://bit.ly/3SpXXG6​
----​

Lưu ý​

* Sản phẩm dành cho: Người trên 18 tuổi, người muốn kiểm soát cân nặng, người muốn bổ sung dinh dưỡng với năng lượng thấp. Sản phẩm được sử dụng như bữa ăn hạn chế năng lượng và sử dụng cùng thực phẩm khác trong chế độ ăn hàng ngày.​

(1) 90% người dùng nữ tại TP. Hồ Chí Minh công nhận Sản phẩm dinh dưỡng cho người muốn kiểm soát cân nặng Vinamilk Tự Do giúp “Hỗ trợ hạn chế cơn đói”.​
Khảo sát được thực hiện bởi công ty Nghiên cứu thị trường FFL trên nhóm người tiêu dùng có sử dụng Sản phẩm dinh dưỡng cho người muốn kiểm soát cân nặng Vinamilk Tự Do trong vòng 1 tháng (số mẫu 117 người), được thực hiện tại TP.HCM (T9 - T11/2024) trên nhóm người tiêu dùng nữ có BMI trung bình từ 23 trở lên.​

(2) Lượng đạm trong sản phẩm: 14,7g/hộp 300ml.​

#Vinamilk #BữaĂnHỗTrợKiểmSoátCânNặngVinamilkTựDo",4445,286,145,2025-05-14 20:18:01,GenericAttachmentMedia
https://www.facebook.com/vinamilkofficial/posts/pfbid02A4xtQziXpBsH8Bq6w2AEqBVwwqQi6sBRAmqywNnTNQ8ufQTQSDcTZGavCzJ49Bg4l,"Cùng Vinamilk điểm lại những khoảnh khắc trao chứng nhận điểm hợp tác bán lẻ chiến lược!

#Vinamilk",236,10,22,2025-05-14 09:32:20,unknown
https://www.facebook.com/vinamilkofficial/posts/pfbid036KdoATtrvhSN65Se1inCfT7geXTWgcsV9zh8wRJtSBeoWT3ciotyjCj2Z1ZNHFsKl,"Tìm nhà trồng​
Thu hoạch hạt​
Thử nghiệm pha chế​
Chưa ưng ý lắm​
Làm lại từ đầu​
Cứ thế cứ thế​
Trải nghiệm hương vị​
Đong đo dinh dưỡng​​

Đây chỉ là vài bước trong vô vàn các thử nghiệm sáng tạo Vinamilk đã thực hiện để làm nên công thức Sữa hạt 9 loại hạt có-một-không-hai trên thị trường, với vị sữa thơm ngon, đậm đà hạt dành cho những tín đồ mê hạt như bạn.​
​
Vị ngon tuyển chọn, dành trọn tại đây: https://bit.ly/4gSyLm8 ​
​
#Vinamilk #Sữa9LoạiHạt",271,25,56,2025-05-13 22:46:39,GenericAttachmentMedia
https://www.facebook.com/vinamilkofficial/videos/561919729935590/,"Chăm dưỡng kiểu ""người nhà"" ở trang trại Vinamilk Green Farm như thế nào? 

Xem ngay #Vinamilk #GreenFarm",119,5,14,2025-05-13 12:00:58,Video
https://www.facebook.com/vinamilkofficial/videos/705955818626564/,Bò sữa rất dễ stress phải không? Xem ngay câu trả lời tại đây #Vinamilk #GreenFarm,152,11,30,2025-05-12 12:00:56,Video
https://www.facebook.com/vinamilkofficial/posts/pfbid0hdsabwkKMqJ2LA5h37icSQLrt6Bt4idFsu6GsmCcYMdWoTkivzfQWH311RR8Hypal,"Không chỉ nhanh nhạy, dứt khoát, mà còn phải bền bỉ từng phút trên sân. Người chơi bóng rổ cần một trợ thủ “nạp đạm” hiệu quả để tăng cường sự bền bỉ cho các thớ cơ sau mỗi lần tập luyện.  

Vinamilk Sữa Hạt Cao Đạm cung cấp 12g đạm thực vật (chủ yếu từ đậu Hà Lan), và đặc biệt hỗ trợ săn chắc cơ bắp, phục hồi cơ sau tập nhờ leucine, isoleucine và valine.

Chơi bóng rổ sung sức, nhờ Cao Đạm tiếp lực: https://bit.ly/4ecmgAz 

#Vinamilk #SuaHatCaoDam",130,68,34,2025-05-11 18:01:04,Photo
https://www.facebook.com/vinamilkofficial/posts/pfbid0YwRzs4GR4ZnRgSSTqQv9hPhq4b3JzpptaTHd9FM3tiC776q5FG4S5Rbc7UhoX6Efl,"2 HŨ - THÊM COLLAGEN, MƯỚT MÁT MÃI KHEN​

Hot! Hot! Vinamilk tung “bộ má hồng tự nhiên nhờ bổ sung collagen” chấp hết tẩy trang vẫn căng mọng!​
​
 Từ gen Y đến gen Z, dù bạn mê ăn vặt hay thích healthy,... ai ai cũng có má hồng căng mọng với 2 hũ sữa chua Vinamilk Collagen mỗi ngày.
​
‍♀️ Hôm nay bạn chọn màu má hồng nào?​

#Vinamilk #SuaChuaVinamilk",128,837,12,2025-05-11 00:01:12,Photo
https://www.facebook.com/vinamilkofficial/posts/pfbid0RDEUQ5CFCANTyvyx8aPo8Fpq4DS6jUdnPLk7oBAyUx2sVMZJdYwoQpf4g6B5MW4Hl,"SỮA TƯƠI VINAMILK 100% ĐỒNG HÀNH CÙNG CÁC NHÀ SÁNG TẠO NHÍ TẠI VÒNG CHUNG KẾT FIRST® CHAMPIONSHIP 2025 – HOUSTON, MỸ!   ​

 Xin chúc mừng các nhà sáng tạo nhí đã giành được giải Team Model Award khi đại diện Việt Nam tham dự Vòng Chung Kết Quốc Tế FIRST® Championship 2025 - Houston, Mỹ. Các đội thi đã thể hiện đầy sáng tạo từ khả năng lập trình xuất sắc đến màn trình diễn robot vô cùng ấn tượng – khẳng định bản lĩnh Việt Nam trên đấu trường quốc tế.​

 Với tinh thần ""Ươm mầm tài trí Việt"", Sữa tươi Vinamilk 100% mong muốn tiếp thêm nguồn dinh dưỡng và năng lượng “tươi mới” để các em thỏa sức sáng tạo và vững vàng chinh phục thử thách.​

Đừng quên chờ đón các giải đấu tiếp theo tại Hy Lạp, Nam Phi, Úc và Macao nhé.​

#Vinamilk #SuaTuoi100 #Tuoimoingay #RaisingTheBar #FirstChampionship",158,9,3,2025-05-10 06:01:20,unknown
https://www.facebook.com/vinamilkofficial/videos/653409440930959/," Thêm một lựa chọn xua tan ngày hè nắng nóng! Sữa Dâu Trân Châu thơm béo mát lạnh được làm từ Ông Thọ vị dâu tươi ngon

 Thêm ngay Ông Thọ dâu vào giỏ hàng để không bỏ lỡ cơ hội sáng tạo những món ngon tuyệt vời, xua tan cái nóng mùa hè: https://bit.ly/3SqPBxT

 #SữaĐặcÔngThọ #ÔngThọVịDâu #ToppingTuyệtHảoChoMónĂn",302,7,18,2025-05-09 12:01:28,Video
https://www.facebook.com/vinamilkofficial/posts/pfbid02kMgSip5bGBAST1sXFFXDTVS4NFDHERyHHiv9LHTgTwHPrjpGDbagdWRkbkKdfwEsl,"Chọn bạn mà chơi, chọn sữa chua mà kết bụng. ​

Hội tụ những đặc điểm chuẩn bạn thân quốc dân, Sữa chua Nha Đam nhà Vinamilk được hội mê làm đẹp chọn kết bụng bởi:​

 “Tốt bụng” hỗ trợ đến 12 triệu men sống Bulgaricus, giúp tiêu hóa khỏe​
 Vị ngon thanh nhẹ thêm topping giòn dai, mỗi ngày đều vui miệng​
 Lại còn hết lòng chăm từ da tới dáng​

Quyết tâm mỗi nhà đều có bạn thân Sữa chua Nha Đam, cùng chung đam mê chăm da chăm dáng mỗi ngày!",1781,2888,12,2025-05-09 00:33:00,unknown
https://www.facebook.com/vinamilkofficial/videos/719088694121525/,"Một hạt làm chẳng nên non, 9 hạt hợp lại làm nên tuyệt tác.
Chất sữa sánh mịn, đậm vị hạt, hương vị rang thơm béo bùi được công nhận bởi các giải thưởng quốc tế.

Mời bạn thử và đánh giá: https://bit.ly/4gSyLm8

#Vinamilk #Sữa9LoạiHạt",107,11,30,2025-05-08 13:04:33,Video
https://www.facebook.com/vinamilkofficial/videos/651930314334875/," Dành cho những tín đồ mê socola!! 

Bánh Mochi mềm dẻo kết hợp cùng nhân socola đậm đà sẽ là một lựa chọn vừa ngon vừa dễ làm cho ngày cuối tuần.

  Mua ngay Sữa Ông Thọ vị socola để thử làm tại nhà, kéo ""mood cực chill"" cho ngày hè sôi động bạn nhé: https://bit.ly/43jLOIZ

#SữaĐặcÔngThọ #ÔngThọVịSocola #ToppingTuyệtHảoChoMónĂn",747,13,54,2025-05-08 11:53:02,Video
https://www.facebook.com/vinamilkofficial/videos/4189989841282629/,"☕""Secret"" Sữa chua Men Hy Lạp Cà phê ủ lạnh của Vinamilk Green Farm đang có mặt tại các quán Little Cam Saigon & Raaw Hà Nội. Cùng đến và trải nghiệm nhé.
---
Hoạt động của Vinamilk kết hợp với Little Cam Saigon và Raaw Cafe Hà Nội: Chỉ cần gọi nước và đọc mã ""SAY CAFE"", bạn sẽ được tặng ngay 1 hũ sữa chua men Hy Lạp Cà phê ủ lạnh Socola Ngũ cốc từ Vinamilk Green Farm.
Thời gian áp dụng: 26/04 - 11/05
#Vinamilk #GreenFarm #menHyLap #capheulanh #saycafe",89,11,4,2025-05-08 05:01:19,Video
https://www.facebook.com/vinamilkofficial/videos/1436119637746173/,"Ai nói ăn kem khó chia thì xin chìa ra ngay KEM VIÊN MỚI KENG CỦA VINAMILK!  

1 túi 4 viên kem phủ sôcôla nguyên chất giòn rụm, ruột kem mềm béo. Vị sôcôla và vanilla đã sẵn sàng! 
Mời bạn chia ngọt sẻ kem liền tayyy! ",2733,3723,23,2025-05-07 13:04:15,Video
https://www.facebook.com/vinamilkofficial/videos/1094035872748481/,"Khi cuộc đời cho bạn hạt cà phê, bạn sẽ...☕
- Pha cà phê?
- Tạo ra nước hoa cà phê?
- Trồng cà phê?
...
Còn Vinamilk Green Farm chọn cách biến những hạt cà phê Robusta Tây Nguyên thơm ngon trở thành một món sữa chua hoàn toàn mới.

Tò mò hương vị của sữa chua Men Hy Lạp Cà phê mới? Ghé ngay Little Cam Saigon và Raaw Hà Nội để khám phá nhé.
---
Hoạt động của Vinamilk kết hợp với Little Cam Saigon và Raaw Cafe Hà Nội: Chỉ cần gọi nước và đọc mã ""SAY CAFE"", bạn sẽ được tặng ngay 1 hũ sữa chua men Hy Lạp Cà phê ủ lạnh Socola Ngũ cốc từ Vinamilk Green Farm.
Thời gian áp dụng: 26/04 - 11/05

#Vinamilk #GreenFarm #menHyLap #capheulanh #saycafe",51,2,3,2025-05-07 05:00:53,Video
https://www.facebook.com/vinamilkofficial/posts/pfbid07MbQhQgZJeD1xjVFdJYLkv8jYQxtRycwDqcKjQLKQctGKWAwcQhVnprcRNFNq9bFl,"ĐẾN CALI TẬP. MỆT CÓ VINAMILK LO!

Gia đình Vinamilk chính thức đổ bộ phòng tập California Fitness & Yoga Centre (CFYC) toàn quốc với loạt sản phẩm hỗ trợ hành trình chăm dáng, nuôi cơ 

Cùng mở tủ dinh dưỡng xem Vinamilk mang tới món gì nào 
✨ Thêm đạm, thêm dày cơ bền sức với Sữa tươi cao đạm ít béo Green Farm và Sữa chua cao đạm mix ngũ cốc Green Farm.
✨ Tự do giữ dáng, kiểm soát calo với Sữa dinh dưỡng Vinamilk Tự Do.
✨ Đủ Vitamin, dáng xinh da xịn với Nước ép trái cây collagen Vinamilk .
✨ Tốt tiêu hóa, khỏe đề kháng với Sữa chua ăn Vinamilk và Sữa chua uống men sống Vinamilk Probi.

⏰ Thời gian: Từ 06/05/2025-31/12/2025
 Địa điểm: Tại các trung tâm CFYC trên toàn quốc

#Vinamilk #CFYC",226,15,23,2025-05-06 15:14:44,unknown
https://www.facebook.com/vinamilkofficial/posts/pfbid0oznTiZF1Ptj7KgtS7YQbTwNBGvh4wUNViyyX9383EGJMvdk5m5FFSYNkco4fo8PGl,"✨LẦN ĐẦU TIÊN RA MẮT VINAMILK GELATO CAO CẤP✨

Cảm hứng từ chất kem gelato trứ danh của Ý  . Quá trình khuấy kem giảm khí len vào giữa các lớp bông sữa, để giữ tinh thể đá ở trạng thái mịn, lèn chặt đạm và béo. Công thức được cân chỉnh cho kem đạt độ dẻo mềm hoàn hảo.

Tất cả tạo nên chất gelato quyện đặc, kéo sánh, lớp lớp kem sữa chen nhau, không một kẽ hở, bao phủ vị giác. Đó chính là Gelato mới của Vinamilk.",1456,172,300,2025-05-06 01:28:36,unknown
https://www.facebook.com/vinamilkofficial/videos/677295674909387/,"Bạn đã ghé Raaw Hà Nội để thưởng thức cà phê chưa?
---
Hoạt động của Vinamilk kết hợp với Little Cam Saigon và Raaw Cafe Hà Nội: Chỉ cần gọi nước và đọc mã ""SAY CAFE"", bạn sẽ được tặng ngay 1 hũ sữa chua men Hy Lạp Cà phê ủ lạnh Socola Ngũ cốc từ Vinamilk Green Farm.

Thời gian áp dụng: 26/04 - 11/05

#Vinamilk #GreenFarm #menHyLap #capheulanh #saycafe #RAAWCoffee",139,6,7,2025-05-05 11:42:28,Video
https://www.facebook.com/vinamilkofficial/videos/2078950449282038/,"Ghé ngay Little Cam Saigon để thưởng thức hương vị sữa chua men Hy Lạp Cà phê ủ lạnh Socola Ngũ cốc từ Vinamilk Green Farm hoàn toàn miễn phí các bạn nhé!
---
Hoạt động của Vinamilk kết hợp với Little Cam Saigon và Raaw Cafe Hà Nội: Chỉ cần gọi nước và đọc mã ""SAY CAFE"", bạn sẽ được tặng ngay 1 hũ sữa chua men Hy Lạp Cà phê ủ lạnh Socola Ngũ cốc từ Vinamilk Green Farm.

Thời gian áp dụng: 26/04 - 11/05

#Vinamilk #GreenFarm #menHyLap #capheulanh #saycafe #LittleCam",67,1,3,2025-05-05 10:46:36,Video
https://www.facebook.com/vinamilkofficial/posts/pfbid0dVcNS5L8wrhUuRSbccPhn154uWp4CqW76LFgEm1jGfhKovXmCMJem8nzhQwLN487l,"KHÔNG THÊM ĐƯỜNG (*) VẪN NUỘT ĐỦ ĐƯỜNG
VÌ ĐÃ CÓ PROBI KHÔNG ĐƯỜNG 

Chọn lối sống “không đường” nhưng vẫn muốn khỏe đẹp đủ đường, khỏe đẹp từ trong ra ngoài chẳng còn khó.
Cứ để Probi không đường ra tay giúp bạn:

✅ Không thêm đường Sacaroza: Dành cho hội mê “Không đường”, theo đuổi lối sống lành mạnh.
✅ Nuột dáng: 0% chất béo và giảm tới 50% lượng Carbohydrate (so với vị truyền thống). 
✅ Nuột tiêu hóa: Có ngay 104 tỷ lợi khuẩn L. CASEI 431™ từ Châu Âu (**) giúp tăng cường miễn dịch đường ruột.
✅ Nuột đề kháng: Lợi khuẩn L.CASEI 431™ trong Probi đã được chứng minh giúp giảm 40% số ngày mắc cảm cúm, tăng 30% kháng thể IgG khi kết hợp cùng vắc xin cúm (***). 

Êm ruột, nuột đủ đường thế này. Xứng đáng mỗi ngày 2 chai Probi!

#Probi #Emruotnuotdoi

(*) Sản phẩm không bổ sung đường Sacaroza.
(**) Số lượng lợi khuẩn L. CASEI 431™ có trong 1 lốc 4 chai 130ml.
(***) Nguồn: Nghiên cứu lâm sàng về “Hiệu quả miễn dịch của Probiotics và tác dụng của chủng men L. CASEI 431™ trong việc phòng ngừa cảm cúm” – Tập đoàn men sống hàng đầu Châu Âu Chr. Hansen (Đan Mạch) – Năm 2011. Xem thêm tại: https://bit.ly/3SqIc1z",2394,38,36,2025-05-03 17:53:48,Photo
https://www.facebook.com/vinamilkofficial/posts/pfbid02N7FhW68bebcE9SuU7AQZtgCBn7aM6ie5MPaSzQSStfaNzcxCmVcvQiot9fchkM7vl,"Cùng nhìn lại hành trình đầy cảm xúc của ""Khối Vinamilk"" tại Concert Quốc Gia:
 20 booth tiếp sức trong vòng 48h sự kiện
 Hơn 150.000 món quà dinh dưỡng được trao tận tay đến mọi thế hệ
 Hàng nghìn đồng bào, chiến sĩ được tiếp lửa tại trạm Vinamilk

 Không chỉ dừng lại ở sự kiện 50 năm Thống nhất Đất nước, Vinamilk sẽ còn tiếp tục “sứ mệnh” chăm sóc dinh dưỡng cho thế hệ Việt, cùng đồng bào xây dựng đất nước.

#Vinamilk #TiepSucChienSi #TiepLuaDongBao",4371,92,101,2025-05-02 01:01:01,unknown
https://www.facebook.com/vinamilkofficial/videos/1214840656705333/,"Hòa mình vào Concert Quốc Gia, “khối Vinamilk” vinh hạnh khi được tiếp sức dinh dưỡng cho mọi thế hệ Việt.
 Mời đồng bào ghé ngay booth Vinamilk tại đường Nguyễn Huệ & Bạch Đằng để được tiếp lửa!
#Vinamilk #TiepSucChienSi #TiepLuaDongBao",309,4,23,2025-04-30 08:08:14,Video
https://www.facebook.com/vinamilkofficial/posts/pfbid0C1nAKaFtFVpcWcf8PBgi4ma6Hoq2aYRL3otizRQWUqrpQ31N9MdYBtpd5zspdZTCl," Bật mí menu “tiếp sức chiến sĩ, tiếp lửa đồng bào” Vinamilk mang tới Concert Quốc Gia 

 Sữa tươi quốc dân, 100% tươi ngon
 Sữa 9 loại hạt, rang thơm béo bùi
 Sữa đậu nành ngon như nhà nấu, thơm hương lá dứa
 Sữa tươi Green Farm sóng sánh mịn màng, mải mê mê mãi
 Nước tinh khiết Icy giải khát tức thì

Vô vàn sữa thơm nước mát đã sẵn sàng. Mời đồng bào ghé ngay booth Vinamilk để thưởng thức 

#Vinamilk #TiepSucChienSi #TiepLuaDongBao",160,17,8,2025-04-29 19:21:20,Photo
https://www.facebook.com/vinamilkofficial/posts/pfbid02ZfFuaDnqMdKNDpTGa2EJJmPZuLXxnY2VxXzfbkxJL1UNLQJY6n2gy9NQQUiNfgqWl," Thời gian, địa điểm rõ ràng
Sẵn sàng cùng Vinamilk ""trẩy hội non sông"" chưa bạn ơiiii
 
Vinamilk đã chuẩn bị đến 150.000 hộp sữa, vừa ngon vừa dinh dưỡng lại còn hoàn toàn miễn phí. Đồng bào chỉ cần đến và thưởng thức, giữ sức hết mình cho ""Concert Quốc Gia”, việc tiếp sức năng lượng cứ để Vinamilk lo!
 Tối 29.4 & Tối 30.4: 10 booth tiếp sức tại đường Nguyễn Huệ và Bạch Đằng
 Mời bạn bỏ túi bản đồ Vinamilk booth tiếp sức nha.
 
#Vinamilk #TiepSucChienSi #TiepLuaDongBao",3903,79,55,2025-04-29 06:34:27,Photo
https://www.facebook.com/vinamilkofficial/posts/pfbid028AfMnJSAALPE4GgUYhg6hhFkPdc3aWC58t1Pm9ZNKZMjH9w5YAZ2VUBkfH7CkedHl,"VIỆT NAM - 50 NĂM THỐNG NHẤT ĐẤT NƯỚC  
VINAMILK - 49 NĂM TIẾP DINH DƯỠNG ĐỒNG BÀO

Hân hoan trong niềm vui 50 năm giải phóng, Vinamilk tự hào chạm cột mốc 49 năm bền bỉ với tâm nguyện chăm sóc dinh dưỡng cho Việt Nam, cùng đồng bào xây dựng đất nước.

Với sứ mệnh của người chăm sóc, Vinamilk sẽ góp mặt trong chuỗi sự kiện diễu binh ngày 29 - 30/4 để tiếp sức chiến sĩ, tiếp lửa đồng bào. Mọi người hãy cùng đón chờ những hoạt động của Vinamilk tại sự kiện nhé! ✨

#Vinamilk #TiepSucChienSi #TiepLuaDongBao",352,6,30,2025-04-28 17:47:34,Photo
https://www.facebook.com/vinamilkofficial/videos/2464801093874604/,"LÊN MEN TỰ NHIÊN CÔNG THỨC 9 HẠT NỨC TIẾNG

Gia đình 9 hạt nay kết nạp thêm thành viên sữa chua ăn thuần chay với chất sữa chua sánh mịn, tăng đạm đến 85%, cùng bạn theo đuổi lối sống lành mạnh.

9 hạt thuần chạy mời bạn thử ngay! 

#Vinamilk #SuaChuaAn #SuaChua9LoaiHat #SuaChuaThuanChay",217,7,16,2025-04-28 05:00:41,Video
https://www.facebook.com/vinamilkofficial/posts/pfbid0vvnbpaRQiwvBmcy8Ly1pJotS7MRXgv31pbHATkxXnchvCYTgR7kwUX8PM4mRKMLZl,"TRẢI NGHIỆM MỚI CHO NHỮNG TÍN ĐỒ SAY (SƯA) CÀ PHÊ

Nếu bạn là một tín đồ say (sưa) cà phê đúng nghĩa thì không thể bỏ qua một combo siêu cuốn: Cà phê x Sữa chua vị cà phê - một cú bắt tay từ Vinamilk Green Farm dành cho những ai yêu thích hương vị cà phê này.

Chỉ cần đến quán, gọi nước và đọc mã ""SAY CAFE"", bạn sẽ được tặng ngay 1 hũ sữa chua men Hy Lạp Cà phê ủ lạnh Socola Ngũ cốc - một phiên bản sữa chua ""rất cà phê"", ngon lạ và mịn mượt đến từ Vinamilk Green Farm.

Thời gian áp dụng: 26/04 - 11/05
Chương trình diễn ra tại các quán cà phê chân ái sau:

Khu vực HCM - Little Cam Saigon
Cơ sở 1: 64bis Đường Nguyễn Thị Minh Khai, Quận 1
Cơ sở 2: 115/3 Trần Quốc Thảo, Quận 3
Cơ sở 3: 3/13D, Võ Văn Tần, Quận 3
Cơ sở 4: 60/1 Đ. Lê Thị Riêng, Phường Phạm Ngũ Lão, Quận 1

Khu vực Hà Nội - Raaw Cafe
Cơ sở 1: B7 P. Hoàng Đạo Thúy
Cơ sở 2: 15 Hàng Buồm, Hoàn Kiếm

Đi cà phê, đọc code, nhận sữa chua ngon chua béo. Bạn đã ""say cafe"" đủ để thử chưa?

#Vinamilk #GreenFarm #menHyLap #capheulanh #RAAWCoffee #LittleCam",138,0,17,2025-04-27 09:00:47,Photo
https://www.facebook.com/vinamilkofficial/videos/1260808402132005/,"Muôn nết kén ăn tựu chung một bàn!?​
Liệu sẽ kết hay là chấm hết?​

Theo chân Khoai Lang Thang mang ‘chiếc bàn kết bụng' của Sữa chua Vinamilk đi khắp mọi nơi, tìm kiếm và kết nối những tâm hồn ăn uống độc lạ còn đang cô đơn!​

Cùng đoán xem, người dưng ngược ‘nết' vẫn kết chung bàn?​

#Vinamilk #SuachuaVinamilk #Kettunetbung",703,33,219,2025-04-26 13:00:53,Video
https://www.facebook.com/vinamilkofficial/posts/pfbid02TWuUv9jKvZrmQuFccRFYBAHkzeLf94i4SsAyV76ttdwQV9upfsravU9jnEQ2AfQPl,"Logo Purity Award trên các bao bì sữa bột trẻ em của Vinamilk là lời chứng nhận ""nặng ký"" nhất cho chất lượng An Toàn và Tinh Khiết của sản phẩm.

 Vượt hơn 400 tiêu chí khắt khe theo quy định của Mỹ và Liên minh Châu Âu, sản phẩm là minh chứng rõ ràng cho lời hứa của Vinamilk: Không bao giờ thỏa hiệp với chất lượng, gần 50 năm qua! 
 
#Vinamilk #PurityAward #CleanLabelProject #GiảiThưởngAnToànTinhKhiếtTừMỹ",207,7,59,2025-04-26 01:00:54,unknown
https://www.facebook.com/vinamilkofficial/videos/1674527746519348/,"Tủ lạnh của người mê sữa hạt không có gì ngoài…​

Muốn biết ngoài gì, mời bạn vào xem hết clip nha!​
​
Tranh thủ sắm về, lắp đầy và trải nghiệm thử thôi: https://bit.ly/3YPmeZI

#Vinamilk #SuaHatDauNanh #XayNguyenHat",108,56,14,2025-04-25 13:00:55,Video
https://www.facebook.com/vinamilkofficial/videos/710381435006160/,"Từ lười măm đến thèm ăn. Hành trình nan giải đã có Probi Cam hoá giải!

Nhờ bổ sung Probi cam mỗi ngày, tỷ tỷ nỗi lo vì con yêu biếng ăn nay hóa tỷ tỷ hạnh phúc vì ngoan xinh yêu của mẹ măm đều:
Lợi khuẩn  L. CASEI 431™ giúp gia cố hàng rào miễn dịch, được chứng minh giảm đến 40% số ngày mắc cảm cúm cho bé và hỗ trợ quá trình tiêu hoá và hấp thu các dưỡng chất (*).
Bộ ba Lysin, Kẽm và vitamin B1, hỗ trợ kích thích thèm ăn, giảm 12,2% chứng rối loạn tiêu hóa, 11% tỷ lệ ngậm thức ăn của trẻ (*).
Vị ngon ngọt lành, thơm ngon từng ngụm.

#Probi #Emruotnuotdoi",311,17,19,2025-04-23 11:02:34,Video
https://www.facebook.com/vinamilkofficial/posts/pfbid0ggwWVEknEHekKCivSSMD1yv7YoFQV8QsB6gEWSRij3i4pQNHaQ2vu9iBjNf6zsdwl,"Coming soon. 26.04.2025

#Vinamilk #GreenFarm #menHyLap #capheulanh",155,11,5,2025-04-23 00:01:45,Photo
https://www.facebook.com/vinamilkofficial/videos/1252429823170154/,"Sữa tươi Green Farm có mùi thơm cỏ hoa tự nhiên là vì đâu? 
Xem câu trả lời tại đây!

#Vinamilk #GreenFarm",795,11,47,2025-04-22 13:00:56,Video
https://www.facebook.com/vinamilkofficial/videos/651861940797262/,"Sữa nào cũng được sản xuất giống nhau? 
Xem câu trả lời tại đây!

 #Vinamilk #GreenFarm",1873,44,154,2025-04-22 12:31:28,Video
https://www.facebook.com/vinamilkofficial/posts/pfbid02DABHbaEhGYsvgu9cHY9qw5HtzJAvV7ZYTnkWyj8GbcJrxXfH5JVojwyrAc5bmdxFl,"MÓN MỚI ĐÀO: PROBI ĐÀO ÍT ĐƯỜNG 
Chuyến này Probi đào được ""trăm tỷ"", cụ thể là 104 tỷ lợi khuẩn L.CASEI 431™ trong Probi Đào ít đường mới keng. 

 Chỉ cần 2 chai Probi Đào mỗi ngày, hàng tỷ lợi khuẩn L.CASEI 431™ sẽ luôn đồng hành và bảo vệ đường ruột của bạn trên mọi hành trình. 
 Đặc biệt: 0 chứa chất béo, lại giảm hơn 40% lượng đường (so với vị truyền thống).

Càng đào càng thấy êm ruột nuột đời!
#Probi #Emruotnuotdoi",2572,58,56,2025-04-21 12:46:19,Photo
https://www.facebook.com/vinamilkofficial/videos/1345566240015478/,"Chăm dưỡng bò sữa không hề đơn giản!

Toàn bộ đồng cỏ - nguồn thức ăn cho đàn bò được nuôi dưỡng theo phương pháp hoàn toàn hữu cơ trên chính nguồn đất sạch này, không sử dụng bất kỳ loại thuốc trừ sâu hay phân bón hóa học. Đàn bò cũng được chăm sóc theo quy trình nghiêm ngặt, hạn chế bệnh, với việc mỗi cá thể chỉ được điều trị tối đa 3 lần/năm, và quan trọng nhất là không sử dụng kháng sinh. 

Nhờ vậy Vinamilk đã tạo ra loại dòng sữa hút chân không mang chất lượng vượt trội đạt chuẩn tinh khiết an toàn của Mỹ (Clean Label Project).

Credit: VIETSUCCESS 

#Vinamilk  #GreenFarm",668,42,28,2025-04-20 13:01:10,Video
https://www.facebook.com/vinamilkofficial/videos/1479320016414844/,"Điều gì làm nên khác biệt của sữa tươi Green Farm Organic?

Green Farm Organic là món quà của đàn bò Jersey trứ danh tại cao nguyên Tutra Đà Lạt trong khí hậu mát lành cùng thổ nhưỡng tinh khiết được thanh lọc suốt 3 năm.

#Vinamilk  #GreenFarm",1149,13,58,2025-04-20 10:01:14,Video
https://www.facebook.com/vinamilkofficial/videos/1794088061514690/,"Tìm hiểu ngay về nguồn nguyên liệu chất lượng tạo nên Green Farm - Sữa tươi gặt hái 3 giải thưởng danh giá quốc tế về hương vị và độ tinh khiết.

#Vinamilk  #GreenFarm",422,12,98,2025-04-20 05:01:17,Video
https://www.facebook.com/vinamilkofficial/videos/1871747056977239/,"""Nếu nói về ngành sữa, người ta nói tiêu chuẩn Châu Âu là khó nhất! Vinamilk đang theo tiêu chuẩn của Châu Âu. Đã theo Châu Âu là chi phí cao hơn, khó khăn hơn kiếm nguyên vật liệu quy trình sản xuất khó hơn. Nhưng mình nghĩ là cái gì tốt nhất thì mình làm!"" - CEO Mai Kiều Liên

Credit: VIETSUCCESS 

#Vinamilk  #GreenFarm",6374,691,232,2025-04-20 01:01:20,Video
https://www.facebook.com/vinamilkofficial/videos/1071000058180593/,"Không chỉ đạt được chứng chỉ sữa chuẩn AAA theo tiêu chí đánh giá nghiêm ngặt của Vinamilk, sản phẩm sữa hút chân không Green Farm còn liên tiếp gặt hái 3 giải thưởng danh giá quốc tế về hương vị và độ tinh khiết. Tuy nhiên, hành trình đi từ quy trình sản xuất sữa khóa tươi đến với những thành công này không hề dễ dàng, đòi hỏi sự chuẩn bị kỹ lưỡng, tỉ mỉ và quyết tâm không ngừng nghỉ từ toàn bộ đội ngũ tạo nên sản phẩm Green Farm với chất lượng vượt trội.

#Vinamilk  #GreenFarm",703,7,54,2025-04-19 13:01:04,Video
https://www.facebook.com/vinamilkofficial/videos/896136209255678/,"Vinamilk Optimum với công thức 6 HMO không chỉ là bước tiến lớn về khoa học dinh dưỡng, mà còn góp phần giải quyết vấn đề sức khỏe khi con rời xa dòng sữa Mẹ vì những lý do bất khả kháng.
 
Cùng lắng nghe cô Mai Kiều Liên, Tổng Giám đốc Vinamilk nói về quyết tâm để ""nhà nào cũng có Mẹ"".
 
Credit: VIETSUCCESS

#Vinamilk #VIETSUCCESS #PurityAward #CleanLabelProject",117,2,11,2025-04-19 13:00:58,Video
https://www.facebook.com/vinamilkofficial/videos/9992467674110434/,"Sữa tươi chuẩn EU Organic
✅ Sữa tươi đầu tiên ở Việt Nam tuân thủ 10 BƯỚC hữu cơ
✅ Đạt chuẩn 7 KHÔNG (*)
✅ Đạt chuẩn an toàn khắt khe từ Mỹ
✅ Đạt giải thưởng được mệnh danh ""Michelin ngành sữa""(*)

#Vinamilk  #GreenFarm",307,8,24,2025-04-19 01:01:02,Video
https://www.facebook.com/vinamilkofficial/videos/1337078767547462/,"Chính từ sự chỉn chu cho từng công đoạn: thiết kế môi trường trang trại, chọn nuôi dưỡng các giống bò thuần chủng, đảm bảo chế độ chăm sóc hay ứng dụng quy trình sản xuất sữa khóa tươi, Vinamilk đã tạo ra dòng sữa hút chân không sánh mịn, thoảng hương cỏ hoa và chinh phục tiêu chuẩn khắt khe về mặt cảm quan lẫn chất lượng của những giải thưởng cấp cao trong ngành thực phẩm.

#Vinamilk  #GreenFarm",411,1,24,2025-04-18 17:24:12,Video
https://www.facebook.com/vinamilkofficial/videos/656206247327773/,"Nguyên liệu làm nên chất lượng!

Để đạt chứng nhận Clean Label Project (Mỹ) về An toàn và Tinh khiết, sữa tươi Green Farm đã phải vượt qua hàng loạt tiêu chuẩn nghiêm ngặt bậc nhất thế giới bao gồm hơn 400 chỉ tiêu khắt khe về dư lượng kháng sinh, hợp chất nhựa không mong muốn, kim loại nặng và dư lượng thuốc bảo vệ thực vật và các chất hoá học có hại khác… 

Nhờ vậy Vinamilk đã tạo ra loại dòng sữa hút chân không mang chất lượng vượt trội đạt chuẩn tinh khiết an toàn của Mỹ (Clean Label Project).

#Vinamilk  #GreenFarm",1766,34,55,2025-04-18 15:54:29,Video
https://www.facebook.com/vinamilkofficial/videos/1209665990760321/,"Sữa là thực phẩm cân đối về hàm lượng dinh dưỡng, nhưng trước hết, cần được đảm bảo về mức độ tinh khiết vì sức khỏe và cơ thể nhạy cảm của con. 
 
Vinamilk tự hào là công ty đầu tiên và duy nhất tại châu Á sở hữu toàn bộ thương hiệu sữa bột trẻ em đạt giải thưởng Purity Award từ Mỹ, sau khi vượt qua hơn 250 lượt kiểm nghiệm khắt khe, sàng lọc cả những chất ô nhiễm mới nổi như kim loại nặng, BPA/BPS, Glyphosate, Phthalates, thuốc bảo vệ thực vật. 
 
Credit: VIETSUCCESS 

#Vinamilk #VIETSUCCESS #PurityAward #CleanLabelProject",152,6,20,2025-04-19 10:49:35,Video
https://www.facebook.com/vinamilkofficial/posts/pfbid0JSWmGWoncazJfnvCJUYMkf2tfKM4CgttwvhDE8aTsNgpFKHLPvLgtWWPRbuJz7agl,"ĐẬU NÀNH NHƯ NHÀ LÀM, THƠM HƯƠNG LÁ DỨA​​

 Dành cho những tín đồ mê vị sữa đậu nành nhà nấu! Vinamilk Sữa Đậu Nành Cao Canxi là sữa đậu nành chứa nhiều Canxi nhất Việt Nam sẽ là một lựa chọn vừa thân thuộc vị nhà, vừa đầy đặn dưỡng chất.​​
​​
 Mời cả nhà mình mỗi người 1 hộp: bit.ly/3XUWtHf
​​
#Vinamilk #VinamilkSuaDauNanhCaoCanxi #SuaNgonNhaNau",5956,652,56,2025-04-18 23:40:30,unknown
https://www.facebook.com/vinamilkofficial/videos/1515012962791519/,"SỮA TƯƠI VINAMILK 100% THÊM VỊ MỚI - 100% TƯƠI NGON, 100% TƯƠI VUI
Khám phá ngay bộ đôi Sữa tươi Vinamilk 100% Giảm béo Chuối & Sữa tươi Vinamilk 100% Dừa MỚI:
 Vẫn là sữa tươi nguyên chất được vắt và đóng hộp ngay trong ngày.
 Nay có thêm vị dừa béo ngậy, vị chuối thơm ngon.

Sản phẩm hiện có bán tại các cửa hàng tạp hóa, siêu thị, hệ thống website & cửa hàng Vinamilk trên toàn quốc.

Bạn đã thử chưa?

#Vinamilk #Suatuoi100 #tuoimoingay",2160,77,66,2025-04-18 12:31:26,Video
https://www.facebook.com/vinamilkofficial/videos/1581489319194825/,"Không thể sửa sai khi thực phẩm đi vào cơ thể, nên nguyên tắc bất di bất dịch của Vinamilk trong gần nửa thế kỷ qua luôn là ưu tiên chất lượng lên trên hết!
 
Credit: VIETSUCCESS

#Vinamilk #VIETSUCCESS #PurityAward #CleanLabelProject",496,27,167,2025-04-17 13:01:02,Video
https://www.facebook.com/vinamilkofficial/videos/2828790123960535/,"#9 XỐT MUỐI TIÊU CHANH 9 HẠT 
 
Không phải xốt muối tiêu chanh nào cũng như nhau! 
Bạn đã thử phiên bản độc lạ này của muối tiêu chanh? 
 
Để những món ăn thanh đạm trở nên đậm vị và dậy hương hạt, bỏ túi ngay công thức làm món xốt muối tiêu 9 hạt chỉ với 1 BƯỚC DUY NHẤT –  trộn đều các nguyên liệu cùng Creamer 9 loại hạt 
 
Từ món chay luộc như nấm, rau củ luộc,... đến món mặn hấp như hải sản, gà… xốt muối tiêu 9 hạt hoàn toàn có thể làm mới - Cân bằng chua ngọt và thêm chiều sâu béo bùi 
 
Vinamilk đã thử và thành công!  Mời bạn một chén chấm với Creamer 9 hạt: https://bit.ly/3Gcdkit 
 
#Vinamilk #Creamer9LoạiHạtVinamilk #XốtMuốiTiêuChanh #MónNgonThuầnChay #ThơmHạtBéoBùi",323,17,25,2025-04-17 12:15:33,Video
https://www.facebook.com/vinamilkofficial/posts/pfbid02EhBeakM1tT3ZYGxwxdFLyR4eMBZAbV7hfcgRp7hMjBApq4bj4hDxxtJQWarSQ4val,"Có nhiều thứ đáng để đợi trong cuộc sống này.

Đợi bạn gái thì được. Đợi cúm ghé thăm mình.. thì không!

❤️Probi có chứa 65 tỷ lợi khuẩn L. CASEI 431™(*), giúp kết nạp thêm 30% kháng thể IgG và đẩy lùi 40% số ngày mắc cảm cúm. Sống là không chờ đợi....cúm!

#Probi #Emruotnuotdoi

--------
(*) Số lượng lợi khuẩn L. CASEI 431™ có trong 1 lốc 5 chai 65ml.",2122,18,25,2025-04-16 23:35:43,Photo
https://www.facebook.com/vinamilkofficial/videos/960787639221437/,"Sữa tươi Vinamilk - tự hào là ""Sữa tươi duy nhất đạt chứng nhận quốc tế về chất lượng & vị ngon""

 Giải thưởng An Toàn Tinh Khiết chuẩn Mỹ: Vượt qua gần 400 bài kiểm tra khắt khe, Sữa tươi Vinamilk 100% đạt chứng nhận uy tín về An toàn & Tinh khiết của Clean Label - tổ chức kiểm nghiệm độc lập từ Mỹ.

 Giải thưởng VỊ NGON THƯỢNG HẠNG - sự công nhận từ các chuyên gia quốc tế với giải thưởng danh giá được ví như sao Michelin trong làng sữa.

Thật đúng là Sữa tươi quốc dân - đẳng cấp quốc tế. 100% TƯƠI cỡ này, đúng ý mẹ chưa?",2606,80,96,2025-04-16 10:55:53,Video
https://www.facebook.com/vinamilkofficial/posts/pfbid02beuoxr4AVw2h6NnkgoYobiso1PFsU1Ds1VUCbzhPiDnKzdwLFsxmVostV9suAKE7l,"Ai cũng có một hội bạn mà chỉ thấy hẹn hoài chẳng chốt được kèo nào.

Trong lúc đợi tụi bạn thống nhất thời gian địa điểm rõ ràng, bổ sung ngay 2 chai Probi với hàng tỷ lợi khuẩn L. CASEI 431™ từ châu Âu, hỗ trợ tăng 30% kháng thể IgG và giúp giảm 40% số ngày mắc cúm.

Đợi bạn chốt kèo thì lâu mấy cũng được. Chứ nhất quyết không đợi cúm ghé thăm!
#Probi #Emruotnuotdoi",1765,28,27,2025-04-15 11:58:27,Photo
https://www.facebook.com/vinamilkofficial/videos/2487830084897273/,"SỮA CHUA GREEN FARM - VỊ MỚI ĐẦY CUỐN HÚT

 Được lên men từ chủng men sống 30 năm tuổi tại đảo Crete Hy Lạp, kết hợp cùng cà phê Robusta được rang đều tay, xay kỹ lưỡng, sữa chua Green Farm mới mang tới hương vị cuốn hút, đậm đà và tinh tế.

 Mỗi hũ chứa tới 600 triệu men sống, 5g đạm, kết hợp cùng socola và ngũ cốc giòn rụm - vừa cao đạm dinh dưỡng, vừa chua béo ngọt lành.

Sữa chua men Hy Lạp Cà phê Ủ lạnh Socola Ngũ cốc - Bạn đã thử chưa?

#Vinamilk #GreenFarm #menHyLap #capheulanh #socolanguco",1084,48,83,2025-04-14 13:01:01,Video
https://www.facebook.com/vinamilkofficial/videos/1343439190199021/,"SỮA CHUA THUẦN CHAY MỚI TỪ VINAMILK

Làn sóng mới cho tín đồ mê thuần chay!
 9 Loại Hạt: Dinh dưỡng đầy ụ chỉ trong một hũ
 Yến Mạch Xoài Chanh Dây: Yến mạch sánh mịn cùng xoài chanh dây mát rượi

Không chỉ ngon miệng mà còn hoàn hảo cho cơ thể – sữa chua thuần chay cho lối sống lành mạnh.

Mời bạn thưởng thức! ✨

#Vinamilk #SuaChua9Hạt #SuaChuaYenMachXoaiChanhDay",324,49,55,2025-04-14 03:00:25,Video
https://www.facebook.com/vinamilkofficial/posts/pfbid02KVLpawezSwPeKr8B7qy8wooSXf7fxhrSv7b6w6nQc4oSmp69ASpz6s2dNbW1286Tl,"LỰA SÁCH CHIỀU Ý​ 
LỰA VỊ CHIỀU BỤNG​ 

 Sách mỗi người một gu. Nết ăn mỗi người một kiểu. Còn thư viện Sữa chua Vinamilk thì luôn đủ vị ít đường chiều bạn, dù kén tới đâu.​

 Kể về tựa sách bạn thích đi, để Vinamilk lựa vị chiều chuộng!​

#Vinamilk #SuaChuaVinamilk",149,824,133,2025-04-13 06:30:23,unknown
https://www.facebook.com/vinamilkofficial/posts/pfbid0v47YCYDyxbNqxxZjDghuSKwYvrvVnSEgKXT88pgkypwAE7zQidJuvcpouHEw3JtLl,"SỮA ĐẬU NÀNH CHỨA NHIỀU CANXI NHẤT VIỆT NAM

 Chính là Sữa đậu nành Cao Canxi Vinamilk! Thơm ngon ngát hương lá dứa như nhà nấu. Chứa đến 270 mg canxi, tương đương với lượng canxi có trong 390g cua bể hoặc 700g tôm biển, giúp nuôi dưỡng hệ xương vững chắc.

Thử và cảm nhận: https://bit.ly/3XUWtHf

#Vinamilk #CaoCanxi 
#SữaNgonNhàNấu
#SuaDauNanhVinamilkCaoCanxi",4920,3499,50,2025-04-12 10:00:21,unknown
https://www.facebook.com/vinamilkofficial/videos/652947054190139/,"Tại sự kiện FHA Singapore 2025 có gì vui? Cùng Vinamilk bật mí nhé.

#FHA2025 #FoodAndBeverage #TradeShow #Singapore #SingaporeExpo #Vinamilk",162,5,11,2025-04-11 13:30:19,Video
https://www.facebook.com/vinamilkofficial/posts/pfbid02XWKbeNNfJNEUbgfoWeWC8VjaGW668PnTo3SSd59oWoeRmzLwfN7ijPdB1i2P7nncl,"SỮA CHUA ĂN TỪ YẾN MẠCH LẦN ĐẦU TIÊN CÓ MẶT TẠI VIỆT NAM ​
​
Khi yến mạch là nền, xoài là điểm nhấn, và chanh dây là dấu chấm cảm cho vị giác. Kết cấu mịn mượt, hậu vị tươi sáng – mở ra một trải nghiệm thuần chay nhưng đầy ""chất"".​

 100% thuần chay từ yến mạch​
 Tăng cường đạm thực vật, nạp năng lượng bền vững​
 Giảm -53% chất béo, nhẹ bụng – nhẹ lòng​

Dành cho những ai đang tìm kiếm hương vị thuần chay. Vinamilk đã có ngay cho bạn sự lựa chọn mới mẻ. Mời bạn, mời bạn!​

#Vinamilk #SuaChuaAn #SuaChuaYenMachXoaiChanhDay #SuaChuaThuanChay",290,25,16,2025-04-10 13:20:40,GenericAttachmentMedia
https://www.facebook.com/vinamilkofficial/posts/pfbid02FQ2dkYcj6nLCCAggo1ncBLKNGiHJJ6oFFfT6i9EcNk8RAEwH76JhydJE6h6iJsaql,"PROBI ÍT ĐƯỜNG ĐÃ CÓ ""TRĂM TỶ"", SẴN SÀNG CHƠI LỚN!
Sở hữu gia tài ""trăm tỷ"" chẳng còn khó vì giờ Probi Ít đường đã có chai lớn chứa hàng ""trăm tỷ"" lợi khuẩn vượt trội L.CASEI 431™ với vô vàn lợi ích sức khỏe:
✅ Bổ sung hàng ""trăm tỷ"" lợi khuẩn vượt trội L.CASEI 431™ từ châu Âu với hơn 90 nghiên cứu lâm sàng & khoa học hỗ trợ cải thiện sức khỏe hệ tiêu hóa.
✅ Giảm tới 40% lượng đường carbohydrate (so với vị truyền thống).
✅ Đặc biệt, 0% chất béo.
 
Probi Ít đường có tới hai cỡ 400ml & 700ml đủ cho cả nhóm, đủ cho cả nhà. Chỉ cần mỗi ngày 2 ly, cả nhóm êm ruột chơi lớn! 
 
#Probi #Emruotnuotdoi",2396,34,51,2025-04-09 13:11:01,Photo
https://www.facebook.com/vinamilkofficial/videos/2254377374958051/,"Cùng Vinamilk đón chờ những hoạt động thú vị tại FHA Singapore 2025 bạn nha!
--------
 Join Vinamilk in looking forward to exciting activities at FHA Singapore 2025!
 
#FHA2025 #FoodAndBeverage #TradeShow #Singapore #SingaporeExpo #Vinamilk",85,4,7,2025-04-08 13:01:23,Video
https://www.facebook.com/vinamilkofficial/posts/pfbid02YzhwSgNPe53VnhFxnF8c2fadAXAT3wwjqavhyGHUJrvR6tDUzSAqdDXDTkdj5nYYl,"Vinamilk x FHA Singapore 2025! 

Vinamilk sẽ có mặt tại sự kiện FHA 2025  - Sự kiện thương mại thực phẩm & đồ uống lớn nhất châu Á! Cùng đón chờ những hoạt động thú vị của Vinamilk tại đây! 
----
Vinamilk will be present at the FHA event - Asia's largest food and beverage trade show! Stay tuned for exciting activities from Vinamilk at the event! We look forward to seeing you at Vinamilk booth 6L3-11 (Hall 6). 
Check more information: https://fhafnb.com/

#FHA2025 #FoodAndBeverage #TradeShow #Singapore #SingaporeExpo #Vinamilk",188,10,10,2025-04-07 01:00:36,Photo
https://www.facebook.com/vinamilkofficial/videos/1085847749972106/,"Khi cuộc đời cho hạt cà phê, Vinamilk Green Farm sẽ làm gì?

Cùng đón chờ điều đặc biệt sắp tới từ chúng mình nhé!

#Vinamilk #GreenFarm #comingsoon",973,68,41,2025-04-05 12:59:50,Video
https://www.facebook.com/vinamilkofficial/videos/1017851846954794/,"Mọi người đã thử sữa chua hot hit của Green Farm chưa? Thử ngay sữa chua uống & sữa chua men Hy Lạp để xem tại sao cháy hàng bạn nhé?

#Vinamilk #GreenFarm #Suachuauong #6chungmen",1064,53,137,2025-04-04 05:00:39,Video
https://www.facebook.com/vinamilkofficial/posts/pfbid0PhkpCyHsQhuAcb5if4NQWadsKMqcTE4BoXXey4h3MvA8XLEFcYWYenyPhz4YCCzfl,"Đợi sếp tăng lương thì được, chứ đợi cúm gõ cửa thì không!
Có Probi Lựu đỏ trong tay - Tăng đề kháng, lên tinh thần.

Probi Lựu đỏ ít đường, bổ sung 26 tỷ lợi khuẩn L. CASEI 431™, vitamin nhóm B cùng 13mg hoạt chất Tryptophan tăng hormone hạnh phúc, đầy lùi tác nhân gây bệnh, giảm 40% số ngày mắc cúm.
+2 chai Probi Lựu đỏ mỗi ngày để êm ruột, nuột đường đến ngày thăng tiến nhé

#Probi #Emruotnuotdoi",1800,8,24,2025-04-03 21:15:51,Photo
https://www.facebook.com/vinamilkofficial/videos/532538922892581/,"Sữa chua đã ngon, nay mix thêm cùng trái cây sẽ thế nào? Thử ngay!

#Vinamilk #GreenFarm #Suachuauong #6chungmen",174,13,24,2025-04-03 13:31:03,Video
https://www.facebook.com/vinamilkofficial/videos/1029413022384993/,"Một buổi sáng năng động bắt đầu từ bữa sáng ngon lành nhưng vẫn nhẹ bụng. Để Vinamilk gợi ý cho bạn 2 sản phẩm mới toanh: sữa chua men Hy Lạp & sữa chua uống Green Farm nhé.

#Vinamilk #GreenFarm #Suachuauong #6chungmen",122,22,13,2025-04-03 09:48:46,Video
https://www.facebook.com/vinamilkofficial/videos/1632305187489100/,"Nền sữa Green Farm sóng sánh mịn màng, thoảng hương cỏ hoa, có độ béo cao hơn sữa tươi thông thường, làm nên chất sữa chua sánh và mướt.

 Chua béo ngọt lành, bạn đã thử chưa? 

Lấp đầy tủ lạnh của bạn tại: 
 Sữa chua ăn Green Farm: https://bit.ly/3XCJNVj
️ Sữa chua uống Green Farm: https://bit.ly/4hUhzwi",490,4,33,2025-04-02 05:25:24,Video
https://www.facebook.com/vinamilkofficial/posts/pfbid0KBDQWXGZmWarsCe6RQqDgnh84xZta8RQd4JqEZzLwQ7yhYE2obH6YudSMTu3Tgjzl,"The Quốc Khánh Show tập 100 cùng khách mời đặc biệt - CEO Mai Kiều Liên! 
Lần đầu tiên, Tổng Giám đốc Vinamilk chia sẻ về những quyết định quan trọng đằng sau bước đi táo bạo “trình làng thế giới mới”, kết quả ngoạn mục của 2 năm chuyển mình và tầm nhìn chiến lược cho nhiều năm về sau. Bên cạnh đó còn là những lát cắt về vai trò lãnh đạo một thương hiệu Việt tỷ đô của vị nữ doanh nhân duy nhất được Forbes Việt Nam vinh danh “thành tựu trọn đời’.
Click ngay vào đường link bên dưới để xem đầy đủ nội dung Tập chia sẻ đặc biệt này nhé!

https://youtu.be/W8EMghfjbU0?si=HTUwZYf0JIIBuFmf

#Vinamilk #TheQuocKhanhShow",534,56,87,2025-03-31 16:29:07,GenericAttachmentMedia
https://www.facebook.com/vinamilkofficial/posts/pfbid04njtVwLe6ayJKpLa332y41pnQycFEYJwUK2GiFxSN7Ymm19KEKYHFnjiivCPdFmSl,"QUẢ THẬT DỒI DÀO ​
MỜI BẠN GHÉ THĂM SẠP TẠI AEON ​​

1 tuần duy nhất chỉ từ 03/04 - 09/04 tại sự kiện AEON SUMMER FAIR!​

✨ Sắm quả đầy giỏ, nhận quà bao to cùng Nước Giải Khát Vinamilk: ​
 Tặng 01 Bình nước Vinamilk 700ml cho đơn từ 99k ​
 Tặng 01 Combo 3 hộp đựng thực phẩm cho đơn từ 199k ​
✨ Thử miễn phí các dòng sản phẩm mới, quả thật là ngon miễn bàn ​
✨ Trải nghiệm các hoạt động tương tác: check-in sạp quả và cân quả trúng quà thật 100% ​

 Deal xịn, quà to, quả thật đã sẵn sàng, chỉ chờ bạn tới thăm!​

Chi tiết địa điểm đăng ký tham gia Aeon Summer Fair (3 - 9/4) tại đây, Vinamilk mời bạn đến chơi nha! 
• AEON Tân Phú Celadon: 30 Bờ Bao Tân Thắng, P. Sơn Kỳ, Q. Tân Phú, TP. Hồ Chí Minh
• AEON Bình Tân: Số 1, Đường Số 17A, P. Bình Trị Đông B, Q. Bình Tân, TP. Hồ Chí Minh
• AEON Bình Dương Canary: Số 1 Đại lộ Bình Dương, Khu phố Bình Giao, P. Thuận Giao, TP. Thuận An, Bình Dương
• AEON Sora Gardens SC: Đại lộ Hùng Vương, Thành phố Mới Bình Dương
• AEON Long Biên: Số 27 Đường Cổ Linh, P. Long Biên, Q. Long Biên, Hà Nội
• AEON Hà Đông: Khu dân cư Hoàng Văn Thụ, P. Dương Nội, Q. Hà Đông, Hà Nội
• AEON Hải Phòng Lê Chân: Số 10 Đường Võ Nguyên Giáp, P. Kênh Dương, Q. Lê Chân, TP. Hải Phòng

#Vinamilk #VINAMILKNƯỚCTRÁICÂY #QUẢLÀTHẬT",102,59,18,2025-03-30 03:32:50,unknown
https://www.facebook.com/vinamilkofficial/videos/1042321271075380/,"Cảm ơn Gai con vì đã tới.
Và hẹn gặp lại tại những lần gặp gỡ tiếp theo với Vinamilk nhé.

#Vinamilk #GreenFarm #NướcGiảiKhát #ATVNCG",121,2,8,2025-03-28 14:36:33,Video
https://www.facebook.com/vinamilkofficial/posts/pfbid0FqoZZbdhdHh3NHLFtoM6CEVXATe9B7tAvLgeCqJ1Dy9dV9sZcDUupB7R7UuKteTHl,"Không đường nào thoát khỏi ...

Bởi hương vị ngất ngây từ bộ đôi sữa hạt không đường mới lên kệ Vinamilk: Sữa 9 loại hạt rang thơm béo bùi và Cao đạm đầy đặn đạm cao. 

Thêm lựa chọn, thêm vị không đường, vẫn ngon không đổi. Hội không đường đã thử chưa?

Trải nghiệm tại đây:
️ Sữa hạt Cao đạm: https://bit.ly/4iHmQsh
️ Sữa hạt 9 loại hạt: https://bit.ly/4hUoOVh

#Vinamilk 
#SuaHat9LoaiHat
#SuaHatCaoDam
#KhongDuong",6824,2467,150,2025-03-28 07:57:42,unknown
https://www.facebook.com/vinamilkofficial/posts/pfbid02DynzVwJS34L2FxKysRfu6tmhTzu92WQA3oPzBGHM16h9XtQt5TmFZQAYsTNGfA6Al,"Sữa chua Nha Đam nhà Vinamilk!​

Chiều miệng với vị ngon dẻo mịn đặc trưng, cùng topping giòn giòn dai dai, Sữa chua Vinamilk Nha Đam chinh phục các đầu bếp châu Âu trứ danh trên thế giới để thắng giải thưởng tuyệt đối về vị ngon thượng hạng Superior Taste. ​

Chăm đẹp da đẹp dáng cùng Sữa chua Nha Đam tại đây: https://shorturl.at/GeIZQ

#SuaChuaVinamilkNhaDam​
_____​
“Sữa chua Vinamilk là thương hiệu sữa chua ăn DUY NHẤT tại Việt Nam đạt được giải thưởng Superior Taste.” (*)​
“Sữa chua Vinamilk Nha Đam là nhãn hiệu sữa chua Nha Đam DUY NHẤT tại Việt Nam đạt được giải thưởng Superior Taste.” (*)​
(*) tính từ năm 2022 đến ngày 14/03/2025, theo kết quả nghiên cứu thứ cấp trên website https://www.taste-institute.com/en/awarded-products/superior-taste-awards",10000,1791,75,2025-03-28 01:18:52,Photo
https://www.facebook.com/vinamilkofficial/posts/pfbid038GZLz2HprwgKCBGjeiPrmxenjiHuLof6czPZ2b39XooCna4D6Y8uRtyrw219ff31l,"Quyết đợi cuối tuần, chứ không đợi cúm!​

Chờ mãi cả tuần mới được đi chơi, sao có thể để mùa cúm chen ngang!

Bổ sung Probi với hàng chục tỷ lợi khuẩn L.CASEI 431™ giúp:​​
️ Tăng 30% kháng thể IgG trong huyết tương khi kết hợp với vacxin cúm​​.
️ Giảm đến 40% số ngày xuất hiện triệu chứng trong các đợt bệnh cúm (sốt, viêm hô hấp, ho).​​

Với 2 chai Probi mỗi ngày​, cả nhà vững dạ “say bye” cảm cúm.​​

#Probi #Emruotnuotdoi",1738,544,11,2025-03-27 18:40:02,Photo
https://www.facebook.com/vinamilkofficial/videos/1259601165599609/,"Muốn tiêu hoá khoẻ, đề kháng tốt, hay là thích nhiều vị ngon, nết ra sao rồi cũng phải kết sữa chua Vinamilk thôi ​

Với 12 triệu men Bulgaricus châu Âu, giàu dưỡng chất và vitamin, lại ít đường, nhớ 2 hũ sữa chua Vinamilk mỗi ngày để chăm bụng khoẻ cả nhà nhé!​

#Vinamilk #SuachuaVinamilk #Kettunetbung",6999,342,98,2025-03-27 12:01:12,Video
https://www.facebook.com/vinamilkofficial/videos/642996031927096/,"Sữa tươi Vinamilk - tự hào là ""Sữa tươi duy nhất đạt chứng nhận quốc tế về chất lượng & vị ngon""

 Giải thưởng An Toàn Tinh Khiết chuẩn Mỹ: Vượt qua gần 400 bài kiểm tra khắt khe, Sữa tươi Vinamilk 100% đạt chứng nhận uy tín về An toàn & Tinh khiết của Clean Label - tổ chức kiểm nghiệm độc lập từ Mỹ.

 Giải thưởng VỊ NGON THƯỢNG HẠNG - sự công nhận từ các chuyên gia quốc tế với giải thưởng danh giá được ví như sao Michelin trong làng sữa.

Thật đúng là Sữa tươi quốc dân - đẳng cấp quốc tế. 100% TƯƠI cỡ này, đúng ý mẹ chưa?",2378,57,59,2025-03-26 03:03:40,Video
https://www.facebook.com/vinamilkofficial/posts/pfbid02C3R92dKSarJeiXskVx7PjUFNLbQLBGLCEBQwV61tMYtSCuu8YNCGEjopK2fQAAkjl,"Cuối tuần vừa rồi các bạn đi đâu? Có Gai Con nào ghé chơi booth Vinamilk Green Farm tại concert Anh Trai Vượt Ngàn Chông Gai không nào? Khoe ngay những khoảnh khắc đáng nhớ của bạn tại Vinamilk x Concert ATVNCG nhé! 

#Vinamilk #GreenFarm #NướcGiảiKhát #ATVNCG",270,17,22,2025-03-25 06:46:42,unknown
https://www.facebook.com/vinamilkofficial/posts/pfbid0jAfGpiM68AePKcGauVQEydRjRkNyopGyw841YP9RF7uQSHQ3B8zFVreZpEA6oSQXl,"[MINIGAME]

3 phút chụp - 2 phút chỉnh - 1 phút đăng  
Rinh ngay quà cực “nuột”! 

Chỉ với 03 bước đơn giản để có cơ hội trở thành người may mắn nhận giải thưởng cực hấp dẫn:
1️⃣ Thả dáng thật sáng tạo khi thưởng thức Vinamilk Probi và chụp lại khoảnh khắc “nuột” đỉnh cao.
2️⃣ Đăng bài ở chế độ công khai với các hashtag: #Probi #Emruotnuotdoi
3️⃣ Gắn thẻ 2 người bạn thân thiết và đính kèm một con số may mắn tại phần bình luận 

 15 bạn may mắn & 15 bạn có bài đăng nhiều tương tác nhất thắng giải Sáng Tạo sẽ nhận được mẫu áo phiên bản giới hạn của Lider x Vinamilk Probi. Kết quả sẽ được công bố ở phần bình luận!
​
Từ ngày 24/03/2025 đến 07/04/2025, nhanh tay bật dáng nuột thần sầu, nhận quà tặng thật ngầu bạn nhé!

Thể lệ và điều khoản: https://bit.ly/4iO1M3b

#Probi #Emruotnuotdoi",1746,51,62,2025-03-24 10:29:44,Photo
https://www.facebook.com/vinamilkofficial/videos/651722661143440/,"1 giờ, 2 giờ, 3 giờ…

Giờ nào cũng thấy booth của Vinamilk có hàng dài người xếp hàng đợi.

Bạn có biết vì sao không? Cùng khám phá nhé!
#Vinamilk #GreenFarm #NướcGiảiKhát #ATVNCG",1354,43,20,2025-03-23 14:12:47,Video
https://www.facebook.com/vinamilkofficial/videos/1164837211954947/,"Day 2: Outfit check!!!
Cùng Vinamilk đi truy tìm Gai con có outfit “matchy” nhất ngày hôm nay.

Nếu Gai con có outfit nào “matchy” với sản phẩm của Vinamilk nữa thì đừng ngần ngại khoe ngay dưới comment nhé!
#Vinamilk #GreenFarm #NướcGiảiKhát #ATVNCG",220,27,12,2025-03-23 13:32:24,Video
https://www.facebook.com/vinamilkofficial/videos/1312709133323569/,"Thử thách pha chế cùng Barista và cái kết.

Trải nghiệm món mới tại đây: https://bit.ly/42cmzI2

#Vinamilk #GreenFarm #SuachuaTopping #menHyLap #Matongngucoc",48,1,2,2025-03-23 01:01:13,Video
https://www.facebook.com/vinamilkofficial/videos/3825048590974185/,"Cùng xem Gai Con “trả quyền lợi” cho Vinamilk thế nào nhé! 

Comment 1 câu bạn muốn nói với Vinamilk khi tham gia concert Anh Trai Vượt Ngàn Chông Gai nhé!
#Vinamilk #GreenFarm #NướcGiảiKhát #ATVNCG",2561,141,34,2025-03-22 14:54:35,Video
https://www.facebook.com/vinamilkofficial/videos/3986076538377080/,"Day 1: 30,000 bạn đã ghé checkin khu vực booth Vinamilk tại concert Anh Trai Vượt Ngàn Chông Gai. 

Còn bạn, bạn đã kịp ghé chơi, dùng thử Sữa chua uống Green Farm & bộ sưu tập Nước Giải Khát mới toanh của Vinamilk chưa?
#Vinamilk #GreenFarm #NướcGiảiKhát #ATVNCG",460,62,19,2025-03-22 13:38:38,Video
https://www.facebook.com/vinamilkofficial/videos/1168398961337745/,"#8 CÀ PHÊ SỮA THUẦN CHAY ☕
NGẤT NGÂY VỊ 9 HẠT 

Cuối tuần xả vai, trở về làm những cô nàng, chàng trai thư giãn 

 Có Cà phê Macchiato thuần chay là người bạn đồng hành chill mọi mặt - cả khi pha chế lẫn lúc nhâm nhi, sẵn sàng vỗ về tâm trạng.

✨ Cà phê sánh đôi Creamer 9 hạt tạo nên sự kết hợp độc lạ, gấp đôi thơm bùi. Lớp macchiato dễ chế biến lại còn thăng hạng hương hạt, quyện thành ly cà phê thơm nức, béo ngậy, ngọt thanh chiều mood!

Creamer 9 hạt là bí quyết để chế biến ly cà phê ưng ý và vỗ về tâm trạng nhất! 
 
️ Sắm ngay bí kíp tại đây: https://bit.ly/4kMfzJm

#Vinamilk #Creamer9LoạiHạtVinamilk #CàPhêSữa #MónNgonThuầnChay #ThơmHạtBéoBùi",254,5,14,2025-03-21 09:11:24,Video
https://www.facebook.com/vinamilkofficial/videos/1235171594694160/,"Đố bạn biết sắp tới nhà Vinamilk đi đâu?
Đón chờ vào ngày 22-23/3 nhé.

#Vinamilk #GreenFarm #Vovevigiac",278,3,35,2025-03-20 14:01:09,Video
https://www.facebook.com/vinamilkofficial/videos/548115871538577/,"Cùng nhà Vinamilk thực hiện thử thách pha chế cùng Barista tại Lễ hội cà phê Việt Nam nhé!!

Trải nghiệm món mới tại đây: https://bit.ly/42cmzI2

#Vinamilk #GreenFarm #SuachuaTopping #menHyLap #Matongngucoc",282,2,13,2025-03-20 12:43:21,Video
https://www.facebook.com/vinamilkofficial/videos/658648623812244/,"Test độ hiểu nhau qua 1 hũ sữa chua
Còn bạn là gu nào? Comment cho Vinamilk biết nhé! 
 
Trải nghiệm món mới tại đây: https://bit.ly/3DTqkc7

#Vinamilk #GreenFarm #SuachuaTopping #menHyLap #Matongngucoc",77,2,5,2025-03-19 17:14:10,Video
https://www.facebook.com/vinamilkofficial/posts/pfbid0CjVpYzZntaoXTbzL9mfzVNqWZ5cKV6TSQ2kNQLjVg3CFY69rhVerxPyWvUDr32DLl,"GIA ĐÌNH SỮA HẠT NAY CÓ THÊM SỮA CHUA✨

Nếu bạn đã mến mộ Vinamilk Sữa 9 loại hạt, thì chắc chắn sẽ yêu ngay Sữa Chua Ăn Thực Vật 9 Hạt!

Sự kết hợp độc quyền 9 loại hạt được lên men tự nhiên trong môi trường thuần chay, giữ nguyên vị sữa rang thơm nhưng mang đến trải nghiệm mới mẻ nhờ chất sữa chua đặc mịn.

Lựa chọn dinh dưỡng hoàn hảo cho tín đồ sữa hạt & người yêu mến ẩm thực chay!

9 hạt mới ủ, mời bạn mấy hũ

#Vinamilk #SuaChuaAn #SuaChuaThucVat9Hat #ThuanChayDinhDuong",322,37,25,2025-03-19 03:08:13,Photo
https://www.facebook.com/vinamilkofficial/videos/9184664108299087/,"QUÀ TỚI QUÀ TỚI!

Mẹ và bé, ai sẽ là người mở ra nhân vật mình thích đầu tiên nhỉ ?
Cuộc đua săn túi mù của Susu đang nóng lên hơn bao giờ hết, MUA 1 ĐƯỢC 3 với siêu nhiều quà tặng hấp dẫn.
Thông tin chi tiết ở phần Bình luận để cả nhà cùng nhau xem ai là người chiến thắng nhé. 

#Susu #QuaSangTao #TuiToMo #VuTruTuongTuong",63,7,15,2025-03-18 13:02:17,Video
https://www.facebook.com/vinamilkofficial/posts/615958914648968:615958914648968,,74,0,10,2025-03-17 07:01:52,Photo
https://www.facebook.com/vinamilkofficial/videos/1797883374343072/,"Cách ăn sữa chua hơi bất thường nhưng ngon bất ngờ! 

Trải nghiệm món mới tại đây: https://bit.ly/4ksR43I

#Vinamilk #GreenFarm #SuachuaTopping #menHyLap #Matongngucoc",420,30,142,2025-03-16 01:01:28,Video
https://www.facebook.com/vinamilkofficial/posts/pfbid0gRS2hDwgZgGRmEw7dwRWAHP4HtdLDv2QMSajWYZP1Gco6DFESfdiBhRn2M2UEniKl,"VINAMILK X AEONMALL
QUÀ TỚI QUÀ TỚI - 1 TUẦN DUY NHẤT TẠI AEON
 
 Duy nhất trong 06 ngày từ 13/03 - 19/03 rinh ngay deal hời tại sự kiện AEON MILK FAIR!
 
✨Tặng quà vui khỏe: Sữa chua nha đam ít đường Collagen/ Sữa chua uống Probi việt quất/ Sữa tươi 100% 180ml (ít đường & dừa) cho đơn 100K
✨Nhận quà xinh xắn: Túi Tote Vinamilk vàng mơ cho đơn 300K
✨Rước quà đáng yêu: Gấu Bông hoặc Gối Tựa Lưng Capybara cho đơn 500K
 
 Số lượng ưu đãi có hạn, rộn ràng sắm sửa, rước quà về nhà nha!
 
#Vinamilk
#VINAMILKxAEONMILKFAIR",1489,109,34,2025-03-15 03:46:13,Photo
https://www.facebook.com/vinamilkofficial/posts/pfbid02JQsfd1wuRKJrCvY9pabP2TLXZcwF42ENxuC6eAUGRrkYScrfhUm4BT5QK6uvKqVgl,"Ai cũng nhắc đến hoa Atisô, nhưng quả thật lá mới chính là tinh hoa dược điển ❤️​
​
Vinamilk cất công tìm hiểu khắp nơi để tìm ra giống Atisô xanh Cynara scolymus L. chứa hàm lượng chất chống oxy hóa cao nhất từ vùng đất cao nguyên Lâm Đồng màu mỡ, rồi cô chân không từ 3,5kg lá tươi chỉ để lấy đủ 100g cao đặc đóng gói từng hộp. Đảm bảo vị ngon luôn đồng đều quanh năm. ​
​
Vinamilk chắt góp từng giọt tinh túy giàu dược tính, cho bạn mỗi bữa ăn mát gan, giảm cholesterol và thanh lọc cơ thể đều đặn 365 ngày ​
#VFRESH #THAYÁOMỚI #VINAMILKNƯỚCTRÁICÂY #QUẢLÀTHẬT",127,6,13,2025-03-14 06:30:59,Photo
https://www.facebook.com/vinamilkofficial/posts/pfbid0eH9kVphFvEsUHiGdudvKVgfF36hdecqncuYRa7sNDT3tS6TwgQQQvGNJnPJwWQxUl,"Trước những hành vi giả mạo tinh vi, chúng tôi hy vọng khách hàng và ứng viên luôn chủ động kiểm soát và đối chiếu thông tin, không để các nguồn thông tin không chính xác gây ảnh hướng đến quyền lợi của bản thân.",129,6,10,2025-03-13 09:15:44,unknown
https://www.facebook.com/vinamilkofficial/videos/9781874028513831/,"Khoảng cách xa nhất là giữa những người trái nết bụng.​

Còn lấp đầy khoảng cách đó, cứ để Sữa chua Vinamilk!​

Mọi sự kén chọn trên đời, dù muốn tiêu hoá khoẻ, đề kháng tốt hay thích nhiều vị ngon, đã có Sữa chua Vinamilk với 12 triệu men Bulgaricus châu Âu, giàu dưỡng chất, vitamin, lại đủ vị ít đường nhiệt tình chiều bạn!​

Bạn có biết, bổ sung men sống Bulgaricus giúp chăm sóc hệ lợi khuẩn dạ dày, bảo vệ điểm chạm đầu tiên của hệ miễn dịch.​

#Vinamilk #SuachuaVinamilk #Kettunetbung",4293,215,53,2025-03-12 12:00:30,Video
https://www.facebook.com/vinamilkofficial/posts/pfbid02G6SHPXsLbZ4EXwfZC9QFVLQN1Xci4QQuuPg1sZG1ksqnRQs4WKmGKD8saWL9arkwl,"5 BƯỚC P-R-O-B-I, VỮNG DẠ THẮNG CÚM​​

✅P - Phải đeo khẩu trang ​​
✅R - Rửa tay thường xuyên​​
✅O - Ôn luyện thể dục​​
✅B - Bổ sung 2 chai Probi mỗi ngày ​​
✅I - Ít nhất 2m là khoảng cách ưu tiên khi trò chuyện​​

5 bước đơn giản cùng 2 chai Probi mỗi ngày, bổ sung hàng tỷ lợi khuẩn L.CASEI 431™ giúp tăng 30% kháng thể IgG khi kết hợp cùng vắc xin cúm và hỗ trợ giảm đến 40% số ngày mắc cúm!​​
Có Probi, sống chủ động không đợi cúm!​​

#Probi #Emruotnuotdoi",370,5,7,2025-03-11 16:10:32,Photo
https://www.facebook.com/vinamilkofficial/posts/pfbid07ptxQ5NDQ1vB5n4GVYLuxs8ChSCrVMyqYj4QbuM6oNT1NjWj3eGg6M4WqtdTeBhEl,"Đầu năm bộn bề công việc?
Cần ngay 01 chai Probi mỗi ngày cho ruột khỏe để vạn KPI khởi đầu êm! 
Probi chứa 65 tỷ(*) lợi khuẩn L. CASEI 431™ từ Châu Âu được chứng minh hiệu quả qua hơn 90 nghiên cứu lâm sàng, giúp kết nạp thêm 30% kháng thể IgG khi kết hợp cùng vắc xin cúm và hỗ trợ giảm đến 40% số ngày mắc cảm cúm(**) giúp nâng đề kháng và giữ sức bền làm việc.
​
#Probi #Emruotnuotdoi 
—-
(*) Số lượng lợi khuẩn L. CASEI 431™ có trong 1 lốc 5 chai 65ml.
(**) Nguồn: Nghiên cứu lâm sàng về “Hiệu quả miễn dịch của Probiotics và tác dụng của chủng men L. CASEI 431™ trong việc phòng ngừa cảm cúm” – Tập đoàn men sống hàng đầu Châu Âu Chr. Hansen (Đan Mạch) – Năm 2011.",2209,15,14,2025-03-10 20:20:35,Photo
https://www.facebook.com/vinamilkofficial/posts/pfbid02Ju3tPJfkwR6ariBFkznynmVH6V1rn8KPwQP5zpRwnVjCDfKoRpRkneoP75ddeLxal,"Đổ mồ hôi là cơ chế giải nhiệt của cơ thể sau buổi tập nhưng khiến bản thân mất nước và chất điện giải. ​
​
Có ngay Dừa ngọt nước Vinamilk:​
 Dừa đủ 3 trái trong 1 hộp bao ngon​
 Dừa đủ 11 tháng hái xuống thanh ngọt. ​
 Dừa đủ bù nước và điện giải hơn hẳn nước lọc nhờ giàu electrolytes, lý tưởng cho những lúc háo nước sau giờ thể dục​
Thử ngay để ngày pickleball thêm sung sức!  ❤️​

#VFRESH #THAYÁOMỚI #VINAMILKNƯỚCTRÁICÂY #QUẢLÀTHẬT",130,3,14,2025-03-10 00:30:38,Photo
https://www.facebook.com/vinamilkofficial/posts/pfbid0bcQBdQbWaZch6gAaUV5W2F3cvhYHGgLSdXNteV5HohZFRKXR7TRhJ17Lnb61BBBsl,"Dấu hiệu cho thấy nàng đã gặp ""đúng người"":  8.3 được nhận món quà tinh ý. 
Vinamilk ở đây để giúp bạn trở thành người ấy với bộ 3 món quà được kỳ công mang về từ khắp thế giới. 

 QUÀ 26 TỶ (lợi khuẩn L.CASEI 431 châu Âu) từ Vinamilk Probi Lựu đỏ ít đường, êm đường ruột, nuột đường đến hạnh phúc
 QUÀ 12 TRIỆU (men sống Bulgaricus châu Âu) trong sữa chua Vinamilk, khỏe bụng đẹp da
 QUÀ CAM ĐÀO MỌNG (500mg Collagen) trong nước trái cây Vinamilk được tuyển chọn từ khắp thế giới, cho nàng luôn tươi trẻ căng tràn như vị cam đào mọng nước.

Mừng ngày Quốc tế phụ nữ, chúc nàng luôn vững vàng là chính mình, rạng ngời tỏa sắc mỗi ngày, để thế giới luôn tràn đầy sức sống . 

#Probi #Emruotnuotdoi 
#SuaChuaVinamilk #NuoctraicayVinamilk",1956,39,56,2025-03-09 04:40:41,unknown
https://www.facebook.com/vinamilkofficial/posts/pfbid0rdTestMwFhpAnixexqyvgcTd4iYnk29TQ2s7byr8oMsJWfPYjesnYtvJv6XT2PTDl,"Biết sẽ mất lòng những nếp nhăn, tóc chẻ ngọn, Nước trái cây collagen Vinamilk vẫn mang 3 vị ngon thanh mát, bổ sung đến 500mg collagen thủy phân dễ hấp thu cho các 'nàng' để không chỉ 8/3, ngày nào chị em chúng mình cũng căng tràn sức sống, tóc đẹp, dáng xinh. Nàng vui vẻ, cả thế giới vui lây.
 
Chúc 8.3 và 364 ngày còn lại, lúc nào cũng là ngày để thế giới phải thốt lên: Nàng quả thật là đẹp!
 
#NuoctraicayVinamilk #Collagen",92,5,9,2025-03-08 08:50:44,Photo
https://www.facebook.com/vinamilkofficial/videos/1741978573048197/,"TRAO NGỌT NGÀO, CHO NÀNG LUÔN TƯƠI! 
8/3 sắp đến rồi, cả nhà đã chuẩn bị điều bất ngờ cho người phụ nữ mình yêu thương chưa?
Thử ngay công thức làm bánh su kem béo mịn từ Sữa tươi Vinamilk 100% để tạo nên món quà thật tươi, thật ngọt ngào trong dịp đặc biệt này nhé ! 
#suatuoi100 #vinamilk #vatmoingay #tuoimoingay",141,3,23,2025-03-07 13:00:47,Video
https://www.facebook.com/vinamilkofficial/videos/1092710452658651/,"Mời mẹ sắm luôn 1 thùng Sữa Dinh Dưỡng Vinamilk Ít đường, Không đường và nhận thêm 2 bịch khuyến mãi nha!

 Sữa Dinh Dưỡng Vinamilk bổ sung Vitamin A, Chất xơ hòa tan, D3 & Canxi để cả nhà mình ""Mắt sáng"", ""Bụng êm"", ""Xương khỏe"".
Chương trình áp dụng trên toàn quốc đến 31/03/2025. 
Tổng đài Chăm sóc khách hàng: 1900 636 979
 Mua ngay tại: https://bit.ly/41MHeSI",4778,258,55,2025-03-07 06:11:42,Video
https://www.facebook.com/vinamilkofficial/posts/pfbid0Db5YM1DUNMSWDPGJv7wVE56p3eY8BtU3JTSEBybRum3Bn4wFE6758iTFJ5iAc7Nnl,"Ai cũng nghĩ cam là “chân ái” của Vitamin C, nhưng quả thật ổi ruột hồng mới là tay chơi kín tiếng mà “gắt” nhất hội!​
​
Mỗi lít nước ép Vinamilk chứa 5 trái ổi hồng Psidium Guajava từ vùng đất Ấn Độ trù phú, ép lấy nước sánh đặc, giàu vitamin C gấp 3 lần cam, xơ gấp 5 lần thơm giúp bổ sung đề kháng vượt trội. ​
​
Đời có thể hối hả, nhưng đừng quên nạp một ly ổi ruột hồng để thắng KPI 1- 0 từ hiệp đầu! ​
#VFRESH #THAYÁOMỚI #VINAMILKNƯỚCTRÁICÂY #QUẢLÀTHẬT",182,11,15,2025-03-05 20:51:19,Photo
https://www.facebook.com/vinamilkeshop/videos/981832347461371/,"Sữa chua kiểu úp ngược, bạn đã thử chưa?
Trải nghiệm món mới tại: https://bit.ly/43mIQ7c 

#Vinamilk #GreenFarm #SuachuaTopping #menHyLap #Matongngucoc",349,16,32,2025-03-04 11:30:57,Video
https://www.facebook.com/vinamilkofficial/posts/pfbid0Au8KhbTJezfefqpQwiERQ55xb9c169r9LDHu5WqCfnV6eJqQvHSLHGt4zCvASHHnl,"Phát động chiến dịch ""tái cơ cấu"" dạ dày.
Probi Nghệ Mật Ong vào vị trí! 

✅ Nhân tố ưu tú mang tên dưỡng chất Curcumin chống viêm loét sẵn sàng thực hiện sứ mệnh bảo vệ tại “mặt trận” niêm mạc dạ dày.
✅ 26 tỷ lợi khuẩn L. CASEI 431™ trong 01 chai Probi 130ml với hơn 90 nghiên cứu lâm sàng & khoa học hỗ trợ cải thiện sức khỏe hệ tiêu hóa.

Gia cố đường ruột ngay hôm nay, sao phải để mai? 

#Probi #Emruotnuotdoi",2190,19,39,2025-03-03 23:14:05,Photo
https://www.facebook.com/vinamilkofficial/videos/1175762127482956/,"Điều gì đã làm các vận động viên bất ngờ đến vậy?
Cùng Green Farm Cao Đạm bật mí tại giây 28 nhé

#Vinamilk #GreenFarmCaoDam #VnExpressMarathonHCM2025",115,1,12,2025-03-03 10:57:14,Video
https://www.facebook.com/vinamilkofficial/videos/559439643814963/,"“Serum dưỡng da” mới từ Vinamilk, hỗ trợ chăm da căng mướt chỉ với 1 bước.
​
Tưởng không hiệu quả, mà quả thật săn chắc với Collagen thủy phân và Vitamin C.​

Luôn sẵn bí quyết chăm da 1 bước tại đây: https://bit.ly/3Dg30oz

#Vinamilk #VinamilkJuiceCollagen #NuoctraicayCollagenVinamilk​
#VINAMILKNƯỚCTRÁICÂY #QUẢLÀTHẬT",2760,1695,25,2025-03-03 03:21:05,Video
https://www.facebook.com/vinamilkofficial/videos/632612109714035/,"Một đêm không ngủ
Đủ 12,000 người
Bền sức, bền hơi
Cười tươi chạm đích!
 
Vận động viên bứt phá, về đích, Vinamilk đồng hành, gửi thêm đạm đầy cùng quả thật thanh mát, tiếp sức trên từng km đường chạy. Tất cả đều tạo nên một đêm chạy siêu bùng nổ và đầy năng lượng tại mùa giải VnExpress Marathon Ho Chi Minh 2025 vừa qua.
Hôm đó, bạn đã có điều gì đáng nhớ, cùng nhìn lại với Vinamilk nhé!

*(12g đạm trong 1 hộp Sữa hạt Cao đạm + 12.5g đạm trong 1 hộp Sữa tươi Cao đạm Green Farm) x 12.000 bộ race-kit = 294kg đạm 
 
#Vinamilk #SuaHatCaoDam #GreenFarmCaoDam #NuocEpCollagen #VnExpressMarathonHCM2025",105,10,10,2025-03-02 12:42:32,Video
https://www.facebook.com/vinamilkofficial/posts/pfbid0KqL4YVK1cQNMJvEFNmKb6PHQJosTpKeRwtzNXT9iuWCKVPzLnNP5NzWstLTm76qal,"Ngày dài bận rộn, thời tiết lại ""chập chờn"" dễ cúm, còn gì tuyệt vời hơn là thả mình thư giãn giữa ly Trà Oải Hương ngọt ngào, bồng bềnh với:

 Việt quất giàu vitamin C và chất chống oxy hóa.
 Cùng hàng tỷ lợi khuẩn L.CASEI 431™ từ châu Âu trong mỗi chai Probi Việt quất, giúp tăng cường đề kháng vững vàng, giảm đến 40% số ngày mắc cảm cúm.

Thử pha ngay món Trà Oải Hương cùng Probi Việt Quất, ngày dài vẫn vững dạ, đề kháng vững vàng!

#Probi #Emruotnuotdoi",5868,6565,311,2025-03-01 20:25:28,unknown
https://www.facebook.com/vinamilkofficial/posts/pfbid02QayVGoN1PAR41qegsCEmENg2QWKLHRoec9xjDYn1WPdoFkc7GtUS6rpVRieT2vYxl,"CÀ PHÊ CAM DỪA ĐỊA TRUNG HẢI – MỌNG NƯỚC, SẢNG KHOÁI MỖI NGÀY! ☕​

Tạm biệt những tháng ngày ""hôm nay pha ngon, mai lại sao sao"" khi vị ngon của Nước trái cây Vinamilk chuẩn chỉnh quanh năm. Cam Mọng Nước Vinamilk – chua thanh sảng khoái, mix cùng hương cà phê thơm nồng và chút dừa mát lành, vị chuẩn từng giọt, pha trăm ly như một. ​

 Nguyên liệu:​
Nước ép cam Vinamilk​
1 shot cà phê​
50ml nước dừa​
1 lát cam vàng​

☺️ Cách làm:​
⚡Cho đá vào nửa ly, đổ 1 shot cà phê.​
⚡Xay nước dừa với đá, tạo lớp đá bào trắng mịn, xếp thành hình núi trong ly.​
⚡Rưới 100ml nước ép cam Vinamilk lên trên.​
⚡Trang trí bằng lá húng lủi và lát cam xoắn.​
​
✨ THỬ NGAY - CÔNG THỨC SÁNG TẠO VỚI VINAMILK!​
#Vinamilk #VinamilkJuice #NuoctraicayVinamilk #NuocEpCam",94,7,11,2025-03-01 04:08:25,Photo
https://www.facebook.com/vinamilkofficial/videos/1208037777411442/," Top những hành động khi “cột sống"" của bạn quá khó khăn
 Top 1: Chọn tụ chứa thông điệp Sữa Dinh Dưỡng chất đủ D3 & Canxi.

#Vinamilk #SữaDinhDưỡngVinamilk",622,5,31,2025-02-28 11:51:22,Video
https://www.facebook.com/vinamilkofficial/videos/9698132600237216/,"Phiên bản trước và sau khi tham gia giải chạy của vận động viên VnExpress Marathon HCMC Midnight 2025 liệu có khác? Cùng Sữa hạt Cao đạm Vinamilk khám phá nhen!
 
#Vinamilk #SuaHatCaoDam #VVMM2025 #VPBankVnExpressMarathonHoChiMinhCityMidnight",78,3,9,2025-02-28 11:36:31,Video
https://www.facebook.com/vinamilkeshop/videos/1132989172171152/,"99 giây bật mí về “chiến lược đầu tư” từ A đến Z của vận động viên VNexpress Marathon HCMC Midnight 2025!
#Vinamilk #GreenFarm #GreenFarmCaoDam #ItBeoGiauCanxi #VVMM2025 #VPBankVnExpressMarathonHoChiMinhCityMidnight",370,7,11,2025-02-27 14:13:34,Video
https://www.facebook.com/vinamilkofficial/videos/496484776849247/,"Lần đầu tiên sữa tươi tinh khiết được lên men với chủng men sống 30 năm tuổi từ đảo Crete Hy Lạp, sánh quyện cùng mật ong hoa cà phê Lâm Đồng và ngũ cốc trái cây giòn rụm, tạo nên món sữa chua vừa cao đạm dinh dưỡng vừa chua béo ngọt lành.
Sữa chua Topping Men Hy Lạp Mật Ong Ngũ Cốc - bạn đã thử chưa?

Lấp đầy tủ lạnh của bạn tại đây: https://bit.ly/4gZz5Ph
#Vinamilk #GreenFarm #SuachuaTopping #menHyLap #Matongngucoc",1879,20,73,2025-02-28 04:37:42,Video
https://www.facebook.com/vinamilkofficial/posts/pfbid0e8JgVQZWieaaRS9sy4CAD9sKmTo5pha22YvSkaWPxprBpHQEKkj9Kj5BimXWuMUvl," Nhân Ngày Thầy thuốc Việt Nam 27/02, Vinamilk xin gửi lời tri ân sâu sắc đến đội ngũ y bác sĩ đã cống hiến hết mình vì sức khỏe cộng đồng! Chúc các y bác sĩ luôn dồi dào sức khỏe, tràn đầy năng lượng và tươi mới mỗi ngày.

 Vinamilk tự hào đồng hành cùng giải chạy “Run With Me - Cộng Đồng Khỏe” với sự tham gia của hơn 600 nhân viên y tế đến từ các bệnh viện và đại học y dược trên cả nước. Giải chạy như một lời tri ân đặc biệt gửi đến các cán bộ ngành Y, lan tỏa hình ảnh đẹp của các y bác sĩ trong đời sống và khuyến khích cộng đồng hướng đến lối sống lành mạnh.

Cùng nhìn lại những khoảnh khắc ấn tượng của giải chạy vừa qua nhé!

#Vinamilk #RunWithMe #CộngĐồngKhỏe #NgàyThầyThuốcViệtNam",146,1,12,2025-02-27 16:30:45,unknown
https://www.facebook.com/vinamilkofficial/posts/pfbid05wMmSoNGF5svjaBqxzKEB2RaM3HPJKnBsVfihXUwEkJiu6a3B6LkECRTgTjpYhjml,"⚠️Tin nóng: Túi Tò Mò Susu có gì hot mà mẹ và bé đều đang săn đón khắp nơi? 

Bộ sưu tập 9 mô hình ""Biệt đội tò mò"" phát sáng cùng những món quà siêu bất ngờ đã chính thức lên kệ khắp cả nước.
Từ ngày 20.02 đến 31.03, SUSU tặng quà ngay khi mua 1 thùng:
✌  2 Túi Tò Mò phiên bản giới hạn. 
☝  Hoặc 1 bộ cờ cá ngựa từ “Vũ trụ Tưởng tượng Susu”
  Ngoài ra, cả nhà có thể chơi đố vui để phát huy sự sáng tạo cũng như thêm gắn kết thông qua các câu hỏi thú vị trong bộ thẻ bài, được tặng kèm trong mỗi lốc sữa Susu.

Ai sẽ là người đầu tiên săn đủ 9 túi mù ""Biệt đội tò mò""? Hãy khoe dưới phần bình luận nhé!

#Susu #QuaSangTao #TuiToMo #VuTruTuongTuong",61,5,8,2025-02-27 04:23:48,unknown
https://www.facebook.com/vinamilkofficial/posts/pfbid03hcjEo6uVwT3GJfHushLvbjQKkLcwZ9q6pAR4QQfVFCh4LZL3BonNCKe88Yayqbvl,"Sữa tươi Vinamilk 100% tươi ngon, 100% ai cũng ưng
Chỉ cần Vinamilk trình ra “bằng khen” chứng nhận đã vượt qua gần 400 bài kiểm tra khắt khe về An toàn & Tinh khiết(*) là mẹ yêu 100% duyệt ngay.

(*) Tiêu chuẩn Clean Label Project từ tổ chức kiểm nghiệm độc lập tại Mỹ
#vatmoingay #tuoimoingay #suatuoi100 #vinamilk",4186,3484,38,2025-02-26 16:16:51,unknown
https://www.facebook.com/vinamilkofficial/videos/630391063266161/,"#7 Súp chay 9 hạt – món ngon thanh đạm, khởi đầu tháng 3 thanh mát 
 
 Lần đầu tiên món súp chay kết hợp cùng Creamer 9 hạt, thay thế hoàn toàn cho đường giúp món súp thêm sóng sánh, cân bằng vị và đậm mùi hạt. 
 
 Vừa đổi vị cho bữa ăn hàng ngày, vừa chăm sức khỏe với món ngon tuyệt hảo.
 
Đừng quên trang bị bí quyết dậy vị Creamer 9 hạt tại: https://bit.ly/4ieoz82
 
#Vinamilk #Creamer9LoạiHạtVinamilk #MónNgonThuầnChay",309,3,16,2025-02-26 04:09:55,Video
https://www.facebook.com/vinamilkofficial/posts/pfbid02AZaU9L6atFNyA6pBxkK78A1MgjpkHopXGMqB3sfPocdjgYcokbCeyxU1fSYP2f29l,"TRÀ ATISO HẠT CHIA LÂM ĐỒNG – GIẢI NHIỆT, KHỎE KHOẮN TRONG TỪNG GIỌT  ​

Công thức độc quyền giúp vị Atiso thanh mát luôn ổn định trong từng hộp! Kết hợp độc đáo giữa vị trà thanh mát từ khoảng 2,4g atiso cao đặc cao nguyên Lâm Đồng, sả thơm dịu, chanh chua nhẹ và hạt chia, không chỉ giải nhiệt mà còn mang lại trải nghiệm hương vị đậm chất thiên nhiên.​
​
Nguyên liệu:​
Trà atiso Vinamilk​
Chanh​
Sả​
Hạt chia​
Bột rau câu​
Đường​

 CÁCH LÀM ĐƠN GIẢN:​
1️⃣ Đun 1L nước sôi, thêm 10g bột rau câu, 50g đường, và hạt chia. Khuấy đều đến khi tan, sau đó đổ hỗn hợp vào khuôn.​
2️⃣ Đun nóng trà atiso Vinamilk, cho sả vào ngâm để tạo hương thơm tự nhiên.​
3️⃣ Thêm 15ml nước cốt chanh và 30g đường, khuấy đều và đổ vào hỗn hợp​
4️⃣ Cho đá, vài lát chanh, và hỗn hợp trà vào ly.​
5️⃣ Trang trí bằng thạch hạt chia, sả và vài cánh bông atiso tươi để hoàn thiện ly nước đầy cảm hứng!​
​
 THỬ NGAY CÔNG THỨC LẤY CẢM HỨNG TỪ CAO ĐẶC ATISO TINH TÚY​
​
#Vinamilk #VinamilkJuice #NuoctraicayVinamilk #NuocepAtiso",149,18,12,2025-02-25 13:06:55,Photo
https://www.facebook.com/vinamilkofficial/posts/961843949469660:961843949469660,,111,2,2,2025-02-24 22:03:55,Photo
https://www.facebook.com/vinamilkofficial/videos/668604175595648/,"️Khoảng cách xa nhất là giữa những người trái nết bụng.​
Còn lấp đầy khoảng cách đó, cứ để Sữa chua Vinamilk!​
​
Mọi sự kén chọn trên đời, dù muốn tiêu hoá khoẻ hay thích nhiều vị ngon, đã có Sữa chua Vinamilk với 12 triệu men Bulgaricus châu Âu, lại đủ vị ít đường nhiệt tình chiều bạn!​

Bạn có biết, bổ sung men sống Bulgaricus giúp chăm sóc hệ lợi khuẩn dạ dày, bảo vệ điểm chạm đầu tiên của hệ miễn dịch. ​
 ​
#Vinamilk #SuachuaVinamilk #Kettunetbung",2988,28,929,2025-02-24 07:00:55,Video
https://www.facebook.com/vinamilkofficial/posts/pfbid0NpRirUvhEZasxmKkKvwd4KqcDFrg9jA6hSdLjJxauvTJbzepY15wyrkVE3WiKWVPl,"Cùng nhìn lại những khoảnh khắc đặc biệt tại giải VPBank VnExpress Marathon Ho Chi Minh City Midnight 2025. Vinamilk tự hào là Nhà tài trợ Vàng đồng hành cùng các runner chinh phục từng bước chạy.

Mời bạn chia sẻ những hình ảnh với Vinamilk tại giải chạy ở phần bình luận nhé! 

#Vinamilk #VVMM2025 #VPBankVnExpressMarathonHoChiMinhCityMidnight",193,42,9,2025-02-23 16:00:54,unknown
https://www.facebook.com/vinamilkofficial/posts/pfbid02QQ43ZJFShuJTxPqN3hAJS9tjgWg2nEkKYHPuMdXKv12FeTuZZbJATs4zusBzxMy4l,"TRÀ TÁO QUẾ HUNGARY - NGỌT LÀNH, THANH MÁT  ​

Quả thật trà ngon, ly nào cũng chuẩn vị! ​

Một ly Thu Táo Trà không chỉ là sự kết hợp của nước ép táo giòn ngọt theo mùa trứ danh Hungary và trà đen thơm nồng, mà còn là cả nghệ thuật giữ vị ngon ổn định trong từng hộp. Mỗi giọt nước ép táo Vinamilk mang theo hương vị độc quyền, được tuyển chọn từ những giống táo ngon nhất để bạn tự do sáng tạo nên thức uống đầy cảm hứng. ​
 Nguyên liệu (cho 1 ly ngọt lành):​
- Nước ép táo Vinamilk​
- Táo​
- Trà đen​
- Quế cây​
- Hoa cơm cháy và nhánh thyme để trang trí​
 Cách làm ""độc quyền Vinamilk"":​
1️⃣ Lấy 10g trà đen, tráng sơ qua nước sôi và ủ trong 250ml nước sôi khoảng 20 phút. Lọc bỏ bã trà.​
2️⃣ Ngâm quế cây vào trà để tăng hương vị đậm đà.​
3️⃣ Cho nước ép táo Vinamilk vào đáy ly, thêm thạch táo và đổ phần trà đen đã ngâm quế vào.​
4️⃣ Cắt lát táo mỏng, phủ caramel để tạo độ giòn và bắt mắt.​
5️⃣ Trang trí bằng miếng táo caramel, vài bông hoa cơm cháy và nhánh thyme.​
☕ Mỗi ly trà ngon là một chuyến du hành đến những vườn táo tươi ngon trên thế giới.​
 Thử ngay với nước ép táo Vinamilk để sáng tạo ra thức uống dành riêng cho bạn!​
​
#Vinamilk #VinamilkJuice #NuoctraicayVinamilk #NuocepTao",157,27,16,2025-02-23 01:00:53,Photo
https://www.facebook.com/vinamilkofficial/videos/649191944191897/," SỮA TƯƠI 100% 1 LÍT CHÀO ĐÓN DIỆN MẠO MỚI 
Bạn ơi, Sữa tươi Vinamilk 100% ra mắt diện mạo mới với hộp vuông tiện lợi. Trải nghiệm dùng sữa cứ phải gọi là ""hết nấc""!!!
✅ Thuận tiện tay cầm, rót sữa ""bao"" dễ
✅ Dung tích giữ nguyên
✅ Vị ngon không đổi

Sữa tươi Vinamilk 100% tặng mẹ 1 hộp cùng loại khi mẹ mua 1 thùng 1 lít. Sữa đã tươi ngon, giờ thêm deal hot, từ nay đến 28.02.2025, ""sắm sữa"" liền tay mẹ ơi: https://bit.ly/3XbaNuw
 #tuoimoingay #suatuoi100 #vinamilk",887,23,29,2025-02-22 10:00:52,Video
https://www.facebook.com/vinamilkofficial/posts/pfbid0UCSVXWCoawwtCthPxuXaL1L8rMAkkVqE8mk6dWimmV9UNFjKxBHTqiYh83JZaRkul," Sữa tươi Vinamilk 100% Dừa thật không hương, thêm vị béo béo bùi bùi, sẽ trở thành “chân ái” để món cà ri của bạn thêm thơm ngon “chuẩn bài”, 10 điểm không có nhưng. 

Thử thách món cà ri Sữa tươi Vinamilk 100% Dừa với công thức ngon nịnh miệng: https://bit.ly/4kaQNlS

#vatmoingay #tuoimoingay #suatuoi100",10000,4523,128,2025-02-22 16:22:57,Photo
https://www.facebook.com/vinamilkofficial/posts/pfbid02JYC4GbWocvpMbmiFsy6HKGVTVxWMvMZzd2xrVtVGU5YYYWtqPG7ETkmUUXBtUDGTl,"Chạy bền, cơ mỏi
Nạp đạm, phục hồi
Nhẹ bụng, khỏe cơ! 

 Mỗi hộp Sữa hạt Cao đạm Vinamilk 240ml cung cấp 12g đạm với 3 amino acids thiết yếu (leucine, valine, isoleucine), hỗ trợ phục hồi nhanh, nuôi dưỡng từng thớ cơ chắc khỏe trên mỗi bước chạy.

 ‍♂️ Mùa giải VnExpress Marathon Ho Chi Minh 2025, Vinamilk tiếp sức với Sữa hạt Cao đạm – đồng hành cùng bạn chinh phục từng km đường chạy.

  Tập chạy “tune up”, đừng quên nạp đạm: https://bit.ly/4hMJm2G

#Vinamilk #SuaHatCaoDam #VVMM2025 #VPBankVnExpressMarathonHoChiMinhCityMidnight",3173,2402,138,2025-02-22 22:45:03,unknown
https://www.facebook.com/vinamilkofficial/posts/pfbid02vex5qy5vgFnQAgeoxK4eWrpt9eKxZ2MkkYKQ1GoU7ygYm1JddHhTY9wgoDto9XfZl,"Sạch sành sanh, bạn đã kịp thử vị ngon chua béo ngọt lành, mềm mượt mướt mê của sữa chua uống Vinamilk Green Farm chưa?

Săn lùng khắp nơi, bạn chờ Vinamilk Green Farm nhé, sản phẩm sẽ có mặt tại Cửa hàng Vinamilk từ ngày 26/02!
#Vinamilk #GreenFarm #Suachuauong #6chungmen",8569,158,67,2025-02-23 05:07:08,Photo
https://www.facebook.com/vinamilkofficial/posts/pfbid0UHnsHSBm5ZwwnhCmXVJMkbufgAEPQxe6Gwz2WdDg3uAjkp9cPiKvmTCE4zuLpxpPl," BÙNG NỔ CẢM XÚC CÙNG CÁC TÀI NĂNG NHÍ TRONG GIẢI “ROBOTACON® FIRST® LEGO® LEAGUE 2025”

Cùng nhìn lại hành trình Vinamilk sát cánh bên cạnh các tài năng nhí trong từng phần thi, “chiến” hết mình và cực kì bùng nổ ở đêm chung kết để giành cơ hội đại diện quốc gia tham dự vòng chung kết quốc tế. 

Và hơn hết, Vinamilk hân hạnh là người bạn đồng hành trong suốt hành trình “ROBOTACON® FIRST® LEGO® LEAGUE 2025”, mang đến nguồn dinh dưỡng tuyệt vời bằng những hộp sữa tươi ngon – chất lượng giúp bé 100% tỏa sáng, vững bước chinh phục các ước mơ.​

#Vinamilk #SuaTuoi100 #RaisingTheBar
#RobotaconFirstLegoLeague #FLL",93,4,5,2025-02-23 11:29:14,unknown
https://www.facebook.com/vinamilkofficial/posts/pfbid02nntXFdK5od8De2LaWNR69fCd2C3wy7JRohMtt4yV5chDrWQc53dstHMncEvvKJR7l," Ẩm thực đã đa dạng, nết ăn còn nhiều hơn vạn lần. Chỉ một món burger mà cũng có kiểu ăn khác nhau: người không phô mai, người say bye cà chua , người chịu thua trước thịt bò, người nhất quyết đòi bỏ hành tây…Order của ai thì mình vào nhận đi ạ.

Không biết những người trái nết, kén ăn cỡ này thì làm sao mà ngồi chung 1 bàn?

24.02.2025, hạ hồi phân giải.

#SuaChuaVinamilk #Kettunetbung",377,459,36,2025-02-23 17:51:20,unknown
https://www.facebook.com/vinamilkofficial/posts/pfbid0vaN7EgHZ7ohKKBoDehpAbYFWcDN5m7MhhuMjMdsi19mLZ91f9eSdoqwp3jTQ125Cl,"SODA ĐÀO HY LẠP – VỊ NGỌT LỊM, MÁT LẠNH CHO NGÀY MỚI! ✨​

Ngon đều từng giọt, pha chuẩn từng ly với sự kết hợp độc đáo từ nước ép đào Vinamilk chiết xuất từ khoảng 1kg đào ngon được tuyển chọn theo mùa tại Hy Lạp và Nam Phi, phối trộn các giống đào tươi, căng mọng, chấm phá cùng vị dâu ngọt dịu và soda sảng khoái. ​
​
 Nguyên liệu:​
Nước ép đào Vinamilk​
50g đào tươi​
50g dâu tươi​
60g đường​
1 lon soda​
Thyme​

 Cách làm:​
 Bước 1: Dâu tươi cắt nhỏ, dằm nhuyễn với 30g đường, cho vào đáy ly.​
 Bước 2: Đào tươi bỏ vỏ, dằm nhuyễn cùng 30g đường, xếp lên lớp dâu.​
 Bước 3: Thêm đá đầy ly, rót lần lượt 150ml nước ép đào và 50ml soda.​
 Bước 4: Trang trí với miếng đào tươi và cành thyme tươi mát.​
​
✨ THỬ NGAY CÙNG VINAMILK BẠN ƠI!​
#Vinamilk #VinamilkJuice #NuoctraicayVinamilk #NuocepDao",96,7,6,2025-02-24 00:13:25,Photo
https://www.facebook.com/vinamilkofficial/posts/pfbid02ebH991SaktoTaQtvjZEdaN7NPDmoYZffYLc4GiU7CiAHSZ2c6mfgzGb2pb5esDLhl,"2 chai Probi mỗi ngày - Giảm 40% số ngày mắc cúm. 
Bổ sung đội vệ sĩ 26 tỷ lợi khuẩn L. CASEI 431™  để bảo vệ ruột bằng cách ""chiếm đóng"" nơi ở của các tác nhân gây bệnh/ mầm bệnh (*) !

#Probi #Emruotnuotdoi​​​​​​
(*) Nguồn: Nghiên cứu với tiêu đề “Probiotics: mechanism of action, health benefits and their application in food industries” đăng tải trên Frontiers in Microbiology (2023).  
https://www.frontiersin.org/journals/microbiology/articles/10.3389/fmicb.2023.1216674/full",1860,28,20,2025-02-24 06:35:31,Photo
https://www.facebook.com/vinamilkofficial/videos/1614202059206672/,"Tỉ mỉ lên men tự nhiên từ 720 triệu men sống châu Âu, sữa chua uống Vinamilk Green Farm mang đến nền sữa mềm mượt mướt mê, chua béo ngọt lành.
 
Vỗ về vị giác ngay tại: https://bit.ly/4hdoWzl
#Vinamilk #GreenFarm #Suachuauong #6chungmen",1036,49,49,2025-02-24 12:57:37,Video
https://www.facebook.com/vinamilkofficial/posts/pfbid09ToLcxbGJuLxFNyXJe7knyubszAzz8u8TNxAdp65C1nir7rsQ2hbyHcorebRgx9ml,"MOJITO LỰU TÁO ĐỊA TRUNG HẢI – GIÒN NGỌT, CHUA THANH! ✨​

Công thức đã sẵn sàng, chỉ cần thêm vị giòn ngọt chua thanh, ngon đều từng hộp của Nước ép Lựu Táo Giòn để kiểm soát hương vị hoàn hảo trong từng ly.​

Khi hương vị độc đáo từ nước ép lựu táo Vinamilk – phối trộn tinh tế từ những giống lựu táo ngon thượng hạng đến từ các vùng đất được Vinamilk chắt lọc kỹ lưỡng, ly ""Moji Mơ Màng"" sẽ mang đến cho bạn cảm giác tươi mới và thêm nhiều phấn khởi cho mọi hoạt động. Chỉ cần một ngụm là yêu ngay từ lần đầu! ​

 Nguyên liệu:​
Nước ép lựu táo Vinamilk​
Trái lựu​
1 lon soda​
Táo tươi​
Chanh xanh​
Húng lủi​
Đường​

 Cách làm:​
 Bước 1: Cắt 2-3 múi chanh xanh, 5-10 lá húng lủi, cho vào đáy ly và dằm nhuyễn.​
 Bước 2: Thêm 15ml nước cốt chanh và 15g đường, khuấy đều.​
 Bước 3: Cho đá và thêm lá húng vào đầy ly.​
 Bước 4: Đổ 150ml nước ép lựu táo Vinamilk và 50ml soda lên trên.​
 Bước 5: Trang trí bằng hạt lựu, lát táo và nhánh húng lủi.​
​
✨ THỬ NGAY VỊ “YÊU” CÙNG VINAMILK​

#Vinamilk #VinamilkJuice #NuoctraicayVinamilk #NuocepLuuTao",109,8,28,2025-02-19 19:59:12,Photo
https://www.facebook.com/vinamilkofficial/videos/594140360156382/,"Bớt sợ cúm vào mùa vì mình được giảm 40% số ngày mắc cúm ✔️

Với 2 chai Vinamilk Probi mỗi ngày, bạn hoàn toàn có thể:
️ Bổ sung 26 tỷ lợi khuẩn L. CASEI 431™ từ Châu Âu - được chứng minh hiệu quả qua hơn 90 nghiên cứu lâm sàng giúp gia cố hàng rào miễn dịch.
️ Tăng 30% kháng thể IgG(*).
️ Giảm 40% số ngày mắc cảm cúm(*).

Chờ những tin mới từ Probi, chứ đừng chờ bị cúm! 
#Probi #Emruotnuotdoi
-----
(*) Nguồn: Nghiên cứu lâm sàng về “Hiệu quả miễn dịch của Probiotics và tác dụng của chủng men L. CASEI 431™ trong việc phòng ngừa cảm cúm” – Tập đoàn men sống hàng đầu Châu Âu Chr. Hansen (Đan Mạch) – Năm 2011.",244,3,19,2025-02-15 03:00:48,Video
https://www.facebook.com/vinamilkofficial/videos/1699215537303077/,"#5 Nấm hấp xốt 9 hạt - Thanh vị nấm, đậm vị hạt 

Tập làm quen dần với những tiếng xuýt xoa ""ngon quá điiiii"" khi vẫn là món nấm hấp thanh đạm, nay thêm đậm đà khi kết hợp cùng Creamer 9 hạt. Xốt sóng sánh, thơm bùi vị của 9 loại hạt, giúp món ăn ngon hơn hẳn! 

Thử ngay công thức ""quen mà lạ"" để chăm vị giác, chiều sức khoẻ, trở lại sau Tết nhẹ tênh: https://bit.ly/40ZPg9d

#Vinamilk #Creamer9LoạiHạtVinamilk #MónNgonThuầnChay",183,3,16,2025-02-14 08:00:22,Video
https://www.facebook.com/vinamilkofficial/posts/pfbid0PT81UaWyAhq6BNmVhyeUN47PLeKXzVHvXJtv1rZa97HesLNMhtAvL5oD922MXKJ3l,"Chọn sữa gì nhiều chất, nhiều sữa cho nhiều thành viên năm nay? ​

 Sữa Dinh Dưỡng Vinamilk được bổ sung 308mg chất xơ hòa tan giúp ""bụng êm"" dễ tiêu hóa - ngừa táo bón; ngoài ra còn canxi, vitamin D3 và vitamin A cho ""xương khỏe"", ""mắt sáng"".  ​

 Lượng dùng 220ml, một lần uống đã!​

 5 lựa chọn hương vị, dành cho cả gia đình!​

 Giá hợp lý, mời bạn mua: https://bit.ly/3EBs0ag",8471,2086,41,2025-02-13 12:08:57,Photo
https://www.facebook.com/vinamilkofficial/posts/pfbid08GZTvU69j2UHNzYsUGTBv23nSCNWe9LzhYKFLVueagCX2g7ZYUAJyRPZVCth9VH3l,"Top 1 khoảnh khắc xiêu lòng nhất năm.​

Probi lựu đỏ ít đường với 26 tỷ lợi khuẩn cùng hoạt chất Tryptophan giúp êm đường ruột, nuột đường đến hạnh phúc.​

#Probi #Emruotnuotdoi",2049,2039,27,2025-02-12 16:17:33,Photo
https://www.facebook.com/vinamilkofficial/posts/pfbid0QDF3Zh524zRmHAwuoL42Qz3ujSqvkcnQS83YKf5Rz4m81Qhmz67bJz3C4mbP6jzJl," FRESH START YOGURT TRIFLE

 CÔNG THỨC HEALTHY NĂM MỚI VỚI SỮA CHUA VINAMILK KHÔNG ĐƯỜNG… LET'S GOOO!

Luôn có món ngon cùng Sữa chua Vinamilk cho mỗi ngày tươi khỏe - công thức dưới phần bình luận nhé!

#SuaChuaVinamilk #KhongDuong #FreshStartYogurtTrifle",10000,97,60,2025-02-11 20:26:09,Photo
https://www.facebook.com/vinamilkofficial/posts/pfbid0ueJgkMh7aDoE3Uo7kzMCTbDN8ZdFLKc3Kb23CN3cQGVPvJNFcK8YnGWR4GMVtXn8l,"Tăng đạm chỉ nhờ màng lọc?

Đó là điều mà Siêu Vi Lọc từ Thụy Điển đã làm được nhờ chiết tách các thành phần tự nhiên của sữa ở cấp độ phân tử, giúp Vinamilk Green Farm tinh chỉnh chính xác dinh dưỡng trong sữa tươi.
Hoàn toàn không bổ sung whey để tăng đạm, hạn chế dùng enzyme để thủy phân lactose - cho những chiếc bụng nhạy cảm càng mê mẩn vị sữa tươi êm nhẹ tinh khiết.

Mê mãi mùi hương. Gói trọn dinh dưỡng.

#Vinamilk #GreenFarm #GreenFarmCaoDam #ItBeoGiauCanxi",75,6,13,2025-02-11 00:34:45,unknown
https://www.facebook.com/vinamilkofficial/posts/pfbid02airPUXTixRdGZ8xXhr85emx7oMR8H3KGSQNVKV5j65LifNUzGLPYLJeEYdVND4osl,"THỎ NGỌC THẤY MUỘN PHIỀN GÌ THẾ?

Cùng xem câu trả lời của ""chiến thần nhìn tỏ vạn vật"" Mai Mơ nhé! Liệu Mai Mơ có đem ""siêu phẩm đón Tết"" này vào tập tiếp theo của Vũ trụ Tưởng tượng SUSU không? 

Xem ngay: https://youtu.be/rd4KehyD7I0

 #SUSU #VuTruTuongTuong  #Phimhoathinh",160,1,4,2025-02-10 04:43:21,Photo
https://www.facebook.com/vinamilkofficial/posts/pfbid0TNiTEwPHtbHGh1EAWHs49hs4waaJi4ZCUerjNnXykw9JdBxmaLNPuDFNifJuh6obl,"Đầu năm nhiều thứ phải chi … phải chi có bộ ba Sữa chua Lựu đỏ - Ổi ruột hồng - Nho đỏ tía trong tay thì đảm bảo rực rỡ cả năm, làm gì thắng đấy. 

Mua ngay còn kịp, đầu năm đỏ rực để cả năm đỏ vận cùng Vinamilk: http://bit.ly/3CzBAtI

#Vinamilk #SuaChuaVinamilk #NuocTraiCayVinamilk",10000,1684,54,2025-02-09 08:51:57,Photo
https://www.facebook.com/vinamilkofficial/videos/8789993311106174/,"Cùng Châu Bùi ""hô biến"" đồ uống Zero Waste thơm ngon, mịn mượt từ sữa Vinamilk Green Farm!

#Vinamilk #GreenFarm #Suatuoihutchankhong",58,1,5,2025-02-08 13:00:33,Video
https://www.facebook.com/vinamilkofficial/posts/pfbid02Uzxo8cpde9vQhh8hovHa47exgYT3nsKmz6oVvUfAdzW5DB1AP4QUSJAYLVyqzQd5l,"Khởi động năm mới cùng hương vị thơm ngọt, tươi mới từ Matcha Soda Xoài:​

 Combo xoài và matcha giàu vitamin, chất chống oxy hóa, giúp khỏe da đẹp dáng​.
 Pha cùng Probi Ít đường với 26 tỷ lợi khuẩn L.CASEI 431™, cùng lượng đường giảm hơn 40%, cải thiện sức khỏe đường ruột.​

Pha ngay ly Matcha Soda Xoài với Probi Ít đường để êm đường ruột, nuột mọi đường trong năm.​
#Probi #Emruotnuotdoi",3449,1727,333,2025-02-07 12:45:29,unknown
https://www.facebook.com/vinamilkofficial/posts/pfbid04wUeZPMiCqHUkDi6xG9ma6D8PW1LTDKWCMjGpi9buZRtD3QLZzQHuUpeyQxwTXbyl,"SỰ KIỆN “GHI DẤU HÀNH TRÌNH CÙNG CON LỚN KHỎE” CHÀO ĐÓN CẢ NHÀ!

Đến với sự kiện, nhà mình vừa được nghe tư vấn của bác sĩ, lại còn có cơ hội nhận nhiều phần quà cực yêu! Nhớ lưu ngay lại lịch nhé!

⏰ Thời gian: Ngày 08 - 09/02/2025 từ 09h00 - 21h00
Địa điểm: Cửa hàng Vinamilk - 405 đường Tô Hiến Thành, phường 14, quận 10, TP.HCM",31,0,0,2025-02-06 12:30:26,ProfilePicAttachmentMedia
https://www.facebook.com/vinamilkofficial/posts/pfbid02bznddjR9TrADk7cC7uLQCmVXMhWSeiGjs75ZTFe1sbD1b91FBUoTi2D5okYvjLBrl,"[MINIGAME]

Sữa chua uống Vinamilk Green Farm gây tiếng vang với lần đầu tiên có mặt đến 6 chủng men & lợi khuẩn. Nhưng đố bạn biết chủng men và lợi khuẩn cao cấp này đến từ đâu?
 
Trả lời để nhận ngay 1 thùng sữa chua uống Vinamilk Green Farm chua béo ngọt lành chỉ với các bước đơn giản:
Bước 1: Like fanpage Vinamilk và post Minigame Tìm kiếm nguồn gốc 6 chủng men
Bước 2: Đi tìm manh mối tại: https://bit.ly/4hoeSnr
Bước 3: Comment câu trả lời ở phần bình luận kèm hashtag #Vinamilk #GreenFarm #Suachua #6chungmen và 1 con số may mắn từ 0-999.
 
Minigame chỉ kéo dài đến hết ngày 19/02/2025. 10 thùng sữa chua uống Green Farm đang chờ những người bạn tinh tường và nhanh tay!",2622,4001,596,2025-02-05 12:15:23,Photo
https://www.facebook.com/vinamilkofficial/videos/944569734065402/,"Bật mí đến bạn: chỉ cần 2 hộp Sữa hạt Cao đạm Vinamilk 240ml, là đã chứa đến 24g đạm, tương đương với lượng đạm trong 4 quả trứng gà, 100g ức gà và 114g bắp bò rồi đấy!

Thử và cảm nhận sự khác biệt nhé: https://bit.ly/4jISUwU 
#Vinamilk #SuaHatCaoDam",636,28,32,2025-02-04 12:00:20,Video
https://www.facebook.com/vinamilkeshop/videos/1850138485724853/,"Mọi người phản ứng như thế nào trong LẦN ĐẦU TIÊN thử Green Farm sữa chua uống? 

Xem ngay!
Lấp đầy tủ lạnh của bạn tại: https://bit.ly/4hdoWzl

#Vinamilk #GreenFarm #Suachuauong #6chungmen",1298,29,30,2025-02-03 11:08:49,Video
https://www.facebook.com/vinamilkofficial/posts/pfbid02mfagLRyre35nxjiWrfDzy7895nm5ffKWYCqwuRRrMp4oRQC9z8UZExrw7oKZD9iwl,"Bộ hình này nhìn gì cũng thấy mê! 
Mê mãi!

#Vinamilk #GreenFarm #Suatuoihutchankhong",95,6,3,2025-02-03 20:46:39,unknown
https://www.facebook.com/vinamilkofficial/videos/3902736236663028/,"Còn tháng Giêng, còn Tết
Vinamilk tặng quà khai xuân (*)

Tải ngay ứng dụng để cập nhật danh sách cửa hàng áp dụng chương trình.

(*) Thời gian khuyến mãi bắt đầu từ ngày 10/2/2025.
Danh sách cửa hàng áp dụng sẽ được cập nhật trên ứng dụng Vinamilk khi chương trình diễn ra.",647,14,18,2025-02-04 06:24:29,Video
https://www.facebook.com/vinamilkofficial/videos/957987633142401/,"Sữa chua uống thông thường chỉ chứa 2 chủng men để lên men. Vinamilk ra mắt sữa chua uống Green Farm có đến 6 chủng men sống và lợi khuẩn châu Âu đầu tiên và duy nhất tại Việt Nam, mang đến nền sữa sánh mịn, chua béo ngọt lành.
 
Vỗ về vị giác ngay tại: https://bit.ly/4hdoWzl
#Vinamilk #GreenFarm #Suachuauong #6chungmen",1078,58,72,2025-02-17 04:29:04,Video
https://www.facebook.com/vinamilkofficial/videos/631456942676716/,"Làm sao để cây nêu nhà mình chiến nhất phố? Với một cô gái đa tài, tháo vát, biết biến ra đồ vật từ cảm xúc như HiHi Hay Hack thì đây là chuyện nhỏ! Vậy HiHi sẽ gấp ra đồ vật gì trong Tập 1 của Vũ trụ Tưởng tượng SUSU đây? Xem ngay!

https://youtu.be/rd4KehyD7I0

#SUSU #VuTruTuongTuong #Phimhoathinh",260,48,17,2025-01-30 06:43:49,Video
https://www.facebook.com/vinamilkofficial/videos/916345523919237/,"""Ở đâu ta..."", Phong Trần tò mò, hí hoáy cả ngày mùng 1, cuối cùng cũng tìm ra vị trí của kho báu nhờ Bản đồ Tưởng tượng của cậu. Mỗi câu hỏi tò mò đều mở ra Vũ trụ Tưởng tượng SUSU. Đón xem Tập 1, Biệt đội Tò Mò sẽ hỏi gì và mở ra vùng đất nào đây?
https://youtu.be/rd4KehyD7I0

#SUSU #VuTruTuongTuong #Phimhoathinh",118,4,5,2025-01-30 03:00:12,Video
https://www.facebook.com/vinamilkofficial/posts/pfbid02Rx3QzJ9jgTQyovEqWm7WhEBXwQY9NsJvC3cjHdAabWZ5JP4eub5sFhy8k82brRz9l,"Châu Bùi x Green Farm

Chúc một năm Ất Tỵ mê ly với tài lộc""sóng sánh"", nhan sắc ""thăng hạng"", ""dính"" liền duyên mới, lộc phát ""mê mãi"", vạn sự ""mướt mượt"".

#Vinamilk #GreenFarm #Suatuoihutchankhong",80,4,0,2025-01-29 10:42:24,unknown
https://www.facebook.com/vinamilkofficial/posts/pfbid07b8pjJdWaiUgsoUf4sX4rKJag7iE6rFtPJ9kHKz6Y5ZeXS7SwyEBmAYP2ZYfAAqMl,"SẮM SUSU ĐẦU NĂM - “ẴM” NGAY BỘ CỜ TẾT VÀ BỘ THẺ BÀI ĐẶC BIỆT
 
Hãy săn ngay bộ quà Tết đặc biệt đến từ Vũ trụ Tưởng tượng SUSU để được hội ngộ CLB Tò Mò với khả năng tưởng tượng “vươn tầm vũ trụ”:
 Từ 09.01.2025, nhận ngay 01 Bộ cờ Tết đặc biệt khi mua 01 thùng SUSU.
 Ngoài ra, bé có thể cùng ba mẹ chơi đố vui để phát huy sự sáng tạo cũng như thêm gắn kết thông qua các câu hỏi thú vị trong Bộ thẻ bài, được tặng kèm trong mỗi lốc sữa SUSU (*)
(*) Chương trình không giới hạn thời gian áp dụng.

Có quà đặc biệt từ SUSU, Tết này zui chấn động!!! Nhanh tay săn ngay  https://bit.ly/4hdomkJ  
 
#SUSU #VuTruTuongTuong #Bietdoitomo",218,8,5,2025-01-28 18:24:36,unknown
https://www.facebook.com/vinamilkofficial/videos/1656341765320128/,"Rục rịch “thay da đổi vỏ” bấy lâu, sang năm số 9, đã đến lúc chín muồi, chuyển mình rực rỡ cùng Vinamilk.

Chúc một năm Ất Tỵ mê ly với tài lộc “sóng sánh”, nhan sắc “thăng hạng”, “dính” liền duyên mới, lộc phát “mê mãi”, vạn sự “mướt mượt”.",83,5,10,2025-01-28 02:06:49,Video
https://www.facebook.com/vinamilkofficial/posts/pfbid02hvaehjKfyKyp9jFczJ17Z98ZuodFeEhyHqd2S8VtrCttKZSpExjBMS38ryVtGJZDl,"Lấy vía một năm như ý, thử ngay công thức pha món Soda Phú Quý chua ngọt thanh mát với:​

❤️ Lựu đỏ giàu Vitamin C và chất chống oxy hóa​
❤️ Probi Lựu Đỏ Ít đường với 26 tỷ lợi khuẩn L.CASEI 431™, cùng Vitamin nhóm B và 13 mg Tryptophan thêm hormone hạnh phúc.​

Tết này pha Soda Phú Quý để êm đường ruột, thêm may mắn cả năm!​
#Probi #Emruotnuotdoi",5857,3432,249,2025-01-27 07:33:37,unknown
https://www.facebook.com/vinamilkofficial/videos/631846939241659/,"Bất ngờ nằm ở ngay món đầu tiên!!! Xem ngay để khám phá!

#Vinamilk #GreenFarm #Suatuoihutchankhong",318,23,10,2025-01-26 13:00:26,Video
https://www.facebook.com/vinamilkofficial/videos/632608792553179/,"#4 CÀ RI CHAY 9 HẠT - TẾT THANH ĐẠM NHẸ NHÀNG 

Hội mê cà ri thì Tết này không thể bỏ qua món mới: Cà ri chay 9 hạt - vẫn thơm béo, đượm vị hạt lành, thuần chay thanh nhẹ.
Có Creamer 9 hạt, món quen như mới 

Thêm vào menu chay món Cà ri 9 hạt vào mâm Tết ngay: https://bit.ly/4gxyuo7

#Vinamilk #Creamer9LoạiHạtVinamilk #MónNgonMùaTết #MónNgonThuầnChay",219,5,8,2025-01-26 12:00:33,Video
https://www.facebook.com/vinamilkofficial/posts/pfbid0stQtbGXPQVXxFzDWSReaJZyrKgiLEpnUPL2oQxpXCm9ApA1xwoj9W1STqN8H9zbWl,"Vào năm Tỵ, sữa chua Vinamilk tích cực nhả vía xịn sò, để người người nhà nhà ai cũng đỏ vía cả năm.

Ai cần bắt vía, rước hên về nhà thì ghé: https://bit.ly/Suachuavinamilknhavia

#SuachuaVinamilk",8929,228,70,2025-01-25 12:45:52,unknown
https://www.facebook.com/vinamilkofficial/videos/9143732249021728/,"Bán vèo vèo. Hết veo! Sữa chua uống Vinamilk Green Farm đã bán hết khắp nơi nơi chỉ sau 3 tuần ra mắt. 
 
Bạn ơi chờ xíu, sản phẩm sẽ được lấp đầy ngay tại Cửa hàng Vinamilk từ ngày 26/01!
#Vinamilk #GreenFarm #Suachuauong #6chungmen",705,27,21,2025-01-24 13:31:11,Video
https://www.facebook.com/vinamilkofficial/videos/2325079711197504/,"Tại nhà máy siêu to khổng lồ mà mỗi kỹ sư quản lý tới hơn 40 robot các loại thì sao nhỉ?

#Vinamilk #GreenFarm #Suatuoihutchankhong",171,16,13,2025-01-24 13:00:07,Video
https://www.facebook.com/vinamilkofficial/videos/1656640831611847/,"Bổ đôi dừa. Bào sợi dừa. Xay nhuyễn cơm. Nấu cốt dừa. Khuấy đông kem. Múc ra tô. Dừa non giòn. Dzừa ngon miệng! Mại dzô mại dzô!​

#kemvinamilk #càremmớikeng #kemmịndừanon",293,150,2,2025-01-24 08:47:10,Video
https://www.facebook.com/vinamilkofficial/posts/1588479585129216:1588479585129216,,69,1,0,2025-01-24 08:40:20,Photo
https://www.facebook.com/vinamilkofficial/posts/pfbid02uH1Tdccu7SpQ4g3XEgzpvfjXJX4mgR1FJVZPfW1TY3bWLei2bSSdu8awe911ZSRZl,"TẬP 1 | VŨ TRỤ SUSU - TRÊN TRỜI CÓ KẸT XE KHÔNG NHỈ?

Chuyến phiêu lưu đầu tiên của Biệt Đội Tò Mò bắt đầu từ một ý tưởng thú vị của HiHi vào Tết này. Khi phố xá ở đâu cũng kẹt, thời gian tan làm về nhà của ba cũng dài hơn hẳn, Hihi đã tưởng tượng ra một con đường mới, nhưng để thực hiện, cả nhóm phải... bay lên trời!

Cùng xem để biết hành trình mở đường về nhà cho ba của Hihi và Biệt đội Tò Mò trong Vũ trụ Tưởng Tượng SUSU như thế nào nhé!  Còn nếu mê quá, hãy bấm Theo dõi kênh Youtube Vinamilk để không bỏ lỡ những tập tiếp theo nhé. 

https://youtu.be/rd4KehyD7I0

#SUSU #VuTruTuongTuong  #Phimhoathinh",173,1,1,2025-01-24 08:33:30,GenericAttachmentMedia
https://www.facebook.com/vinamilkofficial/videos/588453150631228/,"Hành trình mới bắt đầu từ trí tưởng tượng vô tình mở ra Vũ Trụ SUSU - đầy vui nhộn, không thiếu những thử thách bất ngờ trong đa chiều không gian.
 
Cùng theo chân 4 thành viên của Biệt Đội Tò Mò mở to trí tưởng tượng nhé! https://youtu.be/rd4KehyD7I0

#SUSU #VuTruTuongTuong  #Phimhoathinh",119,2,5,2025-01-24 08:26:41,Video
https://www.facebook.com/vinamilkofficial/posts/pfbid0xb13WMyxTRABDeFyNYwvje67U26ehnUmaW54UgRc49tPST529DZKXjBXzd1cJ9g1l,"Tết Ta có Dừa Ta, quả thật là đúng điệu!​

Bổ trái dừa ta, hô biến bao la món Tết đậm vị. Ngọt thanh, mọng nước, ăn một lần, ưng quá chừng!​

Ghé sạp sắm đón dừa, mừng Tết tại đây: https://bit.ly/3Cuq9TO

#Vinamilk #DừaTươi #NuoctraicayVinamilk​
#VINAMILKNƯỚCTRÁICÂY #QUẢLÀTHẬT",5519,4646,102,2025-01-24 01:56:39,unknown
https://www.facebook.com/vinamilkofficial/posts/pfbid02xGepHreZDhUr1tHGiQjqV16qZtp3FVFY3FjYvx3ZuDYZFKmir6SCTFFiZiYZmXjjl,"Tết này, Biệt đội Tò Mò Susu sẽ mở ra những điều kỳ diệu gì?   

✨ Mua từ 1 thùng, rinh ngay bộ cờ Tết đỉnh nóc kịch trần chơi vui thả ga!
✨ Mua 2 lốc, nhận ngay 1 hộp, càng nhiều SUSU, Tết càng sung sức. 
✨ Susu diện áo mới, giàu chất xơ, Canxi, Vitamin D, A, B cho bé khỏe mạnh, năng động thoả sức chơi Tết.
✨ Bật mí: Trên mỗi lốc sẽ có một thẻ bài thú vị đang chờ bạn, hé lộ năng lực siêu phàm của Biệt Đội Tò Mò! 

 Sản phẩm đã có mặt trên toàn quốc. Sữa ngon, quà nhiều, mẹ ơi nhanh tay sắm ngay đủ bộ: https://bit.ly/4hdomkJ  

#Susu #QuaTetSusu #BietDoiToMo",2788,63,19,2025-01-23 19:26:38,Photo
https://www.facebook.com/vinamilkofficial/videos/2407196729630622/,"Cùng xem những ai vừa trở về từ Vũ trụ Tưởng tượng SUSU nào. Biệt đội Tò Mò gồm Mai Mơ, Tai To, HiHi Hay Hack và Phong Trần đều tìm thấy sức mạnh khác của bản thân, từng người một.
 
Đó là gì? Theo dõi chuyến hành trình đầu tiên ở Vũ trụ SUSU nhé! https://youtu.be/rd4KehyD7I0

#SUSU #VuTruTuongTuong  #Phimhoathinh",240,5,13,2025-01-23 12:56:37,Video
https://www.facebook.com/vinamilkofficial/videos/468477346310777/,"Cỏ hoa bừng nở trên áo mới. Sữa chua Green Farm với chất sữa sánh mịn đặc trưng, được lên men tự nhiên từ nguồn sữa tươi tinh khiết tại trang trại sinh thái Vinamilk Green Farm. 

Vỗ về vị giác ngay tại: https://bit.ly/3PHbtne 
#Vinamilk #GreenFarm #Suachua #Vovevigiac",1025,20,31,2025-01-23 12:00:56,Video
https://www.facebook.com/vinamilkofficial/videos/612123601468564/,"#3 XỐT ME QUEN THUỘC CÓ THỂ NGON HƠN NỮA? 

Nếu bạn nhắm mắt cũng làm được xốt me ngon thì lần này hãy thử mở mắt, tìm Creamer 9 hạt Vinamilk trên kệ siêu thị, và thay đường thành Creamer 9 hạt. Một trang hương vị mới mẻ mở ra, thơm nức hạt, beo béo hơn, cân bằng chua-ngọt hơn, cho bữa ăn tối đầy bất ngờ . 
▪️ Ốc hương xốt me 9 hạt cho bố
▪️ Tôm xốt me 9 hạt đa vị cho mẹ
▪️ Gà chiên xốt me 9 hạt cho bé

Từ nay khi xào-chiên-nấu hãy thử thay đường hoặc mật ong thành Creamer 9 hạt. Món dù quen đến mấy cũng ngon như lần đầu mới thử! ❤️

 Trổ tài ngay với Creamer 9 hạt: https://bit.ly/4gxyuo7

#Vinamilk #Creamer9LoạiHạtVinamilk #MónNgonMùaTết",369,112,10,2025-01-24 07:49:49,Video
https://www.facebook.com/vinamilkofficial/posts/pfbid02JgvpL3XsjHNFj5XVH6PTMnzerZpNWwZo9GFoV1eMQmS946r2Rzozx6qfxYziG5eVl,"Dành cho những ai khắt khe đến từng miligram dưỡng chất trong mỗi bữa. Nay Vinamilk Green Farm đã tinh chỉnh chính xác theo nhu cầu của bạn: Cao đạm - Ít béo - Giàu canxi - Không lactose - Không đường. Điều đặc biệt là chúng tôi không dùng đến bất cứ thành phần nào từ bên ngoài, hoàn toàn chỉ có sữa tươi.

Vỗ về vị giác.

#Vinamilk #GreenFarm #GreenFarmCaoDam #ItBeoGiauCanxi",160,10,16,2025-01-23 02:27:57,Photo
https://www.facebook.com/vinamilkofficial/posts/pfbid02qAVbazH7Yr1Y9CLjrnDHJVYsgtuBvNR79Znx5PVuerS4nQgeyw8e9UKohi1Mp3bJl,"**Dự báo: Từ đường đời đến đường ruột, cứ Tết là sẽ kẹt xe.​
**Phương án: Bổ sung đội ngũ lợi khuẩn mỗi ngày, giảm ùn tắc giao thông đường ruột, đón một cái Tết thiệt êm! ​

 104 tỷ lợi khuẩn L.CASEI 431™ từ châu Âu trong mỗi chai Probi Việt quất. ​
 Vẫn với trăm tỷ lợi khuẩn, bổ sung thêm Vitamin nhóm B cùng 13 mg Tryptophan trong mỗi chai Probi Ít đường Lựu đỏ. ​

Có Probi, đường nào cũng nuột, dù đường ruột hay đường đời! ​
#Probi #Emruotnuotdoi",80,55,8,2025-01-21 21:06:06,Photo
https://www.facebook.com/vinamilkofficial/posts/pfbid09Cwuzdb1tkp6zVdxH8Kocb1Pnn53M8FJ38YQ7cVja4rrsv7Na9z8h67H5TVFhziql,"Đố bạn Sữa chua uống Green Farm đang có mặt ở đâu 

#Vinamilk #Greenfarm #Suachuauong #6chungmen",302,40,12,2025-01-20 15:44:14,unknown
https://www.facebook.com/vinamilkofficial/posts/pfbid029cD34aSrCgsaruDSLicvnmAbK8mfskMckUZHAWwXWSeq8SyE2wa1dfjBRyG8TBuWl,"Fan của Matcha Latte chắc chắn phải biết đến sự kết hợp mịn màng hoàn hảo này nhé!

#Vinamilk #GreenFarm #Suatuoithanhtrung",105,1,6,2025-01-19 10:22:23,unknown
https://www.facebook.com/vinamilkofficial/videos/1419394655689718/," Mọi năm: Cầu, dừa, đủ, xoài
✨ Năm nay: Cầu, dừa, đủ, sữa!

 Tết này, Vinamilk gợi ý cả gia đình bí quyết “Ăn chắc mặc bền” với Sữa Dinh Dưỡng Vinamilk 220ml “chất” ơi là “chất”!

 Chất xơ hòa tan: Êm bụng, êm đời.
 Vitamin A: Mắt sáng, nhìn thấy cơ hội mới.
 Vitamin D3 & Canxi: Xương khỏe, ""cột sống"" khỏe.

 Dung tích nhiều 220ml, đa dạng lựa chọn Có Đường, Ít Đường, Không Đường, Dâu, Sôcôla, cả nhà ai cũng dùng được!

️Mẹ bỏ giỏ hàng, lên mâm dinh dưỡng: https://bit.ly/3WiQL12

#Vinamilk #SữaDinhDưỡngVinamilk",1821,53,67,2025-01-18 05:00:32,Video
https://www.facebook.com/vinamilkofficial/posts/pfbid02kkqGSYSiEihy74FqKGnRU48QiN1jhW7WnVtKaPxC7YH9Jy1tPZ9xrKruwzQrfAvEl,"2 điều mà chỉ có 1 ly TRÀ LỘC VÀNG VỚI PROBI DƯA GANG mới có thể mang lại cho bạn, để nhà mình luôn êm đường ruột, nuột mùa Tết:

 Dưa lưới, trà xanh giàu chất chống oxy hóa và vitamin, giúp khỏe da đẹp dáng.
 Vinamilk Probi Dưa Gang với 65 tỷ lợi khuẩn L.CASEI 431™ trong mỗi lốc, có hơn 90 nghiên cứu khoa học & lâm sàng giúp tăng cường đề kháng vững vàng. 

Rộn ràng sắm sửa ngay: https://bit.ly/40Di4Fy

#Probi #Emruotnuotdoi",3483,2671,213,2025-01-17 18:45:38,unknown
https://www.facebook.com/vinamilkofficial/posts/pfbid0KcSbwLcWDoMK5vA9u4TRE88eaVM4PJn4jsD4rAwXEPUDk81BHEWDnw6spLr67raFl,"Cả nhà Probi cùng mới cho ruột thêm phơi phới!​​

Bên cạnh chai nhỏ xinh, đừng quên đại gia đình Probi còn có hai thành viên lớn nhất nhà là 400ml và 700ml, thừa hưởng “gia tài trăm tỷ"" lợi khuẩn L. CASEI 431™.​​

Cả nhà đều lần lượt thay vỏ mới keng, “ruột” không đổi. Bạn thích “cỡ” nào, Probi chiều “cỡ"" đó!  ​​

#Probi #Emruotnuotdoi",563,15,18,2025-01-17 08:30:44,Photo
https://www.facebook.com/vinamilkofficial/posts/pfbid0mebjMq63iYj7YETAdPLSD6n9nkNmTo1k4MybAtqqhb4VGJG2wxZroBknpSW7wtzRl,"Mời bạn ra sạp trái cây Vinamilk, tự tay lựa những rổ quả tươi ngon nhất đem biếu tặng Tết! Cam, Đào, Nho, Táo, Kiwi, Lựu đỏ, Ổi, Dừa, Tắc từ khắp thế giới đã đuề huề ngập bến!
 
Những hộp quà giấy đã được thiết kế sẵn để vừa vặn 2 hộp nước trái cây Vinamilk bất kì. Tất cả đã có mặt tại các chuỗi siêu thị và cửa hàng Vinamilk toàn quốc! https://bit.ly/4hkPL4k
 
#Vinamilk #QuàTết #NuoctraicayVinamilk
#VINAMILKNƯỚCTRÁICÂY #QUẢLÀTHẬT",72,2,7,2025-01-16 22:15:50,Photo
https://www.facebook.com/reel/585191207700571/,"Cỏ hoa bừng nở trên áo mới. Sữa chua Green Farm với chất sữa sánh mịn đặc trưng, được lên men tự nhiên từ nguồn sữa tươi tinh khiết tại trang trại sinh thái Vinamilk Green Farm. 

Vỗ về vị giác ngay tại: https://bit.ly/3PHbtne
#Vinamilk #GreenFarm #Suachua #Vovevigiac",90,3,10,2025-01-16 12:00:57,Video
https://www.facebook.com/vinamilkofficial/posts/pfbid0TSs9ne4jAoLq6rRyU7VF3x47GtkypZoCUHiUEMGmWCzMbUzQS7HUt5sxiu2yzvHWl,"Ngay lúc này, Host Trinh Phạm đang chia sẻ kinh nghiệm kích sữa trong tập đầu tiên của series livestream ""Tranh thủ lúc con ngủ"" với chủ đề KÍCH SỮA KHÔNG STRESS. Tham gia livestream để tìm hiểu các thông tin hữu ích và nhận được quà từ Trinh Phạm và Optimum nhé các Mẹ ơi!",42,1,5,2025-01-16 04:00:45,unknown
https://www.facebook.com/vinamilkofficial/posts/pfbid02zSgU3jcUZAf29jSfL5CJ6ZyYi6JLcVsVBy6Ax1ESQFVvnpLvt4mHFn7numLR4X2cl,"Không chỉ là sữa bột trẻ em lấy cảm hứng từ sữa mẹ, Vinamilk Optimum luôn đồng hành cùng các bậc phụ huynh để mỗi khoảnh khắc quan trọng, Optimum luôn ở bên cạnh ba mẹ.
 
Lần đầu tiên, Vinamilk Optimum ra mắt chuỗi livestream ""Tranh thủ lúc con ngủ"" vào lúc 22 giờ đêm, khi mẹ đang cố thức để hút sữa cho bé con. Tập đầu tiên vào tối nay, sẽ có host Trinh Phạm, ""mẹ chill"" của hai em bé sẽ chia sẻ những kinh nghiệm để đời dành cho mẹ.
 
Ghé thăm Nhà nào cũng có Mẹ - Optimum để cữ hút sữa tối nay, Mẹ sẽ không phải một mình trải qua nữa nhé.
 
#Vinamilk #Optimum #OptimumGold #OptimumColos #Nhà_nào_cũng_có_Mẹ #Tranh_thủ_lúc_con_ngủ",56,2,6,2025-01-15 20:00:33,Photo
https://www.facebook.com/vinamilkofficial/videos/1356745595512826/,"A lê hấp! SUSU mới cùng Biệt đội Tò Mò đã có mặt trên khắp toàn quốc để cùng mọi người mở ra Vũ trụ tưởng tượng SUSU.

Mỗi chai đều có câu hỏi tò mò riêng biệt! Mỗi vị đều có 1 thành viên Biệt đội Tò mò khác nhau! Mỗi lốc đều kèm 1 thẻ bài độc đáo!

Đủ tò mò cho bạn chưa nào? Săn đủ bộ ngay thôi! https://bit.ly/4hdomkJ

#SUSU #VuTruTuongTuong #Bietdoitomo",408,6,31,2025-01-15 12:00:21,Video
https://www.facebook.com/reel/595365653456727/,"Hỏi đáp cùng các Vận Động Viên tại Giải chạy HCMC 2025 và cái kết… 
#vinamilk #vinamilkshopandmore #vinamilkeshop #greenfarm #hcmcmarathon",64,1,7,2025-01-14 11:45:21,Video
https://www.facebook.com/reel/1323745391897657/,"Thử thách đưa hộp sữa tươi “Green Farm Cao đạm Ít béo” cho Vận Động Viên bất kỳ tại Giải chạy HCMC sẽ như thế nào? 
#vinamilk #vinamilkshopandmore #vinamilkeshop #greenfarm #hcmcmarathon",84,14,8,2025-01-13 10:49:18,Video
https://www.facebook.com/reel/1646150576286267/,Bộ Racekit đặc biệt cùng các Vận Động Viên tại Giải HCMC Marathon 2025 sẽ như thế nào? #HCMCMarathon #Vinamilk #GreenFarmcaodam #GreenFarm,73,6,12,2025-01-12 04:16:46,Video
https://www.facebook.com/vinamilkofficial/videos/940581747698880/,"Dành cho những người luôn hăng say tìm kiếm vị sữa chua mà mình yêu thích, Sữa chua Vinamilk được làm từ sữa tươi 100% tại các trang trại Việt Nam và nguồn nguyên liệu đạt chuẩn an toàn khắt khe từ khắp thế giới, tạo nên hương vị thượng hạng Superior Taste - được đầu bếp top 1% thế giới trong đó có đầu bếp Michelin chấm giải tuyệt đối về vị ngon.

Khám phá menu sữa chua hôm nay: https://bit.ly/4gZlitq.

#SuaChuaVinamilk #SuaChuaItDuong",1050,1066,22,2025-01-10 13:00:52,Video
https://www.facebook.com/vinamilkofficial/posts/pfbid023sSkDp8Td4fTEh82J3kf4NCp5oKqKpZaF2rbRVeZ4ZUvcMmE93PBYpTRvUUJ3C3jl,"✨ NEW YEAR BEAUTY PUDDING
 CÔNG THỨC ""DA ĐẸP ĐÓN TẾT XINH“ VỚI SỮA CHUA VINAMILK NHA ĐAM

Chuẩn bị thôi nào.
Nguyên liệu: 1 hộp sữa chua Vinamilk nha đam, 1 trái kiwi, 50g nha đam, 3 muỗng canh hạt chia, dừa sấy lát (trắng), 100ml sữa tươi, elder flower (hoa cơm cháy)

Cách làm đơn giản:
⚡ Ngâm hạt chia với sữa nóng cho đến khi nở đều và đặc, được thành phẩm chia pudding, sau đó cho vào ly. 
⚡ Kiwi và nha đam cắt hạt lựu miếng vừa ăn, cho vào ly. Tiếp đến là sữa chua Vinamilk nha đam.
⚡ Trang trí bằng kiwi cắt hình quạt và dừa sấy lát, hoa cơm cháy.

Luôn có món ngon cùng sữa chua Vinamilk nha đam cho mỗi ngày tươi khỏe.

#SuaChuaVinamilk #NhaDamCoDuong #NewYearBeautyPudding",9654,4480,73,2025-01-09 23:52:13,Photo
https://www.facebook.com/vinamilkofficial/videos/1149731459827930/,"Tham quan nhà máy, tiện thể khám phá bí mật của sữa tươi thoảng hương cỏ hoa của Green Farm.

#Vinamilk #GreenFarm #Suatuoihutchankhong",139,3,17,2025-01-09 10:43:35,Video
https://www.facebook.com/vinamilkofficial/videos/1173042584413725/,"“Bếp cô Châu” hôm nay có món mới mải mê mê mãi. Là gì nhỉ? Cùng xem với Green Farm nhé!

#Vinamilk #GreenFarm #Suatuoithanhtrung",69,4,4,2025-01-08 12:00:28,Video
https://www.facebook.com/vinamilkofficial/videos/585331304465160/,"Ghé sạp thử món mới!

Bổ 3 trái dừa ta, vắt thêm 1 trái tắc, chua thanh ngọt mát, khơi dậy vị giác! Uống một ngụm, đã khát ngay.

Dừa tắc ngon, tấm tắc khen: https://bit.ly/4a60Tja
 
Luôn là quả thật mọng nước từ khắp nơi trên thế giới.

#Vinamilk #DừaTắc #NuoctraicayVinamilk
#VINAMILKNƯỚCTRÁICÂY #QUẢLÀTHẬT",2119,3484,29,2025-01-08 04:00:20,Video
https://www.facebook.com/vinamilkofficial/posts/pfbid031nSQc2z1ZFREW86cEXYuw38CbCoUjBPLUHGmDrsDpG3huhmmzVGeGACEeknyoG8Nl,"Dành cho những người cứ ngay lúc lì xì là ấp a ấp úng, không biết chúc gì thì năm nay mình có danh hiệu mới rồi: Lì xì Tỷ Tỷ. Tặng một chai là trao đi hàng chục tỷ. Ai mà không thích chứ?
 
Với hàng tỷ lợi khuẩn L.CASEI 431™ cùng nhiều vitamin và dưỡng chất trong 1 chai, Vinamilk Probi như lời chúc cả năm vững dạ, êm ruột khi ""bộ não thứ 2"" được gia cố vững chãi.
 
#Probi #Emruotnuotdoi",5999,2506,126,2025-01-07 08:09:08,unknown
https://www.facebook.com/vinamilkofficial/videos/795679912715462/,"Lần đầu tiên & duy nhất tại Việt Nam, sữa chua uống Vinamilk Green Farm được lên men từ 6 chủng men sống và lợi khuẩn nhập khẩu châu Âu. Chua béo ngọt lành. Mềm mượt mướt mê. Vỗ về vị giác.

#Vinamilk #GreenFarm #Suachuauong #6chungmen",1911,104,167,2025-01-06 12:17:57,Video
https://www.facebook.com/vinamilkofficial/posts/pfbid0BFDqa7xwKFG6c5qHebz1v3B6T5Y3SzkU5uCexpahUJoMpNqGgj5CYEaL55DswchKl,"[MINIGAME] TỔNG KẾT NĂM QUA, NHẬN QUÀ NĂM MỚI​

Giờ là lúc nhìn lại, xem 1 năm vừa trải qua, để nhận quà xinh xúng xính từ Sữa Dinh Dưỡng Vinamilk thôi nào!​

✨Bước 1: Chụp hoặc chia sẻ lại khoảnh khắc yêu thích nhất khi bạn và người thân sử dụng Sữa Dinh Dưỡng Vinamilk - Gợi ý nhỏ: Uống sữa, dùng sữa để pha chế thức uống, mua sắm sữa…​

✨Bước 2: Comment hình ảnh vào bài đăng, kèm hashtag #SữaDinhDưỡngVinamilk #Nhậnquànămmới và số may mắn 0-999, sau đó tag thêm 2 người bạn.​

✨Bước 3: Like Fanpage Vinamilk & Like/thả tim/thương thương & share bài viết này ở chế độ công khai​

02 giải NHẤT: 02 quạt điều hòa Hòa Phát trị giá 1,990,000 đồng dành cho 2 bài dự thi có tổng điểm tương tác cao nhất​

10 giải NHÌ: Voucher trị giá 200.000đ dành cho 10 bài dự thi có tổng điểm tương tác cao tiếp theo​

10 giải BA: 10 túi đeo chéo tiện dụng Vinamilk 10 người chơi may mắn được Vinamilk lựa chọn ngẫu nhiên thông qua random.org​

Thời gian tham gia minigame kết thúc vào 20:00 ngày 20/01/2025.​

️Danh sách người chiến thắng sẽ được công bố trong phần bình luận vào  ngày 20/02/2025​

 Mời cả nhà thả ảnh vào comment nhé <3 ​

#Vinamilk #SữaDinhDưỡngVinamilk #Nhậnquànămmới​

Thể lệ chi tiết: https://bit.ly/3BYgJzG",6401,14104,244,2025-01-03 04:32:12,Photo
https://www.facebook.com/vinamilkofficial/posts/pfbid02KNa6rNrxtPttWWD6zRf7Ze5Bpt6WYbkTk5qFBqBRWX9vNvhbtuSaN1UzUCXVyrt6l,"✨ LUCKY YOGURT BOWL -  DESSERT DA XINH, VẬN ĐỎ​
​
Đêm giao thừa, cả nhà mình cùng kết năm cũ, mở bát năm mới thật may:  ​
 Healthy da xinh lung linh.​
♥️ Vận đỏ suốt năm. ​
 BẮT TAY VÀO VIỆC NÀO.​

Nguyên liệu: 

2 hộp sữa chua lựu đỏ Vinamilk, 1 trái lựu tươi, 1 trái sung giống Mỹ, 5g hạt dẻ cười, hoa trang trí và chocolate chips.​
​
Cách làm:​
⚡ Cho 2 hộp sữa chua ăn Vinamilk vào trong bát.​
⚡ Cắt múi cau trái sung Mỹ.​
⚡ Lần lượt cho sung, lựu đã tách hạt, hạt dẻ cười đã nghiền lên lớp sữa chua, ít hay nhiều tùy theo sở thích.​
⚡ Trang trí bằng một vài bông hoa nhỏ, sô-cô-la đen phủ trên bề mặt.​
​
Luôn có công thức món ngon với Sữa chua Vinamilk cho mỗi khoảnh khắc bạn cần.
 ​
#SuaChuaVinamilk #LuuDoItDuong #LuckyYogurtBowl",63,3,3,2024-12-30 20:46:27,Photo
https://www.facebook.com/vinamilkofficial/videos/954031136061071/,"Lần đầu tiên, Sữa Cao Đạm Giàu Canxi Ít Béo hoàn toàn từ sữa tươi!

Từ dòng sữa cao cấp tại trang trại sinh thái Green Farm, tinh chiết dưỡng chất dồi dào nhờ công nghệ Siêu Vi Lọc hàng đầu từ Thụy Điển, Vinamilk Green Farm Cao Đạm cung cấp 12,5g đạm, +30% canxi so với sữa tươi thông thường. Đặc biệt, thành phần sữa không Lactose - dễ tiêu hóa, êm đềm cho những chiếc bụng nhạy cảm.

Mê mãi mùi hương, gói trọn dinh dưỡng!
#Vinamilk  #GreenFarmCaoDam  #ItBeoGiauCanxi",764,80,58,2024-12-27 13:00:42,Video
https://www.facebook.com/vinamilkofficial/videos/615620470965108/,"Đố bạn team Green Farm đã làm mười mấy round để duyệt Idea???  Xem ngay để khám phá nhé!
#Vinamilk #GreenFarm #Suatuoihutchankhong",517,33,36,2024-12-27 12:00:37,Video
https://www.facebook.com/vinamilkofficial/posts/1232568987811677:1232568987811677,,175,8,9,2024-12-27 07:45:22,Photo
https://www.facebook.com/vinamilkofficial/videos/607302088474850/,"Sữa đặc thuần chay
9 hạt hòa quyện
Ngất ngây vị lành 

Điểm qua gia thế của con nhà nòi Creamer 9 loại hạt:
️ Xuất thân từ nhà sản xuất Sữa đặc số 1 Việt Nam.
 Thừa hưởng vị ngon từ Sữa 9 loại hạt - Sữa hạt bán chạy nhất Việt Nam (*) với 3 giải thưởng quốc tế.
️ Chẳng cần chờ đợi đặt hàng xa xôi, sữa đặc thuần chay thuần Việt đã có mặt trên toàn quốc!

 Mua ngay tại: https://bit.ly/4gxyuo7

(*) Theo thị phần giá trị trung bình 11 tháng đầu năm 2024 trong ngành sữa hạt, từ NielsenIQ Việt Nam.

#Vinamilk #Creamer9LoạiHạtVinamilk #MónNgonThuầnChay",666,48,36,2024-12-27 03:30:07,Video
https://www.facebook.com/vinamilkofficial/posts/pfbid0cMkt36s8yrmbw4hPsUJxMxTZvw81gAubtBHYW22y6GWsuNJroRefG2SBVJJZGR2vl,"✨ WINTER YOGURT PARFAIT - HEALTHY MÙA LỄ HỘI  ✨

Sữa chua Vinamilk Ít đường hòa vị cùng trái cây tươi ngon và granola giòn rụm, đưa bạn qua tầng tầng trải nghiệm bất ngờ.

  BẮT TAY “LÊN TẦNG” CÙNG VINAMILK NÀO!

Nguyên liệu: 
2 hộp sữa chua ăn Vinamilk ít đường, các loại trái cây ăn kèm (quả dâu, việt quất,...), ngũ cốc granola, hoa trang trí.

Cách làm:
⚡ Xắt dâu, việt quất theo miếng vừa ăn (hạt lựu hoặc múi cau).
⚡ Cho lần lượt sữa chua và trái cây theo thứ tự tầng như sau: [Sữa chua] - [Trái cây, granola] - [Sữa chua] - [Trái cây, granola] - [Sữa chua].
 ⚡ Trang trí mặt trên bằng trái cây, granola và hoa trang trí.

#SuaChuaVinamilk #SuaChuaItDuong #SuaChuaTangTuyetTrang",38,4,4,2024-12-26 14:40:27,Photo
https://www.facebook.com/vinamilkofficial/posts/pfbid0m7N9ssEWCfuPfaB5HntZ3gnvptcngPhAM67faQLR4ckaXnbcJVYeZ6pr7HMgXh7El,"Mở tủ lạnh ra, thấy quà Santa 
Thiệp chúc viết là: Ăn sữa chua mùa lạnh vẫn ổn áp đó nha.  

#SuaChuaVinamilk #NuocTraiCayVinamilk #Probi #GiangSinh",100,3,14,2024-12-26 01:50:48,unknown
https://www.facebook.com/vinamilkofficial/videos/597473846002001/,"Chỉ trong một ngày làm barista, Khánh Vy đã “đổ” sữa tươi Green Farm như thế nào?

#Vinamilk #GreenFarm #Suatuoihutchankhong",140,3,6,2024-12-25 13:01:09,Video
https://www.facebook.com/vinamilkofficial/videos/1298658174707324/,"Dành cho những người luôn tỉ mẩn chọn từng dưỡng chất ưu việt cho con, Sữa tươi Green Farm chuẩn Organic châu Âu nay cải tiến: +30% Omega 3 so với sữa tươi thông thường, cho con từng ngụm sữa thơm ngon, bé con học đâu hiểu đấy mỗi ngày.

Sắm ngay dinh dưỡng ưu việt cho bé ngoan: http://bit.ly/3ZyVzkL  

#Vinamilk #GreenFarmOrganic #EUorganic",46,6,8,2024-12-24 13:00:46,Video
https://www.facebook.com/vinamilkofficial/videos/1526102038085979/,"Khách mời tiếp theo của resort bò sữa Green Farm Tây Ninh là ai? 
Bấm xem ngay!

#Vinamilk #GreenFarm #Suatuoihutchankhong",185,12,24,2024-12-24 12:00:50,Video
https://www.facebook.com/vinamilkofficial/posts/pfbid0hTHAUHYBJyvYzUyn5G8QMLSSbQtoLBfFqd8zy44pLnebrP6QVgXJGswrAanJM3E5l,"Bật mí công thức ""mix"" món nước ""ruột"" cho mùa X-mas cùng Probi. ​​

Đơn giản vài bước thôi là có ngay thức uống vừa êm mắt, êm miệng, êm cả ruột. Ai cũng mê!​​

#Probi #Emruotnuotdoi",278,2,9,2024-12-24 00:00:39,Photo
https://www.facebook.com/vinamilkofficial/videos/3969924479942074/,"Có phải sữa nào cũng giống nhau không? Cùng tìm câu trả lời tại trang trại sinh thái Green Farm nhé!

#Vinamilk #GreenFarm #Suatuoihutchankhong",117,13,22,2024-12-23 12:00:29,Video
https://www.facebook.com/vinamilkofficial/videos/2523235271198693/,"Thật hạnh phúc khi cùng gia đình và người thân yêu thưởng thức món Chè Dừa Dầm thơm béo được làm từ sữa Ông Thọ, kể nhau nghe những câu chuyện vào khoảnh khắc đẹp nhất trong năm. Nhanh tay làm thử bạn nhé!

#MonNgonTuSuaOngTho #SuaDacCoNap #OngTho1kgCoNap",2479,9,202,2024-12-21 13:06:57,Video
https://www.facebook.com/vinamilkofficial/videos/499365279223115/,"Chỉ 35s biết ngay cách làm món Mì Bò Sa Tế Đậu Phộng đậm đà béo thơm nhờ sữa Ông Thọ. Một món ăn hoàn hảo cho buổi tối tất niên sum vầy cùng gia đình. Thử ngay chờ chi!

#MonNgonTuSuaOngTho #SuaDacCoNap #OngTho1kgCoNap",1572,6,110,2024-12-20 13:04:40,Video
https://www.facebook.com/vinamilkofficial/posts/pfbid0349iWE2KpMXS4eBPfrpHNgvUCnmySHy6hmVR1z8Z4ZT2SVDVFPSEA3XN3PQuDhYhHl,"TIN MỚI!
Sạp trái cây vừa nâng cấp: Không chỉ bán trái cây, nay còn nhập thêm collagen thủy phân.  
 
Ghé sạp lựa ngay quả ngon trái ngọt Collagen thủy phân tại: https://bit.ly/41EHNi0
 
#Vinamilk #VinamilkJuiceCollagen #NuoctraicayCollagenVinamilk
#VINAMILKNƯỚCTRÁICÂY #QUẢLÀTHẬT",2515,83,55,2024-12-20 01:02:10,unknown
https://www.facebook.com/vinamilkofficial/videos/436488146201709/,"Khám phá ngay công thức Gà Xốt Cam với sự kết hợp giữa thịt gà mềm mọng thấm vị nhờ được ướp từ sữa Ông Thọ, cùng phần xốt chua ngọt thơm ngon, đây chắc chắn là một món ăn không thể thiếu cho dịp tất niên này. Thử ngay bạn nhé!

#MonNgonTuSuaOngTho #SuaDacCoNap #OngTho1kgCoNap",1779,11,210,2024-12-19 12:59:40,Video
https://www.facebook.com/vinamilkofficial/posts/pfbid0AevuNUyhojqf7ydk3Yu7TBeqqdXGojT4bNShjTFwsm1pwUGp79ZJuyefqJm4oDotl,"✨ BLUEBERRY BLING BLING - DÁNG XINH ĐÓN GIÁNG SINH✨

BẮT TAY THỰC HIỆN NGAY SMOOTHIE “THẦN THÁNH” NÀO 
 Nguyên liệu: 1 hộp Sữa chua Việt quất Vinamilk, 150g Việt quất tươi, 30ml Sữa tươi Vinamilk, 15ml Sữa đặc, 40g Đường, 1/4 Trái chanh, Đá và Lá húng lủi trang trí.

Cách làm:
⚡ Sên mứt: Đun 100g việt quất đã dằm với đường đến khi sệt, thêm chanh, để nguội.
⚡ Xay smoothie: Xay nhuyễn sữa chua việt quất Vinamilk, sữa tươi, sữa đặc và đá.
⚡ Rưới xốt: Cho mứt việt quất vào ly và rót hỗn hợp smoothie lên trên.
⚡ Trang trí với việt quất tươi và lá húng lủi.

#SuaChuaVinamilk #VietQuatItDuong #BlueberryBlingBling",223,7,6,2024-12-18 12:44:50,Photo
https://www.facebook.com/vinamilkofficial/posts/pfbid024FWGyzE2zQJdiDvHbgmfeuYodquP4A4i3sdYADvNz5evM9sqpQ8cBoLXH9spywtnl,"""Cây cam ngọt của tôi” của tác giả José Mauro de Vasconcelos người Brazil là quyển sách được yêu mến vô cùng. Nhưng có ai từng thắc mắc cây cam “chữa lành” đời đầu ấy là cây cam gì không? 
 
Vinamilk đã đến tận Brazil và chọn 3 giống cam ngọt nức tiếng nhất vùng: Pera, Valencia và Hamlin để làm nên nước ép cam.
 
Dù không được tác giả cho biết đó là cây cam gì, nhưng chắc là nước cam ngọt của Vinamilk vẫn có khả năng “chữa lành” những tâm hồn sau giờ hành chính!
 
Còn những cây trái nào trong truyền thuyết mà bạn muốn chúng tôi đi khám phá? ✨
#VFRESH #THAYÁOMỚI #VINAMILKNƯỚCTRÁICÂY #QUẢLÀTHẬT",77,1,4,2024-12-17 12:30:01,Photo
https://www.facebook.com/vinamilkofficial/posts/pfbid0CABtoBNXjiwGgcCgDapXz1k5f5assHxwP2Qr6K4kzT66KsXrKo3BuViCiwaro2yel,"“Người yêu bạn thật lòng là người khiến bạn vui vẻ mỗi ngày” - Đó là lời tâm sự của A sau một tháng ""hẹn hò"" với Probi Lựu Đỏ Ít Đường, hình mẫu bạn đời lý tưởng trong lòng cô:​​
​​
 Tinh tế: Ngọt dịu thanh tao (giảm đến 40% lượng đường*).​​

 Kinh tế: Gia tài 26 tỷ (lợi khuẩn L. CASEI 431™ trong 1 chai 130 ml).​​

 Tử tế: Giúp tinh thần cô thêm phấn chấn vì có chứa Tryptophan - tiền chất giúp sản sinh ""hormone vui vẻ"" Serotonin. ​​
​​
Mối quan hệ lành mạnh này chính là tình yêu mà bạn nên theo đuổi ❣️ 

Chọn sánh đôi mỗi ngày cùng Probi Lựu Đỏ Ít Đường để đường đời thêm nuột, đường ruột thêm khoẻ nhé!  ​​

*Giảm hơn 40% lượng đường tổng so với Sữa chua uống men sống nhãn Vinamilk Probi.
#Probi #Emruotnuotdoi ​​

--- ​​
Vinamilk Probi Lựu Đỏ Ít Đường bổ sung lợi khuẩn L. CASEI 431™ hỗ trợ miễn dịch đường ruột, tăng sức đề kháng cơ thể; bổ sung L-5-Hydroxytryptophan (5-HTP) giúp hỗ trợ tổng hợp hormone serotonin.",1179,29,28,2024-12-16 12:15:11,unknown
https://www.facebook.com/vinamilkofficial/videos/1141301617618634/,"Dự thi giải World Robot Olympiad ở Thổ Nhĩ Kỳ, các nhà sáng tạo nhí mang theo gì? Kiến thức - Tự tin - Bản lĩnh - Dinh dưỡng cùng Vinamilk Green Farm.
Vượt qua hơn 240 đội thi từ 8 quốc gia khác nhau, các tuyển thủ Việt Nam tự hào giành chiến thắng!
Cùng Vinamilk Green Farm gửi lời chúc mừng đến những tài năng Việt Nam nào!
#Vinamilk #Greenfarm #RaisingTheBar #WorldRobotOlympiad2024",262,6,4,2024-12-15 12:00:22,Video
https://www.facebook.com/vinamilkofficial/posts/pfbid05xT5qbGuggUPMhDcwpuE7QNri1qcz4BZpBjUeEuTWSejip1fYKpUzUJzP3zqnFi2l,"  Điểm tin dinh dưỡng mùa lễ hội!​
❣️ Tiệc tùng ăn uống ê hề cái bụng, nhưng sao bụng yêu vẫn khỏe re, vui vẻ.​

 Đó là nhờ “nhăm nhăm"" Sữa Dinh Dưỡng Vinamilk mỗi ngày để nạp thêm 308mg chất xơ hoà tan giúp êm bụng, khỏe tiêu hoá.​
​
️ Thoải mái mở hội, mau chốt liền tay: https://bit.ly/3CNvAgw
#Vinamilk #SữaDinhDưỡngVinamilk​
—-----​
*Vinamilk khuyến khích bữa ăn đầy đủ các nhóm chất chính: bột đường, chất đạm, chất béo, vitamin & khoáng chất từ rau củ quả...; và kết hợp uống sữa mỗi ngày để bổ sung thêm dưỡng chất: Xơ, A, D3, Canxi.",4220,411,74,2024-12-14 12:00:31,Photo
https://www.facebook.com/vinamilkofficial/posts/pfbid0G6L1UZ1j6gXpaKm4JT2yfgMWT9kKjPX8dGzxxbpCn79LFd6HofCeioNPJrdbyRyJl," Curcumin - một thành phần trong củ nghệ đã được chứng minh có tác dụng hỗ trợ làm lành vết loét, bảo vệ niêm mạc dạ dày (*).​​​

 Mật ong - mảnh ghép hoàn hảo hỗ trợ giảm viêm và kháng khuẩn.​​​

 Lợi khuẩn L. CASEI 431™ - mỗi chai Probi 130ml chứa đến 26 tỷ lợi khuẩn, giúp cải thiện và hỗ trợ tiêu hoá (**)​​

Đâu phải chỉ có tâm hồn cần được chữa lành, “bộ não” thứ hai của bạn cũng cần Probi Nghệ Mật Ong dỗ dành để an yên nuột đời!​​

#Probi #Emruotnuotdoi​​​​​​

----​​
(*) Nguồn: Theo nghiên cứu lâm sàng tại Thái Lan do Prucksunand C. và cộng sự thực hiện, ""Phase II Clinical Trial on Effect of the Long Turmeric (Curcuma longa Linn) on Healing of Peptic Ulcer"", được công bố trên Southeast Asian Journal of Tropical Medicine and Public Health năm 2001​. ​​

Bài viết chi tiết: https://pubmed.ncbi.nlm.nih.gov/11485087/​

(**) Nguồn: Probi chứa lợi khuẩn L. CASEI 431™ từ Châu Âu, được chứng minh hiệu quả qua hơn 90 nghiên cứu lâm sàng giúp gia cố hàng rào miễn dịch.",778,8,7,2024-12-13 12:00:41,Photo
https://www.facebook.com/vinamilkofficial/posts/pfbid07LW3S9ViBSUod33FrYNAbX9GDK5m3d5tthSubo1NCsEREbDHPyBxwaf8Nk14nEgWl,"Bật mood đi chill cùng Châu Bùi và Vinamilk Green Farm - Sữa tươi top 1% đầu bếp thế giới chấm giải tuyệt đối về vị ngon.

Vị ngọt tự nhiên, sóng sánh mịn màng, vỗ về vị giác!

#Vinamilk #GreenFarm #Suatuoihutchankhong",487,9,11,2024-12-12 12:00:51,unknown
https://www.facebook.com/vinamilkofficial/posts/pfbid02raHvk2DQjrtM1o27HnN5yZpa8nBzCAwP1XmgnzgBkYQ7NadPXWXTDUs36jKuQV2Pl,"#1 Salad xốt mè cùng Creamer 9 hạt 

Xốt mè rang thơm, nay béo bùi vị hạt nhờ Creamer 9 loại hạt Vinamilk, kết hợp cùng salad hoa quả tươi mát. Thuần chay vẫn đậm đà ngon !
 
Mua ngay tại: https://bit.ly/4gxyuo7

#Vinamilk #Creamer9LoạiHạtVinamilk #MónNgonThuầnChay",653,38,56,2024-12-11 12:01:01,unknown
https://www.facebook.com/vinamilkofficial/videos/1147708360253507/,"Vẫn là bàn tiệc với trăm món ngọt, nhưng thêm nguyên liệu này vào thì đảm bảo món nào cũng vừa thơm ngon đậm vị, lại vừa có thêm “chất”!​

Chất đầy Xơ, D3, A, Canxi cho mắt sáng, bụng êm, xương khỏe.​
️
Hấp dẫn quá! Tự tay chế biến cùng Sữa Dinh Dưỡng Vinamilk thôi nào: https://bit.ly/4g6x6ZY

Nếu bạn còn phân vân chưa biết chế biến món gì, check ngay gợi ý từ Vinamilk bên dưới để có món ngon bổ dưỡng cho gia đình nhé!​

#Vinamilk #SữaDinhDưỡngVinamilk",303,14,8,2024-12-10 12:01:11,Video
https://www.facebook.com/vinamilkofficial/videos/1320255506060951/,"Liệu kem gắp hết 10 vị mlem mlem​ 

#kemvinamilk #càremmớikeng",472,227,6,2024-12-09 13:00:40,Video
https://www.facebook.com/vinamilkofficial/videos/947397740613451/,"Đào Hy Lạp thuộc giống hạt dính nổi tiếng ngọt thơm, chỉ bị mỗi chuyện, gọt cực và lâu. Nhưng chúng tôi đã làm giúp bạn bước đó. Giờ bạn chỉ cần thêm vào giỏ hàng thôi. Xin mời quẹo lựa: https://bit.ly/NướcépNectaĐàoVinamilk 
#VFRESH #THAYÁOMỚI #VINAMILKNƯỚCTRÁICÂY #QUẢLÀTHẬT",113,3,7,2024-12-09 12:00:36,Video
https://www.facebook.com/vinamilkofficial/posts/pfbid02RUQs92CkoguTxzYPaydviDb9pdkxNBYeqC1bv3WC1rvyoKTzHQYiEoqagCobqF1cl,"AI RỒI CŨNG MÊ SỮA TƯƠI VINAMILK 100% DỪA
""Bảo bối"" được cả đội tuyển Việt Nam và bạn bè quốc tế trong giải đấu ""World Robot Olympiad 2024"" tại Thổ Nhĩ Kỳ yêu thích chính là Sữa tươi Vinamilk 100% Dừa. 
Vừa tươi lại vừa ngon nên các bạn nhỏ ""mê"" ngay từ ngụm đầu tiên 
 
Sản phẩm đã lên kệ tại hệ thống cửa hàng Vinamilk trên toàn quốc. 
Thử ngay tại: bit.ly/4glT1vO
 
#Vinamilk #RaisingTheBar #WorldRobotOlympiad2024 #suatuoi100",314,10,4,2024-12-07 00:00:35,Photo
https://www.facebook.com/vinamilkofficial/videos/450014954542182/,"Nếu bạn biết hơn 1/2 số bài hit trong danh sách này, hẳn bạn phải là bậc thầy âm nhạc hồi đó. Giờ đây, những ca khúc ấy đã được Our Song Vietnam thổi làn gió mới - vẫn thân quen nhưng lại đầy bất ngờ.

Còn bản hit nào quá hay nhưng chưa được gọi tên, comment cho Green Farm biết ngay bạn nhé. 
#Vinamilk #Greenfarm #OurSongVietnam #suatuoihutchankhong #vovevigiac",72,8,8,2024-12-04 12:00:35,Video
https://www.facebook.com/vinamilkofficial/videos/1051076963695789/,"Dành 1 phút 30s xem ngay idol nhí Hưng Hayden review Green Farm Organic nhé mẹ ơi!
️ Mẹ ưng ý Green Farm Organic thì bấm tại: http://bit.ly/3ZyVzkL  
#Vinamilk #GreenFarmOrganic #EUorganic",484,13,3,2024-12-03 13:00:52,Video
https://www.facebook.com/vinamilkofficial/videos/2025675674568799/,"BÙNG NỔ CẢM XÚC CÙNG CÁC TÀI NĂNG NHÍ VÔ ĐỊCH GIẢI “GLOBAL ROBOTICS GAMES 2024” ​

Cùng nhìn lại hành trình Vinamilk sát cánh bên cạnh các bé trong từng phần thi, “chiến” hết mình và cực kì bùng nổ ở đêm chung kết để mang giải vô địch về cho Việt Nam.​
Và hơn hết, Vinamilk hân hạnh là người bạn đồng hành trong suốt hành trình “Global Robotics Games 2024”, mang đến nguồn dinh dưỡng tuyệt vời giúp bé tỏa sáng, vững bước chinh phục các ước mơ.​

#Vinamilk #RaisingTheBar #GlobalRoboticsGames2024",425,10,3,2024-12-03 12:00:40,Video
https://www.facebook.com/vinamilkeshop/posts/pfbid02oBAhLyH7C6VJCynfARwwXLisj4JXkgnsmUFp2TCuPECLozY28dpXo6aGgeiLaBkSl,"Xin chào thành phố Cần Thơ xinh đẹp! 03 cửa hàng Vinamilk nhận diện mới sẽ đồng loạt đổ bộ Thủ phủ miền Tây tuần này!​

​ 8A Cách Mạng Tháng Tám, Phường An Thới, Quận Bình Thủy, TP. Cần Thơ - Khai trương lúc 15h30 ngày 02.12​
 35 Trần Hưng Đạo, Phường An Cư, Quận Ninh Kiều, TP. Cần Thơ - Khai trương lúc 7h30 ngày 03.12​
 336 Nguyễn Văn Cừ, Phường An Hòa, Quận Ninh Kiều, TP. Cần Thơ - Khai trương lúc 8h30 ngày 03.12​

​Ưu đãi và quà tặng đã ngập tràn, cửa hàng rộn ràng chào đón những vị khách đầu tiên ghé mừng khai trương:​

​ SẮM ĐẦY GIỎ, QUÀ BAO TO (*):​
- Mua 2 tặng 1: Mua 2 Hộp Sữa tươi tiệt trùng Vinamilk 1L nhận ngay 1 Sữa Hạt Cao Đạm Vinamilk 180ml​
- Mua 4 tặng 1: Sữa tươi tiệt trùng 100% Dừa/Chuối và hàng loạt sản phẩm Kem que, kem ốc quế thơm ngon​
- Mua 6 tặng 1: Sữa tươi thanh trùng Green Farm; Sữa hạt Vinamilk Cao đạm và 9 loại hạt; Sữa chua uống Susu & Yomilk​
- Giảm giá hấp dẫn cho Kem hộp Vinamilk; Nước ép trái cây và Sữa tươi thanh trùng Green Farm​

​ THỬ MIỄN PHÍ, NGON MIỄN BÀN (**): Sữa tươi Vinamilk 100% Chuối mới; Sữa tươi Green Farm; Sữa hạt Cao Đạm; Sữa chua uống tiệt trùng Susu; Sữa chua uống men sống Probi; Sữa chua Vinamilk​

​ QUÀ GIỚI HẠN, SẮM RỘN RÀNG (***): ​
- Tặng Túi tote xinh xắn cho đơn từ 500K ​
- Tặng Ly rực rỡ cho đơn từ 300K ​

​ Đặc biệt, bạn nhớ theo dõi fanpage Vinamilk – Shop & More để trở thành những người đầu tiên săn thành công e-voucher và có thêm cơ hội rinh quà (****):​
- Túi tote hoặc Ly sứ Vinamilk khi mua đơn từ 200K​
- 01 hộp sữa Vinamilk 100% vị Dừa hoặc Chuối mới ra mắt khi mua đơn từ 200K (sau khi chương trình đã tặng hết phần quà Túi tote và Ly sứ)​

​ Đừng quên ghé cửa hàng Vinamilk ở 8A Cách Mạng Tháng Tám ngay hôm nay nhé!​

​#Vinamilk #VinamilkShopandMore #VinamilkCanTho​

​(*),(**), (***): Ưu đãi áp dụng tại mỗi cửa hàng Vinamilk với số lượng quà có hạn trong thời gian khai trương. Vui lòng tham khảo nhân viên tại cửa hàng để được tư vấn thể lệ chi tiết của mỗi chương trình.​
(****): Ưu đãi áp dụng cho khách hàng tham gia các hoạt đ ộng tại fanpage Vinamilk – Shop & More, nhận được mã evoucher và đến cửa hàng Vinamilk có áp dụng chương trình theo thời gian quy định để mua đơn hàng hợp lệ từ 200,000 VND trở lên",1823,58,14,2024-12-02 12:00:55,unknown
https://www.facebook.com/vinamilkofficial/posts/pfbid0xrwoxiXxA8tTvB7tsv9gB2iUywE9JhLNExNNKgVdTh7jz3JtWzxR956bgDyCyb5jl,"Vị ngon hợp thể, thể nào cũng yêu 

Mua ngay tại: https://bit.ly/kemvinamilk 

#kemvinamilk #càremmớikeng",378,433,11,2024-12-01 12:01:10,unknown
https://www.facebook.com/vinamilkofficial/videos/1103565881217170/,"Đừng bất ngờ khi sáng mai tỉnh giấc thấy sữa tươi Organic đã thay tấm áo mới.
Vẫn dòng sữa đầy đặn chuẩn organic Châu Âu mà bạn đã quen thuộc, chỉ xanh thêm.
Thêm chút xanh từ Green Farm Organic cho tủ lạnh của bạn tại: https://bit.ly/48YDBve
#Vinamilk #GreenFarmOrganic #EUorganic",151,12,8,2024-11-30 12:01:26,Video
https://www.facebook.com/vinamilkofficial/videos/2280425045689368/,"Đường ruột khỏe chính là “điều kiện đủ” để giúp bạn giải những câu hỏi khó trên đường đời!​

Những cơn viêm loét dạ dày có thể ngăn cản tư duy thông suốt ở những thời khắc cần tập trung cao độ. Đừng quên bổ sung đều đặn Probi Nghệ Mật Ong với hàng tỷ lợi khuẩn độc quyền L. CASEI 431™ và 11,31 mg hoạt chất Curcumin từ củ nghệ trong 1 chai 130 ml, giúp giảm thiểu tình trạng viêm nhiễm. Lành dạ dày, thêm vững dạ!​
​
#Probi #Emruotnuotdoi",1173,5,11,2024-11-30 11:00:37,Video
https://www.facebook.com/vinamilkofficial/posts/pfbid0378VAPQgBCQMuUz9moxK5nPSYyrHxV6YWChLJmTW7Gpe2HG7XPpXPv4MKurcSiQKzl,"Chào Gò Vấp nhộn nhịp, cửa hàng Vinamilk Phan Văn Trị sẽ chính thức mở cửa vào 9:00 ngày 30/11 tới! ​

Lên đến 13m mặt tiền, đây là cửa hàng Vinamilk sở hữu diện tích mặt tiền lớn nhất toàn hệ thống. Khoác tấm áo mới rực rỡ sắc màu, cửa hàng rộn ràng khai trương và chào đón những vị khách đầu tiên ghé thăm với nhiều quà tặng hấp dẫn:​

 SẮM ĐẦY GIỎ, QUÀ BAO TO (*):​
- Mua 2 tặng 1: Mua 2 Hộp Sữa tươi tiệt trùng Vinamilk 1L nhận ngay 1 Sữa Hạt Cao Đạm Vinamilk 180ml​
- Mua 4 tặng 1: Sữa tươi tiệt trùng 100% Dừa/Chuối và hàng loạt sản phẩm Kem que, kem ốc quế thơm ngon​
- Mua 6 tặng 1: Sữa tươi thanh trùng Green Farm; Sữa hạt Vinamilk Cao đạm và 9 loại hạt; Sữa chua uống Susu & Yomilk​
- Giảm giá hấp dẫn cho Kem hộp Vinamilk; Nước ép trái cây và Sữa tươi thanh trùng Green Farm​

 THỬ MIỄN PHÍ, NGON MIỄN BÀN (**): ​
- Sữa tươi Vinamilk 100% vị Chuối mới ra mắt​ 
- Sữa tươi Vinamilk Green Farm sánh mịn, thoảng hương cỏ hoa  ​
- Sữa hạt Cao Đạm thơm hạt, béo bùi ​
- Sữa chua uống tiệt trùng Susu thơm ngon bé thích  ​
- Sữa chua uống men sống Probi “êm ruột, nuột đời” ​
- Sữa chua Vinamilk đa vị “chiều mọi nết bụng” ​

 QUÀ GIỚI HẠN, SẮM RỘN RÀNG (***): ​
✨ Tặng Túi tote xinh xắn cho đơn từ 500K ​
✨ Tặng Ly rực rỡ cho đơn từ 300K ​

 Đặc biệt, bạn nhớ theo dõi fanpage Vinamilk – Shop & More và đón xem livestream Khai trương Vinamilk Phan Văn Trị lúc 17:30 ngày 30/11 để nhận e-voucher và có thêm cơ hội rinh quà (****):​
- Túi tote hoặc Ly sứ Vinamilk khi mua đơn từ 200K​
- 01 hộp sữa Vinamilk 100% vị Dừa hoặc Chuối mới ra mắt khi mua đơn từ 200K (sau khi chương trình đã tặng hết phần quà Túi tote và Ly sứ)​

​ Nhớ ghé Cửa hàng Vinamilk tại số 1391 Phan Văn Trị, P.10, Gò Vấp, TP.Hồ Chí Minh cuối tuần này nhé!​

​#Vinamilk #VinamilkShopandMore #VinamilkPhanVanTri​

(*),(**), (***): Ưu đãi áp dụng tại mỗi cửa hàng Vinamilk với số lượng quà có hạn trong thời gian khai trương. Vui lòng tham khảo nhân viên tại cửa hàng để được tư vấn thể lệ chi tiết của mỗi chương trình.​

(****): Ưu đãi áp dụng cho khách hàng tham gia các hoạt động tại fanpage Vinamilk – Shop & More, nhận được mã e-voucher và đến cửa hàng Vinamilk có áp dụng chương trình theo thời gian quy định để mua đơn hàng hợp lệ từ 200,000 VND trở lên.",26,2,3,2024-11-29 23:15:38,unknown
https://www.facebook.com/vinamilkofficial/posts/pfbid02MvYvYzXaq1jvfLewyAZH7G6CcLK6jCwLqUTXziPDc43ddnNVyaqd2TLqZCXSGJTMl,"SỮA TƯƠI 100% CHUỐI MỚI THẬT “QUÁ ĐÁNG""… QUÁ ĐÁNG YÊU RÙI:
Ưu điểm: Vị chuối mới toanh, tươi ngon rực rỡ - Sữa tươi vắt & đóng hộp trong 24h - Giảm tới 25% hàm lượng chất béo (*)
Nhược điểm: Khó chối từ, mỗi lần uống cứ phải tù tì 2 hộp mới đã!!!
 
Thử ngay thử ngay: https://bit.ly/4inHWfR
 
(*) So với Sữa tươi tiệt trùng không đường nhãn hiệu Vinamilk 100% Sữa tươi.
 
#vinamilk #suatuoi100 #vatmoingay #tuoimoingay",3265,429,55,2024-11-29 11:30:40,unknown
https://www.facebook.com/vinamilkeshop/posts/pfbid0271VqMfGmDPCs8sQNu3zzk1YR6hQYdDUQtT6absPELXxuoavyM2NU371ZME6spKNJl,"Vinamilk xin chào Vũng Tàu! 02 cửa hàng Vinamilk đầu tiên khoác chiếc áo nhận diện mới đã tới Miền Đông rồi đây!​

 Cửa hàng có vị trí “đắc địa” nhất: 178 Ba Cu, Phường 3, TP. Vũng Tàu, Tỉnh Bà Rịa - Vũng Tàu ​
Khai trương lúc 13h30 ngày 29.11​
 Cửa hàng “lớn nhất” Miền Đông: 106 Nguyễn Văn Trỗi, Phường 4, TP. Vũng Tàu, Tỉnh Bà Rịa - Vũng Tàu - Khai trương lúc 14h30 ngày 29.11​

Sữa thơm sẵn sàng, cửa hàng rộn ràng chào đón những vị khách đầu tiên ghé thăm vào ngày khai trương với nhiều quà tặng hấp dẫn:​

​ SẮM ĐẦY GIỎ, QUÀ BAO TO (*):​
- Mua 2 tặng 1: Mua 2 Hộp Sữa tươi tiệt trùng Vinamilk 1L nhận ngay 1 Sữa Hạt Cao Đạm Vinamilk 180ml​
- Mua 4 tặng 1: Sữa tươi tiệt trùng 100% Dừa/Chuối và hàng loạt sản phẩm Kem que, kem ốc quế thơm ngon​
- Mua 6 tặng 1: Sữa tươi thanh trùng Green Farm; Sữa hạt Vinamilk Cao đạm và 9 loại hạt; Sữa chua uống Susu & Yomilk​
- Giảm giá hấp dẫn cho Kem hộp Vinamilk; Nước ép trái cây và Sữa tươi thanh trùng Green Farm​

 THỬ MIỄN PHÍ, NGON MIỄN BÀN (**): Sữa tươi Vinamilk 100% Chuối mới; Sữa tươi Green Farm; Sữa hạt Cao Đạm; Sữa chua uống tiệt trùng Susu; Sữa chua uống men sống Probi; Sữa chua Vinamilk​

 QUÀ GIỚI HẠN, SẮM RỘN RÀNG (***): ​
- Tặng Túi tote xinh xắn cho đơn từ 500K ​
- Tặng Ly rực rỡ cho đơn từ 300K ​

 Đặc biệt, bạn nhớ theo dõi fanpage Vinamilk – Shop & More và đón xem livestream Khai trương chuỗi cửa hàng Vũng Tàu từ 29/11 - 1/12 để nhận e-voucher và có thêm cơ hội rinh quà (****):​
- Túi tote hoặc Ly sứ Vinamilk khi mua đơn từ 200K​
- 01 hộp sữa Vinamilk 100% vị Dừa hoặc Chuối mới ra mắt khi mua đơn từ 200K (sau khi chương trình đã tặng hết phần quà Túi tote và Ly sứ)​

 Bạn thân ở Vũng Tàu nhớ ghé 02 cửa hàng Vinamilk check-in cuối tuần này nhé!​

​#Vinamilk #VinamilkShopandMore #VinamilkVungTau​

(*),(**), (***): Ưu đãi áp dụng tại mỗi cửa hàng Vinamilk với số lượng quà có hạn trong thời gian khai trương. Vui lòng tham khảo nhân viên tại cửa hàng để được tư vấn thể lệ chi tiết của mỗi chương trình.​
(****): Ưu đãi áp dụng cho khách hàng tham gia các hoạt động tại fanpage Vinamilk – Shop & More, nhận được mã e-voucher và đến cửa hàng Vinamilk có áp dụng chương trình theo thời gian quy định để mua đơn hàng hợp lệ từ 200,000 VND trở lên.",667,49,8,2024-11-28 23:45:42,unknown
https://www.facebook.com/vinamilkofficial/videos/498699009153193/,"Sắp cuối tuần rồi, lên thời khóa biểu Ít đường cho tuần mới thôi.
6 vị ít đường, mỗi ngày 1 vị. Còn Chủ Nhật thì..tùy bụng.
 
Miễn sao mỗi ngày 1 hũ, nạp đủ 12 triệu men Bulgaricus Châu Âu cùng collagen cho khỏe người, đẹp dáng là được.
 
Xếp thời khóa biểu cho tủ lạnh tại: https://bit.ly/3ZbA1Jp
 
#Vinamilk #SữaChuaVinamilk #KếtBụng4Phương #ÍtĐườngĐaVị",351,8,15,2024-11-28 12:00:44,Video
https://www.facebook.com/vinamilkofficial/videos/542985975291931/,"Bạn có còn giữ những chiếc đĩa CD cũ không?
Bật mí cách Vinamilk Green Farm ra tay biến hoá kỉ niệm từ cũ thành mới, xem hết clip mới bất ngờ bật ngửa!

Hãy cùng Vinamilk làm mới những chiếc CD xa lắc xa lơ, như cách Our Song làm mới các siêu hit cũ, để nhận liền những phần quà “tươi mới” từ Green Farm.

Comment bài hát yêu thích nhất của bạn cho Vinamilk Green Farm biết nhé!

#Vinamilk #Greenfarm #OurSongVietnam #suatuoihutchankhong #vovevigiac",247,752,7,2024-11-27 12:49:29,Video
https://www.facebook.com/vinamilkofficial/videos/1520122052033710/,"Ép dầu ép mỡ, mẹ không nỡ ""ép"" bé ăn rau?! 
Vậy mẹ cho bé uống Sữa Dinh Dưỡng Vinamilk để bổ sung Chất xơ hoà tan giúp ""bụng êm"" cả ngày nha 
 
✨Ngoài chất xơ, Sữa Dinh Dưỡng Vinamilk còn được bổ sung Vitamin D3, Canxi & Vitamin A giúp xương khỏe, mắt sáng.
 
Mời bé, mời cả nhà cùng bổ sung nha: https://bit.ly/3CNvAgw
 
#Vinamilk #SữaDinhDưỡngVinamilk
 
*Vinamilk khuyến khích bữa ăn đầy đủ các nhóm chất chính: bột đường, chất đạm, chất béo, vitamin & khoáng chất từ rau củ quả...; và kết hợp uống sữa mỗi ngày để bổ sung Canxi.",395,11,12,2024-11-27 11:48:06,Video
https://www.facebook.com/vinamilkofficial/posts/pfbid032hWr5mRaaeo8yRkkPZx86TS9Zj7mS5qeSJ4PZPZF2yJYvTsptpZyaSBbDnNHfKbsl,"""LÀM QUEN"" CÁC NHÀ SÁNG TẠO NHÍ TẠI CHUNG KẾT GLOBAL ROBOTICS GAMES 2024

Tuần qua, Vinamilk đã có chuyến du đấu giải Global Robotics Games 2024 tại Singapore cùng 20 đội thi. Với sự sáng tạo và tinh thần táo bạo, quyết tâm, các đội đại diện Việt Nam đã ghi dấu ấn bằng những thành tích rất đáng nể:
 Giải Vô địch
✨ Giải Nhất
 
3 giải xuất sắc tại các hạng mục:
 Thiết kế Robot
 Thuyết trình Robot
 Lập trình Robot

Cùng gặp gỡ các tài năng sáng tạo và tiếp tục cổ vũ các bạn ấy nhé! Ba mẹ đừng quên cho các con uống đủ 3 ly sữa Vinamilk mỗi ngày để con cao lớn và đồng hành cùng Vinamilk phát huy tối đa các tiềm năng của con nhé. 
#Vinamilk #RaisingTheBar #GlobalRoboticsGames2024",535,11,10,2024-11-25 00:30:20,unknown
https://www.facebook.com/vinamilkofficial/videos/584711960907085/,"Vfresh bạn vốn yêu nay chính thức thay vỏ. 
Vẫn những giống trái cây ngon bậc nhất, đến độ chín muồi, phong phú từ khắp nơi.
Vẫn đang được bày tại sạp nước trái cây Vinamilk.
Tới thử một ly, thấy vẫn ngon như ngày nào https://bit.ly/4dqv7ye
#VFRESH #THAYÁOMỚI #VINAMILKNƯỚCTRÁICÂY #QUẢLÀTHẬT",1314,43,16,2024-11-22 13:12:35,Video
https://www.facebook.com/vinamilkofficial/videos/1558497545030413/,"DEAL NÀY 100% HOT! MUA 1 TẶNG 4 TỪ SỮA TƯƠI 100%!!!
Sữa tươi Vinamilk 100% tặng bé 4 hộp 110ml/180ml khi mẹ mua 1 thùng. Sữa đã tươi ngon, giờ thêm deal hot, từ 18.11.2024 đến 31.03.2025.
Hời thế này, ""sắm sữa"" liền tay mẹ ơi! 

MUA NGAY https://bit.ly/3Z1nsR6",2352,247,51,2024-11-20 13:00:38,Video
https://www.facebook.com/vinamilkofficial/videos/1062078869030576/,"Thêm nắp vặn​
Đủ đạm đầy​
Nạp cả ngày​
Bất kỳ đâu ⚡​

Nhanh tiếp sức, hỗ trợ dày cơ với phiên bản nắp vặn sành điệu của Sữa Hạt Cao Đạm đầy đặn lên đến 12g đạm đầy, sẵn sàng đáp ứng mọi nhu cầu cần đạm của bạn, mọi lúc mọi nơi. ​
​
Bạn đã thử chưa? Bấm vào đây để nạp đạm ngay: https://bit.ly/4hRuhNI​

#Vinamilk #SuaHatCaoDam #DàyCơ #NapVanLocXoay",2189,46,55,2024-11-20 12:01:10,Video
https://www.facebook.com/vinamilkofficial/videos/1232732627780610/,"Sữa gì mà ngon ngon thế?
Xin thưa rằng 100% MỚI
Uống vào thì 100% NGON
Ai biết vị gì giơ tay?
 Hẹn ngày 12/12/2024 tiết lộ nha!

#vinamilk #suatuoi100 #vatmoingay #tuoimoingay",316,91,21,2024-11-19 13:30:10,Video
https://www.facebook.com/vinamilkofficial/videos/1302609177601255/,"Vẫn là Organic, nhưng cao cấp hơn. Đạt cùng lúc 3 giải thưởng quốc tế, dòng sữa Green Farm Organic từ cao nguyên Tutra Đà Lạt đã được bạn thêm vào tủ lạnh cho gia đình?

Nạp thêm chút xanh từ Green Farm Organic ngay: https://bit.ly/4hSoAim
#Vinamilk #GreenFarmOrganic #EUorganic",871,119,17,2024-11-19 13:00:25,Video
https://www.facebook.com/vinamilkofficial/videos/870672048585896/,"Điều gì làm nên khác biệt của sữa tươi Green Farm Organic?
Green Farm Organic là món quà của đàn bò Jersey trứ danh tại cao nguyên Tutra Đà Lạt trong khí hậu mát lành cùng thổ nhưỡng tinh khiết được thanh lọc suốt 3 năm.
Dòng sữa với Omega 3 & CLA tự nhiên!
Óng ánh kem sữa, sánh mịn ngọt lành!
Thử và cảm nhận khác biệt: https://bit.ly/4fPB5tb
#Vinamilk #GreenFarmOrganic #EUorganic",329,77,20,2024-11-18 13:00:40,Video
https://www.facebook.com/vinamilkofficial/posts/pfbid0nfTrh4ta7JQaG4PsXZu2eQfBe5gSPx7oej6wGgvUdgLux6uc4yzncJ16QhdXRadel,"Bao hạt tươi ngon​​
Á - Âu hợp lại​​
Sẵn đủ ba vị ​​
Thay áo mới đây!​​

​Bộ ba sữa hạt đậu nành của Vinamilk vẫn giữ trọn vị ngon năm nào, như cách Vinamilk xay nguyên hạt đậu nành, nhưng đã “thay áo” để làm mới chính mình. ​​

​Ưng thử cái mới, thử liền 3 vị sữa hạt đậu nành: https://bit.ly/48YXFxy​

#Vinamilk #SuaHatDauNanh #XayNguyenHat",2471,62,132,2024-11-17 01:00:44,unknown
https://www.facebook.com/vinamilkofficial/videos/542613431722523/,"⚡ Quá gần, quá nhanh, quá là TƯƠI!​

 Hệ thống phủ rộng khắp cả nước với 13 trang trại và 8 nhà máy: Vắt sữa tươi ngon, đóng hộp trong ngày! Vận chuyển nhanh nhanh để kịp đến tay các bé tươi thật tươi. ​
Mãi tươi, mãi ngon nên mẹ và bé mãi mê ​

#vatmoingay #tuoimoingay #suatuoi100 #vinamilk",86,6,12,2024-11-15 13:00:48,Video
https://www.facebook.com/vinamilkofficial/posts/pfbid0kbfFkjwognqBKdkhqaYfrFRVRZqFi8M68xo7QR3NUxWs46yMmEx1bRZ2ejis2ahnl,"Thay tên đổi áo bao lần, chỉ cần nhìn thấy chứng nhận EU Organic là nhận ra ngay sữa Organic của Vinamilk. Nay tái xuất với cái tên mới: Green Farm Organic. Mát mắt xanh mướt, mát lòng thơm ngon khi mang đến hơn 30% hàm lượng Omega-3 so với sữa thông thường.
 
Nạp thêm màu xanh cho tủ lạnh: https://bit.ly/48YDBve

#Vinamilk #GreenFarmOrganic #EUorganic",329,44,18,2024-11-13 19:00:47,Photo
https://www.facebook.com/vinamilkofficial/posts/pfbid0MotbfrPVdSCmMn2kMP13nsQ5ot7zhK9xW71tF2V6MDgC4NrGM5LGK2p9PafrasXEl,"Úm ba la, mở bịch uống ngay – nạp “chất” Dinh Dưỡng!​

1 bịch Sữa Dinh Dưỡng Vinamilk 220ml có tới:​
 220mg Canxi & 66IU Vitamin D3 giúp xương chắc khỏe.​
 330mg Vitamin A cho mắt sáng.​
 Đặc biệt: Bổ sung 308mg chất xơ hoà tan cho bụng êm, hỗ trợ tiêu hóa.​

Mẹ rinh ngay vài thùng về nhà nha bit.ly/SuabichVinamilk

#Vinamilk #SữaDinhDưỡngVinamilk",4342,336,59,2024-11-12 01:00:46,unknown
https://www.facebook.com/vinamilkofficial/posts/pfbid02TXzpkBH5D7hwrsB8WY9fHUPr5v4Y7iiTdLLJj48UAe1qCHaDVvgXveNtrzAKU4MUl,"Đi tới đâu, “chất” tới đó
“Chất” đủ Xơ, A, D3, Canxi về nhà 

#Vinamilk #SuaDinhDuong",6770,136,47,2024-11-10 07:00:45,Photo
https://www.facebook.com/vinamilkofficial/videos/917843136515088/,"[MINIGAME] 20 năm trước bạn nghe nhạc bằng máy gì?
Bằng Sony Walkman nhỏ gọn, iPod sành điệu, radio hoài niệm, hay máy nghe CD quen thuộc? 
Hãy tìm lại chiếc máy bạn dùng nghe nhạc năm nào, chụp hình khoe với Vinamilk Green Farm và Our Song để nhận các voucher quà tặng thú vị nhé.

#Vinamilk #Greenfarm #suatuoihutchankhong #vovevigiac",346,844,10,2024-11-08 13:00:45,Video
https://www.facebook.com/vinamilkofficial/videos/1232631724616788/,"Biết sẽ mất lòng ai thích càng-nhiều-càng-tốt, nhưng quả thật là không cần nhiều hơn 5 quả ổi để đạt độ sánh đặc. 
#VINAMILKNƯỚCTRÁICÂY #QUẢLÀTHẬT",235,23,14,2024-11-08 04:30:03,Video
https://www.facebook.com/vinamilkofficial/videos/1618739615409587/,"☎ Tổng đài ""Kết bụng 4 phương"" vừa mai mối thành công cho cặp đôi đầu tiên. 
Xin chúc mừng cho đôi trẻ Ít đường! ️️
Chi tiết ở phần Bình luận ạ 

#SữaChuaVinamilk #KếtBụng4Phương",139,7,15,2024-11-08 04:00:40,Video
https://www.facebook.com/vinamilkofficial/posts/pfbid02Q7tcLYBu9VPZDmVkGhVj9bsqbwEgMecJvAdhLkGhHPsY5GLfzUjTV3FMTomdGyNnl,"Sơ hở làm lộ bí quyết! ​

Xem bí quyết tại: https://bit.ly/kemvinamilk  

#kemvinamilk #càremmớikeng",573,16,21,2024-11-07 01:19:15,unknown
https://www.facebook.com/vinamilkofficial/posts/pfbid05zCRxqMJYCw6QRVKi1xqKbemDoMrKw19GPvsVBRMtVkh6noyxiYsNLu1PYoNXiZLl,"Với khoảng 100 triệu tế bào thần kinh, ruột hoạt động độc lập với não bộ (*), trở thành “quân sư” đắc lực cho trực giác thêm chuẩn chỉnh.​
​
Dù là trước phiên họp, giữa hiệp bóng hay chuẩn bị tỏ tình với crush, đừng quên “trợ thủ” Vinamilk Probi nhỏ nhưng có vỏ…mới keng, chứa tới 13 tỷ lợi khuẩn L.CASEI 431™ sẽ luôn đồng hành và bảo vệ đường ruột của bạn trên mọi hành trình. ​
Đừng quên mang theo 2 chai Vinamilk Probi mỗi ngày để luôn tự tin, vững dạ và sáng suốt.​​

#Probi #Emruotnuotdoi ​

(*) Nguồn The Second Brain của Michael Gershon: Trong đường tiêu hóa của chúng ta có một mạng lưới thần kinh khổng lồ gồm khoảng 100 triệu tế bào thần kinh trải dài toàn bộ hệ thống tiêu hóa.",2027,39,31,2024-11-05 22:37:50,unknown
https://www.facebook.com/vinamilkofficial/posts/pfbid02KejawcCi8GwUfxLmLBy4eD9X7pbwpCRQsZX9KWy4jqp1dogjyNzwmn7nabfVhXgvl,"Muốn ăn lẩu free, nhận quà ""chục tỷ” nhớ liền Probi!​​

Từ ngày 05/11 đến 02/12/2024, Haidilao Landmark 81 lên món quà ""chục tỷ"" với cách thức nhận quà vô cùng đơn giản, chỉ cần đọc mật ngữ Probi và thực hiện động tác 4-3-1 để nhận liền tay: ​​
 01 áo phiên bản giới hạn mới keng kết hợp giữa Lider và Vinamilk Probi, được thiết kế túi chuyên dụng để mang theo “chục tỷ"" lợi khuẩn Probi khắp mọi nơi. ​​

 01 set ăn Haidilao trị giá 300.000VNĐ.

Chưa hết, các thực khách “ruột” chỉ cần trả lời đúng câu hỏi đố vui từ Probi là được khao thêm 2 lốc Vinamilk Probi cùng 01 voucher giảm giá cho lần sau - Còn gì nuột hơn thế?​ ​​

*​​Khách hàng sẽ được miễn phí set ăn Haidilao trị giá 300K là phần quà tặng trong chương trình.
Chương trình áp dụng với hoá đơn từ 300k.

#Probi #Emruotnuotdoi",441,6,19,2024-11-04 19:56:25,Photo
https://www.facebook.com/vinamilkofficial/posts/pfbid02n1nW9vcAPW4iPQCwT7Uf6azCEt2VH39Y5RPrJFEHb6vdc1yXZV89z1RZiN1aa4cPl,"  Keng keng keng! Vinamilk thay áo kem mới keng!​
 Mạnh dạn mua, làm vài muỗng!​

Mua ngay tại: https://bit.ly/kemvinamilk 

#kemvinamilk #caremmoikeng",2490,160,656,2024-11-03 17:15:00,unknown
https://www.facebook.com/vinamilkofficial/videos/1198301824612183/,"Hiểu hết về công nghệ hút chân không chỉ qua một quả táo!
Hương cỏ hoa thoang thoảng, vị sữa tươi mới vắt - tất cả được khóa giữ nhờ công nghệ đột phá của Vinamilk Green Farm.

Lấp đầy tủ lạnh với sữa tươi hút chân không tại đây: https://bit.ly/3Uyhqpo

#Vinamilk #GreenFarm #suatuoihutchankhong #vovevigiac",73,3,16,2024-11-02 14:33:36,Video
https://www.facebook.com/vinamilkofficial/videos/558783496561789/,"Biết sẽ mất lòng những người ngại ngọt, nhưng quả thật là ngọt ngào, dù chẳng thêm một hạt đường nào.
#VINAMILKNƯỚCTRÁICÂY #QUẢLÀTHẬT",256,11,12,2024-10-31 12:02:25,Video
https://www.facebook.com/vinamilkofficial/posts/pfbid0xZ32ciQ1k9WEU2Z9K4ZVR85q3QGtaHnu8ddg9J9M1HXzABSvRs5ssqfVhs5v3EAZl,"Niềm vui không tự sinh ra hoặc mất đi, mà đôi khi cần được “tiếp sức” từ Đường Ruột!​​
Nồng độ tryptophan trong cơ thể suy giảm có thể là lý do khiến tâm trạng tụt dốc - theo Thư viện Y khoa Quốc gia Hoa Kỳ(*).​​
Thế nên, mỗi ngày nạp Probi Lựu, thêm 13mg hoạt chất Tryptophan - tiền chất giúp sản sinh “hormone hạnh phúc” serotonin cho bạn cả tuần êm ruột, yêu đời. Thử ngay! ​​

#Probi #Emruotnuotdoi​​

(*) Nguồn: NIH
(*) https://pubmed.ncbi.nlm.nih.gov/10760376/
(*) https://pmc.ncbi.nlm.nih.gov/articles/PMC4728667/",1004,10,17,2024-10-28 12:31:42,Photo
https://www.facebook.com/vinamilkofficial/videos/940278737953933/,"TUYỂN TẬP ""TƯƠI 100% TỪ QUY TRÌNH""

1s vô tình nháy mắt, 7 hộp sữa tươi đã được đóng liền.
Nhanh để kịp tươi trong ngày!

#vatmoingay #tuoimoingay #suatuoi100 #vinamilk",144,17,10,2024-10-25 13:00:59,Video
https://www.facebook.com/vinamilkofficial/posts/pfbid02FYf2zZEvSSU3Yf7gou1W1qz9kKH9yKsbARmDfmViBeXV3mjtjGvE7vpQH6xy5Tgel,"HOT HOT HOT! SỮA TƯƠI NGON DEAL CHƯA TỪNG CÓ

Cơ hội duy nhất để nhận ngay ưu đãi cho cả tháng 10, 11 và 12. Dễ lắm, chỉ cần: Tải app Vinamilk và mua hàng ngay trong tháng 10. Mua càng nhiều, deal càng hời!
 
Tải ngay: https://bit.ly/4hin7li
 
#vinamilk",3468,210,129,2024-10-24 06:12:51,unknown
https://www.facebook.com/vinamilkofficial/posts/pfbid0svVEs7s73V2dCpY7UUeUxsSiNB1kuxWDHG62zgLjrXr1vbd1kRTCR7zZBdyQ3m4Sl,"Đừng tưởng đường ruột chỉ là “kẻ ngoài lề” của những cuộc chơi! ​

Với lượng tế bào thần kinh nhiều hơn cả tuỷ sống, đường ruột có thể “nhắn tin” với não bộ và ảnh hưởng tới mọi khoảnh khắc trong ngày - từ lúc đấu trí, khi thi đấu thể lực đến phút tụ tập hẹn hò. ​

Nâng niu đường ruột với món “ruột” Probi, để 13 tỷ lợi khuẩn L.CASEI 431™ “nuột hoá” cuộc đời cho bạn nhé!​

#Probi #Emruotnuotdoi",1824,52,45,2024-10-22 23:24:44,unknown
https://www.facebook.com/vinamilkofficial/posts/pfbid021qiWzaAWgKu3Dm78nmq8LH7D5iP9YFHfRf17mkbH4zXku3ozQVsenxwqvmAD3Q4Sl,"Bộ ăn uống thống kê: Nết ăn người Việt được chia thành 6 nhóm chính. Nết ăn càng kén, càng khó tìm người ăn chung hợp ý. ​

Liên lạc ngay “Tổng đài KẾT BỤNG 4 PHƯƠNG” để tìm nết của mình, tìm người hợp cạ ăn chung. Vì nết nào cũng xứng đáng được kết.​​
 Bước 1: Đọc kỹ hướng dẫn trước khi chọn nết ăn của mình.​
 Bước 2: Chụp ngay bằng chứng nết kén của mình, có thể là công thức món lạ hay cách ăn “chỉ riêng mình biết” và đăng ở chế độ công khai cùng hashtag #SuachuaVinamilk  #KetBung4Phuong ​
 Bước 3: Comment link bài viết và tag thêm 2 người bạn.​
​
Vừa có bạn ăn chung, vừa có quà cực chất: ​
 Giải “Trời sinh hợp nết”: 2 bức ảnh/video được chia sẻ về tường với bằng chứng sáng tạo thuyết phục nhất (do Vinamilk đánh giá), mỗi giải sẽ nhận được 01 Tủ lạnh Samsung Inverter 208 lít RT20HAR8DBU/SV trị giá 7.890.000VND
 Giải “Chơi nhanh – Thắng gọn”: 20 người đăng bài dự thi sớm nhất nhận ngay Voucher Vinamilk trị giá 200.000VND ​
 Giải “Ngôi sao nết ăn”: 20 người có bài dự thi được với lượt tương tác nhiều nhất sẽ nhận được 100.000VND​

Xem thể lệ chi tiết tại https://bit.ly/TNC_KetBungBonPhuong ​

#SuaChuaVinamilk #ThayAoMoi #LongChangThay #KetBung4Phuong",1210,737,961,2024-10-21 16:36:37,unknown
https://www.facebook.com/vinamilkofficial/posts/pfbid02nLTg3pJiynw1cT73H7GyTGvjbm1Mn1cPAQe5bcTVR7RMmcS8uDgg3Hmy9r22aA4rl,"Gia nhập hội ""chục tỷ"" ngay hôm nay! 
Vì sự nghiệp ""Êm ruột, nuột đời"".​

#Probi #Emruotnuotdoi",765,12,26,2024-10-20 09:48:30,unknown
https://www.facebook.com/vinamilkofficial/videos/1220385012579837/,"RA MẮT SỮA ĐẶC ÔNG THỌ HỘP GIẤY CÓ NẮP TIỆN LỢI! 

Sữa đặc Ông Thọ với phiên bản hộp giấy CÓ NẮP là ""bí quyết"" cho mọi gia đình nấu ăn và pha chế món ngon trở nên tiện lợi hơn​:
​
✨ Đóng mở dễ dàng
✨ Bảo quản gọn gàng​
✨ Vị ngon không đổi​

Thử ngay trải nghiệm tuyệt vời khi rót dòng sữa sánh mịn, đậm đà từ Ông Thọ hộp 1kg có nắp mới bạn nhé.  Còn chần chừ gì nữa, mua ngay!
​​
​#Vinamilk
#SữađặcÔngThọ
#HộpgiấyCÓNẮP
#Vịngoncùngnămtháng",439,99,19,2024-10-19 03:00:23,Video
https://www.facebook.com/vinamilkofficial/posts/pfbid0ZpejQ7EiU4wUmVKPEkY521141ZNNRRuYTcXmkkG7iSXf7S1tkHn44rZKfhKHEYsxl,"Ruột khỏe cân da dẻ, cân luôn tâm trạng vui vẻ!​​

Theo Thư viện Y khoa Quốc gia Hoa Kỳ NIH, hệ vi sinh vật đường ruột vừa kiểm soát được tình trạng viêm da và các triệu chứng bệnh ngoài da (1), vừa là “nhà máy” sản xuất tới 90% serotonin - hormone vui vẻ cho cơ thể (2). ​​

Khoa học đang tiếp tục khai phá quyền lực khó tin mà “đầu não” thứ 2 của cơ thể sở hữu. Còn bạn, hãy tiếp tục bổ sung 2 chai Probi mỗi ngày để thúc đẩy “hiệu ứng Domino” Ruột khoẻ - Da trẻ - Đời suôn sẻ nhé!​​

#Probi #Emruotnuotdoi ​​

(*) Nguồn thông tin: ​​
• https://www.ncbi.nlm.nih.gov/pmc/articles/PMC9311318/#cit0145​​
• https://www.ncbi.nlm.nih.gov/pmc/articles/PMC10088153/",642,11,4,2024-10-18 17:30:32,Photo
https://www.facebook.com/vinamilkofficial/posts/pfbid043pZ4HjDFHwwuHmrL761NtSjKVa7HV5F667SuPwuqFqyT9Fk7rLJ8eJ6CqCCA6kJl,"Phía sau của con, luôn có mẹ. 
Vinamilk mừng ngày 20/10 cùng mẹ và con 

#Vinamilk #SuaDinhDuong",6047,156,14,2024-10-18 08:00:42,Photo
https://www.facebook.com/vinamilkofficial/posts/pfbid02kiRwTKUmernbDErNmTF8Z6LKYpsrr2prdynBgSqkWcC4FwmzSEj8dZ76rVV51Ybdl,"Sữa đặc Ông Thọ hộp giấy
Thêm NẮP tiện dụng, đón mua ngay!

Bật mí cho bạn giải pháp nấu ăn và chế biến mọi món mặn ngọt thơm ngon lại càng tiện lợi hơn với sữa đặc Ông Thọ hộp giấy CÓ NẮP:

✨Dễ sử dụng
✨Dễ bảo quản
✨Vị ngon không đổi

Mua ngay sữa đặc Ông Thọ hộp giấy có nắp siêu tiện dụng để sử dụng cho gia đình bạn nhé! ♥️

#Vinamilk
#SữađặcÔngThọ
#HộpgiấyCÓNẮP
#Vịngoncùngnămtháng",2536,295,34,2024-10-17 22:30:52,Photo
https://www.facebook.com/vinamilkofficial/videos/1219813965940490/,"TUYỂN TẬP ""TƯƠI 100% TỪ QUY TRÌNH""​
​
4s lướt lướt điện thoại, 100% sữa tươi đã được tiệt trùng. 
Nhanh để kịp tươi trong ngày!​
​
#vatmoingay #tuoimoingay #suatuoi100 #vinamilk",239,8,6,2024-10-17 13:01:02,Video
https://www.facebook.com/vinamilkofficial/videos/1072539584312928/,"Vừa muốn ăn healthy vừa muốn ăn ngon? Người ta gọi đó là kén ăn. Còn Vinamilk gọi đấy là có gu! 

Sữa chua Vinamilk Việt Quất Ít đường có hết đây: 
 ""NGON LÀ DĨ NHIÊN!"": Trái việt quất thật tươi giòn, thơm mát.
 ""TIÊU CHUẨN LÀ ÍT ĐƯỜNG!"": Giảm tới 25% lượng đường cho team healthy.
✨ ""NHẤT ĐỊNH PHẢI ĐẸP"": Có ngay 330mg collagen cho da săn chắc.
 ""ĐÃ CHỌN LÀ PHẢI XỊN!"": Uy tín khi lên men với 12 triệu men Bulgaricus từ châu Âu trong từng hũ, tốt cho tiêu hóa, hỗ trợ tăng đề kháng.

Mỗi ngày ăn 2 hũ đi nè, match là over-hợp bụng khoẻ, da xinh yêu mãi thôi!

Có điều bất ngờ dành cho bạn tại: https://bit.ly/4gZlitq. 

#SuachuaVinamilk #ThayAoMoi #LongChangThay #VietQuatItDuong",1285,1331,422,2024-10-15 13:02:39,Video
https://www.facebook.com/vinamilkofficial/videos/1250440052654015/,"Hít, gập, kéo​
Chạy, nâng, bật ​
Siết khối cơ ​ 

Sữa hạt Cao Đạm chứa đầy đủ 9 loại amino acids cần thiết, sẵn sàng hỗ trợ quá trình tập luyện, xây dựng những thớ cơ chắc khỏe.​

Có thể bạn đã biết, trong 20 loại amino acids, có 9 loại mà cơ thể không tự tổng hợp được. 3 trong 9 loại đặc biệt đóng góp vào sự phục hồi và tái tạo cơ bắp gồm: valine, leucine, và isoleucine.​

Tập tành khỏe mạnh, đừng quên nạp đủ đạm: https://bit.ly/3NqpEfr",209,3,19,2024-10-15 11:00:00,Video
https://www.facebook.com/LifeAtVinamilk/posts/pfbid04R7k93YN7uFZsutGq21SJYkcG57xcYYKoxEK1tVv6uvWLw56ciDDEZD2bRCk1tBFl,"CHỈ 5 PHÚT ĐỂ TÁI SINH VỎ XINH!
Cứ 26 vỏ hộp giấy sẽ tái sinh thành 1 chậu trồng cây 
Hơn 40.000 vỏ hộp sẽ tái sinh thành hơn 1.500 chậu trồng cây 
Chưa kể, đây mới chỉ là số lượng vỏ hộp Vinamilk nhận được sau gần 4 tuần thực hiện chương trình “Vỏ xinh tái sinh”. Các vỏ hộp giấy sau khi thu gom sẽ được Lagom Viet Nam đưa về nhà chung để tái sinh dưới hình hài mới như: mắc áo, túi giấy, tập vở,...

Không chỉ người lớn mà cả các em học sinh cấp 1, cấp 2, cấp 3 cũng hình thành thói quen giữ lại vỏ hộp rỗng, làm sạch, gấp gọn và chuyển tới các cửa hàng Vinamilk. 

Để tiếp số lượng “vỏ xinh tái sinh” không ngừng tăng lên, Vinamilk cần thêm sự chung tay của các bạn. Chương trình thu gom vỏ hộp vẫn diễn ra tới hết 31/12.

Từ vỏ hộp tới vỏ bịch, size nào cũng yêu, hãng nào cũng chiều, miễn là vỏ thức uống giấy.
 Chi tiết chương trình xem tại: https://bit.ly/4g30hxo

*Chương trình có sự đồng hành của Tetra Pak.

#Vinamilk #LifeAtVinamilk #VoXinhDuocTaiSinh #VinamilkStores",171,55,41,2024-10-14 12:00:29,unknown
https://www.facebook.com/vinamilkofficial/videos/510472681949746/,"Tri kỷ khó kiếm. Món ngon với Sữa Tươi Vinamilk 100% Dừa dễ tìm 

 Như Rau Câu Sữa Dừa Lá Dứa béo thơm nịnh miệng này chẳng hạn. Chỉ tốn 1 phút để bạn nằm lòng cách làm món tráng miệng ""dzừa"" tươi ""dzừa"" ngon. Chớp công thức mới, vào bếp làm liền! 

#vatmoingay #tuoimoingay #suatuoi100 #vinamilk",2412,32,316,2024-10-13 13:00:59,Video
https://www.facebook.com/vinamilkofficial/posts/pfbid022pwdameR9G3KUz7rUWynAguNFYnCBsCRFSEdiYhowwtQJP8UTYk4AxrYezJoiLWel,"Biết sẽ mất lòng những người thích cách mô tả chân phương, nhưng quả thật, có sao nói vậy.
#VINAMILKNƯỚCTRÁICÂY #QUẢLÀTHẬT",397,11,16,2024-10-12 13:06:18,unknown
https://www.facebook.com/vinamilkofficial/videos/1240455863739303/,"Vẫn là bạc sỉu Ba Lù nhưng được pha theo công thức Sữa tươi Thanh trùng Green Farm Không đường: Ngon mải mê đến độ chú người Hoa phải khen bằng ""tiếng mẹ đẻ"" luônnn!
 
P/S: Công thức đặc biệt dành tặng Quận 5 và những nét văn hóa đặc trưng vô cùng gây thương nhớ!
 
 Chọn Green Farm, pha cafe mê mãi: https://bit.ly/4f0DFMQ
 
#Vinamilk #VinamilkShopAndMore #GreenFarm #Doimuadi_Daudo_Saigon #CafeBaLu",50,2,6,2024-10-11 13:11:37,Video
https://www.facebook.com/vinamilkofficial/videos/880433813802809/,"TUYỂN TẬP ""TƯƠI 100% TỪ QUY TRÌNH""
5 phút lắc lư theo nhạc, 100% sữa tươi đã được tách khuẩn. 
Nhanh để kịp tươi trong ngày!
 
#vatmoingay #tuoimoingay #suatuoi100 #vinamilk",184,11,15,2024-10-11 13:00:38,Video
https://www.facebook.com/vinamilkofficial/posts/pfbid0YunxgnJhJC4hWxrfv3p4V3hb4kJneEaZJTRGiVG6EkdeR1KfK3fdbgJn78oqwG8ql,"Ai đang tác động đến quyền quyết định của bạn? Ruột hay Não?​
​
Muốn sáng suốt thì Não phải khoẻ. Nhưng để đưa ra quyết định sáng suốt hơn thì rất cần đến Đường Ruột - ""bộ não thứ 2"" có tác động to lớn đến trực giác. ​
​
Hệ vi khuẩn trong ruột tạo ra chất dẫn truyền thần kinh giúp não ""giao tiếp"" tốt hơn (*), hỗ trợ bạn đưa ra quyết định chính xác. Vinamilk Probi được Tổng Hội Y Học Việt Nam khuyên dùng để ruột khỏe, trực giác chuẩn cho mọi nước đi sáng suốt!​

(*) Nguồn: https://www.ncbi.nlm.nih.gov/pmc/articles/PMC6469458/

#Probi #Emruotnuotdoi",238,6,3,2024-10-11 00:30:37,Photo
https://www.facebook.com/vinamilkofficial/videos/3793652637563140/,"Sài Gòn mùa này hay mưa, hay là mình cứ tấp vào làm một ly cà phê bệt với sữa tươi sương sáo cho nhanh qua ngày sương gió?
 
Dính mưa chưa đủ, ""dính"" thêm cả cà phê pha theo ""gu"" của Vinamilk Green Farm!️
 
 Chọn Green Farm, pha cafe thêm mê: https://bit.ly/4eVx5ag
 
#Vinamilk #VinamilkShopAndMore #GreenFarm #Doimuadi_Daudo_Saigon #CafeBet",56,3,2,2024-10-10 12:00:36,Video
https://www.facebook.com/vinamilkofficial/videos/1216623306255798/,"Nếu chỉ ra vị mới thì dễ dàng quá, Sữa chua Vinamilk quyết chọn con đường khó hơn:​
 Biến tấu cùng việt quất thật, giòn mọng tươi ngon.​
 Giảm ngay 25% lượng đường.​
 Thêm hẳn 330mg collagen trong từng hũ.​
 Vẫn lên men với 12 triệu men Bulgaricus từ châu Âu trong từng hũ, tốt cho tiêu hóa, hỗ trợ tăng đề kháng.​

Vị mới đã ra mắt, mời bạn dùng ngay 2 hũ mỗi ngày cho khỏe bụng, đẹp da, xinh xắn cả ngày thôi.

Tìm mua vị mới ngay https://bit.ly/4gZlitq.​

#Vinamilk #SuaChuaVinamilk #VietQuatItDuong",1001,1061,431,2024-10-09 13:30:26,Video
https://www.facebook.com/vinamilkofficial/posts/pfbid035AUJB4NZpUYzQpGzvJYpUTfBVUr8TahjwEkJgAnK4AvbxeC8uHAiZeDy3JNQ2YDHl,"7 vị ngon mê mẩn​
Vắt tươi mới mỗi ngày​
Không dùng chất bảo quản​
Nếm thử là mê ngay!​
​
 Chưa kể, mỗi hộp Sữa tươi Vinamilk 100% đều phải vượt qua gần 400 tiêu chuẩn an toàn & tinh khiết của Clean Label Project (Hoa Kỳ). ​
Mẹ và bé uống là mê mãi thôi ​
​
#vatmoingay #tuoimoingay #suatuoi100 #vinamilk",222,29,8,2024-10-09 12:34:45,unknown
https://www.facebook.com/vinamilkofficial/videos/415344631333473/,"Đi cà phê không? Dù mưa hay nắng, vẫn cà phê nhaaa!
 
Thử liền món bạc sỉu trứ danh người Sài Gòn nhưng được pha theo gu của Vinamilk Green Farm Organic: Óng ánh kem sữa, sánh mịn ngọt lành, ai cũng thích mê!️
 
 Ghé nhà chơi, chọn Green Farm, pha cafe mê mãi: https://bit.ly/47Y1lPk
 
#Vinamilk  #GreenFarm #Doimuadi_Daudo_Saigon #CafeCheoLeo",42,1,3,2024-10-09 11:39:05,Video
https://www.facebook.com/vinamilkofficial/videos/8455323837917537/,"Nhận đơn khó
Đo đong đếm
Đạm? Có ngay!

Sữa hạt Vinamilk đã ghi nhận vô vàn câu hỏi hóc búa về nhu cầu đạm. Dù phải đi bốn phương, tốn thời gian mày mò công thức, chúng tôi quyết làm tới cùng.

Để sữa hạt Cao Đạm Vinamilk là lựa chọn duy nhất, đáp ứng mọi mong muốn của bạn, bất cứ lúc nào.

 Món uống của quý khách đã sẵn sàng, mời thưởng thức: https://bit.ly/4evP7Qw",65,1,12,2024-10-09 11:00:05,Video
https://www.facebook.com/vinamilkofficial/posts/pfbid0BNKY24PBpedEpnaJaLxfXpMnDN6WMEfotkBcMpy9rVtgXeVNg6yjzhBgM27mrwARl,Chúc mừng Tổng giám đốc Mai Kiều Liên và các nữ CEO Việt Nam được Fortune vinh danh Top 100 Phụ nữ quyền lực nhất Châu Á! ,260,2,17,2024-10-08 11:04:43,unknown
https://www.facebook.com/vinamilkofficial/posts/pfbid02d2rTcSAHuYVLxNo3i6tTyhUaxdWrDcj4hNPZPQQiUZEvXkq4LwuQHfrVHYoCrZ5nl,"LOA LOA LOAAAA!

 Mẹ và bé còn nhớ Minigame - Flex đèn Trung Thu, rước xe đạp Susu Hero về nhà không ta? 

 Giây phút mong chờ nhất đã đến! Kết quả của minigame đã có rồi đây!!!

 Sau những vòng quay random kịch tích, chúng mình đã chọn ra được 9 bạn may mắn nhất nhận được chiếc xe đạp cool ngầu của Susu, Hero.

 Danh sách chi tiết trúng giải có trong ảnh đính kèm. Mẹ và bé mau mau liên hệ với Fanpage Vinamilk trước 18:00 ngày 14/10/2024 để nhận quà nhé!

Hãy chờ đón những hoạt động siêu hấp dẫn của Susu Hero trong thời gian sắp tới nhé!

#SusuHero #VuiTrungThu",103,22,5,2024-10-07 11:09:22,Photo
https://www.facebook.com/vinamilkofficial/posts/pfbid02BWBY7RpoESMPUVFGMktNhtBB1ieWX4EeGyiFwkcCyTkr2EPwuezZhV6eMBunGdGyl,"Nhờ Sữa Dinh Dưỡng Vinamilk Không đường, bánh flan vừa mềm mịn, vừa dậy mùi sữa quyện caramel, đủ Vitamin A, Chất xơ hòa tan, Vitamin D3 và Canxi cho bé Mắt sáng - Bụng êm - Xương khỏe. ​

Công thức bánh flan ngon nức nở ở dưới comment, mẹ ghi chép liền nha: https://bit.ly/3XOCrNK ​

#Vinamilk #SữaDinhDưỡngVinamilk",95,6,3,2024-10-06 11:14:00,Photo
https://www.facebook.com/vinamilkofficial/posts/pfbid0vo2seBqQotDSNCg25bSxtbXRFofNPJB7XzUTkKwx9278tohxAAoeygkJz4X67ML8l,"NẤU MÓN NGON TẶNG NGƯỜI THƯƠNG, TRÚNG QUÀ CỰC HẤP DẪN​

Bạn đang không biết làm sao để tỏ lòng với ai đó? Vậy hãy thử nấu các món ngon “biết nói” từ sữa Ông Thọ để chiêu đãi người thương vì con đường ngắn nhất đến trái tim là qua bao tử ♥️​
Đặc biệt, Ông Thọ còn có hẳn minigame cho các “đầu bếp tại gia"" tham gia khoe thành quả, nhận quà thích mê đâyyy!  ​
​
 CÁCH THỨC THAM GIA:​
Bước 1️⃣: Chọn 1 trong 2 cách thực hiện sau: (*)​
• Cách 1: Quay quá trình thực hiện món ăn mang ý nghĩa Cảm ơn/ Xin lỗi/ Tỏ tình gửi đến người thương, trong đó có sử dụng nguyên liệu Sữa Ông Thọ.​
• Cách 2: Sử dụng template Capcut của Sữa Ông Thọ để sáng tạo video trao gửi tâm tư đến người yêu quý có sử dụng nguyên liệu Sữa Ông Thọ. ​
Link mẫu Capcut: https://bit.ly/CapcutNauMonOngThoTangNguoiThuong ​
​
Bước 2️⃣: Đăng tải video bạn vừa sáng tạo được ở bước 1 lên trang Facebook hoặc TikTok cá nhân ở chế độ công khai, kèm câu chuyện muốn chia sẻ và hashtag: #MonNgonTuSuaOngTho #MonNgonBietNoi #NauMonOngThoTangNguoiThuong​
​
Bước 3️⃣: Bình luận đường dẫn bài dự thi hoặc ảnh chụp màn hình bài dự thi dưới bài thông báo này ​
​
Bước 4️⃣: Để đảm bảo BTC có thể được ghi nhận đầy đủ các bài dự thi, nhờ bạn điền thêm thông tin trong bảng biểu tại https://bit.ly/DangKyNauMonNgonOngThoTangNguoiThuong  để không bị hụt mất cơ hội nhận quà nhé!​
​
Chú thích (*):​
+ Video có xuất hiện người thân/ người yêu/ bạn bè là điểm cộng khi đánh giá.​
+ Nếu bạn chưa biết nấu món gì gửi tặng người thương, hãy tham khảo công thức 09 món ngon “biết nói” từ sữa Ông Thọ bằng cách bình luận vào bài viết này “Tôi muốn nhận công thức” để nhận bộ công thức cực chi tiết qua phần tin nhắn riêng.​
​
 QUÀ TẶNG HẤP DẪN: ​
 01 Giải bày tỏ sáng tạo: 01 TỦ LẠNH Aqua Inverter 469 lít Multi Door trị giá 17.990.000 VNĐ.​
 03 Giải bày tỏ chân thành: Mỗi giải 01 Bếp từ đôi kèm bộ nồi Hawonkoo trị giá 4.190.000 VNĐ.​
 200 Giải bày tỏ dễ thương: Mỗi giải 01 voucher mua sữa Ông Thọ trị giá 100K.​
​
Nhanh tay quay video/ chụp ảnh nấu ăn cùng người thương để có cơ hội nhận các phần quà hấp dẫn nhé!  ​
Tham khảo thông tin chi tiết tại:  ​https://bit.ly/TheLeNauMonOngThoTangNguoiThuong
​
#MonNgonTuSuaOngTho #MonNgonBietNoi #NauMonOngThoTangNguoiThuong",809,2285,89,2024-10-05 11:18:39,Photo
https://www.facebook.com/vinamilkofficial/posts/pfbid0RY1xEw1UsZ9gFc8SqJXiCUD58SiV4KKB4zkAX3QDhpwRu8q8VT6zvjgVpwHp5A2cl,"THẠCH DỪA LÁ DỨA - VỊ MỚI THẬT ""XỨNG ĐÔI VỪA LỨA""!
 
 XỨNG ĐÔI HEALTHY: Giảm 25% lượng đường + Lên men với 12 triệu men Bulgaricus.
 VỪA THƠM VỪA ĐÃ: Sốt lá dứa thơm vị béo cực “cuốn” + Thạch dừa dai sần sật… vừa lạ mà lại vừa quen. 

Ăn 2 hũ mỗi ngày – Khỏe từ bên trong, đẹp ra bên ngoài, thơm ngon hết ý!  
Tìm mua ngay tại: https://bit.ly/3Bws6hW 
 
#Vinamilk #SữaChuaVinamilk #ThạchDừaLáDứa",370,12,44,2024-10-04 11:23:17,Photo
https://www.facebook.com/vinamilkofficial/videos/1310379083258510/,"Giảm thèm ăn
Tăng múi cơ
Tiêu năng lượng

3 lý do trên khiến cho việc nạp đạm trở nên có ích cho cơ thể.

Một hộp sữa hạt Cao Đạm với 9g đạm hoàn toàn từ thực vật, bổ sung đạm cho cơ thể vận hành trơn tru, ""cân"" mọi hoạt động thể chất hỗ trợ tăng cơ tiêu mỡ.

9g đạm chủ yếu từ đậu Hà Lan đã sẵn sàng: https://bit.ly/47PXQKY",272,12,29,2024-10-03 11:27:56,Video
https://www.facebook.com/vinamilkofficial/posts/pfbid02oZtCy8GEJ5ET9dfX1u7adajfGtFRYpmmXZnye5KqWnTw33TNAk3dyd3z9EtVZ4esl,"Hỏi: Cần bao nhiêu lợi khuẩn L.CASEI 431™ mỗi ngày để -40% số ngày mắc cúm, +30% kháng thể IgG?​​

Đáp: 1 tỷ là đủ. NHƯNG Vinamilk Probi cung cấp cho bạn đến tận 26 tỷ lợi khuẩn trong 01 chai 130ml, đủ trải dài hết 7m đường ruột. Càng thêm lợi khuẩn, càng tăng hiệu quả. Càng uống, càng khoẻ. ​

#Probi #Emruotnuotdoi",4084,88,11,2024-10-02 21:21:03,GenericAttachmentMedia
https://www.facebook.com/vinamilkofficial/posts/pfbid029ckgYMad1FzXcNxhda61K7Tw6VuwDR8A6oRitRP5YSn4tv3bd7wGvsL5wXpcsz5Cl,"Bền bỉ vượt qua dịch dạ dày để đi đến tận cùng 7 mét đường ruột, lợi khuẩn L.CASEI 431™ giúp hệ tiêu hoá khoẻ để bạn “cán đích” đường đời.​​

Vinamilk Probi Nghệ mật ong thêm hoạt chất sinh học Curcumin từ nghệ hỗ trợ giảm viêm loét dạ dày hiệu quả. Hai chai là đủ. Mỗi ngày đều đặn. Êm ruột nuột đời. ​​

#Probi #Emruotnuotdoi",1629,26,7,2024-10-02 07:14:11,GenericAttachmentMedia
https://www.facebook.com/vinamilkofficial/posts/pfbid0u8vpD5Jqgc1DYxfpcvyJb1eLoyvnvCbadFgNWRiBxLb6bqVd88CkGyYH1eCuNhpZl,"Hormone vui vẻ không thể “nạp” vào cơ thể qua đường ruột, nhưng Tryptophan - tiền chất sản sinh serotonin hay còn gọi là hormone vui vẻ thì có!​

Nạp Probi Lựu đỏ ít đường, nạp Tryptophan, nạp nhiều hạnh phúc.",1338,11,9,2024-10-01 17:07:18,GenericAttachmentMedia
https://www.facebook.com/vinamilkofficial/videos/1073679114140228/,"1060 LỜI YÊU THƯƠNG ĐÃ ĐƯỢC GỬI TRAO TỪ NHÀ HÀNG ÔNG THỌ​

Trong vòng 7 ngày qua, Ông Thọ ghi sổ lại nhà hàng mình đã gửi: ​
✨ 258 lời xin lỗi khó nói​
 525 lời cảm ơn chân thành ​
 277 lời tỏ tình dễ thương​

Món ngon thông thường chỉ để thưởng thức, còn món ngon biết nói tại nhà hàng Ông Thọ có thể giúp nhiều trái tim sát lại gần nhau hơn.​

 Chỉ còn 4 ngày để đặt món tại “Nhà hàng Ông Thọ - Món ngon biết nói”. Nhanh tay bấm vào https://bit.ly/4gsA6jP để sữa Ông Thọ tiếp tục giúp bạn bày tỏ tâm tư nhé! ​

 Lưu ý: ​
1️⃣ Để nhà hàng Ông Thọ phục vụ món ăn chỉn chu với chất lượng tốt nhất, nhà hàng chỉ nhận đơn đặt trong phạm vi 12km từ địa chỉ Trần Hưng Đạo, quận 1. ​
2️⃣ Với những lúc thời tiết xấu, việc tìm tài xế giao hàng sẽ mất thời gian hơn so với bình thường. ​
Mong quý khách hàng thông cảm, nhà hàng Ông Thọ xin cảm ơn!​

#MonNgonTuSuaOngTho #NhaHangOngTho #MonNgonBietNoi",302,43,13,2024-10-01 03:00:26,Video
https://www.facebook.com/vinamilkofficial/videos/887964799466820/,"TUYỂN TẬP ""TƯƠI 100% TỪ QUY TRÌNH""
 
1 giây thả tim post này, 22.2L sữa đã được bơm vào bồn chứa lạnh khổng lồ.
Nhanh để kịp tươi trong ngày!

#vatmoingay #tuoimoingay #suatuoi100 #vinamilk",450,57,9,2024-09-30 13:00:38,Video
https://www.facebook.com/vinamilkofficial/videos/1008269464407986/,"Áo mới được khen  , thưởng ngay 12 triệu men sống Bulgaricus từ châu Âu trong mỗi hũ sữa chua Vinamilk.

 Ăn 2 hũ mỗi ngày là bí quyết cho một chiếc bụng khoẻ mạnh.

Nạp thêm ngay: https://bit.ly/4dp7Iwb 

#SuaChuaVinamilk #ThayAoMoi #LongChangThay #ChieuMoiNetBung",1172,1111,400,2024-09-29 13:21:11,Video
https://www.facebook.com/vinamilkofficial/posts/pfbid02RQUqMj2sPCiiKs5LSKfn52bMVSmZPHbnjMB3QzLbkhiY2p4rSUnvhmrBP9KBUcwvl,"Nhiệt độ lý tưởng nhất của Green Farm Thanh trùng là 4ºC.
Và tủ lạnh nhà bạn cũng thế!

Đây không phải là sự trùng hợp, mà là tín hiệu vũ trụ để bạn lấp đầy tủ lạnh với Green Farm

Khám phá thêm ưu đãi khi mua Green Farm ngay trong tháng 9 tại đây: https://bit.ly/3XYGM1S

#Vinamilk #VinamilkShopandMore #VinamilkeShop #GreenFarm #GreenFarmThanhTrùng",140,13,14,2024-09-28 20:11:05,unknown
https://www.facebook.com/vinamilkofficial/videos/500084332900206/,"KHÔNG CẦN QUÀ CŨNG CHẲNG CẦN HOA​
CHỈ CẦN CHÂN TÌNH Ở MÓN NGON BIẾT NÓI TỪ NHÀ HÀNG ÔNG THỌ​

​Tỏ tình cần một không gian sang trọng? Hay để xin lỗi, cảm ơn cần chuẩn bị xem phải nói thế nào, chuẩn bị quà gì? Việc chuẩn bị quá phức tạp khiến bạn không biết bắt đầu từ đâu...​

Đừng lo lắng! Không cần quà cũng chẳng cần hoa. Con đường ngắn nhất đến trái tim là đi qua bao tử. Nhà hàng Ông Thọ với những món ngon ""biết nói"" đã sẵn sàng gửi gắm tình cảm của bạn đến những người thân yêu một cách tinh tế và ý nghĩa. ❤️​

 Chỉ bằng một cú click chuột, nhà hàng Ông Thọ sẽ giúp bạn gửi đi những tâm tư khó nói cho người thân thương. Khám phá ngay nào! https://bit.ly/4gsA6jP​

 Lưu ý: ​
1️⃣ Để nhà hàng Ông Thọ phục vụ món ăn chỉn chu với chất lượng tốt nhất, nhà hàng chỉ nhận đơn đặt trong phạm vi 12km từ địa chỉ Trần Hưng Đạo, quận 1. ​
2️⃣ Với những lúc thời tiết xấu, việc tìm tài xế giao hàng sẽ mất thời gian hơn so với bình thường. ​
Mong quý khách hàng thông cảm, nhà hàng Ông Thọ xin cảm ơn!​

#MonNgonTuSuaOngTho #NhaHangOngTho #MonNgonBietNoi",638,12,69,2024-09-28 03:01:00,Video
https://www.facebook.com/vinamilkofficial/posts/pfbid02zJ44oizHDWef2P7g566Ho6q5Eobyh5X3CMJHHXbb7SpMkL37grsh8JjyRApZWo9Ul,"Xay nhuyễn nguyên hạt
Không sót chút gì
Giữ trọn dưỡng chất

Thu hoạch, phơi khô, đập lấy hạt, sàng lọc hạt, phơi nắng, ngâm mềm, nghiền nhuyễn, xay nguyên hạt, đem lọc bã, mới phát hiện ra không có một chút bã nào!

Đó chính là nhờ công nghệ Wholesome Soy (Xay nguyên hạt) hoàn toàn không tạo ra ""okara"" - bã phụ phẩm đậu nành - được Vinamilk ứng dụng đầu tiên tại Đông Nam Á*. Sữa 9 loại hạt giữ trọn chất sữa sánh mịn đậm đà và bộ dưỡng chất tự nhiên của hạt.

Sữa đã xay sẵn, mời bạn say sưa: https://bit.ly/3XZXSfW
(*) của Tetra Pak",129,7,1,2024-09-27 06:13:34,Photo
https://www.facebook.com/vinamilkofficial/posts/pfbid0DfSuf7QTWDnJww8dAgdPUkXxB1Q1BbXXUUzhtwxezHSottVpvFscmXfRR5aWdJakl,"Biết sẽ mất lòng fan Vfresh kì cựu, nhưng từ bây giờ, quả thật là nhân vật chính.
#VINAMILKNƯỚCTRÁICÂY #QUẢLÀTHẬT",4501,191,154,2024-09-26 09:26:09,Photo
https://www.facebook.com/reel/3810857322491698/," Chớp ngay công thức mới từ SỮA TƯƠI VINAMILK 100% DỪA – sự kết hợp béo bùi của sữa tươi mới vắt và bột sữa dừa sấy khô.
 
  Nhanh tay làm liền: Latte Sữa Dừa và French Toast cho bữa sáng “dzừa” bụng “dzừa” ý.

#vatmoingay  #tuoimoingay  #suatuoi100  #Vinamilk",111,10,14,2024-09-25 12:38:44,Video
https://www.facebook.com/vinamilkofficial/videos/1599342277313027/,"MUỐN CẢM ƠN, XIN LỖI, TỎ TÌNH NHƯNG LẠI KHÔNG BIẾT MỞ LỜI THẾ NÀO, PHẢI LÀM SAO ĐÂY!?​

Sao với người lạ, mình dễ dàng nói lời xin lỗi và cảm ơn như rót mật vào tai. Nhưng với những người càng thân thiết như bố mẹ, bạn thân, người thương thì lại khó tỏ bày quá vậy ​

 Lần này tỏ lòng với người thương không còn là điều khó nữa! Nhà hàng Ông Thọ kết hợp với GrabFood ra mắt thực đơn là các món ngon ""biết nói"" đã sẵn sàng giúp bạn thổ lộ tâm tư của mình thật trọn vẹn. Sữa Ông Thọ bật mí nhẹ vài món ngon trong thực đơn:​
✨ CƠM BÒ LÚC LẮC đầu hông dám làm sai nữa​
✨ DỪA DẦM mưa dãi nắng để được bên nhau​
✨ GÀ XỐT CAM - sa – mi – ta​

Đặt ngay món ngon từ Nhà hàng Ông Thọ tại GrabFood để có lời ngỏ theo cách thật riêng của mình bạn nhé! ​
✨ Bấm tại đây: https://bit.ly/4gsA6jP hoặc bình luận dưới bài viết theo cú pháp ""Tôi muốn ngỏ lời với người thương"", sữa Ông Thọ sẽ hướng dẫn bạn đặt món ngon ""biết nói"" ngay!​

 Lưu ý: ​
1️⃣ Để nhà hàng Ông Thọ phục vụ món ăn chỉn chu với chất lượng tốt nhất, nhà hàng chỉ nhận đơn đặt trong phạm vi 12km từ địa chỉ Trần Hưng Đạo, quận 1. ​
2️⃣ Với những lúc thời tiết xấu, việc tìm tài xế giao hàng sẽ mất thời gian hơn so với bình thường. ​
Mong quý khách hàng thông cảm, nhà hàng Ông Thọ xin cảm ơn!​
​
#MonNgonTuSuaOngTho #NhaHangOngTho #MonNgonBietNoi",401,109,25,2024-09-25 02:30:38,Video
https://www.facebook.com/vinamilkofficial/videos/1511203109527638/,"Gom khắp tứ phương 
Cân, đo, đong, đếm ​
9 gram đạm đầy ​ 

​Xấp xỉ 1800 hạt đậu Hà Lan mới làm nên 9 gram đạm. Chỉ dám nói xấp xỉ, vì nếu đếm thực tế thì sẽ nhiều hơn rất nhiều, đếm mỏi tay, không thể kịp viết cho bạn biết điều này.  ​ 

Giới thiệu đến bạn, sữa hạt Cao Đạm đầu tiên tại Việt Nam chứa đến 9g đạm hoàn toàn từ thực vật, chủ yếu từ đậu Hà Lan, còn có cả hạt óc chó, hạnh nhân, đậu phộng, đậu đen, đậu xanh, đậu trắng.​ 

 Mời bạn nếm và cùng đếm hạt: https://bit.ly/4ecmgAz",229,11,22,2024-09-23 11:00:27,Video
https://www.facebook.com/vinamilkofficial/posts/pfbid0PzTvLk8HcH9k36SUqNZBD68dZTWumJdpNpEsK8kQPsVVPXECGGtpkwrtf2Z5yBQWl,"Gợi ý cách sắp xếp tủ lạnh cực kỳ nịnh mắt! 

Còn muốn nịnh miệng thì chọn ngay hương vị béo thơm hoàn hảo của Green Farm thanh trùng nhé! Vừa vặn tạo nên Latte đậm đà, matcha tươi mát hay cacao béo bùi! 

 Lắp đầy giỏ hàng dinh dưỡng với Green Farm cùng nhiều ưu đãi hấp dẫn tháng 9: https://bit.ly/4deDBYq

#Vinamilk #VinamilkShopandMore #VinamilkeShop
#Nạp_Dinh_Dưỡng_Mới #Phơi_Phới_Tới_Trường #GreenFarm",500,20,23,2024-09-22 12:00:33,unknown
https://www.facebook.com/vinamilkofficial/videos/6869132106544095/,"Cuộc thi Robotacon Việt Nam đã khép lại, nhưng Vinamilk luôn không ngừng nâng chuẩn để đồng hành cùng thế hệ tương lai.
#Vinamilk #VinamilkGreenFarm #vinamilkxrobotaconwro2024",557,14,15,2024-09-21 13:00:40,Video
https://www.facebook.com/vinamilkofficial/posts/pfbid0aJicnCCo4LtKG6FgaMBe6wRTC6y5WumuwXp4TtmNdLsjfojPt4NBkC11tzBMK3Kil,"Ngắm nhìn, hít hà
Nhắm mắt, thưởng thức
Cảm nhận, chấm điểm 

 Hội đồng giám khảo của International Taste Institute gồm hơn 200 chuyên gia hương vị chuyên nghiệp và độc lập đã trao 3 sao tuyệt đối Superior Taste Award cho hương vị của sữa 9 loại hạt Vinamilk.
Các giải thưởng danh giá và khắt khe trong ngành sữa, chúng tôi đều đã đạt. Nhưng giải thưởng quý giá nhất mà chúng tôi luôn tự hào: Chiếc cúp vàng trong lòng người hâm mộ (Sữa 9 loại hạt Vinamilk là sữa hạt bán chạy nhất Việt Nam!)*

 Mời bạn thử và trao cúp lần nữa: https://bit.ly/3zeJ1EZ
(*) theo thị phần giá trị trung bình 8 tháng đầu năm 2024 trong ngành hàng sữa hạt, từ NielsenIQ VN",3058,477,67,2024-09-21 12:41:05,Photo
https://www.facebook.com/vinamilkofficial/videos/1237398547295730/,"Nắng mưa bụi bẩn cản đường?​
Tăng thêm đề kháng là đường ruột êm!​

Uống 2 chai Probi mỗi ngày với hàng tỷ lợi khuẩn L.CASEI 431™ giảm 40% số ngày cảm cúm, êm ruột để tốt nghiệp mọi hành trình!​

​#Probi #Emruotnuotdoi",10000,99,38,2024-09-21 12:21:31,Video
https://www.facebook.com/vinamilkofficial/posts/1183220772791961:1183220772791961,,286,11,10,2024-09-21 00:42:13,Photo
https://www.facebook.com/vinamilkofficial/videos/543025994756179/,"Vật đổi sao dời, dù thay áo mới nhưng “lòng” vẫn hướng về mọi người. ​

Dù mỗi người có một nết ăn riêng, sữa chua Vinamilk trước sau vẫn luôn dốc lòng chiều chuộng, chưa một lần “thay lòng”. ​

Mang cả thế giới 12 triệu men vào trong hũ sữa chua, thay 12 tấm áo mới, chỉ có thể là sữa chua Vinamilk.​
​
#SuaChuaVinamilk #ThayAoMoi #LongChangThay #ChieuMoiNetBung",2069,1630,411,2024-09-20 13:02:56,Video
https://www.facebook.com/vinamilkofficial/videos/1043753827438678/,"100% TƯƠI cỡ này, đúng ý mẹ chưa?

 Vượt qua gần 400 bài kiểm tra khắt khe, Sữa tươi Vinamilk 100% đạt chứng nhận uy tín về An toàn & Tinh khiết của Clean Label - tổ chức kiểm nghiệm độc lập từ Mỹ.
Sữa TƯƠI quá chừng. Mẹ và bé ưng quá chời! 

#vatmoingay #tuoimoingay #suatuoi100 #vinamilk",1446,154,28,2024-09-20 12:23:35,Video
https://www.facebook.com/vinamilkofficial/posts/pfbid0xQqwUH9pH3j6sqFJG5Z4v4p9arjCSZzPiYz261oh4Jx4tcFBvSELsfmAK6fWoB9Sl,"Vinamilk đồng hành cùng 8 cặp song ca ""xịn cả đôi"" của Our Song Việt Nam️  
 
Chờ đợi giây phút vừa nhâm nhi Green Farm vừa thưởng thức những tiết mục bùng nổ giữa các tiền bối Thế Hệ Truyền Lửa và hậu bối Thế Hệ Kế Thừa!
 
 Sắm từ bây giờ ngay: https://bit.ly/4dg8DyW
 
#Vinamilk #VinamilkShopandMore #VinamilkeShop
#VinamilkGreenFarm #VinamilkSữa9Hạt
#BaiHatCuaChungTa #OurSongVietnam #DongTayPromotion #QuayVeTuongLai
© Nội dung được khai thác và bảo vệ bản quyền bởi #VieNETWORK.",394,2,4,2024-09-20 07:41:57,unknown
https://www.facebook.com/vinamilkofficial/videos/3762340984079048/,"Có ""dốc ruột 26 tỷ"" thì đường tình duyên mới nuột nà. ​

Vinamilk Probi lựu đỏ ít đường với tryptophan tăng hormone vui vẻ, cho bạn thêm hạnh phúc cùng 26 tỷ lợi khuẩn mỗi ngày.​

#Probi #Emruotnuotdoi",5395,119,64,2024-09-20 03:00:19,Video
https://www.facebook.com/vinamilkofficial/videos/1705536723571244/,"Trận đấu trí của bạn sẽ ra sao khi “bộ não thứ hai” vào cuộc? ​

Vì ruột mệnh danh là bộ não thứ hai, đừng quên gia cố đường ruột với hàng tỷ lợi khuẩn L.CASEI 431™ để có những bước đi sáng suốt, chiếu tướng mọi tình huống khó đỡ thật nuột!​

#Probi #Emruotnuotdoi",5860,62,22,2024-09-19 12:53:24,Video
https://www.facebook.com/LifeAtVinamilk/posts/pfbid01FeHbKwtcw73d4TwY9VXbNjXLvp2dcpU4TDrs3psWPhYqudZk93qGjhqqZ2sq1mJl,"NHỮNG ĐƠN HÀNG CỨU TRỢ ĐẦU TIÊN ĐÃ ĐƯỢC TRAO TỚI MIỀN BẮC
Những ngày qua, Vinamilk và Trung Ương Đoàn đã chuyển sữa và nước uống tới Tỉnh Đoàn Lào Cai, Hòa Bình, Cao Bằng, Lạng Sơn, Tuyên Quang, Bắc Kạn. Các chuyến xe Vinamilk sẽ tiếp tục lăn bánh vận chuyển vật phẩm, cùng Trung Ương Đoàn hỗ trợ tới tận tay đồng bào Miền Bắc, đặc biệt là các trẻ em quay lại trường sau khi khắc phục hậu quả bão lũ.
 
Tính đến 19/9, sau 5 ngày, chương trình ""Vượt thiên tai - Tiếp bước tương lai"" của Vinamilk đã ghi nhận 785 đơn hàng cứu trợ tương đương với gần 1.5 tỷ đồng (bao gồm 790 triệu đồng từ đồng đội, khách hàng Vinamilk quyên góp và 790 triệu từ quỹ quyên góp Vinamilk). Số lượng đơn hàng cứu trợ và hình ảnh giao hàng thực tế sẽ được Vinamilk cập nhật liên tục tại website chương trình.
 
Không chỉ đồng đội Vinamilk, bất kỳ ai cũng có thể tham gia quyên góp. Cùng Vinamilk chung tay san sẻ khó khăn với đồng bào Miền Bắc tại website chương trình: https://new.vinamilk.com.vn/vinamilk-ung-ho-mien-bac
 
BẠN ĐÓNG GÓP 1 THÙNG VINAMILK ĐÓNG GÓP THÊM 1 THÙNG  
BẠN ĐÓNG GÓP 10 THÙNG VINAMILK ĐÓNG GÓP THÊM 10 THÙNG 
BẠN ĐÓNG GÓP 100 THÙNG VINAMILK ĐÓNG GÓP THÊM 100 THÙNG
TẤT CẢ SẼ ĐƯỢC TRUNG ƯƠNG ĐOÀN & ĐỒNG ĐỘI VINAMILK CHUYỂN ĐẾN NGƯỜI DÂN MIỀN BẮC!

Cổng thông tin Trung ương Đoàn TNCS Hồ Chí Minh
Hội Sinh Viên Việt Nam

#Staystrongvietnam #LifeAtVinamilk",344,16,119,2024-09-19 09:55:48,unknown
https://www.facebook.com/vinamilkeshop/videos/415511041560608/,"Sữa Organic ""thay áo"" & đổi tên! Nhưng chất lượng đỉnh cao vẫn không đổi!
 
️ Ưng ý Green Farm Organic thì bỏ giỏ ngay để nhận thêm ưu đãi: https://bit.ly/47EM9GY
 
#Vinamilk #VinamilkShopandMore #VinamilkeShop
#Nạp_Dinh_Dưỡng_Mới #Phơi_Phới_Tới_Trường #GreenFarmOrganic",364,11,14,2024-09-19 06:58:12,Video
https://www.facebook.com/vinamilkofficial/posts/pfbid022zzMNBSaiM5uviCxBpttJSoggaYcaRhCRCJDZMkqUutwJPvDmCfhdzPdJg5JjMB8l," TẾT TRUNG THU RƯỚC ĐÈN ĐI CHƠI
 RƯỚC THÊM XE ĐẠP SUSU HERO VỀ NHÀ  

Các bé đã sẵn sàng cho một ngày hội Trung Thu thật nhiều quà tặng hấp dẫn chưa? 
Dịp Trung Thu này, Susu Hero đem đến chương trình ưu đãi cực rộn ràng dịp trung thu cho bé đây: 
 Tặng ngay lồng đèn sáng tạo khi mua 01 thùng Susu hoặc 1 thùng Hero 
 Flex ảnh bé chụp cùng lồng đèn dưới phần comment của post này, kèm với số có 3 chữ số bất kì và hashtag #susuhero #vuitrungthu 

Thời gian diễn ra chương trình: 
 Thời gian tặng lồng đèn sáng tạo: Hệ thống các cửa hàng tiện lợi, cửa hàng giới thiệu sản phẩm của Vinamilk và web thương mại điện tử (https://new.vinamilk.com.vn): đến hết ngày 30/09/2024
 Thời gian chơi minigame chụp hình khoe lồng đèn: đến hết 30/09/2024 

Thể lệ:
 Mỗi người chơi chỉ được comment 1 lần duy nhất. Bình luận đã qua chỉnh sửa sẽ không còn hợp lệ. Nếu muốn thay đổi đáp án, hãy xoá đi và trả lời lại.
 9 người thắng cuộc sẽ được lựa chọn ngẫu nhiên bởi ban tổ chức.
Giải thưởng sẽ được công bố sau 5-7 ngày kết thúc chương trình

Mẹ hãy cùng bé nhanh tay tham gia Minigame siêu dễ để khoe lồng đèn sáng tạo của bé và nhận những phần quà hấp dẫn từ Susu Hero nhé ✨ 
#Susuhero #vuitrungthu",435,384,128,2024-09-18 09:16:03,unknown
https://www.facebook.com/vinamilkofficial/videos/500763882882105/,"TRUNG THU PHÁ CỖ, SAO THIẾU SỮA NGON?  

Nếu ông bà cha mẹ uống trà ăn bánh trung thu, thì bé cũng có Sữa Dinh Dưỡng Vinamilk vừa ngon, vừa có chất xơ giúp Bụng êm, có Vitamin D3 và Canxi cho Xương Khỏe, Vitamin A cho bé Mắt Sáng ngắm trăng!
Chúc bé và cả nhà mình lúc nào cũng có những phút giây bình yên, sum vầy bên nhau!

 Bánh thơm đã có, sữa ngon đặt hàng để Vinamilk giao nha https://bit.ly/3B7KIVg",73,5,6,2024-09-17 11:33:54,Video
https://www.facebook.com/vinamilkofficial/posts/pfbid0GaHaufs8bxuuhubtv85L4u66jRnPVFwTww3bVVXYGZd8ttCxjEoNSWzwWbqnH6Rwl,"Tủ lạnh cỡ này xứng đáng để bạn vào bếp và tạo ra hàng loạt món ngon mê mãi chưa? 
 
Đừng chỉ ngắm nhìn, hãy tự mình cảm nhận hương vị mà các đầu bếp nhà hàng Michelin, Gault & Millau vô cùng yêu thích, chỉ có thể là #GreenFarm. 
 
 Khám phá thêm quà tặng khi mua Green Farm ngay trong tháng 9 tại đây: https://bit.ly/4eqnwzJ
 
#Vinamilk #VinamilkShopandMore #VinamilkeShop
#Nạp_Dinh_Dưỡng_Mới #Phơi_Phới_Tới_Trường #GreenFarm",302,4,6,2024-09-17 01:49:02,unknown
https://www.facebook.com/vinamilkofficial/videos/487161467562179/," 100% TƯƠI từ quy trình:
✨Vắt và đóng hộp trong ngày
✨Chuẩn an toàn và tinh khiết
✨KHÔNG chất bảo quản
100% tươi nên bé nào cũng 100% tít mắt.
 
Hôm nay bé nào đã “rột rột” Sữa tươi 100% rồi? Điểm danh dưới comment nhá!

#vinamilk #suatuoi100 #vatmoingay #tuoimoingay",115,40,7,2024-09-16 16:04:11,Video
https://www.facebook.com/vinamilkofficial/posts/pfbid0Ehx3jPXbpT6drzNq22a82iC2rWiFw6tb1Avftarw5oFJ78g4bkMHKrR3tevY1nAAl,"Biết sẽ mất lòng những người không thích màu mè, nhưng sự thật là quả càng thật, màu càng rực rỡ.
#VINAMILKNƯỚCTRÁICÂY #QUẢLÀTHẬT",532,25,34,2024-09-15 05:39:26,unknown
https://www.facebook.com/vinamilkeshop/posts/pfbid031kUR9d3Agcmrc9BZ7EGRGhDq2ZFUKDeqJTbfWwUcUskZbVY31ypQCTTab81ZeaBwl," Những ưu điểm siêu cờ xanh của Green Farm Organic mà ai cũng phải lòng:

 Đáp ứng không chỉ tiêu chí khắt khe từ Mỹ 
 Đảm bảo độ tinh khiết theo chuẩn 1A của Hàn Quốc 
 Hữu cơ chuẩn EU  

 Óng ánh kem sữa, sánh mịn ngọt lành, chất lượng quốc tế!  

 Bấm để lấp đầy tủ lạnh nhà bạn: https://bit.ly/3B2LIKj
️ Còn bấm vào đây để tham khảo thêm chương trình tặng voucher lên đến 70K: https://bit.ly/4gkQjro 

#Vinamilk #VinamilkShopandMore #VinamilkeShop
#Nạp_Dinh_Dưỡng_Mới #Phơi_Phới_Tới_Trường #GreenFarmOrganic",341,15,6,2024-09-13 19:14:42,Photo
https://www.facebook.com/vinamilkofficial/posts/pfbid0ZMZrTr4cEJyj4KawarkvpQdogmuLdBAHpxgivogeYeuuNK2DqhVVPiZAYnaCf4Ayl,"Đồng lòng, chung hướng! ",2282,110,261,2024-09-12 08:49:57,unknown
https://www.facebook.com/vinamilkofficial/posts/pfbid02rZkEPmoSG1pnyRdz1QovVH5yYR6ozCggGkpmz7TD2HnKwzKawMdTsjsKLQkqBQnPl,"MUÔN KIỂU “Ô MÊ LY"" CÙNG YOMILK NGON SẢNG KHOÁI​ ​

Gọi món quà của Yomilk là chân ái vì khiến ai cũng mê “ly"":​ ​
⭐️Ánh quang liên tục đổi màu, làm phụ kiện chân ái để sống ảo thật slay.​
⭐️Chất liệu trong suốt, biến tấu cùng đèn dây đom đóm tạo thành đèn ngủ mới lạ thêm chill ​
⭐️Cùng tạo ra âm điệu bắt tai, khi gõ và thành ly cùng với ly thuỷ tinh cầu vồng với nhiều mức nước khác nhau sẽ tạo ra nhiều âm điệu giúp bạn thoả sức sáng tạo.​

Đã mê Yomilk 10 điểm sảng khoái rồi, nay còn được tặng thêm ly cầu vồng thì tuyệt cà là vời. ​
MUA 3️⃣LỐC YOMILK BẤT KỲ TẶNG 1️⃣ LY CẦU VỒNG ​
Nhanh tay chốt đơn để cùng Yomilk biến tấu với chiếc ly đa-zi-năng này nhé! Chia sẻ hình ảnh biến tấu cùng Yomilk ở phần bình luận ngay nào!  ​

(*) À à để nhận được deal hời này thì hãy ghé :​
- Cửa hàng và website Vinamilk : https://shorturl.at/xpmte
- Các fanpage của Vinamilk và TikTok Shop chính thức; các tạp hóa/siêu thị/cửa hàng tiện lợi trên toàn quốc​
Ngoài ra, số lượng quà tặng có hạn và chương trình sẽ kết thúc khi hết quà tặng các bạn nhé nên săn ngay nào.​

#Vinamilk #VinamilkShopandMore #VinamilkeShop ​
#Yomilk #Ngonsangkhoai #Thoaimaitobay #Omely",1799,1278,340,2024-09-10 22:25:13,unknown
https://www.facebook.com/vinamilkofficial/videos/2694119627437465/,"Chỉ 1 cú click chuột, bạn có thể tham quan online siêu nhà máy sữa hàng đầu châu Á!
Cũng chỉ từ 1 cú click chuột, từng hộp sữa Vinamilk Green Farm ngon lành được sản xuất và vận hành tự động hóa 100% 
 
Bắt đầu từ những điều không tưởng - Truyền cảm hứng cho các nhà sáng tạo nhí Robotacon làm nên những sáng tạo phi thường 
#Vinamilk #VinamilkGreenFarm #VinamilkxRobotaconWRO2024",1137,68,58,2024-09-09 12:00:29,Video
https://www.facebook.com/vinamilkofficial/posts/487957044139024:487957044139024,,191,3,5,2024-09-08 18:13:43,Photo
https://www.facebook.com/LifeAtVinamilk/posts/pfbid0SErxqxvHvQYa5Ty4XFXve5ACzZ89kHrAfpMVUB3HYR5nny4M3CcrHdWT6zhsHzvql,"Vinamilk lan tỏa tinh thần “raise the bar” tới 1.500 nhà sáng tạo tương lai

Lần đầu tiên cuộc thi Robotacon WRO 2024 (sáng tạo robot) có giải thưởng ""Raising The Bar Awards"". Đây là giải thưởng đặc biệt mà Vinamilk trao tặng các đội thi có ý tưởng công nghệ sáng tạo và có kết quả hoàn thành bứt phá.

Chưa kể, những nhà sáng tạo xuất sắc lọt vào chung kết còn được tận mắt chứng kiến ứng dụng thực tế của robot tại nhà máy triệu đô Vinamilk & trang trại sinh thái bền vững 700ha Green Farm.

Cùng lướt hết album để khám phá!

#LifeAtVinamilk #Vinamilk #VinamilkGreenFarm #VinamilkxRobotaconWRO2024",159,2,11,2024-09-08 00:26:57,unknown
https://www.facebook.com/vinamilkofficial/posts/pfbid031eo3F5ntQeXYowCAZNk61myLnmY4oLPFrFJBPY5pCBHNb9PKwYuc4MXzoqCc56Gdl,"Một góc ""nông trại xanh"" trong tủ lạnh. 
Bao nhiêu sự sóng sánh, bấy nhiêu sự mát lành. Tủ lạnh bạn đã bổ sung sự sóng sánh mát lành này chưa?
Comment bạn nhé! 
#Vinamilk #Greenfarm #suatuoihutchankhong #vovevigiac",285,0,6,2024-09-07 06:40:11,unknown
https://www.facebook.com/vinamilkofficial/videos/3409131912714061/,"LỄ TỔNG KẾT một mùa hè siêu vui, siêu tươi của các “búp măng non” ngân nga ố là la “Vinamilk 100% Tươi Mỗi Ngày"":

✨2836 màn debut của các idol “tóp tóp"" với gần 37 triệu view!
✨336 giờ mẹ cùng bé ngân nga mỗi ngày, mỗi ngày!
✨21 giải thưởng Ố LÀ LA  tươi mỗi tuần.

Những con số chất lượng đầy ấn tượng, hứa hẹn cho nhiều hoạt động hứa hẹn “đỉnh nóc, kịch trần” sắp tới, mẹ và bé chớ bỏ qua nhé!
 
#Vatmoingay #Tuoimoingay #Suatuoi100 #Vinamilk #VNM100TuoiMoiNgay",87,5,4,2024-09-06 12:53:26,Video
https://www.facebook.com/vinamilkofficial/videos/488672810606693/,"Post này không có cap
Chỉ có vui tới trường 
Hôm nay bé nào tươi tới trường với Sữa tươi Vinamilk 100% thì điểm danh nha!
#vinamilk #suatuoi100 #vatmoingay #tuoimoingay",200,37,12,2024-09-05 14:15:13,Video
https://www.facebook.com/vinamilkofficial/videos/494070603377263/,"Ô MÊ LY, MUA 3 LỐC YOMILK ĐI!!!​
Gặp được món quà chân ái, sao còn ngại mà chưa chốt đơn!​
MUA 3 LỐC YOMILK BẤT KỲ, TẶNG LY CẦU VỒNG MÊ LY.​
Chỉ cần mua 3️⃣ lốc Yomilk bất kỳ, vừa được thưởng thức vị ngon sảng khoái đúng gu, lại còn có thêm bảo bối thể hiện chất riêng.​
Ly cầu vồng thuỷ tinh ánh màu bắt mắt, ai mà chẳng mê!!!​

(*) Điều kiện áp dụng khuyến mãi: 
- Địa bàn khuyến mãi: Cửa hàng và website Vinamilk https://bit.ly/vinamilkwebsite; các fanpage của Vinamilk và TikTok Shop chính thức; các tạp hóa/siêu thị/cửa hàng tiện lợi trên toàn quốc
- Số lượng quà tặng có hạn và chương trình sẽ kết thúc khi hết quà tặng
 
Inbox ngay cho fanpage để được tư vấn chi tiết hơn về chương trình nhé!

#Vinamilk #VinamilkShopandMore #VinamilkeShop ​
#Yomilk #Ngonsangkhoai #Thoaimaitobay #Omely",2741,1202,266,2024-09-05 04:03:29,Video
https://www.facebook.com/vinamilkofficial/videos/522858680398103/," Chủ nhật này bạn chưa có kế hoạch đi đâu chơi lễ? Cùng Vinamilk ghé Our Song thăm Orange, Hoàng Hải và OgeNus nhé! 

 #Vinamilk #VinamilkShopandMore #VinamilkeShop #GreenFarm #taobotminmang #suatuoihutchankhong #vovevigiac #Suahat9loaihat #ngonnucno",601,24,25,2024-09-01 02:50:24,Video
https://www.facebook.com/vinamilkofficial/posts/pfbid02Ty1MQb7Tod8Xrya2PjbgdAaDhreccdiDGZDSngsfYRvbcagwDeC7wuam4379bp8Vl," ĐỦ 1000 LIKE TẶNG MIỄN PHÍ 1000 HỘP SỮA TƯƠI 100% DỪA

Chưa từng có! Chỉ cần post này đủ 1000 like, tặng ngay 1000 hộp Sữa tươi tiệt trùng Vinamilk Dừa tới bạn. Kịch trần phấp phới, chơi tới chuyến này nha bạn ơi 

Xem thêm tại đây: https://bit.ly/3Z7t79H

#vinamilk #suatuoi100 #vatmoingay #tuoimoingay",1481,488,85,2024-08-31 08:20:52,Photo
https://www.facebook.com/vinamilkofficial/videos/1077515187708239/,"Có gì tại trang trại sinh thái Vinamilk Green Farm? 
 
Cùng theo chân các nhà sáng tạo tương lai Robotacon WRO 2024 khám phá ngay trang trại sinh thái xanh mát rộng đến 700 hecta nhé!
#Vinamilk #VinamilkGreenFarm #VinamilkxRobotaconWRO2024",922,62,20,2024-08-30 13:51:20,Video
https://www.facebook.com/vinamilkofficial/posts/pfbid0spvCLnNbhXDZgW7njpPBjaNpUSAQQ76jZ1PHkxKn5jRC41rGnWRRyVMj7gBPJAfMl,"KẾT QUẢ MINIGAME: VINAMILK 100% TƯƠI MỖI NGÀY ​
️ BẢNG VÀNG DANH CA TUẦN 2 LỘ DIỆN ​
​
Giọng ca vàng Tóp Tóp đi vào​
Dạt sang một bên hết đi nào  ​
Hát hay tầm này là bình thường, may mắn trúng giải mới là phi thường. Mời các danh ca xem Giải Tuần 2 có tên mình hông nha: https://bit.ly/3X87pjd 
​
️ Thấy có tên trong danh sách thì mẹ và bé nhanh nhanh inbox gửi thông tin về Facebook Fanpage Vinamilk trước ngày 05/09/2024 theo cú pháp:​
KẾT QUẢ MINIGAME TUẦN 2: VINAMILK 100% TƯƠI MỖI NGÀY ​
♬ Họ và tên: ​
♬ Số điện thoại: ​
♬ Email: ​
♬ Số CMND/CCCD: ​
♬ Địa chỉ nhận quà: ​
​
Mẹ và bé đừng quên theo dõi Fanpage Vinamilk để không bỏ lỡ hoạt động hấp dẫn và quà tươi nào nhé!​
​
#Vatmoingay #Tuoimoingay #Suatuoi100 #Vinamilk #VNM100TuoiMoiNgay",113,7,3,2024-08-29 18:22:46,Photo
https://www.facebook.com/vinamilkofficial/posts/pfbid037YjMNQE9J9ZzWAez9trMCgqXFiDAy3Ccp9P8JpH7Yh2vCRUaG4DNc7aTjE8RMKmal,"""VỎ XINH ĐƯỢC TÁI SINH” ĐÃ TRỞ LẠI VÀ LỢI HẠI HƠN!

Lần này chương trình diễn ra ở quy mô rộng hơn với 30 điểm thu gom vỏ hộp thức uống giấy ở cả Hà Nội và TP. Hồ Chí Minh. Chưa kể, vỏ nào cũng đổi được quà.

Size nào cũng yêu, hãng nào cũng chiều, miễn là hộp thức uống giấy.

Bắt đầu từ 30/8 tới hết 31/12. Cùng Vinamilk hành động ngay hôm nay: https://bit.ly/4g30hxo

*Chương trình có sự đồng hành của Tetra Pak.

#Vinamilk #LifeAtVinamilk #VoXinhDuocTaiSinh #VinamilkStores",609,50,60,2024-08-28 22:54:12,unknown
https://www.facebook.com/vinamilkofficial/videos/8243224492437061/," Chân dung đại diện Việt Nam, thi đấu tại Thổ Nhĩ Kỳ! 

Vượt qua hơn 1,500 thí sinh, 3 vòng thi đấu, cuộc thi đã chính thức tìm ra 13 đội tuyển nhí xuất sắc giành tấm vé chinh chiến Robotacon WRO 2024 tại Thổ Nhĩ Kỳ. 

Cùng theo dõi fanpage để theo chân các tuyển thủ khám phá ứng dụng thực tế của robot tại nhà máy triệu đô Vinamilk & hành trình phát triển bền vững tại trang trại Vinamilk Green Farm nhé! 

#Vinamilk #VinamilkGreenFarm #VinamilkxRobotaconWRO2024",738,87,19,2024-08-28 03:25:38,Video
https://www.facebook.com/vinamilkofficial/posts/pfbid0wYcDP3yVEAgyQh5iXyXm8cDzbUwg7TEx3UAPUd7cjbhpEy8Xf53sgQuqYiTEqzM2l,"Niềm vui tới! Niềm vui tới! 

Vinamilk hân hạnh đồng hành cùng Our Song - chương trình đạt Top 1 rating VTV3 ngay sau tập phát sóng đầu tiên!

Tối nay ăn mừng, khao fan của Our Song một chầu Sữa tươi Vinamilk Green Farm và Sữa hạt 9 loại hạt Vinamilk được không nhỉ?

Ai yêu để lại comment!

#BaiHatCuaChungTa #OurSongVietnam #Vinamilk #GreenFarm #Suahat9loathat",261,5,3,2024-08-26 15:43:08,unknown
https://www.facebook.com/reel/491232886948209/,"Từ trang trại đến tủ lạnh chỉ 24h! 
Đó là bí quyết giữ sự sóng sánh mê mãi của Green Farm. 
Click để lấp đầy tủ lạnh tại đây: https://bit.ly/GreenfarmTTKĐ
#Vinamilk #Greenfarm #Vovevigiac #taobotminmang",129,5,7,2024-08-25 04:00:39,Video
https://www.facebook.com/vinamilkofficial/posts/pfbid02TAoy3dDhGQdfS64SGTBxo6wfdG42ZNZpr8ZZeEVN3PBJLkAwNm6mFq7sf16PUNuLl," KẾT QUẢ MINIGAME: VINAMILK 100% TƯƠI MỖI NGÀY ​
 LỘ DIỆN DANH CA TƯƠI TUẦN 1 RỒI ĐÂYYY​
​
Giọng ải giọng ai đã giật giải TƯƠI Tuần 1? Hát hay lại còn may mắn, chắc chắn là các giọng ca trong danh sách này  https://bit.ly/4fUl85X
​
Nếu đã thấy tên mình có trong bảng vàng danh ca, mẹ và bé inbox gửi thông tin về Facebook Fanpage Vinamilk trước ngày 29/8/2024 theo cú pháp:​
KẾT QUẢ MINIGAME TUẦN 1: VINAMILK 100% TƯƠI MỖI NGÀY ​
​
♬ Họ và tên:​​
♬ Số điện thoại:​​
♬ Email:​
​♬ Số CMND/CCCD:​​​
♬ Địa chỉ nhận quà:​​
​
Vẫn còn cơ hội để mẹ và bé khoe giọng để trúng Giải Tươi Tuần 2 và Giải Đặc Biệt. Hãy theo dõi Fanpage Vinamilk để không bỏ lỡ QUÀ TƯƠI, hoạt động hấp dẫn khác nhé! ​
​
#Vatmoingay #Tuoimoingay #Suatuoi100 #Vinamilk #VNM100TuoiMoiNgay",178,52,4,2024-08-24 08:26:45,Photo
https://www.facebook.com/vinamilkofficial/posts/pfbid0sgqU1nXGzkq7qE1TpmX43AUt5beW6j7gt1fT4QEWmiASsgBwwhMFekVQksBCqCYjl,"Dự án giải cứu đường ruột chính thức ra mắt! Vì một ngày mai Êm Ruột Nuột Đời, vững dạ hưởng ứng ngay hôm nay.​

#Probi #Vỏmớikeng #Ruộtkhôngđổi",1108,139,24,2024-08-23 12:52:51,Photo
https://www.facebook.com/vinamilkofficial/posts/pfbid0r7Y5zMZgt7GwC1s9ntXLhCAUuPf6uULZCBJHyeP9ULU6wEX9BPpHbBEiP79myXjEl,"DỪA THẬT 100% NHƯ CÁI TÊN! Ai thương không nè?

Sữa tươi Vinamilk 100% Dừa mới toanh được kết hợp giữa sữa tươi mới vắt cùng bột sữa dừa sấy khô 100% thật chứ không phải là hương.

Phải thử cho biết nha bạn ơiii!

Thử ở đây nè: https://bit.ly/4dSJ6N1

#vatmoingay #tuoimoingay #suatuoi100 #vinamilk",6175,199,34,2024-08-22 17:18:57,Photo
https://www.facebook.com/vinamilkofficial/posts/pfbid02JA2DZTJZAC8cmqiE3D2dHg7Z5sECrMhbX7a3Bym9ZCHTgzwidLtcXRKzWP6JzX1Rl,"Lấy cảm hứng từ màu sắc tự nhiên của trái cây Địa Trung Hải, châu Á, châu Phi và khắp thế giới, “vườn” nhà Vinamilk nay đã chín ruộm! 

Quả thật từ khắp nơi. Quả thật đủ giống loài. Quả thật là rực rỡ.

Đố bạn rổ trái cây này sẽ cập bến ở đâu đầu tiên?
 
CÂU TRẢ LỜI Ở ĐÂY: https://bit.ly/4dqv7ye

#Vinamilk #VinamilkJuice #NuoctraicayVinamilk #VinamilkShopandMore",1061,72,80,2024-08-21 21:45:03,unknown
https://www.facebook.com/vinamilkofficial/videos/1443951422964905/," CHUNG KẾT QUỐC GIA ROBOTACON WRO 2024 CÓ GÌ? 

 Những màn thi đấu hấp dẫn tìm kiếm đại diện Việt Nam chinh chiến tại Thổ Nhĩ Kỳ.
 Nhiều món ngon Mải mê Mê mãi từ Sữa tươi hút chân không Vinamilk Green Farm 
 
Các tuyển thủ ơi, các bạn đã sẵn sàng chưa?
 
#Vinamilk #VinamilkGreenFarm #VinamilkxRobotaconWRO2024",215,47,4,2024-08-21 02:11:09,Video
https://www.facebook.com/vinamilkofficial/videos/2238246499866056/,"Một lòng một dạ để yêu ai đó quá khó nhưng chị em sữa chua Vinamilk thì trước sau vẫn một lòng vậy thôi. Vâng, chúng tôi thay áo mới, ""lòng"" chẳng thay, vẫn làm từ 12 triệu men sống châu Âu, vẫn nguyên si dinh dưỡng, hương vị 30 năm không hề đổi dời.

#SuachuaVinamilk #ThayAoMoi #LongChangThay",1597,1714,440,2024-08-20 13:30:55,Video
https://www.facebook.com/vinamilkeshop/videos/1163210058125887/,"VINAMILK TRÒN 48, MÃI BÊN NHAU BẠN NHÉ

️ Tiệc mừng sinh nhật Vinamilk 48 đang diễn ra, mời bạn nhập tiệc, nhận quà cả ngày:

✨ Sáng săn Flash-sale 48h, giảm đến 12% cho đơn hàng có Green Farm Organic mới (*)
✨ Trưa ghé Website Vinamilk, bỏ giỏ hàng Bộ Sưu Tập đồng giá 480K cho cả nhà (**)
✨ Chiều vào APP Vinamilk đổi quà, ""Mua nữa, Mở mãi"" thôi
✨ Tối xem TikTok Livestream Birthday 48h lúc 19:00, chơi liền Minigame để rinh quà xinh. (***)

️ Đừng bỏ lỡ loạt ưu đãi Sinh nhật sắp kết thúc: https://bit.ly/4dQ0i64 

Vui lòng xem thêm điều kiện áp dụng các khuyến mãi dưới comment nhé ! 

#Vinamilk #VinamilkShopandMore #VinamilkeShop #Vinamilk48 #Tròn_48 #Trọn_Vui

---- 

- Các khuyến mãi (*), (**) chỉ áp dụng cho đơn hàng tại website và APP Vinamilk 
- Sản phẩm được giảm giá trong khuyến mãi (*), (**) sẽ được áp dụng lần lượt theo các khung giờ nhất định
- Khuyến mãi (***) áp dụng cho các đơn hàng trong các phiên Livestream Birthday trong thời gian diễn ra chương trình (15/08 - 20/08) và/hoặc tất cả các đơn hàng TikTok Shop chỉ trong ngày 20/8 
- Số lượng quà, voucher & lượt áp khuyến mãi có giới hạn & có thay đổi về hình thức và số lượng theo từng phiên live
- Không áp dụng cho đơn hàng có: Sữa đặc, Sữa tươi tiệt trùng 100% 110ml/180ml/1L (có đường, ít đường), Sữa dinh dưỡng bịch 220ml & các sản phẩm không được khuyến mãi theo quy định của nhà nước (Sữa bột trẻ em dưới 2 tuổi)
- Số lượng voucher, quà & lượt khuyến mãi có hạn- Không áp dụng chồng các chương trình khuyến mãi hiện có khác
- Tham khảo thể lệ chi tiết các chương trình khuyến mãi tháng 8 tại cuối trang: https://bit.ly/4dQ0i64",306,6,8,2024-08-20 11:15:22,Video
https://www.facebook.com/vinamilkeshop/videos/501556582459188/," NHẬP TIỆC THỬ MÓN, THÊM NGON THÊM YÊU!

Yêu món nào, thử làm ngay món ấy cùng Vinamilk - Shop & More!

Đừng quên ""cắt bánh"" Sinh nhật Vinamilk 48, ""nếm thử"" 17,000+ quà hấp dẫn: https://bit.ly/3XjML1f
 

#Vinamilk #VinamilkShopandMore #VinamilkeShop #Vinamilk48 #Tròn_48 #Trọn_Vui

-----

✨ Điều kiện áp dụng khuyến mãi:
- Các khuyến mãi chỉ áp dụng cho đơn hàng tại Website, App và 39 Cửa hàng trực thuộc Vinamilk.
- Không áp dụng cho đơn hàng có: Sữa đặc, Sữa tươi tiệt trùng 100% 110ml/180ml/1L (có đường, ít đường), Sữa dinh dưỡng bịch 220ml & các sản phẩm không được khuyến mãi theo quy định của nhà nước (Sữa bột trẻ em dưới 2 tuổi)
- Số lượng voucher và quà có hạn
- Không áp dụng chồng các chương trình khuyến mãi hiện có khác
- Tham khảo thể lệ chi tiết các chương trình khuyến mãi tháng 8 tại cuối trang: https://bit.ly/3XjML1f",2350,51,14,2024-08-19 03:00:54,Video
https://www.facebook.com/reel/1006935617644319/,"Spotlight của tủ lạnh #Vovevigiac hôm nay thuộc về ai?
Sữa tươi thanh trùng Green Farm dòng Rất ít đường!!!
Với công nghệ độc quyền thanh trùng sữa chỉ trong 15s để giữ lại hương vị sánh ngậy tự nhiên của sữa tươi, Green Farm thanh trùng chắc chắn sẽ làm bạn ấn tượng với lớp nền sánh ngậy!
Mịn màng mê mãi!
Click để lấp đầy tủ lạnh tại đây: https://bit.ly/GreenfarmRID
#Vinamilk #greenfarm #taobotminmang",70,4,4,2024-08-18 04:00:37,Video
https://www.facebook.com/vinamilkeshop/videos/1013063643610309/,"Vẫn là Organic, nhưng cao cấp hơn. Xem checklist ""ngập cờ xanh"" như chính màu Green Farm Organic là biết ngay có gì ""đáng để yêu""! 

✅ Sữa tươi đầu tiên ở Việt Nam tuân thủ 10 BƯỚC hữu cơ
✅ Đạt chuẩn 7 KHÔNG (*)
✅ Đạt chuẩn an toàn khắt khe từ Mỹ 
✅ Đạt giải thưởng được mệnh danh ""Michelin ngành sữa""(*) 

Xem comment để Vinamilk bật mí cho bạn về CHUẨN 7 KHÔNG nhé!

 Yêu càng yêu vì có loạt deal mừng sinh nhật Vinamilk 48
️ Từ 19/08 đến hết 20/08, GIẢM TỚI 12% cho thùng Sữa tươi tiệt trùng Green Farm Organic 180ml hoặc 1L (**)
️ Từ 9:00 ngày 19/08 đến 9:00 20/08, thùng 48 hộp Sữa tươi tiệt trùng Green Farm Organic 180ml GIẢM CÒN 464,000 VNĐ (***)
️ Từ 15/08 đến hết 20/08, đặc biệt GIẢM ĐẾN 15% khi đặt 1 thùng 48 hộp Sữa tươi tiệt trùng Green Farm Organic 180ml MỚI (****)

 Vị thuần khiết, thử là biết yêu liền: https://bit.ly/4czgQhs 

#Vinamilk #VinamilkShopandMore #VinamilkeShop #Vinamilk48 #Tròn_48 #Trọn_Vui

-----

✨ Điều kiện áp dụng khuyến mãi:
- Các khuyến mãi (**), (***) chỉ áp dụng cho đơn hàng tại website và APP Vinamilk 
- Sản phẩm được giảm giá trong khuyến mãi (**), (***) sẽ được áp dụng lần lượt theo các khung giờ nhất định
- Khuyến mãi (****) áp dụng cho các đơn hàng trong các phiên Livestream Birthday trong thời gian diễn ra chương trình (15/08 - 21.08) và/hoặc tất cả các đơn hàng TikTok Shop chỉ trong ngày 20/8 
- Số lượng quà, voucher & lượt áp khuyến mãi có giới hạn & có thay đổi về hình thức và số lượng theo từng phiên live
- Không áp dụng cho đơn hàng có: Sữa đặc, Sữa tươi tiệt trùng 100% 110ml/180ml/1L (có đường, ít đường), Sữa dinh dưỡng bịch 220ml & các sản phẩm không được khuyến mãi theo quy định của nhà nước (Sữa bột trẻ em dưới 2 tuổi)
- Số lượng voucher, quà & lượt khuyến mãi có hạn
- Không áp dụng chồng các chương trình khuyến mãi hiện có khác
- Tham khảo thể lệ chi tiết các chương trình khuyến mãi tháng 8 tại cuối trang: https://bit.ly/3Alqtms",466,40,17,2024-08-16 09:19:40,Video
https://www.facebook.com/vinamilkofficial/videos/536365122051756/,"MINIGAME “VINAMILK 100% TƯƠI MỖI NGÀY""
MẸ CÙNG BÉ SONG CA Ố LÀ LA
Tham gia khoe giọng ngay chỉ với 03 bước đơn giản: 
✨Bước 1: Mẹ và bé sử dụng TikTok filter để quay video song ca cùng Vinamilk: https://vt.tiktok.com/ZS281bWfK/
✨Bước 2: Chia sẻ video lên trang TikTok/Facebook cá nhân ở chế độ công khai kèm đủ các hashtag #VNM100TuoiMoiNgay #Suatuoi100 #Vinamilk
✨Bước 3: Mẹ sao chép link bài dự thi và bình luận link bài thi dưới bài viết này nhé! 
⏰Cuộc thi diễn ra từ 15/08/2024 đến hết 28/08/2024, với các giải thưởng siêu tươi: 
Giải tươi mỗi tuần: 10 giải mỗi tuần, mỗi giải gồm 01 máy karaoke mini trị giá 500,000VNĐ và e-voucher trị giá 50,000VNĐ khi mua hàng tại cửa hàng Vinamilk
Giải đặc biệt tươi: 01 giải trong xuyên suốt chương trình là 01 loa Marshall trị giá lên đến 5,000,000VNĐ
Thể lệ tham gia chi tiết xem tại: https://bit.ly/3YQl4xQ 
Thời gian, cách thức rõ ràng! Chỉ đợi mẹ và bé góp giọng song ca cùng Sữa tươi Vinamilk 100%, tham gia ngay nào mẹ ơi! 
#Vatmoingay #Tuoimoingay #Suatuoi100 #Vinamilk #VNM100TuoiMoiNgay",438,408,87,2024-08-15 13:00:52,Video
https://www.facebook.com/reel/496635473087123/,"Green Farm đảm bảo sự tươi mát này sẽ làm bạn mỉm cười! 
Comment nếu bạn muốn công thức này thuộc về bạn nhé.
 #Vinamilk #GreenFarm #Taobotminmang #suatuoihutchankhong",54,1,8,2024-08-14 12:11:32,Video
https://www.facebook.com/reel/864897135569737/,"Các tuyển thủ Robotacon WRO 2024 miền Bắc đã sẵn sàng! Vinamilk hẹn gặp các tài năng 3 miền tại vòng chung kết quốc gia ở TP. Hồ Chí Minh ngày 23-24/08 nhé!

#Vinamilk #VinamilkGreenFarm #VinamilkProbi #RobotaconWRO20",66,4,2,2024-08-11 10:27:08,Video
https://www.facebook.com/vinamilkofficial/videos/1541118533510447/," TRỔ TÀI PHA CHẾ VỚI SỮA ÔNG THỌ VỊ SOCOLA

✨ Bí quyết từ Bá Duy - quán quân Asia Latte Art Battle 2024 đó chính là sử dụng sữa Ông Thọ socola sánh mịn, đậm đà vị socola để món Socola Dâu Lắc thêm thơm béo và hài hòa đó! 

Mua ngay Ông Thọ vị Socola để thỏa sức sáng tạo và trổ tài “barista” với hội bạn nha! 

#SữaĐặcÔngThọ #ÔngThọVịSocola #ToppingTuyệtHảoChoMónĂn",396,16,15,2024-08-11 10:00:29,Video
https://www.facebook.com/reel/438070249236145/,"4 độ là nhiệt độ tuyệt hảo nhất để uống sữa tươi #GreenFarm. 
Còn bạn là chính là đối tượng hoàn hảo nhất để thưởng thức hương vị mà đến đầu bếp Michelin cũng mê mẩn này!
Click để lấp đầy tủ lạnh tại đây: https://bit.ly/GreenfarmSTT
#Vinamilk #greenfarm #suatuoihutchankhong #vovevigiac",82,0,4,2024-08-11 04:01:14,Video
https://www.facebook.com/vinamilkofficial/videos/807389241380010/,"CHẲNG CẦN ĐI XA, 30s CÓ NGAY SỮA LẮC SOCOLA TẠI NHÀ 

 Mách bạn cách làm món Sữa Lắc Socola chỉ với 30s thực hiện. Sữa Ông Thọ vị Socola dạng tuýp nhỏ gọn cùng hương vị thơm béo sẽ là lựa chọn tuyệt vời cho món sữa lắc thêm đậm đà và hấp dẫn 

Mua ngay Ông Thọ vị Socola để thử tài pha chế sáng tạo tại nhà bạn nhé! 

#SữaĐặcÔngThọ #ÔngThọVịSocola #ToppingTuyệtHảoChoMónĂn",554,17,29,2024-08-10 10:00:26,Video
https://www.facebook.com/vinamilkofficial/videos/509004035118069/,"1500 THÍ SINH - 500 ĐỘI THI - 1 THƯƠNG HIỆU ĐỒNG HÀNH DINH DƯỠNG

Vinamilk tiếp tục đồng hành cùng cuộc thi Robotacon WRO 2024 với tinh thần “RAISING THE BAR” – LUÔN NÂNG CHUẨN! Đây là sân chơi Robot lớn nhất dành cho thanh thiếu niên, nhằm chọn ra các đội thi đại diện Việt Nam tranh tài tại Singapore và Thổ Nhĩ Kỳ. 

Vòng thi khu vực miền Bắc đang diễn ra ở Hải Phòng. Cùng theo dõi fanpage để cập nhật các hoạt động hấp dẫn tại ngày thi đấu chung kết ở TP. Hồ Chí Minh 20-24/08 nhé!

#Vinamilk #VinamilkGreenFarm #VinamilkProbi #RobotaconWRO2024",389,8,10,2024-08-10 08:21:43,Video
https://www.facebook.com/vinamilkofficial/posts/pfbid0MsAebAfqKRvTPGtxNZwKsQy8ryYYjrbRuWhocNVdWGrck9BXTj6LGv42usawkcDul,"  [KẾT QUẢ MINIGAME] SỮA TƯƠI VÌ ĐÂU, SỮA TƯƠI VÌ GÌ, ĐOÁN ĐÚNG TRÚNG LIỀN QUÀ TƯƠI ​
​
Rất nhiều ""TƯƠI THỦ"" đã bắt trúng đáp án chính xác rồi tiện ngay chụp luôn quà SIÊU TƯƠI gồm 03 vé xem phim CGV. ​

 Check ngay, nghía thử danh sách trúng thưởng xem có tên bạn không nè: https://bit.ly/4fG4zKQ

Bạn nào trúng quà nhớ inbox gửi thông tin về Facebook Fanpage Vinamilk trước ngày 16/8/2024 theo cú pháp sau: ​
KẾT QUẢ MINIGAME: SỮA TƯƠI VÌ ĐÂU, SỮA TƯƠI VÌ GÌ, ĐOÁN ĐÚNG TRÚNG LIỀN QUÀ TƯƠI​

 Họ và tên:​
​ Số điện thoại:​
​ Email:​
​ Số CMND/CCCD:​​
 Địa chỉ nhận quà:​

Đừng quên theo dõi Fanpage Vinamilk để không bỏ lỡ những hoạt động hấp dẫn, quà TƯƠI còn đầy ắp, cơ hội vẫn còn dài!
​
#vatmoingay #tuoimoingay #suatuoi100 #vinamilk",164,39,8,2024-08-09 22:41:25,Photo
https://www.facebook.com/vinamilkofficial/videos/1053513719537467/,"ĐẮM ĐUỐI SOCOLA CHUỐI ĐÁ XAY 

 Sự hoà quyện hấp dẫn giữa Ông Thọ vị Socola đậm đà và những lát chuối thơm ngon cho một ly Socola Chuối đá xay “So Fresh” 

Mua ngay Ông Thọ vị socola để thử ngay bạn nhé! 

#SữaĐặcÔngThọ #ÔngThọVịSocola #ToppingTuyệtHảoChoMónĂn",334,12,8,2024-08-09 13:01:07,Video
https://www.facebook.com/vinamilkofficial/videos/837530641678229/,"Một trong hàng trăm điều kiện nghiêm ngặt giúp sữa tươi hút chân không Green Farm chinh phục tiêu chuẩn an toàn khắt khe toàn cầu là gì?
Câu trả lời được bật mí ngay trong 11s sau. Xem ngay nhé bạn ơi!

#Vinamilk #GreenFarm #Suatuoihutchankhong #Vovevigiac",176,5,12,2024-08-09 12:00:01,Video
https://www.facebook.com/vinamilkeshop/videos/382128171582004/,"Điều gì làm nên khác biệt của sữa tươi Green Farm Organic?

Green Farm Organic là món quà của đàn bò Jersey trứ danh tại cao nguyên Tutra Đà Lạt trong khí hậu mát lành cùng thổ nhưỡng tinh khiết được thanh lọc suốt 3 năm.

Dòng sữa với Omega 3 & CLA tự nhiên!
Óng ánh kem sữa, sánh mịn ngọt lành!

Thử và cảm nhận khác biệt: https://bit.ly/3WwJGZW

#Vinamilk #GreenFarm #Organic #Vovevigiac #suatuoihutchankhong",334,21,16,2024-08-09 11:00:49,Video
https://www.facebook.com/vinamilkofficial/videos/1038259764686610/,"Tại 2 ngày diễn ra hoạt động Nạp SuSu Vẽ Hè Kỳ Thú tại tiNiWorld Aeon Mall Hà Đông vừa qua, chúng mình đã bất ngờ với sự góp mặt của Gia Đình Em Bé Nói Tiếng Anh-Minhee. Những thước phim được ghi lại của gia đình, phần nào cũng thể hiện được sự thích thú của bé Minhee và các bạn nhỏ trước những hoạt động mới lạ tại sự kiện. 

Nếu mẹ và bé nào đã bỏ lỡ hoạt động kì này thì đừng lo nhé, cơ hội trải nghiệm tạo Video từ trí tuệ nhân tạo AI, vẫn kéo dài đến hết ngày 10/08/2024 cùng vô vàn phần quà hấp dẫn đang chờ. Nhanh tay tham gia ngay nào!​

#SuSuHero #VeHeKyThu",883,9,14,2024-08-07 12:09:39,Video
https://www.facebook.com/vinamilkofficial/videos/799135775708130/,"Vinamilk Green Farm vừa lên kệ một dòng sản phẩm mới. 
Cao cấp, thuần khiết, chuẩn EU! Đố bạn biết đó là gì?
Comment ngay nhé!
#Vinamilk #greenfarm #vovevigiac",236,27,7,2024-08-07 11:51:43,Video
https://www.facebook.com/vinamilkofficial/posts/pfbid02YK4dV7QCeMSetL6yyJrED29VXFe1kP4qaZ6VBkxi6dqYS8jSH1enwtChaYcFd8Qel,"RINH QUÀ SUSU - RỘN RÃ TRUNG THU 

SuSu/ Hero tặng ngay lồng đèn và mặt nạ biến hình khi mua 01 thùng. Nhanh tay mua ngay SuSu/ Hero để có lồng đèn đón trung thu nàooo!

 Thời gian CTKD Trung thu: Tháng 7 - Tháng 8/2024. 
* Lưu ý: Số lượng quà tặng có hạn và có thể hết trước khi kết thúc chương trình.
* Xem thể lệ chi tiết tại: https://bit.ly/46EZz5m

 Mua ngay tại: https://new.vinamilk.com.vn/collections/sua-chua-uong-va-sua-trai-cay",72,7,9,2024-08-07 07:38:54,Photo
https://www.facebook.com/reel/466659562803026/,It's time to #Vinamilk #VinamilkShopandMore #VinamilkeShop #Vinamilk48 #Tròn_48 #Trọn_Vui,204,4,8,2024-08-07 03:26:06,Video
https://www.facebook.com/vinamilkofficial/posts/pfbid02MYGkTeZZScuVtCyRee8xvEDpAX3eNhhQTLGpowZkAXH79dBXJxr9sZFdL6fho9idl,"BA MẸ ƠI! ĐẾN VNVC TIÊM CHỦNG, CÓ SẴN PROBI CHỜ!
""DỐC RUỘT"" CHĂM SÓC BÉ!

Vinamilk Probi với hàng tỷ lợi khuẩn L.CASEI 431™ được chứng minh giúp giảm 40% số ngày mắc cảm cúm và tăng 30% Kháng thể IgG khi kết hợp cùng vắc xin cúm, nay đã có mặt tại hệ thống tiêm chủng VNVC!
Hoạt động thuộc chương trình hợp tác chiến lược giữa Vinamilk và VNVC, nhằm hướng đến mục tiêu vì sức khỏe và dinh dưỡng cộng đồng. Ba mẹ cùng đến VNVC để tiêm chủng, thưởng thức Probi miễn phí và nhận ngay voucher mua sắm nhé!
#VinamilkProbi #VNVC",770,124,27,2024-08-06 19:52:17,unknown
https://www.facebook.com/vinamilkofficial/posts/pfbid031f1i1VJSGTxkkwyWLh8c6MRA9sB99vgJv4i3KmXpW82mCov4Nz2SjZW6kd5B5ok4l,"HƠN 1000 HOẠ SĨ NHÍ CÙNG SUSU HERO BIẾN HÈ KỲ THÚ THÀNH SỰ THẬT

Cùng SuSu Hero nhìn lại những khoảnh khắc siêu đáng yêu và hào hứng của các bé khi trải nghiệm các trò chơi công nghệ mới tại 2 ngày diễn ra hoạt động: ""Nạp SuSu, Vẽ Hè Kỳ Thú"" tại Hà Nội thôi nào!!!

Nếu bé đã bỏ lỡ cơ hội trình chiếu hình ảnh mùa hè sống động của mình trên màn hình lớn tại tiNiWorld, thì SuSu Hero vẫn còn Chương trình tạo video bằng cỗ máy AI Mùa Hè Kỳ Thú sẽ kéo dài đến hết ngày 10/08 chờ bé tham gia nhận quà đó.​
Nhanh tay lên, tham gia ngay thôiii!!!
#SuSuHero #VeHeKyThu",567,19,5,2024-08-06 12:18:28,unknown
https://www.facebook.com/vinamilkofficial/posts/pfbid035NhhcXGDxNSi8AjeqH9FYqvQMeC6jfd3UgyensR6JR3EeMN9oKh19Hy2xc9pFmaal,"Em dừa hot quá phải lên bài cho “dừa” kịp lúc! 

 Sữa tươi Vinamilk 100% Dừa mới toanh đã điểm danh lên kệ ở các cửa hàng Vinamilk toàn quốc rồi. Thử ngay bạn ơi!

 Xem danh sách cửa hàng tại đây: https://bit.ly/4dbdYsi

#vatmoingay #tuoimoingay #suatuoi100 #vinamilk",6329,357,142,2024-08-06 04:44:39,Photo
https://www.facebook.com/vinamilkofficial/posts/pfbid029RWG7UqqP4arEWzvvTqJboF2PpLeagD1DPFwcicK7bPNi1QyTjuZBxQxfovjaDtvl,"""CƯNG"" SỮA BỊCH SUỐT CẢ MÙA HÈ 

Dù những ngày hè có oi ả hay lâm râm mưa, bạn vẫn luôn có thể trữ sữa đúng cách với bộ 3 tips ""Sữa bịch sẵn sàng"" sau đây: 
 Bảo quản nơi khô ráo, thoáng mát, tránh thấm nước
 Không chồng thùng lên nhau quá 9 lớp, cũng như tránh chất đồ khác lên thùng.
 Cần tư vấn gì cứ ""alo"" hotline 1900636979  để Vinamilk tư vấn ngay liền bạn nghen.

Đừng quên ghé nhận ưu đãi sinh nhật Vinamilk DÀNH RIÊNG cho bạn: https://bit.ly/3LU5edX

#SữaDinhDưỡngVinamilk #Vinamilk",63,4,3,2024-08-05 21:10:50,unknown
https://www.facebook.com/vinamilkofficial/videos/357135134157949/,"ỦA SỮA TƯƠI ĐÓNG HỘP NHANH THÌ SAO LẠI TƯƠI HƠN TA?

 Bạn biết không, sữa tươi mới vắt càng để lâu ngoài môi trường, vi sinh vật càng xâm nhập ảnh hưởng đến độ tươi và chất lượng của sữa.

Bởi vậy sữa vắt xong là Vinamilk 100% đóng hộp tíc tắc, 1 giây xong ngay 7 hộp, không để vi sinh vật có cơ hội xâm nhập đâu nha.

100% tươi là chân ái dành tặng bạn. Mời mẹ và bé thử ngay nha.

#vatmoingay #tuoimoingay #suatuoi100 #vinamilk",3122,266,27,2024-08-05 13:37:01,Video
https://www.facebook.com/vinamilkofficial/posts/pfbid0i3a87AAWf8wdv1dRG8mseWE2jY2kcgUAcTdWXrPJe4S4QaPjnNNrrK9R16wJh25Vl,"MẸ CÓ BIẾT MÙA HÈ CỦA CON CÓ THỂ TRỞ NÊN SỐNG ĐỘNG NHƯ THẾ NÀO KHÔNG?​

Hãy để bé vẽ ra mùa hè mong ước và dùng cỗ máy AI của SuSu Hero biến bức vẽ thành video sống động như bé thật sự được trải nghiệm mùa hè kỳ thú ‍♂️‍♂️‍♀️​

Đã có hơn 1000 bé thể hiện tài năng hội họa của mình và biến mùa hè trong mơ thành sự thật rồi đấy!! Các mẹ và bé hãy nhanh tay tham gia ngay nào!!!  ​

 Giải thưởng cực hấp dẫn vẫn đang đợi bé: 
✨ 05 GIẢI NHẤT: Mỗi người sẽ nhận được 01 Xe đạp SuSu Hero ​
✨ 10 GIẢI NHÌ: Mỗi người sẽ nhận được 01 Tên lửa nước siêu tốc ​
✨ 180 GIẢI BA: Mỗi người sẽ nhận được 01 voucher Vinamilk tại Giấc Mơ Sữa Việt trị giá 100.000 ​
​
⏰ Thời gian: 28/07/2024 - 10/08/2024​
#SuSuHero #VeHeKyThu",100,40,8,2024-08-04 09:03:42,unknown
https://www.facebook.com/reel/837927378304664/,"Đây là cách thể hiện đam mê với #Vinamilk #GreenFarm mà không cần nói bằng lời!
Bấm để lấp đầy tủ lạnh sự sóng sánh mát lành: https://bit.ly/3UBgpNL
#suatuoihutchankhong  #vovevigiac",137,2,7,2024-08-03 04:30:24,Video
https://www.facebook.com/reel/960446242549363/,"5 tháng tinh chỉnh, 1 hương vị chinh phục top 1% đầu bếp!
Chỉn chu cho từng công đoạn dù là nhỏ nhất, Vinamilk đã mất 5 tháng chỉ để tinh chỉnh bar áp suất hút chân không. Nhờ đó, Vinamilk thành công tạo ra sữa đúng độ tươi, béo, êm, ngọt đạt chuẩn, chinh phục top 1% đầu bếp thế giới! 
#Vinamilk #GreenFarm #Suatuoihutchankhong #Vovevigiac",104,8,11,2024-08-02 15:54:14,Video
https://www.facebook.com/vinamilkofficial/videos/1832402633949688/,"5 tháng tinh chỉnh, 1 hương vị chinh phục top 1% đầu bếp!
Chỉn chu cho từng công đoạn dù là nhỏ nhất, Vinamilk đã mất 5 tháng chỉ để tinh chỉnh bar áp suất hút chân không. Nhờ đó, Vinamilk thành công tạo ra sữa đúng độ tươi, béo, êm, ngọt đạt chuẩn, chinh phục top 1% đầu bếp thế giới! 
#Vinamilk #GreenFarm #Suatuoihutchankhong #Vovevigiac",122,2,8,2024-08-02 12:18:02,Video
https://www.facebook.com/vinamilkofficial/posts/pfbid0gmxrfKqK6ecLVUxfTfMBuQ4fs5DzUyy9WsaPC3Nr65CWKYvn7PhDecMQvEtWQfpcl,"Thương nhiều, nghĩ nhiều, làm nhiều!",612,29,160,2024-08-02 00:43:00,unknown
https://www.facebook.com/vinamilkofficial/videos/747277074095136/,"ĐEM CÁC BỨC TRANH CỦA BÉ RA ĐỜI THẬT CÙNG SUSU HERO!
DUY NHẤT 2 NGÀY TẠI TINIWORLD AEON MALL HÀ ĐÔNG​

 Lần đầu tiên, SuSu Hero mang đến cơ hội trải nghiệm công nghệ 3D Mapping Motion và Trí tuệ nhân tạo Ai - trình chiếu sống động các hình vẽ sáng tạo của bé ngay tại sự kiện ""Nạp SuSu, Vẽ Hè Kỳ Thú""

️ Ngoài cơ hội trải nghiệm công nghệ mới, SuSu và Hero còn nhiều hoạt động tương tác cực vui khác như: vẽ tranh hè sáng tạo, tham gia minigame online săn xe đạp đèn Led xịn sò, trải nghiệm sản phẩm mới, cũng như đừng quên check in để nhận được những phần quà hấp dẫn khác nhé! ​
-------------------------------------------------​
KHÁM PHÁ THẾ GIỚI KỲ THÚ CỦA SUSU HERO​
⏰ Chương trình chỉ diễn ra duy nhất vào ngày 03 & 04/08/2024 ​
Địa điểm: tiNiWorld (Aeon Mall Hà Đông). ​

#SuSuHero #VeHeKyThu",158,9,4,2024-08-01 13:07:58,Video
https://www.facebook.com/vinamilkofficial/posts/pfbid0hnpyzZdqVLK62X8THEYQgmKWZ9y6iFLZUinuapPD3MnasHrfupogGsrXskvARuNcl,"⚡️ UỐNG SUSU HERO – SĂN APPLE WATCH CỰC XỊN !!!

Chúc mừng các khách hàng đầu tiên MAY MẮN – TRÚNG APPLE WATCH CỰC XỊN.

Chỉ với thao tác MUA NGAY SUSU/ HERO và săn thẻ may mắn trong mỗi lốc là các bé đã có cơ hội trúng Apple Watch rồi, đơn giản quá đúng không nàooo. 

Nhanh tay săn ngay thẻ Apple Watch để trở thành những khách hàng may mắn tiếp theo nhaaa, số lượng quà tặng có hạn!

 Các mẹ có thể mua sản phẩm ngay tại đây: https://bit.ly/susuhero29-05",71,8,11,2024-07-31 07:21:33,unknown
https://www.facebook.com/vinamilkofficial/videos/449257624600468/,"Thử làm Floral Matcha Latte tại nhà với foam sữa mịn màng ko cần đến KEM TƯƠI! 
Tủ lạnh nhà bạn chỉ cần:
200ml Sữa tươi thanh trùng Vinamilk Green Farm
1 muỗng cafe Matcha
1 nhúm nhỏ trà hoa đậu biếc
80ml nước nóng 80 độ 
Siro bắp & hoa trang trí 
Lưu ý: Chỉ cần hâm nóng sữa ở 50-55 độ & dùng que tạo bọt để tạo ra lớp foam bông mịn.

#Vinamilk #GreenFarm #Taobotminmang #suatuoihutchankhong",52,3,45,2024-07-30 01:35:08,Video
https://www.facebook.com/vinamilkofficial/posts/pfbid0hn4eK9MQzHg9a5gPJWag7vwwfQ5i5JQefLHA7dLCtdxd526BWBwnTt44tmiSV1RUl," CẮT ĐÔI NỖI SẦU XONG THÌ MÌNH NẠP SUSU VẼ HÈ KỲ THÚ NHA​

Chắc hẳn các bé đã quá quen với “cắt đôi nỗi sầu, anh buông tay cắt đôi nỗi sầu,.."" của Tăng Duy Tân đúng không nào!!! Hiện MV đã thành hit Youtube với cột mốc hơn 100 triệu lượt xem rồi đấy! ​

SuSu đã nhanh tay cho ra lò một phiên bản mùa hè ""hết sầu"" và siêu sinh động với những chuyến phiêu lưu kỳ thú cùng sự góp mặt của Lê Bống, Phong Cận và Sammy Đào nè các bé ơi!!!!​

Xem ngay xem liền nha !!! ​
#SuSuHero #VeHeKyThu",6031,351,47,2024-07-29 07:02:59,Photo
https://www.facebook.com/vinamilkofficial/videos/845032450504395/,"[MINIGAME] SỮA TƯƠI VINAMILK 100% - TƯƠI VÌ ĐÂU, TƯƠI VÌ GÌ?
ĐOÁN ĐÚNG TRÚNG LIỀN QUÀ TƯƠI!​

Quá trời đơn giản, chỉ với 3 bước:​
Bước 1: Chụp màn hình 3 bí kíp làm nên sữa TƯƠI cùng xuất hiện trên màn hình
Bước 2: Bình luận ảnh dưới bài đăng kèm một con số may mắn từ 000-999 và @tag thêm 2 người bạn​
Bước 3: Nhấn thích và chia sẻ bài viết này về trang cá nhân ở chế độ Công khai (Public) kèm hashtag: #vatmoingay #tuoimoingay #suatuoi100 #vinamilk​

10 PHẦN QUÀ SIÊU TƯƠI: Mỗi phần giải 03 vé xem phim CGV cho cả gia đình thêm ""tươi mỗi ngày"" hè này!​
Mau mau tham gia ngay nha mẹ ơi!​

Thời gian diễn ra minigame: Từ ngày 28/7/2024 - 4/8/2024​
Xem thêm chi tiết thể lệ tại https://bit.ly/4fagIrc ​

#vatmoingay #tuoimoingay #suatuoi100 #vinamilk #minigame",1237,1428,736,2024-07-28 12:30:50,Video
https://www.facebook.com/vinamilkofficial/posts/pfbid0y7UFsfuydYY4bwgT7oFwPHxJ56VFSVyT6HiCouabWRjydqm3yU7aJdp1hueoX2LLl,"#WorldNatureConservationDay 
VÌ SAO UỐNG SỮA GREEN FARM TỐT HƠN CHO TRÁI ĐẤT?
Mặc dù ngành sữa có chỉ số phát thải carbon tương đối cao nhưng tại Green Farm, Vinamilk luôn nỗ lực hết mình để đưa con số này về mức thấp nhất có thể. Sẽ còn thấp hơn nữa vào tương lai. Chọn sữa tươi Green Farm để giảm thiểu dấu chân carbon của chính bạn nhé. 
#Vinamilk #GreenFarm #suatuoihutchankhong #vovevigiac",63,0,7,2024-07-26 00:15:30,Photo
https://www.facebook.com/vinamilkofficial/videos/2148791875500298/,"Chỉ 40s & hoàn toàn không dùng kem béo hay kem tươi để tạo nên lớp bọt mịn cỡ này!
Comment nếu bạn muốn Vinamilk Green Farm bật mí công thức nhé!
#Vinamilk #GreenFarm #Taobotminmang #suatuoihutchankhong",80,21,4,2024-07-23 12:00:11,Video
https://www.facebook.com/vinamilkofficial/videos/1017578339900050/,"Mềm mịn tựa bông!
P/s: Đố bạn biết lớp bọt sánh mịn này sẽ giữ được bao lâu? 
#Vinamilk #GreenFarm #Taobotminmang #suatuoihutchankhong",83,12,4,2024-07-18 12:00:31,Video
https://www.facebook.com/vinamilkofficial/videos/1146171323165983/,"Hôm nay em mặc áo mới, anh chị em ngó có xinh không nào? 
#SuachuaVinamilk #ThayAoMoi #LongChangThay",1191,587,431,2024-07-17 13:00:36,Video
https://www.facebook.com/reel/476729248305482/,"Đắm chìm trong sự bồng bềnh, mịn màng của #EarthLatte theo công thức được sáng tạo riêng trong #GreenFarmMenu không bạn?

#Maimeuong #Vinamilk #GreenFarm #vovevigiac #TaoBotMinMang",54,3,9,2024-07-16 01:02:02,Video
https://www.facebook.com/vinamilkofficial/videos/1560904287825910/,"Đoán xem ai có vỏ mới keng dù gương mặt rất thân quen?
Đã lên kệ rồi, bạn đã thấy chưa?

#Probi #Vỏmớikeng #Ruộtkhôngđổi",1089,116,54,2024-07-19 13:32:02,Video
https://www.facebook.com/vinamilkofficial/videos/846232413602749/,"⏰ Vắt tíc tắc, đóng hộp ngay, luôn trong ngày, 100% tươiiiiii!

Nhanh từng phút, kĩ từng giây, đến tay bạn sữa vẫn cứ là tươi mãi thoai. 
100% là lời hứa sữa tươi mỗi ngày dành cho bé. Thử ngay mẹ ơi!

#vatmoingay #tuoimoingay #suatuoi100 #vinamilk",1767,233,41,2024-07-11 13:00:58,Video
https://www.facebook.com/reel/2253008881713476/,"Tò mò về kỹ thuật tạo hình Latte Art của Thanh Anh - Best Impression #AsiaLatteArtBattle 2024?
Xem ngay màn trình diễn 20s của Barista tài năng này nhé!
#TaoBotMinMang #Maimeuong #Vinamilk #GreenFarm #vovevigiac",52,2,2,2024-07-11 01:00:26,Video
https://www.facebook.com/reel/1220903672409242/,"Sao 1 món đơn giản mà lại béo thơm, sánh mịn đến thế? 
Khám phá bí kíp của Nguyễn Hoàng Minh Luân ở giây 15!

#TaoBotMinMang #GreenFarmMenu #Maimeuong #Vinamilk #GreenFarm #vovevigiac",72,7,7,2024-07-09 01:00:53,Video
https://www.facebook.com/reel/1159643595367618/,"Cái tuyệt vời nhất của mùa hè là một cơn mưa rào, cái tuyệt thứ hai là giữa trưa nắng chang chang được thưởng thức một ly Trà Ổi Hồng Muối Ớt chua cay mặn ngọt hài hoà, giải khát thổi bùng vị giác. Hãy cùng chúng tôi làm nên món thức uống tuyệt vời này với 4 nguyên liệu đơn giản, trong đó không thể thiếu Vfresh Ổi hồng vị thơm lôi cuốn, bổ sung Vitamin C tự nhiên cho những trưa hè nóng bức. #Vfresh #2KgTraiCayTuoi #100That0Cuc",55,7,7,2024-07-07 06:48:32,Video
https://www.facebook.com/reel/445286904938952/,"Hôm nay #GreenFarmMenu có món gì dành riêng cho #CoffeeLovers ?
Bật mí, vẫn là Latte béo mịn nhưng có hương vị quyến rũ nhẹ nhàng của hoa!
#TaoBotMinMang #Vinamilk #GreenFarm #vovevigiac",65,4,3,2024-07-04 01:00:39,Video
https://www.facebook.com/vinamilkofficial/posts/pfbid02CzgEjBDQLfUuNg59u4bZ7GbUX4YMFVCJTDQytbEPBYfZLdwcUNd4G9xq1V1H3hd5l,"SỮA TƯƠI VINAMILK 100% - bí mật ẩn sau 100% TƯƠI từ quy trình chính là:

100% sữa tươi vắt và đóng hộp mỗi ngày.  
100% an toàn, tinh khiết
100% không dùng chất bảo quản.

Giờ Mẹ đã biết thế nào mới là sữa tươi thiệt tươi rồi nha. Hãy tự thưởng ngay cho mình và cả nhà mỗi người một hộp thôi.

#vatmoingay #tuoimoingay #suatuoi100 #vinamilk",2687,314,44,2024-07-03 07:04:03,unknown
https://www.facebook.com/reel/323359814169307/,"Lần đầu tiên vẻ đẹp của ánh hoàng hôn gói trọn trong ly Mocktail của nhà Vfresh. Hãy cùng chúng tôi thưởng thức Mocktail Hoàng hôn được chế biến từ Trà hoa đậu biếc và Necta Đào thơm lừng chín mọng, lấp lánh yêu chiều tâm hồn bạn. #Vfresh #2KgTraiCayTuoi #100That0Cuc",71,10,2,2024-07-02 13:07:27,Video
https://www.facebook.com/reel/442068585402886/,"Mùa hè, kem và trái cây tươi quả là một sự kết hợp không thể chối từ. Thử ngay Cam bóng tuyết là sự hoà quyện giữa cảm giác mát lạnh của kem đá tuổi thơ cùng Nước cam Vfresh chua ngọt lôi cuốn bừng sáng ngày hè của gia đình bạn. #Vfresh #2KgTraiCayTuoi #100That0Cuc",58,12,7,2024-06-29 16:41:21,Video
https://www.facebook.com/reel/2631980086961657/,"#GreenFarmMenu
Quán quân Vietnam National Barista Championship Nguyễn Hoàng Minh Luân  mất 10 tiếng để tạo ra Avocado Latte! 
Còn bạn chỉ cần dành 1 phút để sở hữu công thức này! Thử ngay?
#Maimeuong #Vinamilk #GreenFarm #vovevigiac #TaoBotMinMang",63,2,1,2024-06-29 12:34:47,Video
https://www.facebook.com/reel/1181201693083247/,"Lớp nền sữa sánh mịn là chất liệu sáng tạo tốt nhất cho Quán quân của #AsiaLatteArtBattle!
Bấm xem ngay màn trình diễn của Chris Phạm nhé!
#TaoBotMinMang #Vinamilk #GreenFarm #Suatuoihutchankhong #Vovevigiac",93,1,2,2024-06-28 04:01:02,Video
https://www.facebook.com/reel/1236655127483922/,"Trà nho đá tuyết mát lạnh mùa hè chỉ với 3 nguyên liệu vô cùng đơn giản. Thử ngay cùng Nước ép Vfresh được làm từ 2,0kg nho tươi thơm ngon dịu ngọt. #Vfresh #2KgTraiCayTuoi #100That0Cuc",65,6,4,2024-06-27 12:50:34,Video
https://www.facebook.com/reel/503162125718658/,"Trước lạ nhưng sau thì mê!
Dù không hề quen thuộc với Vinamilk Green Farm, nhưng @coffee_monster_jay vẫn thể hiện xuất sắc trong phần trình diễn Latte Art của mình & giành chiến thắng với vị trí Top 3! 
Cùng xem @coffee_monster_jay chia sẻ cảm nhận ngay sau cuộc thi về trợ thủ sáng tạo - Sữa tươi thanh trùng Vinamilk Green Farm nhé!

#Vinamilk #Greenfarm  #taobotminmang #suatuoihutchankhong #vovevigiac",47,8,5,2024-06-27 01:00:58,Video
https://www.facebook.com/reel/834821715239360/,"Kỹ thuật hay chọn thật kỹ nguyên liệu sáng tạo mới là bí kíp của ly Latte Art hoàn hảo?
Xem ngay Quán quân cuộc thi Asia Latte Art Battle Chris Phạm  bật mí câu trả lời nhé!
#Vinamilk #GreenFarm #taobotminmang  #Suatuoihutchankhong #Vovevigiac",50,0,4,2024-06-26 05:00:59,Video
https://www.facebook.com/reel/468271912564120/,"Top 5 barista tài năng nhất của cuộc thi #AsiaLatteArtBattle cuối cùng đã lên tiếng về trợ thủ sáng tạo của họ!
Tò mò không? 
Xem ngay bạn nhé! 
P/s: Cảm ơn @coffee_monster_jay,  Dario Pieber , Chris Phạm, @phananh1406 đã dành trọn sự yêu mến cho sữa thanh trùng Green Farm!
#TaoBotMinMang #Vinamilk #GreenFarm #Suatuoihutchankhong #Vovevigiac",63,1,7,2024-06-25 13:00:39,Video
https://www.facebook.com/vinamilkofficial/videos/835211098549519/,"Khoảnh khắc nứt vỏ là ""thông điệp vũ trụ"" thiên nhiên báo hiệu dinh dưỡng và hương vị của hạt đã đạt đến độ chín muồi, ngon nức nở.

Còn khoảnh khắc bạn đọc được dòng tin này là thông điệp từ Vinamilk cho biết, sữa 9 loại hạt bạn mê đã nứt vỏ ra bao bì mới, vị ngon y nguyên.

✨ Mê nức lòng: https://bit.ly/Sua9HatVinamilk-1107

#VinamilkSuahat #Sua9loaihat",1133,126,31,2024-06-25 12:00:27,Video
https://www.facebook.com/vinamilkofficial/posts/pfbid0M6wH7rN1VNabtGKNbjCstsESuH4wyg8hqccMGT9nGMnn5Q7YJcbep3RRcmowT6ybl,"KHÁM PHÁ MÙA HÈ KỲ THÚ CÙNG SUSU HERO​

✨Lên rừng xuống biển, khám phá bao trải nghiệm hấp dẫn để vẽ nên mùa hè kỳ thú cùng SuSu Hero, Tăng Duy Tân, Lê Bống, Hero Team và những người bạn thôi nào!!! ​

MV ra lò rồi, xem ngay cho nóng nhé!​
​
Đặc biệt đừng quên đón chờ đón những hoạt động thú vị khác cũng như những món quà mùa hè SuSu Hero chỉ dành tặng riêng cho các bé thôi đó !!! ​

#SuSuHero #VeHeKyThu",81,6,6,2024-06-22 23:30:33,GenericAttachmentMedia
https://www.facebook.com/vinamilkofficial/videos/1057728009048761/,"Cho bé “TƯƠI MỖI NGÀY” cùng Sữa tươi Vinamilk 100%

Mời mẹ và bé cùng ghé chơi Thế giới tươi Vinamilk 100%, nơi có sữa tươi ngon, nhạc tươi vui cùng những bạn bò quen thuộc. Giai điệu tươi quá tươi hứa hẹn sẽ trở thành nhạc phẩm được ưa chuộng trong thời gian tới. 

 Hôm nay, nhà bạn đã thưởng cho mình một hộp Sữa tươi Vinamilk 100% để được ""tươi mỗi ngày"" chưa?

 #vatmoingay #tuoimoingay #suatuoi100 #vinamilk",8242,1180,189,2024-06-20 11:00:40,Video
https://www.facebook.com/vinamilkofficial/videos/1012406863571093/,"Bạn đã biết bí mật mới nhất của Vinamilk Probi chưa?
#Probi #Vỏmớikeng #Ruộtkhôngđổi",5467,687,150,2024-06-20 07:43:06,Video
https://www.facebook.com/vinamilkofficial/posts/pfbid02zET4cGipRDqadTpseHoBD6bSDgpZkwZAhqHJuMPvK97XCFDLoiGPcefasYJyGFDYl,"Còn nhiều quà đang đợi bạn đến đổi lắm. Bạn đã gom được bao nhiêu vỏ hộp rồi, nhanh tay lên vì chương trình đổi quà chỉ diễn ra đến hết 15/7. 

#Vinamilk #VoXinhDuocTaiSinh",429,84,28,2024-06-19 11:22:47,unknown
https://www.facebook.com/vinamilkofficial/posts/pfbid0RVcbpUQST6icNz14X6FdBHFHXaWHLUJRVBLh41XZy22eBgmM52SChSTkZZ9jEe5Cl,"✨ CÙNG YOMILK NHÌN LẠI NHỮNG KHOẢNH KHẮC ĐÁNG NHỚ TẠI NHỮNG THÀNH PHỐ MƠ MÀNG SÀI GÒN 2024 ️️

Cư dân Sài Gòn ơi, thứ 7 vừa rồi các bạn quẩy có vui không ạ. Còn Yomilk thì đang ước gì có cỗ máy thời gian để quay lại Sài Gòn ngày hôm đó, để đắm chìm trong cảm xúc thăng hoa với âm nhạc một lần nữaaaa…. 

Hãy cùng Yomilk ngắm nhìn lại những hình ảnh tuyệt vời tại Những thành phố mơ màng – Summer Tour 2024 nhé! 

#Yomilk #NTPMM2024",116,14,5,2024-06-18 15:02:29,unknown
https://www.facebook.com/vinamilkofficial/posts/pfbid0PVrN3ePLNu18zo63b2EdmhcETqaKNh9RB1XC2ZkUN33Dj1RGLpjciZauJSHvM4dsl,"GHÉ CỬA HÀNG QUEN
MUA SỮA ÍT ĐƯỜNG LÀ CÓ QUÀ

 Vinamilk mời bạn ghé thăm chị chủ cửa hàng sữa thân quen tháng 6 này, ủng hộ chị thùng Sữa Dinh Dưỡng Vinamilk Ít đường và nhận quà thiết thực nha!

 Bổ sung Vitamin A, D3 & Canxi cùng Chất xơ hòa tan giúp ""Mắt Sáng, Bụng Êm, Xương Khỏe"", Sữa Dinh Dưỡng Vinamilk ít đường tuy giảm đường nhưng vẫn giữ được vị sữa thơm đậm đà, không quá nhạt miệng, phù hợp để mẹ tập cho bé thói quen giảm đường đó nha! 

Rất mong được đón bạn tại cửa hàng tạp hóa trên toàn quốc! 

*** Thông tin chi tiết chương trình khuyến mại*** 
➤ Chương trình áp dụng đến 30.6.2024 hoặc khi hết quà tặng trên toàn quốc: tại các cửa hàng tạp hóa, siêu thị, cửa hàng Vinamilk và trên website chính thức của Vinamilk. Quà tặng khác nhau ngẫu nhiên theo khu vực và địa điểm mua hàng, quà tặng có thể thay đổi do số lượng có hạn.
➤ Thông tin chi tiết vui lòng tham khảo: https://bit.ly/KDFINO-0624
➤ Mua Online tại: https://bit.ly/FINO-1806
Hình: Vinamilk x Ở Đâu Cũng Chụp",4068,419,14,2024-06-17 18:42:10,Photo
https://www.facebook.com/vinamilkofficial/posts/pfbid024g5SgMQE2ywcAqx91Em3DvXF2UYgRvxd2nbi7eJZtUCfnFHRBDYcShz3bpXdqvD7l,"✨ĐẾN VINAMILK QUẬN 10: NGÀN QUÀ ĐANG ĐỢI, GHÉ CHƠI BẠN ƠI!

Đến check-in cửa hàng Vinamilk Tô Hiến Thành Quận 10 - Vui là ""chín"" nhưng rinh quà là ""mười""! Nhớ ghé 405 Tô Hiến Thành thật sớm từ 11:00 ngày 15/6 và đừng quên bỏ túi “bí kíp” dưới đây để rinh trọn bộ quà hấp dẫn từ chương trình khai trương cửa hàng Vinamilk:​

 Check-in tại bất kỳ góc nào trong gian hàng rực rỡ để rước ngay 25 Hộp quà Probi ""Cân Ngàn Điều Nặng"" 
 Mang e-gift Voucher để đổi ly sứ Vitamin C tươi rói
 Ghé quầy bar để thưởng thức 2000+ ly Kem sữa chua tươi Vinamilk và Slush trái cây miễn phí
 Bỏ vào giỏ những sản phẩm dinh dưỡng cho người thân và chính mình, nhận thêm ngàn quà tặng cho đơn từ 300K. Cứ mua là có quà!

 Tranh thủ ghé thăm nhà Vinamilk tại  405 Tô Hiến Thành (Q.10, TP.HCM) để đón hè khỏe khoắn cùng vô vàn những ưu đãi hấp dẫn nhé!

#Vinamilk #VinamilkShopandMore #VinamilkToHienThanh #HeDayApTuoiVui #Đón_Hè_Dinh_Dưỡng #Đầy_Ắp_Tươi_Vui",325,48,23,2024-06-16 22:21:52,unknown
https://www.facebook.com/vinamilkofficial/posts/pfbid0JB7crhkTsib21LsW1ZhhwPuxRxW1tJg5U23hts315nJg2vgJ3p3NvM67BzccNKopl,"SẮM PROBI THẢ GA, CỨ MUA LÀ RINH QUÀ​
 Từ ngày 01/05 - 30/06/2024, khi mua sản phẩm Probi tại các chuỗi siêu thị hoặc cửa hàng Vinamilk, các ngoan xinh iu sẽ nhận ngay nhiều phần quà hấp dẫn:​

 Tặng ngay 1 trong các quà tặng sau:
 Đồ chơi Rubik 3D​
 Hộp nhựa 500ml​
Khi mua 3 lốc Probi các loại sau:
✅ Probi Pedia+ 65ml​
✅ Probi Vị Dâu 65ml​
✅ Probi Light 65ml ​

 Tặng ngay 1 trong các quà tặng sau:
 Chén sứ 
 Ly thủy tinh
Khi mua Probi các loại sau:
✅ 4 lốc Probi Happi 130ml
✅ 4 chai Probi 400ml 
✅ 3 chai Probi 700ml ​
​
Số lượng quà tặng có hạn, nhanh ra cửa hàng mua ngay Probi để không bỏ lỡ những phần quà xinh nhé mọi người ơiii ​
​
#Vinamilk #VesiProbi #Tangcuongdekhang #Moingay2chai #VinamilkProbi",176,11,10,2024-06-16 02:01:34,unknown
https://www.facebook.com/vinamilkofficial/posts/pfbid0P9DChLjvuzhtm4iG8X3DziR7cmyxV4ZNcwBuLrLJvvJYyFBWrfpcnnq9Hm92Y7pol,"Cửa hàng mới tinh, mời bạn ghé sắm!  

Vinamilk - Shop & More 

#Vinamilk #VinamilkShopandMore #VinamilkToHienThanh #HeDayApTuoiVui",398,23,4,2024-06-15 05:41:15,unknown
https://www.facebook.com/vinamilkofficial/posts/pfbid02MJwykvV4BHudgxRzAVyLJjUfEzHqtKjy6whSGSmXhKV5dTgDv3UPBzERwcqrpiDwl,"Tại Vinamilk, chúng tôi tin vào sức mạnh vô tận của mỗi cá nhân. Bạn chính là người làm nên điều kỳ diệu và lan tỏa tinh thần đó đến gia đình, bạn bè.

Chúc mừng Nguyễn Trần Duy Nhất và hành trình đưa Muay Thái Việt Nam ra thế giới!",106,6,4,2024-06-14 09:20:57,Photo
https://www.facebook.com/vinamilkofficial/videos/7973144416105495/,"LOA LOA: GHÉ VINAMILK SẮM PROBI SĂN QUÀ XINH NÀO CẢ NHÀ ƠII ​

Cửa hàng khang trang mở cửa, Probi ""ruột"" ưng bày trên kệ, quà xinh chuẩn bị đủ, nhân viên sẵn sàng đón khách - chỉ còn chờ bạn iu tới thôi nè ​
 Nhanh ghé Vinamilk để mua sắm và nhận nhiều ưu đãi hấp dẫn từ Probi nha bạn ơi!​

Tìm hiểu thêm tại: https://bit.ly/3Ks8895​

#Vinamilk #VesiProbi #Tangcuongdekhang #Moingay2chai #VinamilkProbi",138,7,12,2024-06-13 13:00:39,Video
https://www.facebook.com/vinamilkofficial/videos/2412152495645130/,"Dòng sữa đầy đặn, mượt mà, mang hương vị thổ nhưỡng của cánh đồng sinh thái với 5 KHÔNG!
Thử kết hợp ngay, đắm say với nhiều thức uống: ngọt ngào cookies bơ, béo bùi latte nóng, đậm đà ca cao thơm!

#Vinamilk #Greenfarm #suatuoihutchankhong #vovevigiac",77,8,10,2024-06-12 13:00:32,Video
https://www.facebook.com/vinamilkofficial/posts/pfbid02qx2xDW18gZV5vMbMn5NjLcpC5v5J1SkNKgcGoyT3mrTmxCJFgVQiBiL5sFeXJQzjl,"✨ HÀNG LOẠT KOLs ĐÃ GHÉ CỬA HÀNG “RUỘT” SẮM PROBI SĂN QUÀ SIÊU IUU ✨​

Theo chân chị đẹp Trang Pháp, nhiều KOLs cũng đã cùng nhau ghé cửa hàng Vinamilk Tân Trào để vừa trải nghiệm mua sắm trong không gian hiện đại, vừa rinh ngay những phần quà siêu đáng iu từ Probi nè  ​

Từ 1/5 - 30/6/2024, Probi đang có chương trình tặng quà hấp dẫn:​

  Mua 3 lốc Probi Pedia+ hoặc Probi vị dâu hoặc Probi Light 65ml  Tặng 1 đồ chơi Rubik 3D hoặc 1 hộp nhựa Inochi 500ml​

   Mua 4 lốc Probi Happi 130ml hoặc 4 chai Probi 400ml hoặc 3 chai Probi 700ml  Tặng 1 chén sứ hoặc 1 ly thủy tinh Vinamilk​

 Mua sắm để nhận quà thật ""iu"" tại: https://bit.ly/3Ks8895 ​

Nhanh chân ghé cửa hàng hoặc truy cập website để mua sắm và không bỏ lỡ ưu đãi từ Probi bạn nhé! ​
​
#Vinamilk #VesiProbi #Tangcuongdekhang #Moingay2chai #VinamilkProbi",605,30,11,2024-06-11 21:00:49,unknown
https://www.facebook.com/reel/3090277187769994/,"XANH MƯỚT LƯỚT NGÀY HÈ VỚI PROBI LIGHT  Công thức bụng khoẻ đón hè với Probi thanh nhẹ ít đường kết hợp cùng kiwi xanh mát mắt, thử ngay chờ chi 
 
#Vinamilk #CafeShow #SangtaocungVinamilk #Probiitduong",68,10,9,2024-06-11 05:01:06,Video
https://www.facebook.com/vinamilkofficial/posts/pfbid02nWHj4pbLhEhwxav1uHdrZtkhENeSECFiC9H4gjbZt7tRSpJhUU3RqL9bkZQUPiwbl,"QUÀ TỚI, QUÀ TỚI, MUA NGAY SỮA TƯƠI VINAMILK 100% ÍT ĐƯỜNG!

⚡ ""HOT"" hơn cả mùa hè năm nay - chỉ có thể là loạt quà tặng khuyến mãi cực xịn khi mua Sữa Tươi Vinamilk 100% Ít Đường.

 Mua ngay sữa tươi ngon, GIẢM HƠN 25%* lượng đường để niềm vui TĂNG gấp bội với Ly cầu vồng thật ""cool“ hoặc Chén sứ cao cấp độc quyền từ Vinamilk.

Áp dụng khi mua 4 lốc 180ml hoặc 6 lốc 110ml Sữa Tươi Vinamilk 100% vị Ít Đường từ nay đến hết 31/08/2024 tại tất cả cửa hàng tạp hóa trên toàn quốc.

Mua ngay mẹ ơi, quà HOT có hạn!

#suatuoi100 #vinamilk #khuyenmai
---------------------------------------------
Tìm hiểu thêm các thông tin về Vinamilk:
Website chính thức: https://new.vinamilk.com.vn/
Fanpage Vinamilk: https://www.facebook.com/vinamilkofficial
Đặt hàng online: https://bit.ly/SữaTươiTiệtTrùngVinamilk100ÍtĐường",112,46,14,2024-06-10 06:55:23,Photo
https://www.facebook.com/vinamilkofficial/posts/pfbid0rhB1tn2GpSvRDsp95UFuqFkExQr1v1koSYKjaDrsHc19KLoHQ3yXV6giSceUcb5Bl,"MUA SỮA BỊCH ÍT ĐƯỜNG LÀ CÓ QUÀ! 

 Vinamilk mến tặng bạn một món quà thiết thực khi mua từ 24 bịch Sữa Dinh Dưỡng ít đường trong tháng sáu này. 

 Sữa Dinh Dưỡng Vinamilk Ít đường bổ sung Vitamin A, D3 & Canxi cùng Chất xơ hòa tan giúp ""Mắt Sáng, Bụng Êm, Xương Khỏe"", giảm đường nhưng vẫn giữ được vị sữa thơm đậm đà, không quá nhạt miệng, bé thích cả nhà ưng!

✨ Rất mong sự ủng hộ của bạn nha! 

*** Thông tin chi tiết chương trình khuyến mại*** 
➤ Chương trình áp dụng đến 30.6.2024 hoặc khi hết quà tặng trên toàn quốc: tại các cửa hàng tạp hóa, siêu thị, cửa hàng Vinamilk và trên website chính thức của Vinamilk. - Quà tặng khác nhau ngẫu nhiên theo khu vực và địa điểm mua hàng, quà tặng có thể thay đổi do số lượng có hạn.
➤ Thông tin chi tiết vui lòng tham khảo: https://bit.ly/KDFINO-0624
➤ Mua Online tại: https://bit.ly/FINO-1006
Hình: Vinamilk x Ở Đâu Cũng Chụp",1132,275,43,2024-06-09 08:49:40,unknown
https://www.facebook.com/vinamilkofficial/posts/pfbid02BJpnJMLEgLrHh3NxixTkaUrNEj2rZcMVaKMPLmKEsMPqWoADhpPc1jW73wuguAq3l,"HÈ ĐÃ ĐẾN - QUÀ CỦA SUSU HERO CŨNG ĐẾN RỒI!! 

Trong ngày hè oi ả, còn gì vui bằng việc Mẹ cùng Bé vừa uống SuSu thạch ngon ngon vừa xem phim hoạt hình SuSu Hero Đại chiến Quái Vật Bụi  

Mẹ cũng đừng quên thu thập ngay thẻ đổi quà trong mỗi lốc sữa để đổi các phần quà hấp dẫn mới xuất hiện nhé!
 6 Thẻ = Bút bi 10 đầu hoặc Lò xò cầu vồng
 12 Thẻ = Hộp bút Lego hoặc Đồ chơi súng bắn bong bóng hoặc Quạt sạc mini cầm tay
 24 Thẻ = Máy chơi trò chơi pop it hoặc Bình nước quạt gió 2 trong 1

Nhanh tay đổi quà vì số lượng quà tặng có hạn đó nha ",96,41,10,2024-06-08 10:43:57,unknown
https://www.facebook.com/vinamilkofficial/videos/7773091926116919/,"SỮA 9 HẠT MỚI NỨT VỎ - VỊ NGON Y NGUYÊN

Vỏ mới tinh, vẫn giữ vị 9 hạt rang thơm béo bùi: hạnh nhân, hạt óc chó, yến mạch, đậu nành, đậu phộng, đậu đỏ, đậu đen, đậu xanh, đậu trắng.

Ngon miệng ưng mắt, top 1 sữa hạt bán chạy nhất Việt Nam.

Vốn đã mê, mời mê thêm: https://bit.ly/Sua9HatMoi

#VinamilkSuahat #Sua9loaihat",1696,158,86,2024-06-07 12:38:15,Video
https://www.facebook.com/vinamilkofficial/videos/988955662610854/,"Cùng ngắm trọn bộ 1000 biểu cảm uống sữa ""siêu cưng"" của elm Pamiuoi!!!

 Thử ngay SỮA TƯƠI VINAMILK 100% NGON để TƯƠI VUI cả ngày như elm nha.

#suatuoi100 #vinamilk #itduong #diunhe",6413,103,35,2024-06-07 07:40:21,Video
https://www.facebook.com/vinamilkofficial/videos/1129614068368814/,"Đâu chỉ đến với 9g đạm thực vật, không đậu nành, vừa giúp dày cơ vừa nhanh tiếp sức, Sữa hạt Cao Đạm mới còn mang theo quà ra mắt.

Trao tay 1 bình nước thể thao cao ráo khi đặt trước 1 thùng Sữa hạt Cao Đạm.

Hết 10.06 là hết quà. Đặt ngay đừng đợi:
https://new.vinamilk.com.vn/products/sua-hat-cao-dam-vinamilk?variant_id=48479201853731

#vinamilksuahat #suahatcaodam #CaoĐạm",104,18,11,2024-06-06 12:38:12,Video
https://www.facebook.com/reel/373649591905435/,"ĐẾM NGƯỢC 30 GIÂY CÓ NGAY MÓN MATCHA DÂU CÙNG PROBI HAPPI ✨ 
Quý lắm Top Barista mới chỉ đó nha, vừa yummy vừa thêm lợi khuẩn cải thiện tiêu hoá hè này.

#Vinamilk #CafeShow #SangtaocungVinamilk #Tottieuhoa #Khoedekhang #ProbiHappi",76,15,6,2024-06-06 12:17:06,Video
https://www.facebook.com/vinamilkofficial/videos/2207704212905780/,"HÀNH TRÌNH BẮT QUÀ BỤNG CƯỜI
“CHECK-IN TỦ SỮA CHUA TƯƠI SẮC”

Wowww! Vinamilk rất bất ngờ vì chỉ 2 ngày diễn ra sự kiện “CHECK-IN TỦ SỮA CHUA TƯƠI SẮC” đã nhận được sự chào đón nồng nhiệt của AEON Long Biên và AEON Bình Tân đấy!

Hãy bấm vào video để cùng Vinamilk và Pamxinhyêu nhìn lại 2 ngày khuấy đảo Bắc Nam nha!

Nhớ ăn sữa chua Vinamilk mỗi ngày để “BỤNG CƯỜI ĐỜI TƯƠI"", xinh yêu nhé

 #BungCuoiDoiTuoi #SuaChuaVinamilkMoiNgay #CheckinTuLanhTuoiSac",757,1192,11,2024-06-06 07:00:22,Video
https://www.facebook.com/vinamilkofficial/videos/1162579594895718/,"Mocha Đá Xay Mát Lạnh Ngày Hè Cùng Ông Thọ Vị Socola Mới 

 Mua ngay Ông Thọ vị Socola để thỏa sức sáng tạo thức uống giải nhiệt ngày hè bạn nhé!

#SữaĐặcÔngThọ #ÔngThọVịSocola #ToppingTuyệtHảoChoMónĂn",55,4,5,2024-06-06 04:05:50,Video
https://www.facebook.com/vinamilkofficial/videos/440576782059224/,"✨ THEO CHÂN TRANG PHÁP GHÉ CỬA HÀNG RUỘT SẮM PROBI NÀO✨

 Nghe dân tình đồn cửa hàng Vinamilk mới ở Tân Trào hiện đại, xịn sò lắm nhưng chưa biết thực hư thế nào? Vậy thì hãy cùng theo chân Trang Pháp đi vòng quanh tất tần tật mọi ngóc ngách tại cửa hàng để khám phá nha!

Bật mí là Vinamilk Tân Trào vẫn đang có nhiều chương trình khuyến mãi siêu hấp dẫn cho các sản phẩm Probi đó! Nhanh chân ghé cửa hàng để được mua sắm và nhận ưu đãi nào mọi người ơii 
 10 Tân Trào, Tân Phú, Quận 7

#Vinamilk #VesiProbi #Tangcuongdekhang
#Moingay2chai #VinamilkProbi",1323,90,43,2024-06-06 04:00:25,Video
https://www.facebook.com/reel/1490798794857648/,"Vinamilk Sữa hạt Cao Đạm mới: không chỉ có 1 mà đến 7 loại hạt. Đặc biệt: không đậu nành!

Đậu Hà Lan chủ đạo, còn có hạnh nhân, đậu phộng, hạt óc chó, đậu đen, đậu xanh, đậu trắng. Một nguồn đạm mới hoàn toàn từ thực vật, vẫn dồi dào đến 9g.

Đạm cao đậm đà, thử ngay có quà: https://new.vinamilk.com.vn/products/sua-hat-cao-dam-vinamilk?variant_id=48479201853731

#vinamilksuahat #suahatcaodam #CaoĐạm",91,6,24,2024-06-05 15:15:19,Video
https://www.facebook.com/vinamilkofficial/videos/374388332308513/,"Vinamilk Sữa hạt Cao Đạm mới: không chỉ có 1 mà đến 7 loại hạt. Đặc biệt: không đậu nành!

Đậu Hà Lan chủ đạo, còn có hạnh nhân, đậu phộng, hạt óc chó, đậu đen, đậu xanh, đậu trắng. Một nguồn đạm mới hoàn toàn từ thực vật, vẫn dồi dào đến 9g.

Đạm cao đậm đà, thử ngay có quà: https://new.vinamilk.com.vn/products/sua-hat-cao-dam-vinamilk?variant_id=48479201853731

#vinamilksuahat #suahatcaodam #CaoĐạm",111,13,22,2024-06-05 15:08:57,Video
https://www.facebook.com/vinamilkofficial/posts/pfbid0YAYd6XRwfNLd9yQebGShd1ZpD4TN6nPgFEyPEJEh472gT1GLxxZAbcrj3vNvveysl,"GHÉ NGAY CỬA HÀNG ""RUỘT""​
SẮM PROBI RUỘT ƯNG ​

Có gì ở Vinamilk Tân Trào mà người người nhà nhà đều mê đắm - rộn ràng rủ nhau đi mua sắm vậy ta??  ​

 Cửa hàng Vinamilk Tân Trào được thiết kế theo giao diện rực rỡ và hiện đại cùng đa dạng gian hàng và sản phẩm cho khách hàng thoải mái lựa chọn mua sắm.​

Cửa hàng hiện đang có rất nhiều chương trình ưu đãi đặc biệt cho các dòng sản phẩm của Probi. Nếu bạn là một “fan cứng” của Probi thì nhanh ghé vào mua sắm và nhận ưu đãi ngay thôi nào! ​

 10 Tân Trào, Tân Phú, Quận 7​
 Ghé mua Vinamilk, nhận quà thật ""iu"": https://bit.ly/3Ks8895​

#Vinamilk #VesiProbi #Tangcuongdekhang #Moingay2chai #VinamilkProbi",624,36,7,2024-06-05 08:34:43,Photo
https://www.facebook.com/vinamilkofficial/videos/722979953170095/,"#WorldEnvironmentDay 
3 năm vun đầy thổ nhưỡng, 500 hecta đất được phục hồi
.
.
...và Vinamilk Green Farm đang tiếp tục làm gì thì mời bạn hãy ngắm nhìn ở đây.
#Vinamilk #GreenFarm #Suatuoihutchankhong #Vovevigiac",445,29,16,2024-06-05 02:00:30,Video
https://www.facebook.com/reel/3457615094385203/,"SODA CHANH DÂY PROBI - NHÌN ƯNG MẮT, UỐNG RUỘT ƯNG 

☝️ Thức uống vừa yummy vừa healthy cho đường ruột, tất cả có trong công thức do đích thân Top Barista pha chế. Thử ngay tay nghề tại nhà chuẩn như Barista! 
 
#Vinamilk #Tangcuongdekhang #Moingay2chai #VinamilkProbi #ProbiLight #Tottieuhoa",58,6,9,2024-06-04 14:26:53,Video
https://www.facebook.com/vinamilkofficial/videos/3626426581006572/,"CHỈ 20s CÓ NGAY LY CÀ PHÊ SOCOLA NGON NGẤT NGÂY, THỬ NGAY

Sữa đặc Ông Thọ vị socola sánh mịn, đậm đà làm cho món cà phê socola thơm ngon và hấp dẫn hơn. 

#SữaĐặcÔngThọ #ÔngThọVịSocola #ToppingTuyệtHảoChoMónĂn",46,1,4,2024-06-04 13:10:18,Video
https://www.facebook.com/vinamilkofficial/videos/774106424834501/,"GIAN HÀNG PROBI THU HÚT HÀNG NGÀN BẠN NHỎ GHÉ CHƠI TẠI MATHNASIUM’S DAY 2024 ✨✨

 Xuất hiện tại 2 sự kiện Mathnasium’s Day TP.HCM và Hà Nội cuối tuần qua, gian hàng Probi đã có màn giao lưu siêu vui nhộn và dành tặng hàng ngàn chai Probi thơm ngon cho các bạn nhỏ. Trong mỗi chai Probi chứa hàng tỷ lợi khuẩn L.casei 431 từ châu Âu giúp tốt cho tiêu hoá, khoẻ đề kháng. Ngoài ra Probi còn có đa dạng hương vị cho các bạn nhỏ tha hồ lựa chọn.

Cùng nhìn lại những hình ảnh sinh động trong sự kiện, vừa nhiều hoạt động hấp dẫn vừa có Probi thơm ngon đủ vị bé thích 

#Vinamilk #VesiProbi #Tangcuongdekhang #Moingay2chai #VinamilkProbi",48,2,6,2024-06-03 13:53:54,Video
https://www.facebook.com/vinamilkofficial/videos/1178790613137325/,"Chăm chút tỉ mỉ để tạo nên sự khác biệt!

Sữa hút chân không Green Farm đã phải vượt qua 200 bài kiểm tra về thị giác, khứu giác, mùi vị, kết cấu, hậu vị & thành phần tự nhiên kéo dài trong 5 tháng để đạt được giải Vàng của Monde Selection - ""Oscar của ngành thực phẩm"".
Mời bạn thử ngay hương vị mà top 1% đầu bếp yêu thích nhé!

#Vinamilk #Greenfarm #suatuoihutchankhong #vovevigiac",85,9,3,2024-06-03 13:00:53,Video
https://www.facebook.com/vinamilkofficial/posts/pfbid0iXrepR13GNKzLFibQC9N7u3JRCwmTmzpApzGDxztxfHGccRBC7eeRBd3X5mB5EFdl,"Tháng 6 là Pride Month.
Tháng nào cũng “tự hào”!
Đồng ý không?",191,16,2,2024-06-03 00:01:35,unknown
https://www.facebook.com/vinamilkofficial/posts/pfbid0378pAY1wVyxwSimhc6Vt4kYC9oeGZxn1aVxrvc7AGq3dNof4dFSFNyfFwFnxPedjCl,"Nhanh trí gom sẵn 8 hộp rồi, giờ chỉ tìm người đi đổi quà chung. Ai muốn lập kèo đổi quà cùng tui nào?",152,59,24,2024-06-02 11:02:18,unknown
https://www.facebook.com/vinamilkofficial/posts/pfbid0nwdLnJEKLxfpbKB1EZtGm7QNriQz5vwA2UjuSbb9BCb2Yaa5YWi3D6hHzm2nx4ixl," NHẮC MẸ: ĐỪNG QUÊN GHÉ GIAN HÀNG PROBI NHẬN QUÀ TẠI MATHNASIUM’S DAY 2024

☀️ Sau TP.HCM, gian hàng Probi sẽ tiếp tục xuất hiện tại sự kiện Mathnasium’s Day Hà Nội với nhiều phần quà sữa chua uống Probi thơm ngon đầy dưỡng chất cho các bạn nhỏ đây!​

 Ngày hội ở Hà Nội diễn ra từ 08:00 - 12:00 ngày 02/06/2024, Trường Peace School - Lô C10/NT2, Khu đô thị Nam Trung Yên, Cầu Giấy​

Đừng quên cho bé ghé gian hàng Probi để nhận những phần quà xinh iu và có một ngày trải nghiệm ngoại khóa thật vui ở Mathnasium’s Day nhé các mẹ ơi! ​

#Vinamilk #VesiProbi #Tangcuongdekhang #Moingay2chai #VinamilkProbi",87,3,15,2024-06-01 22:03:01,unknown
https://www.facebook.com/vinamilkofficial/videos/467787859064712/,"Tự tin cỡ này chỉ có thể là À/L/H/A/N . Kết quả sẽ lên kệ trong 3 ngày nữa!
#vinamilksuahat",67,9,10,2024-06-01 09:03:44,Video
https://www.facebook.com/vinamilkofficial/posts/pfbid02JQSL6Cvohxve2miqr8hZCcWam9BWxcK7s6wuGoejx8oyyd2x8BVWnXa4cN5L3jXpl,"Chung vui cùng các bé ngày Quốc tế Thiếu Nhi nhãn hàng Vinamilk SuSu và Vinamilk Hero mang đến CTKD Tích thẻ đổi quà mùa hè cực hấp dẫn cùng thẻ game Đấu trường Ghép Cây siêu cuốn!!!

Các bé hãy cùng săn ngay thẻ 2 trong 1 xịn xò trong mỗi lốc SuSu hoặc Hero nha!!! Thẻ vừa dùng để đổi quà, vừa dùng để chơi game Đấu trường Ghép Cây cực đỉnh. Nhanh tay sưu tầm thẻ, sau đó cắt phần thẻ đổi quà và tích lại để đổi ngay:

 6 Thẻ = Bút bi 10 đầu hoặc Lò xò cầu vồng
 12 Thẻ = Hộp bút Lego hoặc Đồ chơi súng bắn bong bóng hoặc Quạt sạc mini cầm tay
 24 Thẻ = Máy chơi trò chơi pop it hoặc Bình nước quạt gió 2 trong 1

ĐẶC BIỆT, bạn còn có cơ hội nhận thẻ ĐẶC BIỆT trúng ngay APPLE WATCH cực xịn! Nhanh tay sưu tầm thật nhiều thẻ cùng SuSu Hero và đổi quà cực chất nào!!

Hạn cuối đổi quà thông báo đổi quà:
+ Chương trình Khuyến mại SuSu Hero - Tích Thẻ Đổi Quà: hết ngày 15/09/2024.
+ Chương trình Khuyến dùng SuSu & Hero ""Săn Thẻ May Mắn Trúng Ipad"": hết ngày 31/08/2024.",60,96,7,2024-05-31 23:53:54,Photo
https://www.facebook.com/vinamilkofficial/posts/pfbid0nVrT1EUQQtmnEPwg761mxuFooV1keVfsoqJdeBWqawkj5cxjkDpsLf1tq2iwk6iKl,"1/6 UỐNG SỮA THẢ GA CÙNG VINAMILK. CẢ NHÀ ƠI, ĐẾN CHƠIIIIII

Mời các gia đình đến ngay gian hàng của Vinamilk tại Triễn Lãm Quốc Tế Ngành Sữa lớn nhất Việt Nam để cùng:

Thưởng thức sữa tươi cùng loạt thức uống được biến tấu từ các sản phẩm Vinamilk
 Tha hồ thả dáng check-in vì góc nào cũng xịn
✨ Hoà mình cùng âm nhạc sôi động và các hoạt động tương tác với chú hề, ảo thuật vui nhộn

Ghé chơi ngay cùng Vinamilk bạn nhé!

#Vinamilk #VinamilkNetZero

Địa điểm: Nhà Thi Đấu TDTT Phú Thọ, Số 11, Lữ Gia, Tp. Hồ Chí Minh.

⏰ Thời gian: 
Ngày 01/06: 9h00 – 17h30
Ngày 02/06: 9h00 – 12h00",156,2,9,2024-05-31 14:44:05,unknown
https://www.facebook.com/vinamilkofficial/posts/pfbid0dwVaA7CiyEKsPW4teKsrAD9k6pfN9uzJy4bnVj1a4L8AWxwBVW7TmrXzXWg5P1thl," LOA LOA: PROBI GHÉ MATHNASIUM’S DAY 2024, MANG HÀNG TRĂM PHẦN QUÀ CHO CÁC BẠN NHỎ ĐÂY​

✨ Ngày hội Mathnasium’s Day 2024 sẽ chính thức mở cửa đón hàng trăm bạn nhỏ thông minh, tài giỏi từ mọi nơi tới vui chơi và tham gia nhiều hoạt động siêu thú vị vào cuối tuần này.​

 Hòa chung không khí sôi động này, sữa chua uống men sống Probi sẽ có mặt tại Ngày hội để giao lưu và dành tặng cho các bạn nhỏ những chai Probi thơm ngon - tiếp thêm năng lượng và tinh thần cho các bạn có một ngày ngoại khóa trọn vẹn đó!​

Vậy nên, nếu mẹ có kế hoạch tham gia Ngày hội Mathnasium's Day 2024 đừng quên dẫn bé ghé gian hàng Probi để vui chơi cùng Mascot và nhận những phần quà hấp dẫn từ Probi nhé ​

 Thông tin sự kiện:​
- Ngày 1: 01/06/2024, Công viên Kỳ Hoà (195 Cao Thắng nối dài, Quận 10​)
- Ngày 2: 02/06/2024, Trường Peace School - Lô C10/NT2, Khu đô thị Nam Trung Yên, Cầu Giấy​

#Vinamilk #VesiProbi #Tangcuongdekhang #Moingay2chai #VinamilkProbi",75,4,5,2024-05-31 05:34:15,Photo
https://www.facebook.com/vinamilkofficial/posts/pfbid0aPJdRUGED54w265FuRrzB4XwdydS146E1hetznrsWEYQYztzsw9EopjrrJitQNNpl,"CHỈ CÒN 2 NGÀY THAM GIA SỬ DỤNG MẪU CAPCUT CÙNG SUSU - HERO!!!​
​
Mẹ và các bé hãy cùng Pam iu ơi tham gia biến hình Capcut cùng SuSu và Hero để đánh bay quái vật bụi với rất nhiều phần quà hấp dẫn đang chờ❗❗❗​
​
 Hãy nhanh tay sử dụng mẫu Capcut của SuSu Hero để biến hình ngay nhé! Tìm hiểu kỹ hơn cách thức gia nhập biệt đội SuSu Hero tại: https://bit.ly/Minigame_TrongCayCungSusuHero   ​

Thời hạn giải cứu sẽ kết thúc vào ngày 31/05/2024, “elm"" Pam đã nạp năng lượng và gia nhập hành trình giải cứu. Các bạn nhỏ hãy cùng Pam hành động thôi nàooo!",72,48,5,2024-05-30 20:24:26,unknown
https://www.facebook.com/vinamilkofficial/posts/pfbid02shGk5NeDHF3Yjzrooht2XaRHythBXiBKBjpjmiwtBahK47Rhe4Xtjd8xTyPkY81Tl,"100% TRÚNG QUÀ HOT CÙNG CHUYẾN XE VINAMILK

 Duy nhất trong chương trình chuyến xe Vinamilk được tổ chức tại Bắc Giang, các mẹ sẽ được mua Sữa Dinh Dưỡng Ít Đường và Susu/Hero với chương trình 100% trúng quà siêu hấp dẫn 

✨ Bấm vào link để được cập nhật hành trình của chuyến xe nhé https://bit.ly/SUSU-CTKD

*Liên hệ các bạn nhân viên tại chương trình để biết thêm thông tin chi tiết",125,7,9,2024-05-30 11:14:36,unknown
https://www.facebook.com/vinamilkofficial/videos/761334216190662/,"✨ CÙNG VINAMILK KHÁM PHÁ TRIỂN LÃM QUỐC TẾ NGÀNH SỮA LỚN NHẤT VIỆT NAM ✨

Là thương hiệu sữa quốc dân đã đồng hành cùng hàng triệu người Việt suốt gần 5 thập kỷ, Vinamilk tự hào là nhà tài trợ chính của VIETNAM DAIRY 2024 – Triển lãm quốc tế ngành sữa lớn & duy nhất tại Việt Nam.

Mời bạn cùng Vinamilk khám phá sự kiện đang rất được trông đợi này, diễn ra từ 30/05 – 02/06, với những trải nghiệm không thể bỏ lỡ: 

☺️ Khám phá không gian trưng bày ấn tượng, đa góc nhìn về hành trình của Vinamik, nổi bật với lộ trình hướng đến Net Zero 2050 đầy tự hào
 Nhận quà và đóng góp 01 cây xanh vào dự án Cánh rừng Net Zero với mỗi lần check-in
 Tận hưởng loạt thức uống siêu ngon, siêu hấp dẫn với những sản phẩm của Vinamilk bởi các barista hàng đầu
 Thưởng thức nhạc sống cùng các hoạt động thú vị khác như ảo thuật hay tương tác cùng chú hề vui nhộn dành cho các bé ngay tại gian hàng của Vinamilk

Mời bạn ghé chơi cùng Vinamilk, bạn nhé!

Địa điểm: Nhà Thi Đấu TDTT Phú Thọ, Số 11, Lữ Gia, Tp. Hồ Chí Minh.

⏰ Thời gian: 
Ngày 30/05: 13h30 – 17h30
Ngày 31/05 & 01/06: 9h00 – 17h30
Ngày 02/06: 9h00 – 12h00

#Vinamilk #VinamilkNetZero",254,21,10,2024-05-30 02:04:47,Video
https://www.facebook.com/vinamilkofficial/videos/1018908562938763/,"Tóm tắt chiến lược ""nghỉ ngơi"" đặc biệt của Green Farm trong 15s!
Cùng tìm hiểu ngay!

#Vinamilk #Greenfarm #suatuoihutchankhong #vovevigiac",377,14,13,2024-05-29 13:00:28,Video
https://www.facebook.com/vinamilkofficial/posts/912066903922077:912066903922077,"Đây chính là hương vị mà các đầu bếp nhà hàng Michelin, Gault & Millau vô cùng yêu thích! 
Bạn đã thử chưa? 

#Vinamilk #GreenFarm #Suatuoihutchankhong #Vovevigiac",77,0,2,2024-05-28 17:00:31,Photo
https://www.facebook.com/vinamilkofficial/posts/pfbid02GRsnxqrKggGPDHj3nV6XD72ZFiMZTahfYfcy87Qp9bjtpuE4b5uSdgjP2NcAeXobl,"VFRESH HỘP 1 LÍT
CHO CẢ NHÀ 1 NGÀY ĐẦY LỢI ÍCH

Nắng nóng gay gắt, thời tiết mưa gió thất thường, nhà mình cần nạp thêm Vitamin C để thêm khỏe đề kháng, sẵn sàng cho mọi hoạt động ngày dài.

Mẹ không phải lo vì đã có Vfresh hộp 1 lít -  từ 2,6kg cam tươi, mỗi ly Vfresh Cam 250ml chứa khoảng 47mg Vitamin C, đáp ứng khoảng 50% nhu cầu Vitamin C hằng ngày của người trưởng thành đó.
 Vfresh còn có vị ngọt tự nhiên, không bổ sung đường nên mẹ yên tâm sử dụng hằng ngày.
 Vừa tiện lợi chẳng cần ép cam, lại ngon khỏe. Cả nhà nhớ nạp Vitamin C cùng Vfresh tại ngay https://bit.ly/Vfresh-2705

#vfresh #tuoingontunhien #tangcuongdekhang #Vinamilk",1182,2179,2,2024-05-27 21:00:35,GenericAttachmentMedia
https://www.facebook.com/vinamilkofficial/posts/pfbid0ywQzMst92MTXxDMKvMQvm87PsFuDLTbnBH9jUbojMAEic4fkc3p3BMgXtGtZ5pcEl,"CHÀO HÈ CỰC “CHOÁY” CÙNG YOMILK TẠI NHỮNG THÀNH PHỐ MƠ MÀNG SÀI GÒN! 

Các cư dân SÀI GÒN ơii!!
Cùng Yomilk chào đón mùa hè bùng nổ tại Những thành phố mơ màng (NTPMM) vào 15/06 này ngay thôi nào!!!

 20 vé NTPMM dành tặng riêng cho 20 ""cạ cứng"" của Yomilk tại Sài Gòn, tham gia ngay bằng cách:

Bước 1: Flex ảnh cực cool trên trang các nhân cùng Yomilk (chế độ công khai) kèm hashtag #Yomilk #NTPMM2024
Bước 2: Bình luận link chiếc ảnh cool dưới bài đăng công bố minigame
Bước 3: Đừng quên chọn 1 con số may mắn 100-999 và tag 02 người bạn trong bình luận để cùng nhập hội đu idol cực cháy.

Hé lộ dàn line up bao xịn gồm TLINH, JUSTATEE, VŨ, CHILLIES, LOW G, WREN EVANS, VŨ THANH VÂN,... Vậy còn chần chờ gì nữa mà không tham gia ngay cùng Yomilk để “quậy hết cỡ” tại NTPMM Summer Tour Sài Gòn 2024 !!!​ ️️

 Tham khảo chi tiết thể lệ tại: https://bit.ly/MinigameYomilkxNTPMMSG

 Chương trình kết thúc vào lúc 24h00 ngày 12.06.2024 bạn nha.

#Yomilk #NTPMM2024",1853,142,39,2024-05-27 01:00:39,Photo
https://www.facebook.com/vinamilkofficial/posts/pfbid02Bcjb5b7Gw728xQD9P5E1sJTiY6eqoZBX5nHVpnR9XdTbWvx4d2rG64PfBSnQePNJl,"SIÊU HOT!! CÙNG PAMIUOI THAM GIA TREND BIẾN HÌNH THÀNH SUSU HERO VỚI MẪU CAPCUT NÀO ​

Thế lực bụi đang ngày càng lớn mạnh gây nguy hại đến môi trường sống của chúng ta!​

 Pam iu ơi đã gia nhập biệt đội SuSu Hero và lên giáp bảo vệ để giải cứu hành tinh rồi nè. Các bạn nhỏ cùng tham gia ngay nhé!​
​
Gia nhập biệt đội SuSu Hero cùng “elm” Pam chỉ với 3 bước tham gia siêu đơn giản:​

 Bước 1: Sử dụng capcut template của SUSU HERO để tạo video ở https://www.capcut.com/t/Zs8M9xyuN/​

 Bước 2: Khoe ngay clip biến hình bằng cách bình luận video kèm theo cú pháp: “TÊN CỦA BÉ” CÙNG SUSU HERO TRỒNG CÂY GIỮ TRÁI ĐẤT XANH kèm hashtag #SuSuHero #NapNangLuong #GiuTraiDatXanh ​

 Bước 3: Like và Chia sẻ bài viết ở chế độ công khai kèm theo bộ hashtag #SuSuHero #NapNangLuong #GiuTraiDatXanh​
​
 BẢO BỐI CỰC XỊN: ​
10 Giải SuSu tinh anh: Mỗi giải 1 xe đạp cực ngầu ​
20 Giải Hero mạnh mẽ: Mỗi giải 1 balo bò con Vinamilk ​
50 Giải Thần Thú đáng yêu: Mỗi giải 1 voucher trị giá 100.000VNĐ​
​
Hành trình giải cứu chỉ còn diễn ra đến hết ngày 31/05/2024, nhanh tay biến hình cùng capcut của SuSu Hero thôi nào!",272,648,126,2024-05-26 05:00:42,unknown
https://www.facebook.com/vinamilkofficial/posts/pfbid02SXngGvN6YnrB8zPSMUtP1zhXzfu2tGzZ9gPdGmC8xNymb8J5F84ha2vKHir7dtUrl,"AEON BÌNH TÂN ĐÃ SẴN SÀNG​
BẮT QUÀ “BỤNG CƯỜI” CÙNG PAMYEU?​

️️HOT hơn nắng hè chính là AEON Bình Tân (Hồ Chí Minh) ngày 26.05 với loạt quà “siêu chất” từ Vinamilk và sticker Pamxinhyeu cho mỗi lần “Check-in tủ sữa chua tươi sắc” đó!​
​
Các xinh yêu đừng bỏ qua cơ hội rinh ngay:​
Máy lọc không khí Xiaomi Smart Air Purifier 4 Compact EU (BHR5860EU) trị giá 1.690.000Đ​​
Voucher 50,000 VNĐ*​​​

Cùng 3 bước siêu dễ:​
- Bước 1: Check-in tủ lạnh tươi sắc tại Aeon Mall Bình Tân (Hồ Chí Minh) ngày 26/05/2024 có ngay sticker Pamyeu​
- Bước 2: Đăng tải lên trang cá nhân ở Facebook với chế độ công khai kèm hashtag #BungCuoiDoiTuoi #SuaChuaVinamilkMoiNgay #CheckinTuLanhTuoiSac​​
- Bước 3: Bình luận link bài đăng bên dưới bài viết này​ https://bit.ly/CheckinTuSuaChuaTuoiSac 

Chỉ 1 ngày duy nhất! Nhanh tay “CHECK-IN TỦ LẠNH TƯƠI SẮC, BẮT QUÀ VINAMILK CỰC CHẤT"" thôi ​

#BungCuoiDoiTuoi  #SuaChuaVinamilkMoiNgay  #CheckinTuLanhTuoiSac",631,10,656,2024-05-25 09:00:46,unknown
https://www.facebook.com/vinamilkofficial/videos/478626294512408/,"Bạn có cùng gu thẩm định với top 1% đầu bếp Michelin thế giới?

Hãy thử ngay để hiểu tại sao sữa tươi Green Farm được hội đồng 200 chuyên gia và đầu bếp hoàng gia từ Le Guide Michelin, Gault & Millau đánh giá 3 sao cho hương vị và chất lượng.

#Vinamilk #GreenFarm #Suatuoihutchankhong #Vovevigiac",108,4,19,2024-05-24 13:00:50,Video
https://www.facebook.com/vinamilkofficial/videos/3569574663287993/," Pam ""ngoan - xinh - yêu"" đã chọn sữa Vinamilk 100% Ít đường ""tươi - xinh - ngon""!
Còn bạn thì sao?

 Thử ngay Sữa tươi Vinamilk 100% Ít đường để ""ngoan xinh yêu"" mỗi ngày như elm Pam nhé!

#suatuoi100 #vinamilk #itduong #diunhe",10000,365,96,2024-05-24 03:46:03,Video
https://www.facebook.com/vinamilkofficial/videos/1364130367617765/,"GẦN 100.000 LƯỢT GHÉ THĂM GIAN HÀNG VINAMILK TẠI LỄ HỘI BÁNH MÌ

3 ngày cuối tuần qua nhờ các vị khách quý ghé chơi mà gian hàng Vinamilk nhộn nhịp với các trải nghiệm thử món ngon từ sữa Ông Thọ 
 
Lễ hội nay đã khép lại rồi, nhưng chúng mình vẫn gặp nhau qua căn bếp nhỏ. Đừng quên thêm sữa Ông Thọ trong các món ăn hằng ngày để món ăn càng thơm ngon và đậm vị hơn các bạn nhé! 
 
 #SuaOngTho #GianHangTuoiTho #Lehoibanhmi",115,2,13,2024-05-21 12:38:23,Video
https://www.facebook.com/vinamilkofficial/videos/797417755786767/,"SỮA TƯƠI VINAMILK 100% ÍT ĐƯỜNG GIẢM HƠN 25%* LƯỢNG ĐƯỜNG, THỬ NGAY!

 Sữa đã tươi ngon, nay còn giảm hơn 25% lượng đường, Sữa Tươi Vinamilk 100% vị Ít Đường dịu nhẹ là sự lựa chọn không thể thiếu mỗi ngày cho cả gia đình.

Chọn Ít Đường, cho bé thích mê!
Chọn Ít Đường, cho mẹ thăng hạng vóc dáng!
Chọn Ít Đường, cho cả nhà khỏe vui!

#suatuoi100 #vinamilk #itduong #diunhe
*So với sản phẩm Sữa tươi tiệt trùng Vinamilk 100% Có Đường
---------------------------------------------
Tìm hiểu thêm các thông tin về Vinamilk: 
 Website chính thức: https://new.vinamilk.com.vn/ 
 Fanpage Vinamilk: https://www.facebook.com/vinamilkofficial
 Đặt hàng online: https://bit.ly/FINO-2105",1603,159,26,2024-05-21 12:25:03,Video
https://www.facebook.com/vinamilkofficial/videos/3524549734510509/,"Sữa tươi Green Farm đáp ứng tiêu chuẩn khắt khe toàn cầu của top 1% đầu bếp thế giới như thế nào? 
Không chỉ sở hữu 5 KHÔNG, sữa tươi hút chân không Vinamilk Green Farm còn phải vượt qua hơn 400 chỉ tiêu khắt khe về dư lượng kháng sinh, hợp chất nhựa không mong muốn... để đạt được chứng nhận uy tín Clean Label Project.
Những tiêu chí kiểm tra này không chỉ hướng đến việc đảm bảo an toàn cho người tiêu dùng, mà còn đặt ra yêu cầu cao hơn về độ tinh khiết của sản phẩm. 

Ngoài ra, vị ngon thượng hạng của sữa hút chân không được bảo chứng bởi top 1% đầu bếp thế giới thông qua 2 giải thưởng vô cùng danh giá trong ngành thực phẩm -Superior Taste Award & Monde Selection. 
Mời bạn nếm thử hương vị đã dành trọn 3 sao tuyệt đối từ top 1% đầu bếp thế giới nhé! 
#Vinamilk #GreenFarm #Suatuoihutchankhong #Vovevigiac",158,12,21,2024-05-20 13:00:14,Video
https://www.facebook.com/vinamilkofficial/videos/1097738971311849/,"LOA LOA LOA CHỈ CÒN 1 NGÀY CUỐI ĐỂ QUAY VỀ TUỔI THƠ, CẢ NHÀ NHANH CHÂN LÊN!

Chỉ với 2 ngày mà gian hàng Vinamilk đã tiếp đón hơn 100,000 lượt trải nghiệm. Đồng hành cùng nhiều thế hệ với biết bao món tuổi thơ, gian hàng Vinamilk tái hiện lại những món ăn hoài niệm và những hoạt động sáng tạo tại hẻm Ông Thọ, đường Tuổi Thơ 

   Tham quan không gian bảo tàng ông Thọ với những khoảnh khắc siêu hoài niệm
  Thưởng thức các món ngon khó cưỡng từ sữa Ông Thọ
  Trải nghiệm và xem trực tiếp Chef chế biến các món thịt nướng và nước xốt tại chỗ
  Mãn nhãn cùng vũ điệu chấm sữa vui nhộn và sôi động
  Hóa tuổi thơ khi tận tay vẽ “áo mới” cho Ông Thọ tại lớp học sáng tạo

Chỉ còn 1 ngày cuối cùng để trải nghiệm những điều trên, bạn đừng bỏ lỡ nha
Mời cả nhà ghé sự kiện bánh mì ở Công viên Lê Văn Tám, Quận 1 vào 8h30-21h30 từ 17-19/05/2024

 #SuaOngTho #GianHangTuoiTho #Lehoibanhmi",161,9,6,2024-05-20 09:33:07,Video
https://www.facebook.com/vinamilkofficial/videos/1629605824522660/," VINAMILK CHIÊU ĐÃI LOẠT MÓN NGON TẠI LỄ HỘI BÁNH MÌ, MỜI BẠN GHÉ CHƠI!

 Gian hàng Vinamilk có đủ tuyệt chiêu chiều lòng cả 3 thế hệ ghé thăm. Từ món tuổi thơ đến món hiện đại, từ món ngọt đến món mặn, Ông Thọ đều có thể cân tất chiều gu cả nhà mình!

Cà phê sữa tươi với topping sữa Ông Thọ socola
Smoothie dâu với topping sữa Ông Thọ dâu
Cà phê kem xốt Ông Thọ socola
 Bánh mì chấm sữa Ông Thọ
 Thịt bò Vinabeef nướng ướp sữa Ông Thọ
 Bánh mì kẹp kem Vinamilk với sữa Ông Thọ

 Nhanh nhanh ghé gian hàng Vinamilk tại Lễ hội Bánh Mì nào!
  Công viên Lê Văn Tám, Quận 1. Sự kiện đang diễn ra từ 8h30-21h30 ngày 17-19/05/2024 nhé cả nhà 

 #SuaOngTho #GianHangTuoiTho #Lehoibanhmi",447,38,35,2024-05-19 04:36:15,Video
https://www.facebook.com/vinamilkofficial/videos/849133447048267/,"[MINIGAME] BIẾN HÌNH CÙNG SUSU HERO TRỒNG CÂY GIỮ TRÁI ĐẤT XANH ​

⚡ Nhanh tay cùng Pamiuoi dùng mẫu Capcut biến hình thành Susu, trồng cây và rinh thêm những bảo bối cực hấp dẫn nhé! ​

 BẢO BỐI CỰC XỊN: ​
10 Giải SuSu tinh anh: Mỗi giải 1 xe đạp cực ngầu ​
20 Giải Hero mạnh mẽ: Mỗi giải 20 balo bò con Vinamilk ​
50 Giải Thần Thú đáng yêu: Mỗi giải 1 voucher trị giá 100.000VNĐ​

 CÁCH THỨC BIẾN HÌNH: ​

 Bước 1: Sử dụng mẫu Capcut của SUSU HERO để tạo video ở https://www.capcut.com/t/Zs8M9xyuN/
 Bước 2: Khoe ngay clip biến hình bằng cách bình luận video kèm theo cú pháp: “TÊN CỦA BÉ” CÙNG SUSU HERO TRỒNG CÂY GIỮ TRÁI ĐẤT XANH kèm hashtag #SuSuHero #NapNangLuong #GiuTraiDatXanh ​
 Bước 3: Like và Chia sẻ bài viết ở chế độ công khai kèm theo bộ hashtag #SuSuHero #NapNangLuong #GiuTraiDatXanh​

 TIÊU CHÍ CHẤM ĐIỂM: ​

- Bài dự thi sẽ được chấm điểm dựa trên lượt tương tác bài dự thi bên dưới bài viết này (Thể lệ chi tiết ở phần bình luận bên dưới )​

*Lưu ý: Ban tổ chức sẽ là người đưa ra quyết định cuối cùng.​

Minigame chỉ diễn ra đến hết ngày 31/05/2024, các bé yêu hãy biến hình và nạp năng lượng để giữ không khí xanh nhé!",918,74220,104,2024-05-18 13:00:11,Video
https://www.facebook.com/vinamilkofficial/videos/1241026953544843/,"CUỐI TUẦN CHƯA BIẾT ĐI ĐÂU THÌ ĐẾN NGAY GIAN HÀNG TUỔI THƠ CỦA VINAMILK ĂN NGON THỎA THÍCH TẠI CÔNG VIÊN LÊ VĂN TÁM NHÉ!

Sương sương vừa mở sạp mà gian hàng Vinamilk đã đón tiếp gần 10,000 lượt ghé thăm gồm những trải nghiệm “10 điểm không có nhưng” 
 Thưởng thức các món ăn, thức uống tuổi thơ từ sữa Ông Thọ miễn phí 
 Check in góc phố hoài niệm 100% có quà xinh mang về
 Xem đầu bếp trình diễn công thức nấu ăn ngon với sữa Ông Thọ 19h tối thứ 7 & chủ nhật (18-19/05)
Thỏa sức sáng tạo vẽ lon Ông Thọ lúc 10h và 14h từ thứ 6 đến chủ nhật (17-19/05)
 
Đi theo tiếng gọi của tuổi thơ và ghé gian hàng Vinamilk để được xả vai cùng loạt món ngon gây thương nhớ nhé!  

Địa điểm: Lễ hội Bánh Mì ở Công viên Lê Văn Tám, Quận 1, bắt đầu vào 8h30-21h30 từ 17-19/05/2024.

 #SuaOngTho #GianHangTuoiTho #Lehoibanhmi",295,23,30,2024-05-17 15:11:26,Video
https://www.facebook.com/vinamilkofficial/videos/401102336241985/,"SỮA TƯƠI VINAMILK 100% VỊ ÍT ĐƯỜNG DỊU NHẸ, BẠN ĐÃ THỬ?

 Vẫn là hương vị sữa tươi ngon của mọi nhà, nay còn giảm hơn 25%* lượng đường, Sữa tươi Vinamilk 100% Ít đường đang ngày càng được các bé và gia đình lựa chọn cho lối sống khỏe mạnh hơn, tươi vui hơn mỗi ngày.

 Hãy cùng lắng nghe cảm nhận từ các khách hàng thân thiết và chọn ngay cho cả gia đình Sữa Tươi Vinamilk 100% Ít Đường, bạn nhé!

#suatuoi100 #vinamilk #itduong #diunhe
*So với sản phẩm Vinamilk 100% Sữa tươi tiệt trùng Có Đường",602,62,20,2024-05-17 13:00:46,Video
https://www.facebook.com/vinamilkofficial/posts/pfbid02dVAzsH3yeHYg7Edgy5GZjiEw5Wobnp6rYcPYGeCBoXpjGTxxN44oUdf9pG7KRZ7Gl," KHÁM PHÁ ROUTINE CHUẨN KHỎE XINH TỪ TRONG RA NGOÀI CÙNG TRANG PHÁP VÀ VINAMILK PROBI! ​

Cuộc sống bộn bề nhiều lắng lo, ăn uống thất thường khiến nàng lo bị nặng bụng, mệt mỏi? ​

Đừng lo, hãy để chị đẹp Trang Pháp mách nước cho bạn routine siêu đơn giản để có đường ruột khỏe và tinh thần vui vẻ cùng Probi Happi ít đường nè  ​

 Chăm tập thể dục mỗi ngày ít nhất 30 phút ​
 Chọn những món ăn healthy và tươi ngon 
 Và đừng quên bổ sunggg....... ​

 Sữa chua uống men sống Probi Happi ít đường vị lựu đỏ vừa nhỏ gọn tiện lợi, vừa chứa tới hàng tỷ lợi khuẩn L.CASEI 431, 0% chất béo và giảm 40% lượng đường.  ​

 Probi Happi ít đường không chỉ là món “bảo bối” giúp chăm đường ruột khỏe, mà còn giúp tinh thần chị em mình thư thái, yêu đời nhờ bổ sung thêm hoocmon vui vẻ Tryptophan nữa đó nha!​

Nhớ thực hiện liền routine này mỗi ngày để lấy vía khỏe xinh từ trong ra ngoài cùng tinh thần vui vẻ như chị đẹp Trang Pháp nhé các nàng ơii   ​

#NheLongKhongLongVong #Probiitduong #ThanhNhe #CanNganDieuNang #Probi",1820,17,27,2024-05-17 00:56:40,unknown
https://www.facebook.com/vinamilkofficial/videos/428417143276254/," TRỞ VỀ TUỔI THƠ CÙNG ÔNG THỌ TẠI LỄ HỘI BÁNH MÌ, MỜI BẠN GHÉ CHƠI!!

 Cơ hội quay về miền ký ức tươi đẹp với loạt trải nghiệm cực vui cùng sữa Ông Thọ tại Lễ Hội Bánh Mì tại Công viên Lê Văn Tám, Quận 1 từ 8h30-21h30 ngày 17-19/05/2024.

 Trải nghiệm góc phố ẩm thực với loạt món ngon miễn phí từ sữa Ông Thọ
 Sống lại ký ức tuổi thơ ngọt lành với góc phố hoài niệm
 Cùng các hoạt động cực hấp dẫn 100% có quà mang về
 
Lên dây cót tinh thần trở về tuổi thơ chung vui cùng sữa Ông Thọ tại sự kiện này nha! 
 #SuaOngTho #GianHangTuoiTho #Lehoibanhmi",170,28,9,2024-05-16 12:52:35,Video
https://www.facebook.com/vinamilkofficial/posts/pfbid02BcxFqzcpnmiStxJq7YxSt2knNrLKLCYkRrbyZS38h6rhqiL397vyx9nZDchHzihsl,"CHỨNG NHẬN GIA ĐÌNH “BỤNG CƯỜI ĐỜI TƯƠI”

Nhà Pam đã đạt chứng nhận “Bụng cười đời tươi"" của sữa chua Vinamilk vì?

Mẹ Salim có da đẹp khoẻ, mỗi ngày luôn tươi trẻ
Bố Long sở hữu đề kháng khoẻ, tự tin ra dzẻ “siêu nhân""
❤️Pam yêu có tiêu hoá khoẻ, ngày nào elm cũng vui vẻ
Bà khoe hấp thu tốt, thưởng trọn đủ vị món ngon khỏe

Khám phá đa vị sữa chua và ăn sữa chua Vinamilk mỗi ngày để đạt chứng nhận ""BỤNG CƯỜI ĐỜI TƯƠI"" như nhà Pam nhé!

#BungCuoiDoiTuoi #SuaChuaVinamilkMoiNgay",375,1820,498,2024-05-16 07:56:56,GenericAttachmentMedia
https://www.facebook.com/reel/388256200461731/,"Đố bạn biết có gì trong hộp quà vỗ về của Green Farm dành tặng các nhà sáng tạo nội dung?
Comment ngay nếu bạn cũng muốn sở hữu món quà này nhé?

#Vinamilk #GreenFarm #vovevigiac #suatuoihutchankhong",90,24,9,2024-05-16 03:01:18,Video
https://www.facebook.com/vinamilkofficial/posts/pfbid0KVLt4AZ9spTjTD5TViM9YtWvDxm3kVezn3gCHrvJZUApAi8J6XEYLng1GGSVr8kql," CHỈ CÒN 5 NGÀY CHO MINIGAME NHẸ HÓA MỌI ĐIỀU, NHẸ PHIÊU GIAI ĐIỆU CÙNG PROBI​
​
Các bạn đã rục rịch chia sẻ video vũ điệu ""Nhẹ lòng không lòng vòng"" cực phiêu cùng Probi để nhận quà chưa? Ở đây còn ai chưa nhập hội tham gia không nè??? ​
​
 Để Probi nhắc lại cho bạn 3 bước tham gia siêu đơn giản - nhận quà hấp dẫn nha:​
 - Bước 1: Quay video thực hiện nhảy lại vũ điệu Nhẹ lòng không lòng vòng và sử dụng khung mẫu tại biểu tượng “CapCut | Thử mẫu này” ở https://www.capcut.com/t/Zs8MUvrbY/ ​
- Bước 2: Đăng lên Tiktok/Facebook cá nhân ở chế độ công khai kèm hashtag #NheLongKhongLongVong #Probiitduong #ThanhNhe #CanNganDieuNang #Probi ​
- Bước 3: Khoe ngay clip thể hiện vũ đạo bằng cách bình luận link video và tag thêm 02 người bạn tham gia hoạt động dưới bài viết Minigame tại đây: https://www.facebook.com/share/v/TLWJAtRqF1bQNa55/ ​
​
Minigame chỉ diễn ra tới ngày 19/05 này thôi!! Thời gian có hạn mà quà xịn nhiều vô biên - nhanh tham gia để không bỏ lỡ cơ hội rinh những phần quà giá trị từ Probi ít đường nha mọi người ơii ​

#NheLongKhongLongVong #Probiitduong #ThanhNhe #CanNganDieuNang #Probi",2584,100,27,2024-05-15 19:30:50,Photo
https://www.facebook.com/vinamilkofficial/videos/758381366365802/,"BÍ MẬT ĐỂ GIỮ ĐỘ TƯƠI CỦA SỮA VINAMILK GREEN FARM LÀ GÌ?
Để đảm bảo độ tươi ngon gần như hoàn hảo cho sữa Green Farm, chúng tôi luôn tuân theo những chuẩn mực nghiêm ngặt. Chẳng hạn khoảng cách từ nơi lấy sữa đến bồn chứa sữa phải thật gần, chỉ 20 bước chân, rút ngắn quá trình oxy hoá, khoá giữ độ tươi! 
Việc này nghe qua thấy thật nhỏ nhặt, nhưng chính những phát kiến và nỗ lực nhỏ ấy đã làm nên hộp sữa tươi Green Farm vỗ về vị giác trên tay bạn.

#Vinamilk #GreenFarm #Suatuoihutchankhong #Vovevigiac",117,6,13,2024-05-15 12:00:22,Video
https://www.facebook.com/events/2175311776174802/,,37,0,0,2024-05-15 06:00:29,ProfilePicAttachmentMedia
https://www.facebook.com/vinamilkofficial/posts/pfbid0EfDhAKfEcNEg4kGXCXd7wYHaKmEKB4LjxcBvp5RrhXq3ApzggrfvTbSDYQxaXUQel,"NGÀY MỚI, MỞ LỜI CHÚC SỨC KHOẺ VỚI BỐ MẸ​
CÙNG MÓN QUÀ SỮA TƯƠI TỔ YẾN VINAMILK​

Đã bao lâu bạn chưa hỏi thăm sức khỏe bố mẹ?​

Để tổ ấm luôn đong đầy yêu thương, đã có Sữa tươi Tổ Yến cùng bạn mở lời chúc sức khoẻ gửi đến bố mẹ mỗi buổi sáng với nguồn dinh dưỡng thượng hạng: ​

 Tăng cường đề kháng với Vitamin A, D3 & Selen.
 Chăm sóc hệ xương khỏe nhờ bổ sung Vitamin K2.​
 Nguồn sữa tươi thuần khiết hòa quyện cùng tổ yến tinh chế bổ dưỡng.​

Mua ngay Sữa tươi Tổ Yến món quà sức khỏe tặng cả gia đình ngay https://bit.ly/3UJhVwn

#Vinamilk #SuatuoiToYen",3848,1175,58,2024-05-15 00:00:36,unknown
https://www.facebook.com/vinamilkofficial/posts/pfbid0296B7McFj4RBucZRKDkyiMEzgLZtviCs84tVPQWSighh2s9mZ7f7wx8yAfFEkQwUYl," VINAMILK PROBI x HOÀNG DŨNG x TRANG PHÁP ĐEM ĐẾN BÍ KÍP NHẸ HÓA BỤNG IU ĐỂ CÂN NGÀN ĐIỀU NẶNG  ​
​
 Cuộc sống bộn bề, nhiều lắng lo, ăn uống thất thường khiến bụng thêm nặng nhưng với “bảo bối” Probi ít đường thanh nhẹ, bạn có thể tự tin cân trọn ngàn vai. ​
​
 Hãy cùng bộ đôi Trang Pháp & Hoàng Dũng khám phá câu chuyện “Nhẹ lòng không lòng vòng” để khám phá “bảo bối” bổ sung hàng tỷ lợi khuẩn L.Casei 431 - 0% béo, giảm 40% đường cho đường ruột khỏe mỗi ngày nhé cả nhà ơiiii  ​
​
#NheLongKhongLongVong #Probiitduong #ThanhNhe #CanNganDieuNang #Probi",8301,915,103,2024-05-14 18:00:43,GenericAttachmentMedia
https://www.facebook.com/vinamilkofficial/videos/1134421937767672/,"SỮA TƯƠI VINAMILK 100% - SỮA TƯƠI QUỐC DÂN, VỊ NGON QUỐC TẾ

 Sữa tươi quốc dân, vị ngon quốc tế thì sẽ như thế nào?

✨ Là chất lượng luôn được đảm bảo với 100% từ sữa bò nguyên chất, không chất bảo quản, chiếm trọn sự tin yêu!

✨ Là dòng sữa tươi ngon, đậm đà, dễ uống để bất kì ai dù ở bất cứ đâu cũng có thể thưởng thức mỗi ngày!

✨ Là sự công nhận từ các chuyên gia quốc tế với giải thưởng “Vị Ngon Thượng Hạng”, giải thưởng danh giá được ví như sao Michelin trong làng sữa.

 Và còn hơn thế nữa! Hãy cùng lắng nghe cảm nhận từ các khách hàng thân thiết và chia sẻ cảm nhận của riêng bạn về Sữa Tươi Vinamilk 100% nhé!

#vatmoingay #tuoimoingay #suatuoi100 #vinamilk",586,54,24,2024-05-14 12:00:51,Video
https://www.facebook.com/vinamilkofficial/videos/1002287394569486/,"CÙNG VINAMILK NHÌN LẠI HÀNH TRÌNH THI ĐẤU ĐẦY TỰ HÀO CỦA TOP BARISTA VÀ LOẠT CÔNG THỨC MÃN NHÃN TẠI CAFE SHOW 2024

Giải đấu Asia Latte Art Battle đã chính thức khép lại sau 3 ngày thi đấu nghẹt thở, hót hòn họt như con số 5000+ lượt ghé thăm tại gian hàng Vinamilk ở sự kiện lần này  Vinamilk tự hào đã góp phần tạo nên một mùa giải tuyệt vời để những tài năng và những người yêu thích cà phê có sân chơi trên đấu trường xứng tầm quốc tế.

Cùng xem lại chặng đường mãn nhãn này & đón chờ bộ công thức ĐỘC BẢN từ chính barista dành riêng cho Vinamilk nhé!

#Vinamilk #asialatteartbattle  #ALAB2024  #CafeShow #sangtaocungVinamilk",117,4,11,2024-05-13 13:17:19,Video
https://www.facebook.com/vinamilkofficial/posts/pfbid02qgkAd8Lgi186dxTS238FPeyRm9ZurnHZXGAopDFuWXhLQfAUusL2UHvtpWKhBY7Zl,"✨ CÓ BẢO BỐI PROBI THANH NHẸ CÙNG HÀNG TỶ LỢI KHUẨN L.CASEI 431, HOÀNG DŨNG TỰ TIN CÂN TRỌN NGÀN VAI ​
​
Cuộc sống bộn bề, nhiều lắng lo cộng thêm việc ăn uống thất thường khiến bụng thêm nặng.​
​
Đó là ai chứ Hoàng Dũng nhà ta thì dù bận rộn với lịch trình “chạy show” dày đặc vẫn luôn tự tin cân trọn từ A đến Z nhờ có một bảo bối đồng hành mọi lúc mọi nơi ​
​
 Bật mí bảo bối đó chính là sữa chua uống men sống Probi ít đường - vừa nhỏ gọn tiện lợi, lại chứa tới hàng tỷ lợi khuẩn L.CASEI 431, 0% chất béo và giảm 40% lượng đường giúp đường ruột khỏe - mà bụng khỏe thì làm gì cũng khỏe hết nha! Hoàng Dũng tự tin lướt task không ngại lắng lo luôn!​
​
Cùng chọn sữa chua uống men sống Probi ít đường để nhẹ nhàng cân trọn ngàn vai nhé bạn ơi  ​
#NheLongKhongLongVong #Probiitduong #ThanhNhe #CanNganDieuNang #Probi",9156,391,78,2024-05-13 13:17:19,unknown
