video_id;video_url;author_name;caption;caption_clean;has_caption;hashtags;hashtag_count;mentions;mention_count;links;link_count;like_count;comment_count;share_count;save_count;view_count;total_engagement;engagement_rate_by_view;performance_group;duration_seconds;duration_group;created_at;created_at_vn;post_date;post_year;post_month;post_hour;post_day_of_week
7546809924014083346;https://www.tiktok.com/@vinamilk.official/video/7546809924014083346;vinamilk.official;"Cùng theo dõi không gian trải nghiệm siêu mới lạ của Vinamilk tại Trung tâm Triển lãm Việt Nam 1 tuần vừa qua nhé! 

#Vinamilk #GreenFarm #Suatuoihutchankhong";Cùng theo dõi không gian trải nghiệm siêu mới lạ của Vinamilk tại Trung tâm Triển lãm Việt Nam 1 tuần vừa qua nhé! #Vinamilk #GreenFarm #Suatuoihutchankhong;True;#Vinamilk, #GreenFarm, #Suatuoihutchankhong;3;;0;;0;409;32;47;61;42400;549;0.01294811320754717;High;77;Long;2025-09-06 03:16:56+00:00;2025-09-06 10:16:56+07:00;2025-09-06;2025;9;10;Saturday
7644382003881594132;https://www.tiktok.com/@vinamilk.official/video/7644382003881594132;vinamilk.official;"🔥 TIỆC DEAL CUỒNG NHIỆT: SĂN TRỌN BỘ 3 OPTIMUM - DEAL ĐỈNH CHƯA TỪNG CÓ! 🔥
 
Cơ hội sắm trọn bộ sữa cao cấp, chốt deal cực hời cho bé yêu với chuỗi ưu đãi bùng nổ từ Super Brand Festival:
💜 Optimum A2 Pro+: Đột phá với Siêu cộng hưởng hỗ trợ hệ trục Não - Ruột - Miễn dịch.
💛 Optimum Gold: Tiêu hoá mượt mà, êm ái.
💚 Optimum Colos: Đề kháng 2 lớp vững vàng.
 
💥 CHỐT DEAL ĐỘC QUYỀN TRONG PHIÊN LIVE:
- Giảm 21% (tối đa 700K) cho đơn từ 2 Triệu.
- Voucher riêng trên Live giảm đến 500K cho đơn từ 1 Triệu.
- Mưa voucher & Quà tặng chính hãng tung liên tục.
 
⏰ Duy nhất: 15:00 – 19:00 | 27.05.2026
👉 Đặt lịch ngay: https://www.tiktok.com/@vinamilk.official
🔍 Search trên TikTok: Tiệc Deal Cuồng Nhiệt cùng Nhà nào cũng có Mẹ - Optimum

#Vinamilk #Optimum #TiecDealCuongNhiet #SuperBrandFestival";🔥 TIỆC DEAL CUỒNG NHIỆT: SĂN TRỌN BỘ 3 OPTIMUM - DEAL ĐỈNH CHƯA TỪNG CÓ! 🔥 Cơ hội sắm trọn bộ sữa cao cấp, chốt deal cực hời cho bé yêu với chuỗi ưu đãi bùng nổ từ Super Brand Festival: 💜 Optimum A2 Pro+: Đột phá với Siêu cộng hưởng hỗ trợ hệ trục Não - Ruột - Miễn dịch. 💛 Optimum Gold: Tiêu hoá mượt mà, êm ái. 💚 Optimum Colos: Đề kháng 2 lớp vững vàng. 💥 CHỐT DEAL ĐỘC QUYỀN TRONG PHIÊN LIVE: - Giảm 21% (tối đa 700K) cho đơn từ 2 Triệu. - Voucher riêng trên Live giảm đến 500K cho đơn từ 1 Triệu. - Mưa voucher & Quà tặng chính hãng tung liên tục. ⏰ Duy nhất: 15:00 – 19:00 | 27.05.2026 👉 Đặt lịch ngay: https://www.tiktok.com/@vinamilk.official 🔍 Search trên TikTok: Tiệc Deal Cuồng Nhiệt cùng Nhà nào cũng có Mẹ - Optimum #Vinamilk #Optimum #TiecDealCuongNhiet #SuperBrandFestival;True;#Vinamilk, #Optimum, #TiecDealCuongNhiet, #SuperBrandFestival;4;@vinamilk;1;https://www.tiktok.com/@vinamilk.official;1;11;2;0;1;9311;14;0.001503597894962947;Low;22;Short;2026-05-27 01:46:28+00:00;2026-05-27 08:46:28+07:00;2026-05-27;2026;5;8;Wednesday
7644115893340867861;https://www.tiktok.com/@vinamilk.official/video/7644115893340867861;vinamilk.official;"Cùng là bữa ăn dặm của trẻ nhỏ, nhưng trong nhiều gia đình, đó lại là nơi bắt đầu của những khác biệt. Giữa nhiều thế hệ, câu hỏi quen thuộc vẫn luôn được đặt ra: Nuôi con nên nghe theo kinh nghiệm… hay khoa học?
👉 Liệu có hay không một phương pháp hoàn hảo nhất cho bé? Xem ngay video để biết câu trả lời!
#RidielacMoi #CanDoiDinhDuong #RoVi #NguyenLieuThat #BotDinhDuong #AnDam";Cùng là bữa ăn dặm của trẻ nhỏ, nhưng trong nhiều gia đình, đó lại là nơi bắt đầu của những khác biệt. Giữa nhiều thế hệ, câu hỏi quen thuộc vẫn luôn được đặt ra: Nuôi con nên nghe theo kinh nghiệm… hay khoa học? 👉 Liệu có hay không một phương pháp hoàn hảo nhất cho bé? Xem ngay video để biết câu trả lời! #RidielacMoi #CanDoiDinhDuong #RoVi #NguyenLieuThat #BotDinhDuong #AnDam;True;#RidielacMoi, #CanDoiDinhDuong, #RoVi, #NguyenLieuThat, #BotDinhDuong, #AnDam;6;;0;;0;69;0;0;1;32700;70;0.0021406727828746177;Medium;280;Very long;2026-05-26 08:33:50+00:00;2026-05-26 15:33:50+07:00;2026-05-26;2026;5;15;Tuesday
7643795148828183828;https://www.tiktok.com/@vinamilk.official/video/7643795148828183828;vinamilk.official;"Dielac Grow Plus chứa HMO, sữa non 24h giàu IgG, và Nucleotid giúp tăng đề kháng, kết hợp đạm Whey, Canxi và Vitamin D3, K2 giúp con TĂNG CÂN BỀN - CAO LÊN RÕ. Nay có thêm hương dâu và hương chuối mới!!!

#Vinamilk #DielacGrowPlus #DielacVoi #TăngCânBền #CaoLênRõ ";Dielac Grow Plus chứa HMO, sữa non 24h giàu IgG, và Nucleotid giúp tăng đề kháng, kết hợp đạm Whey, Canxi và Vitamin D3, K2 giúp con TĂNG CÂN BỀN - CAO LÊN RÕ. Nay có thêm hương dâu và hương chuối mới!!! #Vinamilk #DielacGrowPlus #DielacVoi #TăngCânBền #CaoLênRõ;True;#Vinamilk, #DielacGrowPlus, #DielacVoi, #TăngCânBền, #CaoLênRõ;5;;0;;0;7;2;2;0;2421;11;0.004543577034283354;Low;15;Very short;2026-05-25 11:49:09+00:00;2026-05-25 18:49:09+07:00;2026-05-25;2026;5;18;Monday
7643716959594466580;https://www.tiktok.com/@vinamilk.official/video/7643716959594466580;vinamilk.official;"SIÊU DEAL CUỐI THÁNG - DIELAC GROW PLUS
DUY NHẤT KHUNG GIỜ 10-16H NGÀY 28.5 TẠI TIKTOKSHOP

Lưu ngay lịch livestream để săn các sản phẩm chất lượng từ Dielac Grow Plus với giá ""yêu thương"" và nhận quà xịn.
💥 Ưu đãi 1-0-2
- Voucher giảm đến 21%
- Voucher livestream độc quyền giảm đến 500k cho đơn từ 1 triệu
- Kèm nhiều voucher & quà tặng hấp dẫn trong phiên live
🎁 Cơ hội trúng thú bông voi xanh dễ thương cùng bộ 4 ly chén sứ cao cấp Vinamilk (*)
(*) Quà tặng Minigame tại Livestream. Số lượng quà tặng có giới hạn.

#SuperBrandFestival #TiecDealCuongNhiet #DielacGrowPlus #Voixanh #TăngCânBềnCaoLênRõ";"SIÊU DEAL CUỐI THÁNG - DIELAC GROW PLUS DUY NHẤT KHUNG GIỜ 10-16H NGÀY 28.5 TẠI TIKTOKSHOP Lưu ngay lịch livestream để săn các sản phẩm chất lượng từ Dielac Grow Plus với giá ""yêu thương"" và nhận quà xịn. 💥 Ưu đãi 1-0-2 - Voucher giảm đến 21% - Voucher livestream độc quyền giảm đến 500k cho đơn từ 1 triệu - Kèm nhiều voucher & quà tặng hấp dẫn trong phiên live 🎁 Cơ hội trúng thú bông voi xanh dễ thương cùng bộ 4 ly chén sứ cao cấp Vinamilk (*) (*) Quà tặng Minigame tại Livestream. Số lượng quà tặng có giới hạn. #SuperBrandFestival #TiecDealCuongNhiet #DielacGrowPlus #Voixanh #TăngCânBềnCaoLênRõ";True;#SuperBrandFestival, #TiecDealCuongNhiet, #DielacGrowPlus, #Voixanh, #TăngCânBềnCaoLênRõ;5;;0;;0;11;0;3;0;10700;14;0.001308411214953271;Low;18;Short;2026-05-25 06:45:48+00:00;2026-05-25 13:45:48+07:00;2026-05-25;2026;5;13;Monday
7643652126777806100;https://www.tiktok.com/@vinamilk.official/video/7643652126777806100;vinamilk.official;"Khi con trai thành phố về quê và gánh vác trọng trách ""săn sale"" cho mẹ... 🫣
 
🥛 Sản phẩm mục tiêu: Sữa Hạt Cao Đạm Vinamilk (Bổ sung đạm tăng cơ cho con, giúp no lâu đỡ đói cho mẹ ăn chay trường).
⏰ Thời gian: 19:00 - 24:00 ngày 27.5 tại livestream Vinamilk Super Brand Festival trên Tiktok.
🎁 Giải thưởng cực khủng:
- Tai nghe Sony: Thực hiện đủ bộ ba Luyện tập - Mua sữa (đơn từ 600K ngày 27.5) - Chơi minigame kèm hashtag.
- 01 thùng Sữa Yến Mạch Vinamilk 180ml: Tham gia minigame livestream từ 26-28/05.

Tui sẵn sàng rồi, còn bạn đặt lịch săn quà cùng Vinamilk chưa?
━━━━━━━━━━
📌 THỂ LỆ CHƯƠNG TRÌNH MINIGAME VINAMILK SỮA HẠT

1. ĐỐI TƯỢNG THAM GIA
   Tất cả khách hàng có đơn hàng Vinamilk Sữa Hạt (bao gồm Sữa Hạt 9 Loại Hạt và Sữa Hạt Cao Đạm) phát sinh trong thời gian từ 01/05 đến hết 26/05.

2. CÁCH THỨC THAM GIA
   Để đủ điều kiện tham gia và được xét trao thưởng, khách hàng cần đáp ứng đồng thời tất cả điều kiện sau:

✔ Điều kiện 1 – Đơn hàng chương trình
Có ít nhất 01 đơn hàng Vinamilk Sữa Hạt phát sinh từ ngày 01/05 đến 26/05.

✔ Điều kiện 2 – Đơn hàng trong Livestream
Trong thời gian Livestream từ 19:00 – 24:00 ngày 27/05, khách hàng phát sinh thêm ít nhất 01 đơn hàng có giá trị từ 600.000 VNĐ trở lên.

✔ Điều kiện 3 – Tương tác Livestream
Trong khung giờ minigame từ 20:30 – 21:00 ngày 27/05:

* Bình luận câu trả lời đúng về Vinamilk Sữa Hạt trực tiếp tại Livestream
* Kèm đầy đủ hashtag: #SuaHatVinamilk #GiuYChi

⚠️ Chỉ các bình luận có đáp án đúng và đúng cú pháp hashtag mới được xem là hợp lệ.

3. PHƯƠNG THỨC XÉT GIẢI
* Host Livestream sẽ chụp màn hình ngẫu nhiên phần bình luận trong thời gian diễn ra minigame.
* Phần thưởng Tai nghe Bluetooth chụp tai Sony WH-CH720N sẽ được trao cho khách hàng hợp lệ đầu tiên xuất hiện trong danh sách chụp màn hình.
* Trường hợp khách hàng đầu tiên không hợp lệ, giải thưởng sẽ được xét lần lượt cho các khách hàng tiếp theo.

4. LƯU Ý
* Khách hàng chỉ được xem là hợp lệ khi đáp ứng đồng thời tất cả điều kiện chương trình.
* Ban Tổ Chức có quyền từ chối kết quả đối với các trường hợp gian lận hoặc không đáp ứng đúng thể lệ.
* Quyết định cuối cùng thuộc về Ban Tổ Chức.

📅 Đặt lịch livestream ngay hôm nay để không bỏ lỡ deal hời và quà xịn từ Vinamilk Sữa Hạt nhé!!

#SuperBrandFestival #TiecDealCuongNhiet";"Khi con trai thành phố về quê và gánh vác trọng trách ""săn sale"" cho mẹ... 🫣 🥛 Sản phẩm mục tiêu: Sữa Hạt Cao Đạm Vinamilk (Bổ sung đạm tăng cơ cho con, giúp no lâu đỡ đói cho mẹ ăn chay trường). ⏰ Thời gian: 19:00 - 24:00 ngày 27.5 tại livestream Vinamilk Super Brand Festival trên Tiktok. 🎁 Giải thưởng cực khủng: - Tai nghe Sony: Thực hiện đủ bộ ba Luyện tập - Mua sữa (đơn từ 600K ngày 27.5) - Chơi minigame kèm hashtag. - 01 thùng Sữa Yến Mạch Vinamilk 180ml: Tham gia minigame livestream từ 26-28/05. Tui sẵn sàng rồi, còn bạn đặt lịch săn quà cùng Vinamilk chưa? ━━━━━━━━━━ 📌 THỂ LỆ CHƯƠNG TRÌNH MINIGAME VINAMILK SỮA HẠT 1. ĐỐI TƯỢNG THAM GIA Tất cả khách hàng có đơn hàng Vinamilk Sữa Hạt (bao gồm Sữa Hạt 9 Loại Hạt và Sữa Hạt Cao Đạm) phát sinh trong thời gian từ 01/05 đến hết 26/05. 2. CÁCH THỨC THAM GIA Để đủ điều kiện tham gia và được xét trao thưởng, khách hàng cần đáp ứng đồng thời tất cả điều kiện sau: ✔ Điều kiện 1 – Đơn hàng chương trình Có ít nhất 01 đơn hàng Vinamilk Sữa Hạt phát sinh từ ngày 01/05 đến 26/05. ✔ Điều kiện 2 – Đơn hàng trong Livestream Trong thời gian Livestream từ 19:00 – 24:00 ngày 27/05, khách hàng phát sinh thêm ít nhất 01 đơn hàng có giá trị từ 600.000 VNĐ trở lên. ✔ Điều kiện 3 – Tương tác Livestream Trong khung giờ minigame từ 20:30 – 21:00 ngày 27/05: * Bình luận câu trả lời đúng về Vinamilk Sữa Hạt trực tiếp tại Livestream * Kèm đầy đủ hashtag: #SuaHatVinamilk #GiuYChi ⚠️ Chỉ các bình luận có đáp án đúng và đúng cú pháp hashtag mới được xem là hợp lệ. 3. PHƯƠNG THỨC XÉT GIẢI * Host Livestream sẽ chụp màn hình ngẫu nhiên phần bình luận trong thời gian diễn ra minigame. * Phần thưởng Tai nghe Bluetooth chụp tai Sony WH-CH720N sẽ được trao cho khách hàng hợp lệ đầu tiên xuất hiện trong danh sách chụp màn hình. * Trường hợp khách hàng đầu tiên không hợp lệ, giải thưởng sẽ được xét lần lượt cho các khách hàng tiếp theo. 4. LƯU Ý * Khách hàng chỉ được xem là hợp lệ khi đáp ứng đồng thời tất cả điều kiện chương trình. * Ban Tổ Chức có quyền từ chối kết quả đối với các trường hợp gian lận hoặc không đáp ứng đúng thể lệ. * Quyết định cuối cùng thuộc về Ban Tổ Chức. 📅 Đặt lịch livestream ngay hôm nay để không bỏ lỡ deal hời và quà xịn từ Vinamilk Sữa Hạt nhé!! #SuperBrandFestival #TiecDealCuongNhiet";True;#SuaHatVinamilk, #GiuYChi, #SuperBrandFestival, #TiecDealCuongNhiet;4;;0;;0;66;1;3;7;63400;77;0.0012145110410094638;High;57;Medium;2026-05-25 02:34:11+00:00;2026-05-25 09:34:11+07:00;2026-05-25;2026;5;9;Monday
7643651227431259413;https://www.tiktok.com/@vinamilk.official/video/7643651227431259413;vinamilk.official;"NẰM NHÀ HAY ĐI XA, CÓ SỮA TƯƠI 100% HƯƠNG COCKTAIL, HÈ VUI TRỌN VẸN 🥳
Dù chọn nằm nhà thưởng thức phim hay lên “chiến mã” đi xa cùng hội bạn, “linh hồn” của mọi cuộc vui mùa hè sao thiếu được Sữa tươi 100% phiên bản đặc biệt, được lấy cảm hứng từ cocktail kinh điển. Đặc biệt hơn khi mỗi hương vị mang đến một “mood” riêng cho kỳ nghỉ thêm trọn vẹn:
🍍 Pina Colada: Dứa tươi mát hòa cùng dừa ngọt thanh - lựa chọn hoàn hảo để “F5” năng lượng và tận hưởng không khí nhiệt đới ở mọi nơi bạn đến.
🥜 Bourbon Chuối Bơ Đậu Phộng: Chuối béo ngậy, đậu phộng bùi thơm “nuông chiều” ngày nghỉ tại gia đúng nghĩa!
☕ Cà Phê Ailen: Cà phê Ailen đặc trưng khơi dậy cảm hứng cho những câu chuyện tán gẫu bất tận cùng hội bạn thân.
👉 Hè này bạn lên “mood"" nào? Chia sẻ ngay cùng Vinamilk nhé!
👉 Mood nào cũng có Sữa tươi 100% hương cocktail nha: https://go.pencil.vn/CaPheAilen";"NẰM NHÀ HAY ĐI XA, CÓ SỮA TƯƠI 100% HƯƠNG COCKTAIL, HÈ VUI TRỌN VẸN 🥳 Dù chọn nằm nhà thưởng thức phim hay lên “chiến mã” đi xa cùng hội bạn, “linh hồn” của mọi cuộc vui mùa hè sao thiếu được Sữa tươi 100% phiên bản đặc biệt, được lấy cảm hứng từ cocktail kinh điển. Đặc biệt hơn khi mỗi hương vị mang đến một “mood” riêng cho kỳ nghỉ thêm trọn vẹn: 🍍 Pina Colada: Dứa tươi mát hòa cùng dừa ngọt thanh - lựa chọn hoàn hảo để “F5” năng lượng và tận hưởng không khí nhiệt đới ở mọi nơi bạn đến. 🥜 Bourbon Chuối Bơ Đậu Phộng: Chuối béo ngậy, đậu phộng bùi thơm “nuông chiều” ngày nghỉ tại gia đúng nghĩa! ☕ Cà Phê Ailen: Cà phê Ailen đặc trưng khơi dậy cảm hứng cho những câu chuyện tán gẫu bất tận cùng hội bạn thân. 👉 Hè này bạn lên “mood"" nào? Chia sẻ ngay cùng Vinamilk nhé! 👉 Mood nào cũng có Sữa tươi 100% hương cocktail nha: https://go.pencil.vn/CaPheAilen";True;;0;;0;https://go.pencil.vn/CaPheAilen;1;6;0;2;2;3567;10;0.0028034763106251754;Low;12;Very short;2026-05-25 02:30:45+00:00;2026-05-25 09:30:45+07:00;2026-05-25;2026;5;9;Monday
7643637570185776405;https://www.tiktok.com/@vinamilk.official/video/7643637570185776405;vinamilk.official;"GAME ON, SHOP ON ⚡TIỆC DEAL CUỒNG NHIỆT đã chính thức đổ bộ cùng Vinamilk Sữa Hạt x TikTok Shop 🔥

Mùa hè này, bật mood sống năng động hơn cùng Vinamilk Sữa Hạt chính hãng. Dù đang chuẩn bị xuống phố, workout hay “cháy” hết mình cùng mùa thể thao siêu hot sắp tới - đã đến lúc nâng cấp năng lượng và bứt phá giới hạn của chính mình 👊

🥛 MUA SỮA HẠT THƯỢNG HẠNG – NHẬN QUÀ XỊN RỘN RÀNG:
✨ Giảm đến 21%
✨ Voucher lên đến 700K
✨ Quà tặng độc quyền trong livestream

🎧 ĐẶC BIỆT MINIGAME LIVE – SĂN TAI NGHE SONY WH-CH720N
📍 Khung giờ minigame: 20:30 – 21:00 | 27.05

━━━━━━━━━━
📌 THỂ LỆ CHƯƠNG TRÌNH MINIGAME VINAMILK SỮA HẠT

1. ĐỐI TƯỢNG THAM GIA
   Tất cả khách hàng có đơn hàng Vinamilk Sữa Hạt (bao gồm Sữa Hạt 9 Loại Hạt và Sữa Hạt Cao Đạm) phát sinh trong thời gian từ 01/05 đến hết 26/05.

2. CÁCH THỨC THAM GIA
   Để đủ điều kiện tham gia và được xét trao thưởng, khách hàng cần đáp ứng đồng thời tất cả điều kiện sau:

✔ Điều kiện 1 – Đơn hàng chương trình
Có ít nhất 01 đơn hàng Vinamilk Sữa Hạt phát sinh từ ngày 01/05 đến 26/05.

✔ Điều kiện 2 – Đơn hàng trong Livestream
Trong thời gian Livestream từ 19:00 – 24:00 ngày 27/05, khách hàng phát sinh thêm ít nhất 01 đơn hàng có giá trị từ 600.000 VNĐ trở lên.

✔ Điều kiện 3 – Tương tác Livestream
Trong khung giờ minigame từ 20:30 – 21:00 ngày 27/05:

* Bình luận câu trả lời đúng về Vinamilk Sữa Hạt trực tiếp tại Livestream
* Kèm đầy đủ hashtag: #SuaHatVinamilk #GiuYChi

⚠️ Chỉ các bình luận có đáp án đúng và đúng cú pháp hashtag mới được xem là hợp lệ.

3. PHƯƠNG THỨC XÉT GIẢI
* Host Livestream sẽ chụp màn hình ngẫu nhiên phần bình luận trong thời gian diễn ra minigame.
* Phần thưởng Tai nghe Bluetooth chụp tai Sony WH-CH720N sẽ được trao cho khách hàng hợp lệ đầu tiên xuất hiện trong danh sách chụp màn hình.
* Trường hợp khách hàng đầu tiên không hợp lệ, giải thưởng sẽ được xét lần lượt cho các khách hàng tiếp theo.

4. LƯU Ý
* Khách hàng chỉ được xem là hợp lệ khi đáp ứng đồng thời tất cả điều kiện chương trình.
* Ban Tổ Chức có quyền từ chối kết quả đối với các trường hợp gian lận hoặc không đáp ứng đúng thể lệ.
* Quyết định cuối cùng thuộc về Ban Tổ Chức.

📅 Đặt lịch livestream ngay hôm nay để không bỏ lỡ deal hời và quà xịn từ Vinamilk Sữa Hạt nhé: https://www.tiktok.com/@vinamilk.official

#SuperBrandFestival #TiecDealCuongNhiet #SuaHatVinamilk ";GAME ON, SHOP ON ⚡TIỆC DEAL CUỒNG NHIỆT đã chính thức đổ bộ cùng Vinamilk Sữa Hạt x TikTok Shop 🔥 Mùa hè này, bật mood sống năng động hơn cùng Vinamilk Sữa Hạt chính hãng. Dù đang chuẩn bị xuống phố, workout hay “cháy” hết mình cùng mùa thể thao siêu hot sắp tới - đã đến lúc nâng cấp năng lượng và bứt phá giới hạn của chính mình 👊 🥛 MUA SỮA HẠT THƯỢNG HẠNG – NHẬN QUÀ XỊN RỘN RÀNG: ✨ Giảm đến 21% ✨ Voucher lên đến 700K ✨ Quà tặng độc quyền trong livestream 🎧 ĐẶC BIỆT MINIGAME LIVE – SĂN TAI NGHE SONY WH-CH720N 📍 Khung giờ minigame: 20:30 – 21:00 | 27.05 ━━━━━━━━━━ 📌 THỂ LỆ CHƯƠNG TRÌNH MINIGAME VINAMILK SỮA HẠT 1. ĐỐI TƯỢNG THAM GIA Tất cả khách hàng có đơn hàng Vinamilk Sữa Hạt (bao gồm Sữa Hạt 9 Loại Hạt và Sữa Hạt Cao Đạm) phát sinh trong thời gian từ 01/05 đến hết 26/05. 2. CÁCH THỨC THAM GIA Để đủ điều kiện tham gia và được xét trao thưởng, khách hàng cần đáp ứng đồng thời tất cả điều kiện sau: ✔ Điều kiện 1 – Đơn hàng chương trình Có ít nhất 01 đơn hàng Vinamilk Sữa Hạt phát sinh từ ngày 01/05 đến 26/05. ✔ Điều kiện 2 – Đơn hàng trong Livestream Trong thời gian Livestream từ 19:00 – 24:00 ngày 27/05, khách hàng phát sinh thêm ít nhất 01 đơn hàng có giá trị từ 600.000 VNĐ trở lên. ✔ Điều kiện 3 – Tương tác Livestream Trong khung giờ minigame từ 20:30 – 21:00 ngày 27/05: * Bình luận câu trả lời đúng về Vinamilk Sữa Hạt trực tiếp tại Livestream * Kèm đầy đủ hashtag: #SuaHatVinamilk #GiuYChi ⚠️ Chỉ các bình luận có đáp án đúng và đúng cú pháp hashtag mới được xem là hợp lệ. 3. PHƯƠNG THỨC XÉT GIẢI * Host Livestream sẽ chụp màn hình ngẫu nhiên phần bình luận trong thời gian diễn ra minigame. * Phần thưởng Tai nghe Bluetooth chụp tai Sony WH-CH720N sẽ được trao cho khách hàng hợp lệ đầu tiên xuất hiện trong danh sách chụp màn hình. * Trường hợp khách hàng đầu tiên không hợp lệ, giải thưởng sẽ được xét lần lượt cho các khách hàng tiếp theo. 4. LƯU Ý * Khách hàng chỉ được xem là hợp lệ khi đáp ứng đồng thời tất cả điều kiện chương trình. * Ban Tổ Chức có quyền từ chối kết quả đối với các trường hợp gian lận hoặc không đáp ứng đúng thể lệ. * Quyết định cuối cùng thuộc về Ban Tổ Chức. 📅 Đặt lịch livestream ngay hôm nay để không bỏ lỡ deal hời và quà xịn từ Vinamilk Sữa Hạt nhé: https://www.tiktok.com/@vinamilk.official #SuperBrandFestival #TiecDealCuongNhiet #SuaHatVinamilk;True;#SuaHatVinamilk, #GiuYChi, #SuperBrandFestival, #TiecDealCuongNhiet, #SuaHatVinamilk;5;@vinamilk;1;https://www.tiktok.com/@vinamilk.official;1;21;0;13;2;10300;36;0.003495145631067961;Low;57;Medium;2026-05-25 01:37:44+00:00;2026-05-25 08:37:44+07:00;2026-05-25;2026;5;8;Monday
7643462975927454997;https://www.tiktok.com/@vinamilk.official/video/7643462975927454997;vinamilk.official;"DUY NHẤT 26-28.3 TẠI TIKTOKSHOP
TIỆC DEAL CUỒNG NHIỆT - VINAMILK GREEN FARM
Lưu ngay lịch livestream để săn các sản phẩm chất lượng từ Vinamilk Green Farm với giá ""yêu thương"" và nhận quà xịn.

💥 Ưu đãi 1-0-2
- Voucher giảm 21% lên đến 700K cho đơn từ 2 triệu
- Voucher livestream độc quyền giảm đến 500k cho đơn từ 1 triệu
- Kèm nhiều voucher & quà tặng hấp dẫn trong phiên live

🎁 Cơ hội trúng 01 Máy Massage và Sữa chua dinh dưỡng*
(*) Quà tặng Minigame tại Livestream. Số lượng quà tặng có giới hạn.
#SuperBrandFestival #TiecDealCuongNhiet #VinamilkGreenFarm";"DUY NHẤT 26-28.3 TẠI TIKTOKSHOP TIỆC DEAL CUỒNG NHIỆT - VINAMILK GREEN FARM Lưu ngay lịch livestream để săn các sản phẩm chất lượng từ Vinamilk Green Farm với giá ""yêu thương"" và nhận quà xịn. 💥 Ưu đãi 1-0-2 - Voucher giảm 21% lên đến 700K cho đơn từ 2 triệu - Voucher livestream độc quyền giảm đến 500k cho đơn từ 1 triệu - Kèm nhiều voucher & quà tặng hấp dẫn trong phiên live 🎁 Cơ hội trúng 01 Máy Massage và Sữa chua dinh dưỡng* (*) Quà tặng Minigame tại Livestream. Số lượng quà tặng có giới hạn. #SuperBrandFestival #TiecDealCuongNhiet #VinamilkGreenFarm";True;#SuperBrandFestival, #TiecDealCuongNhiet, #VinamilkGreenFarm;3;;0;;0;5;0;2;0;6348;7;0.0011027095148078135;Low;23;Short;2026-05-24 14:20:09+00:00;2026-05-24 21:20:09+07:00;2026-05-24;2026;5;21;Sunday
7643458940142947605;https://www.tiktok.com/@vinamilk.official/video/7643458940142947605;vinamilk.official;"✨ SUPER BRAND FESTIVAL - NHỊP SỐNG KHỎE, DEAL VẪN ÊM ✨

Chăm sóc sức khỏe mỗi ngày bắt đầu từ những điều giản dị: Khỏe thân tâm trí
Ăn ngon ngủ trọn.
🥛Vinamilk Sure Gold – chứa 37 dưỡng chất, bao gồm Tryptophan, Vitamin nhóm B & Kẽm​
🥛 Vinamilk Sure Diacerna – chứa 37 dưỡng chất, bao gồm chất xơ hòa tan, PUFA, MUFA và đường palatinose​
🥛 Vinamilk Sure CanxiPro – chứa 36 dưỡng chất, ít béo, hỗ trợ chắc xương, khỏe khớp, duy trì cơ​

Dù là những ngày bận rộn hay thời điểm cần nghỉ ngơi hồi phục, một nền tảng dinh dưỡng vững vàng chính là cách để bạn tận hưởng cuộc sống trọn vẹn hơn.
🎁 Ưu đãi hấp dẫn tại Super Brand Festival
⏰ Khung giờ vàng: 8AM – 2PM | 27.05
👉 Vào live để chăm sóc sức khỏe cho bản thân và gia đình theo cách trọn vẹn nhất.

#SuperBrandFestival #TiecDealCuongNhiet #VinamilkSure #SongKhoeMoiNgay #AnNgonNguTron ";✨ SUPER BRAND FESTIVAL - NHỊP SỐNG KHỎE, DEAL VẪN ÊM ✨ Chăm sóc sức khỏe mỗi ngày bắt đầu từ những điều giản dị: Khỏe thân tâm trí Ăn ngon ngủ trọn. 🥛Vinamilk Sure Gold – chứa 37 dưỡng chất, bao gồm Tryptophan, Vitamin nhóm B & Kẽm​ 🥛 Vinamilk Sure Diacerna – chứa 37 dưỡng chất, bao gồm chất xơ hòa tan, PUFA, MUFA và đường palatinose​ 🥛 Vinamilk Sure CanxiPro – chứa 36 dưỡng chất, ít béo, hỗ trợ chắc xương, khỏe khớp, duy trì cơ​ Dù là những ngày bận rộn hay thời điểm cần nghỉ ngơi hồi phục, một nền tảng dinh dưỡng vững vàng chính là cách để bạn tận hưởng cuộc sống trọn vẹn hơn. 🎁 Ưu đãi hấp dẫn tại Super Brand Festival ⏰ Khung giờ vàng: 8AM – 2PM | 27.05 👉 Vào live để chăm sóc sức khỏe cho bản thân và gia đình theo cách trọn vẹn nhất. #SuperBrandFestival #TiecDealCuongNhiet #VinamilkSure #SongKhoeMoiNgay #AnNgonNguTron;True;#SuperBrandFestival, #TiecDealCuongNhiet, #VinamilkSure, #SongKhoeMoiNgay, #AnNgonNguTron;5;;0;;0;157;0;13;31;675400;201;0.000297601421379923;Very High;30;Short;2026-05-24 14:04:29+00:00;2026-05-24 21:04:29+07:00;2026-05-24;2026;5;21;Sunday
7642684576015355157;https://www.tiktok.com/@vinamilk.official/video/7642684576015355157;vinamilk.official;"🔥 SĂN NGAY SỮA TƯƠI VINAMILK 100% TẠI TIỆC DEAL CUỒNG NHIỆT! 🔥

Săn deal cực đã tại Super Brand Festival chỉ từ 26–28/05 🛒✨

💥 Ưu đãi “không thể bỏ lỡ”:
- Voucher giảm 21% lên đến 700K cho đơn từ 2 triệu
- Voucher livestream độc quyền giảm đến 500k cho đơn từ 1 triệu
- Kèm nhiều voucher & quà tặng hấp dẫn trong phiên live

🎁 Tham gia phiên livestream để trải nghiệm nhiều hoạt động tương tác thú vị và có cơ hội nhận tới 05 thùng Sữa tươi Vinamilk 100% phiên bản giới hạn, được truyền cảm hứng từ hương vị cocktail cổ  điển, thơm ngon yêu chiều vị giác:
⏰08:00 – 12:00 | 26.05.2026
⏰18:00 – 24:00 | 28.05.2026

👉 Deal xịn – quà chất – số lượng có hạn! Đặt lịch chốt deal ngay!

#TiecDealCuongNhiet #SuperBrandFestival #SuaTuoi100% #Vinamilk";🔥 SĂN NGAY SỮA TƯƠI VINAMILK 100% TẠI TIỆC DEAL CUỒNG NHIỆT! 🔥 Săn deal cực đã tại Super Brand Festival chỉ từ 26–28/05 🛒✨ 💥 Ưu đãi “không thể bỏ lỡ”: - Voucher giảm 21% lên đến 700K cho đơn từ 2 triệu - Voucher livestream độc quyền giảm đến 500k cho đơn từ 1 triệu - Kèm nhiều voucher & quà tặng hấp dẫn trong phiên live 🎁 Tham gia phiên livestream để trải nghiệm nhiều hoạt động tương tác thú vị và có cơ hội nhận tới 05 thùng Sữa tươi Vinamilk 100% phiên bản giới hạn, được truyền cảm hứng từ hương vị cocktail cổ điển, thơm ngon yêu chiều vị giác: ⏰08:00 – 12:00 | 26.05.2026 ⏰18:00 – 24:00 | 28.05.2026 👉 Deal xịn – quà chất – số lượng có hạn! Đặt lịch chốt deal ngay! #TiecDealCuongNhiet #SuperBrandFestival #SuaTuoi100% #Vinamilk;True;#TiecDealCuongNhiet, #SuperBrandFestival, #SuaTuoi100, #Vinamilk;4;;0;;0;13;2;6;2;17100;23;0.001345029239766082;Medium;24;Short;2026-05-22 11:59:37+00:00;2026-05-22 18:59:37+07:00;2026-05-22;2026;5;18;Friday
7642655979271671061;https://www.tiktok.com/@vinamilk.official/video/7642655979271671061;vinamilk.official;"🔥 GAME ON, SHOP ON - TIỆC DEAL CUỒNG NHIỆT đã chính thức bắt đầu!

Mùa hè này, đừng chỉ bật mode năng động mà còn phải bật luôn mode săn deal xịn chuẩn Mall 💥

🎁 Trong Super Brand Festival tháng 5:
- Voucher giảm 21% đến 700K cho đơn từ 2 triệu
- Voucher livestream độc quyền giảm đến 500k cho đơn từ 1 triệu
- Kèm nhiều voucher & quà tặng hấp dẫn trong phiên live

⏰ Nhắc lịch ngay: 26-28/05 Tại TikTok Shop Vinamilk - vào live là có deal!

#SuperBrandFestival #TiecDealCuongNhiet";🔥 GAME ON, SHOP ON - TIỆC DEAL CUỒNG NHIỆT đã chính thức bắt đầu! Mùa hè này, đừng chỉ bật mode năng động mà còn phải bật luôn mode săn deal xịn chuẩn Mall 💥 🎁 Trong Super Brand Festival tháng 5: - Voucher giảm 21% đến 700K cho đơn từ 2 triệu - Voucher livestream độc quyền giảm đến 500k cho đơn từ 1 triệu - Kèm nhiều voucher & quà tặng hấp dẫn trong phiên live ⏰ Nhắc lịch ngay: 26-28/05 Tại TikTok Shop Vinamilk - vào live là có deal! #SuperBrandFestival #TiecDealCuongNhiet;True;#SuperBrandFestival, #TiecDealCuongNhiet;2;;0;;0;14;2;20;2;15000;38;0.002533333333333333;Medium;5;Very short;2026-05-22 10:08:37+00:00;2026-05-22 17:08:37+07:00;2026-05-22;2026;5;17;Friday
7641171503295237383;https://www.tiktok.com/@vinamilk.official/video/7641171503295237383;vinamilk.official;Sữa hạt Cao đạm Vinamilk với 12g đạm/hộp 240ml, đồng hành cùng bạn gieo thói quen mới.;Sữa hạt Cao đạm Vinamilk với 12g đạm/hộp 240ml, đồng hành cùng bạn gieo thói quen mới.;True;;0;;0;;0;1001;2;55;102;2200000;1160;0.0005272727272727272;Very High;43;Medium;2026-05-18 10:08:08+00:00;2026-05-18 17:08:08+07:00;2026-05-18;2026;5;17;Monday
7640102154857909525;https://www.tiktok.com/@vinamilk.official/video/7640102154857909525;vinamilk.official;Sữa hạt Vinamilk với hàm lượng sữa hạt >94%, đồng hành cùng bạn gieo thói quen mới.;Sữa hạt Vinamilk với hàm lượng sữa hạt >94%, đồng hành cùng bạn gieo thói quen mới.;True;;0;;0;;0;230;3;36;27;1100000;296;0.0002690909090909091;Very High;44;Medium;2026-05-15 12:58:28+00:00;2026-05-15 19:58:28+07:00;2026-05-15;2026;5;19;Friday
7640101397215595797;https://www.tiktok.com/@vinamilk.official/video/7640101397215595797;vinamilk.official;Sữa hạt Vinamilk với hàm lượng sữa hạt >94%, đồng hành cùng bạn gieo thói quen mới.;Sữa hạt Vinamilk với hàm lượng sữa hạt >94%, đồng hành cùng bạn gieo thói quen mới.;True;;0;;0;;0;240;5;86;18;673700;349;0.0005180347335609322;Very High;46;Medium;2026-05-15 12:55:31+00:00;2026-05-15 19:55:31+07:00;2026-05-15;2026;5;19;Friday
7639703947795762450;https://www.tiktok.com/@vinamilk.official/video/7639703947795762450;vinamilk.official;"BỮA XẾ ĐỦ CHẤT
ĐỒNG HÀNH MỌI NƠI
Dù là đi học, đi picnic hay đến khu vui chơi yêu thích
Mỗi chuyến đi của bé đều là cuộc phiêu lưu khám phá thế giới 💛
Để bé luôn vững vàng trên mọi chuyến khám phá, mẹ đừng quên bổ sung đủ dưỡng chất cho bé mỗi ngày với sữa chua ăn SUSU
💪 Giàu dinh dưỡng: Vitamin A, B6, B12 và Canxi
💪 An toàn: Không phẩm màu, không chất bảo quản
💪 Khỏe toàn diện: Tiêu hoá tốt, đề kháng khoẻ, mắt sáng, và răng chắc
Cho bé đủ sức đi khám phá, có bữa xế SUSU đủ chất
Mẹ nhớ bảo quản lạnh để SUSU giữ trọn vị ngon và dưỡng chất 🌟
Sắm ngay SUSU để đồng hành cùng bé đi muôn nơi ngay mom ơi!";BỮA XẾ ĐỦ CHẤT ĐỒNG HÀNH MỌI NƠI Dù là đi học, đi picnic hay đến khu vui chơi yêu thích Mỗi chuyến đi của bé đều là cuộc phiêu lưu khám phá thế giới 💛 Để bé luôn vững vàng trên mọi chuyến khám phá, mẹ đừng quên bổ sung đủ dưỡng chất cho bé mỗi ngày với sữa chua ăn SUSU 💪 Giàu dinh dưỡng: Vitamin A, B6, B12 và Canxi 💪 An toàn: Không phẩm màu, không chất bảo quản 💪 Khỏe toàn diện: Tiêu hoá tốt, đề kháng khoẻ, mắt sáng, và răng chắc Cho bé đủ sức đi khám phá, có bữa xế SUSU đủ chất Mẹ nhớ bảo quản lạnh để SUSU giữ trọn vị ngon và dưỡng chất 🌟 Sắm ngay SUSU để đồng hành cùng bé đi muôn nơi ngay mom ơi!;True;;0;;0;;0;76;0;14;5;53100;95;0.0017890772128060263;High;9;Very short;2026-05-14 11:13:11+00:00;2026-05-14 18:13:11+07:00;2026-05-14;2026;5;18;Thursday
7639606049472924949;https://www.tiktok.com/@vinamilk.official/video/7639606049472924949;vinamilk.official;Sữa tươi nào khiến Emmei mê mẩn vậy ta?;Sữa tươi nào khiến Emmei mê mẩn vậy ta?;True;;0;;0;;0;1857;5;113;259;1400000;2234;0.0015957142857142858;Very High;79;Long;2026-05-14 04:53:21+00:00;2026-05-14 11:53:21+07:00;2026-05-14;2026;5;11;Thursday
7639596436341918997;https://www.tiktok.com/@vinamilk.official/video/7639596436341918997;vinamilk.official;Các mẹ chọn sữa với những tiêu chí nào?;Các mẹ chọn sữa với những tiêu chí nào?;True;;0;;0;;0;85;1;8;10;91600;104;0.0011353711790393012;High;64;Long;2026-05-14 04:16:04+00:00;2026-05-14 11:16:04+07:00;2026-05-14;2026;5;11;Thursday
7639595184774188308;https://www.tiktok.com/@vinamilk.official/video/7639595184774188308;vinamilk.official;Con bắt đầu ngày mới bằng ly sữa thơm ngon, mẹ yên tâm rồi nha;Con bắt đầu ngày mới bằng ly sữa thơm ngon, mẹ yên tâm rồi nha;True;;0;;0;;0;138;0;6;17;118200;161;0.0013620981387478849;High;90;Long;2026-05-14 04:11:10+00:00;2026-05-14 11:11:10+07:00;2026-05-14;2026;5;11;Thursday
7639593791598497045;https://www.tiktok.com/@vinamilk.official/video/7639593791598497045;vinamilk.official;Có sữa tươi Green Farm đồng hành cùng mẹ trên hành trình lớn lên của con;Có sữa tươi Green Farm đồng hành cùng mẹ trên hành trình lớn lên của con;True;;0;;0;;0;965;2;31;119;860000;1117;0.0012988372093023256;Very High;75;Long;2026-05-14 04:05:53+00:00;2026-05-14 11:05:53+07:00;2026-05-14;2026;5;11;Thursday
7639588583489244437;https://www.tiktok.com/@vinamilk.official/video/7639588583489244437;vinamilk.official;Thói quen nhỏ mỗi ngày không thể thiếu sữa tươi Green Farm;Thói quen nhỏ mỗi ngày không thể thiếu sữa tươi Green Farm;True;;0;;0;;0;57;0;1;3;44600;61;0.0013677130044843049;High;97;Long;2026-05-14 03:45:41+00:00;2026-05-14 10:45:41+07:00;2026-05-14;2026;5;10;Thursday
7639587785015315733;https://www.tiktok.com/@vinamilk.official/video/7639587785015315733;vinamilk.official;Sữa vừa  thơm ngon vừa an toàn, bé vừa hợp tác mà mẹ cũng yên tâm;Sữa vừa thơm ngon vừa an toàn, bé vừa hợp tác mà mẹ cũng yên tâm;True;;0;;0;;0;125;0;8;18;128300;151;0.0011769290724863602;High;104;Long;2026-05-14 03:42:26+00:00;2026-05-14 10:42:26+07:00;2026-05-14;2026;5;10;Thursday
7639236113990716692;https://www.tiktok.com/@vinamilk.official/video/7639236113990716692;vinamilk.official;Nhận ngay túi tote và BIB chạy VnExpress Marathon;Nhận ngay túi tote và BIB chạy VnExpress Marathon;True;;0;;0;;0;2265;2;159;239;5200000;2665;0.0005125;Very High;50;Medium;2026-05-13 04:57:46+00:00;2026-05-13 11:57:46+07:00;2026-05-13;2026;5;11;Wednesday
7638988626440850708;https://www.tiktok.com/@vinamilk.official/video/7638988626440850708;vinamilk.official;Nhận ngay túi tote và BIB chạy VnExpress Marathon;Nhận ngay túi tote và BIB chạy VnExpress Marathon;True;;0;;0;;0;2396;7;223;218;4600000;2844;0.0006182608695652174;Very High;49;Medium;2026-05-12 12:57:24+00:00;2026-05-12 19:57:24+07:00;2026-05-12;2026;5;19;Tuesday
7637041538220002578;https://www.tiktok.com/@vinamilk.official/video/7637041538220002578;vinamilk.official;Vinamilk Green Farm. Sữa tươi hậu vị cỏ hoa - Khóa tươi nhờ Công nghệ Kép Hút Chân Không;Vinamilk Green Farm. Sữa tươi hậu vị cỏ hoa - Khóa tươi nhờ Công nghệ Kép Hút Chân Không;True;;0;;0;;0;3866;12;935;404;15400000;5217;0.00033876623376623375;Very High;7;Very short;2026-05-07 07:01:46+00:00;2026-05-07 14:01:46+07:00;2026-05-07;2026;5;14;Thursday
7636304585832828178;https://www.tiktok.com/@vinamilk.official/video/7636304585832828178;vinamilk.official;"Thạch phô mai que cao canxi SuSu - ĐÃ NGON, CÒN GIÚP BÉ CAO LỚN! 💪
👉 Chính là nhờ Bộ Ba Cứng Cáp* đấy bố mẹ ơi! Khám phá ngay về Bộ Ba cực đỉnh này nào!
👉 Sản phẩm đã có mặt toàn quốc! Bố mẹ hãy ghé ngay cửa hàng Vinamilk, siêu thị và tạp hoá trên toàn quốc để rinh ngay món quà dinh dưỡng cho bé!
#SuSu #ThachPhoMaiQue #ThachPhoMaiQueCaoCanxi

*Bộ Ba Cứng Cáp gồm Canxi - Vitamin D3 - Vitamin K2 hỗ trợ bé cao lớn & giúp xương răng chắc khoẻ hơn.";Thạch phô mai que cao canxi SuSu - ĐÃ NGON, CÒN GIÚP BÉ CAO LỚN! 💪 👉 Chính là nhờ Bộ Ba Cứng Cáp* đấy bố mẹ ơi! Khám phá ngay về Bộ Ba cực đỉnh này nào! 👉 Sản phẩm đã có mặt toàn quốc! Bố mẹ hãy ghé ngay cửa hàng Vinamilk, siêu thị và tạp hoá trên toàn quốc để rinh ngay món quà dinh dưỡng cho bé! #SuSu #ThachPhoMaiQue #ThachPhoMaiQueCaoCanxi *Bộ Ba Cứng Cáp gồm Canxi - Vitamin D3 - Vitamin K2 hỗ trợ bé cao lớn & giúp xương răng chắc khoẻ hơn.;True;#SuSu, #ThachPhoMaiQue, #ThachPhoMaiQueCaoCanxi;3;;0;;0;810;18;42;108;3700000;978;0.0002643243243243243;Very High;15;Very short;2026-05-05 07:30:00+00:00;2026-05-05 14:30:00+07:00;2026-05-05;2026;5;14;Tuesday
7636268899603844372;https://www.tiktok.com/@vinamilk.official/video/7636268899603844372;vinamilk.official;"🌴 Hè đến rồi, nhưng chưa cần đi xa vẫn “check‑in” vòng quanh thế giới!
Passport vào hè cùng Vinamilk 🧳✨
📍 Mỹ – Hàn – Brazil chỉ cách bạn… một đơn Vinamilk thôi nè 😆

💥 SIÊU DEAL THÁNG 5
✅ ĐƠN 500K TẶNG Bộ Nam Châm Quốc Tế - 01.05 - 15.05
✅ ĐƠN 350K TẶNG Green Farm Flip Cup - DUY NHẤT 05.05
✅ ĐƠN 450K TẶNG Combo 4 Hộp Sữa Hạt - 01.05 - 31.05

***Quà tặng số lượng có hạn, có thể kết thúc sớm. Vui lòng kiểm tra kỹ giỏ hàng trước khi thanh toán

#Vinamilk #PassportVaoHe #SieuDealThang5 #VinamilkTiktokShop";🌴 Hè đến rồi, nhưng chưa cần đi xa vẫn “check‑in” vòng quanh thế giới! Passport vào hè cùng Vinamilk 🧳✨ 📍 Mỹ – Hàn – Brazil chỉ cách bạn… một đơn Vinamilk thôi nè 😆 💥 SIÊU DEAL THÁNG 5 ✅ ĐƠN 500K TẶNG Bộ Nam Châm Quốc Tế - 01.05 - 15.05 ✅ ĐƠN 350K TẶNG Green Farm Flip Cup - DUY NHẤT 05.05 ✅ ĐƠN 450K TẶNG Combo 4 Hộp Sữa Hạt - 01.05 - 31.05 ***Quà tặng số lượng có hạn, có thể kết thúc sớm. Vui lòng kiểm tra kỹ giỏ hàng trước khi thanh toán #Vinamilk #PassportVaoHe #SieuDealThang5 #VinamilkTiktokShop;True;#Vinamilk, #PassportVaoHe, #SieuDealThang5, #VinamilkTiktokShop;4;;0;;0;41;2;12;5;75100;60;0.0007989347536617843;High;42;Medium;2026-05-05 05:03:32+00:00;2026-05-05 12:03:32+07:00;2026-05-05;2026;5;12;Tuesday
7636240523568631061;https://www.tiktok.com/@vinamilk.official/video/7636240523568631061;vinamilk.official;"TẶNG NGAY 2 BỊCH CÙNG LOẠI BẤT KỲ KHI MUA 1 THÙNG SỮA DINH DƯỠNG VINAMILK NGẪU NHIÊN VỊ ÍT ĐƯỜNG/KHÔNG ĐƯỜNG/A2
Thời gian: ​​01.05 - 31.05.2026​​";TẶNG NGAY 2 BỊCH CÙNG LOẠI BẤT KỲ KHI MUA 1 THÙNG SỮA DINH DƯỠNG VINAMILK NGẪU NHIÊN VỊ ÍT ĐƯỜNG/KHÔNG ĐƯỜNG/A2 Thời gian: ​​01.05 - 31.05.2026​​;True;;0;;0;;0;6852;29;3249;1005;28000000;11135;0.00039767857142857145;Very High;12;Very short;2026-05-05 03:13:28+00:00;2026-05-05 10:13:28+07:00;2026-05-05;2026;5;10;Tuesday
7633642959765867794;https://www.tiktok.com/@vinamilk.official/video/7633642959765867794;vinamilk.official;"Phần thưởng cho em bé ngày nào cũng miệt mài học hành và chăm ngoan 🥳🥳
👉 Ghé cửa hàng Vinamik gần nhất để rinh ngay thôi cả nhà ơi!!!
🛒Thạch phô mai que SuSu Vị Kem Sữa | Vinamilk
#SuSu #ThachPhoMaiQue #ThachPhoMaiQueCaoCanxi";Phần thưởng cho em bé ngày nào cũng miệt mài học hành và chăm ngoan 🥳🥳 👉 Ghé cửa hàng Vinamik gần nhất để rinh ngay thôi cả nhà ơi!!! 🛒Thạch phô mai que SuSu Vị Kem Sữa | Vinamilk #SuSu #ThachPhoMaiQue #ThachPhoMaiQueCaoCanxi;True;#SuSu, #ThachPhoMaiQue, #ThachPhoMaiQueCaoCanxi;3;;0;;0;717;2;80;113;3000000;912;0.000304;Very High;107;Long;2026-04-28 03:12:34+00:00;2026-04-28 10:12:34+07:00;2026-04-28;2026;4;10;Tuesday
7632235172515122453;https://www.tiktok.com/@vinamilk.official/video/7632235172515122453;vinamilk.official;"Tháng 5, hệ sống xanh lên ngôi ✅

Checklist mua SỮA HẠT VINAMILK tại TikTok Shop Vinamilk đây:
- TẶNG túi đeo chéo Vinamilk KHI MUA 2 thùng SỮA HẠT (9 Hạt ít đường) 
- TẶNG quà sữa hạt/bộ nam châm đa quốc gia KHI ĐƠN TỪ 450K - 500K 
Chốt đơn nhanh tại TikTok Shop Vinamilk để không bỏ lỡ nhé!

***Quà tặng số lượng có hạn, có thể kết thúc sớm. Vui lòng kiểm tra kỹ giỏ hàng trước khi thanh toán.
#Vinamilk #TikTokShopVinamilk #SuaHat";Tháng 5, hệ sống xanh lên ngôi ✅ Checklist mua SỮA HẠT VINAMILK tại TikTok Shop Vinamilk đây: - TẶNG túi đeo chéo Vinamilk KHI MUA 2 thùng SỮA HẠT (9 Hạt ít đường) - TẶNG quà sữa hạt/bộ nam châm đa quốc gia KHI ĐƠN TỪ 450K - 500K Chốt đơn nhanh tại TikTok Shop Vinamilk để không bỏ lỡ nhé! ***Quà tặng số lượng có hạn, có thể kết thúc sớm. Vui lòng kiểm tra kỹ giỏ hàng trước khi thanh toán. #Vinamilk #TikTokShopVinamilk #SuaHat;True;#Vinamilk, #TikTokShopVinamilk, #SuaHat;3;;0;;0;743;9;35;79;522600;866;0.001657099119785687;Very High;27;Short;2026-04-24 08:10:36+00:00;2026-04-24 15:10:36+07:00;2026-04-24;2026;4;15;Friday
7632164951532211476;https://www.tiktok.com/@vinamilk.official/video/7632164951532211476;vinamilk.official;"TẶNG NGAY 2 BỊCH ​​SỮA DINH DƯỠNG VINAMILK CÓ ĐẠM A2 DỄ TIÊU HÓA KHI MUA 1 THÙNG VỊ ÍT ĐƯỜNG/KHÔNG ĐƯỜNG/A2
Thời gian:​​07.04-30.04.2026​​";TẶNG NGAY 2 BỊCH ​​SỮA DINH DƯỠNG VINAMILK CÓ ĐẠM A2 DỄ TIÊU HÓA KHI MUA 1 THÙNG VỊ ÍT ĐƯỜNG/KHÔNG ĐƯỜNG/A2 Thời gian:​​07.04-30.04.2026​​;True;;0;;0;;0;1264;12;298;171;3600000;1745;0.0004847222222222222;Very High;15;Very short;2026-04-24 03:38:09+00:00;2026-04-24 10:38:09+07:00;2026-04-24;2026;4;10;Friday
7631148118767078676;https://www.tiktok.com/@vinamilk.official/video/7631148118767078676;vinamilk.official;Sữa hạt Cao đạm Vinamilk đồng hành cùng bạn gieo thói quen mới.;Sữa hạt Cao đạm Vinamilk đồng hành cùng bạn gieo thói quen mới.;True;;0;;0;;0;3926;28;353;374;6900000;4681;0.0006784057971014493;Very High;59;Medium;2026-04-21 09:52:17+00:00;2026-04-21 16:52:17+07:00;2026-04-21;2026;4;16;Tuesday
7630740100258811156;https://www.tiktok.com/@vinamilk.official/video/7630740100258811156;vinamilk.official;"Sữa tươi Vinamilk 100% - Đa vị, thích gì cũng có. Sữa tươi phải thế!
#Vinamilk #Suatuoi100 #tuoimoingay";Sữa tươi Vinamilk 100% - Đa vị, thích gì cũng có. Sữa tươi phải thế! #Vinamilk #Suatuoi100 #tuoimoingay;True;#Vinamilk, #Suatuoi100, #tuoimoingay;3;;0;;0;46200;187;8319;5159;111400000;59865;0.0005373877917414721;Very High;30;Short;2026-04-20 07:29:02+00:00;2026-04-20 14:29:02+07:00;2026-04-20;2026;4;14;Monday
7630026101103906068;https://www.tiktok.com/@vinamilk.official/video/7630026101103906068;vinamilk.official;"Theo chân Mẹ kiểm chứng ""từ A đến Z"" các khâu làm ra một lon sữa bột Vinamilk đạt chuẩn an toàn & tinh khiết quốc tế.

**Sản phẩm này không phải là thuốc và không có tác dụng thay thế thuốc chữa bệnh.
#Vinamilk #Suabottreem #HanhtrinhKiemchung #MotngaytaiNhamay";"Theo chân Mẹ kiểm chứng ""từ A đến Z"" các khâu làm ra một lon sữa bột Vinamilk đạt chuẩn an toàn & tinh khiết quốc tế. **Sản phẩm này không phải là thuốc và không có tác dụng thay thế thuốc chữa bệnh. #Vinamilk #Suabottreem #HanhtrinhKiemchung #MotngaytaiNhamay";True;#Vinamilk, #Suabottreem, #HanhtrinhKiemchung, #MotngaytaiNhamay;4;;0;;0;621;16;26;39;138300;702;0.005075921908893709;High;122;Long;2026-04-19 05:00:00+00:00;2026-04-19 12:00:00+07:00;2026-04-19;2026;4;12;Sunday
7629671282262461717;https://www.tiktok.com/@vinamilk.official/video/7629671282262461717;vinamilk.official;"Cùng mẹ kiểm chứng quy trình ""tầng tầng lớp lớp"" kiểm duyệt tại nhà máy sản xuất sữa bột lớn nhất của Vinamilk.

**Sản phẩm này không phải không phải là thuốc và không có tác dụng thay thế thuốc chữa bệnh
#Vinamilk #Suabottrem #HanhtrinhKiemchung #MotngaytaiNhamay #migideiii";"Cùng mẹ kiểm chứng quy trình ""tầng tầng lớp lớp"" kiểm duyệt tại nhà máy sản xuất sữa bột lớn nhất của Vinamilk. **Sản phẩm này không phải không phải là thuốc và không có tác dụng thay thế thuốc chữa bệnh #Vinamilk #Suabottrem #HanhtrinhKiemchung #MotngaytaiNhamay #migideiii";True;#Vinamilk, #Suabottrem, #HanhtrinhKiemchung, #MotngaytaiNhamay, #migideiii;5;;0;;0;362;15;55;34;39700;466;0.011738035264483627;Medium;134;Long;2026-04-18 05:00:00+00:00;2026-04-18 12:00:00+07:00;2026-04-18;2026;4;12;Saturday
7629669333098286357;https://www.tiktok.com/@vinamilk.official/video/7629669333098286357;vinamilk.official;"Cùng khám phá quy trình sản xuất sữa bột khép kín, tự động hóa trên 90% để hiểu vì sao Vinamilk trở thành nơi Mẹ Shin gửi gắm niềm tin nhé!

**Sản phẩm này không phải không phải là thuốc và không có tác dụng thay thế thuốc chữa bệnh
#Vinamilk #Suabottrem #HanhtrinhKiemchung #MotngaytaiNhamay";Cùng khám phá quy trình sản xuất sữa bột khép kín, tự động hóa trên 90% để hiểu vì sao Vinamilk trở thành nơi Mẹ Shin gửi gắm niềm tin nhé! **Sản phẩm này không phải không phải là thuốc và không có tác dụng thay thế thuốc chữa bệnh #Vinamilk #Suabottrem #HanhtrinhKiemchung #MotngaytaiNhamay;True;#Vinamilk, #Suabottrem, #HanhtrinhKiemchung, #MotngaytaiNhamay;4;;0;;0;211;4;9;12;34000;236;0.006941176470588235;Medium;131;Long;2026-04-17 13:00:00+00:00;2026-04-17 20:00:00+07:00;2026-04-17;2026;4;20;Friday
7629647838452043026;https://www.tiktok.com/@vinamilk.official/video/7629647838452043026;vinamilk.official;"Nhớ đọc password “Tươi Cả Đôi” để nhận ngay Sữa Chua Uống Vinamilk Green Farm tại Tian Long nha ✨
#GreenFarm #Suachuauong #6chungmen #TianLong #laubotuoi ";Nhớ đọc password “Tươi Cả Đôi” để nhận ngay Sữa Chua Uống Vinamilk Green Farm tại Tian Long nha ✨ #GreenFarm #Suachuauong #6chungmen #TianLong #laubotuoi;True;#GreenFarm, #Suachuauong, #6chungmen, #TianLong, #laubotuoi;5;;0;;0;1627;3;132;115;2600000;1877;0.0007219230769230769;Very High;106;Long;2026-04-17 08:50:22+00:00;2026-04-17 15:50:22+07:00;2026-04-17;2026;4;15;Friday
7629645241947000085;https://www.tiktok.com/@vinamilk.official/video/7629645241947000085;vinamilk.official;"Nhớ đọc password “Tươi Cả Đôi” để nhận ngay Sữa Chua Uống Vinamilk Green Farm tại Tian Long nha ✨
#GreenFarm #Suachuauong #6chungmen #TianLong #LauBoTuoi";Nhớ đọc password “Tươi Cả Đôi” để nhận ngay Sữa Chua Uống Vinamilk Green Farm tại Tian Long nha ✨ #GreenFarm #Suachuauong #6chungmen #TianLong #LauBoTuoi;True;#GreenFarm, #Suachuauong, #6chungmen, #TianLong, #LauBoTuoi;5;;0;;0;1699;16;200;141;2800000;2056;0.0007342857142857143;Very High;94;Long;2026-04-17 08:40:21+00:00;2026-04-17 15:40:21+07:00;2026-04-17;2026;4;15;Friday
7628525816737221908;https://www.tiktok.com/@vinamilk.official/video/7628525816737221908;vinamilk.official;"Nhận ngay 2/34+ mảnh nam châm ghép bản đồ Việt Nam khi mua 1 thùng sữa tươi Vinamilk 100%!
#Vinamilk #Suatuoi100 #VinamilkMagnet";Nhận ngay 2/34+ mảnh nam châm ghép bản đồ Việt Nam khi mua 1 thùng sữa tươi Vinamilk 100%! #Vinamilk #Suatuoi100 #VinamilkMagnet;True;#Vinamilk, #Suatuoi100, #VinamilkMagnet;3;;0;;0;26900;166;15700;2898;97300000;45664;0.00046931140801644396;Very High;6;Very short;2026-04-14 08:16:28+00:00;2026-04-14 15:16:28+07:00;2026-04-14;2026;4;15;Tuesday
7628100895338794261;https://www.tiktok.com/@vinamilk.official/video/7628100895338794261;vinamilk.official;"TẶNG NGAY 2 BỊCH ​​SỮA DINH DƯỠNG VINAMILK CÓ ĐẠM A2 DỄ TIÊU HÓA KHI MUA 1 THÙNG VỊ ÍT ĐƯỜNG/KHÔNG ĐƯỜNG/A2
Thời gian:​​ 07.04-30.04.2026​​

#Vinamilk #SuaDinhDuongVinamilk #Mua1Tang2";TẶNG NGAY 2 BỊCH ​​SỮA DINH DƯỠNG VINAMILK CÓ ĐẠM A2 DỄ TIÊU HÓA KHI MUA 1 THÙNG VỊ ÍT ĐƯỜNG/KHÔNG ĐƯỜNG/A2 Thời gian:​​ 07.04-30.04.2026​​ #Vinamilk #SuaDinhDuongVinamilk #Mua1Tang2;True;#Vinamilk, #SuaDinhDuongVinamilk, #Mua1Tang2;3;;0;;0;8289;68;3382;989;28500000;12728;0.00044659649122807016;Very High;13;Very short;2026-04-13 04:47:34+00:00;2026-04-13 11:47:34+07:00;2026-04-13;2026;4;11;Monday
7625991381357514005;https://www.tiktok.com/@vinamilk.official/video/7625991381357514005;vinamilk.official;"📢 Tin vui nhất đầu hè tới rồi đây bố mẹ ơi! 
🌟🌟🌟THẠCH PHÔ MAI QUE CAO CANXI SUSU ĐÃ PHỦ ĐẦY KỆ HÀNG TOÀN QUỐC!🌟🌟🌟 
 
Mỗi que thạch phô mai que SuSu không chỉ dẻo mềm, núng nính cực nịnh miệng, mà còn bổ sung cho bé dưỡng chất từ Bộ Ba Cứng Cáp* và chất xơ hỗ trợ đường ruột hiệu quả.  
 
👉 Ghé cửa hàng Vinamik gần nhất để rinh ngay thôi cả nhà ơi!!!  
🛒Thạch phô mai que SuSu Vị Kem Sữa | Vinamilk 
 
#SuSu #ThachPhoMaiQue #ThachPhoMaiQueCaoCanxi 
*Bộ Ba Cứng Cáp gồm Canxi - Vitamin D3 - Vitamin K2 hỗ trợ bé cao lớn & giúp xương răng chắc khoẻ hơn. ";📢 Tin vui nhất đầu hè tới rồi đây bố mẹ ơi! 🌟🌟🌟THẠCH PHÔ MAI QUE CAO CANXI SUSU ĐÃ PHỦ ĐẦY KỆ HÀNG TOÀN QUỐC!🌟🌟🌟 Mỗi que thạch phô mai que SuSu không chỉ dẻo mềm, núng nính cực nịnh miệng, mà còn bổ sung cho bé dưỡng chất từ Bộ Ba Cứng Cáp* và chất xơ hỗ trợ đường ruột hiệu quả. 👉 Ghé cửa hàng Vinamik gần nhất để rinh ngay thôi cả nhà ơi!!! 🛒Thạch phô mai que SuSu Vị Kem Sữa | Vinamilk #SuSu #ThachPhoMaiQue #ThachPhoMaiQueCaoCanxi *Bộ Ba Cứng Cáp gồm Canxi - Vitamin D3 - Vitamin K2 hỗ trợ bé cao lớn & giúp xương răng chắc khoẻ hơn.;True;#SuSu, #ThachPhoMaiQue, #ThachPhoMaiQueCaoCanxi;3;;0;;0;1107;40;208;122;4500000;1477;0.0003282222222222222;Very High;8;Very short;2026-04-07 12:21:27+00:00;2026-04-07 19:21:27+07:00;2026-04-07;2026;4;19;Tuesday
7625990350460669204;https://www.tiktok.com/@vinamilk.official/video/7625990350460669204;vinamilk.official;"VINAMILK SUSU - SỮA CHUA UỐNG CÓ THẠCH - HƯƠNG KẸO BÔNG MỚI
💖 Chào đón sự trở lại của các sản phẩm Sữa Trái Cây, Sữa Chua Uống MỚI nhà Vinamilk SuSu!
🥤Hương vị mới lạ, vui miệng - Bé uống là mê: Kẹo Bông Có Thạch 🍭🧊, Marshmallow Kiwi Có Thạch🥝🧊, Đào Vải 🍑, Marshmallow Dâu🍓
💪 Không chỉ ngon, SuSu còn bổ sung Canxi & các Vitamin cần thiết, giúp bé khỏe mạnh và phát triển mỗi ngày
👉 NGON MÊÊÊ - THỬ NGAY!
#VinamilkSusu #SữaChuaUống #ThứcUốngSữaTráiCây
#SuSuKẹoBôngThạch #SuSuMarshmallowKiwiThạch #SuSuĐàoVải #SuSuMarshmallowDâu";VINAMILK SUSU - SỮA CHUA UỐNG CÓ THẠCH - HƯƠNG KẸO BÔNG MỚI 💖 Chào đón sự trở lại của các sản phẩm Sữa Trái Cây, Sữa Chua Uống MỚI nhà Vinamilk SuSu! 🥤Hương vị mới lạ, vui miệng - Bé uống là mê: Kẹo Bông Có Thạch 🍭🧊, Marshmallow Kiwi Có Thạch🥝🧊, Đào Vải 🍑, Marshmallow Dâu🍓 💪 Không chỉ ngon, SuSu còn bổ sung Canxi & các Vitamin cần thiết, giúp bé khỏe mạnh và phát triển mỗi ngày 👉 NGON MÊÊÊ - THỬ NGAY! #VinamilkSusu #SữaChuaUống #ThứcUốngSữaTráiCây #SuSuKẹoBôngThạch #SuSuMarshmallowKiwiThạch #SuSuĐàoVải #SuSuMarshmallowDâu;True;#VinamilkSusu, #SữaChuaUống, #ThứcUốngSữaTráiCây, #SuSuKẹoBôngThạch, #SuSuMarshmallowKiwiThạch, #SuSuĐàoVải, #SuSuMarshmallowDâu;7;;0;;0;70;0;40;14;214900;124;0.000577012563983248;High;7;Very short;2026-04-07 12:17:27+00:00;2026-04-07 19:17:27+07:00;2026-04-07;2026;4;19;Tuesday
7625990149842701589;https://www.tiktok.com/@vinamilk.official/video/7625990149842701589;vinamilk.official;"VINAMILK SUSU - THỨC UỐNG SỮA TRÁI CÂY CÓ THẠCH - HƯƠNG MARSHMALLOW KIWI MỚI
💖 Chào đón sự trở lại của các sản phẩm Sữa Trái Cây, Sữa Chua Uống MỚI nhà Vinamilk SuSu!
🥤Hương vị mới lạ, vui miệng - Bé uống là mê: Kẹo Bông Có Thạch 🍭🧊, Marshmallow Kiwi Có Thạch🥝🧊, Đào Vải 🍑, Marshmallow Dâu🍓
💪 Không chỉ ngon, SuSu còn bổ sung Canxi & các Vitamin cần thiết, giúp bé khỏe mạnh và phát triển mỗi ngày
👉 NGON MÊÊÊ - THỬ NGAY!
#VinamilkSusu #SữaChuaUống #ThứcUốngSữaTráiCây
#SuSuKẹoBôngThạch #SuSuMarshmallowKiwiThạch #SuSuĐàoVải #SuSuMarshmallowDâu";VINAMILK SUSU - THỨC UỐNG SỮA TRÁI CÂY CÓ THẠCH - HƯƠNG MARSHMALLOW KIWI MỚI 💖 Chào đón sự trở lại của các sản phẩm Sữa Trái Cây, Sữa Chua Uống MỚI nhà Vinamilk SuSu! 🥤Hương vị mới lạ, vui miệng - Bé uống là mê: Kẹo Bông Có Thạch 🍭🧊, Marshmallow Kiwi Có Thạch🥝🧊, Đào Vải 🍑, Marshmallow Dâu🍓 💪 Không chỉ ngon, SuSu còn bổ sung Canxi & các Vitamin cần thiết, giúp bé khỏe mạnh và phát triển mỗi ngày 👉 NGON MÊÊÊ - THỬ NGAY! #VinamilkSusu #SữaChuaUống #ThứcUốngSữaTráiCây #SuSuKẹoBôngThạch #SuSuMarshmallowKiwiThạch #SuSuĐàoVải #SuSuMarshmallowDâu;True;#VinamilkSusu, #SữaChuaUống, #ThứcUốngSữaTráiCây, #SuSuKẹoBôngThạch, #SuSuMarshmallowKiwiThạch, #SuSuĐàoVải, #SuSuMarshmallowDâu;7;;0;;0;108;0;18;12;407800;138;0.00033840117704757235;High;7;Very short;2026-04-07 12:16:39+00:00;2026-04-07 19:16:39+07:00;2026-04-07;2026;4;19;Tuesday
7625989915972521236;https://www.tiktok.com/@vinamilk.official/video/7625989915972521236;vinamilk.official;"VINAMILK SUSU - THỨC UỐNG SỮA TRÁI CÂY - HƯƠNG ĐÀO VẢI MỚI
💖 Chào đón sự trở lại của các sản phẩm Sữa Trái Cây, Sữa Chua Uống MỚI nhà Vinamilk SuSu!
🥤Hương vị mới lạ, vui miệng - Bé uống là mê: Kẹo Bông Có Thạch 🍭🧊, Marshmallow Kiwi Có Thạch🥝🧊, Đào Vải 🍑, Marshmallow Dâu🍓
💪 Không chỉ ngon, SuSu còn bổ sung Canxi & các Vitamin cần thiết, giúp bé khỏe mạnh và phát triển mỗi ngày
👉 NGON MÊÊÊ - THỬ NGAY!
#VinamilkSusu #SữaChuaUống #ThứcUốngSữaTráiCây
#SuSuKẹoBôngThạch #SuSuMarshmallowKiwiThạch #SuSuĐàoVải #SuSuMarshmallowDâu";VINAMILK SUSU - THỨC UỐNG SỮA TRÁI CÂY - HƯƠNG ĐÀO VẢI MỚI 💖 Chào đón sự trở lại của các sản phẩm Sữa Trái Cây, Sữa Chua Uống MỚI nhà Vinamilk SuSu! 🥤Hương vị mới lạ, vui miệng - Bé uống là mê: Kẹo Bông Có Thạch 🍭🧊, Marshmallow Kiwi Có Thạch🥝🧊, Đào Vải 🍑, Marshmallow Dâu🍓 💪 Không chỉ ngon, SuSu còn bổ sung Canxi & các Vitamin cần thiết, giúp bé khỏe mạnh và phát triển mỗi ngày 👉 NGON MÊÊÊ - THỬ NGAY! #VinamilkSusu #SữaChuaUống #ThứcUốngSữaTráiCây #SuSuKẹoBôngThạch #SuSuMarshmallowKiwiThạch #SuSuĐàoVải #SuSuMarshmallowDâu;True;#VinamilkSusu, #SữaChuaUống, #ThứcUốngSữaTráiCây, #SuSuKẹoBôngThạch, #SuSuMarshmallowKiwiThạch, #SuSuĐàoVải, #SuSuMarshmallowDâu;7;;0;;0;94;2;9;6;351600;111;0.00031569965870307165;High;7;Very short;2026-04-07 12:15:47+00:00;2026-04-07 19:15:47+07:00;2026-04-07;2026;4;19;Tuesday
7625989612330290453;https://www.tiktok.com/@vinamilk.official/video/7625989612330290453;vinamilk.official;"VINAMILK SUSU - THỨC UỐNG SỮA TRÁI CÂY - HƯƠNG MARSHMALLOW DÂU MỚI
💖 Chào đón sự trở lại của các sản phẩm Sữa Trái Cây, Sữa Chua Uống MỚI nhà Vinamilk SuSu!
🥤Hương vị mới lạ, vui miệng - Bé uống là mê: Kẹo Bông Có Thạch 🍭🧊, Marshmallow Kiwi Có Thạch🥝🧊, Đào Vải 🍑, Marshmallow Dâu🍓
💪 Không chỉ ngon, SuSu còn bổ sung Canxi & các Vitamin cần thiết, giúp bé khỏe mạnh và phát triển mỗi ngày
👉 NGON MÊÊÊ - THỬ NGAY!
#VinamilkSusu #SữaChuaUống #ThứcUốngSữaTráiCây
#SuSuKẹoBôngThạch #SuSuMarshmallowKiwiThạch #SuSuĐàoVải #SuSuMarshmallowDâu";VINAMILK SUSU - THỨC UỐNG SỮA TRÁI CÂY - HƯƠNG MARSHMALLOW DÂU MỚI 💖 Chào đón sự trở lại của các sản phẩm Sữa Trái Cây, Sữa Chua Uống MỚI nhà Vinamilk SuSu! 🥤Hương vị mới lạ, vui miệng - Bé uống là mê: Kẹo Bông Có Thạch 🍭🧊, Marshmallow Kiwi Có Thạch🥝🧊, Đào Vải 🍑, Marshmallow Dâu🍓 💪 Không chỉ ngon, SuSu còn bổ sung Canxi & các Vitamin cần thiết, giúp bé khỏe mạnh và phát triển mỗi ngày 👉 NGON MÊÊÊ - THỬ NGAY! #VinamilkSusu #SữaChuaUống #ThứcUốngSữaTráiCây #SuSuKẹoBôngThạch #SuSuMarshmallowKiwiThạch #SuSuĐàoVải #SuSuMarshmallowDâu;True;#VinamilkSusu, #SữaChuaUống, #ThứcUốngSữaTráiCây, #SuSuKẹoBôngThạch, #SuSuMarshmallowKiwiThạch, #SuSuĐàoVải, #SuSuMarshmallowDâu;7;;0;;0;66;0;40;4;280500;110;0.000392156862745098;High;7;Very short;2026-04-07 12:14:36+00:00;2026-04-07 19:14:36+07:00;2026-04-07;2026;4;19;Tuesday
7623761116333870356;https://www.tiktok.com/@vinamilk.official/video/7623761116333870356;vinamilk.official;"Thời 4.0, đi chợ cũng phải có checklist. ✅

Làm sao để bố mẹ khỏe mà con cái vẫn mua hời?
Checklist mua sữa cho bố mẹ tại TikTok Shop Vinamilk:
⏰ 01.04 – 15.04
- Mua 1 lon Sure Prevent Gold 1600g → Tặng Bộ bào rau củ Inochi cho mẹ
- Mua 1 lon Sure 900g bất kỳ → Tặng Ly Inochi Pastel cho bố
Chỉ với một cú click, sữa về nhà – quà vào túi, tiện lợi cho cả gia đình.
Chốt đơn ngay tại TikTok Shop Vinamilk!!!

***Quà tặng số lượng có hạn, có thể kết thúc sớm. Vui lòng kiểm tra kỹ giỏ hàng trước khi thanh toán.
#Vinamilk #TikTokShopVinamilk #Sure";Thời 4.0, đi chợ cũng phải có checklist. ✅ Làm sao để bố mẹ khỏe mà con cái vẫn mua hời? Checklist mua sữa cho bố mẹ tại TikTok Shop Vinamilk: ⏰ 01.04 – 15.04 - Mua 1 lon Sure Prevent Gold 1600g → Tặng Bộ bào rau củ Inochi cho mẹ - Mua 1 lon Sure 900g bất kỳ → Tặng Ly Inochi Pastel cho bố Chỉ với một cú click, sữa về nhà – quà vào túi, tiện lợi cho cả gia đình. Chốt đơn ngay tại TikTok Shop Vinamilk!!! ***Quà tặng số lượng có hạn, có thể kết thúc sớm. Vui lòng kiểm tra kỹ giỏ hàng trước khi thanh toán. #Vinamilk #TikTokShopVinamilk #Sure;True;#Vinamilk, #TikTokShopVinamilk, #Sure;3;;0;;0;309;9;33;39;367100;390;0.0010623808226641242;High;25;Short;2026-04-01 12:06:56+00:00;2026-04-01 19:06:56+07:00;2026-04-01;2026;4;19;Wednesday
7623375622592531732;https://www.tiktok.com/@vinamilk.official/video/7623375622592531732;vinamilk.official;Probi giảm đường cùng lợi khuẩn hỗ trợ giảm đến 40% số ngày mắc cúm. ​Êm ruột nuột đời!;Probi giảm đường cùng lợi khuẩn hỗ trợ giảm đến 40% số ngày mắc cúm. ​Êm ruột nuột đời!;True;;0;;0;;0;11600;44;3008;1288;40800000;15940;0.00039068627450980395;Very High;15;Very short;2026-03-31 11:11:01+00:00;2026-03-31 18:11:01+07:00;2026-03-31;2026;3;18;Tuesday
7618170120979909909;https://www.tiktok.com/@vinamilk.official/video/7618170120979909909;vinamilk.official;"Sữa hạt Vinamilk đồng hành cùng bạn gieo thói quen mới.
#vinamilk  #suahatvinamilk #sua9loaihat #suahatcaodam #suahat";Sữa hạt Vinamilk đồng hành cùng bạn gieo thói quen mới. #vinamilk #suahatvinamilk #sua9loaihat #suahatcaodam #suahat;True;#vinamilk, #suahatvinamilk, #sua9loaihat, #suahatcaodam, #suahat;5;;0;;0;5948;31;1145;749;26100000;7873;0.00030164750957854407;Very High;9;Very short;2026-03-17 10:30:58+00:00;2026-03-17 17:30:58+07:00;2026-03-17;2026;3;17;Tuesday
7617698843160890644;https://www.tiktok.com/@vinamilk.official/video/7617698843160890644;vinamilk.official;"DUY NHẤT 17-19.3 TẠI TIKTOKSHOP 
ĐẠI TIỆC DEAL CHẤT - VINAMILK GREEN FARM 
 
Lưu ngay lịch livestream để săn các sản phẩm chất lượng từ Vinamilk Green Farm với giá ""yêu thương"" và nhận quà xịn
👉 Voucher sàn và Voucher chỉ có trên livestream - Giảm đến 21% cho đơn từ 2 triệu và 1 triệu
🎁 Cơ hội trúng 01 Máy xay thịt đa năng Bear cho đơn hàng từ 700K*
 
(*) Quà tặng Minigame tại Livestream. Số lượng quà tặng có giới hạn.
#Vinamilk #VinamilkShopandMore #GreenFarm #SuperBrandFestival #TiecDealChat ";"DUY NHẤT 17-19.3 TẠI TIKTOKSHOP ĐẠI TIỆC DEAL CHẤT - VINAMILK GREEN FARM Lưu ngay lịch livestream để săn các sản phẩm chất lượng từ Vinamilk Green Farm với giá ""yêu thương"" và nhận quà xịn 👉 Voucher sàn và Voucher chỉ có trên livestream - Giảm đến 21% cho đơn từ 2 triệu và 1 triệu 🎁 Cơ hội trúng 01 Máy xay thịt đa năng Bear cho đơn hàng từ 700K* (*) Quà tặng Minigame tại Livestream. Số lượng quà tặng có giới hạn. #Vinamilk #VinamilkShopandMore #GreenFarm #SuperBrandFestival #TiecDealChat";True;#Vinamilk, #VinamilkShopandMore, #GreenFarm, #SuperBrandFestival, #TiecDealChat;5;;0;;0;76;2;33;17;61800;128;0.002071197411003236;High;23;Short;2026-03-16 04:02:21+00:00;2026-03-16 11:02:21+07:00;2026-03-16;2026;3;11;Monday
7617035641192205589;https://www.tiktok.com/@vinamilk.official/video/7617035641192205589;vinamilk.official;"Bộ 3 Optimum lấy cảm hứng từ Sữa mẹ – lựa chọn dinh dưỡng được nhiều mẹ tin dùng.

🎁 Nhà nào cũng có quà khi mua trên livestream
⏰ 10:00 – 14:00 | 17.03.2026

Trong Super Brand Festival tháng 3 của TikTok Shop:
- Voucher live giảm đến 21%
- Tối đa 500K cho đơn 1 triệu
- Nhiều voucher & quà tặng hấp dẫn đang chờ mẹ.

#Vinamilk #Optimum #SuperBrandFestival #TiecDealChat #VinamilkShopandMore";Bộ 3 Optimum lấy cảm hứng từ Sữa mẹ – lựa chọn dinh dưỡng được nhiều mẹ tin dùng. 🎁 Nhà nào cũng có quà khi mua trên livestream ⏰ 10:00 – 14:00 | 17.03.2026 Trong Super Brand Festival tháng 3 của TikTok Shop: - Voucher live giảm đến 21% - Tối đa 500K cho đơn 1 triệu - Nhiều voucher & quà tặng hấp dẫn đang chờ mẹ. #Vinamilk #Optimum #SuperBrandFestival #TiecDealChat #VinamilkShopandMore;True;#Vinamilk, #Optimum, #SuperBrandFestival, #TiecDealChat, #VinamilkShopandMore;5;;0;;0;322;8;52;56;688100;438;0.0006365353872983578;Very High;45;Medium;2026-03-14 09:08:44+00:00;2026-03-14 16:08:44+07:00;2026-03-14;2026;3;16;Saturday
7616340857955847444;https://www.tiktok.com/@vinamilk.official/video/7616340857955847444;vinamilk.official;"Sữa hạt Vinamilk với hàm lượng sữa hạt >94%, đồng hành cùng bạn gieo thói quen mới.
#Vinamilk #suahatvinamilk #suahat #suahatcaodam";Sữa hạt Vinamilk với hàm lượng sữa hạt >94%, đồng hành cùng bạn gieo thói quen mới. #Vinamilk #suahatvinamilk #suahat #suahatcaodam;True;#Vinamilk, #suahatvinamilk, #suahat, #suahatcaodam;4;;0;;0;45;2;20;9;26600;76;0.002857142857142857;Medium;7;Very short;2026-03-12 12:12:31+00:00;2026-03-12 19:12:31+07:00;2026-03-12;2026;3;19;Thursday
7616195659875945748;https://www.tiktok.com/@vinamilk.official/video/7616195659875945748;vinamilk.official;"Đại hội võ lâm giới ""Quà tặng"" họp bàn kế hoạch ""phá đảo"" ví tiền của mấy bà đây! 😂

🔥 Voucher giảm đến 700K cho đơn 2 triệu, giảm đến 500K cho đơn 1 triệu (chỉ có trên live).
⏰ Nhắc lịch ngay: 08:00 & 20:00 ngày 17-19/03 tại TiktokShop của Vinamilk.

#Vinamilk #SuperBrandFestival #TikTokShop #SieuSale";"Đại hội võ lâm giới ""Quà tặng"" họp bàn kế hoạch ""phá đảo"" ví tiền của mấy bà đây! 😂 🔥 Voucher giảm đến 700K cho đơn 2 triệu, giảm đến 500K cho đơn 1 triệu (chỉ có trên live). ⏰ Nhắc lịch ngay: 08:00 & 20:00 ngày 17-19/03 tại TiktokShop của Vinamilk. #Vinamilk #SuperBrandFestival #TikTokShop #SieuSale";True;#Vinamilk, #SuperBrandFestival, #TikTokShop, #SieuSale;4;;0;;0;920;20;83;105;708900;1128;0.0015911976301311891;Very High;47;Medium;2026-03-12 02:49:13+00:00;2026-03-12 09:49:13+07:00;2026-03-12;2026;3;9;Thursday
7616195120517418260;https://www.tiktok.com/@vinamilk.official/video/7616195120517418260;vinamilk.official;"Checklist ""Hiếu thảo"" phiên bản hệ lý trí: Quà phải xịn, giá phải hời! 🧠✨

🎁 Voucher giảm đến 700K cho đơn 2 triệu, giảm đến 500K cho đơn 1 triệu (chỉ có trên live).
🎁 Quà tặng Ly Inochi & cơ hội trúng MÁY HÚT BỤI.

Hẹn anh em 18h ngày 19/03 tại Live Vinamilk nhé! ⚡️
#SieuBrandFestival #VinamilkLive #SaleKhung #Suabotnguoilon";"Checklist ""Hiếu thảo"" phiên bản hệ lý trí: Quà phải xịn, giá phải hời! 🧠✨ 🎁 Voucher giảm đến 700K cho đơn 2 triệu, giảm đến 500K cho đơn 1 triệu (chỉ có trên live). 🎁 Quà tặng Ly Inochi & cơ hội trúng MÁY HÚT BỤI. Hẹn anh em 18h ngày 19/03 tại Live Vinamilk nhé! ⚡️ #SieuBrandFestival #VinamilkLive #SaleKhung #Suabotnguoilon";True;#SieuBrandFestival, #VinamilkLive, #SaleKhung, #Suabotnguoilon;4;;0;;0;629;3;72;83;1400000;787;0.0005621428571428572;Very High;46;Medium;2026-03-12 02:47:03+00:00;2026-03-12 09:47:03+07:00;2026-03-12;2026;3;9;Thursday
7612657441519586580;https://www.tiktok.com/@vinamilk.official/video/7612657441519586580;vinamilk.official;"[TP.HCM] Chỉ còn 2 ngày mang quà về từ Vinamilk Đồng Khởi

Bước vào cửa hàng là đập thẳng vào mắt một không gian thanh lịch, lại còn đa dạng quà tặng từ túi tote và nam châm hay gấu siêu xịn đó nha
👉 Chương trình chỉ diễn ra đến hết ngày 03/03.​
👉 Địa chỉ: 53 Đồng Khởi, Phường Sài Gòn, Hồ Chí Minh.​

#Vinamilk #VinamilkShopandMore #Vinamilkstore";[TP.HCM] Chỉ còn 2 ngày mang quà về từ Vinamilk Đồng Khởi Bước vào cửa hàng là đập thẳng vào mắt một không gian thanh lịch, lại còn đa dạng quà tặng từ túi tote và nam châm hay gấu siêu xịn đó nha 👉 Chương trình chỉ diễn ra đến hết ngày 03/03.​ 👉 Địa chỉ: 53 Đồng Khởi, Phường Sài Gòn, Hồ Chí Minh.​ #Vinamilk #VinamilkShopandMore #Vinamilkstore;True;#Vinamilk, #VinamilkShopandMore, #Vinamilkstore;3;;0;;0;164;1;20;28;48300;213;0.004409937888198758;High;64;Long;2026-03-02 13:59:03+00:00;2026-03-02 20:59:03+07:00;2026-03-02;2026;3;20;Monday
7612647174253366548;https://www.tiktok.com/@vinamilk.official/video/7612647174253366548;vinamilk.official;"[TP.HCM] Chào deal khai trương cửa hàng Đồng Khởi​
​
Tối nay xuống phố, mà vào cửa hàng mới Vinamilk tại Đồng Khởi thì phải “Ohhh Wowww!” 😲😲😲​​
 🎁 Mua đơn càng nhiều còn được tặng quà càng lớn đó nha, toàn túi sành điệu và nam châm xinh xỉu.​
 ⏰ Thời gian áp dụng: 27/02 - 03/03.​
 👉 Ra cửa hàng mới Vinamilk tại 53 Đồng Khởi, Phường Sài Gòn, Hồ Chí Minh để trải nghiệm ngay nha!​
​
#Vinamilk #VinamilkShopandMore #CuahangVinamilk #Vinamilk53dongkhoi";[TP.HCM] Chào deal khai trương cửa hàng Đồng Khởi​ ​ Tối nay xuống phố, mà vào cửa hàng mới Vinamilk tại Đồng Khởi thì phải “Ohhh Wowww!” 😲😲😲​​ 🎁 Mua đơn càng nhiều còn được tặng quà càng lớn đó nha, toàn túi sành điệu và nam châm xinh xỉu.​ ⏰ Thời gian áp dụng: 27/02 - 03/03.​ 👉 Ra cửa hàng mới Vinamilk tại 53 Đồng Khởi, Phường Sài Gòn, Hồ Chí Minh để trải nghiệm ngay nha!​ ​ #Vinamilk #VinamilkShopandMore #CuahangVinamilk #Vinamilk53dongkhoi;True;#Vinamilk, #VinamilkShopandMore, #CuahangVinamilk, #Vinamilk53dongkhoi;4;;0;;0;255;12;26;19;65000;312;0.0048;High;83;Long;2026-03-02 13:19:13+00:00;2026-03-02 20:19:13+07:00;2026-03-02;2026;3;20;Monday
7612629641756413205;https://www.tiktok.com/@vinamilk.official/video/7612629641756413205;vinamilk.official;"[TP.HCM] Chào deal khai trương cửa hàng Đồng Khởi​
​
Tối nay xuống phố, mà vào cửa hàng mới Vinamilk tại Đồng Khởi thì phải “Ohhh Wowww!” 😲😲😲​​
 🎁 Mua đơn càng nhiều còn được tặng quà càng lớn đó nha, toàn túi sành điệu và nam châm xinh xỉu.​
 ⏰ Thời gian áp dụng: 27/02 - 03/03.​
 👉 Ra cửa hàng mới Vinamilk tại 53 Đồng Khởi, Phường Sài Gòn, Hồ Chí Minh để trải nghiệm ngay nha!​
​
 #Vinamilk #VinamilkShopandMore #CuahangVinamilk #Vinamilk53dongkhoi";[TP.HCM] Chào deal khai trương cửa hàng Đồng Khởi​ ​ Tối nay xuống phố, mà vào cửa hàng mới Vinamilk tại Đồng Khởi thì phải “Ohhh Wowww!” 😲😲😲​​ 🎁 Mua đơn càng nhiều còn được tặng quà càng lớn đó nha, toàn túi sành điệu và nam châm xinh xỉu.​ ⏰ Thời gian áp dụng: 27/02 - 03/03.​ 👉 Ra cửa hàng mới Vinamilk tại 53 Đồng Khởi, Phường Sài Gòn, Hồ Chí Minh để trải nghiệm ngay nha!​ ​ #Vinamilk #VinamilkShopandMore #CuahangVinamilk #Vinamilk53dongkhoi;True;#Vinamilk, #VinamilkShopandMore, #CuahangVinamilk, #Vinamilk53dongkhoi;4;;0;;0;54;0;8;3;14100;65;0.004609929078014184;Low;77;Long;2026-03-02 12:11:06+00:00;2026-03-02 19:11:06+07:00;2026-03-02;2026;3;19;Monday
7610397633005276417;https://www.tiktok.com/@vinamilk.official/video/7610397633005276417;vinamilk.official;"Tuổi nghỉ hưu của người: 60 tuổi ​
Tuổi nghỉ hưu của sữa chua ăn: 45 ngày​
Chỉ 45 ngày thôi, nhưng lợi hại lắm đó! ​

🥄 Hạn dùng lý tưởng cho chất lượng đạt phong độ tốt nhất​
🥄 Manh mối nhận diện sữa chua có men sống CÒN-HOẠT-ĐỘNG. Đa phần sữa chua có hạn dùng dài hơn 45-50 ngày đều là sữa chua tiệt trùng - tiệt luôn cả men sống!​

📣 Đã chọn sữa chua ăn, hãy chọn sữa chua ăn men sống với HSD chuẩn 45 ngày cho vị ngon – chất lượng tốt nhất!​
#Vinamilk #SuachuaVinamilk​";Tuổi nghỉ hưu của người: 60 tuổi ​ Tuổi nghỉ hưu của sữa chua ăn: 45 ngày​ Chỉ 45 ngày thôi, nhưng lợi hại lắm đó! ​ 🥄 Hạn dùng lý tưởng cho chất lượng đạt phong độ tốt nhất​ 🥄 Manh mối nhận diện sữa chua có men sống CÒN-HOẠT-ĐỘNG. Đa phần sữa chua có hạn dùng dài hơn 45-50 ngày đều là sữa chua tiệt trùng - tiệt luôn cả men sống!​ 📣 Đã chọn sữa chua ăn, hãy chọn sữa chua ăn men sống với HSD chuẩn 45 ngày cho vị ngon – chất lượng tốt nhất!​ #Vinamilk #SuachuaVinamilk​;True;#Vinamilk, #SuachuaVinamilk;2;;0;;0;21;0;70;9;10600;100;0.009433962264150943;Low;15;Very short;2026-02-25 12:00:00+00:00;2026-02-25 19:00:00+07:00;2026-02-25;2026;2;19;Wednesday
7610397515631922433;https://www.tiktok.com/@vinamilk.official/video/7610397515631922433;vinamilk.official;"Chuyện gì xảy ra ở 2-8°C:​
Người: ngủ đông 😴​
Men sống: năng động khỏe khoắn 🥳​

2-8°C là điều kiện sống lý tưởng của men sống - ""con át chủ bài"" cho vị ngon, độ dẻo mịn và lợi ích tiêu hóa của sữa chua!​
Quá nóng hay quá lạnh thì cả men sống và chất lượng vốn có của sữa chua đều bay mất!​

📣 Đã chọn sữa chua ăn, hãy chỉ chọn sữa chua được giữ lạnh trong điều kiện lý tưởng 2-8°C nhé!​

#Vinamilk #SuachuaVinamilk​";"Chuyện gì xảy ra ở 2-8°C:​ Người: ngủ đông 😴​ Men sống: năng động khỏe khoắn 🥳​ 2-8°C là điều kiện sống lý tưởng của men sống - ""con át chủ bài"" cho vị ngon, độ dẻo mịn và lợi ích tiêu hóa của sữa chua!​ Quá nóng hay quá lạnh thì cả men sống và chất lượng vốn có của sữa chua đều bay mất!​ 📣 Đã chọn sữa chua ăn, hãy chỉ chọn sữa chua được giữ lạnh trong điều kiện lý tưởng 2-8°C nhé!​ #Vinamilk #SuachuaVinamilk​";True;#Vinamilk, #SuachuaVinamilk;2;;0;;0;31;3;8;6;19400;48;0.002474226804123711;Medium;11;Very short;2026-02-25 03:00:00+00:00;2026-02-25 10:00:00+07:00;2026-02-25;2026;2;10;Wednesday
7610397225730067713;https://www.tiktok.com/@vinamilk.official/video/7610397225730067713;vinamilk.official;"BẠN ĐÃ ""TRẢ GIÁ ĐÚNG"" CHO SỮA CHUA ĂN? ​  

Liệu giá trị thật của mỗi hũ sữa chua nằm trên bảng giá, hay ẩn trong những con số trên bao bì?​ Mời bạn ngồi ngay ngắn, đón chờ series bóc giá sữa chua. Phát sóng trực tiếp trên kênh VNM! ​  

#Vinamilk #SuachuaVinamilk​";"BẠN ĐÃ ""TRẢ GIÁ ĐÚNG"" CHO SỮA CHUA ĂN? ​ Liệu giá trị thật của mỗi hũ sữa chua nằm trên bảng giá, hay ẩn trong những con số trên bao bì?​ Mời bạn ngồi ngay ngắn, đón chờ series bóc giá sữa chua. Phát sóng trực tiếp trên kênh VNM! ​ #Vinamilk #SuachuaVinamilk​";True;#Vinamilk, #SuachuaVinamilk;2;;0;;0;48;0;11;6;22400;65;0.0029017857142857144;Medium;8;Very short;2026-02-24 11:49:01+00:00;2026-02-24 18:49:01+07:00;2026-02-24;2026;2;18;Tuesday
7606266372833824021;https://www.tiktok.com/@vinamilk.official/video/7606266372833824021;vinamilk.official;"🎉 TIỆC TO TIỆC NHỎ, LÓT DẠ MỘT CHAI

Năm hết Tết đến, lịch hẹn dày đặc. Trước mỗi cuộc vui, đừng quên lót dạ với 1 chai sữa chua uống Green Farm.

Với 6 chủng men và lượng lợi khuẩn cao gấp 3 lần so với mức tối thiểu* của sữa chua thông thường, sữa chua uống sệt Green Farm hỗ trợ cân bằng hệ vi sinh đường ruột, giúp bạn nhập tiệc mà vẫn nhẹ bụng, thoải mái.

*Theo tiêu chuẩn quốc gia CODEX
#Vinamilk #GreenFarm #Suachuauong #6chungmen";🎉 TIỆC TO TIỆC NHỎ, LÓT DẠ MỘT CHAI Năm hết Tết đến, lịch hẹn dày đặc. Trước mỗi cuộc vui, đừng quên lót dạ với 1 chai sữa chua uống Green Farm. Với 6 chủng men và lượng lợi khuẩn cao gấp 3 lần so với mức tối thiểu* của sữa chua thông thường, sữa chua uống sệt Green Farm hỗ trợ cân bằng hệ vi sinh đường ruột, giúp bạn nhập tiệc mà vẫn nhẹ bụng, thoải mái. *Theo tiêu chuẩn quốc gia CODEX #Vinamilk #GreenFarm #Suachuauong #6chungmen;True;#Vinamilk, #GreenFarm, #Suachuauong, #6chungmen;4;;0;;0;73;4;27;19;23600;123;0.005211864406779661;Medium;15;Very short;2026-02-14 13:00:00+00:00;2026-02-14 20:00:00+07:00;2026-02-14;2026;2;20;Saturday
7606266661678615828;https://www.tiktok.com/@vinamilk.official/video/7606266661678615828;vinamilk.official;"🎁 PHẦN THƯỞNG CHO ""NHÂN VIÊN"" XUẤT SẮC NHẤT NĂM!

Một năm chạy deadline không ngừng nghỉ, đã đến lúc tự thưởng cho bản thân điều xứng đáng.

Mời bạn thưởng thức ngay hương vị độc đáo của sữa chua men Hy Lạp 30 năm tuổi từ đảo Crete, mượt mà và giàu đạm nhé.

#Vinamilk #GreenFarm #Suachuamenhylap #suachuacaodam";"🎁 PHẦN THƯỞNG CHO ""NHÂN VIÊN"" XUẤT SẮC NHẤT NĂM! Một năm chạy deadline không ngừng nghỉ, đã đến lúc tự thưởng cho bản thân điều xứng đáng. Mời bạn thưởng thức ngay hương vị độc đáo của sữa chua men Hy Lạp 30 năm tuổi từ đảo Crete, mượt mà và giàu đạm nhé. #Vinamilk #GreenFarm #Suachuamenhylap #suachuacaodam";True;#Vinamilk, #GreenFarm, #Suachuamenhylap, #suachuacaodam;4;;0;;0;42;0;8;8;6625;58;0.008754716981132076;Low;13;Very short;2026-02-13 13:00:00+00:00;2026-02-13 20:00:00+07:00;2026-02-13;2026;2;20;Friday
7605983602421009681;https://www.tiktok.com/@vinamilk.official/video/7605983602421009681;vinamilk.official;"Đón Tết với phiên bản khỏe hơn của chính mình, bắt đầu từ việc chăm sóc hệ tiêu hóa mỗi ngày cùng sữa chua uống Green Farm.

6 chủng men và lợi khuẩn châu Âu đầu tiên và duy nhất tại Việt Nam, mang đến nền sữa sánh mịn, chua béo ngọt lành.

Ăn Tết trọn vị, giữ dáng nhẹ nhàng.

*Theo tiêu chuẩn quốc gia CODEX
#Vinamilk #GreenFarm #Suachuauong #6chungmen";Đón Tết với phiên bản khỏe hơn của chính mình, bắt đầu từ việc chăm sóc hệ tiêu hóa mỗi ngày cùng sữa chua uống Green Farm. 6 chủng men và lợi khuẩn châu Âu đầu tiên và duy nhất tại Việt Nam, mang đến nền sữa sánh mịn, chua béo ngọt lành. Ăn Tết trọn vị, giữ dáng nhẹ nhàng. *Theo tiêu chuẩn quốc gia CODEX #Vinamilk #GreenFarm #Suachuauong #6chungmen;True;#Vinamilk, #GreenFarm, #Suachuauong, #6chungmen;4;;0;;0;55;0;13;6;14100;74;0.00524822695035461;Low;9;Very short;2026-02-12 14:21:11+00:00;2026-02-12 21:21:11+07:00;2026-02-12;2026;2;21;Thursday
7605508317883960597;https://www.tiktok.com/@vinamilk.official/video/7605508317883960597;vinamilk.official;"Cột năng lượng vẫn full sau giờ dạy tại @toppilatesvn vì kịp nạp đạm xịn! 
#Vinamilk #GreenFarm #GreenFarmCaoDam #ItBeoGiauCanxi #toppilatesvn";Cột năng lượng vẫn full sau giờ dạy tại @toppilatesvn vì kịp nạp đạm xịn! #Vinamilk #GreenFarm #GreenFarmCaoDam #ItBeoGiauCanxi #toppilatesvn;True;#Vinamilk, #GreenFarm, #GreenFarmCaoDam, #ItBeoGiauCanxi, #toppilatesvn;5;@toppilatesvn;1;;0;46;0;19;8;11200;73;0.006517857142857143;Low;52;Medium;2026-02-11 07:36:41+00:00;2026-02-11 14:36:41+07:00;2026-02-11;2026;2;14;Wednesday
7603322360157965575;https://www.tiktok.com/@vinamilk.official/video/7603322360157965575;vinamilk.official;"Chúc Xuân Sung Sức - Mã Đáo Thịnh Vượng
#Vinamilk #ChucXuanSungSuc";Chúc Xuân Sung Sức - Mã Đáo Thịnh Vượng #Vinamilk #ChucXuanSungSuc;True;#Vinamilk, #ChucXuanSungSuc;2;;0;;0;40900;127;6071;4617;37400000;51715;0.001382754010695187;Very High;30;Short;2026-02-05 10:14:02+00:00;2026-02-05 17:14:02+07:00;2026-02-05;2026;2;17;Thursday
7603318262398536980;https://www.tiktok.com/@vinamilk.official/video/7603318262398536980;vinamilk.official;"Chúc Xuân Sung Sức - Mã Đáo Thịnh Vượng
#Vinamilk #ChucXuanSungSuc";Chúc Xuân Sung Sức - Mã Đáo Thịnh Vượng #Vinamilk #ChucXuanSungSuc;True;#Vinamilk, #ChucXuanSungSuc;2;;0;;0;1784;1;453;169;3400000;2407;0.0007079411764705883;Very High;6;Very short;2026-02-05 09:58:11+00:00;2026-02-05 16:58:11+07:00;2026-02-05;2026;2;16;Thursday
7603317797942332692;https://www.tiktok.com/@vinamilk.official/video/7603317797942332692;vinamilk.official;"Chúc Xuân Sung Sức - Mã Đáo Thịnh Vượng
#Vinamilk #ChucXuanSungSuc";Chúc Xuân Sung Sức - Mã Đáo Thịnh Vượng #Vinamilk #ChucXuanSungSuc;True;#Vinamilk, #ChucXuanSungSuc;2;;0;;0;1800;1;396;163;3500000;2360;0.0006742857142857143;Very High;6;Very short;2026-02-05 09:56:22+00:00;2026-02-05 16:56:22+07:00;2026-02-05;2026;2;16;Thursday
7603269843713854741;https://www.tiktok.com/@vinamilk.official/video/7603269843713854741;vinamilk.official;"Phòng sạch rót sữa là ""trái tim"" của nhà máy sữa bột Vinamilk.";"Phòng sạch rót sữa là ""trái tim"" của nhà máy sữa bột Vinamilk.";True;;0;;0;;0;78;2;8;11;29100;99;0.003402061855670103;Medium;0;Very short;2026-02-05 08:00:00+00:00;2026-02-05 15:00:00+07:00;2026-02-05;2026;2;15;Thursday
7602981143226567956;https://www.tiktok.com/@vinamilk.official/video/7602981143226567956;vinamilk.official;Thực phẩm khi đi vào cơ thể là không thể sửa sai, đặc biệt là sữa bột trẻ em.;Thực phẩm khi đi vào cơ thể là không thể sửa sai, đặc biệt là sữa bột trẻ em.;True;;0;;0;;0;59;2;12;10;23400;83;0.003547008547008547;Medium;0;Very short;2026-02-04 12:09:59+00:00;2026-02-04 19:09:59+07:00;2026-02-04;2026;2;19;Wednesday
7602863784398572820;https://www.tiktok.com/@vinamilk.official/video/7602863784398572820;vinamilk.official;"Một buổi tập mượt mà sẽ càng trọn vẹn hơn khi cơ thể được bổ sung đủ đạm đúng lúc!
@toppilatesvn #Vinamilk #GreenFarm #CaoDamItbeo";Một buổi tập mượt mà sẽ càng trọn vẹn hơn khi cơ thể được bổ sung đủ đạm đúng lúc! @toppilatesvn #Vinamilk #GreenFarm #CaoDamItbeo;True;#Vinamilk, #GreenFarm, #CaoDamItbeo;3;@toppilatesvn;1;;0;51;6;10;9;17200;76;0.004418604651162791;Medium;53;Medium;2026-02-04 08:30:00+00:00;2026-02-04 15:30:00+07:00;2026-02-04;2026;2;15;Wednesday
7602586476060167445;https://www.tiktok.com/@vinamilk.official/video/7602586476060167445;vinamilk.official;"TRAO QUÀ SỨC KHỎE - CHÚC XUÂN SUNG SỨC
#Vinamilk #ChucXuanSungSuc";TRAO QUÀ SỨC KHỎE - CHÚC XUÂN SUNG SỨC #Vinamilk #ChucXuanSungSuc;True;#Vinamilk, #ChucXuanSungSuc;2;;0;;0;22000;17;6244;1753;51600000;30014;0.0005816666666666666;Very High;6;Very short;2026-02-03 10:38:29+00:00;2026-02-03 17:38:29+07:00;2026-02-03;2026;2;17;Tuesday
7601202636431314196;https://www.tiktok.com/@vinamilk.official/video/7601202636431314196;vinamilk.official;"Chúc Xuân Sung Sức - Mã Đáo Thịnh Vượng
#Vinamilk #ChucXuanSungSuc";Chúc Xuân Sung Sức - Mã Đáo Thịnh Vượng #Vinamilk #ChucXuanSungSuc;True;#Vinamilk, #ChucXuanSungSuc;2;;0;;0;19500;47;1811;1749;16900000;23107;0.0013672781065088757;Very High;60;Medium;2026-01-30 17:08:27+00:00;2026-01-31 00:08:27+07:00;2026-01-31;2026;1;0;Saturday
7598495072941853973;https://www.tiktok.com/@vinamilk.official/video/7598495072941853973;vinamilk.official;"Đã ăn thịt cá rồi, có cần uống sữa cao đạm không?
#Vinamilk #GreenFarm #CaoDamItbeo";Đã ăn thịt cá rồi, có cần uống sữa cao đạm không? #Vinamilk #GreenFarm #CaoDamItbeo;True;#Vinamilk, #GreenFarm, #CaoDamItbeo;3;;0;;0;426;15;56;46;174100;543;0.00311889718552556;High;111;Long;2026-01-28 10:00:00+00:00;2026-01-28 17:00:00+07:00;2026-01-28;2026;1;17;Wednesday
7600254042018827527;https://www.tiktok.com/@vinamilk.official/video/7600254042018827527;vinamilk.official;"✨ MANG TẾT VỀ NHÀ - TRAO SỨC KHỎE, NHẬN NIỀM VUI CÙNG VINAMILK 🌸

Chẳng cần quà cáp xa hoa, Tết vẹn tròn là khi cả nhà cùng khỏe mạnh. Cùng Vinamilk chuẩn bị ""mâm quà sức khỏe"" siêu chất, SẮM TẾT BAO VUI với list siêu phẩm:
- Green Farm rất ít đường
- Green Farm A2
- Optimum A2 Pro+
- Sữa 9 loại hạt
- Sure Prevent Gold

✨ Voucher độc quyền chỉ có tại TikTok Shop Vinamilk - duy nhất ngày 28/01 - 31/01.
👉 Sắm Tết đủ đầy tại Tiktok Shop của Vinamilk ngay!

#VinamilkTiktokShop #SamTetOnline #MegaBrandFestival #SamTetBaoVui";"✨ MANG TẾT VỀ NHÀ - TRAO SỨC KHỎE, NHẬN NIỀM VUI CÙNG VINAMILK 🌸 Chẳng cần quà cáp xa hoa, Tết vẹn tròn là khi cả nhà cùng khỏe mạnh. Cùng Vinamilk chuẩn bị ""mâm quà sức khỏe"" siêu chất, SẮM TẾT BAO VUI với list siêu phẩm: - Green Farm rất ít đường - Green Farm A2 - Optimum A2 Pro+ - Sữa 9 loại hạt - Sure Prevent Gold ✨ Voucher độc quyền chỉ có tại TikTok Shop Vinamilk - duy nhất ngày 28/01 - 31/01. 👉 Sắm Tết đủ đầy tại Tiktok Shop của Vinamilk ngay! #VinamilkTiktokShop #SamTetOnline #MegaBrandFestival #SamTetBaoVui";True;#VinamilkTiktokShop, #SamTetOnline, #MegaBrandFestival, #SamTetBaoVui;4;;0;;0;32;3;11;5;26900;51;0.001895910780669145;Medium;5;Very short;2026-01-28 03:47:29+00:00;2026-01-28 10:47:29+07:00;2026-01-28;2026;1;10;Wednesday
7598494167764946197;https://www.tiktok.com/@vinamilk.official/video/7598494167764946197;vinamilk.official;"Một ngày bạn thực sự ăn được bao nhiêu gram protein?
#vinamilk #GreenFarm #CaoDamItbeo";Một ngày bạn thực sự ăn được bao nhiêu gram protein? #vinamilk #GreenFarm #CaoDamItbeo;True;#vinamilk, #GreenFarm, #CaoDamItbeo;3;;0;;0;129;4;18;19;74200;170;0.0022911051212938004;High;149;Long;2026-01-27 10:00:00+00:00;2026-01-27 17:00:00+07:00;2026-01-27;2026;1;17;Tuesday
7598493478921702674;https://www.tiktok.com/@vinamilk.official/video/7598493478921702674;vinamilk.official;"Bạn cần bao nhiêu gram protein mỗi ngày?
#vinamilk #GreenFarm #CaoDamItbeo";Bạn cần bao nhiêu gram protein mỗi ngày? #vinamilk #GreenFarm #CaoDamItbeo;True;#vinamilk, #GreenFarm, #CaoDamItbeo;3;;0;;0;95;0;13;20;69300;128;0.001847041847041847;High;174;Long;2026-01-26 10:00:00+00:00;2026-01-26 17:00:00+07:00;2026-01-26;2026;1;17;Monday
7598480046004768021;https://www.tiktok.com/@vinamilk.official/video/7598480046004768021;vinamilk.official;"Điều nên và không nên làm khi muốn tăng khả năng hấp thụ đạm & canxi
Cùng @hubertcuu tìm hiểu nhé

#Vinamilk #GreenFarm #CaoDamItbeo";Điều nên và không nên làm khi muốn tăng khả năng hấp thụ đạm & canxi Cùng @hubertcuu tìm hiểu nhé #Vinamilk #GreenFarm #CaoDamItbeo;True;#Vinamilk, #GreenFarm, #CaoDamItbeo;3;@hubertcuu;1;;0;85;4;16;6;53900;111;0.002059369202226345;High;108;Long;2026-01-25 09:00:00+00:00;2026-01-25 16:00:00+07:00;2026-01-25;2026;1;16;Sunday
7598478008780983572;https://www.tiktok.com/@vinamilk.official/video/7598478008780983572;vinamilk.official;"Thời điểm nạp đạm và canxi nào là tốt nhất? Cùng @hubertcu tìm hiểu nhé
#Vinamilk #GreenFarm#CaoDamItbeo";Thời điểm nạp đạm và canxi nào là tốt nhất? Cùng @hubertcu tìm hiểu nhé #Vinamilk #GreenFarm#CaoDamItbeo;True;#Vinamilk, #GreenFarm, #CaoDamItbeo;3;@hubertcu;1;;0;73;0;6;8;48000;87;0.0018125;High;101;Long;2026-01-24 09:10:00+00:00;2026-01-24 16:10:00+07:00;2026-01-24;2026;1;16;Saturday
7598474452816448789;https://www.tiktok.com/@vinamilk.official/video/7598474452816448789;vinamilk.official;"Tại sao không nên để bụng rỗng khi đi tập? Cùng @hubertcu tìm hiểu nhé
#Vinamilk #GreenFarm #CaoDamItbeo";Tại sao không nên để bụng rỗng khi đi tập? Cùng @hubertcu tìm hiểu nhé #Vinamilk #GreenFarm #CaoDamItbeo;True;#Vinamilk, #GreenFarm, #CaoDamItbeo;3;@hubertcu;1;;0;63;2;13;8;38800;86;0.0022164948453608246;Medium;100;Long;2026-01-23 09:00:00+00:00;2026-01-23 16:00:00+07:00;2026-01-23;2026;1;16;Friday
7598075483229523220;https://www.tiktok.com/@vinamilk.official/video/7598075483229523220;vinamilk.official;"Mua 1 thùng sữa tươi Vinamilk 100%, +2 mảnh ghép nam châm vào ""sự nghiệp"" sưu tầm bản đồ Việt Nam! #Vinamilk #tuoimoingay #FM100 #Freshmilk #Suatuoi100 #VinamilkMagnet";"Mua 1 thùng sữa tươi Vinamilk 100%, +2 mảnh ghép nam châm vào ""sự nghiệp"" sưu tầm bản đồ Việt Nam! #Vinamilk #tuoimoingay #FM100 #Freshmilk #Suatuoi100 #VinamilkMagnet";True;#Vinamilk, #tuoimoingay, #FM100, #Freshmilk, #Suatuoi100, #VinamilkMagnet;6;;0;;0;11300;116;5459;1236;48400000;18111;0.00037419421487603304;Very High;6;Very short;2026-01-22 06:53:34+00:00;2026-01-22 13:53:34+07:00;2026-01-22;2026;1;13;Thursday
7596911999209065749;https://www.tiktok.com/@vinamilk.official/video/7596911999209065749;vinamilk.official;"BẠN ĐÃ ""TRẢ GIÁ ĐÚNG"" CHO SỮA CHUA ĂN?
Liệu giá trị thật của mỗi hũ sữa chua nằm trên bảng giá, hay ẩn trong những con số trên bao bì?
Mời bạn ngồi ngay ngắn, đón chờ series bóc giá sữa chua. Phát sóng trực tiếp trên kênh VNM! ​
​
#Vinamilk #SuachuaVinamilk";"BẠN ĐÃ ""TRẢ GIÁ ĐÚNG"" CHO SỮA CHUA ĂN? Liệu giá trị thật của mỗi hũ sữa chua nằm trên bảng giá, hay ẩn trong những con số trên bao bì? Mời bạn ngồi ngay ngắn, đón chờ series bóc giá sữa chua. Phát sóng trực tiếp trên kênh VNM! ​ ​ #Vinamilk #SuachuaVinamilk";True;#Vinamilk, #SuachuaVinamilk;2;;0;;0;23;2;7;3;21200;35;0.0016509433962264152;Medium;8;Very short;2026-01-20 12:00:00+00:00;2026-01-20 19:00:00+07:00;2026-01-20;2026;1;19;Tuesday
7595450210743045397;https://www.tiktok.com/@vinamilk.official/video/7595450210743045397;vinamilk.official;"ZÔ! 100% SỮA, 100% VUI 🥂
Tiệc Tết ""có gu"" cùng BST Sữa tươi Lễ hội từ Vinamilk. Đã ""zô"" là phải ngon, đã uống là phải chất! 👉 Chốt đơn!
#Vinamilk #Phienbangioihan ";"ZÔ! 100% SỮA, 100% VUI 🥂 Tiệc Tết ""có gu"" cùng BST Sữa tươi Lễ hội từ Vinamilk. Đã ""zô"" là phải ngon, đã uống là phải chất! 👉 Chốt đơn! #Vinamilk #Phienbangioihan";True;#Vinamilk, #Phienbangioihan;2;;0;;0;51;3;37;9;22900;100;0.004366812227074236;Medium;15;Very short;2026-01-15 05:06:18+00:00;2026-01-15 12:06:18+07:00;2026-01-15;2026;1;12;Thursday
7590035436135779604;https://www.tiktok.com/@vinamilk.official/video/7590035436135779604;vinamilk.official;"[VINAMILK 2025] NĂM RẮN VƯƠN XA - TẤT CẢ VÌ BẠN

365 ngày năm Rắn đánh dấu hành trình đầy trải nghiệm đa""vị"" của Vinamilk cùng bạn

🥛 Là mang đến hàng triệu ly sữa, để mỗi ngày của bạn và gia đình thật trọn vẹn.
⭐️ Là những đột phá dinh dưỡng khoa học, nhiều hương vị mới lạ, ngon lành và phù hợp với nhiều nhu cầu đa dạng.
🌎 Là vươn ra thế giới, mở rộng hệ thống cửa hàng để dù bạn ở đâu, Vinamilk vẫn luôn kề bên.

2025 – một năm rắn rỏi, bền bỉ, Vinamilk tích lũy nội lực để đi xa hơn. Và cũng chính vì thế, Vinamilk được ở gần bạn hơn mỗi ngày, trong từng khoảnh khắc chăm sóc sức khỏe, trong từng lựa chọn dinh dưỡng quen thuộc.

Sẵn sàng bước sang năm mới, cùng nhau phi xa hơn – khỏe mạnh hơn – bền bỉ hơn với Vinamilk nhé!

#Vinamilk #Nhinlai2025 #TienToi2026";"[VINAMILK 2025] NĂM RẮN VƯƠN XA - TẤT CẢ VÌ BẠN 365 ngày năm Rắn đánh dấu hành trình đầy trải nghiệm đa""vị"" của Vinamilk cùng bạn 🥛 Là mang đến hàng triệu ly sữa, để mỗi ngày của bạn và gia đình thật trọn vẹn. ⭐️ Là những đột phá dinh dưỡng khoa học, nhiều hương vị mới lạ, ngon lành và phù hợp với nhiều nhu cầu đa dạng. 🌎 Là vươn ra thế giới, mở rộng hệ thống cửa hàng để dù bạn ở đâu, Vinamilk vẫn luôn kề bên. 2025 – một năm rắn rỏi, bền bỉ, Vinamilk tích lũy nội lực để đi xa hơn. Và cũng chính vì thế, Vinamilk được ở gần bạn hơn mỗi ngày, trong từng khoảnh khắc chăm sóc sức khỏe, trong từng lựa chọn dinh dưỡng quen thuộc. Sẵn sàng bước sang năm mới, cùng nhau phi xa hơn – khỏe mạnh hơn – bền bỉ hơn với Vinamilk nhé! #Vinamilk #Nhinlai2025 #TienToi2026";True;#Vinamilk, #Nhinlai2025, #TienToi2026;3;;0;;0;85;7;48;7;36900;147;0.003983739837398374;Medium;55;Medium;2025-12-31 14:54:00+00:00;2025-12-31 21:54:00+07:00;2025-12-31;2025;12;21;Wednesday
7589951526056054037;https://www.tiktok.com/@vinamilk.official/video/7589951526056054037;vinamilk.official;"Sữa tươi Thanh trùng – được ủ lạnh ở 2°C, nhẹ nhàng tôn vị trà và làm hạt dẻ, giữ trọn cảm giác thanh, mượt khi uống.

#Vinamilk #GreenFarm #suatuoithanhtrung";Sữa tươi Thanh trùng – được ủ lạnh ở 2°C, nhẹ nhàng tôn vị trà và làm hạt dẻ, giữ trọn cảm giác thanh, mượt khi uống. #Vinamilk #GreenFarm #suatuoithanhtrung;True;#Vinamilk, #GreenFarm, #suatuoithanhtrung;3;;0;;0;78;4;14;10;17600;106;0.0060227272727272725;Medium;47;Medium;2025-12-31 12:00:00+00:00;2025-12-31 19:00:00+07:00;2025-12-31;2025;12;19;Wednesday
7589950373805247764;https://www.tiktok.com/@vinamilk.official/video/7589950373805247764;vinamilk.official;"Sữa tươi Thanh trùng – được ủ lạnh ở 2°C có độ sóng sánh, mịn màng. Sữa mát lạnh, giữ hương vị ngọt thanh, nhẹ nhàng tôn vị Houjicha và vị bùi bùi của hạt dẻ, rất hợp cho những ngày cuối năm.
 
 #suatuoithanhtrung #Vinamilk #GreenFarm";Sữa tươi Thanh trùng – được ủ lạnh ở 2°C có độ sóng sánh, mịn màng. Sữa mát lạnh, giữ hương vị ngọt thanh, nhẹ nhàng tôn vị Houjicha và vị bùi bùi của hạt dẻ, rất hợp cho những ngày cuối năm. #suatuoithanhtrung #Vinamilk #GreenFarm;True;#suatuoithanhtrung, #Vinamilk, #GreenFarm;3;;0;;0;86;0;11;8;15600;105;0.006730769230769231;Medium;36;Medium;2025-12-31 11:00:00+00:00;2025-12-31 18:00:00+07:00;2025-12-31;2025;12;18;Wednesday
7587619780702588178;https://www.tiktok.com/@vinamilk.official/video/7587619780702588178;vinamilk.official;"Quà xinh tới rồi! Săn ngay để sở hữu trọn bộ túi của Green Farm nhaaa! Từ 8/12, nhận ngay túi thời trang khi mua Sữa chua uống sệt Vinamilk Green Farm tại các hệ thống siêu thị trên toàn quốc. 
Mua 4 chai tặng 1 túi trong cao cấp! Mua 1 thùng tặng 1 túi Tote Vinamilk!
#Vinamilk #GreenFarm #Suachuauong #6chungmen ";Quà xinh tới rồi! Săn ngay để sở hữu trọn bộ túi của Green Farm nhaaa! Từ 8/12, nhận ngay túi thời trang khi mua Sữa chua uống sệt Vinamilk Green Farm tại các hệ thống siêu thị trên toàn quốc. Mua 4 chai tặng 1 túi trong cao cấp! Mua 1 thùng tặng 1 túi Tote Vinamilk! #Vinamilk #GreenFarm #Suachuauong #6chungmen;True;#Vinamilk, #GreenFarm, #Suachuauong, #6chungmen;4;;0;;0;2474;78;581;278;1700000;3411;0.002006470588235294;Very High;78;Long;2025-12-25 02:40:04+00:00;2025-12-25 09:40:04+07:00;2025-12-25;2025;12;9;Thursday
7587616699017366802;https://www.tiktok.com/@vinamilk.official/video/7587616699017366802;vinamilk.official;"Nhập hội săn túi xinh cùng Green Farm nha! Từ 8/12, nhận ngay túi thời trang khi mua Sữa chua uống sệt Vinamilk Green Farm tại các hệ thống siêu thị trên toàn quốc. 
Mua 4 chai tặng 1 túi trong cao cấp! Mua 1 thùng tặng 1 túi Tote Vinamilk!
#Vinamilk #GreenFarm #Suachuauong #6chungmen ";Nhập hội săn túi xinh cùng Green Farm nha! Từ 8/12, nhận ngay túi thời trang khi mua Sữa chua uống sệt Vinamilk Green Farm tại các hệ thống siêu thị trên toàn quốc. Mua 4 chai tặng 1 túi trong cao cấp! Mua 1 thùng tặng 1 túi Tote Vinamilk! #Vinamilk #GreenFarm #Suachuauong #6chungmen;True;#Vinamilk, #GreenFarm, #Suachuauong, #6chungmen;4;;0;;0;382;15;116;43;699300;556;0.0007950807950807951;Very High;82;Long;2025-12-25 02:28:08+00:00;2025-12-25 09:28:08+07:00;2025-12-25;2025;12;9;Thursday
7583698852658646293;https://www.tiktok.com/@vinamilk.official/video/7583698852658646293;vinamilk.official;"[HOT] MỘC CHÂU CREAMERY x AN PHƯƠNG
CHỚP DEAL HỜI SALE KHỦNG vào 19:00 – 23:00 | 15/12 tại TikTok Shop Vinamilk
#Vinamilk #MocChauCreamery #Tiktokshop1512 #Salevuicuoinam";[HOT] MỘC CHÂU CREAMERY x AN PHƯƠNG CHỚP DEAL HỜI SALE KHỦNG vào 19:00 – 23:00 | 15/12 tại TikTok Shop Vinamilk #Vinamilk #MocChauCreamery #Tiktokshop1512 #Salevuicuoinam;True;#Vinamilk, #MocChauCreamery, #Tiktokshop1512, #Salevuicuoinam;4;;0;;0;99;2;15;15;65000;131;0.0020153846153846155;High;19;Short;2025-12-14 13:04:51+00:00;2025-12-14 20:04:51+07:00;2025-12-14;2025;12;20;Sunday
7581819625172634900;https://www.tiktok.com/@vinamilk.official/video/7581819625172634900;vinamilk.official;"ĐÓN XMAS, CHỐT DEAL HỜI VỚI LONG CHUN vào 11h00 - 14h00 ngày 11/12 trên kênh TikTok Vinamilk ✨️
#Vinamilk #GreenFarm #TikTokShop1212 #Salevuicuoinam #Tiktokshopfunfest ";ĐÓN XMAS, CHỐT DEAL HỜI VỚI LONG CHUN vào 11h00 - 14h00 ngày 11/12 trên kênh TikTok Vinamilk ✨️ #Vinamilk #GreenFarm #TikTokShop1212 #Salevuicuoinam #Tiktokshopfunfest;True;#Vinamilk, #GreenFarm, #TikTokShop1212, #Salevuicuoinam, #Tiktokshopfunfest;5;;0;;0;145;2;19;17;142900;183;0.0012806158152554234;High;8;Very short;2025-12-09 11:32:37+00:00;2025-12-09 18:32:37+07:00;2025-12-09;2025;12;18;Tuesday
7581683844269575442;https://www.tiktok.com/@vinamilk.official/video/7581683844269575442;vinamilk.official;"TẶNG TÚI TƯƠI “TOTE” - CHỐT NĂM MƯỢT MÀ
Nhận ngay túi thời trang khi mua sữa chua uống sệt Vinamilk Green Farm
Mua 4 chai tặng 1 túi trong cao cấp
Mua 1 thùng tặng 1 túi Tote Vinamilk
📍Từ 8/12/2025 đến 8/1/2026 hoặc đến khi hết quà tặng.
📌Tại các hệ thống siêu thị trên toàn quốc.

#Vinamilk #GreenFarm #Suachuauong #6chungmen";TẶNG TÚI TƯƠI “TOTE” - CHỐT NĂM MƯỢT MÀ Nhận ngay túi thời trang khi mua sữa chua uống sệt Vinamilk Green Farm Mua 4 chai tặng 1 túi trong cao cấp Mua 1 thùng tặng 1 túi Tote Vinamilk 📍Từ 8/12/2025 đến 8/1/2026 hoặc đến khi hết quà tặng. 📌Tại các hệ thống siêu thị trên toàn quốc. #Vinamilk #GreenFarm #Suachuauong #6chungmen;True;#Vinamilk, #GreenFarm, #Suachuauong, #6chungmen;4;;0;;0;4821;1;1120;427;27700000;6369;0.000229927797833935;Very High;6;Very short;2025-12-09 02:45:42+00:00;2025-12-09 09:45:42+07:00;2025-12-09;2025;12;9;Tuesday
7581037546319252754;https://www.tiktok.com/@vinamilk.official/video/7581037546319252754;vinamilk.official;"Trà sữa vị phở? Cloud berry bông mịn vỗ về vị giác? Công thức bí mật sẽ được Barista từ Singapore Javel Chan tiết lộ ngay sau đây
Lấp đầy tủ lạnh của bạn với Green Farm
#Vinamilk #GreenFarm";Trà sữa vị phở? Cloud berry bông mịn vỗ về vị giác? Công thức bí mật sẽ được Barista từ Singapore Javel Chan tiết lộ ngay sau đây Lấp đầy tủ lạnh của bạn với Green Farm #Vinamilk #GreenFarm;True;#Vinamilk, #GreenFarm;2;;0;;0;46;1;9;3;16900;59;0.0034911242603550296;Medium;59;Medium;2025-12-08 12:00:00+00:00;2025-12-08 19:00:00+07:00;2025-12-08;2025;12;19;Monday
7581036573483912456;https://www.tiktok.com/@vinamilk.official/video/7581036573483912456;vinamilk.official;"Đây chỉ là một trong những cách #Vinamilk #GreenFarm chinh phục vị giác. 
Comment nếu bạn muốn Vinamilk chia sẻ công thức này nhé!

#Vinamilk #GreenFarm";Đây chỉ là một trong những cách #Vinamilk #GreenFarm chinh phục vị giác. Comment nếu bạn muốn Vinamilk chia sẻ công thức này nhé! #Vinamilk #GreenFarm;True;#Vinamilk, #GreenFarm, #Vinamilk, #GreenFarm;4;;0;;0;89;0;9;7;14400;105;0.007291666666666667;Medium;49;Medium;2025-12-07 12:00:00+00:00;2025-12-07 19:00:00+07:00;2025-12-07;2025;12;19;Sunday
7579907549672115472;https://www.tiktok.com/@vinamilk.official/video/7579907549672115472;vinamilk.official;"TRÀ SỮA THUẦN CHAY 9 HẠT - Trà sữa thuần chay dành người ăn chay lại thích vị hạt, với Creamer 9 loại hạt, tha hồ sáng tạo muôn kiểu trà sữa thơmbùivị hạt,nâng đậmvị tràbạn nhé!
#Vinamilk #Creamer9LoạiHạtVinamilk #SữaĐặcThuầnChay #TràSữa9Hạt";TRÀ SỮA THUẦN CHAY 9 HẠT - Trà sữa thuần chay dành người ăn chay lại thích vị hạt, với Creamer 9 loại hạt, tha hồ sáng tạo muôn kiểu trà sữa thơmbùivị hạt,nâng đậmvị tràbạn nhé! #Vinamilk #Creamer9LoạiHạtVinamilk #SữaĐặcThuầnChay #TràSữa9Hạt;True;#Vinamilk, #Creamer9LoạiHạtVinamilk, #SữaĐặcThuầnChay, #TràSữa9Hạt;4;;0;;0;52;0;14;8;16600;74;0.004457831325301205;Medium;40;Medium;2025-12-04 13:00:00+00:00;2025-12-04 20:00:00+07:00;2025-12-04;2025;12;20;Thursday
7579906872350625025;https://www.tiktok.com/@vinamilk.official/video/7579906872350625025;vinamilk.official;"SINH TỐ BƠ CHUỐI 9 HẠT - Gợi ý mẹo giải nhiệt khi kết hợp Creamer 9 loại hạt cùng bơ chuối, cho ly sinh tố thơm nức mùi hạt
#Vinamilk #Creamer9LoạiHạtVinamilk #SữaĐặcThuầnChay #SinhTố9Hạt";SINH TỐ BƠ CHUỐI 9 HẠT - Gợi ý mẹo giải nhiệt khi kết hợp Creamer 9 loại hạt cùng bơ chuối, cho ly sinh tố thơm nức mùi hạt #Vinamilk #Creamer9LoạiHạtVinamilk #SữaĐặcThuầnChay #SinhTố9Hạt;True;#Vinamilk, #Creamer9LoạiHạtVinamilk, #SữaĐặcThuầnChay, #SinhTố9Hạt;4;;0;;0;36;1;11;4;9027;52;0.005760496288911045;Low;29;Short;2025-12-04 07:50:57+00:00;2025-12-04 14:50:57+07:00;2025-12-04;2025;12;14;Thursday
7579166361004281089;https://www.tiktok.com/@vinamilk.official/video/7579166361004281089;vinamilk.official;"LẨU SỮA TRƯỜNG THỌ 9 HẠT - Món lẩu thanh đạm, nay thêm mới lạ nhờ vị béo bùi từ Creamer 9 hạt,  kết hợp với vị ngọt tự nhiên từ nước dùng rau củ.

#Vinamilk #Creamer9LoạiHạtVinamilk #SữaĐặcThuầnChay #LẩuSữa9Hạt";LẨU SỮA TRƯỜNG THỌ 9 HẠT - Món lẩu thanh đạm, nay thêm mới lạ nhờ vị béo bùi từ Creamer 9 hạt, kết hợp với vị ngọt tự nhiên từ nước dùng rau củ. #Vinamilk #Creamer9LoạiHạtVinamilk #SữaĐặcThuầnChay #LẩuSữa9Hạt;True;#Vinamilk, #Creamer9LoạiHạtVinamilk, #SữaĐặcThuầnChay, #LẩuSữa9Hạt;4;;0;;0;77;1;34;24;14900;136;0.00912751677852349;Medium;39;Medium;2025-12-02 07:57:36+00:00;2025-12-02 14:57:36+07:00;2025-12-02;2025;12;14;Tuesday
7578899065363254549;https://www.tiktok.com/@vinamilk.official/video/7578899065363254549;vinamilk.official;"🍌🐮Sữa tươi 100% vị chuối được vắt từ những cô bò ăn chuối? 

Bí mật bật mí! Sữa tươi Vinamilk 100% vị Chuối là sự hòa quyện hài hòa giữa sữa tươi giảm béo* thanh nhẹ cùng nước ép chuối tự nhiên, tạo nên một vị ngon vừa thơm nồng vừa dịu mát.

Tươi ngon rực rỡ, lỡ uống là mê, bạn thử chưa? 

(*) Giảm tới 25% hàm lượng chất béo so với Sữa tươi tiệt trùng không đường nhãn hiệu Vinamilk 100% Sữa tươi.
#vinamilk #suatuoi100 #vatmoingay #tuoimoingay";🍌🐮Sữa tươi 100% vị chuối được vắt từ những cô bò ăn chuối? Bí mật bật mí! Sữa tươi Vinamilk 100% vị Chuối là sự hòa quyện hài hòa giữa sữa tươi giảm béo* thanh nhẹ cùng nước ép chuối tự nhiên, tạo nên một vị ngon vừa thơm nồng vừa dịu mát. Tươi ngon rực rỡ, lỡ uống là mê, bạn thử chưa? (*) Giảm tới 25% hàm lượng chất béo so với Sữa tươi tiệt trùng không đường nhãn hiệu Vinamilk 100% Sữa tươi. #vinamilk #suatuoi100 #vatmoingay #tuoimoingay;True;#vinamilk, #suatuoi100, #vatmoingay, #tuoimoingay;4;;0;;0;82;2;47;16;17300;147;0.008497109826589595;Medium;18;Short;2025-12-01 14:39:15+00:00;2025-12-01 21:39:15+07:00;2025-12-01;2025;12;21;Monday
7577705419041230101;https://www.tiktok.com/@vinamilk.official/video/7577705419041230101;vinamilk.official;"VINAMILK MỜI BẠN THÂN: 
ĐẾN VUI CHƠI - KHUI QUÀ CHẤT! 

Chưa thể hạ nhiệt, vì chiếc áo ADLV x Thương hiệu Ông Thọ đang nhận được quá nhiều tình yêu. Đã thế thì Vinamilk chiêu đãi tiệc lớn, hẹn bạn thân tuần này (29–30/11) đến chung vui – khui quà:

🎁 Rinh quà rủng rỉnh, đặc biệt là siêu phẩm áo ADLV cực cool
🐻 7749 kiểu ảnh check-in cực chất cùng Gấu Teddy Khổng Lồ 
🥤 Nâng tầm trải nghiệm vị giác với công thức sáng tạo từ “Sữa Ông Thọ”
Cùng hàng loạt hoạt động hấp dẫn khác đang chờ đón bạn.

Số lượng quà tặng có hạn, nhanh nhanh ghé chơi để không bỏ lỡ! Điểm hẹn của chúng mình tại: 
📍 Vinamilk 182A Nguyễn Thị Minh Khai, P.Xuân Hòa, TP.HCM
🕙 10:00 – 20:00 | 29–30/11/2025

💙 Không gặp không về nhaaa!

#VinamilkxADLV #Hinhanhquocdan #CoolVibeQuocTe #ADLV";VINAMILK MỜI BẠN THÂN: ĐẾN VUI CHƠI - KHUI QUÀ CHẤT! Chưa thể hạ nhiệt, vì chiếc áo ADLV x Thương hiệu Ông Thọ đang nhận được quá nhiều tình yêu. Đã thế thì Vinamilk chiêu đãi tiệc lớn, hẹn bạn thân tuần này (29–30/11) đến chung vui – khui quà: 🎁 Rinh quà rủng rỉnh, đặc biệt là siêu phẩm áo ADLV cực cool 🐻 7749 kiểu ảnh check-in cực chất cùng Gấu Teddy Khổng Lồ 🥤 Nâng tầm trải nghiệm vị giác với công thức sáng tạo từ “Sữa Ông Thọ” Cùng hàng loạt hoạt động hấp dẫn khác đang chờ đón bạn. Số lượng quà tặng có hạn, nhanh nhanh ghé chơi để không bỏ lỡ! Điểm hẹn của chúng mình tại: 📍 Vinamilk 182A Nguyễn Thị Minh Khai, P.Xuân Hòa, TP.HCM 🕙 10:00 – 20:00 | 29–30/11/2025 💙 Không gặp không về nhaaa! #VinamilkxADLV #Hinhanhquocdan #CoolVibeQuocTe #ADLV;True;#VinamilkxADLV, #Hinhanhquocdan, #CoolVibeQuocTe, #ADLV;4;;0;;0;71;8;7;9;17000;95;0.005588235294117647;Medium;11;Very short;2025-11-28 09:27:17+00:00;2025-11-28 16:27:17+07:00;2025-11-28;2025;11;16;Friday
7576502353835117832;https://www.tiktok.com/@vinamilk.official/video/7576502353835117832;vinamilk.official;"VUI SẮM MÊ SAY – RƯỚC NGAY ÁO CHẤT!

🐮x🧸 Chấn động giới mộ điệu lẫn hội mê sữa: chiếc áo Sữa Ông Thọ x ADLV đang gây bão mọi mặt trận!

Áo cool thế này, sao để có đây? Bỏ túi ngay thể lệ săn áo:

💙 Đặc quyền “người nhà” Vinamilk:
👉 50 chiếc áo siêu cool sẽ thuộc về TOP 50 khách hàng có tổng chi tiêu cao nhất trên App/Web Vinamilk từ 20–28/11/2025.
👉 Lưu ý nhỏ xinh: hóa đơn cần có ít nhất 1 creamer đặc có đường Vinamilk dạng tuýp 165g và không bao gồm sản phẩm trong danh sách loại trừ.

💙 Dành riêng “hàng xóm” ghé chơi:
👉 Trong hai ngày 29–30/11/2025, tại cửa hàng Vinamilk sẽ có hàng loạt hoạt động thú vị để bạn tham gia và săn áo ADLV!

Siêu phẩm siêu giới hạn, bạn còn chần chờ gì nữa mà không săn ngay và luôn!!!!!!!!! 

#VinamilkxADLV #Hìnhảnhquốcdân #CoolVibeQuốcTế #ADLV";VUI SẮM MÊ SAY – RƯỚC NGAY ÁO CHẤT! 🐮x🧸 Chấn động giới mộ điệu lẫn hội mê sữa: chiếc áo Sữa Ông Thọ x ADLV đang gây bão mọi mặt trận! Áo cool thế này, sao để có đây? Bỏ túi ngay thể lệ săn áo: 💙 Đặc quyền “người nhà” Vinamilk: 👉 50 chiếc áo siêu cool sẽ thuộc về TOP 50 khách hàng có tổng chi tiêu cao nhất trên App/Web Vinamilk từ 20–28/11/2025. 👉 Lưu ý nhỏ xinh: hóa đơn cần có ít nhất 1 creamer đặc có đường Vinamilk dạng tuýp 165g và không bao gồm sản phẩm trong danh sách loại trừ. 💙 Dành riêng “hàng xóm” ghé chơi: 👉 Trong hai ngày 29–30/11/2025, tại cửa hàng Vinamilk sẽ có hàng loạt hoạt động thú vị để bạn tham gia và săn áo ADLV! Siêu phẩm siêu giới hạn, bạn còn chần chờ gì nữa mà không săn ngay và luôn!!!!!!!!! #VinamilkxADLV #Hìnhảnhquốcdân #CoolVibeQuốcTế #ADLV;True;#VinamilkxADLV, #Hìnhảnhquốcdân, #CoolVibeQuốcTế, #ADLV;4;;0;;0;33;0;4;6;10300;43;0.004174757281553398;Low;15;Very short;2025-11-25 03:38:45+00:00;2025-11-25 10:38:45+07:00;2025-11-25;2025;11;10;Tuesday
7576228941308906753;https://www.tiktok.com/@vinamilk.official/video/7576228941308906753;vinamilk.official;"Đến chơi tân gia, mà mình lại có quà mang về… Phải gọi là thích mê!!!
✨ Check-in tại cửa hàng – nhận ngay món ngon hot hit: Kombucha HAYĐẤY, Sữa tươi 100% vị Socola, Bắp và Dưa Lưới mới tinh.
🎁 Sắm đơn từ 400K – cơ hội rinh về quà xinh: 2 nam châm trong bộ nam châm 34 tỉnh thành, túi tote sành điệu, gấu bông xinh yêu…
Cửa hàng Vinamilk 11 Bùi Bằng Đoàn, phường Tân Hưng - Đến là đón, qua là có quà!
Số lượng quà tặng có hạn, qua nhanh kẻo lỡ nha!
#Vinamilk #VinamilkShopandMore #CuahangVinamilk #KhaiTruongCuahangVinamilk #Trendy #우유가게";Đến chơi tân gia, mà mình lại có quà mang về… Phải gọi là thích mê!!! ✨ Check-in tại cửa hàng – nhận ngay món ngon hot hit: Kombucha HAYĐẤY, Sữa tươi 100% vị Socola, Bắp và Dưa Lưới mới tinh. 🎁 Sắm đơn từ 400K – cơ hội rinh về quà xinh: 2 nam châm trong bộ nam châm 34 tỉnh thành, túi tote sành điệu, gấu bông xinh yêu… Cửa hàng Vinamilk 11 Bùi Bằng Đoàn, phường Tân Hưng - Đến là đón, qua là có quà! Số lượng quà tặng có hạn, qua nhanh kẻo lỡ nha! #Vinamilk #VinamilkShopandMore #CuahangVinamilk #KhaiTruongCuahangVinamilk #Trendy #우유가게;True;#Vinamilk, #VinamilkShopandMore, #CuahangVinamilk, #KhaiTruongCuahangVinamilk, #Trendy, #우유가게;6;;0;;0;242;15;51;31;32200;339;0.010527950310559007;Medium;30;Short;2025-11-24 12:00:00+00:00;2025-11-24 19:00:00+07:00;2025-11-24;2025;11;19;Monday
7576213615926185233;https://www.tiktok.com/@vinamilk.official/video/7576213615926185233;vinamilk.official;"Lần đầu tiên ghé siêu cửa hàng Vinamilk, thấy gì cũng nhất!
😉 Mà nhất cái gì thì mời mọi người cùng xem video là biết ngay!
⭐️ Đặc biệt là, nhất định không thể bỏ lỡ nhiều chương trình hấp dẫn, trải nghiệm thú vị chỉ có tại siêu cửa hàng Vinamilk tại 11 Bùi Bằng Đoàn, phường Tân Hưng, Tp. Hồ Chí Minh trong hôm nay nha!
#Vinamilk #VinamilkShopandMore #CuahangVinamilk #KhaiTruongCuahangVinamilk  #우유가게";Lần đầu tiên ghé siêu cửa hàng Vinamilk, thấy gì cũng nhất! 😉 Mà nhất cái gì thì mời mọi người cùng xem video là biết ngay! ⭐️ Đặc biệt là, nhất định không thể bỏ lỡ nhiều chương trình hấp dẫn, trải nghiệm thú vị chỉ có tại siêu cửa hàng Vinamilk tại 11 Bùi Bằng Đoàn, phường Tân Hưng, Tp. Hồ Chí Minh trong hôm nay nha! #Vinamilk #VinamilkShopandMore #CuahangVinamilk #KhaiTruongCuahangVinamilk #우유가게;True;#Vinamilk, #VinamilkShopandMore, #CuahangVinamilk, #KhaiTruongCuahangVinamilk, #우유가게;5;;0;;0;706;29;139;76;60100;950;0.015806988352745424;High;51;Medium;2025-11-24 09:00:02+00:00;2025-11-24 16:00:02+07:00;2025-11-24;2025;11;16;Monday
7575787251850956048;https://www.tiktok.com/@vinamilk.official/video/7575787251850956048;vinamilk.official;"Mở menu tasing bar ra mà xem, có món gì nè?
🍹 Tận 4 thức uống với 4 hương vị lạ lạ quen quen. Nhìn ngon mắt, uống thích mê, vậy pha chế có dễ? Công thức độc quyền từ Jovel Chan!
😊 Bạn thích món nào nhất, đến ngay siêu cửa hàng Vinamilk tại 11 Bùi Bằng Đoàn, phường Tân Hưng, Tp Hồ Chí Minh để tự tay pha món mình yêu thích nha!
⏰ Thời gian: Chủ nhật, 23/11 vào khung giờ từ 16-17:30.
Ngoài ra, chốt đơn TỪ 400K là rinh ngay quà XỊN SÒ: bộ nam châm 34 tỉnh thành, túi tote xinh yêu, gấu bông dễ thương🎁🧸
📍 Số lượng & thời gian có hạn – tới ngay để không nói “Giá như…”! 😆💨
#Vinamilk #VinamilkShopandMore #CuahangVinamilk #KhaiTruongCuahangVinamilk #Trendy #우유가게";Mở menu tasing bar ra mà xem, có món gì nè? 🍹 Tận 4 thức uống với 4 hương vị lạ lạ quen quen. Nhìn ngon mắt, uống thích mê, vậy pha chế có dễ? Công thức độc quyền từ Jovel Chan! 😊 Bạn thích món nào nhất, đến ngay siêu cửa hàng Vinamilk tại 11 Bùi Bằng Đoàn, phường Tân Hưng, Tp Hồ Chí Minh để tự tay pha món mình yêu thích nha! ⏰ Thời gian: Chủ nhật, 23/11 vào khung giờ từ 16-17:30. Ngoài ra, chốt đơn TỪ 400K là rinh ngay quà XỊN SÒ: bộ nam châm 34 tỉnh thành, túi tote xinh yêu, gấu bông dễ thương🎁🧸 📍 Số lượng & thời gian có hạn – tới ngay để không nói “Giá như…”! 😆💨 #Vinamilk #VinamilkShopandMore #CuahangVinamilk #KhaiTruongCuahangVinamilk #Trendy #우유가게;True;#Vinamilk, #VinamilkShopandMore, #CuahangVinamilk, #KhaiTruongCuahangVinamilk, #Trendy, #우유가게;6;;0;;0;114;4;15;18;11300;151;0.01336283185840708;Low;61;Long;2025-11-23 07:00:00+00:00;2025-11-23 14:00:00+07:00;2025-11-23;2025;11;14;Sunday
7575787117788269825;https://www.tiktok.com/@vinamilk.official/video/7575787117788269825;vinamilk.official;"TRẢI NGHIỆM TASTING BAR THÚ VỊ THẾ NÀO? 🤩 Mời mọi người xem video là biết nha!!
👉 Dành cho những ai hôm qua vẫn chưa kịp tham gia thì có thể ghé lại siêu cửa hàng Vinamilk tại 11 Bùi Bằng Đoàn, phường Tân Hưng, Tp Hồ Chí Minh vào hôm nay nha!
⏰ Thời gian: Chủ nhật, 23/11 vào khung giờ từ 16-17:30.
Không gian sống ảo siêu HOT, sản phẩm XỊN CHẤT, kèm hằng hà sa số QUÀ XINH LUNG LINH vẫn đang chờ bạn tới rinh về đó! 🎁
Ghé liền tay kẻo lỡ nhaaaa! 🔥
#Vinamilk#VinamilkShopandMore#CuahangVinamilk#KhaiTruongCuahangVinamilk #Trendy #우유가게";TRẢI NGHIỆM TASTING BAR THÚ VỊ THẾ NÀO? 🤩 Mời mọi người xem video là biết nha!! 👉 Dành cho những ai hôm qua vẫn chưa kịp tham gia thì có thể ghé lại siêu cửa hàng Vinamilk tại 11 Bùi Bằng Đoàn, phường Tân Hưng, Tp Hồ Chí Minh vào hôm nay nha! ⏰ Thời gian: Chủ nhật, 23/11 vào khung giờ từ 16-17:30. Không gian sống ảo siêu HOT, sản phẩm XỊN CHẤT, kèm hằng hà sa số QUÀ XINH LUNG LINH vẫn đang chờ bạn tới rinh về đó! 🎁 Ghé liền tay kẻo lỡ nhaaaa! 🔥 #Vinamilk#VinamilkShopandMore#CuahangVinamilk#KhaiTruongCuahangVinamilk #Trendy #우유가게;True;#Vinamilk, #VinamilkShopandMore, #CuahangVinamilk, #KhaiTruongCuahangVinamilk, #Trendy, #우유가게;6;;0;;0;116;4;31;18;14100;169;0.01198581560283688;Low;25;Short;2025-11-23 06:00:00+00:00;2025-11-23 13:00:00+07:00;2025-11-23;2025;11;13;Sunday
7575781899193404688;https://www.tiktok.com/@vinamilk.official/video/7575781899193404688;vinamilk.official;"Xem các milk-tendar mà Vinamilk mới tìm ra nè! Được cô giáo Jovel Chan hướng dẫn vài bước cơ bản thôi mà ai cũng pha ra những món nước nhìn đẹp mắt lại còn ngon lành!
👉 Dành cho những ai hôm qua vẫn chưa kịp tham gia thì có thể ghé lại siêu cửa hàng Vinamilk tại 11 Bùi Bằng Đoàn, phường Tân Hưng, Tp Hồ Chí Minh vào hôm nay nha!
⏰ Thời gian: Chủ nhật, 23/11 vào khung giờ từ 16-17:30.
Đừng quên đến sớm về trải nghiệm nhé! Số lượng có hạn!
#Vinamilk #VinamilkShopandMore #CuahangVinamilk #KhaiTruongCuahangVinamilk #Trendy #우유가게";Xem các milk-tendar mà Vinamilk mới tìm ra nè! Được cô giáo Jovel Chan hướng dẫn vài bước cơ bản thôi mà ai cũng pha ra những món nước nhìn đẹp mắt lại còn ngon lành! 👉 Dành cho những ai hôm qua vẫn chưa kịp tham gia thì có thể ghé lại siêu cửa hàng Vinamilk tại 11 Bùi Bằng Đoàn, phường Tân Hưng, Tp Hồ Chí Minh vào hôm nay nha! ⏰ Thời gian: Chủ nhật, 23/11 vào khung giờ từ 16-17:30. Đừng quên đến sớm về trải nghiệm nhé! Số lượng có hạn! #Vinamilk #VinamilkShopandMore #CuahangVinamilk #KhaiTruongCuahangVinamilk #Trendy #우유가게;True;#Vinamilk, #VinamilkShopandMore, #CuahangVinamilk, #KhaiTruongCuahangVinamilk, #Trendy, #우유가게;6;;0;;0;179;2;23;9;37100;213;0.005741239892183289;Medium;37;Medium;2025-11-23 05:04:13+00:00;2025-11-23 12:04:13+07:00;2025-11-23;2025;11;12;Sunday
7575781928431865105;https://www.tiktok.com/@vinamilk.official/video/7575781928431865105;vinamilk.official;"ĐỊA ĐIÊM SỐNG ẢO CỰC HOT MỚI CỦA NGƯỜI SÀI GÒN!
SIÊU CỬA HÀNG VINAMILK tại 11 Bùi Bằng Đoàn  đây cả nhà ơi! 🔥📸
Bạn ghé check-in chưa? Nếu chưa thì lên đồ, sạc pin điện thoại và đi ngay kẻo lỡ trend nha!
📍 Địa chỉ: 11 Bùi Bằng Đoàn, Phường Tân Hưng, TP. Hồ Chí Minh
👉 Hẹn hội bạn tới pose dáng, bắt trọn từng góc xịn xò nhé! 💃🕺
#Vinamilk #VinamilkShopandMore #CuahangVinamilk #KhaiTruongCuahangVinamilk #Trendy #우유가게";ĐỊA ĐIÊM SỐNG ẢO CỰC HOT MỚI CỦA NGƯỜI SÀI GÒN! SIÊU CỬA HÀNG VINAMILK tại 11 Bùi Bằng Đoàn đây cả nhà ơi! 🔥📸 Bạn ghé check-in chưa? Nếu chưa thì lên đồ, sạc pin điện thoại và đi ngay kẻo lỡ trend nha! 📍 Địa chỉ: 11 Bùi Bằng Đoàn, Phường Tân Hưng, TP. Hồ Chí Minh 👉 Hẹn hội bạn tới pose dáng, bắt trọn từng góc xịn xò nhé! 💃🕺 #Vinamilk #VinamilkShopandMore #CuahangVinamilk #KhaiTruongCuahangVinamilk #Trendy #우유가게;True;#Vinamilk, #VinamilkShopandMore, #CuahangVinamilk, #KhaiTruongCuahangVinamilk, #Trendy, #우유가게;6;;0;;0;93;2;25;8;12300;128;0.01040650406504065;Low;19;Short;2025-11-23 05:04:10+00:00;2025-11-23 12:04:10+07:00;2025-11-23;2025;11;12;Sunday
7574043132803681556;https://www.tiktok.com/@vinamilk.official/video/7574043132803681556;vinamilk.official;"Tung deal hot cuối cùng đón chờ Super Brand Festival 19-21/11 cùng Vinamilk!
#vinamilk #SuperBrandFestival #TiecDealXinh ";Tung deal hot cuối cùng đón chờ Super Brand Festival 19-21/11 cùng Vinamilk! #vinamilk #SuperBrandFestival #TiecDealXinh;True;#vinamilk, #SuperBrandFestival, #TiecDealXinh;3;;0;;0;54;0;3;7;23700;64;0.00270042194092827;Medium;12;Very short;2025-11-18 12:35:41+00:00;2025-11-18 19:35:41+07:00;2025-11-18;2025;11;19;Tuesday
7573882311062686997;https://www.tiktok.com/@vinamilk.official/video/7573882311062686997;vinamilk.official;"Mua Vinamilk SURE mới - nguồn năng lượng giúp Ba Mẹ khỏe mạnh, ăn ngon ngủ ngon. Ưu đãi kèm quà xinh chỉ có trong 19-21/11.
#vinamilk #SuperBrandFestival #TiecDealXinh ";Mua Vinamilk SURE mới - nguồn năng lượng giúp Ba Mẹ khỏe mạnh, ăn ngon ngủ ngon. Ưu đãi kèm quà xinh chỉ có trong 19-21/11. #vinamilk #SuperBrandFestival #TiecDealXinh;True;#vinamilk, #SuperBrandFestival, #TiecDealXinh;3;;0;;0;34;2;12;5;17300;53;0.003063583815028902;Medium;12;Very short;2025-11-18 02:11:43+00:00;2025-11-18 09:11:43+07:00;2025-11-18;2025;11;9;Tuesday
7573645507256388885;https://www.tiktok.com/@vinamilk.official/video/7573645507256388885;vinamilk.official;"Chọn năng lượng từ hạt - nhận 1 lốc sữa hạt mè đen vị mới, nhanh tay nào các mom ơi! 
#vinamilk #SuperBrandFestival #TiecDealXinh ";Chọn năng lượng từ hạt - nhận 1 lốc sữa hạt mè đen vị mới, nhanh tay nào các mom ơi! #vinamilk #SuperBrandFestival #TiecDealXinh;True;#vinamilk, #SuperBrandFestival, #TiecDealXinh;3;;0;;0;31;2;5;4;14700;42;0.002857142857142857;Medium;12;Very short;2025-11-17 10:52:42+00:00;2025-11-17 17:52:42+07:00;2025-11-17;2025;11;17;Monday
7573590733311986965;https://www.tiktok.com/@vinamilk.official/video/7573590733311986965;vinamilk.official;"MỚI! DIELAC GROW PLUS NAY ĐÃ CÓ HƯƠNG DÂU & CHUỐI 🍓🍌​

Biết khẩu vị bé ngày càng đa dạng, Dielac Grow Plus kết nạp thêm 2 gương mặt Dâu & Chuối mới - thơm thơm, thanh thanh, ít ngọt dễ uống. ​

Vậy là menu Dielac Grow Plus nay đã có 3 hương vị ngon lành cho bé tự do lựa chọn. Mỗi ngày đủ 3 hộp, tăng cân bền cao lên rõ chẳng hề khó mẹ ơi! ​

#Vinamilk #DielacGrowPlus #DielacVoi #TăngCânBền #CaoLênRõ";MỚI! DIELAC GROW PLUS NAY ĐÃ CÓ HƯƠNG DÂU & CHUỐI 🍓🍌​ Biết khẩu vị bé ngày càng đa dạng, Dielac Grow Plus kết nạp thêm 2 gương mặt Dâu & Chuối mới - thơm thơm, thanh thanh, ít ngọt dễ uống. ​ Vậy là menu Dielac Grow Plus nay đã có 3 hương vị ngon lành cho bé tự do lựa chọn. Mỗi ngày đủ 3 hộp, tăng cân bền cao lên rõ chẳng hề khó mẹ ơi! ​ #Vinamilk #DielacGrowPlus #DielacVoi #TăngCânBền #CaoLênRõ;True;#Vinamilk, #DielacGrowPlus, #DielacVoi, #TăngCânBền, #CaoLênRõ;5;;0;;0;49;0;11;11;20000;71;0.00355;Medium;8;Very short;2025-11-17 08:00:00+00:00;2025-11-17 15:00:00+07:00;2025-11-17;2025;11;15;Monday
7573526892532337941;https://www.tiktok.com/@vinamilk.official/video/7573526892532337941;vinamilk.official;"Mở màn Super Brand Festival 19-21.11 là các món quà xinh iu của Sữa bột trẻ em, các mom đón chờ nhé!
#vinamilk #SuperBrandFestival #TiecDealXinh";Mở màn Super Brand Festival 19-21.11 là các món quà xinh iu của Sữa bột trẻ em, các mom đón chờ nhé! #vinamilk #SuperBrandFestival #TiecDealXinh;True;#vinamilk, #SuperBrandFestival, #TiecDealXinh;3;;0;;0;34;0;10;3;11000;47;0.004272727272727273;Low;12;Very short;2025-11-17 03:12:30+00:00;2025-11-17 10:12:30+07:00;2025-11-17;2025;11;10;Monday
7570970539217456404;https://www.tiktok.com/@vinamilk.official/video/7570970539217456404;vinamilk.official;Tiết lộ thành tích ấn tượng của các runners tại GEMADEPT RUN 2025 với sự tiếp sức từ Vinamilk Green Farm Cao Đạm! #Vinamilk #GreenFarm #CaoDam #GemadeptRun ;Tiết lộ thành tích ấn tượng của các runners tại GEMADEPT RUN 2025 với sự tiếp sức từ Vinamilk Green Farm Cao Đạm! #Vinamilk #GreenFarm #CaoDam #GemadeptRun;True;#Vinamilk, #GreenFarm, #CaoDam, #GemadeptRun;4;;0;;0;15;2;5;3;7313;25;0.0034185696704498838;Low;69;Long;2025-11-10 05:52:32+00:00;2025-11-10 12:52:32+07:00;2025-11-10;2025;11;12;Monday
7570969741968346389;https://www.tiktok.com/@vinamilk.official/video/7570969741968346389;vinamilk.official;Vinamilk Green Farm Cao Đạm đã mang đến những gì bất ngờ cho các runners tại Gemadept Run 2025? Cùng khám phá tại giây thứ 10 nhé! #Vinamilk #GreenFarm #CaoDam #GemadeptRun #VocêNasceuParaMudar ;Vinamilk Green Farm Cao Đạm đã mang đến những gì bất ngờ cho các runners tại Gemadept Run 2025? Cùng khám phá tại giây thứ 10 nhé! #Vinamilk #GreenFarm #CaoDam #GemadeptRun #VocêNasceuParaMudar;True;#Vinamilk, #GreenFarm, #CaoDam, #GemadeptRun, #VocêNasceuParaMudar;5;;0;;0;14;0;4;3;5043;21;0.004164187983343248;Low;62;Long;2025-11-10 05:49:27+00:00;2025-11-10 12:49:27+07:00;2025-11-10;2025;11;12;Monday
7570968471488564501;https://www.tiktok.com/@vinamilk.official/video/7570968471488564501;vinamilk.official;Bật mí bí kíp chinh phục mục tiêu của các runners GEMADEPT RUN 2025 trong 55 giây! #Vinamilk #GreenFarm #CaoDam #GemadeptRun  ;Bật mí bí kíp chinh phục mục tiêu của các runners GEMADEPT RUN 2025 trong 55 giây! #Vinamilk #GreenFarm #CaoDam #GemadeptRun;True;#Vinamilk, #GreenFarm, #CaoDam, #GemadeptRun;4;;0;;0;32;2;9;4;7117;47;0.006603906140227624;Low;55;Medium;2025-11-10 05:44:30+00:00;2025-11-10 12:44:30+07:00;2025-11-10;2025;11;12;Monday
7568458284403887367;https://www.tiktok.com/@vinamilk.official/video/7568458284403887367;vinamilk.official;"Một khoảng nghỉ để vỗ về vị giác.
Lên men tự nhiên sữa tươi nguyên kem tinh khiết từ các trang trại sinh thái Green Farm cho chất sữa mềm mượt mướt mê. Vinamilk Green Farm Sữa chua uống thanh trùng có gì khiến ta mải mê mê mãi?

#Vinamilk #GreenFarm #Suachuauong #6chungmen";Một khoảng nghỉ để vỗ về vị giác. Lên men tự nhiên sữa tươi nguyên kem tinh khiết từ các trang trại sinh thái Green Farm cho chất sữa mềm mượt mướt mê. Vinamilk Green Farm Sữa chua uống thanh trùng có gì khiến ta mải mê mê mãi? #Vinamilk #GreenFarm #Suachuauong #6chungmen;True;#Vinamilk, #GreenFarm, #Suachuauong, #6chungmen;4;;0;;0;3061;15;886;386;11200000;4348;0.00038821428571428573;Very High;15;Very short;2025-11-03 11:23:39+00:00;2025-11-03 18:23:39+07:00;2025-11-03;2025;11;18;Monday
7567326253888408833;https://www.tiktok.com/@vinamilk.official/video/7567326253888408833;vinamilk.official;"Tiết lộ thành tích ấn tượng của các runners tại GEMADEPT RUN 2025 với sự tiếp sức từ Vinamilk Green Farm Cao Đạm!

#Vinamilk #GreenFarm #CaoDam #GemadeptRun";Tiết lộ thành tích ấn tượng của các runners tại GEMADEPT RUN 2025 với sự tiếp sức từ Vinamilk Green Farm Cao Đạm! #Vinamilk #GreenFarm #CaoDam #GemadeptRun;True;#Vinamilk, #GreenFarm, #CaoDam, #GemadeptRun;4;;0;;0;27;2;4;1;9795;34;0.0034711587544665645;Low;69;Long;2025-10-31 12:00:00+00:00;2025-10-31 19:00:00+07:00;2025-10-31;2025;10;19;Friday
7566630451784649992;https://www.tiktok.com/@vinamilk.official/video/7566630451784649992;vinamilk.official;"Vinamilk Green Farm Cao Đạm đã mang đến những bất ngờ gì cho các runners tại Gemadept Run 2025?
Cùng khám phá tại giây 10 nhé!
#Vinamilk #GreenFarm #CaoDam #GemadeptRun";Vinamilk Green Farm Cao Đạm đã mang đến những bất ngờ gì cho các runners tại Gemadept Run 2025? Cùng khám phá tại giây 10 nhé! #Vinamilk #GreenFarm #CaoDam #GemadeptRun;True;#Vinamilk, #GreenFarm, #CaoDam, #GemadeptRun;4;;0;;0;32;0;5;4;27700;41;0.00148014440433213;Medium;62;Long;2025-10-30 12:00:00+00:00;2025-10-30 19:00:00+07:00;2025-10-30;2025;10;19;Thursday
7566485137488235794;https://www.tiktok.com/@vinamilk.official/video/7566485137488235794;vinamilk.official;"Bật mí bí kíp chinh phục mục tiêu của các runners GEMADEPT RUN 2025 trong 55 giây!
#Vinamilk #GreenFarm #CaoDam #GemadeptRun";Bật mí bí kíp chinh phục mục tiêu của các runners GEMADEPT RUN 2025 trong 55 giây! #Vinamilk #GreenFarm #CaoDam #GemadeptRun;True;#Vinamilk, #GreenFarm, #CaoDam, #GemadeptRun;4;;0;;0;34;2;8;4;35100;48;0.0013675213675213675;Medium;55;Medium;2025-10-29 05:00:00+00:00;2025-10-29 12:00:00+07:00;2025-10-29;2025;10;12;Wednesday
7566218161121414407;https://www.tiktok.com/@vinamilk.official/video/7566218161121414407;vinamilk.official;"STEAK CÁ HỒI XỐT 9 HẠT - Steak cá hồi áp chảo thơm ngậy, thêm xốt kem 9 hạt béo nhẹ, đậm vị hạt. Bắt tay thử ngay!​
​
#Vinamilk #Creamer9LoạiHạtVinamilk #SữaĐặcThuầnChay #SteakCáHồi9Hạt ​";STEAK CÁ HỒI XỐT 9 HẠT - Steak cá hồi áp chảo thơm ngậy, thêm xốt kem 9 hạt béo nhẹ, đậm vị hạt. Bắt tay thử ngay!​ ​ #Vinamilk #Creamer9LoạiHạtVinamilk #SữaĐặcThuầnChay #SteakCáHồi9Hạt ​;True;#Vinamilk, #Creamer9LoạiHạtVinamilk, #SữaĐặcThuầnChay, #SteakCáHồi9Hạt;4;;0;;0;25;1;6;6;9303;38;0.004084703858970224;Low;69;Long;2025-10-28 10:30:48+00:00;2025-10-28 17:30:48+07:00;2025-10-28;2025;10;17;Tuesday
7566123779680685330;https://www.tiktok.com/@vinamilk.official/video/7566123779680685330;vinamilk.official;"THỊT CHIÊN XÙ XỐT DỨA 9 HẠT – Tonkatsu phiên bản mới: giòn rụm – chua nhẹ – ngọt thanh – đẫm hạt. Cùng lăn vào bếp nhé! 
#Vinamilk #Creamer9LoạiHạtVinamilk #SữaĐặcThuầnChay #SinhTố9Hạt";THỊT CHIÊN XÙ XỐT DỨA 9 HẠT – Tonkatsu phiên bản mới: giòn rụm – chua nhẹ – ngọt thanh – đẫm hạt. Cùng lăn vào bếp nhé! #Vinamilk #Creamer9LoạiHạtVinamilk #SữaĐặcThuầnChay #SinhTố9Hạt;True;#Vinamilk, #Creamer9LoạiHạtVinamilk, #SữaĐặcThuầnChay, #SinhTố9Hạt;4;;0;;0;51;1;10;18;20600;80;0.003883495145631068;Medium;64;Long;2025-10-28 04:24:36+00:00;2025-10-28 11:24:36+07:00;2025-10-28;2025;10;11;Tuesday
7564331304288914708;https://www.tiktok.com/@vinamilk.official/video/7564331304288914708;vinamilk.official;"Bí kíp ăn đủ đạm của người Singapore là?
#Vinamilk #GreenFarm #CaoDam";Bí kíp ăn đủ đạm của người Singapore là? #Vinamilk #GreenFarm #CaoDam;True;#Vinamilk, #GreenFarm, #CaoDam;3;;0;;0;212;14;34;48;43100;308;0.0071461716937354985;High;63;Long;2025-10-23 12:00:00+00:00;2025-10-23 19:00:00+07:00;2025-10-23;2025;10;19;Thursday
7563872460815404304;https://www.tiktok.com/@vinamilk.official/video/7563872460815404304;vinamilk.official;"Secret của Vinamilk Green Farm x GrabCar có gì?
Bí mật được bật mí tại giây 0:02, khám phá ngay!
——
Hoạt động kéo dài từ 18-25/10 khi đặt xe GrabCar
*Số lượng quà tặng có hạn, chương trình có thể kết thúc trước 25/10
#Vinamilk #GreenFarm #GrabCar #Grab #Suachuauong";Secret của Vinamilk Green Farm x GrabCar có gì? Bí mật được bật mí tại giây 0:02, khám phá ngay! —— Hoạt động kéo dài từ 18-25/10 khi đặt xe GrabCar *Số lượng quà tặng có hạn, chương trình có thể kết thúc trước 25/10 #Vinamilk #GreenFarm #GrabCar #Grab #Suachuauong;True;#Vinamilk, #GreenFarm, #GrabCar, #Grab, #Suachuauong;5;;0;;0;619;6;61;68;1300000;754;0.00058;Very High;11;Very short;2025-10-22 02:48:29+00:00;2025-10-22 09:48:29+07:00;2025-10-22;2025;10;9;Wednesday
7563870557825944839;https://www.tiktok.com/@vinamilk.official/video/7563870557825944839;vinamilk.official;"Quà xinh tới rồi!
Lên chuyến xe hoa cùng Green Farm nào!
——
Từ 18/10 - 25/10, khi đặt GrabCar nàng sẽ nhận món quà ngon lành.
*Số lượng quà tặng có hạn, chương trình có thể kết thúc trước 25/10
#Vinamilk #GreenFarm #GrabCar #Grab #Suachuauong";Quà xinh tới rồi! Lên chuyến xe hoa cùng Green Farm nào! —— Từ 18/10 - 25/10, khi đặt GrabCar nàng sẽ nhận món quà ngon lành. *Số lượng quà tặng có hạn, chương trình có thể kết thúc trước 25/10 #Vinamilk #GreenFarm #GrabCar #Grab #Suachuauong;True;#Vinamilk, #GreenFarm, #GrabCar, #Grab, #Suachuauong;5;;0;;0;255;10;35;34;896400;334;0.00037260151717983045;Very High;11;Very short;2025-10-22 02:40:54+00:00;2025-10-22 09:40:54+07:00;2025-10-22;2025;10;9;Wednesday
7560566886199479568;https://www.tiktok.com/@vinamilk.official/video/7560566886199479568;vinamilk.official;"Sữa tươi cao đạm mà vị mỏng nhẹ bất ngờ??

#Vinamilk #GreenFarm #California #CaoDam";Sữa tươi cao đạm mà vị mỏng nhẹ bất ngờ?? #Vinamilk #GreenFarm #California #CaoDam;True;#Vinamilk, #GreenFarm, #California, #CaoDam;4;;0;;0;150;0;47;25;76000;222;0.0029210526315789475;High;74;Long;2025-10-15 12:00:00+00:00;2025-10-15 19:00:00+07:00;2025-10-15;2025;10;19;Wednesday
7561408048980643080;https://www.tiktok.com/@vinamilk.official/video/7561408048980643080;vinamilk.official;"SỮA CHUA UỐNG SỆT ĐẦU TIÊN VÀ DUY NHẤT TRÊN THỊ TRƯỜNG

Có 6 chủng men và lợi khuẩn! Hệ lợi khuẩn nhiều gấp 3 lần so với mức tối thiểu* của sữa chua thông thường giúp tăng khả năng cân bằng hệ vi sinh đường ruột, tốt cho hệ tiêu hóa.

*Theo tiêu chuẩn quốc gia CODEX

#Vinamilk #GreenFarm #Suachuauong #6chungmen";SỮA CHUA UỐNG SỆT ĐẦU TIÊN VÀ DUY NHẤT TRÊN THỊ TRƯỜNG Có 6 chủng men và lợi khuẩn! Hệ lợi khuẩn nhiều gấp 3 lần so với mức tối thiểu* của sữa chua thông thường giúp tăng khả năng cân bằng hệ vi sinh đường ruột, tốt cho hệ tiêu hóa. *Theo tiêu chuẩn quốc gia CODEX #Vinamilk #GreenFarm #Suachuauong #6chungmen;True;#Vinamilk, #GreenFarm, #Suachuauong, #6chungmen;4;;0;;0;4795;30;1176;563;24400000;6564;0.00026901639344262295;Very High;20;Short;2025-10-15 11:25:06+00:00;2025-10-15 18:25:06+07:00;2025-10-15;2025;10;18;Wednesday
7561026389080657168;https://www.tiktok.com/@vinamilk.official/video/7561026389080657168;vinamilk.official;"Green Farm Cao đạm đã có mặt tại Singapore??

#Vinamilk #GreenFarm #California #CaoDam";Green Farm Cao đạm đã có mặt tại Singapore?? #Vinamilk #GreenFarm #California #CaoDam;True;#Vinamilk, #GreenFarm, #California, #CaoDam;4;;0;;0;18;4;9;8;7742;39;0.005037458021183157;Low;34;Medium;2025-10-14 12:00:00+00:00;2025-10-14 19:00:00+07:00;2025-10-14;2025;10;19;Tuesday
7560537875176049938;https://www.tiktok.com/@vinamilk.official/video/7560537875176049938;vinamilk.official;"Vừa tập và giải đáp thắc mắc về đạm?

#Vinamilk #GreenFarm #California #CaoDam";Vừa tập và giải đáp thắc mắc về đạm? #Vinamilk #GreenFarm #California #CaoDam;True;#Vinamilk, #GreenFarm, #California, #CaoDam;4;;0;;0;26;4;11;4;14500;45;0.003103448275862069;Medium;87;Long;2025-10-13 12:00:00+00:00;2025-10-13 19:00:00+07:00;2025-10-13;2025;10;19;Monday
7558802658606206226;https://www.tiktok.com/@vinamilk.official/video/7558802658606206226;vinamilk.official;"Đẹp dễ lắm NHA, ĐAM mê đẹp dễ gì bỏ qua!
Hẹn các người đẹp một ngày không xa!
#Vinamilk #SữaChuaNhaĐam #ĐẹpNhờNhai";Đẹp dễ lắm NHA, ĐAM mê đẹp dễ gì bỏ qua! Hẹn các người đẹp một ngày không xa! #Vinamilk #SữaChuaNhaĐam #ĐẹpNhờNhai;True;#Vinamilk, #SữaChuaNhaĐam, #ĐẹpNhờNhai;3;;0;;0;2632;23;382;209;8200000;3246;0.0003958536585365854;Very High;7;Very short;2025-10-08 10:54:51+00:00;2025-10-08 17:54:51+07:00;2025-10-08;2025;10;17;Wednesday
7558742631149325575;https://www.tiktok.com/@vinamilk.official/video/7558742631149325575;vinamilk.official;"STEAK CÁ HỒI XỐT 9 HẠT - Steak cá hồi áp chảo thơm ngậy, thêm xốt kem 9 hạt béo nhẹ, đậm vị hạt. Bắt tay thử ngay!​
​
#Vinamilk #Creamer9LoạiHạtVinamilk #SữaĐặcThuầnChay #SteakCáHồi9Hạt ​";STEAK CÁ HỒI XỐT 9 HẠT - Steak cá hồi áp chảo thơm ngậy, thêm xốt kem 9 hạt béo nhẹ, đậm vị hạt. Bắt tay thử ngay!​ ​ #Vinamilk #Creamer9LoạiHạtVinamilk #SữaĐặcThuầnChay #SteakCáHồi9Hạt ​;True;#Vinamilk, #Creamer9LoạiHạtVinamilk, #SữaĐặcThuầnChay, #SteakCáHồi9Hạt;4;;0;;0;15;4;0;2;2119;21;0.009910335063709298;Low;69;Long;2025-10-08 07:02:01+00:00;2025-10-08 14:02:01+07:00;2025-10-08;2025;10;14;Wednesday
7556464084971965714;https://www.tiktok.com/@vinamilk.official/video/7556464084971965714;vinamilk.official;"HAYĐẤY CÓ TRÒ NÀY HAY LẮM!
Nếu bạn dám chơi, chúng tớ dám feature lên page. Chơi liền luôn nhé!
#HAYĐẤY #KOMBUCHAKIEUMOI #VIETNAMHAYDAY";HAYĐẤY CÓ TRÒ NÀY HAY LẮM! Nếu bạn dám chơi, chúng tớ dám feature lên page. Chơi liền luôn nhé! #HAYĐẤY #KOMBUCHAKIEUMOI #VIETNAMHAYDAY;True;#HAYĐẤY, #KOMBUCHAKIEUMOI, #VIETNAMHAYDAY;3;;0;;0;259;4;15;14;895300;292;0.0003261476600022339;Very High;10;Very short;2025-10-02 03:40:02+00:00;2025-10-02 10:40:02+07:00;2025-10-02;2025;10;10;Thursday
7555849236135316744;https://www.tiktok.com/@vinamilk.official/video/7555849236135316744;vinamilk.official;"Vỏ thì xinh, ruột lại đầy ""iu điểm""

Susu diện mạo mới xinh xắn, bên trong vẫn đầy đủ dưỡng chất – mẹ và bé đã thử hết Susu chưa?​

Đằng sau vẻ ngoài mới lạ, còn là các “iu điểm"" khiến mẹ thêm ưng bụng:​
🌟 Đa vị khó cưỡng  - từ truyền thống đến dâu chuối, táo chuối​
🌟 Dinh dưỡng dồi dào - tiêu hoá khoẻ, đề kháng tốt, mắt sáng, răng chắc​
🌟 Đảm bảo an toàn - Không chất bảo quản hay chất tạo màu​
Susu xây dựng cho bé một nền tảng sức khỏe vững chắc để bé tự tin khám phá thế giới rộng lớn qua học hỏi và trải nghiệm muôn điều mới mỗi ngày.​

Sữa chua Susu - dưỡng chất vừa ý mẹ, vị ngon đúng ý bé. ​

Thử ngay Susu ngon lành bổ dưỡng nhé cả nhà.";"Vỏ thì xinh, ruột lại đầy ""iu điểm"" Susu diện mạo mới xinh xắn, bên trong vẫn đầy đủ dưỡng chất – mẹ và bé đã thử hết Susu chưa?​ Đằng sau vẻ ngoài mới lạ, còn là các “iu điểm"" khiến mẹ thêm ưng bụng:​ 🌟 Đa vị khó cưỡng - từ truyền thống đến dâu chuối, táo chuối​ 🌟 Dinh dưỡng dồi dào - tiêu hoá khoẻ, đề kháng tốt, mắt sáng, răng chắc​ 🌟 Đảm bảo an toàn - Không chất bảo quản hay chất tạo màu​ Susu xây dựng cho bé một nền tảng sức khỏe vững chắc để bé tự tin khám phá thế giới rộng lớn qua học hỏi và trải nghiệm muôn điều mới mỗi ngày.​ Sữa chua Susu - dưỡng chất vừa ý mẹ, vị ngon đúng ý bé. ​ Thử ngay Susu ngon lành bổ dưỡng nhé cả nhà.";True;;0;;0;;0;5711;32;1692;461;26900000;7896;0.00029353159851301116;Very High;8;Very short;2025-09-30 11:54:06+00:00;2025-09-30 18:54:06+07:00;2025-09-30;2025;9;18;Tuesday
7554284076673371400;https://www.tiktok.com/@vinamilk.official/video/7554284076673371400;vinamilk.official;"SALAD XỐT 9 HẠT – Búng tay là có ngay món salad mùa hè tươi mát, dậy vị xốt chanh dây và xốt Creamer 9 hạt!​
​
#Vinamilk #Creamer9LoạiHạtVinamilk #SữaĐặcThuầnChay #SaladXốt9Hạt​
​";SALAD XỐT 9 HẠT – Búng tay là có ngay món salad mùa hè tươi mát, dậy vị xốt chanh dây và xốt Creamer 9 hạt!​ ​ #Vinamilk #Creamer9LoạiHạtVinamilk #SữaĐặcThuầnChay #SaladXốt9Hạt​ ​;True;#Vinamilk, #Creamer9LoạiHạtVinamilk, #SữaĐặcThuầnChay, #SaladXốt9Hạt;4;;0;;0;68;4;6;16;21100;94;0.004454976303317535;Medium;39;Medium;2025-09-26 06:40:28+00:00;2025-09-26 13:40:28+07:00;2025-09-26;2025;9;13;Friday
7551698460148305173;https://www.tiktok.com/@vinamilk.official/video/7551698460148305173;vinamilk.official;"Bữa phụ eat clean cùng Hà

#Vinamilk #Suahat #nutmilk #9loaihat #suahatkhongduong #suahatitduong";Bữa phụ eat clean cùng Hà #Vinamilk #Suahat #nutmilk #9loaihat #suahatkhongduong #suahatitduong;True;#Vinamilk, #Suahat, #nutmilk, #9loaihat, #suahatkhongduong, #suahatitduong;6;;0;;0;55;12;19;12;18200;98;0.005384615384615384;Medium;31;Medium;2025-09-20 13:30:00+00:00;2025-09-20 20:30:00+07:00;2025-09-20;2025;9;20;Saturday
7551698446474890516;https://www.tiktok.com/@vinamilk.official/video/7551698446474890516;vinamilk.official;"Bạn đồng hành healthy khi tập pilates

#Vinamilk #Suahat #nutmilk #9loaihat #suahatkhongduong #suahatitduong";Bạn đồng hành healthy khi tập pilates #Vinamilk #Suahat #nutmilk #9loaihat #suahatkhongduong #suahatitduong;True;#Vinamilk, #Suahat, #nutmilk, #9loaihat, #suahatkhongduong, #suahatitduong;6;;0;;0;41;6;2;9;16000;58;0.003625;Medium;53;Medium;2025-09-20 13:00:00+00:00;2025-09-20 20:00:00+07:00;2025-09-20;2025;9;20;Saturday
7551698429009825032;https://www.tiktok.com/@vinamilk.official/video/7551698429009825032;vinamilk.official;"Nạp năng lượng tích cực cùng MC Mai Anh

#Vinamilk #Suahat #nutmilk #9loaihat #suahatkhongduong #suahatitduong";Nạp năng lượng tích cực cùng MC Mai Anh #Vinamilk #Suahat #nutmilk #9loaihat #suahatkhongduong #suahatitduong;True;#Vinamilk, #Suahat, #nutmilk, #9loaihat, #suahatkhongduong, #suahatitduong;6;;0;;0;38;2;20;9;11000;69;0.006272727272727273;Low;28;Short;2025-09-20 09:00:00+00:00;2025-09-20 16:00:00+07:00;2025-09-20;2025;9;16;Saturday
7551698417597304085;https://www.tiktok.com/@vinamilk.official/video/7551698417597304085;vinamilk.official;"Thói quen ăn healthy của mẹ bỉm sữa

#Vinamilk #Suahat #nutmilk #9loaihat #suahatkhongduong #suahatitduong";Thói quen ăn healthy của mẹ bỉm sữa #Vinamilk #Suahat #nutmilk #9loaihat #suahatkhongduong #suahatitduong;True;#Vinamilk, #Suahat, #nutmilk, #9loaihat, #suahatkhongduong, #suahatitduong;6;;0;;0;33;0;17;13;9227;63;0.006827788013438821;Low;43;Medium;2025-09-20 05:00:00+00:00;2025-09-20 12:00:00+07:00;2025-09-20;2025;9;12;Saturday
7551698405668441352;https://www.tiktok.com/@vinamilk.official/video/7551698405668441352;vinamilk.official;"Routine chữa lành của cô nàng độc thân

#Vinamilk #Suahat #nutmilk #9loaihat #suahatkhongduong #suahatitduong";Routine chữa lành của cô nàng độc thân #Vinamilk #Suahat #nutmilk #9loaihat #suahatkhongduong #suahatitduong;True;#Vinamilk, #Suahat, #nutmilk, #9loaihat, #suahatkhongduong, #suahatitduong;6;;0;;0;33;0;13;5;10300;51;0.004951456310679611;Low;37;Medium;2025-09-19 13:00:00+00:00;2025-09-19 20:00:00+07:00;2025-09-19;2025;9;20;Friday
7551635894206336264;https://www.tiktok.com/@vinamilk.official/video/7551635894206336264;vinamilk.official;"Vị trà nào được yêu thích nhất khi kết hợp cùng Green Farm Thanh trùng thơm béo?
#Vinamilk #GreenFarm #Matte #tontralenmay #GreenOnCloud";Vị trà nào được yêu thích nhất khi kết hợp cùng Green Farm Thanh trùng thơm béo? #Vinamilk #GreenFarm #Matte #tontralenmay #GreenOnCloud;True;#Vinamilk, #GreenFarm, #Matte, #tontralenmay, #GreenOnCloud;5;;0;;0;52;2;27;12;10900;93;0.008532110091743119;Low;71;Long;2025-09-19 12:30:00+00:00;2025-09-19 19:30:00+07:00;2025-09-19;2025;9;19;Friday
7551734609872948498;https://www.tiktok.com/@vinamilk.official/video/7551734609872948498;vinamilk.official;"Tặng 1 bộ ly hologram khi mua 1 thùng. Áp dụng tại các siêu thị và cửa hàng Vinamilk trên toàn quốc

#Vinamilk #Sua9LoaiHat";Tặng 1 bộ ly hologram khi mua 1 thùng. Áp dụng tại các siêu thị và cửa hàng Vinamilk trên toàn quốc #Vinamilk #Sua9LoaiHat;True;#Vinamilk, #Sua9LoaiHat;2;;0;;0;3137;32;759;384;8900000;4312;0.0004844943820224719;Very High;7;Very short;2025-09-19 09:47:11+00:00;2025-09-19 16:47:11+07:00;2025-09-19;2025;9;16;Friday
7551734298701778184;https://www.tiktok.com/@vinamilk.official/video/7551734298701778184;vinamilk.official;"Tặng 1 hộp khi mua 11 hộp Sữa 9 loại hạt. Áp dụng tại các điểm lẻ trên toàn quốc

#Vinamilk #Sua9LoaiHat";Tặng 1 hộp khi mua 11 hộp Sữa 9 loại hạt. Áp dụng tại các điểm lẻ trên toàn quốc #Vinamilk #Sua9LoaiHat;True;#Vinamilk, #Sua9LoaiHat;2;;0;;0;2885;30;596;329;9300000;3840;0.0004129032258064516;Very High;6;Very short;2025-09-19 09:46:01+00:00;2025-09-19 16:46:01+07:00;2025-09-19;2025;9;16;Friday
7551698390157937940;https://www.tiktok.com/@vinamilk.official/video/7551698390157937940;vinamilk.official;"5s để có 1 ly sữa hạt thơm ngon

#Vinamilk #Suahat #nutmilk #9loaihat #suahatkhongduong #suahatitduong";5s để có 1 ly sữa hạt thơm ngon #Vinamilk #Suahat #nutmilk #9loaihat #suahatkhongduong #suahatitduong;True;#Vinamilk, #Suahat, #nutmilk, #9loaihat, #suahatkhongduong, #suahatitduong;6;;0;;0;31;4;10;11;11600;56;0.004827586206896552;Low;41;Medium;2025-09-19 09:00:00+00:00;2025-09-19 16:00:00+07:00;2025-09-19;2025;9;16;Friday
7551698977314311445;https://www.tiktok.com/@vinamilk.official/video/7551698977314311445;vinamilk.official;"Daily Vlog 1 ngày ăn gì của chill girl văn phòng

#Vinamilk #Suahat #nutmilk #9loaihat #suahatkhongduong #suahatitduong";Daily Vlog 1 ngày ăn gì của chill girl văn phòng #Vinamilk #Suahat #nutmilk #9loaihat #suahatkhongduong #suahatitduong;True;#Vinamilk, #Suahat, #nutmilk, #9loaihat, #suahatkhongduong, #suahatitduong;6;;0;;0;26;0;4;6;7685;36;0.004684450227716331;Low;58;Medium;2025-09-19 07:28:58+00:00;2025-09-19 14:28:58+07:00;2025-09-19;2025;9;14;Friday
7551698953092254984;https://www.tiktok.com/@vinamilk.official/video/7551698953092254984;vinamilk.official;"Công thức pha matcha latte healthy, béo bùi

#Vinamilk #Suahat #nutmilk #9loaihat #suahatkhongduong #suahatitduong";Công thức pha matcha latte healthy, béo bùi #Vinamilk #Suahat #nutmilk #9loaihat #suahatkhongduong #suahatitduong;True;#Vinamilk, #Suahat, #nutmilk, #9loaihat, #suahatkhongduong, #suahatitduong;6;;0;;0;55;0;12;9;15100;76;0.005033112582781457;Medium;29;Short;2025-09-19 07:28:52+00:00;2025-09-19 14:28:52+07:00;2025-09-19;2025;9;14;Friday
7551643802813893889;https://www.tiktok.com/@vinamilk.official/video/7551643802813893889;vinamilk.official;"Trải nghiệm cùng lúc sự ""giòn rụm"" & ""bông mịn"" sẽ như thế nào?

#Vinamilk #GreenFarm #Matte #tontralenmay #GreenOnCloud";"Trải nghiệm cùng lúc sự ""giòn rụm"" & ""bông mịn"" sẽ như thế nào? #Vinamilk #GreenFarm #Matte #tontralenmay #GreenOnCloud";True;#Vinamilk, #GreenFarm, #Matte, #tontralenmay, #GreenOnCloud;5;;0;;0;19;0;11;7;6117;37;0.006048716691188491;Low;61;Long;2025-09-19 04:30:00+00:00;2025-09-19 11:30:00+07:00;2025-09-19;2025;9;11;Friday
7546538882431569160;https://www.tiktok.com/@vinamilk.official/video/7546538882431569160;vinamilk.official;"Dù lên rừng hay xuống biển, dù chạy bộ nhiều nhưng vẫn giữ cơ bắp chắc khỏe

#Vinamilk #Suahatcaodam #nutmilk #Sua7loaihat";Dù lên rừng hay xuống biển, dù chạy bộ nhiều nhưng vẫn giữ cơ bắp chắc khỏe #Vinamilk #Suahatcaodam #nutmilk #Sua7loaihat;True;#Vinamilk, #Suahatcaodam, #nutmilk, #Sua7loaihat;4;;0;;0;103;0;12;12;78700;127;0.001613722998729352;High;82;Long;2025-09-05 09:45:09+00:00;2025-09-05 16:45:09+07:00;2025-09-05;2025;9;16;Friday
7546447478258797842;https://www.tiktok.com/@vinamilk.official/video/7546447478258797842;vinamilk.official;"Mẹ ơi, mua sữa Vinamilk ADM có quà
🎁 Tặng 1 bình nước khi mua 1 thùng ADM 110ml
🎁 Tặng 2 bình nước khi mua 1 thùng ADM 180ml";Mẹ ơi, mua sữa Vinamilk ADM có quà 🎁 Tặng 1 bình nước khi mua 1 thùng ADM 110ml 🎁 Tặng 2 bình nước khi mua 1 thùng ADM 180ml;True;;0;;0;;0;9708;65;3873;972;25300000;14618;0.0005777865612648221;Very High;6;Very short;2025-09-05 03:50:29+00:00;2025-09-05 10:50:29+07:00;2025-09-05;2025;9;10;Friday
7545423650682342676;https://www.tiktok.com/@vinamilk.official/video/7545423650682342676;vinamilk.official;"Chắc khoẻ xương, nhà mình thương nhau mừng Quốc Khánh
Cùng ngắm nhìn lại khoảnh khắc thật vững chãi của khối yêu nước khi được tiếp thêm hàm lượng canxi cao nhất Việt Nam (*) nhờ Sữa Đậu Nành Cao Canxi Vinamilk trong sự kiện Diễu binh mừng quốc khánh Việt Nam.
 
Còn bạn đã thử  chưa Sữa đậu Nành Cao Canxi Vinamilk mới chưa? Trải nghiệm ngay: https://bit.ly/SDN2608
 
(*) Theo nghiên cứu thị trường do Fieldforce (tháng 01/2025) thực hiện trong ngành hàng sữa đậu nành tại Việt Nam
 
#Vinamilk #CaoCanxiNhấtViệtNam #XươngChắcKhoẻ";Chắc khoẻ xương, nhà mình thương nhau mừng Quốc Khánh Cùng ngắm nhìn lại khoảnh khắc thật vững chãi của khối yêu nước khi được tiếp thêm hàm lượng canxi cao nhất Việt Nam (*) nhờ Sữa Đậu Nành Cao Canxi Vinamilk trong sự kiện Diễu binh mừng quốc khánh Việt Nam. Còn bạn đã thử chưa Sữa đậu Nành Cao Canxi Vinamilk mới chưa? Trải nghiệm ngay: https://bit.ly/SDN2608 (*) Theo nghiên cứu thị trường do Fieldforce (tháng 01/2025) thực hiện trong ngành hàng sữa đậu nành tại Việt Nam #Vinamilk #CaoCanxiNhấtViệtNam #XươngChắcKhoẻ;True;#Vinamilk, #CaoCanxiNhấtViệtNam, #XươngChắcKhoẻ;3;;0;https://bit.ly/SDN2608;1;82;4;14;6;18700;106;0.005668449197860963;Medium;27;Short;2025-09-02 09:37:33+00:00;2025-09-02 16:37:33+07:00;2025-09-02;2025;9;16;Tuesday
7543928988960312596;https://www.tiktok.com/@vinamilk.official/video/7543928988960312596;vinamilk.official;"Công thức Gà nướng siêu đỉnh, đậm đà thấm vị từ sữa Ông Thọ 🤩
#MonNgonTuSuaOngTho #FoodFestOnTikTok";Công thức Gà nướng siêu đỉnh, đậm đà thấm vị từ sữa Ông Thọ 🤩 #MonNgonTuSuaOngTho #FoodFestOnTikTok;True;#MonNgonTuSuaOngTho, #FoodFestOnTikTok;2;;0;;0;166;2;28;44;26700;240;0.008988764044943821;Medium;89;Long;2025-08-29 08:57:27+00:00;2025-08-29 15:57:27+07:00;2025-08-29;2025;8;15;Friday
7542837758499425543;https://www.tiktok.com/@vinamilk.official/video/7542837758499425543;vinamilk.official;"RA MẮT SỮA ĐẬU NÀNH CAO CANXI NHẤT VIỆT NAM ĐÂY

#Vinamilk #suadaunanh #caocanxinhatvietnam #chackhoexuong";RA MẮT SỮA ĐẬU NÀNH CAO CANXI NHẤT VIỆT NAM ĐÂY #Vinamilk #suadaunanh #caocanxinhatvietnam #chackhoexuong;True;#Vinamilk, #suadaunanh, #caocanxinhatvietnam, #chackhoexuong;4;;0;;0;197;6;36;31;106900;270;0.0025257249766136576;High;6;Very short;2025-08-26 10:22:53+00:00;2025-08-26 17:22:53+07:00;2025-08-26;2025;8;17;Tuesday
7542836706798521607;https://www.tiktok.com/@vinamilk.official/video/7542836706798521607;vinamilk.official;"RA MẮT SỮA ĐẬU NÀNH CAO CANXI NHẤT VIỆT NAM ĐÂY

#Vinamilk #suadaunanh #caocanxinhatvietnam #chackhoexuong";RA MẮT SỮA ĐẬU NÀNH CAO CANXI NHẤT VIỆT NAM ĐÂY #Vinamilk #suadaunanh #caocanxinhatvietnam #chackhoexuong;True;#Vinamilk, #suadaunanh, #caocanxinhatvietnam, #chackhoexuong;4;;0;;0;5771;52;1468;902;17600000;8193;0.00046551136363636364;Very High;6;Very short;2025-08-26 10:18:48+00:00;2025-08-26 17:18:48+07:00;2025-08-26;2025;8;17;Tuesday
7542385929286126866;https://www.tiktok.com/@vinamilk.official/video/7542385929286126866;vinamilk.official;UỐNG SUSU - QUÀ HÈ VI VU! ​;UỐNG SUSU - QUÀ HÈ VI VU! ​;True;;0;;0;;0;3422;16;452;335;8600000;4225;0.0004912790697674419;Very High;6;Very short;2025-08-25 05:09:33+00:00;2025-08-25 12:09:33+07:00;2025-08-25;2025;8;12;Monday
7540278786596670738;https://www.tiktok.com/@vinamilk.official/video/7540278786596670738;vinamilk.official;"Lộ diện khách mời cuối cùng dự tiệc sinh nhật @ongchunguoibong 
Đặt lịch gặp Ông Chú khung giờ 18:00 - 20:00 21.08 nhé!
#Vinamilkbirthday 
#SuperBrandFestival 
#TiecLiveBachHoa 
#livestreammarathon ";Lộ diện khách mời cuối cùng dự tiệc sinh nhật @ongchunguoibong Đặt lịch gặp Ông Chú khung giờ 18:00 - 20:00 21.08 nhé! #Vinamilkbirthday #SuperBrandFestival #TiecLiveBachHoa #livestreammarathon;True;#Vinamilkbirthday, #SuperBrandFestival, #TiecLiveBachHoa, #livestreammarathon;4;@ongchunguoibong;1;;0;89;5;2;11;67200;107;0.0015922619047619047;High;15;Very short;2025-08-19 12:52:47+00:00;2025-08-19 19:52:47+07:00;2025-08-19;2025;8;19;Tuesday
7539916781478022408;https://www.tiktok.com/@vinamilk.official/video/7539916781478022408;vinamilk.official;"Lộ diện khách mời hot dành cho các mom iu @meminhmindaily
Đặt lịch gặp Mẹ Minh Min phiên live 22:00 -24:00 cùng nhà Vinamilk nhé 🧸💙
#Vinamilkbirthday #SuperBrandFestival #TiecLiveBachHoa #livestreammarathon ";Lộ diện khách mời hot dành cho các mom iu @meminhmindaily Đặt lịch gặp Mẹ Minh Min phiên live 22:00 -24:00 cùng nhà Vinamilk nhé 🧸💙 #Vinamilkbirthday #SuperBrandFestival #TiecLiveBachHoa #livestreammarathon;True;#Vinamilkbirthday, #SuperBrandFestival, #TiecLiveBachHoa, #livestreammarathon;4;@meminhmindaily;1;;0;45;6;3;6;29300;60;0.0020477815699658703;Medium;15;Very short;2025-08-18 13:28:01+00:00;2025-08-18 20:28:01+07:00;2025-08-18;2025;8;20;Monday
7642969848259022111;https://www.tiktok.com/@mishshellyy/video/7642969848259022111;mishshellyy;A cultural experience. Vinamilk take all my money #vietnam #yogurt #notsponsored ;A cultural experience. Vinamilk take all my money #vietnam #yogurt #notsponsored;True;#vietnam, #yogurt, #notsponsored;3;;0;;0;771;16;19;16;22300;822;0.0368609865470852;Medium;59;Medium;2026-05-23 06:26:41+00:00;2026-05-23 13:26:41+07:00;2026-05-23;2026;5;13;Saturday
7624783005629877535;https://www.tiktok.com/@kemechann/video/7624783005629877535;kemechann;Come with me to VinaMilk, the most popular dairy shop in Vietnam 🇻🇳🥛. You won’t believe the products and prices! #vinamilk #vietnamesefood  #vietnamtravel #vietnamesetiktok #viettiktok ;Come with me to VinaMilk, the most popular dairy shop in Vietnam 🇻🇳🥛. You won’t believe the products and prices! #vinamilk #vietnamesefood #vietnamtravel #vietnamesetiktok #viettiktok;True;#vinamilk, #vietnamesefood, #vietnamtravel, #vietnamesetiktok, #viettiktok;5;;0;;0;1965;43;72;165;38400;2245;0.05846354166666667;Medium;287;Very long;2026-04-04 06:12:49+00:00;2026-04-04 13:12:49+07:00;2026-04-04;2026;4;13;Saturday
7641970694057774357;https://www.tiktok.com/@tannerandsierra/video/7641970694057774357;tannerandsierra;"Vinamilk is the MOST UNDERRATED dessert spot in Vietnam!

#southeastasia #travel #vietnam #dessert #hoian";Vinamilk is the MOST UNDERRATED dessert spot in Vietnam! #southeastasia #travel #vietnam #dessert #hoian;True;#southeastasia, #travel, #vietnam, #dessert, #hoian;5;;0;;0;6247;67;1493;1604;100400;9411;0.09373505976095617;High;18;Short;2026-05-20 13:49:23+00:00;2026-05-20 20:49:23+07:00;2026-05-20;2026;5;20;Wednesday
7635802726919687455;https://www.tiktok.com/@pickledfunions/video/7635802726919687455;pickledfunions;"In Vietnam and also surprised by these bold colors behind the glass panels? Vinamilk is everywhereee. You can’t go a day without seeing their Southstar condensed milk. I dare you. 

Rebranding “case study” of one brand that really stood out to me while traveling! I was really surprised to see a brand like this in Vietnam amongst the more traditional or cutesy, animal-centric packaging on other food products and snacks. It looked so new-age western to me I thought at first glance it was a cocojune or other organic startup from back home. 

I know the conversation of sustainability and animal welfare is nuanced, but I was really pleased to see the responsibility that Vinamilk has been taking in the dairy industry, setting an example for renewable energy adaptation and animal care. 

Let me know if this kind of video interests you and I should do more branding / marketing content like this! 

#vietnam asian food brands Vinamilk #sustainablebrands #cpg ";In Vietnam and also surprised by these bold colors behind the glass panels? Vinamilk is everywhereee. You can’t go a day without seeing their Southstar condensed milk. I dare you. Rebranding “case study” of one brand that really stood out to me while traveling! I was really surprised to see a brand like this in Vietnam amongst the more traditional or cutesy, animal-centric packaging on other food products and snacks. It looked so new-age western to me I thought at first glance it was a cocojune or other organic startup from back home. I know the conversation of sustainability and animal welfare is nuanced, but I was really pleased to see the responsibility that Vinamilk has been taking in the dairy industry, setting an example for renewable energy adaptation and animal care. Let me know if this kind of video interests you and I should do more branding / marketing content like this! #vietnam asian food brands Vinamilk #sustainablebrands #cpg;True;#vietnam, #sustainablebrands, #cpg;3;;0;;0;112;3;1;10;1719;126;0.07329842931937172;Low;124;Long;2026-05-03 22:54:44+00:00;2026-05-04 05:54:44+07:00;2026-05-04;2026;5;5;Monday
7549343406498041118;https://www.tiktok.com/@jennie.huynh99/video/7549343406498041118;jennie.huynh99;Cuối cùng cơn thèm đã được thoả 😂 #vinamilk #usa #yogurt ;Cuối cùng cơn thèm đã được thoả 😂 #vinamilk #usa #yogurt;True;#vinamilk, #usa, #yogurt;3;;0;;0;35;5;7;5;4767;52;0.010908328088944829;Low;11;Very short;2025-09-12 23:08:22+00:00;2025-09-13 06:08:22+07:00;2025-09-13;2025;9;6;Saturday
7360873162583706922;https://www.tiktok.com/@cutimart/video/7360873162583706922;cutimart;Sữa Chua Vinamilk - Hàng hiếm khó kiếm;Sữa Chua Vinamilk - Hàng hiếm khó kiếm;True;;0;;0;;0;67;46;15;8;14200;136;0.009577464788732394;Medium;34;Medium;2024-04-23 01:47:42+00:00;2024-04-23 08:47:42+07:00;2024-04-23;2024;4;8;Tuesday
7638489687883140360;https://www.tiktok.com/@notchelstheelf/video/7638489687883140360;notchelstheelf;"final boss of Vietnamese snack products because there’d always gonna be something you’ll like frm Vinamilk and it leads you down a rabbit hole 🇻🇳🥛 

If you haven’t had matcha gelato, you’re lucky you don’t have the addiction yet. That one really messed me up and made me a sweets fan wtf 😭😭😭

#vinamilk #vietnamfood #hanoi #travelvietnam    ";final boss of Vietnamese snack products because there’d always gonna be something you’ll like frm Vinamilk and it leads you down a rabbit hole 🇻🇳🥛 If you haven’t had matcha gelato, you’re lucky you don’t have the addiction yet. That one really messed me up and made me a sweets fan wtf 😭😭😭 #vinamilk #vietnamfood #hanoi #travelvietnam;True;#vinamilk, #vietnamfood, #hanoi, #travelvietnam;4;;0;;0;8820;150;2218;2439;131400;13627;0.10370624048706241;High;15;Very short;2026-05-11 04:41:21+00:00;2026-05-11 11:41:21+07:00;2026-05-11;2026;5;11;Monday
7474248638319824171;https://www.tiktok.com/@viet.mylai/video/7474248638319824171;viet.mylai;My breakfast this morning Vietnamese sweetened yogurt ( sửa chua có đường) của vinamilk Vietnam #timothyreview #fyp #mukbang #foodstores #eatingshow #breakfast #yogurt #vinamilk ;My breakfast this morning Vietnamese sweetened yogurt ( sửa chua có đường) của vinamilk Vietnam #timothyreview #fyp #mukbang #foodstores #eatingshow #breakfast #yogurt #vinamilk;True;#timothyreview, #fyp, #mukbang, #foodstores, #eatingshow, #breakfast, #yogurt, #vinamilk;8;;0;;0;54;5;5;0;2988;64;0.0214190093708166;Low;254;Very long;2025-02-22 14:22:53+00:00;2025-02-22 21:22:53+07:00;2025-02-22;2025;2;21;Saturday
7642461777669672205;https://www.tiktok.com/@chunkitivanyue/video/7642461777669672205;chunkitivanyue;"🥛 Start your day the Vinamilk way.
Fresh taste, quality nutrition, and energy for every moment 💙✨
Because every sip should feel good — anytime, anywhere.

#Vinamilk #MilkTok #HealthyVibes #DailyRoutine #DrinkTok #GoodMorning #VietnameseBrand";🥛 Start your day the Vinamilk way. Fresh taste, quality nutrition, and energy for every moment 💙✨ Because every sip should feel good — anytime, anywhere. #Vinamilk #MilkTok #HealthyVibes #DailyRoutine #DrinkTok #GoodMorning #VietnameseBrand;True;#Vinamilk, #MilkTok, #HealthyVibes, #DailyRoutine, #DrinkTok, #GoodMorning, #VietnameseBrand;7;;0;;0;0;0;0;0;120;0;0.0;Low;11;Very short;2026-05-21 21:35:04+00:00;2026-05-22 04:35:04+07:00;2026-05-22;2026;5;4;Friday
7605943829723647240;https://www.tiktok.com/@fearlessbarb/video/7605943829723647240;fearlessbarb;"Vinamilk @Vinamilk SG 
#vinamilk #milk #organicmilk #createtowin #tiktokshopsg ";Vinamilk @Vinamilk SG #vinamilk #milk #organicmilk #createtowin #tiktokshopsg;True;#vinamilk, #milk, #organicmilk, #createtowin, #tiktokshopsg;5;@Vinamilk;1;;0;8;4;3;4;3726;19;0.005099302200751476;Low;53;Medium;2026-02-12 11:46:42+00:00;2026-02-12 18:46:42+07:00;2026-02-12;2026;2;18;Thursday
7617840849468034311;https://www.tiktok.com/@vinamilkbinhthanh/video/7617840849468034311;vinamilkbinhthanh;Kem ở cửa hàng AD đang gào thét quá rồi #vinamilk #vinamilkbinhthanh #milk #suavinamilk #66đồngtháp ;Kem ở cửa hàng AD đang gào thét quá rồi #vinamilk #vinamilkbinhthanh #milk #suavinamilk #66đồngtháp;True;#vinamilk, #vinamilkbinhthanh, #milk, #suavinamilk, #66đồngtháp;5;;0;;0;6290;135;1943;532;167900;8900;0.053007742703990474;High;20;Short;2026-03-16 13:13:15+00:00;2026-03-16 20:13:15+07:00;2026-03-16;2026;3;20;Monday
7618111802869615902;https://www.tiktok.com/@allisaurn/video/7618111802869615902;allisaurn;if u can’t find this pls try to make it because it’s soooo good #vietnam #vietnamese #yogurt;if u can’t find this pls try to make it because it’s soooo good #vietnam #vietnamese #yogurt;True;#vietnam, #vietnamese, #yogurt;3;;0;;0;11800;202;884;1484;112900;14370;0.12728077945084146;High;78;Long;2026-03-17 06:45:40+00:00;2026-03-17 13:45:40+07:00;2026-03-17;2026;3;13;Tuesday
7513282336604163335;https://www.tiktok.com/@czardelosreyes1/video/7513282336604163335;czardelosreyes1;"Who knew milk shopping could be this fun? From classic fresh milk to yogurt drinks and soy options, Vinamilk has everything.
A must-visit if you're curious about Vietnamese dairy culture!
Have you ever tried Vinamilk? 👀✨ @Vinamilk - Shop & More 

#Vinamilk #MilkLovers #HoChiMinh #Vietnam #VietnamDairy #vietnamese #vietnamesefood ";Who knew milk shopping could be this fun? From classic fresh milk to yogurt drinks and soy options, Vinamilk has everything. A must-visit if you're curious about Vietnamese dairy culture! Have you ever tried Vinamilk? 👀✨ @Vinamilk - Shop & More #Vinamilk #MilkLovers #HoChiMinh #Vietnam #VietnamDairy #vietnamese #vietnamesefood;True;#Vinamilk, #MilkLovers, #HoChiMinh, #Vietnam, #VietnamDairy, #vietnamese, #vietnamesefood;7;@Vinamilk;1;;0;8259;65;1018;990;135200;10332;0.07642011834319527;High;20;Short;2025-06-07 18:52:48+00:00;2025-06-08 01:52:48+07:00;2025-06-08;2025;6;1;Sunday
7347937775519337749;https://www.tiktok.com/@vungocthanhh/video/7347937775519337749;vungocthanhh;Mới tậu đc sữa chua Vinamilk #ngocthanhomy ;Mới tậu đc sữa chua Vinamilk #ngocthanhomy;True;#ngocthanhomy;1;;0;;0;36300;219;196;818;2000000;37533;0.0187665;Very High;73;Long;2024-03-19 05:11:36+00:00;2024-03-19 12:11:36+07:00;2024-03-19;2024;3;12;Tuesday
7644213375731322133;https://www.tiktok.com/@.emmiiday_/video/7644213375731322133;.emmiiday_;Lại chuyên mục unbox thùng sữa mới cho gái rượu 🌸 #xuhuong #nguoimoixaykenh #vinamilk #unboxing #fyp ;Lại chuyên mục unbox thùng sữa mới cho gái rượu 🌸 #xuhuong #nguoimoixaykenh #vinamilk #unboxing #fyp;True;#xuhuong, #nguoimoixaykenh, #vinamilk, #unboxing, #fyp;5;;0;;0;9;0;0;0;391;9;0.023017902813299233;Low;13;Very short;2026-05-26 14:52:05+00:00;2026-05-26 21:52:05+07:00;2026-05-26;2026;5;21;Tuesday
7640105355862674708;https://www.tiktok.com/@thanhnamrd/video/7640105355862674708;thanhnamrd;Sữa vinamilk phiên bản đặc biệt - sữa dành cho 16+ , thử ngay cho biết mùi vị nèo #suavinamilk #vinamilk #thanhnamrd ;Sữa vinamilk phiên bản đặc biệt - sữa dành cho 16+ , thử ngay cho biết mùi vị nèo #suavinamilk #vinamilk #thanhnamrd;True;#suavinamilk, #vinamilk, #thanhnamrd;3;;0;;0;18;3;1;1;1252;23;0.018370607028753993;Low;115;Long;2026-05-15 13:10:53+00:00;2026-05-15 20:10:53+07:00;2026-05-15;2026;5;20;Friday
7579288342311816503;https://www.tiktok.com/@kim.nhung.superfood/video/7579288342311816503;kim.nhung.superfood;"Our VinaMilk is finally here and back in stock — and we’ve added the new, less-sugar Vina  Milk Yogurt! 🥛✨
You’ve got to try it! #madisonheights #grocerystore #vinamilk #probiotic #yogurt    ";Our VinaMilk is finally here and back in stock — and we’ve added the new, less-sugar Vina Milk Yogurt! 🥛✨ You’ve got to try it! #madisonheights #grocerystore #vinamilk #probiotic #yogurt;True;#madisonheights, #grocerystore, #vinamilk, #probiotic, #yogurt;5;;0;;0;3;0;0;0;602;3;0.0049833887043189366;Low;8;Very short;2025-12-02 15:50:34+00:00;2025-12-02 22:50:34+07:00;2025-12-02;2025;12;22;Tuesday
7637936000097946894;https://www.tiktok.com/@bbbblien/video/7637936000097946894;bbbblien;heard dalat milk is top tier but yo this specific vinamilk is so creamy & fragrant #homecafe #matcha #milk #vinamilk ;heard dalat milk is top tier but yo this specific vinamilk is so creamy & fragrant #homecafe #matcha #milk #vinamilk;True;#homecafe, #matcha, #milk, #vinamilk;4;;0;;0;57;9;0;6;986;72;0.07302231237322515;Low;30;Short;2026-05-09 16:53:00+00:00;2026-05-09 23:53:00+07:00;2026-05-09;2026;5;23;Saturday
7514279501602245896;https://www.tiktok.com/@lontodagi/video/7514279501602245896;lontodagi;Xếp hạng tất cả các hương vị gelato của Vinamilk #reviewanngon #ancungtiktok #learnontiktok #gelato #vinamilk;Xếp hạng tất cả các hương vị gelato của Vinamilk #reviewanngon #ancungtiktok #learnontiktok #gelato #vinamilk;True;#reviewanngon, #ancungtiktok, #learnontiktok, #gelato, #vinamilk;5;;0;;0;353100;1853;27800;18603;4200000;401356;0.09556095238095239;Very High;213;Very long;2025-06-10 13:30:00+00:00;2025-06-10 20:30:00+07:00;2025-06-10;2025;6;20;Tuesday
7643677487003684114;https://www.tiktok.com/@concuabalinhmengoc/video/7643677487003684114;concuabalinhmengoc;Chân ái của Thỏ con 🍼🥰#xuhuong #viral #unbox #vinamilk #mẹbimsua ;Chân ái của Thỏ con 🍼🥰#xuhuong #viral #unbox #vinamilk #mẹbimsua;True;#xuhuong, #viral, #unbox, #vinamilk, #mẹbimsua;5;;0;;0;291;80;9;15;11500;395;0.03434782608695652;Low;32;Medium;2026-05-25 04:12:36+00:00;2026-05-25 11:12:36+07:00;2026-05-25;2026;5;11;Monday
7593614015989927175;https://www.tiktok.com/@dd.dannyy/video/7593614015989927175;dd.dannyy;"VINAMILK is goated i legit drank one/two of them everyday hehehe omg i wish singapore had them pls…

#tiktoksg #singapore #vinamilk #vietnam #hcm ";VINAMILK is goated i legit drank one/two of them everyday hehehe omg i wish singapore had them pls… #tiktoksg #singapore #vinamilk #vietnam #hcm;True;#tiktoksg, #singapore, #vinamilk, #vietnam, #hcm;5;;0;;0;35;0;5;3;2124;43;0.02024482109227872;Low;39;Medium;2026-01-10 06:20:45+00:00;2026-01-10 13:20:45+07:00;2026-01-10;2026;1;13;Saturday
7644223777886276884;https://www.tiktok.com/@chungho335/video/7644223777886276884;chungho335;Sữa đặc ông thọ đỏ có nắp vặn tiện lợi.thơm ngon béo ngậy độ đạm cao. rất thích hợp để làm bánh pha cà phê làm sữa chua.##suadac##suadaccoduong##suadacongtho##vinamilk##chungho335;Sữa đặc ông thọ đỏ có nắp vặn tiện lợi.thơm ngon béo ngậy độ đạm cao. rất thích hợp để làm bánh pha cà phê làm sữa chua.##suadac##suadaccoduong##suadacongtho##vinamilk##chungho335;True;#suadac, #suadaccoduong, #suadacongtho, #vinamilk, #chungho335;5;;0;;0;4;0;2;4;61;10;0.16393442622950818;Low;15;Very short;2026-05-26 15:32:29+00:00;2026-05-26 22:32:29+07:00;2026-05-26;2026;5;22;Tuesday
7559841961012661518;https://www.tiktok.com/@hollynhoang/video/7559841961012661518;hollynhoang;Until we meet again #daua #vietnam #vietnameseyogurt #dalatmilk #vinamilk @Dalatmilk @Vinamilk - Shop & More @Dutch Lady Store ;Until we meet again #daua #vietnam #vietnameseyogurt #dalatmilk #vinamilk @Dalatmilk @Vinamilk - Shop & More @Dutch Lady Store;True;#daua, #vietnam, #vietnameseyogurt, #dalatmilk, #vinamilk;5;@Dalatmilk, @Vinamilk, @Dutch;3;;0;2074;48;342;147;31500;2611;0.08288888888888889;Medium;12;Very short;2025-10-11 06:08:06+00:00;2025-10-11 13:08:06+07:00;2025-10-11;2025;10;13;Saturday
7504353069035998506;https://www.tiktok.com/@anhsjournal/video/7504353069035998506;anhsjournal;"Sữa TH True Milk và Vinamilk nay đã có mặt ở Mỹ trên chợ Weee! rồi nha cả nhà ơi 🫶🏼🫶🏼

@Weee Asian Supermarket @Weee! Vietnamese 

#weee #thtruemilk #thtrueyogurt #vinamilk #suahat #cuocsongomy #cuocsongmy #nguoivietomy ";Sữa TH True Milk và Vinamilk nay đã có mặt ở Mỹ trên chợ Weee! rồi nha cả nhà ơi 🫶🏼🫶🏼 @Weee Asian Supermarket @Weee! Vietnamese #weee #thtruemilk #thtrueyogurt #vinamilk #suahat #cuocsongomy #cuocsongmy #nguoivietomy;True;#weee, #thtruemilk, #thtrueyogurt, #vinamilk, #suahat, #cuocsongomy, #cuocsongmy, #nguoivietomy;8;@Weee, @Weee;2;;0;409;14;16;33;18800;472;0.025106382978723404;Medium;89;Long;2025-05-14 17:22:48+00:00;2025-05-15 00:22:48+07:00;2025-05-15;2025;5;0;Thursday
7643102605769592085;https://www.tiktok.com/@minhquan11_09/video/7643102605769592085;minhquan11_09;[Ngày 0] - 100 ngày chinh phục VINAMILK - Khởi động hành trình 💙#Vinamilk #VinamilkChungTayViCongdong #bigcorp #100ngay #HR ;[Ngày 0] - 100 ngày chinh phục VINAMILK - Khởi động hành trình 💙#Vinamilk #VinamilkChungTayViCongdong #bigcorp #100ngay #HR;True;#Vinamilk, #VinamilkChungTayViCongdong, #bigcorp, #100ngay, #HR;5;;0;;0;453;19;61;63;6704;596;0.08890214797136038;Low;46;Medium;2026-05-23 15:01:45+00:00;2026-05-23 22:01:45+07:00;2026-05-23;2026;5;22;Saturday
7568295199567252766;https://www.tiktok.com/@beanstophin/video/7568295199567252766;beanstophin;"my favorite type of haul 🤩

@Vinamilk - Shop & More @Vinamilk US 

#trending #CapCut ";my favorite type of haul 🤩 @Vinamilk - Shop & More @Vinamilk US #trending #CapCut;True;#trending, #CapCut;2;@Vinamilk, @Vinamilk;2;;0;21;1;0;1;860;23;0.026744186046511628;Low;27;Short;2025-11-03 00:50:55+00:00;2025-11-03 07:50:55+07:00;2025-11-03;2025;11;7;Monday
7639032787709824276;https://www.tiktok.com/@nangthuvathich/video/7639032787709824276;nangthuvathich;Cách bổ sung protein mỗi ngày đủ hàm lượng mà cực kỳ dễ cho các nàng nè 💙  #Vinamilk #VinamilkBrandPartner #SuaHatVinamilk #VNMAFF05 ;Cách bổ sung protein mỗi ngày đủ hàm lượng mà cực kỳ dễ cho các nàng nè 💙 #Vinamilk #VinamilkBrandPartner #SuaHatVinamilk #VNMAFF05;True;#Vinamilk, #VinamilkBrandPartner, #SuaHatVinamilk, #VNMAFF05;4;;0;;0;31500;35;3130;30096;103300;64761;0.6269215876089062;High;60;Medium;2026-05-12 15:48:49+00:00;2026-05-12 22:48:49+07:00;2026-05-12;2026;5;22;Tuesday
7626405598455811335;https://www.tiktok.com/@pezoi97/video/7626405598455811335;pezoi97;Khách dùng rồi cho em xin cảm nhận nhé. Công tâm thì khách thích loại nào hơn? #vinamilk #xuhuong #nhạchaymỗingày #trending #tiktok ;Khách dùng rồi cho em xin cảm nhận nhé. Công tâm thì khách thích loại nào hơn? #vinamilk #xuhuong #nhạchaymỗingày #trending #tiktok;True;#vinamilk, #xuhuong, #nhạchaymỗingày, #trending, #tiktok;5;;0;;0;37;2;3;6;4763;48;0.010077682133109386;Low;16;Short;2026-04-08 15:08:48+00:00;2026-04-08 22:08:48+07:00;2026-04-08;2026;4;22;Wednesday
7644185998582402312;https://www.tiktok.com/@chientran185/video/7644185998582402312;chientran185;Tập 597 Đổi 1 hộp sữa lấy 1 nụ cười #vungcao #chuchien #chiena #suachoem #vinamilk ;Tập 597 Đổi 1 hộp sữa lấy 1 nụ cười #vungcao #chuchien #chiena #suachoem #vinamilk;True;#vungcao, #chuchien, #chiena, #suachoem, #vinamilk;5;;0;;0;253;11;2;12;2003;278;0.13879181228157764;Low;57;Medium;2026-05-26 13:05:51+00:00;2026-05-26 20:05:51+07:00;2026-05-26;2026;5;20;Tuesday
7623256699729759508;https://www.tiktok.com/@loptoanquynhon/video/7623256699729759508;loptoanquynhon;Ống sữa chua uống men sống Vinamilk Probi có dạng là một khối tròn xoay có chiều cao 16 cm. Biết rằng phần thân nối giữa ống là nửa đường tròn đường kính CB và phần phía trên CD là một phần của parabol như hình minh họa dưới đây. Bán kính miệng ống bằng một nửa bán kính đáy trụ. Bạn An rất thích loại thức uống này và đã uống một ngụm. Sau khi uống bạn An thấy rằng thể tích phần sữa chua uống còn lại trong ống cách miệng ống 2 cm. Hỏi lượng sữa chua còn lại này là bao nhiêu ml và chiều dày của ống là không đáng kể? (Kết quả làm tròn đến hàng đơn vị). #loptoanquynhon #xuhuong #fyp #viral #fyppppppppppppppppppppppp;Ống sữa chua uống men sống Vinamilk Probi có dạng là một khối tròn xoay có chiều cao 16 cm. Biết rằng phần thân nối giữa ống là nửa đường tròn đường kính CB và phần phía trên CD là một phần của parabol như hình minh họa dưới đây. Bán kính miệng ống bằng một nửa bán kính đáy trụ. Bạn An rất thích loại thức uống này và đã uống một ngụm. Sau khi uống bạn An thấy rằng thể tích phần sữa chua uống còn lại trong ống cách miệng ống 2 cm. Hỏi lượng sữa chua còn lại này là bao nhiêu ml và chiều dày của ống là không đáng kể? (Kết quả làm tròn đến hàng đơn vị). #loptoanquynhon #xuhuong #fyp #viral #fyppppppppppppppppppppppp;True;#loptoanquynhon, #xuhuong, #fyp, #viral, #fyppppppppppppppppppppppp;5;;0;;0;10400;57;5062;3736;117600;19255;0.1637329931972789;High;656;Very long;2026-03-31 03:29:40+00:00;2026-03-31 10:29:40+07:00;2026-03-31;2026;3;10;Tuesday
7526127120410610951;https://www.tiktok.com/@namtrh/video/7526127120410610951;namtrh;Mukbang sữa chua vá dễ vứi Nammmmm #NamVlog #Vinamilk #Greenfarm #Suachuauong #menHyLap #HoptacVinamilk;Mukbang sữa chua vá dễ vứi Nammmmm #NamVlog #Vinamilk #Greenfarm #Suachuauong #menHyLap #HoptacVinamilk;True;#NamVlog, #Vinamilk, #Greenfarm, #Suachuauong, #menHyLap, #HoptacVinamilk;6;;0;;0;86700;374;2305;2242;2400000;91621;0.03817541666666667;Very High;167;Long;2025-07-12 12:30:00+00:00;2025-07-12 19:30:00+07:00;2025-07-12;2025;7;19;Saturday
7638507154592386335;https://www.tiktok.com/@gia.dinh.brian.o.my/video/7638507154592386335;gia.dinh.brian.o.my;"🥛 Sữa Chua Vina Milk đã có mặt tại Richmond Virginia Mỹ 🥰🥰

#nguoivietomy #cuocsongmy #vlog #chiase #sữachua ";🥛 Sữa Chua Vina Milk đã có mặt tại Richmond Virginia Mỹ 🥰🥰 #nguoivietomy #cuocsongmy #vlog #chiase #sữachua;True;#nguoivietomy, #cuocsongmy, #vlog, #chiase, #sữachua;5;;0;;0;8;2;1;4;4391;15;0.003416078342063311;Low;28;Short;2026-05-11 05:49:38+00:00;2026-05-11 12:49:38+07:00;2026-05-11;2026;5;12;Monday
7642651119847689492;https://www.tiktok.com/@gau_thit_heo_tg/video/7642651119847689492;gau_thit_heo_tg;"Tại bà Út không rõ ràng nên chợ An Khương có sữa Vinamilk làm bánh Crepe sầu riêng 

#mientay #gauthitheo #choankhuong #tiềngiang #HoptacVinamilk ";Tại bà Út không rõ ràng nên chợ An Khương có sữa Vinamilk làm bánh Crepe sầu riêng #mientay #gauthitheo #choankhuong #tiềngiang #HoptacVinamilk;True;#mientay, #gauthitheo, #choankhuong, #tiềngiang, #HoptacVinamilk;5;;0;;0;33700;124;2146;1394;599200;37364;0.06235647530040053;Very High;127;Long;2026-05-22 09:49:48+00:00;2026-05-22 16:49:48+07:00;2026-05-22;2026;5;16;Friday
7519926487407971602;https://www.tiktok.com/@mytienkhac/video/7519926487407971602;mytienkhac;Đắp mặt nạ sữa chua mỗi sáng để da căng bóng #100ngaythaydoibanthan #mytien #viral;Đắp mặt nạ sữa chua mỗi sáng để da căng bóng #100ngaythaydoibanthan #mytien #viral;True;#100ngaythaydoibanthan, #mytien, #viral;3;;0;;0;7198;243;546;1142;470300;9129;0.019411014246225815;Very High;57;Medium;2025-06-25 16:35:28+00:00;2025-06-25 23:35:28+07:00;2025-06-25;2025;6;23;Wednesday
7532145677028101394;https://www.tiktok.com/@gangpdlike/video/7532145677028101394;gangpdlike;"[Glog]여기 언제 저몰래 힙해졌어요? #vinamilk #vlog #learnontiktok 
@Vinamilk - Shop & More 는 베트남 대표 유제품 브랜드입니다
어느새 굉장히 귀여워지고 종류도 많아져서 매장에 방문해보았어요!

우유뿐 아니라 요거트, 아이스크림, 음료수, 두유까지 구경하려다 전재산을 다 쓰고 나올뻔 했답니다😅

요새 하노이에서도 매장이 많이 보이고 길가다 보이시면 구경해보세요(존잼!)

구글맵 “vina milk”로 매장 검색하시고 가까운데로 가보시길 추천해요!

Vinamilk là thương hiệu sữa nổi tiếng của Việt Nam🇻🇳
 Dạo gần đây thấy brand này dễ thương hẳn lên, sản phẩm thì siêu đa dạng nên mình đã ghé cửa hàng thử xem sao!

Không chỉ có sữa đâu nha, còn có sữa chua, kem, nước uống, sữa đậu nành các kiểu nữa… suýt nữa tiêu hết tiền trong ví luôn á 😅

Dạo này ở Hà Nội thấy cửa hàng Vinamilk mở khá nhiều đó, đi ngang qua thấy là nên ghé thử liền (vui cực kỳ luôn!)

Bạn có thể tìm ""vina milk"" trên Google Maps để xem cửa hàng gần nhất rồi ghé thử nha👍🏻";"[Glog]여기 언제 저몰래 힙해졌어요? #vinamilk #vlog #learnontiktok @Vinamilk - Shop & More 는 베트남 대표 유제품 브랜드입니다 어느새 굉장히 귀여워지고 종류도 많아져서 매장에 방문해보았어요! 우유뿐 아니라 요거트, 아이스크림, 음료수, 두유까지 구경하려다 전재산을 다 쓰고 나올뻔 했답니다😅 요새 하노이에서도 매장이 많이 보이고 길가다 보이시면 구경해보세요(존잼!) 구글맵 “vina milk”로 매장 검색하시고 가까운데로 가보시길 추천해요! Vinamilk là thương hiệu sữa nổi tiếng của Việt Nam🇻🇳 Dạo gần đây thấy brand này dễ thương hẳn lên, sản phẩm thì siêu đa dạng nên mình đã ghé cửa hàng thử xem sao! Không chỉ có sữa đâu nha, còn có sữa chua, kem, nước uống, sữa đậu nành các kiểu nữa… suýt nữa tiêu hết tiền trong ví luôn á 😅 Dạo này ở Hà Nội thấy cửa hàng Vinamilk mở khá nhiều đó, đi ngang qua thấy là nên ghé thử liền (vui cực kỳ luôn!) Bạn có thể tìm ""vina milk"" trên Google Maps để xem cửa hàng gần nhất rồi ghé thử nha👍🏻";True;#vinamilk, #vlog, #learnontiktok;3;@Vinamilk;1;;0;23100;118;1260;1314;303800;25792;0.08489795918367347;High;120;Long;2025-07-28 14:52:10+00:00;2025-07-28 21:52:10+07:00;2025-07-28;2025;7;21;Monday
7644055748846161172;https://www.tiktok.com/@bepnhamam/video/7644055748846161172;bepnhamam;"Ba chỉ cháy cạnh xốt me siêu ""hao cơm"". Xốt sánh kẹo béo thơm phức nhờ thay đường bằng bí kíp này nè cả nhà ơi!#BepNhaMam #Vinamilk #SữaÔngThọ #NấuNgonCùngÔngThọ #HoptacVinamilk ";"Ba chỉ cháy cạnh xốt me siêu ""hao cơm"". Xốt sánh kẹo béo thơm phức nhờ thay đường bằng bí kíp này nè cả nhà ơi!#BepNhaMam #Vinamilk #SữaÔngThọ #NấuNgonCùngÔngThọ #HoptacVinamilk";True;#BepNhaMam, #Vinamilk, #SữaÔngThọ, #NấuNgonCùngÔngThọ, #HoptacVinamilk;5;;0;;0;1526;27;94;264;18300;1911;0.10442622950819672;Medium;55;Medium;2026-05-26 04:40:30+00:00;2026-05-26 11:40:30+07:00;2026-05-26;2026;5;11;Tuesday
7600742840049601799;https://www.tiktok.com/@bolonton_/video/7600742840049601799;bolonton_;"Collection xứng đáng nên FOMO mùa tết này của Vinamilk
#bolonton #Vinamilk #Probi #EmBungNgayTet";Collection xứng đáng nên FOMO mùa tết này của Vinamilk #bolonton #Vinamilk #Probi #EmBungNgayTet;True;#bolonton, #Vinamilk, #Probi, #EmBungNgayTet;4;;0;;0;1885;5;40;35;14100;1965;0.13936170212765958;Low;70;Long;2026-01-29 11:24:12+00:00;2026-01-29 18:24:12+07:00;2026-01-29;2026;1;18;Thursday
7593323625348910344;https://www.tiktok.com/@traanxngg/video/7593323625348910344;traanxngg;"Làm host riết nên Trân cũng có bảo bối khác nhauu, bí kíp tiệc vui của tui thì trong video này Trân bật mí rồi á nhaa😝💗

#Vinamilk #SuatuoiVinamilk100% #KhongLactose #AntoantinhkhietMy #HoptacVinamilk";Làm host riết nên Trân cũng có bảo bối khác nhauu, bí kíp tiệc vui của tui thì trong video này Trân bật mí rồi á nhaa😝💗 #Vinamilk #SuatuoiVinamilk100% #KhongLactose #AntoantinhkhietMy #HoptacVinamilk;True;#Vinamilk, #SuatuoiVinamilk100, #KhongLactose, #AntoantinhkhietMy, #HoptacVinamilk;5;;0;;0;2675;8;117;181;252700;2981;0.011796596755045508;High;75;Long;2026-01-09 11:33:50+00:00;2026-01-09 18:33:50+07:00;2026-01-09;2026;1;18;Friday
7631908534136933653;https://www.tiktok.com/@comnuoccungvy/video/7631908534136933653;comnuoccungvy;Vinamilk về Hóc Môn roài mn ơi 🤭 #vinamilk #hocmon #ancungtiktok #comnuoccungvy #xuhuong ;Vinamilk về Hóc Môn roài mn ơi 🤭 #vinamilk #hocmon #ancungtiktok #comnuoccungvy #xuhuong;True;#vinamilk, #hocmon, #ancungtiktok, #comnuoccungvy, #xuhuong;5;;0;;0;584;51;291;60;20700;986;0.04763285024154589;Medium;30;Short;2026-04-23 11:03:02+00:00;2026-04-23 18:03:02+07:00;2026-04-23;2026;4;18;Thursday
7634553336242523410;https://www.tiktok.com/@abby_dolambanh/video/7634553336242523410;abby_dolambanh;Trả lời @W.Mitz’🔒🎀 Lên cho các bác con mã whipping vinamik nhaaa 🤗🫰🏻 #abbydolambanh #whipping #whippingcream #vinamilk ;Trả lời @W.Mitz’🔒🎀 Lên cho các bác con mã whipping vinamik nhaaa 🤗🫰🏻 #abbydolambanh #whipping #whippingcream #vinamilk;True;#abbydolambanh, #whipping, #whippingcream, #vinamilk;4;@W;1;;0;4693;17;235;296;77100;5241;0.06797665369649805;High;44;Medium;2026-04-30 14:06:17+00:00;2026-04-30 21:06:17+07:00;2026-04-30;2026;4;21;Thursday
7644220687523007764;https://www.tiktok.com/@tntuean25/video/7644220687523007764;tntuean25;No caption;No caption;False;;0;;0;;0;3978;41;1575;79;38100;5673;0.1488976377952756;Medium;49;Medium;2026-05-26 15:20:28+00:00;2026-05-26 22:20:28+07:00;2026-05-26;2026;5;22;Tuesday
7644235764397788436;https://www.tiktok.com/@_anhsang_123/video/7644235764397788436;_anhsang_123;#CapCut yogurt ❤️#mylove #yogurt #trending #xuhuong ;#CapCut yogurt ❤️#mylove #yogurt #trending #xuhuong;True;#CapCut, #mylove, #yogurt, #trending, #xuhuong;5;;0;;0;33;3;1;0;406;37;0.09113300492610837;Low;16;Short;2026-05-26 16:19:10+00:00;2026-05-26 23:19:10+07:00;2026-05-26;2026;5;23;Tuesday
7633775128643407125;https://www.tiktok.com/@bepnhamam/video/7633775128643407125;bepnhamam;"Cháy nhẹ bên ngoài, mềm mịn bên trong 🤤 Burnt cheesecake béo mượt nhờ Whipping Cream Ngôi Sao Phương Nam, cắn một miếng là hiểu vì sao em bánh này hot mãi.
#BepNhaMam
#Vinamilk #NgôiSaoPhươngNam  #WhippingCreamNSPN #HoptacVinamilk";Cháy nhẹ bên ngoài, mềm mịn bên trong 🤤 Burnt cheesecake béo mượt nhờ Whipping Cream Ngôi Sao Phương Nam, cắn một miếng là hiểu vì sao em bánh này hot mãi. #BepNhaMam #Vinamilk #NgôiSaoPhươngNam #WhippingCreamNSPN #HoptacVinamilk;True;#BepNhaMam, #Vinamilk, #NgôiSaoPhươngNam, #WhippingCreamNSPN, #HoptacVinamilk;5;;0;;0;5741;37;364;1234;94100;7376;0.07838469713071201;High;58;Medium;2026-04-28 11:46:27+00:00;2026-04-28 18:46:27+07:00;2026-04-28;2026;4;18;Tuesday
7636207361488620820;https://www.tiktok.com/@b.mo6651/video/7636207361488620820;b.mo6651;Hôm nay mình dùng 1 lít sữa ông thọ đỏ , 1 lít sữa tươi không đường Vinamilk , 1 hộp men cái Vinamilk , 2.5 lít nước , ủ 12 tiếng , các bác nhận xét cho em với ạ#suachuatuimixvi #suachua #xuhuongtiktok ;Hôm nay mình dùng 1 lít sữa ông thọ đỏ , 1 lít sữa tươi không đường Vinamilk , 1 hộp men cái Vinamilk , 2.5 lít nước , ủ 12 tiếng , các bác nhận xét cho em với ạ#suachuatuimixvi #suachua #xuhuongtiktok;True;#suachuatuimixvi, #suachua, #xuhuongtiktok;3;;0;;0;51;47;3;3;6370;104;0.0163265306122449;Low;29;Short;2026-05-05 01:04:43+00:00;2026-05-05 08:04:43+07:00;2026-05-05;2026;5;8;Tuesday
7537252434775723272;https://www.tiktok.com/@1211.ntg/video/7537252434775723272;1211.ntg;Pls Vinamilk ơiii #vinamilk #hehe #giangnguyen ;Pls Vinamilk ơiii #vinamilk #hehe #giangnguyen;True;#vinamilk, #hehe, #giangnguyen;3;;0;;0;24900;219;458;1483;829900;27060;0.032606338113025664;Very High;17;Short;2025-08-11 09:09:00+00:00;2025-08-11 16:09:00+07:00;2025-08-11;2025;8;16;Monday
7611157886323920148;https://www.tiktok.com/@huba.49ton_duc_thang_hn/video/7611157886323920148;huba.49ton_duc_thang_hn;"Sữa Tươi Vinamilk 1L - Hàng Luôn Sẵn Kho - Chính Sách 1 Giá
📍 49 Tôn Đức Thắng – Đống Đa – Hà Nội

#HUBAMart
#SuaTuoiVinamilk1L
#NguyenLieuPhaChe
#PhaChe
#GiaSi";Sữa Tươi Vinamilk 1L - Hàng Luôn Sẵn Kho - Chính Sách 1 Giá 📍 49 Tôn Đức Thắng – Đống Đa – Hà Nội #HUBAMart #SuaTuoiVinamilk1L #NguyenLieuPhaChe #PhaChe #GiaSi;True;#HUBAMart, #SuaTuoiVinamilk1L, #NguyenLieuPhaChe, #PhaChe, #GiaSi;5;;0;;0;631;30;53;19;278600;733;0.0026310122038765253;High;39;Medium;2026-02-26 12:59:53+00:00;2026-02-26 19:59:53+07:00;2026-02-26;2026;2;19;Thursday
7501674388001983762;https://www.tiktok.com/@angithuongoi/video/7501674388001983762;angithuongoi;Mọi người đã thử các loại sữa tươi hot hit này chưa? #angithuongoi #mukbang #suatuoi100 #vinamilk #learnontiktok #ancungtiktok #xuhuongtiktok #longervideos ;Mọi người đã thử các loại sữa tươi hot hit này chưa? #angithuongoi #mukbang #suatuoi100 #vinamilk #learnontiktok #ancungtiktok #xuhuongtiktok #longervideos;True;#angithuongoi, #mukbang, #suatuoi100, #vinamilk, #learnontiktok, #ancungtiktok, #xuhuongtiktok, #longervideos;8;;0;;0;11800;212;641;696;593400;13349;0.022495786990225818;Very High;209;Very long;2025-05-07 12:08:00+00:00;2025-05-07 19:08:00+07:00;2025-05-07;2025;5;19;Wednesday
7530274750908648722;https://www.tiktok.com/@aryukhan_r/video/7530274750908648722;aryukhan_r;what is your favorite ice cream? #icecream #vinamilk #vietnam #dalat ;what is your favorite ice cream? #icecream #vinamilk #vietnam #dalat;True;#icecream, #vinamilk, #vietnam, #dalat;4;;0;;0;976;17;36;60;21200;1089;0.051367924528301884;Medium;29;Short;2025-07-23 13:52:00+00:00;2025-07-23 20:52:00+07:00;2025-07-23;2025;7;20;Wednesday
7630416278250867989;https://www.tiktok.com/@showmeyourbiz/video/7630416278250867989;showmeyourbiz;Quảng cáo Vinamilk thì đỉnh khỏi bàn #showmeyourbiz #1967ent #vinamilk #vietnam #tiktokgiaitri ;Quảng cáo Vinamilk thì đỉnh khỏi bàn #showmeyourbiz #1967ent #vinamilk #vietnam #tiktokgiaitri;True;#showmeyourbiz, #1967ent, #vinamilk, #vietnam, #tiktokgiaitri;5;;0;;0;43200;194;2650;1137;419000;47181;0.11260381861575179;Very High;33;Medium;2026-04-19 10:32:21+00:00;2026-04-19 17:32:21+07:00;2026-04-19;2026;4;17;Sunday
7480760460371905823;https://www.tiktok.com/@cutimart/video/7480760460371905823;cutimart;Sữa tươi dừa Vinamilk ngon đê mê 🤩😋🧋 #onlinegrocerydelivery #vietnamesefood #cutimart ;Sữa tươi dừa Vinamilk ngon đê mê 🤩😋🧋 #onlinegrocerydelivery #vietnamesefood #cutimart;True;#onlinegrocerydelivery, #vietnamesefood, #cutimart;3;;0;;0;248;2;36;36;35500;322;0.009070422535211268;Medium;46;Medium;2025-03-12 03:31:51+00:00;2025-03-12 10:31:51+07:00;2025-03-12;2025;3;10;Wednesday
7629312872719322389;https://www.tiktok.com/@vinamilk117nguyendu_vinh/video/7629312872719322389;vinamilk117nguyendu_vinh;"Sữa bột OPTIMUM GOLD VINAMILK ❤️

✅ Sữa Optimum Gold 1: từ 0 đến 6 tháng tuổi. - Dòng sản phẩm đặc biệt dùng cho cả trẻ sơ sinh khi sữa mẹ chưa về hoặc không thể nuôi con bằng sữa mẹ. Giá trị sinh học của dòng Optimum Gold 1 này tập trung vào sự phát triển trí não cũng như hệ tiêu hóa của bé.

✅ Sữa Optimum Gold 2: từ 6 đến 12 tháng tuổi.
- Vẫn giữ được thế mạnh của Optimum 1, Optimum Gold 2 còn góp phần sự phát triển thể chất cho trẻ. Nhất là chiều cao, cân nặng.

✅ Sữa Optimum Gold 3: từ 1 đến 2 tuổi.
- Không chỉ giúp phát triển về thể chất: chiều cao, cân nặng hay hỗ trợ tăng khả năng hệ miễn dịch mà sản phẩm này còn chú trọng tới sự hình thành, phát triển hệ thần kinh của trẻ.

 ✅ Sữa Optimum Gold 4: từ 2 đến 6 tuổi.
- Bên cạnh thực đơn hàng ngày, Optimum 4 trở thành bữa ăn phụ giàu dinh dưỡng. Với thành phần đặc biệt, Optimum 4 giúp bé phát triển hoàn thiện cả về thể chất lẫn trí tuệ. #vinamilk #optimumgold ";Sữa bột OPTIMUM GOLD VINAMILK ❤️ ✅ Sữa Optimum Gold 1: từ 0 đến 6 tháng tuổi. - Dòng sản phẩm đặc biệt dùng cho cả trẻ sơ sinh khi sữa mẹ chưa về hoặc không thể nuôi con bằng sữa mẹ. Giá trị sinh học của dòng Optimum Gold 1 này tập trung vào sự phát triển trí não cũng như hệ tiêu hóa của bé. ✅ Sữa Optimum Gold 2: từ 6 đến 12 tháng tuổi. - Vẫn giữ được thế mạnh của Optimum 1, Optimum Gold 2 còn góp phần sự phát triển thể chất cho trẻ. Nhất là chiều cao, cân nặng. ✅ Sữa Optimum Gold 3: từ 1 đến 2 tuổi. - Không chỉ giúp phát triển về thể chất: chiều cao, cân nặng hay hỗ trợ tăng khả năng hệ miễn dịch mà sản phẩm này còn chú trọng tới sự hình thành, phát triển hệ thần kinh của trẻ. ✅ Sữa Optimum Gold 4: từ 2 đến 6 tuổi. - Bên cạnh thực đơn hàng ngày, Optimum 4 trở thành bữa ăn phụ giàu dinh dưỡng. Với thành phần đặc biệt, Optimum 4 giúp bé phát triển hoàn thiện cả về thể chất lẫn trí tuệ. #vinamilk #optimumgold;True;#vinamilk, #optimumgold;2;;0;;0;269;78;13;28;40800;388;0.009509803921568628;High;38;Medium;2026-04-16 11:10:31+00:00;2026-04-16 18:10:31+07:00;2026-04-16;2026;4;18;Thursday
7495588494690061586;https://www.tiktok.com/@vinamilk.official/video/7495588494690061586;vinamilk.official;"SỮA TƯƠI VINAMILK 100% THÊM VỊ MỚI - 100% TƯƠI NGON, 100% TƯƠI VUI
Khám phá ngay bộ đôi Sữa tươi Vinamilk 100% Giảm béo Chuối & Sữa tươi Vinamilk 100% Dừa MỚI:
🥛 Vẫn là sữa tươi nguyên chất được vắt và đóng hộp ngay trong ngày
🥛 Nay có thêm vị dừa béo ngậy, vị chuối thơm ngon
Sản phẩm hiện có bán tại các cửa hàng tạp hóa, siêu thị, hệ thống website & cửa hàng Vinamilk trên toàn quốc.
🛒Bạn đã thử chưa?";SỮA TƯƠI VINAMILK 100% THÊM VỊ MỚI - 100% TƯƠI NGON, 100% TƯƠI VUI Khám phá ngay bộ đôi Sữa tươi Vinamilk 100% Giảm béo Chuối & Sữa tươi Vinamilk 100% Dừa MỚI: 🥛 Vẫn là sữa tươi nguyên chất được vắt và đóng hộp ngay trong ngày 🥛 Nay có thêm vị dừa béo ngậy, vị chuối thơm ngon Sản phẩm hiện có bán tại các cửa hàng tạp hóa, siêu thị, hệ thống website & cửa hàng Vinamilk trên toàn quốc. 🛒Bạn đã thử chưa?;True;;0;;0;;0;8234;103;1294;1167;21000000;10798;0.0005141904761904761;Very High;15;Very short;2025-04-21 02:31:40+00:00;2025-04-21 09:31:40+07:00;2025-04-21;2025;4;9;Monday
7600312794185043207;https://www.tiktok.com/@hieptrangreview/video/7600312794185043207;hieptrangreview;Sữa 9 loại hạt – thơm bùi, bổ dưỡng. 🌰🥛✨#hieptrangreview;Sữa 9 loại hạt – thơm bùi, bổ dưỡng. 🌰🥛✨#hieptrangreview;True;#hieptrangreview;1;;0;;0;5255;166;498;643;2200000;6562;0.0029827272727272727;Very High;42;Medium;2026-01-28 07:35:27+00:00;2026-01-28 14:35:27+07:00;2026-01-28;2026;1;14;Wednesday
7576377513493024013;https://www.tiktok.com/@firstphinfirst/video/7576377513493024013;firstphinfirst;"It’s not a secret… First Phin First loves the condensed creamer from @Vinamilk US 

we also make all of our Vietnamese Coffee with the same creamer!!";It’s not a secret… First Phin First loves the condensed creamer from @Vinamilk US we also make all of our Vietnamese Coffee with the same creamer!!;True;;0;@Vinamilk;1;;0;645;24;132;298;18800;1099;0.05845744680851064;Medium;30;Short;2025-11-24 19:35:00+00:00;2025-11-25 02:35:00+07:00;2025-11-25;2025;11;2;Tuesday
7596621609062927637;https://www.tiktok.com/@utsuareview/video/7596621609062927637;utsuareview;Sữa Đặc Ngôi Sao Phương Nam Hộp Giấy ##Utsuareview##review##suadac##vinamilk##suangoisao;Sữa Đặc Ngôi Sao Phương Nam Hộp Giấy ##Utsuareview##review##suadac##vinamilk##suangoisao;True;#Utsuareview, #review, #suadac, #vinamilk, #suangoisao;5;;0;;0;251;29;46;36;90100;362;0.004017758046614872;High;21;Short;2026-01-18 12:00:00+00:00;2026-01-18 19:00:00+07:00;2026-01-18;2026;1;19;Sunday
7635302268320877844;https://www.tiktok.com/@embetao2201_/video/7635302268320877844;embetao2201_;"Embe thử sữa mới hot hit của nhà vinamilk, mỗi lần đổi sữa là mẹ suy nghĩ đau đầu 😭✨👼🏻 

#vinamilk #a2 #suacongthuc #viral #unboxing ";Embe thử sữa mới hot hit của nhà vinamilk, mỗi lần đổi sữa là mẹ suy nghĩ đau đầu 😭✨👼🏻 #vinamilk #a2 #suacongthuc #viral #unboxing;True;#vinamilk, #a2, #suacongthuc, #viral, #unboxing;5;;0;;0;130;47;11;10;9269;198;0.021361527672888122;Low;104;Long;2026-05-02 14:32:28+00:00;2026-05-02 21:32:28+07:00;2026-05-02;2026;5;21;Saturday
7557648800425250066;https://www.tiktok.com/@tuoithotoi2808/video/7557648800425250066;tuoithotoi2808;Quảng cáo ngày xưa (p1)#xuhuong #tiktok #quangcao #vinamilk ;Quảng cáo ngày xưa (p1)#xuhuong #tiktok #quangcao #vinamilk;True;#xuhuong, #tiktok, #quangcao, #vinamilk;4;;0;;0;17100;292;11900;855;496000;30147;0.06078024193548387;Very High;29;Short;2025-10-05 08:17:21+00:00;2025-10-05 15:17:21+07:00;2025-10-05;2025;10;15;Sunday
7369449559988112641;https://www.tiktok.com/@vinamilk.official/video/7369449559988112641;vinamilk.official;"SỮA TƯƠI VINAMILK 100% ÍT ĐƯỜNG GIẢM HƠN 25%* LƯỢNG ĐƯỜNG, THỬ NGAY!
🐄🐄🐄 Sữa đã tươi ngon, nay còn giảm hơn 25% lượng đường, Sữa Tươi Vinamilk 100% vị Ít Đường dịu nhẹ là sự lựa chọn không thể thiếu mỗi ngày cho cả gia đình.
Chọn Ít Đường, cho bé thích mê!
Chọn Ít Đường, cho mẹ thăng hạng vóc dáng!
Chọn Ít Đường, cho cả nhà khỏe vui!
#suatuoi100 #vinamilk #itduong #diunhe 
*So với sản phẩm Sữa tươi tiệt trùng Vinamilk 100% Có Đường
---------------------------------------------
Tìm hiểu thêm các thông tin về Vinamilk: 
👉 Website chính thức: https://new.vinamilk.com.vn/ 
👉 Fanpage Vinamilk: https://www.facebook.com/vinamilkofficial
➤ Đặt hàng online: Sữa Tươi Tiệt Trùng Vinamilk 100% Ít Đường";SỮA TƯƠI VINAMILK 100% ÍT ĐƯỜNG GIẢM HƠN 25%* LƯỢNG ĐƯỜNG, THỬ NGAY! 🐄🐄🐄 Sữa đã tươi ngon, nay còn giảm hơn 25% lượng đường, Sữa Tươi Vinamilk 100% vị Ít Đường dịu nhẹ là sự lựa chọn không thể thiếu mỗi ngày cho cả gia đình. Chọn Ít Đường, cho bé thích mê! Chọn Ít Đường, cho mẹ thăng hạng vóc dáng! Chọn Ít Đường, cho cả nhà khỏe vui! #suatuoi100 #vinamilk #itduong #diunhe *So với sản phẩm Sữa tươi tiệt trùng Vinamilk 100% Có Đường --------------------------------------------- Tìm hiểu thêm các thông tin về Vinamilk: 👉 Website chính thức: https://new.vinamilk.com.vn/ 👉 Fanpage Vinamilk: https://www.facebook.com/vinamilkofficial ➤ Đặt hàng online: Sữa Tươi Tiệt Trùng Vinamilk 100% Ít Đường;True;#suatuoi100, #vinamilk, #itduong, #diunhe;4;;0;https://new.vinamilk.com.vn/, https://www.facebook.com/vinamilkofficial;2;14200;133;705;1273;15400000;16311;0.0010591558441558442;Very High;6;Very short;2024-05-16 04:29:48+00:00;2024-05-16 11:29:48+07:00;2024-05-16;2024;5;11;Thursday
7644168389048470805;https://www.tiktok.com/@conanlove5/video/7644168389048470805;conanlove5;Nhận Huy hiệu V50 với sếp thì như thế nào😆🎉🎉🎉 #vinamilk #vinamilkgreenfarm #vibes #sếp #tiktok ;Nhận Huy hiệu V50 với sếp thì như thế nào😆🎉🎉🎉 #vinamilk #vinamilkgreenfarm #vibes #sếp #tiktok;True;#vinamilk, #vinamilkgreenfarm, #vibes, #sếp, #tiktok;5;;0;;0;5;3;0;0;119;8;0.06722689075630252;Low;6;Very short;2026-05-26 11:57:34+00:00;2026-05-26 18:57:34+07:00;2026-05-26;2026;5;18;Tuesday
7611934157979045138;https://www.tiktok.com/@pig_bubble/video/7611934157979045138;pig_bubble;Ai tag vinamilk giùm tui đi pleaseeeeee #heobao✨ #unboxing #vinamilk #trending #viral ;Ai tag vinamilk giùm tui đi pleaseeeeee #heobao✨ #unboxing #vinamilk #trending #viral;True;#heobao, #unboxing, #vinamilk, #trending, #viral;5;;0;;0;3519;46;64;152;119700;3781;0.03158730158730159;High;121;Long;2026-02-28 15:12:13+00:00;2026-02-28 22:12:13+07:00;2026-02-28;2026;2;22;Saturday
7636732275283234055;https://www.tiktok.com/@ppeekaaboo1/video/7636732275283234055;ppeekaaboo1;"+1 công thức vào menu eat clean của mình với sữa Vinamilk Flex 💪🏼🥛
#dailyvlog #VinamilkFlex #HoptacVinamilk #pilates #healthyrecipe ";+1 công thức vào menu eat clean của mình với sữa Vinamilk Flex 💪🏼🥛 #dailyvlog #VinamilkFlex #HoptacVinamilk #pilates #healthyrecipe;True;#dailyvlog, #VinamilkFlex, #HoptacVinamilk, #pilates, #healthyrecipe;5;;0;;0;159;54;1183;7;1904;1403;0.7368697478991597;Low;49;Medium;2026-05-06 11:01:36+00:00;2026-05-06 18:01:36+07:00;2026-05-06;2026;5;18;Wednesday
7637503147954867463;https://www.tiktok.com/@iamapple2424/video/7637503147954867463;iamapple2424;"Cùng làm món ăn quen thuộc của Táo với sữa Vinamilk Flex nhen. 

#dailyvlog #study #VinamilkFlex #HoptacVinamilk";Cùng làm món ăn quen thuộc của Táo với sữa Vinamilk Flex nhen. #dailyvlog #study #VinamilkFlex #HoptacVinamilk;True;#dailyvlog, #study, #VinamilkFlex, #HoptacVinamilk;4;;0;;0;3627;76;1026;242;141500;4971;0.03513074204946996;High;86;Long;2026-05-08 12:52:57+00:00;2026-05-08 19:52:57+07:00;2026-05-08;2026;5;19;Friday
7578099935267015954;https://www.tiktok.com/@me.minkhoi/video/7578099935267015954;me.minkhoi;Fan VINAMILK không thể bỏ qua nha 💕 #vinamilk #optimuma2pro #suacongthucphasan #suadama2 #mebimsua;Fan VINAMILK không thể bỏ qua nha 💕 #vinamilk #optimuma2pro #suacongthucphasan #suadama2 #mebimsua;True;#vinamilk, #optimuma2pro, #suacongthucphasan, #suadama2, #mebimsua;5;;0;;0;1435;531;366;285;284700;2617;0.009192132068844398;High;15;Very short;2025-11-29 10:58:09+00:00;2025-11-29 17:58:09+07:00;2025-11-29;2025;11;17;Saturday
7549850033638755592;https://www.tiktok.com/@nhagaomoc/video/7549850033638755592;nhagaomoc;"Thật là thiếu sót quá đi, tại sao giờ này mà tui mới biết đến loại sữa nguyên kem này của Vinamilk vậy mấy bà?! 
#nhagaomoc #suanguyenkem #vinamilk #review #unbox ";Thật là thiếu sót quá đi, tại sao giờ này mà tui mới biết đến loại sữa nguyên kem này của Vinamilk vậy mấy bà?! #nhagaomoc #suanguyenkem #vinamilk #review #unbox;True;#nhagaomoc, #suanguyenkem, #vinamilk, #review, #unbox;5;;0;;0;163;20;128;43;31500;354;0.011238095238095238;Medium;20;Short;2025-09-14 12:30:00+00:00;2025-09-14 19:30:00+07:00;2025-09-14;2025;9;19;Sunday
7540303128978083085;https://www.tiktok.com/@firstphinfirst/video/7540303128978083085;firstphinfirst;"Vinamilk is the classic condensed milk used for Vietnamese coffee. It makes the drink creamy, smooth, and just sweet enough to balance out the strong robusta beans. That balance of bold and silky is what makes cà phê sữa đá so addictive. We use it for every cup of coffee!

So @Vinamilk - Shop & More, when are we getting that sponsorship? 👀";Vinamilk is the classic condensed milk used for Vietnamese coffee. It makes the drink creamy, smooth, and just sweet enough to balance out the strong robusta beans. That balance of bold and silky is what makes cà phê sữa đá so addictive. We use it for every cup of coffee! So @Vinamilk - Shop & More, when are we getting that sponsorship? 👀;True;;0;@Vinamilk;1;;0;560;32;17;38;33800;647;0.019142011834319527;Medium;14;Very short;2025-08-19 14:27:27+00:00;2025-08-19 21:27:27+07:00;2025-08-19;2025;8;21;Tuesday
7644207281055239444;https://www.tiktok.com/@chungho335/video/7644207281055239444;chungho335;Combo 5 hộp sữa đặc ông thọ 1284g. hộp lớn siêu tiết kiệm mua combo giá cả phải chăng.##suadac##suadaccoduong##suadacongtho##vinamilk##chungho335;Combo 5 hộp sữa đặc ông thọ 1284g. hộp lớn siêu tiết kiệm mua combo giá cả phải chăng.##suadac##suadaccoduong##suadacongtho##vinamilk##chungho335;True;#suadac, #suadaccoduong, #suadacongtho, #vinamilk, #chungho335;5;;0;;0;5;0;2;4;57;11;0.19298245614035087;Low;10;Very short;2026-05-26 14:28:27+00:00;2026-05-26 21:28:27+07:00;2026-05-26;2026;5;21;Tuesday
7387556833558269201;https://www.tiktok.com/@8thichunbox_/video/7387556833558269201;8thichunbox_;Sữa vinamil 100%#xuhuong #thucpham #vinamilkrewards ;Sữa vinamil 100%#xuhuong #thucpham #vinamilkrewards;True;#xuhuong, #thucpham, #vinamilkrewards;3;;0;;0;128;27;143;30;76500;328;0.004287581699346405;High;24;Short;2024-07-03 23:33:43+00:00;2024-07-04 06:33:43+07:00;2024-07-04;2024;7;6;Thursday
7637501775767112981;https://www.tiktok.com/@phuongganh/video/7637501775767112981;phuongganh;"Bận mấy vẫn phải chăm mình mỗi ngày
#phuongganh #ceci #SuaHatVinamilk  #GiuYChi #HoptacVinamilk ";Bận mấy vẫn phải chăm mình mỗi ngày #phuongganh #ceci #SuaHatVinamilk #GiuYChi #HoptacVinamilk;True;#phuongganh, #ceci, #SuaHatVinamilk, #GiuYChi, #HoptacVinamilk;5;;0;;0;4811;10;53;183;80300;5057;0.06297633872976338;High;74;Long;2026-05-08 12:47:41+00:00;2026-05-08 19:47:41+07:00;2026-05-08;2026;5;19;Friday
7601041579364650248;https://www.tiktok.com/@ri.ri.review/video/7601041579364650248;ri.ri.review;#vinamilk;#vinamilk;True;#vinamilk;1;;0;;0;14;1;26;7;2968;48;0.016172506738544475;Low;9;Very short;2026-01-30 06:43:26+00:00;2026-01-30 13:43:26+07:00;2026-01-30;2026;1;13;Friday
7300099689871871274;https://www.tiktok.com/@icecreamrollsworld/video/7300099689871871274;icecreamrollsworld;Vinamilk  #fyp #yumup #foryou #learnontiktok #science #ufo ;Vinamilk #fyp #yumup #foryou #learnontiktok #science #ufo;True;#fyp, #yumup, #foryou, #learnontiktok, #science, #ufo;6;;0;;0;201;1;13;14;4792;229;0.04778797996661102;Low;94;Long;2023-11-11 07:15:36+00:00;2023-11-11 14:15:36+07:00;2023-11-11;2023;11;14;Saturday
7555850963593039111;https://www.tiktok.com/@lyhoag3_3/video/7555850963593039111;lyhoag3_3;sữa vinamilk tuổi thơ core🥛🧃🐄#vinamilk#tuoitho#xyzbca #fypシviral ;sữa vinamilk tuổi thơ core🥛🧃🐄#vinamilk#tuoitho#xyzbca #fypシviral;True;#vinamilk, #tuoitho, #xyzbca, #fypシviral;4;;0;;0;12100;164;2777;1305;137400;16346;0.1189665211062591;High;13;Very short;2025-09-30 12:00:48+00:00;2025-09-30 19:00:48+07:00;2025-09-30;2025;9;19;Tuesday
7632199452266089744;https://www.tiktok.com/@cafef_official/video/7632199452266089744;cafef_official;CEO Mai Kiều Liên lý giải nguyên nhân tại sao giá sữa tại các cửa hàng chính hãng của Vinamilk luôn cao hơn so với nơi khác. #Cafef #amm #AGMAwards2026 #ĐHCĐ2026 #CafeF #VNM;CEO Mai Kiều Liên lý giải nguyên nhân tại sao giá sữa tại các cửa hàng chính hãng của Vinamilk luôn cao hơn so với nơi khác. #Cafef #amm #AGMAwards2026 #ĐHCĐ2026 #CafeF #VNM;True;#Cafef, #amm, #AGMAwards2026, #ĐHCĐ2026, #CafeF, #VNM;6;;0;;0;12100;0;1217;667;730500;13984;0.019143052703627653;Very High;78;Long;2026-04-24 05:52:49+00:00;2026-04-24 12:52:49+07:00;2026-04-24;2026;4;12;Friday
7636241455341702421;https://www.tiktok.com/@bunbo.0711/video/7636241455341702421;bunbo.0711;Sữa hạt ít đường. . #vinamilk #vinamilkbrandpartner #suahatvinamilk #vnmaff05 ;Sữa hạt ít đường. . #vinamilk #vinamilkbrandpartner #suahatvinamilk #vnmaff05;True;#vinamilk, #vinamilkbrandpartner, #suahatvinamilk, #vnmaff05;4;;0;;0;59;14;64;26;7031;163;0.023183046508320294;Low;36;Medium;2026-05-05 03:17:08+00:00;2026-05-05 10:17:08+07:00;2026-05-05;2026;5;10;Tuesday
7585511310419365138;https://www.tiktok.com/@neidichiuu/video/7585511310419365138;neidichiuu;"1 ngày uống 2 ly này cũng được ấyyyy
#Vinamilk #GreenFarm #suatuoithanhtrung #HợptáccùngVinamilk ";1 ngày uống 2 ly này cũng được ấyyyy #Vinamilk #GreenFarm #suatuoithanhtrung #HợptáccùngVinamilk;True;#Vinamilk, #GreenFarm, #suatuoithanhtrung, #HợptáccùngVinamilk;4;;0;;0;320;109;30;30;14300;489;0.034195804195804196;Medium;43;Medium;2025-12-19 10:18:05+00:00;2025-12-19 17:18:05+07:00;2025-12-19;2025;12;17;Friday
7491987348389956871;https://www.tiktok.com/@topmax_news/video/7491987348389956871;topmax_news;47 năm không ai hỏi sữa Vinamilk ngon ra sao. Nhưng đổi logo cái, cả nước hay #vinamilk #topmax #topmaxnews #marketing #campaign #casestudy #tintuc #xuhuong #xh #fyp;47 năm không ai hỏi sữa Vinamilk ngon ra sao. Nhưng đổi logo cái, cả nước hay #vinamilk #topmax #topmaxnews #marketing #campaign #casestudy #tintuc #xuhuong #xh #fyp;True;#vinamilk, #topmax, #topmaxnews, #marketing, #campaign, #casestudy, #tintuc, #xuhuong, #xh, #fyp;10;;0;;0;289500;4565;47500;11632;2900000;353197;0.12179206896551724;Very High;69;Long;2025-04-11 09:37:22+00:00;2025-04-11 16:37:22+07:00;2025-04-11;2025;4;16;Friday
7458684961613253905;https://www.tiktok.com/@namaohwa/video/7458684961613253905;namaohwa;hate to see vinamilk missing #fyp #xuhuong #vinamilk ;hate to see vinamilk missing #fyp #xuhuong #vinamilk;True;#fyp, #xuhuong, #vinamilk;3;;0;;0;201700;2238;19600;4565;3300000;228103;0.06912212121212122;Very High;61;Long;2025-01-11 15:47:32+00:00;2025-01-11 22:47:32+07:00;2025-01-11;2025;1;22;Saturday
7623756762616876296;https://www.tiktok.com/@thuy25119/video/7623756762616876296;thuy25119;Sữa tươi ngon #sữa ;Sữa tươi ngon #sữa;True;#sữa;1;;0;;0;17;0;10;5;14200;32;0.0022535211267605635;Medium;15;Very short;2026-04-01 11:49:58+00:00;2026-04-01 18:49:58+07:00;2026-04-01;2026;4;18;Wednesday
7162386220348116250;https://www.tiktok.com/@_chaocau.12_/video/7162386220348116250;_chaocau.12_;"Một chiếc deadline khiến bạn ""yêu"" Vinamilk 🙆‍♀️🙆‍♀️🙆‍♀️
#vinamilk #ppt ";"Một chiếc deadline khiến bạn ""yêu"" Vinamilk 🙆‍♀️🙆‍♀️🙆‍♀️ #vinamilk #ppt";True;#vinamilk, #ppt;2;;0;;0;700;197;351;360;56200;1608;0.028612099644128114;High;18;Short;2022-11-05 04:36:40+00:00;2022-11-05 11:36:40+07:00;2022-11-05;2022;11;11;Saturday
7501297231010483463;https://www.tiktok.com/@nhirose030715/video/7501297231010483463;nhirose030715;"Mê dừa mà chưa thử sữa tươi vị dừa của Vinamilk là thiếu sót thiệt luôn á! Thơm béo, mát lạnh, uống xong là ghiền.

#suatuoi100 #vinamilk ";Mê dừa mà chưa thử sữa tươi vị dừa của Vinamilk là thiếu sót thiệt luôn á! Thơm béo, mát lạnh, uống xong là ghiền. #suatuoi100 #vinamilk;True;#suatuoi100, #vinamilk;2;;0;;0;12600;32;1045;972;487900;14649;0.03002459520393523;Very High;59;Medium;2025-05-06 11:44:26+00:00;2025-05-06 18:44:26+07:00;2025-05-06;2025;5;18;Tuesday
7326121479769181448;https://www.tiktok.com/@mua_sam_thong_minh_86/video/7326121479769181448;mua_sam_thong_minh_86;sữa tươi Vinamilk adm 110ml;sữa tươi Vinamilk adm 110ml;True;;0;;0;;0;50;14;22;12;33500;98;0.002925373134328358;Medium;42;Medium;2024-01-20 10:13:06+00:00;2024-01-20 17:13:06+07:00;2024-01-20;2024;1;17;Saturday
7550589758565534994;https://www.tiktok.com/@sachhays2/video/7550589758565534994;sachhays2;Sữa Vinamilk Mix 9 loại hạt ít đường, thơm ngon #sachhays2 #viral #vinamilk ;Sữa Vinamilk Mix 9 loại hạt ít đường, thơm ngon #sachhays2 #viral #vinamilk;True;#sachhays2, #viral, #vinamilk;3;;0;;0;11;0;6;5;1222;22;0.01800327332242226;Low;39;Medium;2025-09-16 07:44:38+00:00;2025-09-16 14:44:38+07:00;2025-09-16;2025;9;14;Tuesday
7632536248942382367;https://www.tiktok.com/@haji.qadeem.shinwari.hot/video/7632536248942382367;haji.qadeem.shinwari.hot;#plzunfrezemyaccount🙏 #plzunfrezemyaccount🙏 #plzunfrezemyaccount🙏 #plzunfrezemyaccount🙏 #foryoufypシ゚viral☆♡💯 ;#plzunfrezemyaccount🙏 #plzunfrezemyaccount🙏 #plzunfrezemyaccount🙏 #plzunfrezemyaccount🙏 #foryoufypシ゚viral☆♡💯;True;#plzunfrezemyaccount, #plzunfrezemyaccount, #plzunfrezemyaccount, #plzunfrezemyaccount, #foryoufypシ;5;;0;;0;761;56;28;28;10600;873;0.08235849056603774;Low;12;Very short;2026-04-25 03:39:03+00:00;2026-04-25 10:39:03+07:00;2026-04-25;2026;4;10;Saturday
7616353409792281874;https://www.tiktok.com/@xoaifam/video/7616353409792281874;xoaifam;Buổi họp gia đình thành công mỹ mãn 🤣 #HoptacVinamilk #VinamilkTet;Buổi họp gia đình thành công mỹ mãn 🤣 #HoptacVinamilk #VinamilkTet;True;#HoptacVinamilk, #VinamilkTet;2;;0;;0;3469;73;71;88;1100000;3701;0.0033645454545454547;Very High;87;Long;2026-03-12 13:01:15+00:00;2026-03-12 20:01:15+07:00;2026-03-12;2026;3;20;Thursday
7180119618214825221;https://www.tiktok.com/@optimumgold/video/7180119618214825221;optimumgold;Optimum Gold - Êm bụng, ngủ ngon, thông minh, chóng lớn #optimumgold #vinamilk ;Optimum Gold - Êm bụng, ngủ ngon, thông minh, chóng lớn #optimumgold #vinamilk;True;#optimumgold, #vinamilk;2;;0;;0;14;0;2;4;6100;20;0.003278688524590164;Low;15;Very short;2022-12-22 23:31:18+00:00;2022-12-23 06:31:18+07:00;2022-12-23;2022;12;6;Friday
7149037472574410010;https://www.tiktok.com/@dathy_98/video/7149037472574410010;dathy_98;Quảng cáo Vinamilk 🐮🐮🐮#nhacthieunhi ;Quảng cáo Vinamilk 🐮🐮🐮#nhacthieunhi;True;#nhacthieunhi;1;;0;;0;923;43;863;215;93900;2044;0.0217678381256656;High;30;Short;2022-09-30 05:16:42+00:00;2022-09-30 12:16:42+07:00;2022-09-30;2022;9;12;Friday
7644364501441170706;https://www.tiktok.com/@chauquochieu/video/7644364501441170706;chauquochieu;#tuyendungvinamilk #vinamilk225ngogiatu #Vinamilk ;#tuyendungvinamilk #vinamilk225ngogiatu #Vinamilk;True;#tuyendungvinamilk, #vinamilk225ngogiatu, #Vinamilk;3;;0;;0;14;9;0;0;267;23;0.08614232209737828;Low;11;Very short;2026-05-27 00:38:35+00:00;2026-05-27 07:38:35+07:00;2026-05-27;2026;5;7;Wednesday
7644043334780062996;https://www.tiktok.com/@vinamilk97gangthep.tn/video/7644043334780062996;vinamilk97gangthep.tn;Mn ghé CH e ở 97 Gang Thép gần ngã tư chợ Dốc Hanh để mua kem giá cực ưu đãi 🫶🫶🫶 #vinamilk #vinamilk97gangthep #viral #kemvinamilk ;Mn ghé CH e ở 97 Gang Thép gần ngã tư chợ Dốc Hanh để mua kem giá cực ưu đãi 🫶🫶🫶 #vinamilk #vinamilk97gangthep #viral #kemvinamilk;True;#vinamilk, #vinamilk97gangthep, #viral, #kemvinamilk;4;;0;;0;3;0;2;1;228;6;0.02631578947368421;Low;14;Very short;2026-05-26 03:52:21+00:00;2026-05-26 10:52:21+07:00;2026-05-26;2026;5;10;Tuesday
7245839798898789637;https://www.tiktok.com/@tiktokkorea360/video/7245839798898789637;tiktokkorea360;Quảng Cáo Vinamilk YoMilk 2000 - 2003 (30s);Quảng Cáo Vinamilk YoMilk 2000 - 2003 (30s);True;;0;;0;;0;121;19;6;31;17500;177;0.010114285714285715;Medium;89;Long;2023-06-18 01:59:07+00:00;2023-06-18 08:59:07+07:00;2023-06-18;2023;6;8;Sunday
7643245614846840071;https://www.tiktok.com/@nhacoembunny/video/7643245614846840071;nhacoembunny;mom nào dùng vinamilk hong #viral #vimamilk #gocphasua #nướcphasữa ;mom nào dùng vinamilk hong #viral #vimamilk #gocphasua #nướcphasữa;True;#viral, #vimamilk, #gocphasua, #nướcphasữa;4;;0;;0;501;56;33;37;28300;627;0.02215547703180212;Medium;62;Long;2026-05-24 00:16:44+00:00;2026-05-24 07:16:44+07:00;2026-05-24;2026;5;7;Sunday
7629940527139409172;https://www.tiktok.com/@vit.cho.chn/video/7629940527139409172;vit.cho.chn;#ilovetiktok #viralvideo #vinamilk ;#ilovetiktok #viralvideo #vinamilk;True;#ilovetiktok, #viralvideo, #vinamilk;3;;0;;0;167;38;10;25;37900;240;0.0063324538258575196;Medium;25;Short;2026-04-18 03:46:11+00:00;2026-04-18 10:46:11+07:00;2026-04-18;2026;4;10;Saturday
7444383679503224071;https://www.tiktok.com/@trangbanhbeo96/video/7444383679503224071;trangbanhbeo96;Sữa tươi tiệt trùng Vinamilk không đường bịch 220ml được làm từ sữa bò tươi nguyên chất, mang hương vị thơm ngon hấp dẫn, không bổ sung thêm đường, phù hợp cho người ăn kiêng, giảm cân nhưng vẫn đảm bảo đủ đầy dinh dưỡng tự nhiên #suatuoi #milk #suatuoikhongduong #suavinamilk #thungsuatuoi ;Sữa tươi tiệt trùng Vinamilk không đường bịch 220ml được làm từ sữa bò tươi nguyên chất, mang hương vị thơm ngon hấp dẫn, không bổ sung thêm đường, phù hợp cho người ăn kiêng, giảm cân nhưng vẫn đảm bảo đủ đầy dinh dưỡng tự nhiên #suatuoi #milk #suatuoikhongduong #suavinamilk #thungsuatuoi;True;#suatuoi, #milk, #suatuoikhongduong, #suavinamilk, #thungsuatuoi;5;;0;;0;490;55;427;103;277400;1075;0.003875270367700072;High;10;Very short;2024-12-04 02:50:48+00:00;2024-12-04 09:50:48+07:00;2024-12-04;2024;12;9;Wednesday
7495328539219102984;https://www.tiktok.com/@mechang.review2/video/7495328539219102984;mechang.review2;6 dòng sữa vinamilk các mom lên tham khảo #kiênthucsuckhoe #mebimsuachamcon #mechangreview #meyeuconratnhieu #trending #kienthucchambeyeu #suatotchobe #kiẻnhucmoingay ;6 dòng sữa vinamilk các mom lên tham khảo #kiênthucsuckhoe #mebimsuachamcon #mechangreview #meyeuconratnhieu #trending #kienthucchambeyeu #suatotchobe #kiẻnhucmoingay;True;#kiênthucsuckhoe, #mebimsuachamcon, #mechangreview, #meyeuconratnhieu, #trending, #kienthucchambeyeu, #suatotchobe, #kiẻnhucmoingay;8;;0;;0;1188;221;180;478;312300;2067;0.006618635926993276;High;8;Very short;2025-04-20 09:42:51+00:00;2025-04-20 16:42:51+07:00;2025-04-20;2025;4;16;Sunday
7643381111673998600;https://www.tiktok.com/@mechicuadodo/video/7643381111673998600;mechicuadodo;Vinamilk thật biết tiêu tiền của tôi 😌😌 #vlog #unboxing #asmr #mebimsua #viral ;Vinamilk thật biết tiêu tiền của tôi 😌😌 #vlog #unboxing #asmr #mebimsua #viral;True;#vlog, #unboxing, #asmr, #mebimsua, #viral;5;;0;;0;7108;93;827;369;266200;8397;0.03154395191585274;High;25;Short;2026-05-24 09:02:28+00:00;2026-05-24 16:02:28+07:00;2026-05-24;2026;5;16;Sunday
7406583517771091218;https://www.tiktok.com/@cuahangcuangoc/video/7406583517771091218;cuahangcuangoc;Probi Vinamilk ngon nha. Mình thấy sữa nào cứ tốt cho đường tiêu hoá là thấy ngon ạ 😄 #probi #probivinamilk #vinamilk #estvinamilk #suauongprobi ;Probi Vinamilk ngon nha. Mình thấy sữa nào cứ tốt cho đường tiêu hoá là thấy ngon ạ 😄 #probi #probivinamilk #vinamilk #estvinamilk #suauongprobi;True;#probi, #probivinamilk, #vinamilk, #estvinamilk, #suauongprobi;5;;0;;0;8;0;18;3;6909;29;0.004197423650311188;Low;12;Very short;2024-08-24 06:06:51+00:00;2024-08-24 13:06:51+07:00;2024-08-24;2024;8;13;Saturday
7431364620868144391;https://www.tiktok.com/@cogaibansua0m/video/7431364620868144391;cogaibansua0m;"Dòng sữa hạt của Vinamilk là dòng ít đường khác với TH không sử dụng đường. Dễ uống thơm ngon, chưa nhiều chất dinh dưỡng và hạn chế chất béo ❤️ 

#vinamilk #sữa #hạt #ócchó #hạnhnhân #tiktokviral #xuhuong #learnontiktok #td #xh #affiliatemarketing ";Dòng sữa hạt của Vinamilk là dòng ít đường khác với TH không sử dụng đường. Dễ uống thơm ngon, chưa nhiều chất dinh dưỡng và hạn chế chất béo ❤️ #vinamilk #sữa #hạt #ócchó #hạnhnhân #tiktokviral #xuhuong #learnontiktok #td #xh #affiliatemarketing;True;#vinamilk, #sữa, #hạt, #ócchó, #hạnhnhân, #tiktokviral, #xuhuong, #learnontiktok, #td, #xh, #affiliatemarketing;11;;0;;0;160;20;67;44;37300;291;0.007801608579088471;Medium;9;Very short;2024-10-30 00:50:14+00:00;2024-10-30 07:50:14+07:00;2024-10-30;2024;10;7;Wednesday
7644154545722903825;https://www.tiktok.com/@minhtuyetshop88/video/7644154545722903825;minhtuyetshop88;#suahat #vinamilk #suadaunanh #occho #healthy    ;#suahat #vinamilk #suadaunanh #occho #healthy;True;#suahat, #vinamilk, #suadaunanh, #occho, #healthy;5;;0;;0;4;1;0;0;46;5;0.10869565217391304;Low;111;Long;2026-05-26 11:04:19+00:00;2026-05-26 18:04:19+07:00;2026-05-26;2026;5;18;Tuesday
7569006649973787912;https://www.tiktok.com/@d291013/video/7569006649973787912;d291013;"🌟 SỮA TƯƠI TIỆT TRÙNG 100% VINAMILK – BỘ SƯU TẬP HƯƠNG VỊ TỰ NHIÊN 🌟

🥛 Từ nông trại xanh mát đến ly sữa tinh khiết, Vinamilk mang đến bộ sưu tập sữa tươi 100% tiệt trùng với đủ vị ngon cho cả nhà:

🍓 Dâu ngọt ngào
🍫 Socola đậm đà
🥥 Dừa thơm béo
🍌 Chuối ít béo nhẹ nhàng
🍫✨ Socola đậm đặc ít béo cuốn hút
🍈 Dưa lưới ít béo mát lành
🌽 Bắp thơm dịu

💧 Mỗi hộp là sự hòa quyện giữa nguồn sữa tươi nguyên chất và vị ngon tự nhiên, mang đến năng lượng tươi mới cho ngày dài đầy hứng khởi!

💛 Chọn vị bạn yêu – Thưởng thức trọn niềm vui cùng Vinamilk#Vinamilk ";🌟 SỮA TƯƠI TIỆT TRÙNG 100% VINAMILK – BỘ SƯU TẬP HƯƠNG VỊ TỰ NHIÊN 🌟 🥛 Từ nông trại xanh mát đến ly sữa tinh khiết, Vinamilk mang đến bộ sưu tập sữa tươi 100% tiệt trùng với đủ vị ngon cho cả nhà: 🍓 Dâu ngọt ngào 🍫 Socola đậm đà 🥥 Dừa thơm béo 🍌 Chuối ít béo nhẹ nhàng 🍫✨ Socola đậm đặc ít béo cuốn hút 🍈 Dưa lưới ít béo mát lành 🌽 Bắp thơm dịu 💧 Mỗi hộp là sự hòa quyện giữa nguồn sữa tươi nguyên chất và vị ngon tự nhiên, mang đến năng lượng tươi mới cho ngày dài đầy hứng khởi! 💛 Chọn vị bạn yêu – Thưởng thức trọn niềm vui cùng Vinamilk#Vinamilk;True;#Vinamilk;1;;0;;0;84;8;20;27;12900;139;0.010775193798449613;Low;10;Very short;2025-11-04 22:51:38+00:00;2025-11-05 05:51:38+07:00;2025-11-05;2025;11;5;Wednesday
7591505863555239198;https://www.tiktok.com/@liveapna/video/7591505863555239198;liveapna;No caption;No caption;False;;0;;0;;0;3271;183;227;631;602500;4312;0.007156846473029045;Very High;31;Medium;2026-01-04 14:00:50+00:00;2026-01-04 21:00:50+07:00;2026-01-04;2026;1;21;Sunday
7624942443389144341;https://www.tiktok.com/@taphoaat/video/7624942443389144341;taphoaat;#fypシ #quanaohottrend #aolop #vinamilk #thtruemilk ;#fypシ #quanaohottrend #aolop #vinamilk #thtruemilk;True;#fypシ, #quanaohottrend, #aolop, #vinamilk, #thtruemilk;5;;0;;0;17500;232;17800;1505;700800;37037;0.052849600456621;Very High;17;Short;2026-04-04 16:31:06+00:00;2026-04-04 23:31:06+07:00;2026-04-04;2026;4;23;Saturday
7639335368835468551;https://www.tiktok.com/@vinamilk_caitac102/video/7639335368835468551;vinamilk_caitac102;70% cơ thể tôi là cafe sữa #vinamilkcaitac #giaitri #nuocsuoivinamilk #ngabacaitac #xuhuong ;70% cơ thể tôi là cafe sữa #vinamilkcaitac #giaitri #nuocsuoivinamilk #ngabacaitac #xuhuong;True;#vinamilkcaitac, #giaitri, #nuocsuoivinamilk, #ngabacaitac, #xuhuong;5;;0;;0;71;16;17;7;5639;111;0.019684341195247385;Low;10;Very short;2026-05-13 11:22:58+00:00;2026-05-13 18:22:58+07:00;2026-05-13;2026;5;18;Wednesday
7522725803268836616;https://www.tiktok.com/@giadinhca1403/video/7522725803268836616;giadinhca1403;"Cơ duyên hợp tác cùng Vinamilk  của em bé 🥰
#capcut #vinamilk #emxinh #viralvideo #mukbang ";Cơ duyên hợp tác cùng Vinamilk của em bé 🥰 #capcut #vinamilk #emxinh #viralvideo #mukbang;True;#capcut, #vinamilk, #emxinh, #viralvideo, #mukbang;5;;0;;0;12200;68;208;143;350500;12619;0.03600285306704708;High;11;Very short;2025-07-03 05:38:15+00:00;2025-07-03 12:38:15+07:00;2025-07-03;2025;7;12;Thursday
7566449963866115349;https://www.tiktok.com/@mekutin68/video/7566449963866115349;mekutin68;"sữa dinh dưỡng Vinamilk có đường 1 thùng 48 bịch một bịch 220ml, dùng làm buổi ăn sáng nhẹ hoặc làm bánh, sữa chua, xây sinh tố tiện lợi thơm ngon 
cho cả nhà mình lựa chọn đây ạ #mekutin68 #sua #suavinamilk #thinhhanh #xuhuong @Mẹ kutin @Mẹ kutin @Mẹ kutin ";sữa dinh dưỡng Vinamilk có đường 1 thùng 48 bịch một bịch 220ml, dùng làm buổi ăn sáng nhẹ hoặc làm bánh, sữa chua, xây sinh tố tiện lợi thơm ngon cho cả nhà mình lựa chọn đây ạ #mekutin68 #sua #suavinamilk #thinhhanh #xuhuong @Mẹ kutin @Mẹ kutin @Mẹ kutin;True;#mekutin68, #sua, #suavinamilk, #thinhhanh, #xuhuong;5;@Mẹ, @Mẹ, @Mẹ;3;;0;84;49;14;27;21200;174;0.00820754716981132;Medium;30;Short;2025-10-29 01:30:22+00:00;2025-10-29 08:30:22+07:00;2025-10-29;2025;10;8;Wednesday
7641457780020350216;https://www.tiktok.com/@tuyennehe/video/7641457780020350216;tuyennehe;Vinamilk nuôi kĩ quá, ki tăng dần theo tháng 😆😆#xhtiktok #xh #vinamilk #fypシ゚ ;Vinamilk nuôi kĩ quá, ki tăng dần theo tháng 😆😆#xhtiktok #xh #vinamilk #fypシ゚;True;#xhtiktok, #xh, #vinamilk, #fypシ;4;;0;;0;16;3;0;0;446;19;0.042600896860986545;Low;12;Very short;2026-05-19 04:39:03+00:00;2026-05-19 11:39:03+07:00;2026-05-19;2026;5;11;Tuesday
7643079153616456967;https://www.tiktok.com/@nganga233/video/7643079153616456967;nganga233;ủa Vinamilk có loại mới à 🫪;ủa Vinamilk có loại mới à 🫪;True;;0;;0;;0;8;2;0;1;120;11;0.09166666666666666;Low;6;Very short;2026-05-23 13:30:44+00:00;2026-05-23 20:30:44+07:00;2026-05-23;2026;5;20;Saturday
7511993440855428370;https://www.tiktok.com/@suutamquangcao/video/7511993440855428370;suutamquangcao;Quảng cáo sữa tươi Vinamilk năm 2009 #quangcao ;Quảng cáo sữa tươi Vinamilk năm 2009 #quangcao;True;#quangcao;1;;0;;0;133;7;60;25;12200;225;0.018442622950819672;Low;30;Short;2025-06-04 07:31:12+00:00;2025-06-04 14:31:12+07:00;2025-06-04;2025;6;14;Wednesday
7472284944807513345;https://www.tiktok.com/@lethuy16773/video/7472284944807513345;lethuy16773;sữa vinamilk , mua nhanh đi mọi người ;sữa vinamilk , mua nhanh đi mọi người;True;;0;;0;;0;381;31;42;48;97600;502;0.00514344262295082;High;11;Very short;2025-02-17 07:22:05+00:00;2025-02-17 14:22:05+07:00;2025-02-17;2025;2;14;Monday
6946579275072015617;https://www.tiktok.com/@xuanthuynguyen_22/video/6946579275072015617;xuanthuynguyen_22;Pe ngox sock cute;Pe ngox sock cute;True;;0;;0;;0;2276;126;24;4;34600;2430;0.07023121387283238;Medium;11;Very short;2021-04-02 15:15:26+00:00;2021-04-02 22:15:26+07:00;2021-04-02;2021;4;22;Friday
7642923703306685704;https://www.tiktok.com/@llanhue/video/7642923703306685704;llanhue;No caption;No caption;False;;0;;0;;0;3677;38;278;90;276400;4083;0.01477206946454414;High;78;Long;2026-05-23 03:27:30+00:00;2026-05-23 10:27:30+07:00;2026-05-23;2026;5;10;Saturday
7637844761079975198;https://www.tiktok.com/@gaming.zone018/video/7637844761079975198;gaming.zone018;No caption;No caption;False;;0;;0;;0;1585;22;60;387;183600;2054;0.011187363834422658;High;36;Medium;2026-05-09 10:59:34+00:00;2026-05-09 17:59:34+07:00;2026-05-09;2026;5;17;Saturday
7641869123546270996;https://www.tiktok.com/@vinamilk.c.c/video/7641869123546270996;vinamilk.c.c;"Kem mát lạnh tại Vinamilk Cổ Cò và FAN ruột siêu cute.
#vinamilkcoco 
#kemmatlanh 
#bungnodoanhso 
#phuongvinamilk ";Kem mát lạnh tại Vinamilk Cổ Cò và FAN ruột siêu cute. #vinamilkcoco #kemmatlanh #bungnodoanhso #phuongvinamilk;True;#vinamilkcoco, #kemmatlanh, #bungnodoanhso, #phuongvinamilk;4;;0;;0;345;32;140;18;13300;535;0.040225563909774435;Low;15;Very short;2026-05-20 07:15:13+00:00;2026-05-20 14:15:13+07:00;2026-05-20;2026;5;14;Wednesday
7535012918899870997;https://www.tiktok.com/@siroyummy/video/7535012918899870997;siroyummy;Trả lời @cô gái họ Lào🫧☀️ Mèngg ơi va vào em sữa đặc có vị của Vinamilk mà dính lunnnn. Ô Si ngày nào cũng đòi ăn cùng bánh mì :))) cô chú thử chưa, thích vị gì nhất nè 🥰 #siroyummy #xuhuong #vinamilk ;Trả lời @cô gái họ Lào🫧☀️ Mèngg ơi va vào em sữa đặc có vị của Vinamilk mà dính lunnnn. Ô Si ngày nào cũng đòi ăn cùng bánh mì :))) cô chú thử chưa, thích vị gì nhất nè 🥰 #siroyummy #xuhuong #vinamilk;True;#siroyummy, #xuhuong, #vinamilk;3;@cô;1;;0;300;17;19;48;28100;384;0.013665480427046264;Medium;287;Very long;2025-08-05 08:18:43+00:00;2025-08-05 15:18:43+07:00;2025-08-05;2025;8;15;Tuesday
7559186212905389329;https://www.tiktok.com/@antoichua_/video/7559186212905389329;antoichua_;Ngon #vinamilk #kemvinamilk #gelato #muckbang #fyp ;Ngon #vinamilk #kemvinamilk #gelato #muckbang #fyp;True;#vinamilk, #kemvinamilk, #gelato, #muckbang, #fyp;5;;0;;0;142;11;35;8;9686;196;0.02023539128639273;Low;121;Long;2025-10-09 11:43:25+00:00;2025-10-09 18:43:25+07:00;2025-10-09;2025;10;18;Thursday
7508618647615573256;https://www.tiktok.com/@_mochie.family_/video/7508618647615573256;_mochie.family_;+ 1 fan Vinamilk thì không thể bỏ qua được các bác ôi , tích hộp tái sinh đổi quà siêu mê 😍 #mochie #mochiebabie #xh #momlife #abcxyz #fybbbbbbbbbbbbbb #fybシ #baovemoitruong #taisinh #vinamilk #greenfarm #vinamilkgreenfarm #thinhhanh ;+ 1 fan Vinamilk thì không thể bỏ qua được các bác ôi , tích hộp tái sinh đổi quà siêu mê 😍 #mochie #mochiebabie #xh #momlife #abcxyz #fybbbbbbbbbbbbbb #fybシ #baovemoitruong #taisinh #vinamilk #greenfarm #vinamilkgreenfarm #thinhhanh;True;#mochie, #mochiebabie, #xh, #momlife, #abcxyz, #fybbbbbbbbbbbbbb, #fybシ, #baovemoitruong, #taisinh, #vinamilk, #greenfarm, #vinamilkgreenfarm, #thinhhanh;13;;0;;0;31100;765;4661;2588;1100000;39114;0.035558181818181815;Very High;18;Short;2025-05-26 05:15:17+00:00;2025-05-26 12:15:17+07:00;2025-05-26;2025;5;12;Monday
7628235922269654293;https://www.tiktok.com/@migideiii/video/7628235922269654293;migideiii;"Con tui uống sữa bột Vinamilk lâu lắm rồi nhưng giờ tui mới biết sữa được sản xuất thế này nè ~

#migideiii #Vinamilk #HoptacVinamilk #HanhtrinhKiemchung #MotngaytaiNhamay ";Con tui uống sữa bột Vinamilk lâu lắm rồi nhưng giờ tui mới biết sữa được sản xuất thế này nè ~ #migideiii #Vinamilk #HoptacVinamilk #HanhtrinhKiemchung #MotngaytaiNhamay;True;#migideiii, #Vinamilk, #HoptacVinamilk, #HanhtrinhKiemchung, #MotngaytaiNhamay;5;;0;;0;671;15;87;36;26200;809;0.030877862595419848;Medium;134;Long;2026-04-13 13:31:27+00:00;2026-04-13 20:31:27+07:00;2026-04-13;2026;4;20;Monday
7311693447897877778;https://www.tiktok.com/@sophia.beauty99/video/7311693447897877778;sophia.beauty99;Uống sữa gì mà lại giúp dáng đẹp da xinh vậy mấy bà? #Vinamilk #SuperNut #trend #beauty #sophia #xuhuong #tips #goclamdep #learnontiktok #fyp #xemngaymeohay #xmas2023 ;Uống sữa gì mà lại giúp dáng đẹp da xinh vậy mấy bà? #Vinamilk #SuperNut #trend #beauty #sophia #xuhuong #tips #goclamdep #learnontiktok #fyp #xemngaymeohay #xmas2023;True;#Vinamilk, #SuperNut, #trend, #beauty, #sophia, #xuhuong, #tips, #goclamdep, #learnontiktok, #fyp, #xemngaymeohay, #xmas2023;12;;0;;0;31800;202;484;1820;4900000;34306;0.007001224489795919;Very High;63;Long;2023-12-12 13:04:55+00:00;2023-12-12 20:04:55+07:00;2023-12-12;2023;12;20;Tuesday
7586308928720489749;https://www.tiktok.com/@racheliss/video/7586308928720489749;racheliss;Trời lạnh rồi, ăn kem thôi 🍦☃️ #mukbang #HopTacVinamilk #KemVinamilk #KemNgonRõVịRõVui ;Trời lạnh rồi, ăn kem thôi 🍦☃️ #mukbang #HopTacVinamilk #KemVinamilk #KemNgonRõVịRõVui;True;#mukbang, #HopTacVinamilk, #KemVinamilk, #KemNgonRõVịRõVui;4;;0;;0;848;266;9;15;163300;1138;0.006968769136558481;High;137;Long;2025-12-21 13:53:19+00:00;2025-12-21 20:53:19+07:00;2025-12-21;2025;12;20;Sunday
7563663367748062477;https://www.tiktok.com/@firstphinfirst/video/7563663367748062477;firstphinfirst;It’s not Vietnamese coffee unless it’s made with @Vinamilk US ;It’s not Vietnamese coffee unless it’s made with @Vinamilk US;True;;0;@Vinamilk;1;;0;2549;32;33;182;63900;2796;0.04375586854460094;High;75;Long;2025-10-21 13:18:09+00:00;2025-10-21 20:18:09+07:00;2025-10-21;2025;10;20;Tuesday
7644166482359897352;https://www.tiktok.com/@coliendaily/video/7644166482359897352;coliendaily;Ngày 45 - Hành trình 100 ngày thay đổi bản thân 💕 #hanhtrinh100ngaythaydoibanthan #anuongkhoahoc #thamhutcalo #tiktokviral #xuhuong ;Ngày 45 - Hành trình 100 ngày thay đổi bản thân 💕 #hanhtrinh100ngaythaydoibanthan #anuongkhoahoc #thamhutcalo #tiktokviral #xuhuong;True;#hanhtrinh100ngaythaydoibanthan, #anuongkhoahoc, #thamhutcalo, #tiktokviral, #xuhuong;5;;0;;0;5;0;0;1;136;6;0.04411764705882353;Low;18;Short;2026-05-26 11:50:08+00:00;2026-05-26 18:50:08+07:00;2026-05-26;2026;5;18;Tuesday
7644209227388554514;https://www.tiktok.com/@runmaticclub.vn/video/7644209227388554514;runmaticclub.vn;"Mọi người nghĩ sao về những câu trả lời này ạ😃

🔥Friendly Reminder: Nhớ ngủ sớm, 6:00 giờ sáng mai có mặt ở Pace Coffee Sala tập luyện và check in nhận sữa Vinamilk Green Farm Cao Đạm miễn phí nhó cả nhà
#Runmatic #RunmaticClub #hybridtraining #Viral #fyp";Mọi người nghĩ sao về những câu trả lời này ạ😃 🔥Friendly Reminder: Nhớ ngủ sớm, 6:00 giờ sáng mai có mặt ở Pace Coffee Sala tập luyện và check in nhận sữa Vinamilk Green Farm Cao Đạm miễn phí nhó cả nhà #Runmatic #RunmaticClub #hybridtraining #Viral #fyp;True;#Runmatic, #RunmaticClub, #hybridtraining, #Viral, #fyp;5;;0;;0;129;4;3;11;2617;147;0.0561711883836454;Low;39;Medium;2026-05-26 14:36:00+00:00;2026-05-26 21:36:00+07:00;2026-05-26;2026;5;21;Tuesday
7561363087236926728;https://www.tiktok.com/@mecuaboiu/video/7561363087236926728;mecuaboiu;Mẹ thì vội unbox con bên cạnh cứ “Bo mượn tí” 😒😆 #suatuoivinamilk #vinamilk ;Mẹ thì vội unbox con bên cạnh cứ “Bo mượn tí” 😒😆 #suatuoivinamilk #vinamilk;True;#suatuoivinamilk, #vinamilk;2;;0;;0;2666;247;219;234;359800;3366;0.009355197331851028;High;44;Medium;2025-10-15 08:30:40+00:00;2025-10-15 15:30:40+07:00;2025-10-15;2025;10;15;Wednesday
7532479703874030855;https://www.tiktok.com/@lontodagi/video/7532479703874030855;lontodagi;Longi giới thiệu: Nước rau củ & Sữa SUSU Vinamilk #reviewanngon #ancungtiktok;Longi giới thiệu: Nước rau củ & Sữa SUSU Vinamilk #reviewanngon #ancungtiktok;True;#reviewanngon, #ancungtiktok;2;;0;;0;64800;512;4198;2533;908600;72043;0.07929011666299803;Very High;186;Very long;2025-07-29 12:28:28+00:00;2025-07-29 19:28:28+07:00;2025-07-29;2025;7;19;Tuesday
7549953479565921554;https://www.tiktok.com/@haiyendang195/video/7549953479565921554;haiyendang195;Mukbang kem gelato của Vinamilk #asmr #mukbang #ancungtiktok ;Mukbang kem gelato của Vinamilk #asmr #mukbang #ancungtiktok;True;#asmr, #mukbang, #ancungtiktok;3;;0;;0;45900;436;2961;2762;885100;52059;0.058817082815501076;Very High;369;Very long;2025-09-14 14:35:32+00:00;2025-09-14 21:35:32+07:00;2025-09-14;2025;9;21;Sunday
7526960424206617874;https://www.tiktok.com/@tqnam247/video/7526960424206617874;tqnam247;"Tôi ăn tất cả những gì Vinamilk có!
#fyp #foryoupage #LearnOnTikTok #ĂnCùngTikTok ";Tôi ăn tất cả những gì Vinamilk có! #fyp #foryoupage #LearnOnTikTok #ĂnCùngTikTok;True;#fyp, #foryoupage, #LearnOnTikTok, #ĂnCùngTikTok;4;;0;;0;42600;319;3343;1973;688600;48235;0.07004792332268371;Very High;435;Very long;2025-07-14 15:30:45+00:00;2025-07-14 22:30:45+07:00;2025-07-14;2025;7;22;Monday
7588114344571833620;https://www.tiktok.com/@vinamilktranoc/video/7588114344571833620;vinamilktranoc;"Đến ngay Vinamilk Trà Nóc (9/8B, Lê Hồng Phong, Thới An Đông, Cần Thơ) rinh ngay em bé này về nha cả nhà ơiiiiii 
#vinamilkchallenge #CuahangVinamilk #vinamilk #xuhuong #tiktok ";Đến ngay Vinamilk Trà Nóc (9/8B, Lê Hồng Phong, Thới An Đông, Cần Thơ) rinh ngay em bé này về nha cả nhà ơiiiiii #vinamilkchallenge #CuahangVinamilk #vinamilk #xuhuong #tiktok;True;#vinamilkchallenge, #CuahangVinamilk, #vinamilk, #xuhuong, #tiktok;5;;0;;0;143;42;84;33;26800;302;0.011268656716417911;Medium;42;Medium;2025-12-26 10:39:13+00:00;2025-12-26 17:39:13+07:00;2025-12-26;2025;12;17;Friday
7586533858506509588;https://www.tiktok.com/@yengiaoquach/video/7586533858506509588;yengiaoquach;Sữa đặc vinamilk giá đang hời, dc free ship nữa ạ, mua để dành uống hoặc làm bánh qá ok la nè #sữadacvinamilk #sữadactailoc #anuonglanhmanh #anuongcungtiktok #Vinamilk ;Sữa đặc vinamilk giá đang hời, dc free ship nữa ạ, mua để dành uống hoặc làm bánh qá ok la nè #sữadacvinamilk #sữadactailoc #anuonglanhmanh #anuongcungtiktok #Vinamilk;True;#sữadacvinamilk, #sữadactailoc, #anuonglanhmanh, #anuongcungtiktok, #Vinamilk;5;;0;;0;414;71;22;38;84400;545;0.006457345971563981;High;31;Medium;2025-12-22 04:26:11+00:00;2025-12-22 11:26:11+07:00;2025-12-22;2025;12;11;Monday
7497586268763589895;https://www.tiktok.com/@coolbe1918/video/7497586268763589895;coolbe1918;Ăn kem matcha #coolbe1918 #unboxingvideo #matchalover #vinamilk ;Ăn kem matcha #coolbe1918 #unboxingvideo #matchalover #vinamilk;True;#coolbe1918, #unboxingvideo, #matchalover, #vinamilk;4;;0;;0;15200;91;5399;828;251700;21518;0.0854906634882797;High;83;Long;2025-04-26 11:44:01+00:00;2025-04-26 18:44:01+07:00;2025-04-26;2025;4;18;Saturday
7550260586861382928;https://www.tiktok.com/@miklosngo.99/video/7550260586861382928;miklosngo.99;Sữa đạm cho ae #ngoanhtuan99 #vinamilk;Sữa đạm cho ae #ngoanhtuan99 #vinamilk;True;#ngoanhtuan99, #vinamilk;2;;0;;0;547;19;21;65;19600;652;0.03326530612244898;Medium;55;Medium;2025-09-15 10:28:00+00:00;2025-09-15 17:28:00+07:00;2025-09-15;2025;9;17;Monday
7470969628391460103;https://www.tiktok.com/@chonannhe/video/7470969628391460103;chonannhe;"Team thích ăn Kem bơi hết vào đây với mình nhé. VNM dạo này cải tiến sản phẩm mạnh mẽ thật sự, nhiều kem Ngon - Đẹp - Rẻ thích mê luôn các bà ơi.
#chonan #review 
#foodreview #kem 
#icecream #vinamilk ";Team thích ăn Kem bơi hết vào đây với mình nhé. VNM dạo này cải tiến sản phẩm mạnh mẽ thật sự, nhiều kem Ngon - Đẹp - Rẻ thích mê luôn các bà ơi. #chonan #review #foodreview #kem #icecream #vinamilk;True;#chonan, #review, #foodreview, #kem, #icecream, #vinamilk;6;;0;;0;7034;118;1137;257;241800;8546;0.03534325889164599;High;107;Long;2025-02-13 18:17:52+00:00;2025-02-14 01:17:52+07:00;2025-02-14;2025;2;1;Friday
7461846588067941640;https://www.tiktok.com/@homnayangi.1/video/7461846588067941640;homnayangi.1;Sữa Vinamilk có bao bì mới này bà con  #thaydoibaobi #vinamilk #baobimoi ;Sữa Vinamilk có bao bì mới này bà con #thaydoibaobi #vinamilk #baobimoi;True;#thaydoibaobi, #vinamilk, #baobimoi;3;;0;;0;616;27;28;34;151000;705;0.004668874172185431;High;35;Medium;2025-01-20 04:15:49+00:00;2025-01-20 11:15:49+07:00;2025-01-20;2025;1;11;Monday
7405054789869931783;https://www.tiktok.com/@salasala0393/video/7405054789869931783;salasala0393;#vinamilk #organic sữa tươi vinamilk organic dành cho bé trên 12m. Bed khá là hợp tác ạ;#vinamilk #organic sữa tươi vinamilk organic dành cho bé trên 12m. Bed khá là hợp tác ạ;True;#vinamilk, #organic;2;;0;;0;8;6;4;2;2794;20;0.0071581961345740875;Low;14;Very short;2024-08-20 03:14:36+00:00;2024-08-20 10:14:36+07:00;2024-08-20;2024;8;10;Tuesday
7448955650534591762;https://www.tiktok.com/@odaycotuoitho9x/video/7448955650534591762;odaycotuoitho9x;ai còn nhớ Quảng cáo này không nhỉ #xuhuong #trending #xuhuongtiktok2024 #tuoithotoi #odaycotuoitho ;ai còn nhớ Quảng cáo này không nhỉ #xuhuong #trending #xuhuongtiktok2024 #tuoithotoi #odaycotuoitho;True;#xuhuong, #trending, #xuhuongtiktok2024, #tuoithotoi, #odaycotuoitho;5;;0;;0;553;18;255;98;40000;924;0.0231;High;29;Short;2024-12-16 10:32:23+00:00;2024-12-16 17:32:23+07:00;2024-12-16;2024;12;17;Monday
7535001120754650376;https://www.tiktok.com/@mebexoai._/video/7535001120754650376;mebexoai._;"Thử sức món mới xem sao 🤩
#fpy #dailyvlog #tiktok #meuyenkechuyen #mexoai🥭 #xuhuong #matcha #Vinamilk #CaoCanxi ​#SữaNgonNhàNấu​
#SuaDauNanhVinamilkCaoCanxi
#HoptacVinamilk";Thử sức món mới xem sao 🤩 #fpy #dailyvlog #tiktok #meuyenkechuyen #mexoai🥭 #xuhuong #matcha #Vinamilk #CaoCanxi ​#SữaNgonNhàNấu​ #SuaDauNanhVinamilkCaoCanxi #HoptacVinamilk;True;#fpy, #dailyvlog, #tiktok, #meuyenkechuyen, #mexoai, #xuhuong, #matcha, #Vinamilk, #CaoCanxi, #SữaNgonNhàNấu, #SuaDauNanhVinamilkCaoCanxi, #HoptacVinamilk;12;;0;;0;11200;93;255;642;252300;12190;0.04831549742370194;High;76;Long;2025-08-05 07:32:46+00:00;2025-08-05 14:32:46+07:00;2025-08-05;2025;8;14;Tuesday
7445293366335737095;https://www.tiktok.com/@sophieandthedoc/video/7445293366335737095;sophieandthedoc;"Dị ứng lactose uống gì? 🤔
#lactose #healthyliving #highprotein #SuaHatCaoDam #Vinamilk #sophiepham ";Dị ứng lactose uống gì? 🤔 #lactose #healthyliving #highprotein #SuaHatCaoDam #Vinamilk #sophiepham;True;#lactose, #healthyliving, #highprotein, #SuaHatCaoDam, #Vinamilk, #sophiepham;6;;0;;0;837;18;47;75;63900;977;0.015289514866979655;High;75;Long;2024-12-06 13:40:51+00:00;2024-12-06 20:40:51+07:00;2024-12-06;2024;12;20;Friday
7577202128679079182;https://www.tiktok.com/@nau_coffeee/video/7577202128679079182;nau_coffeee;"If you know Vietnamese coffee, you know Vinamilk. Thank you @Vinamilk US for being part of our final pop-up of 2025 💙

Our team is taking a small break in Vietnam in December, but we’ll be back very soon (with maybe some new cool plans)!";If you know Vietnamese coffee, you know Vinamilk. Thank you @Vinamilk US for being part of our final pop-up of 2025 💙 Our team is taking a small break in Vietnam in December, but we’ll be back very soon (with maybe some new cool plans)!;True;;0;@Vinamilk;1;;0;29700;146;2985;2156;424400;34987;0.0824387370405278;Very High;23;Short;2025-11-27 00:54:35+00:00;2025-11-27 07:54:35+07:00;2025-11-27;2025;11;7;Thursday
7522866012853701895;https://www.tiktok.com/@tebefood/video/7522866012853701895;tebefood;Chấm điểm kem gelato mới của Vinamilk xem loại nào ổn áp nhất? #tebefood #AnCungTikTok #LearnOnTikTok #HappyVietNam #vtmgr #CapCut ;Chấm điểm kem gelato mới của Vinamilk xem loại nào ổn áp nhất? #tebefood #AnCungTikTok #LearnOnTikTok #HappyVietNam #vtmgr #CapCut;True;#tebefood, #AnCungTikTok, #LearnOnTikTok, #HappyVietNam, #vtmgr, #CapCut;6;;0;;0;1966;14;176;386;155900;2542;0.016305323925593328;High;102;Long;2025-07-03 14:42:19+00:00;2025-07-03 21:42:19+07:00;2025-07-03;2025;7;21;Thursday
7375527079263079688;https://www.tiktok.com/@cabitslide/video/7375527079263079688;cabitslide;Template Vinamilk cho ai cần nhó #template #vinamilk #learnontiktok ;Template Vinamilk cho ai cần nhó #template #vinamilk #learnontiktok;True;#template, #vinamilk, #learnontiktok;3;;0;;0;2845;37;443;1164;124900;4489;0.03594075260208167;High;25;Short;2024-06-01 13:32:09+00:00;2024-06-01 20:32:09+07:00;2024-06-01;2024;6;20;Saturday
7642518721327664402;https://www.tiktok.com/@momandhappy/video/7642518721327664402;momandhappy;Ê nha. Bột nhà Vinamilk nó thơm ngon bây ơi. Con t nó chịu ăn. :)))) mà của VN mình nên an tâm. Giờ cái gì cũng bị thu hồi nên giờ t sắp chuyển sang sữa nội địa VN :))) #botandamridielac #vinamilk #xuhuongtiktok #andamchobe #mebimsua ;Ê nha. Bột nhà Vinamilk nó thơm ngon bây ơi. Con t nó chịu ăn. :)))) mà của VN mình nên an tâm. Giờ cái gì cũng bị thu hồi nên giờ t sắp chuyển sang sữa nội địa VN :))) #botandamridielac #vinamilk #xuhuongtiktok #andamchobe #mebimsua;True;#botandamridielac, #vinamilk, #xuhuongtiktok, #andamchobe, #mebimsua;5;;0;;0;92;32;3;5;2831;132;0.04662663369833981;Low;16;Short;2026-05-22 01:16:05+00:00;2026-05-22 08:16:05+07:00;2026-05-22;2026;5;8;Friday
7623364693528153365;https://www.tiktok.com/@_mhuannn/video/7623364693528153365;_mhuannn;Hy vọng đi poo đều đẹp thoi 🥲#creatorsearchinsights #vinamilk #mẹbimsua ;Hy vọng đi poo đều đẹp thoi 🥲#creatorsearchinsights #vinamilk #mẹbimsua;True;#creatorsearchinsights, #vinamilk, #mẹbimsua;3;;0;;0;416;148;38;40;30600;642;0.020980392156862746;Medium;28;Short;2026-03-31 10:28:37+00:00;2026-03-31 17:28:37+07:00;2026-03-31;2026;3;17;Tuesday
7539833522710777106;https://www.tiktok.com/@vinamilk.official/video/7539833522710777106;vinamilk.official;Vinamilk Probi với lợi khuẩn L.CASEI 431™ hỗ trợ giảm đến 40% số ngày mắc cúm. ​Vui khỏe trọn hè!​;Vinamilk Probi với lợi khuẩn L.CASEI 431™ hỗ trợ giảm đến 40% số ngày mắc cúm. ​Vui khỏe trọn hè!​;True;;0;;0;;0;4907;18;728;737;16100000;6390;0.00039689440993788817;Very High;14;Very short;2025-08-18 08:04:57+00:00;2025-08-18 15:04:57+07:00;2025-08-18;2025;8;15;Monday
7498686729923169543;https://www.tiktok.com/@odaycotuoitho9x/video/7498686729923169543;odaycotuoitho9x;Quảng cáo sữa Vinamilk 2010 #trending #xuhuong #odaycotuoitho #thinhhanh #tvc ;Quảng cáo sữa Vinamilk 2010 #trending #xuhuong #odaycotuoitho #thinhhanh #tvc;True;#trending, #xuhuong, #odaycotuoitho, #thinhhanh, #tvc;5;;0;;0;2928;53;1538;176;98700;4695;0.04756838905775076;High;30;Short;2025-04-29 10:54:23+00:00;2025-04-29 17:54:23+07:00;2025-04-29;2025;4;17;Tuesday
7628225583746387207;https://www.tiktok.com/@t.chieuu/video/7628225583746387207;t.chieuu;"Hôm nọ giao con cho ngoại để đi tham quan nhà máy Vinamilk, để hiểu rõ quy trình sản xuất phía sau, phải mắt thấy tai nghe thì mới yên tâm

#vinamilk #suabottreem #hanhtrinhkiemchung #MotngaytaiNhamay #hoptaccungvinamilk ";Hôm nọ giao con cho ngoại để đi tham quan nhà máy Vinamilk, để hiểu rõ quy trình sản xuất phía sau, phải mắt thấy tai nghe thì mới yên tâm #vinamilk #suabottreem #hanhtrinhkiemchung #MotngaytaiNhamay #hoptaccungvinamilk;True;#vinamilk, #suabottreem, #hanhtrinhkiemchung, #MotngaytaiNhamay, #hoptaccungvinamilk;5;;0;;0;4679;32;465;421;12500000;5597;0.00044776;Very High;122;Long;2026-04-13 12:51:17+00:00;2026-04-13 19:51:17+07:00;2026-04-13;2026;4;19;Monday
7573855446616821005;https://www.tiktok.com/@nau_coffeee/video/7573855446616821005;nau_coffeee;"Introducing Black Sesame Coffee: Our usual strong Vietnamese coffee, now with a nutty, toasty black sesame cream top 👀 

Inspired by chè mè đen (black sesame soup) that we grew up with in Saigon. This drink will only be available at our 11/22 pop-up at @On Waverly, so come say hi!

Created in collaboration with @vinamilkus @Vinamilk US (our favorite Vietnamese dairy brand) using their 9 Nutz Milk and Condensed Creamer 💙";Introducing Black Sesame Coffee: Our usual strong Vietnamese coffee, now with a nutty, toasty black sesame cream top 👀 Inspired by chè mè đen (black sesame soup) that we grew up with in Saigon. This drink will only be available at our 11/22 pop-up at @On Waverly, so come say hi! Created in collaboration with @vinamilkus @Vinamilk US (our favorite Vietnamese dairy brand) using their 9 Nutz Milk and Condensed Creamer 💙;True;;0;@On, @vinamilkus, @Vinamilk;3;;0;346;6;59;55;15700;466;0.02968152866242038;Medium;17;Short;2025-11-18 00:27:43+00:00;2025-11-18 07:27:43+07:00;2025-11-18;2025;11;7;Tuesday
7534549749349846292;https://www.tiktok.com/@kimhoantuyendungnhankiet/video/7534549749349846292;kimhoantuyendungnhankiet;Vina sữa tuyển lại rồi nha mn ơi #vinamilk #dangvanbi #thuduc #tuyendungvieclam #tuyendung ;Vina sữa tuyển lại rồi nha mn ơi #vinamilk #dangvanbi #thuduc #tuyendungvieclam #tuyendung;True;#vinamilk, #dangvanbi, #thuduc, #tuyendungvieclam, #tuyendung;5;;0;;0;2657;473;176;220;514400;3526;0.006854587869362364;Very High;11;Very short;2025-08-04 02:21:27+00:00;2025-08-04 09:21:27+07:00;2025-08-04;2025;8;9;Monday
7527672504236690695;https://www.tiktok.com/@tailktailk.00/video/7527672504236690695;tailktailk.00;Là sao dị Vinamilk #vinamilk #đổiquavinamilk #tichdiemvinamilk #optimum ;Là sao dị Vinamilk #vinamilk #đổiquavinamilk #tichdiemvinamilk #optimum;True;#vinamilk, #đổiquavinamilk, #tichdiemvinamilk, #optimum;4;;0;;0;23;59;0;3;8130;85;0.010455104551045511;Low;14;Very short;2025-07-16 13:33:58+00:00;2025-07-16 20:33:58+07:00;2025-07-16;2025;7;20;Wednesday
7469414266265734418;https://www.tiktok.com/@dautuvangbac/video/7469414266265734418;dautuvangbac;So sánh vị của sữa Green Farm và TH True Milk sau khi bán vàng đi mua sữa #banvang #vinamilk #greenfarm #organic #thtrumilk ;So sánh vị của sữa Green Farm và TH True Milk sau khi bán vàng đi mua sữa #banvang #vinamilk #greenfarm #organic #thtrumilk;True;#banvang, #vinamilk, #greenfarm, #organic, #thtrumilk;5;;0;;0;415;89;29;79;123300;612;0.004963503649635037;High;709;Very long;2025-02-09 13:42:17+00:00;2025-02-09 20:42:17+07:00;2025-02-09;2025;2;20;Sunday
7516154147805154578;https://www.tiktok.com/@windy.vo77/video/7516154147805154578;windy.vo77;"sữa hạt cao đạm ít đường vinamilk
#vinamilk #suahatdinhduong #suahatcaodam ";sữa hạt cao đạm ít đường vinamilk #vinamilk #suahatdinhduong #suahatcaodam;True;#vinamilk, #suahatdinhduong, #suahatcaodam;3;;0;;0;33;4;3;6;16700;46;0.002754491017964072;Medium;54;Medium;2025-06-15 12:36:52+00:00;2025-06-15 19:36:52+07:00;2025-06-15;2025;6;19;Sunday
7516096475936443656;https://www.tiktok.com/@quynhanhrbs/video/7516096475936443656;quynhanhrbs;Review Vinamilk đạm A2 mới ra lò nè;Review Vinamilk đạm A2 mới ra lò nè;True;;0;;0;;0;756;117;69;58;74500;1000;0.013422818791946308;High;111;Long;2025-06-15 08:53:05+00:00;2025-06-15 15:53:05+07:00;2025-06-15;2025;6;15;Sunday
7641591171004861716;https://www.tiktok.com/@kieutiennn_/video/7641591171004861716;kieutiennn_;"Unbox nhẹ lon sữa, tiện thể luôn cái bình mới cho ảnh. Axxxx đau ví 🤣🍼✨
#phasuachobe #unboxing #vinamilk #toviandmolly #xuhuong ";Unbox nhẹ lon sữa, tiện thể luôn cái bình mới cho ảnh. Axxxx đau ví 🤣🍼✨ #phasuachobe #unboxing #vinamilk #toviandmolly #xuhuong;True;#phasuachobe, #unboxing, #vinamilk, #toviandmolly, #xuhuong;5;;0;;0;341;170;11;23;19900;545;0.027386934673366833;Medium;46;Medium;2026-05-19 13:16:37+00:00;2026-05-19 20:16:37+07:00;2026-05-19;2026;5;20;Tuesday
