"authorMeta.avatar","authorMeta.name","text","diggCount","shareCount","playCount","commentCount","collectCount","videoMeta.duration","musicMeta.musicName","musicMeta.musicAuthor","musicMeta.musicOriginal","createTimeISO","webVideoUrl"
"https://p16-common-sign.tiktokcdn-eu.com/tos-alisg-avt-0068/f6931df157a8a7b4ed63d2a9b0799621~tplv-tiktokx-cropcenter:720:720.jpeg?dr=10399&refresh_token=293b9633&x-expires=1780038000&x-signature=DaUHK9VWJsVfQj5sBUVj45J6tHw%3D&t=4d5b0474&ps=13740610&shp=a5d48078&shcp=81f88b70&idc=no1a","vinamilk.official","Cùng theo dõi không gian trải nghiệm siêu mới lạ của Vinamilk tại Trung tâm Triển lãm Việt Nam 1 tuần vừa qua nhé! 

#Vinamilk #GreenFarm #Suatuoihutchankhong","409","47","42400","32","61","77","original sound - Vinamilk - Shop & More","Vinamilk - Shop & More","true","2025-09-06T03:16:56.000Z","https://www.tiktok.com/@vinamilk.official/video/7546809924014083346"
"https://p16-common-sign.tiktokcdn-eu.com/tos-alisg-avt-0068/f6931df157a8a7b4ed63d2a9b0799621~tplv-tiktokx-cropcenter:720:720.jpeg?dr=10399&refresh_token=293b9633&x-expires=1780038000&x-signature=DaUHK9VWJsVfQj5sBUVj45J6tHw%3D&t=4d5b0474&ps=13740610&shp=a5d48078&shcp=81f88b70&idc=no1a","vinamilk.official","🔥 TIỆC DEAL CUỒNG NHIỆT: SĂN TRỌN BỘ 3 OPTIMUM - DEAL ĐỈNH CHƯA TỪNG CÓ! 🔥
 
Cơ hội sắm trọn bộ sữa cao cấp, chốt deal cực hời cho bé yêu với chuỗi ưu đãi bùng nổ từ Super Brand Festival:
💜 Optimum A2 Pro+: Đột phá với Siêu cộng hưởng hỗ trợ hệ trục Não - Ruột - Miễn dịch.
💛 Optimum Gold: Tiêu hoá mượt mà, êm ái.
💚 Optimum Colos: Đề kháng 2 lớp vững vàng.
 
💥 CHỐT DEAL ĐỘC QUYỀN TRONG PHIÊN LIVE:
- Giảm 21% (tối đa 700K) cho đơn từ 2 Triệu.
- Voucher riêng trên Live giảm đến 500K cho đơn từ 1 Triệu.
- Mưa voucher & Quà tặng chính hãng tung liên tục.
 
⏰ Duy nhất: 15:00 – 19:00 | 27.05.2026
👉 Đặt lịch ngay: https://www.tiktok.com/@vinamilk.official
🔍 Search trên TikTok: Tiệc Deal Cuồng Nhiệt cùng Nhà nào cũng có Mẹ - Optimum

#Vinamilk #Optimum #TiecDealCuongNhiet #SuperBrandFestival","11","0","9311","2","1","22","âm thanh gốc - Vinamilk - Shop & More","Vinamilk - Shop & More","true","2026-05-27T01:46:28.000Z","https://www.tiktok.com/@vinamilk.official/video/7644382003881594132"
"https://p16-common-sign.tiktokcdn-eu.com/tos-alisg-avt-0068/f6931df157a8a7b4ed63d2a9b0799621~tplv-tiktokx-cropcenter:720:720.jpeg?dr=10399&refresh_token=293b9633&x-expires=1780038000&x-signature=DaUHK9VWJsVfQj5sBUVj45J6tHw%3D&t=4d5b0474&ps=13740610&shp=a5d48078&shcp=81f88b70&idc=no1a","vinamilk.official","Cùng là bữa ăn dặm của trẻ nhỏ, nhưng trong nhiều gia đình, đó lại là nơi bắt đầu của những khác biệt. Giữa nhiều thế hệ, câu hỏi quen thuộc vẫn luôn được đặt ra: Nuôi con nên nghe theo kinh nghiệm… hay khoa học?
👉 Liệu có hay không một phương pháp hoàn hảo nhất cho bé? Xem ngay video để biết câu trả lời!
#RidielacMoi #CanDoiDinhDuong #RoVi #NguyenLieuThat #BotDinhDuong #AnDam","69","0","32700","0","1","280","original sound - Vinamilk - Shop & More","Vinamilk - Shop & More","true","2026-05-26T08:33:50.000Z","https://www.tiktok.com/@vinamilk.official/video/7644115893340867861"
"https://p16-common-sign.tiktokcdn-eu.com/tos-alisg-avt-0068/f6931df157a8a7b4ed63d2a9b0799621~tplv-tiktokx-cropcenter:720:720.jpeg?dr=10399&refresh_token=293b9633&x-expires=1780038000&x-signature=DaUHK9VWJsVfQj5sBUVj45J6tHw%3D&t=4d5b0474&ps=13740610&shp=a5d48078&shcp=81f88b70&idc=no1a","vinamilk.official","Dielac Grow Plus chứa HMO, sữa non 24h giàu IgG, và Nucleotid giúp tăng đề kháng, kết hợp đạm Whey, Canxi và Vitamin D3, K2 giúp con TĂNG CÂN BỀN - CAO LÊN RÕ. Nay có thêm hương dâu và hương chuối mới!!!

#Vinamilk #DielacGrowPlus #DielacVoi #TăngCânBền #CaoLênRõ ","7","2","2421","2","0","15","âm thanh gốc - Vinamilk - Shop & More","Vinamilk - Shop & More","true","2026-05-25T11:49:09.000Z","https://www.tiktok.com/@vinamilk.official/video/7643795148828183828"
"https://p16-common-sign.tiktokcdn-eu.com/tos-alisg-avt-0068/f6931df157a8a7b4ed63d2a9b0799621~tplv-tiktokx-cropcenter:720:720.jpeg?dr=10399&refresh_token=293b9633&x-expires=1780038000&x-signature=DaUHK9VWJsVfQj5sBUVj45J6tHw%3D&t=4d5b0474&ps=13740610&shp=a5d48078&shcp=81f88b70&idc=no1a","vinamilk.official","SIÊU DEAL CUỐI THÁNG - DIELAC GROW PLUS
DUY NHẤT KHUNG GIỜ 10-16H NGÀY 28.5 TẠI TIKTOKSHOP

Lưu ngay lịch livestream để săn các sản phẩm chất lượng từ Dielac Grow Plus với giá ""yêu thương"" và nhận quà xịn.
💥 Ưu đãi 1-0-2
- Voucher giảm đến 21%
- Voucher livestream độc quyền giảm đến 500k cho đơn từ 1 triệu
- Kèm nhiều voucher & quà tặng hấp dẫn trong phiên live
🎁 Cơ hội trúng thú bông voi xanh dễ thương cùng bộ 4 ly chén sứ cao cấp Vinamilk (*)
(*) Quà tặng Minigame tại Livestream. Số lượng quà tặng có giới hạn.

#SuperBrandFestival #TiecDealCuongNhiet #DielacGrowPlus #Voixanh #TăngCânBềnCaoLênRõ","11","3","10700","0","0","18","Happy Children's","SILVANA INSPIRA","false","2026-05-25T06:45:48.000Z","https://www.tiktok.com/@vinamilk.official/video/7643716959594466580"
"https://p16-common-sign.tiktokcdn-eu.com/tos-alisg-avt-0068/f6931df157a8a7b4ed63d2a9b0799621~tplv-tiktokx-cropcenter:720:720.jpeg?dr=10399&refresh_token=293b9633&x-expires=1780038000&x-signature=DaUHK9VWJsVfQj5sBUVj45J6tHw%3D&t=4d5b0474&ps=13740610&shp=a5d48078&shcp=81f88b70&idc=no1a","vinamilk.official","Khi con trai thành phố về quê và gánh vác trọng trách ""săn sale"" cho mẹ... 🫣
 
🥛 Sản phẩm mục tiêu: Sữa Hạt Cao Đạm Vinamilk (Bổ sung đạm tăng cơ cho con, giúp no lâu đỡ đói cho mẹ ăn chay trường).
⏰ Thời gian: 19:00 - 24:00 ngày 27.5 tại livestream Vinamilk Super Brand Festival trên Tiktok.
🎁 Giải thưởng cực khủng:
- Tai nghe Sony: Thực hiện đủ bộ ba Luyện tập - Mua sữa (đơn từ 600K ngày 27.5) - Chơi minigame kèm hashtag.
- 01 thùng Sữa Yến Mạch Vinamilk 180ml: Tham gia minigame livestream từ 26-28/05.

Tui sẵn sàng rồi, còn bạn đặt lịch săn quà cùng Vinamilk chưa?
━━━━━━━━━━
📌 THỂ LỆ CHƯƠNG TRÌNH MINIGAME VINAMILK SỮA HẠT

1. ĐỐI TƯỢNG THAM GIA
   Tất cả khách hàng có đơn hàng Vinamilk Sữa Hạt (bao gồm Sữa Hạt 9 Loại Hạt và Sữa Hạt Cao Đạm) phát sinh trong thời gian từ 01/05 đến hết 26/05.

2. CÁCH THỨC THAM GIA
   Để đủ điều kiện tham gia và được xét trao thưởng, khách hàng cần đáp ứng đồng thời tất cả điều kiện sau:

✔ Điều kiện 1 – Đơn hàng chương trình
Có ít nhất 01 đơn hàng Vinamilk Sữa Hạt phát sinh từ ngày 01/05 đến 26/05.

✔ Điều kiện 2 – Đơn hàng trong Livestream
Trong thời gian Livestream từ 19:00 – 24:00 ngày 27/05, khách hàng phát sinh thêm ít nhất 01 đơn hàng có giá trị từ 600.000 VNĐ trở lên.

✔ Điều kiện 3 – Tương tác Livestream
Trong khung giờ minigame từ 20:30 – 21:00 ngày 27/05:

* Bình luận câu trả lời đúng về Vinamilk Sữa Hạt trực tiếp tại Livestream
* Kèm đầy đủ hashtag: #SuaHatVinamilk #GiuYChi

⚠️ Chỉ các bình luận có đáp án đúng và đúng cú pháp hashtag mới được xem là hợp lệ.

3. PHƯƠNG THỨC XÉT GIẢI
* Host Livestream sẽ chụp màn hình ngẫu nhiên phần bình luận trong thời gian diễn ra minigame.
* Phần thưởng Tai nghe Bluetooth chụp tai Sony WH-CH720N sẽ được trao cho khách hàng hợp lệ đầu tiên xuất hiện trong danh sách chụp màn hình.
* Trường hợp khách hàng đầu tiên không hợp lệ, giải thưởng sẽ được xét lần lượt cho các khách hàng tiếp theo.

4. LƯU Ý
* Khách hàng chỉ được xem là hợp lệ khi đáp ứng đồng thời tất cả điều kiện chương trình.
* Ban Tổ Chức có quyền từ chối kết quả đối với các trường hợp gian lận hoặc không đáp ứng đúng thể lệ.
* Quyết định cuối cùng thuộc về Ban Tổ Chức.

📅 Đặt lịch livestream ngay hôm nay để không bỏ lỡ deal hời và quà xịn từ Vinamilk Sữa Hạt nhé!!

#SuperBrandFestival #TiecDealCuongNhiet","66","3","63400","1","7","57","âm thanh gốc - Vinamilk - Shop & More","Vinamilk - Shop & More","true","2026-05-25T02:34:11.000Z","https://www.tiktok.com/@vinamilk.official/video/7643652126777806100"
"https://p16-common-sign.tiktokcdn-eu.com/tos-alisg-avt-0068/f6931df157a8a7b4ed63d2a9b0799621~tplv-tiktokx-cropcenter:720:720.jpeg?dr=10399&refresh_token=293b9633&x-expires=1780038000&x-signature=DaUHK9VWJsVfQj5sBUVj45J6tHw%3D&t=4d5b0474&ps=13740610&shp=a5d48078&shcp=81f88b70&idc=no1a","vinamilk.official","NẰM NHÀ HAY ĐI XA, CÓ SỮA TƯƠI 100% HƯƠNG COCKTAIL, HÈ VUI TRỌN VẸN 🥳
Dù chọn nằm nhà thưởng thức phim hay lên “chiến mã” đi xa cùng hội bạn, “linh hồn” của mọi cuộc vui mùa hè sao thiếu được Sữa tươi 100% phiên bản đặc biệt, được lấy cảm hứng từ cocktail kinh điển. Đặc biệt hơn khi mỗi hương vị mang đến một “mood” riêng cho kỳ nghỉ thêm trọn vẹn:
🍍 Pina Colada: Dứa tươi mát hòa cùng dừa ngọt thanh - lựa chọn hoàn hảo để “F5” năng lượng và tận hưởng không khí nhiệt đới ở mọi nơi bạn đến.
🥜 Bourbon Chuối Bơ Đậu Phộng: Chuối béo ngậy, đậu phộng bùi thơm “nuông chiều” ngày nghỉ tại gia đúng nghĩa!
☕ Cà Phê Ailen: Cà phê Ailen đặc trưng khơi dậy cảm hứng cho những câu chuyện tán gẫu bất tận cùng hội bạn thân.
👉 Hè này bạn lên “mood"" nào? Chia sẻ ngay cùng Vinamilk nhé!
👉 Mood nào cũng có Sữa tươi 100% hương cocktail nha: https://go.pencil.vn/CaPheAilen","6","2","3567","0","2","12","âm thanh gốc - Vinamilk - Shop & More","Vinamilk - Shop & More","true","2026-05-25T02:30:45.000Z","https://www.tiktok.com/@vinamilk.official/video/7643651227431259413"
"https://p16-common-sign.tiktokcdn-eu.com/tos-alisg-avt-0068/f6931df157a8a7b4ed63d2a9b0799621~tplv-tiktokx-cropcenter:720:720.jpeg?dr=10399&refresh_token=293b9633&x-expires=1780038000&x-signature=DaUHK9VWJsVfQj5sBUVj45J6tHw%3D&t=4d5b0474&ps=13740610&shp=a5d48078&shcp=81f88b70&idc=no1a","vinamilk.official","GAME ON, SHOP ON ⚡TIỆC DEAL CUỒNG NHIỆT đã chính thức đổ bộ cùng Vinamilk Sữa Hạt x TikTok Shop 🔥

Mùa hè này, bật mood sống năng động hơn cùng Vinamilk Sữa Hạt chính hãng. Dù đang chuẩn bị xuống phố, workout hay “cháy” hết mình cùng mùa thể thao siêu hot sắp tới - đã đến lúc nâng cấp năng lượng và bứt phá giới hạn của chính mình 👊

🥛 MUA SỮA HẠT THƯỢNG HẠNG – NHẬN QUÀ XỊN RỘN RÀNG:
✨ Giảm đến 21%
✨ Voucher lên đến 700K
✨ Quà tặng độc quyền trong livestream

🎧 ĐẶC BIỆT MINIGAME LIVE – SĂN TAI NGHE SONY WH-CH720N
📍 Khung giờ minigame: 20:30 – 21:00 | 27.05

━━━━━━━━━━
📌 THỂ LỆ CHƯƠNG TRÌNH MINIGAME VINAMILK SỮA HẠT

1. ĐỐI TƯỢNG THAM GIA
   Tất cả khách hàng có đơn hàng Vinamilk Sữa Hạt (bao gồm Sữa Hạt 9 Loại Hạt và Sữa Hạt Cao Đạm) phát sinh trong thời gian từ 01/05 đến hết 26/05.

2. CÁCH THỨC THAM GIA
   Để đủ điều kiện tham gia và được xét trao thưởng, khách hàng cần đáp ứng đồng thời tất cả điều kiện sau:

✔ Điều kiện 1 – Đơn hàng chương trình
Có ít nhất 01 đơn hàng Vinamilk Sữa Hạt phát sinh từ ngày 01/05 đến 26/05.

✔ Điều kiện 2 – Đơn hàng trong Livestream
Trong thời gian Livestream từ 19:00 – 24:00 ngày 27/05, khách hàng phát sinh thêm ít nhất 01 đơn hàng có giá trị từ 600.000 VNĐ trở lên.

✔ Điều kiện 3 – Tương tác Livestream
Trong khung giờ minigame từ 20:30 – 21:00 ngày 27/05:

* Bình luận câu trả lời đúng về Vinamilk Sữa Hạt trực tiếp tại Livestream
* Kèm đầy đủ hashtag: #SuaHatVinamilk #GiuYChi

⚠️ Chỉ các bình luận có đáp án đúng và đúng cú pháp hashtag mới được xem là hợp lệ.

3. PHƯƠNG THỨC XÉT GIẢI
* Host Livestream sẽ chụp màn hình ngẫu nhiên phần bình luận trong thời gian diễn ra minigame.
* Phần thưởng Tai nghe Bluetooth chụp tai Sony WH-CH720N sẽ được trao cho khách hàng hợp lệ đầu tiên xuất hiện trong danh sách chụp màn hình.
* Trường hợp khách hàng đầu tiên không hợp lệ, giải thưởng sẽ được xét lần lượt cho các khách hàng tiếp theo.

4. LƯU Ý
* Khách hàng chỉ được xem là hợp lệ khi đáp ứng đồng thời tất cả điều kiện chương trình.
* Ban Tổ Chức có quyền từ chối kết quả đối với các trường hợp gian lận hoặc không đáp ứng đúng thể lệ.
* Quyết định cuối cùng thuộc về Ban Tổ Chức.

📅 Đặt lịch livestream ngay hôm nay để không bỏ lỡ deal hời và quà xịn từ Vinamilk Sữa Hạt nhé: https://www.tiktok.com/@vinamilk.official

#SuperBrandFestival #TiecDealCuongNhiet #SuaHatVinamilk ","21","13","10300","0","2","57","âm thanh gốc - Vinamilk - Shop & More","Vinamilk - Shop & More","true","2026-05-25T01:37:44.000Z","https://www.tiktok.com/@vinamilk.official/video/7643637570185776405"
"https://p16-common-sign.tiktokcdn-eu.com/tos-alisg-avt-0068/f6931df157a8a7b4ed63d2a9b0799621~tplv-tiktokx-cropcenter:720:720.jpeg?dr=10399&refresh_token=293b9633&x-expires=1780038000&x-signature=DaUHK9VWJsVfQj5sBUVj45J6tHw%3D&t=4d5b0474&ps=13740610&shp=a5d48078&shcp=81f88b70&idc=no1a","vinamilk.official","DUY NHẤT 26-28.3 TẠI TIKTOKSHOP
TIỆC DEAL CUỒNG NHIỆT - VINAMILK GREEN FARM
Lưu ngay lịch livestream để săn các sản phẩm chất lượng từ Vinamilk Green Farm với giá ""yêu thương"" và nhận quà xịn.

💥 Ưu đãi 1-0-2
- Voucher giảm 21% lên đến 700K cho đơn từ 2 triệu
- Voucher livestream độc quyền giảm đến 500k cho đơn từ 1 triệu
- Kèm nhiều voucher & quà tặng hấp dẫn trong phiên live

🎁 Cơ hội trúng 01 Máy Massage và Sữa chua dinh dưỡng*
(*) Quà tặng Minigame tại Livestream. Số lượng quà tặng có giới hạn.
#SuperBrandFestival #TiecDealCuongNhiet #VinamilkGreenFarm","5","2","6348","0","0","23","âm thanh gốc - Vinamilk - Shop & More","Vinamilk - Shop & More","true","2026-05-24T14:20:09.000Z","https://www.tiktok.com/@vinamilk.official/video/7643462975927454997"
"https://p16-common-sign.tiktokcdn-eu.com/tos-alisg-avt-0068/f6931df157a8a7b4ed63d2a9b0799621~tplv-tiktokx-cropcenter:720:720.jpeg?dr=10399&refresh_token=293b9633&x-expires=1780038000&x-signature=DaUHK9VWJsVfQj5sBUVj45J6tHw%3D&t=4d5b0474&ps=13740610&shp=a5d48078&shcp=81f88b70&idc=no1a","vinamilk.official","✨ SUPER BRAND FESTIVAL - NHỊP SỐNG KHỎE, DEAL VẪN ÊM ✨

Chăm sóc sức khỏe mỗi ngày bắt đầu từ những điều giản dị: Khỏe thân tâm trí
Ăn ngon ngủ trọn.
🥛Vinamilk Sure Gold – chứa 37 dưỡng chất, bao gồm Tryptophan, Vitamin nhóm B & Kẽm​
🥛 Vinamilk Sure Diacerna – chứa 37 dưỡng chất, bao gồm chất xơ hòa tan, PUFA, MUFA và đường palatinose​
🥛 Vinamilk Sure CanxiPro – chứa 36 dưỡng chất, ít béo, hỗ trợ chắc xương, khỏe khớp, duy trì cơ​

Dù là những ngày bận rộn hay thời điểm cần nghỉ ngơi hồi phục, một nền tảng dinh dưỡng vững vàng chính là cách để bạn tận hưởng cuộc sống trọn vẹn hơn.
🎁 Ưu đãi hấp dẫn tại Super Brand Festival
⏰ Khung giờ vàng: 8AM – 2PM | 27.05
👉 Vào live để chăm sóc sức khỏe cho bản thân và gia đình theo cách trọn vẹn nhất.

#SuperBrandFestival #TiecDealCuongNhiet #VinamilkSure #SongKhoeMoiNgay #AnNgonNguTron ","157","13","675400","0","31","30","âm thanh gốc - Vinamilk - Shop & More","Vinamilk - Shop & More","true","2026-05-24T14:04:29.000Z","https://www.tiktok.com/@vinamilk.official/video/7643458940142947605"
"https://p16-common-sign.tiktokcdn-eu.com/tos-alisg-avt-0068/f6931df157a8a7b4ed63d2a9b0799621~tplv-tiktokx-cropcenter:720:720.jpeg?dr=10399&refresh_token=293b9633&x-expires=1780038000&x-signature=DaUHK9VWJsVfQj5sBUVj45J6tHw%3D&t=4d5b0474&ps=13740610&shp=a5d48078&shcp=81f88b70&idc=no1a","vinamilk.official","🔥 SĂN NGAY SỮA TƯƠI VINAMILK 100% TẠI TIỆC DEAL CUỒNG NHIỆT! 🔥

Săn deal cực đã tại Super Brand Festival chỉ từ 26–28/05 🛒✨

💥 Ưu đãi “không thể bỏ lỡ”:
- Voucher giảm 21% lên đến 700K cho đơn từ 2 triệu
- Voucher livestream độc quyền giảm đến 500k cho đơn từ 1 triệu
- Kèm nhiều voucher & quà tặng hấp dẫn trong phiên live

🎁 Tham gia phiên livestream để trải nghiệm nhiều hoạt động tương tác thú vị và có cơ hội nhận tới 05 thùng Sữa tươi Vinamilk 100% phiên bản giới hạn, được truyền cảm hứng từ hương vị cocktail cổ  điển, thơm ngon yêu chiều vị giác:
⏰08:00 – 12:00 | 26.05.2026
⏰18:00 – 24:00 | 28.05.2026

👉 Deal xịn – quà chất – số lượng có hạn! Đặt lịch chốt deal ngay!

#TiecDealCuongNhiet #SuperBrandFestival #SuaTuoi100% #Vinamilk","13","6","17100","2","2","24","âm thanh gốc - Vinamilk - Shop & More","Vinamilk - Shop & More","true","2026-05-22T11:59:37.000Z","https://www.tiktok.com/@vinamilk.official/video/7642684576015355157"
"https://p16-common-sign.tiktokcdn-eu.com/tos-alisg-avt-0068/f6931df157a8a7b4ed63d2a9b0799621~tplv-tiktokx-cropcenter:720:720.jpeg?dr=10399&refresh_token=293b9633&x-expires=1780038000&x-signature=DaUHK9VWJsVfQj5sBUVj45J6tHw%3D&t=4d5b0474&ps=13740610&shp=a5d48078&shcp=81f88b70&idc=no1a","vinamilk.official","🔥 GAME ON, SHOP ON - TIỆC DEAL CUỒNG NHIỆT đã chính thức bắt đầu!

Mùa hè này, đừng chỉ bật mode năng động mà còn phải bật luôn mode săn deal xịn chuẩn Mall 💥

🎁 Trong Super Brand Festival tháng 5:
- Voucher giảm 21% đến 700K cho đơn từ 2 triệu
- Voucher livestream độc quyền giảm đến 500k cho đơn từ 1 triệu
- Kèm nhiều voucher & quà tặng hấp dẫn trong phiên live

⏰ Nhắc lịch ngay: 26-28/05 Tại TikTok Shop Vinamilk - vào live là có deal!

#SuperBrandFestival #TiecDealCuongNhiet","14","20","15000","2","2","5","âm thanh gốc - Vinamilk - Shop & More","Vinamilk - Shop & More","true","2026-05-22T10:08:37.000Z","https://www.tiktok.com/@vinamilk.official/video/7642655979271671061"
"https://p16-common-sign.tiktokcdn-eu.com/tos-alisg-avt-0068/f6931df157a8a7b4ed63d2a9b0799621~tplv-tiktokx-cropcenter:720:720.jpeg?dr=10399&refresh_token=293b9633&x-expires=1780038000&x-signature=DaUHK9VWJsVfQj5sBUVj45J6tHw%3D&t=4d5b0474&ps=13740610&shp=a5d48078&shcp=81f88b70&idc=no1a","vinamilk.official","Sữa hạt Cao đạm Vinamilk với 12g đạm/hộp 240ml, đồng hành cùng bạn gieo thói quen mới.","1001","55","2200000","2","102","43","âm thanh gốc - Vinamilk - Shop & More","Vinamilk - Shop & More","true","2026-05-18T10:08:08.000Z","https://www.tiktok.com/@vinamilk.official/video/7641171503295237383"
"https://p16-common-sign.tiktokcdn-eu.com/tos-alisg-avt-0068/f6931df157a8a7b4ed63d2a9b0799621~tplv-tiktokx-cropcenter:720:720.jpeg?dr=10399&refresh_token=293b9633&x-expires=1780038000&x-signature=DaUHK9VWJsVfQj5sBUVj45J6tHw%3D&t=4d5b0474&ps=13740610&shp=a5d48078&shcp=81f88b70&idc=no1a","vinamilk.official","Sữa hạt Vinamilk với hàm lượng sữa hạt >94%, đồng hành cùng bạn gieo thói quen mới.","230","36","1100000","3","27","44","original sound - Vinamilk - Shop & More","Vinamilk - Shop & More","true","2026-05-15T12:58:28.000Z","https://www.tiktok.com/@vinamilk.official/video/7640102154857909525"
"https://p16-common-sign.tiktokcdn-eu.com/tos-alisg-avt-0068/f6931df157a8a7b4ed63d2a9b0799621~tplv-tiktokx-cropcenter:720:720.jpeg?dr=10399&refresh_token=293b9633&x-expires=1780038000&x-signature=DaUHK9VWJsVfQj5sBUVj45J6tHw%3D&t=4d5b0474&ps=13740610&shp=a5d48078&shcp=81f88b70&idc=no1a","vinamilk.official","Sữa hạt Vinamilk với hàm lượng sữa hạt >94%, đồng hành cùng bạn gieo thói quen mới.","240","86","673700","5","18","46","original sound - Vinamilk - Shop & More","Vinamilk - Shop & More","true","2026-05-15T12:55:31.000Z","https://www.tiktok.com/@vinamilk.official/video/7640101397215595797"
"https://p16-common-sign.tiktokcdn-eu.com/tos-alisg-avt-0068/f6931df157a8a7b4ed63d2a9b0799621~tplv-tiktokx-cropcenter:720:720.jpeg?dr=10399&refresh_token=293b9633&x-expires=1780038000&x-signature=DaUHK9VWJsVfQj5sBUVj45J6tHw%3D&t=4d5b0474&ps=13740610&shp=a5d48078&shcp=81f88b70&idc=no1a","vinamilk.official","BỮA XẾ ĐỦ CHẤT
ĐỒNG HÀNH MỌI NƠI
Dù là đi học, đi picnic hay đến khu vui chơi yêu thích
Mỗi chuyến đi của bé đều là cuộc phiêu lưu khám phá thế giới 💛
Để bé luôn vững vàng trên mọi chuyến khám phá, mẹ đừng quên bổ sung đủ dưỡng chất cho bé mỗi ngày với sữa chua ăn SUSU
💪 Giàu dinh dưỡng: Vitamin A, B6, B12 và Canxi
💪 An toàn: Không phẩm màu, không chất bảo quản
💪 Khỏe toàn diện: Tiêu hoá tốt, đề kháng khoẻ, mắt sáng, và răng chắc
Cho bé đủ sức đi khám phá, có bữa xế SUSU đủ chất
Mẹ nhớ bảo quản lạnh để SUSU giữ trọn vị ngon và dưỡng chất 🌟
Sắm ngay SUSU để đồng hành cùng bé đi muôn nơi ngay mom ơi!","76","14","53100","0","5","9","original sound - Vinamilk - Shop & More","Vinamilk - Shop & More","true","2026-05-14T11:13:11.000Z","https://www.tiktok.com/@vinamilk.official/video/7639703947795762450"
"https://p16-common-sign.tiktokcdn-eu.com/tos-alisg-avt-0068/f6931df157a8a7b4ed63d2a9b0799621~tplv-tiktokx-cropcenter:720:720.jpeg?dr=10399&refresh_token=293b9633&x-expires=1780038000&x-signature=DaUHK9VWJsVfQj5sBUVj45J6tHw%3D&t=4d5b0474&ps=13740610&shp=a5d48078&shcp=81f88b70&idc=no1a","vinamilk.official","Sữa tươi nào khiến Emmei mê mẩn vậy ta?","1857","113","1400000","5","259","79","original sound - Vinamilk - Shop & More","Vinamilk - Shop & More","true","2026-05-14T04:53:21.000Z","https://www.tiktok.com/@vinamilk.official/video/7639606049472924949"
"https://p16-common-sign.tiktokcdn-eu.com/tos-alisg-avt-0068/f6931df157a8a7b4ed63d2a9b0799621~tplv-tiktokx-cropcenter:720:720.jpeg?dr=10399&refresh_token=293b9633&x-expires=1780038000&x-signature=DaUHK9VWJsVfQj5sBUVj45J6tHw%3D&t=4d5b0474&ps=13740610&shp=a5d48078&shcp=81f88b70&idc=no1a","vinamilk.official","Các mẹ chọn sữa với những tiêu chí nào?","85","8","91600","1","10","64","original sound - Vinamilk - Shop & More","Vinamilk - Shop & More","true","2026-05-14T04:16:04.000Z","https://www.tiktok.com/@vinamilk.official/video/7639596436341918997"
"https://p16-common-sign.tiktokcdn-eu.com/tos-alisg-avt-0068/f6931df157a8a7b4ed63d2a9b0799621~tplv-tiktokx-cropcenter:720:720.jpeg?dr=10399&refresh_token=293b9633&x-expires=1780038000&x-signature=DaUHK9VWJsVfQj5sBUVj45J6tHw%3D&t=4d5b0474&ps=13740610&shp=a5d48078&shcp=81f88b70&idc=no1a","vinamilk.official","Con bắt đầu ngày mới bằng ly sữa thơm ngon, mẹ yên tâm rồi nha","138","6","118200","0","17","90","original sound - Vinamilk - Shop & More","Vinamilk - Shop & More","true","2026-05-14T04:11:10.000Z","https://www.tiktok.com/@vinamilk.official/video/7639595184774188308"
"https://p16-common-sign.tiktokcdn-eu.com/tos-alisg-avt-0068/f6931df157a8a7b4ed63d2a9b0799621~tplv-tiktokx-cropcenter:720:720.jpeg?dr=10399&refresh_token=293b9633&x-expires=1780038000&x-signature=DaUHK9VWJsVfQj5sBUVj45J6tHw%3D&t=4d5b0474&ps=13740610&shp=a5d48078&shcp=81f88b70&idc=no1a","vinamilk.official","Có sữa tươi Green Farm đồng hành cùng mẹ trên hành trình lớn lên của con","965","31","860000","2","119","75","original sound - Vinamilk - Shop & More","Vinamilk - Shop & More","true","2026-05-14T04:05:53.000Z","https://www.tiktok.com/@vinamilk.official/video/7639593791598497045"
"https://p16-common-sign.tiktokcdn-eu.com/tos-alisg-avt-0068/f6931df157a8a7b4ed63d2a9b0799621~tplv-tiktokx-cropcenter:720:720.jpeg?dr=10399&refresh_token=293b9633&x-expires=1780038000&x-signature=DaUHK9VWJsVfQj5sBUVj45J6tHw%3D&t=4d5b0474&ps=13740610&shp=a5d48078&shcp=81f88b70&idc=no1a","vinamilk.official","Thói quen nhỏ mỗi ngày không thể thiếu sữa tươi Green Farm","57","1","44600","0","3","97","original sound - Vinamilk - Shop & More","Vinamilk - Shop & More","true","2026-05-14T03:45:41.000Z","https://www.tiktok.com/@vinamilk.official/video/7639588583489244437"
"https://p16-common-sign.tiktokcdn-eu.com/tos-alisg-avt-0068/f6931df157a8a7b4ed63d2a9b0799621~tplv-tiktokx-cropcenter:720:720.jpeg?dr=10399&refresh_token=293b9633&x-expires=1780038000&x-signature=DaUHK9VWJsVfQj5sBUVj45J6tHw%3D&t=4d5b0474&ps=13740610&shp=a5d48078&shcp=81f88b70&idc=no1a","vinamilk.official","Sữa vừa  thơm ngon vừa an toàn, bé vừa hợp tác mà mẹ cũng yên tâm","125","8","128300","0","18","104","original sound - Vinamilk - Shop & More","Vinamilk - Shop & More","true","2026-05-14T03:42:26.000Z","https://www.tiktok.com/@vinamilk.official/video/7639587785015315733"
"https://p16-common-sign.tiktokcdn-eu.com/tos-alisg-avt-0068/f6931df157a8a7b4ed63d2a9b0799621~tplv-tiktokx-cropcenter:720:720.jpeg?dr=10399&refresh_token=293b9633&x-expires=1780038000&x-signature=DaUHK9VWJsVfQj5sBUVj45J6tHw%3D&t=4d5b0474&ps=13740610&shp=a5d48078&shcp=81f88b70&idc=no1a","vinamilk.official","Nhận ngay túi tote và BIB chạy VnExpress Marathon","2265","159","5200000","2","239","50","original sound - Vinamilk - Shop & More","Vinamilk - Shop & More","true","2026-05-13T04:57:46.000Z","https://www.tiktok.com/@vinamilk.official/video/7639236113990716692"
"https://p16-common-sign.tiktokcdn-eu.com/tos-alisg-avt-0068/f6931df157a8a7b4ed63d2a9b0799621~tplv-tiktokx-cropcenter:720:720.jpeg?dr=10399&refresh_token=293b9633&x-expires=1780038000&x-signature=DaUHK9VWJsVfQj5sBUVj45J6tHw%3D&t=4d5b0474&ps=13740610&shp=a5d48078&shcp=81f88b70&idc=no1a","vinamilk.official","Nhận ngay túi tote và BIB chạy VnExpress Marathon","2396","223","4600000","7","218","49","âm thanh gốc - Vinamilk - Shop & More","Vinamilk - Shop & More","true","2026-05-12T12:57:24.000Z","https://www.tiktok.com/@vinamilk.official/video/7638988626440850708"
"https://p16-common-sign.tiktokcdn-eu.com/tos-alisg-avt-0068/f6931df157a8a7b4ed63d2a9b0799621~tplv-tiktokx-cropcenter:720:720.jpeg?dr=10399&refresh_token=293b9633&x-expires=1780038000&x-signature=DaUHK9VWJsVfQj5sBUVj45J6tHw%3D&t=4d5b0474&ps=13740610&shp=a5d48078&shcp=81f88b70&idc=no1a","vinamilk.official","Vinamilk Green Farm. Sữa tươi hậu vị cỏ hoa - Khóa tươi nhờ Công nghệ Kép Hút Chân Không","3866","935","15400000","12","404","7","âm thanh gốc - Vinamilk - Shop & More","Vinamilk - Shop & More","true","2026-05-07T07:01:46.000Z","https://www.tiktok.com/@vinamilk.official/video/7637041538220002578"
"https://p16-common-sign.tiktokcdn-eu.com/tos-alisg-avt-0068/f6931df157a8a7b4ed63d2a9b0799621~tplv-tiktokx-cropcenter:720:720.jpeg?dr=10399&refresh_token=293b9633&x-expires=1780038000&x-signature=DaUHK9VWJsVfQj5sBUVj45J6tHw%3D&t=4d5b0474&ps=13740610&shp=a5d48078&shcp=81f88b70&idc=no1a","vinamilk.official","Thạch phô mai que cao canxi SuSu - ĐÃ NGON, CÒN GIÚP BÉ CAO LỚN! 💪
👉 Chính là nhờ Bộ Ba Cứng Cáp* đấy bố mẹ ơi! Khám phá ngay về Bộ Ba cực đỉnh này nào!
👉 Sản phẩm đã có mặt toàn quốc! Bố mẹ hãy ghé ngay cửa hàng Vinamilk, siêu thị và tạp hoá trên toàn quốc để rinh ngay món quà dinh dưỡng cho bé!
#SuSu #ThachPhoMaiQue #ThachPhoMaiQueCaoCanxi

*Bộ Ba Cứng Cáp gồm Canxi - Vitamin D3 - Vitamin K2 hỗ trợ bé cao lớn & giúp xương răng chắc khoẻ hơn.","810","42","3700000","18","108","15","âm thanh gốc - Vinamilk - Shop & More","Vinamilk - Shop & More","true","2026-05-05T07:30:00.000Z","https://www.tiktok.com/@vinamilk.official/video/7636304585832828178"
"https://p16-common-sign.tiktokcdn-eu.com/tos-alisg-avt-0068/f6931df157a8a7b4ed63d2a9b0799621~tplv-tiktokx-cropcenter:720:720.jpeg?dr=10399&refresh_token=293b9633&x-expires=1780038000&x-signature=DaUHK9VWJsVfQj5sBUVj45J6tHw%3D&t=4d5b0474&ps=13740610&shp=a5d48078&shcp=81f88b70&idc=no1a","vinamilk.official","🌴 Hè đến rồi, nhưng chưa cần đi xa vẫn “check‑in” vòng quanh thế giới!
Passport vào hè cùng Vinamilk 🧳✨
📍 Mỹ – Hàn – Brazil chỉ cách bạn… một đơn Vinamilk thôi nè 😆

💥 SIÊU DEAL THÁNG 5
✅ ĐƠN 500K TẶNG Bộ Nam Châm Quốc Tế - 01.05 - 15.05
✅ ĐƠN 350K TẶNG Green Farm Flip Cup - DUY NHẤT 05.05
✅ ĐƠN 450K TẶNG Combo 4 Hộp Sữa Hạt - 01.05 - 31.05

***Quà tặng số lượng có hạn, có thể kết thúc sớm. Vui lòng kiểm tra kỹ giỏ hàng trước khi thanh toán

#Vinamilk #PassportVaoHe #SieuDealThang5 #VinamilkTiktokShop","41","12","75100","2","5","42","âm thanh gốc - Vinamilk - Shop & More","Vinamilk - Shop & More","true","2026-05-05T05:03:32.000Z","https://www.tiktok.com/@vinamilk.official/video/7636268899603844372"
"https://p16-common-sign.tiktokcdn-eu.com/tos-alisg-avt-0068/f6931df157a8a7b4ed63d2a9b0799621~tplv-tiktokx-cropcenter:720:720.jpeg?dr=10399&refresh_token=293b9633&x-expires=1780038000&x-signature=DaUHK9VWJsVfQj5sBUVj45J6tHw%3D&t=4d5b0474&ps=13740610&shp=a5d48078&shcp=81f88b70&idc=no1a","vinamilk.official","TẶNG NGAY 2 BỊCH CÙNG LOẠI BẤT KỲ KHI MUA 1 THÙNG SỮA DINH DƯỠNG VINAMILK NGẪU NHIÊN VỊ ÍT ĐƯỜNG/KHÔNG ĐƯỜNG/A2
Thời gian: ​​01.05 - 31.05.2026​​","6852","3249","28000000","29","1005","12","âm thanh gốc - Vinamilk - Shop & More","Vinamilk - Shop & More","true","2026-05-05T03:13:28.000Z","https://www.tiktok.com/@vinamilk.official/video/7636240523568631061"
"https://p16-common-sign.tiktokcdn-eu.com/tos-alisg-avt-0068/f6931df157a8a7b4ed63d2a9b0799621~tplv-tiktokx-cropcenter:720:720.jpeg?dr=10399&refresh_token=293b9633&x-expires=1780038000&x-signature=DaUHK9VWJsVfQj5sBUVj45J6tHw%3D&t=4d5b0474&ps=13740610&shp=a5d48078&shcp=81f88b70&idc=no1a","vinamilk.official","Phần thưởng cho em bé ngày nào cũng miệt mài học hành và chăm ngoan 🥳🥳
👉 Ghé cửa hàng Vinamik gần nhất để rinh ngay thôi cả nhà ơi!!!
🛒Thạch phô mai que SuSu Vị Kem Sữa | Vinamilk
#SuSu #ThachPhoMaiQue #ThachPhoMaiQueCaoCanxi","717","80","3000000","2","113","107","âm thanh gốc - Vinamilk - Shop & More","Vinamilk - Shop & More","true","2026-04-28T03:12:34.000Z","https://www.tiktok.com/@vinamilk.official/video/7633642959765867794"
"https://p16-common-sign.tiktokcdn-eu.com/tos-alisg-avt-0068/f6931df157a8a7b4ed63d2a9b0799621~tplv-tiktokx-cropcenter:720:720.jpeg?dr=10399&refresh_token=293b9633&x-expires=1780038000&x-signature=DaUHK9VWJsVfQj5sBUVj45J6tHw%3D&t=4d5b0474&ps=13740610&shp=a5d48078&shcp=81f88b70&idc=no1a","vinamilk.official","Tháng 5, hệ sống xanh lên ngôi ✅

Checklist mua SỮA HẠT VINAMILK tại TikTok Shop Vinamilk đây:
- TẶNG túi đeo chéo Vinamilk KHI MUA 2 thùng SỮA HẠT (9 Hạt ít đường) 
- TẶNG quà sữa hạt/bộ nam châm đa quốc gia KHI ĐƠN TỪ 450K - 500K 
Chốt đơn nhanh tại TikTok Shop Vinamilk để không bỏ lỡ nhé!

***Quà tặng số lượng có hạn, có thể kết thúc sớm. Vui lòng kiểm tra kỹ giỏ hàng trước khi thanh toán.
#Vinamilk #TikTokShopVinamilk #SuaHat","743","35","522600","9","79","27","âm thanh gốc - Vinamilk - Shop & More","Vinamilk - Shop & More","true","2026-04-24T08:10:36.000Z","https://www.tiktok.com/@vinamilk.official/video/7632235172515122453"
"https://p16-common-sign.tiktokcdn-eu.com/tos-alisg-avt-0068/f6931df157a8a7b4ed63d2a9b0799621~tplv-tiktokx-cropcenter:720:720.jpeg?dr=10399&refresh_token=293b9633&x-expires=1780038000&x-signature=DaUHK9VWJsVfQj5sBUVj45J6tHw%3D&t=4d5b0474&ps=13740610&shp=a5d48078&shcp=81f88b70&idc=no1a","vinamilk.official","TẶNG NGAY 2 BỊCH ​​SỮA DINH DƯỠNG VINAMILK CÓ ĐẠM A2 DỄ TIÊU HÓA KHI MUA 1 THÙNG VỊ ÍT ĐƯỜNG/KHÔNG ĐƯỜNG/A2
Thời gian:​​07.04-30.04.2026​​","1264","298","3600000","12","171","15","âm thanh gốc - Vinamilk - Shop & More","Vinamilk - Shop & More","true","2026-04-24T03:38:09.000Z","https://www.tiktok.com/@vinamilk.official/video/7632164951532211476"
"https://p16-common-sign.tiktokcdn-eu.com/tos-alisg-avt-0068/f6931df157a8a7b4ed63d2a9b0799621~tplv-tiktokx-cropcenter:720:720.jpeg?dr=10399&refresh_token=293b9633&x-expires=1780038000&x-signature=DaUHK9VWJsVfQj5sBUVj45J6tHw%3D&t=4d5b0474&ps=13740610&shp=a5d48078&shcp=81f88b70&idc=no1a","vinamilk.official","Sữa hạt Cao đạm Vinamilk đồng hành cùng bạn gieo thói quen mới.","3926","353","6900000","28","374","59","original sound - Vinamilk - Shop & More","Vinamilk - Shop & More","true","2026-04-21T09:52:17.000Z","https://www.tiktok.com/@vinamilk.official/video/7631148118767078676"
"https://p16-common-sign.tiktokcdn-eu.com/tos-alisg-avt-0068/f6931df157a8a7b4ed63d2a9b0799621~tplv-tiktokx-cropcenter:720:720.jpeg?dr=10399&refresh_token=293b9633&x-expires=1780038000&x-signature=DaUHK9VWJsVfQj5sBUVj45J6tHw%3D&t=4d5b0474&ps=13740610&shp=a5d48078&shcp=81f88b70&idc=no1a","vinamilk.official","Sữa tươi Vinamilk 100% - Đa vị, thích gì cũng có. Sữa tươi phải thế!
#Vinamilk #Suatuoi100 #tuoimoingay","46200","8319","111400000","187","5159","30","âm thanh gốc - Vinamilk - Shop & More","Vinamilk - Shop & More","true","2026-04-20T07:29:02.000Z","https://www.tiktok.com/@vinamilk.official/video/7630740100258811156"
"https://p16-common-sign.tiktokcdn-eu.com/tos-alisg-avt-0068/f6931df157a8a7b4ed63d2a9b0799621~tplv-tiktokx-cropcenter:720:720.jpeg?dr=10399&refresh_token=293b9633&x-expires=1780038000&x-signature=DaUHK9VWJsVfQj5sBUVj45J6tHw%3D&t=4d5b0474&ps=13740610&shp=a5d48078&shcp=81f88b70&idc=no1a","vinamilk.official","Theo chân Mẹ kiểm chứng ""từ A đến Z"" các khâu làm ra một lon sữa bột Vinamilk đạt chuẩn an toàn & tinh khiết quốc tế.

**Sản phẩm này không phải là thuốc và không có tác dụng thay thế thuốc chữa bệnh.
#Vinamilk #Suabottreem #HanhtrinhKiemchung #MotngaytaiNhamay","621","26","138300","16","39","122","âm thanh gốc - Vinamilk - Shop & More","Vinamilk - Shop & More","true","2026-04-19T05:00:00.000Z","https://www.tiktok.com/@vinamilk.official/video/7630026101103906068"
"https://p16-common-sign.tiktokcdn-eu.com/tos-alisg-avt-0068/f6931df157a8a7b4ed63d2a9b0799621~tplv-tiktokx-cropcenter:720:720.jpeg?dr=10399&refresh_token=293b9633&x-expires=1780038000&x-signature=DaUHK9VWJsVfQj5sBUVj45J6tHw%3D&t=4d5b0474&ps=13740610&shp=a5d48078&shcp=81f88b70&idc=no1a","vinamilk.official","Cùng mẹ kiểm chứng quy trình ""tầng tầng lớp lớp"" kiểm duyệt tại nhà máy sản xuất sữa bột lớn nhất của Vinamilk.

**Sản phẩm này không phải không phải là thuốc và không có tác dụng thay thế thuốc chữa bệnh
#Vinamilk #Suabottrem #HanhtrinhKiemchung #MotngaytaiNhamay #migideiii","362","55","39700","15","34","134","original sound - Vinamilk - Shop & More","Vinamilk - Shop & More","true","2026-04-18T05:00:00.000Z","https://www.tiktok.com/@vinamilk.official/video/7629671282262461717"
"https://p16-common-sign.tiktokcdn-eu.com/tos-alisg-avt-0068/f6931df157a8a7b4ed63d2a9b0799621~tplv-tiktokx-cropcenter:720:720.jpeg?dr=10399&refresh_token=293b9633&x-expires=1780038000&x-signature=DaUHK9VWJsVfQj5sBUVj45J6tHw%3D&t=4d5b0474&ps=13740610&shp=a5d48078&shcp=81f88b70&idc=no1a","vinamilk.official","Cùng khám phá quy trình sản xuất sữa bột khép kín, tự động hóa trên 90% để hiểu vì sao Vinamilk trở thành nơi Mẹ Shin gửi gắm niềm tin nhé!

**Sản phẩm này không phải không phải là thuốc và không có tác dụng thay thế thuốc chữa bệnh
#Vinamilk #Suabottrem #HanhtrinhKiemchung #MotngaytaiNhamay","211","9","34000","4","12","131","original sound - Vinamilk - Shop & More","Vinamilk - Shop & More","true","2026-04-17T13:00:00.000Z","https://www.tiktok.com/@vinamilk.official/video/7629669333098286357"
"https://p16-common-sign.tiktokcdn-eu.com/tos-alisg-avt-0068/f6931df157a8a7b4ed63d2a9b0799621~tplv-tiktokx-cropcenter:720:720.jpeg?dr=10399&refresh_token=293b9633&x-expires=1780038000&x-signature=DaUHK9VWJsVfQj5sBUVj45J6tHw%3D&t=4d5b0474&ps=13740610&shp=a5d48078&shcp=81f88b70&idc=no1a","vinamilk.official","Nhớ đọc password “Tươi Cả Đôi” để nhận ngay Sữa Chua Uống Vinamilk Green Farm tại Tian Long nha ✨
#GreenFarm #Suachuauong #6chungmen #TianLong #laubotuoi ","1627","132","2600000","3","115","106","original sound - Vinamilk - Shop & More","Vinamilk - Shop & More","true","2026-04-17T08:50:22.000Z","https://www.tiktok.com/@vinamilk.official/video/7629647838452043026"
"https://p16-common-sign.tiktokcdn-eu.com/tos-alisg-avt-0068/f6931df157a8a7b4ed63d2a9b0799621~tplv-tiktokx-cropcenter:720:720.jpeg?dr=10399&refresh_token=293b9633&x-expires=1780038000&x-signature=DaUHK9VWJsVfQj5sBUVj45J6tHw%3D&t=4d5b0474&ps=13740610&shp=a5d48078&shcp=81f88b70&idc=no1a","vinamilk.official","Nhớ đọc password “Tươi Cả Đôi” để nhận ngay Sữa Chua Uống Vinamilk Green Farm tại Tian Long nha ✨
#GreenFarm #Suachuauong #6chungmen #TianLong #LauBoTuoi","1699","200","2800000","16","141","94","original sound - Vinamilk - Shop & More","Vinamilk - Shop & More","true","2026-04-17T08:40:21.000Z","https://www.tiktok.com/@vinamilk.official/video/7629645241947000085"
"https://p16-common-sign.tiktokcdn-eu.com/tos-alisg-avt-0068/f6931df157a8a7b4ed63d2a9b0799621~tplv-tiktokx-cropcenter:720:720.jpeg?dr=10399&refresh_token=293b9633&x-expires=1780038000&x-signature=DaUHK9VWJsVfQj5sBUVj45J6tHw%3D&t=4d5b0474&ps=13740610&shp=a5d48078&shcp=81f88b70&idc=no1a","vinamilk.official","Nhận ngay 2/34+ mảnh nam châm ghép bản đồ Việt Nam khi mua 1 thùng sữa tươi Vinamilk 100%!
#Vinamilk #Suatuoi100 #VinamilkMagnet","26900","15700","97300000","166","2898","6","original sound - Vinamilk - Shop & More","Vinamilk - Shop & More","true","2026-04-14T08:16:28.000Z","https://www.tiktok.com/@vinamilk.official/video/7628525816737221908"
"https://p16-common-sign.tiktokcdn-eu.com/tos-alisg-avt-0068/f6931df157a8a7b4ed63d2a9b0799621~tplv-tiktokx-cropcenter:720:720.jpeg?dr=10399&refresh_token=293b9633&x-expires=1780038000&x-signature=DaUHK9VWJsVfQj5sBUVj45J6tHw%3D&t=4d5b0474&ps=13740610&shp=a5d48078&shcp=81f88b70&idc=no1a","vinamilk.official","TẶNG NGAY 2 BỊCH ​​SỮA DINH DƯỠNG VINAMILK CÓ ĐẠM A2 DỄ TIÊU HÓA KHI MUA 1 THÙNG VỊ ÍT ĐƯỜNG/KHÔNG ĐƯỜNG/A2
Thời gian:​​ 07.04-30.04.2026​​

#Vinamilk #SuaDinhDuongVinamilk #Mua1Tang2","8289","3382","28500000","68","989","13","âm thanh gốc - Vinamilk - Shop & More","Vinamilk - Shop & More","true","2026-04-13T04:47:34.000Z","https://www.tiktok.com/@vinamilk.official/video/7628100895338794261"
"https://p16-common-sign.tiktokcdn-eu.com/tos-alisg-avt-0068/f6931df157a8a7b4ed63d2a9b0799621~tplv-tiktokx-cropcenter:720:720.jpeg?dr=10399&refresh_token=293b9633&x-expires=1780038000&x-signature=DaUHK9VWJsVfQj5sBUVj45J6tHw%3D&t=4d5b0474&ps=13740610&shp=a5d48078&shcp=81f88b70&idc=no1a","vinamilk.official","📢 Tin vui nhất đầu hè tới rồi đây bố mẹ ơi! 
🌟🌟🌟THẠCH PHÔ MAI QUE CAO CANXI SUSU ĐÃ PHỦ ĐẦY KỆ HÀNG TOÀN QUỐC!🌟🌟🌟 
 
Mỗi que thạch phô mai que SuSu không chỉ dẻo mềm, núng nính cực nịnh miệng, mà còn bổ sung cho bé dưỡng chất từ Bộ Ba Cứng Cáp* và chất xơ hỗ trợ đường ruột hiệu quả.  
 
👉 Ghé cửa hàng Vinamik gần nhất để rinh ngay thôi cả nhà ơi!!!  
🛒Thạch phô mai que SuSu Vị Kem Sữa | Vinamilk 
 
#SuSu #ThachPhoMaiQue #ThachPhoMaiQueCaoCanxi 
*Bộ Ba Cứng Cáp gồm Canxi - Vitamin D3 - Vitamin K2 hỗ trợ bé cao lớn & giúp xương răng chắc khoẻ hơn. ","1107","208","4500000","40","122","8","âm thanh gốc - Vinamilk - Shop & More","Vinamilk - Shop & More","true","2026-04-07T12:21:27.000Z","https://www.tiktok.com/@vinamilk.official/video/7625991381357514005"
"https://p16-common-sign.tiktokcdn-eu.com/tos-alisg-avt-0068/f6931df157a8a7b4ed63d2a9b0799621~tplv-tiktokx-cropcenter:720:720.jpeg?dr=10399&refresh_token=293b9633&x-expires=1780038000&x-signature=DaUHK9VWJsVfQj5sBUVj45J6tHw%3D&t=4d5b0474&ps=13740610&shp=a5d48078&shcp=81f88b70&idc=no1a","vinamilk.official","VINAMILK SUSU - SỮA CHUA UỐNG CÓ THẠCH - HƯƠNG KẸO BÔNG MỚI
💖 Chào đón sự trở lại của các sản phẩm Sữa Trái Cây, Sữa Chua Uống MỚI nhà Vinamilk SuSu!
🥤Hương vị mới lạ, vui miệng - Bé uống là mê: Kẹo Bông Có Thạch 🍭🧊, Marshmallow Kiwi Có Thạch🥝🧊, Đào Vải 🍑, Marshmallow Dâu🍓
💪 Không chỉ ngon, SuSu còn bổ sung Canxi & các Vitamin cần thiết, giúp bé khỏe mạnh và phát triển mỗi ngày
👉 NGON MÊÊÊ - THỬ NGAY!
#VinamilkSusu #SữaChuaUống #ThứcUốngSữaTráiCây
#SuSuKẹoBôngThạch #SuSuMarshmallowKiwiThạch #SuSuĐàoVải #SuSuMarshmallowDâu","70","40","214900","0","14","7","original sound - Vinamilk - Shop & More","Vinamilk - Shop & More","true","2026-04-07T12:17:27.000Z","https://www.tiktok.com/@vinamilk.official/video/7625990350460669204"
"https://p16-common-sign.tiktokcdn-eu.com/tos-alisg-avt-0068/f6931df157a8a7b4ed63d2a9b0799621~tplv-tiktokx-cropcenter:720:720.jpeg?dr=10399&refresh_token=293b9633&x-expires=1780038000&x-signature=DaUHK9VWJsVfQj5sBUVj45J6tHw%3D&t=4d5b0474&ps=13740610&shp=a5d48078&shcp=81f88b70&idc=no1a","vinamilk.official","VINAMILK SUSU - THỨC UỐNG SỮA TRÁI CÂY CÓ THẠCH - HƯƠNG MARSHMALLOW KIWI MỚI
💖 Chào đón sự trở lại của các sản phẩm Sữa Trái Cây, Sữa Chua Uống MỚI nhà Vinamilk SuSu!
🥤Hương vị mới lạ, vui miệng - Bé uống là mê: Kẹo Bông Có Thạch 🍭🧊, Marshmallow Kiwi Có Thạch🥝🧊, Đào Vải 🍑, Marshmallow Dâu🍓
💪 Không chỉ ngon, SuSu còn bổ sung Canxi & các Vitamin cần thiết, giúp bé khỏe mạnh và phát triển mỗi ngày
👉 NGON MÊÊÊ - THỬ NGAY!
#VinamilkSusu #SữaChuaUống #ThứcUốngSữaTráiCây
#SuSuKẹoBôngThạch #SuSuMarshmallowKiwiThạch #SuSuĐàoVải #SuSuMarshmallowDâu","108","18","407800","0","12","7","original sound - Vinamilk - Shop & More","Vinamilk - Shop & More","true","2026-04-07T12:16:39.000Z","https://www.tiktok.com/@vinamilk.official/video/7625990149842701589"
"https://p16-common-sign.tiktokcdn-eu.com/tos-alisg-avt-0068/f6931df157a8a7b4ed63d2a9b0799621~tplv-tiktokx-cropcenter:720:720.jpeg?dr=10399&refresh_token=293b9633&x-expires=1780038000&x-signature=DaUHK9VWJsVfQj5sBUVj45J6tHw%3D&t=4d5b0474&ps=13740610&shp=a5d48078&shcp=81f88b70&idc=no1a","vinamilk.official","VINAMILK SUSU - THỨC UỐNG SỮA TRÁI CÂY - HƯƠNG ĐÀO VẢI MỚI
💖 Chào đón sự trở lại của các sản phẩm Sữa Trái Cây, Sữa Chua Uống MỚI nhà Vinamilk SuSu!
🥤Hương vị mới lạ, vui miệng - Bé uống là mê: Kẹo Bông Có Thạch 🍭🧊, Marshmallow Kiwi Có Thạch🥝🧊, Đào Vải 🍑, Marshmallow Dâu🍓
💪 Không chỉ ngon, SuSu còn bổ sung Canxi & các Vitamin cần thiết, giúp bé khỏe mạnh và phát triển mỗi ngày
👉 NGON MÊÊÊ - THỬ NGAY!
#VinamilkSusu #SữaChuaUống #ThứcUốngSữaTráiCây
#SuSuKẹoBôngThạch #SuSuMarshmallowKiwiThạch #SuSuĐàoVải #SuSuMarshmallowDâu","94","9","351600","2","6","7","original sound - Vinamilk - Shop & More","Vinamilk - Shop & More","true","2026-04-07T12:15:47.000Z","https://www.tiktok.com/@vinamilk.official/video/7625989915972521236"
"https://p16-common-sign.tiktokcdn-eu.com/tos-alisg-avt-0068/f6931df157a8a7b4ed63d2a9b0799621~tplv-tiktokx-cropcenter:720:720.jpeg?dr=10399&refresh_token=293b9633&x-expires=1780038000&x-signature=DaUHK9VWJsVfQj5sBUVj45J6tHw%3D&t=4d5b0474&ps=13740610&shp=a5d48078&shcp=81f88b70&idc=no1a","vinamilk.official","VINAMILK SUSU - THỨC UỐNG SỮA TRÁI CÂY - HƯƠNG MARSHMALLOW DÂU MỚI
💖 Chào đón sự trở lại của các sản phẩm Sữa Trái Cây, Sữa Chua Uống MỚI nhà Vinamilk SuSu!
🥤Hương vị mới lạ, vui miệng - Bé uống là mê: Kẹo Bông Có Thạch 🍭🧊, Marshmallow Kiwi Có Thạch🥝🧊, Đào Vải 🍑, Marshmallow Dâu🍓
💪 Không chỉ ngon, SuSu còn bổ sung Canxi & các Vitamin cần thiết, giúp bé khỏe mạnh và phát triển mỗi ngày
👉 NGON MÊÊÊ - THỬ NGAY!
#VinamilkSusu #SữaChuaUống #ThứcUốngSữaTráiCây
#SuSuKẹoBôngThạch #SuSuMarshmallowKiwiThạch #SuSuĐàoVải #SuSuMarshmallowDâu","66","40","280500","0","4","7","original sound - Vinamilk - Shop & More","Vinamilk - Shop & More","true","2026-04-07T12:14:36.000Z","https://www.tiktok.com/@vinamilk.official/video/7625989612330290453"
"https://p16-common-sign.tiktokcdn-eu.com/tos-alisg-avt-0068/f6931df157a8a7b4ed63d2a9b0799621~tplv-tiktokx-cropcenter:720:720.jpeg?dr=10399&refresh_token=293b9633&x-expires=1780038000&x-signature=DaUHK9VWJsVfQj5sBUVj45J6tHw%3D&t=4d5b0474&ps=13740610&shp=a5d48078&shcp=81f88b70&idc=no1a","vinamilk.official","Thời 4.0, đi chợ cũng phải có checklist. ✅

Làm sao để bố mẹ khỏe mà con cái vẫn mua hời?
Checklist mua sữa cho bố mẹ tại TikTok Shop Vinamilk:
⏰ 01.04 – 15.04
- Mua 1 lon Sure Prevent Gold 1600g → Tặng Bộ bào rau củ Inochi cho mẹ
- Mua 1 lon Sure 900g bất kỳ → Tặng Ly Inochi Pastel cho bố
Chỉ với một cú click, sữa về nhà – quà vào túi, tiện lợi cho cả gia đình.
Chốt đơn ngay tại TikTok Shop Vinamilk!!!

***Quà tặng số lượng có hạn, có thể kết thúc sớm. Vui lòng kiểm tra kỹ giỏ hàng trước khi thanh toán.
#Vinamilk #TikTokShopVinamilk #Sure","309","33","367100","9","39","25","âm thanh gốc - Vinamilk - Shop & More","Vinamilk - Shop & More","true","2026-04-01T12:06:56.000Z","https://www.tiktok.com/@vinamilk.official/video/7623761116333870356"
"https://p16-common-sign.tiktokcdn-eu.com/tos-alisg-avt-0068/f6931df157a8a7b4ed63d2a9b0799621~tplv-tiktokx-cropcenter:720:720.jpeg?dr=10399&refresh_token=293b9633&x-expires=1780038000&x-signature=DaUHK9VWJsVfQj5sBUVj45J6tHw%3D&t=4d5b0474&ps=13740610&shp=a5d48078&shcp=81f88b70&idc=no1a","vinamilk.official","Probi giảm đường cùng lợi khuẩn hỗ trợ giảm đến 40% số ngày mắc cúm. ​Êm ruột nuột đời!","11600","3008","40800000","44","1288","15","original sound - Vinamilk - Shop & More","Vinamilk - Shop & More","true","2026-03-31T11:11:01.000Z","https://www.tiktok.com/@vinamilk.official/video/7623375622592531732"
"https://p16-common-sign.tiktokcdn-eu.com/tos-alisg-avt-0068/f6931df157a8a7b4ed63d2a9b0799621~tplv-tiktokx-cropcenter:720:720.jpeg?dr=10399&refresh_token=293b9633&x-expires=1780038000&x-signature=DaUHK9VWJsVfQj5sBUVj45J6tHw%3D&t=4d5b0474&ps=13740610&shp=a5d48078&shcp=81f88b70&idc=no1a","vinamilk.official","Sữa hạt Vinamilk đồng hành cùng bạn gieo thói quen mới.
#vinamilk  #suahatvinamilk #sua9loaihat #suahatcaodam #suahat","5948","1145","26100000","31","749","9","original sound - Vinamilk - Shop & More","Vinamilk - Shop & More","true","2026-03-17T10:30:58.000Z","https://www.tiktok.com/@vinamilk.official/video/7618170120979909909"
"https://p16-common-sign.tiktokcdn-eu.com/tos-alisg-avt-0068/f6931df157a8a7b4ed63d2a9b0799621~tplv-tiktokx-cropcenter:720:720.jpeg?dr=10399&refresh_token=293b9633&x-expires=1780038000&x-signature=DaUHK9VWJsVfQj5sBUVj45J6tHw%3D&t=4d5b0474&ps=13740610&shp=a5d48078&shcp=81f88b70&idc=no1a","vinamilk.official","DUY NHẤT 17-19.3 TẠI TIKTOKSHOP 
ĐẠI TIỆC DEAL CHẤT - VINAMILK GREEN FARM 
 
Lưu ngay lịch livestream để săn các sản phẩm chất lượng từ Vinamilk Green Farm với giá ""yêu thương"" và nhận quà xịn
👉 Voucher sàn và Voucher chỉ có trên livestream - Giảm đến 21% cho đơn từ 2 triệu và 1 triệu
🎁 Cơ hội trúng 01 Máy xay thịt đa năng Bear cho đơn hàng từ 700K*
 
(*) Quà tặng Minigame tại Livestream. Số lượng quà tặng có giới hạn.
#Vinamilk #VinamilkShopandMore #GreenFarm #SuperBrandFestival #TiecDealChat ","76","33","61800","2","17","23","original sound - Vinamilk - Shop & More","Vinamilk - Shop & More","true","2026-03-16T04:02:21.000Z","https://www.tiktok.com/@vinamilk.official/video/7617698843160890644"
"https://p16-common-sign.tiktokcdn-eu.com/tos-alisg-avt-0068/f6931df157a8a7b4ed63d2a9b0799621~tplv-tiktokx-cropcenter:720:720.jpeg?dr=10399&refresh_token=293b9633&x-expires=1780038000&x-signature=DaUHK9VWJsVfQj5sBUVj45J6tHw%3D&t=4d5b0474&ps=13740610&shp=a5d48078&shcp=81f88b70&idc=no1a","vinamilk.official","Bộ 3 Optimum lấy cảm hứng từ Sữa mẹ – lựa chọn dinh dưỡng được nhiều mẹ tin dùng.

🎁 Nhà nào cũng có quà khi mua trên livestream
⏰ 10:00 – 14:00 | 17.03.2026

Trong Super Brand Festival tháng 3 của TikTok Shop:
- Voucher live giảm đến 21%
- Tối đa 500K cho đơn 1 triệu
- Nhiều voucher & quà tặng hấp dẫn đang chờ mẹ.

#Vinamilk #Optimum #SuperBrandFestival #TiecDealChat #VinamilkShopandMore","322","52","688100","8","56","45","âm thanh gốc - Vinamilk - Shop & More","Vinamilk - Shop & More","true","2026-03-14T09:08:44.000Z","https://www.tiktok.com/@vinamilk.official/video/7617035641192205589"
"https://p16-common-sign.tiktokcdn-eu.com/tos-alisg-avt-0068/f6931df157a8a7b4ed63d2a9b0799621~tplv-tiktokx-cropcenter:720:720.jpeg?dr=10399&refresh_token=293b9633&x-expires=1780038000&x-signature=DaUHK9VWJsVfQj5sBUVj45J6tHw%3D&t=4d5b0474&ps=13740610&shp=a5d48078&shcp=81f88b70&idc=no1a","vinamilk.official","Sữa hạt Vinamilk với hàm lượng sữa hạt >94%, đồng hành cùng bạn gieo thói quen mới.
#Vinamilk #suahatvinamilk #suahat #suahatcaodam","45","20","26600","2","9","7","original sound - Vinamilk - Shop & More","Vinamilk - Shop & More","true","2026-03-12T12:12:31.000Z","https://www.tiktok.com/@vinamilk.official/video/7616340857955847444"
"https://p16-common-sign.tiktokcdn-eu.com/tos-alisg-avt-0068/f6931df157a8a7b4ed63d2a9b0799621~tplv-tiktokx-cropcenter:720:720.jpeg?dr=10399&refresh_token=293b9633&x-expires=1780038000&x-signature=DaUHK9VWJsVfQj5sBUVj45J6tHw%3D&t=4d5b0474&ps=13740610&shp=a5d48078&shcp=81f88b70&idc=no1a","vinamilk.official","Đại hội võ lâm giới ""Quà tặng"" họp bàn kế hoạch ""phá đảo"" ví tiền của mấy bà đây! 😂

🔥 Voucher giảm đến 700K cho đơn 2 triệu, giảm đến 500K cho đơn 1 triệu (chỉ có trên live).
⏰ Nhắc lịch ngay: 08:00 & 20:00 ngày 17-19/03 tại TiktokShop của Vinamilk.

#Vinamilk #SuperBrandFestival #TikTokShop #SieuSale","920","83","708900","20","105","47","âm thanh gốc - Vinamilk - Shop & More","Vinamilk - Shop & More","true","2026-03-12T02:49:13.000Z","https://www.tiktok.com/@vinamilk.official/video/7616195659875945748"
"https://p16-common-sign.tiktokcdn-eu.com/tos-alisg-avt-0068/f6931df157a8a7b4ed63d2a9b0799621~tplv-tiktokx-cropcenter:720:720.jpeg?dr=10399&refresh_token=293b9633&x-expires=1780038000&x-signature=DaUHK9VWJsVfQj5sBUVj45J6tHw%3D&t=4d5b0474&ps=13740610&shp=a5d48078&shcp=81f88b70&idc=no1a","vinamilk.official","Checklist ""Hiếu thảo"" phiên bản hệ lý trí: Quà phải xịn, giá phải hời! 🧠✨

🎁 Voucher giảm đến 700K cho đơn 2 triệu, giảm đến 500K cho đơn 1 triệu (chỉ có trên live).
🎁 Quà tặng Ly Inochi & cơ hội trúng MÁY HÚT BỤI.

Hẹn anh em 18h ngày 19/03 tại Live Vinamilk nhé! ⚡️
#SieuBrandFestival #VinamilkLive #SaleKhung #Suabotnguoilon","629","72","1400000","3","83","46","âm thanh gốc - Vinamilk - Shop & More","Vinamilk - Shop & More","true","2026-03-12T02:47:03.000Z","https://www.tiktok.com/@vinamilk.official/video/7616195120517418260"
"https://p16-common-sign.tiktokcdn-eu.com/tos-alisg-avt-0068/f6931df157a8a7b4ed63d2a9b0799621~tplv-tiktokx-cropcenter:720:720.jpeg?dr=10399&refresh_token=293b9633&x-expires=1780038000&x-signature=DaUHK9VWJsVfQj5sBUVj45J6tHw%3D&t=4d5b0474&ps=13740610&shp=a5d48078&shcp=81f88b70&idc=no1a","vinamilk.official","[TP.HCM] Chỉ còn 2 ngày mang quà về từ Vinamilk Đồng Khởi

Bước vào cửa hàng là đập thẳng vào mắt một không gian thanh lịch, lại còn đa dạng quà tặng từ túi tote và nam châm hay gấu siêu xịn đó nha
👉 Chương trình chỉ diễn ra đến hết ngày 03/03.​
👉 Địa chỉ: 53 Đồng Khởi, Phường Sài Gòn, Hồ Chí Minh.​

#Vinamilk #VinamilkShopandMore #Vinamilkstore","164","20","48300","1","28","64","âm thanh gốc - Vinamilk - Shop & More","Vinamilk - Shop & More","true","2026-03-02T13:59:03.000Z","https://www.tiktok.com/@vinamilk.official/video/7612657441519586580"
"https://p16-common-sign.tiktokcdn-eu.com/tos-alisg-avt-0068/f6931df157a8a7b4ed63d2a9b0799621~tplv-tiktokx-cropcenter:720:720.jpeg?dr=10399&refresh_token=293b9633&x-expires=1780038000&x-signature=DaUHK9VWJsVfQj5sBUVj45J6tHw%3D&t=4d5b0474&ps=13740610&shp=a5d48078&shcp=81f88b70&idc=no1a","vinamilk.official","[TP.HCM] Chào deal khai trương cửa hàng Đồng Khởi​
​
Tối nay xuống phố, mà vào cửa hàng mới Vinamilk tại Đồng Khởi thì phải “Ohhh Wowww!” 😲😲😲​​
 🎁 Mua đơn càng nhiều còn được tặng quà càng lớn đó nha, toàn túi sành điệu và nam châm xinh xỉu.​
 ⏰ Thời gian áp dụng: 27/02 - 03/03.​
 👉 Ra cửa hàng mới Vinamilk tại 53 Đồng Khởi, Phường Sài Gòn, Hồ Chí Minh để trải nghiệm ngay nha!​
​
#Vinamilk #VinamilkShopandMore #CuahangVinamilk #Vinamilk53dongkhoi","255","26","65000","12","19","83","âm thanh gốc - Vinamilk - Shop & More","Vinamilk - Shop & More","true","2026-03-02T13:19:13.000Z","https://www.tiktok.com/@vinamilk.official/video/7612647174253366548"
"https://p16-common-sign.tiktokcdn-eu.com/tos-alisg-avt-0068/f6931df157a8a7b4ed63d2a9b0799621~tplv-tiktokx-cropcenter:720:720.jpeg?dr=10399&refresh_token=293b9633&x-expires=1780038000&x-signature=DaUHK9VWJsVfQj5sBUVj45J6tHw%3D&t=4d5b0474&ps=13740610&shp=a5d48078&shcp=81f88b70&idc=no1a","vinamilk.official","[TP.HCM] Chào deal khai trương cửa hàng Đồng Khởi​
​
Tối nay xuống phố, mà vào cửa hàng mới Vinamilk tại Đồng Khởi thì phải “Ohhh Wowww!” 😲😲😲​​
 🎁 Mua đơn càng nhiều còn được tặng quà càng lớn đó nha, toàn túi sành điệu và nam châm xinh xỉu.​
 ⏰ Thời gian áp dụng: 27/02 - 03/03.​
 👉 Ra cửa hàng mới Vinamilk tại 53 Đồng Khởi, Phường Sài Gòn, Hồ Chí Minh để trải nghiệm ngay nha!​
​
 #Vinamilk #VinamilkShopandMore #CuahangVinamilk #Vinamilk53dongkhoi","54","8","14100","0","3","77","âm thanh gốc - Vinamilk - Shop & More","Vinamilk - Shop & More","true","2026-03-02T12:11:06.000Z","https://www.tiktok.com/@vinamilk.official/video/7612629641756413205"
"https://p16-common-sign.tiktokcdn-eu.com/tos-alisg-avt-0068/f6931df157a8a7b4ed63d2a9b0799621~tplv-tiktokx-cropcenter:720:720.jpeg?dr=10399&refresh_token=293b9633&x-expires=1780038000&x-signature=DaUHK9VWJsVfQj5sBUVj45J6tHw%3D&t=4d5b0474&ps=13740610&shp=a5d48078&shcp=81f88b70&idc=no1a","vinamilk.official","Tuổi nghỉ hưu của người: 60 tuổi ​
Tuổi nghỉ hưu của sữa chua ăn: 45 ngày​
Chỉ 45 ngày thôi, nhưng lợi hại lắm đó! ​

🥄 Hạn dùng lý tưởng cho chất lượng đạt phong độ tốt nhất​
🥄 Manh mối nhận diện sữa chua có men sống CÒN-HOẠT-ĐỘNG. Đa phần sữa chua có hạn dùng dài hơn 45-50 ngày đều là sữa chua tiệt trùng - tiệt luôn cả men sống!​

📣 Đã chọn sữa chua ăn, hãy chọn sữa chua ăn men sống với HSD chuẩn 45 ngày cho vị ngon – chất lượng tốt nhất!​
#Vinamilk #SuachuaVinamilk​","21","70","10600","0","9","15","âm thanh gốc - Vinamilk - Shop & More","Vinamilk - Shop & More","true","2026-02-25T12:00:00.000Z","https://www.tiktok.com/@vinamilk.official/video/7610397633005276417"
"https://p16-common-sign.tiktokcdn-eu.com/tos-alisg-avt-0068/f6931df157a8a7b4ed63d2a9b0799621~tplv-tiktokx-cropcenter:720:720.jpeg?dr=10399&refresh_token=293b9633&x-expires=1780038000&x-signature=DaUHK9VWJsVfQj5sBUVj45J6tHw%3D&t=4d5b0474&ps=13740610&shp=a5d48078&shcp=81f88b70&idc=no1a","vinamilk.official","Chuyện gì xảy ra ở 2-8°C:​
Người: ngủ đông 😴​
Men sống: năng động khỏe khoắn 🥳​

2-8°C là điều kiện sống lý tưởng của men sống - ""con át chủ bài"" cho vị ngon, độ dẻo mịn và lợi ích tiêu hóa của sữa chua!​
Quá nóng hay quá lạnh thì cả men sống và chất lượng vốn có của sữa chua đều bay mất!​

📣 Đã chọn sữa chua ăn, hãy chỉ chọn sữa chua được giữ lạnh trong điều kiện lý tưởng 2-8°C nhé!​

#Vinamilk #SuachuaVinamilk​","31","8","19400","3","6","11","âm thanh gốc - Vinamilk - Shop & More","Vinamilk - Shop & More","true","2026-02-25T03:00:00.000Z","https://www.tiktok.com/@vinamilk.official/video/7610397515631922433"
"https://p16-common-sign.tiktokcdn-eu.com/tos-alisg-avt-0068/f6931df157a8a7b4ed63d2a9b0799621~tplv-tiktokx-cropcenter:720:720.jpeg?dr=10399&refresh_token=293b9633&x-expires=1780038000&x-signature=DaUHK9VWJsVfQj5sBUVj45J6tHw%3D&t=4d5b0474&ps=13740610&shp=a5d48078&shcp=81f88b70&idc=no1a","vinamilk.official","BẠN ĐÃ ""TRẢ GIÁ ĐÚNG"" CHO SỮA CHUA ĂN? ​  

Liệu giá trị thật của mỗi hũ sữa chua nằm trên bảng giá, hay ẩn trong những con số trên bao bì?​ Mời bạn ngồi ngay ngắn, đón chờ series bóc giá sữa chua. Phát sóng trực tiếp trên kênh VNM! ​  

#Vinamilk #SuachuaVinamilk​","48","11","22400","0","6","8","âm thanh gốc - Vinamilk - Shop & More","Vinamilk - Shop & More","true","2026-02-24T11:49:01.000Z","https://www.tiktok.com/@vinamilk.official/video/7610397225730067713"
"https://p16-common-sign.tiktokcdn-eu.com/tos-alisg-avt-0068/f6931df157a8a7b4ed63d2a9b0799621~tplv-tiktokx-cropcenter:720:720.jpeg?dr=10399&refresh_token=293b9633&x-expires=1780038000&x-signature=DaUHK9VWJsVfQj5sBUVj45J6tHw%3D&t=4d5b0474&ps=13740610&shp=a5d48078&shcp=81f88b70&idc=no1a","vinamilk.official","🎉 TIỆC TO TIỆC NHỎ, LÓT DẠ MỘT CHAI

Năm hết Tết đến, lịch hẹn dày đặc. Trước mỗi cuộc vui, đừng quên lót dạ với 1 chai sữa chua uống Green Farm.

Với 6 chủng men và lượng lợi khuẩn cao gấp 3 lần so với mức tối thiểu* của sữa chua thông thường, sữa chua uống sệt Green Farm hỗ trợ cân bằng hệ vi sinh đường ruột, giúp bạn nhập tiệc mà vẫn nhẹ bụng, thoải mái.

*Theo tiêu chuẩn quốc gia CODEX
#Vinamilk #GreenFarm #Suachuauong #6chungmen","73","27","23600","4","19","15","original sound - Vinamilk - Shop & More","Vinamilk - Shop & More","true","2026-02-14T13:00:00.000Z","https://www.tiktok.com/@vinamilk.official/video/7606266372833824021"
"https://p16-common-sign.tiktokcdn-eu.com/tos-alisg-avt-0068/f6931df157a8a7b4ed63d2a9b0799621~tplv-tiktokx-cropcenter:720:720.jpeg?dr=10399&refresh_token=293b9633&x-expires=1780038000&x-signature=DaUHK9VWJsVfQj5sBUVj45J6tHw%3D&t=4d5b0474&ps=13740610&shp=a5d48078&shcp=81f88b70&idc=no1a","vinamilk.official","🎁 PHẦN THƯỞNG CHO ""NHÂN VIÊN"" XUẤT SẮC NHẤT NĂM!

Một năm chạy deadline không ngừng nghỉ, đã đến lúc tự thưởng cho bản thân điều xứng đáng.

Mời bạn thưởng thức ngay hương vị độc đáo của sữa chua men Hy Lạp 30 năm tuổi từ đảo Crete, mượt mà và giàu đạm nhé.

#Vinamilk #GreenFarm #Suachuamenhylap #suachuacaodam","42","8","6625","0","8","13","âm thanh gốc - Vinamilk - Shop & More","Vinamilk - Shop & More","true","2026-02-13T13:00:00.000Z","https://www.tiktok.com/@vinamilk.official/video/7606266661678615828"
"https://p16-common-sign.tiktokcdn-eu.com/tos-alisg-avt-0068/f6931df157a8a7b4ed63d2a9b0799621~tplv-tiktokx-cropcenter:720:720.jpeg?dr=10399&refresh_token=293b9633&x-expires=1780038000&x-signature=DaUHK9VWJsVfQj5sBUVj45J6tHw%3D&t=4d5b0474&ps=13740610&shp=a5d48078&shcp=81f88b70&idc=no1a","vinamilk.official","Đón Tết với phiên bản khỏe hơn của chính mình, bắt đầu từ việc chăm sóc hệ tiêu hóa mỗi ngày cùng sữa chua uống Green Farm.

6 chủng men và lợi khuẩn châu Âu đầu tiên và duy nhất tại Việt Nam, mang đến nền sữa sánh mịn, chua béo ngọt lành.

Ăn Tết trọn vị, giữ dáng nhẹ nhàng.

*Theo tiêu chuẩn quốc gia CODEX
#Vinamilk #GreenFarm #Suachuauong #6chungmen","55","13","14100","0","6","9","âm thanh gốc - Vinamilk - Shop & More","Vinamilk - Shop & More","true","2026-02-12T14:21:11.000Z","https://www.tiktok.com/@vinamilk.official/video/7605983602421009681"
"https://p16-common-sign.tiktokcdn-eu.com/tos-alisg-avt-0068/f6931df157a8a7b4ed63d2a9b0799621~tplv-tiktokx-cropcenter:720:720.jpeg?dr=10399&refresh_token=293b9633&x-expires=1780038000&x-signature=DaUHK9VWJsVfQj5sBUVj45J6tHw%3D&t=4d5b0474&ps=13740610&shp=a5d48078&shcp=81f88b70&idc=no1a","vinamilk.official","Cột năng lượng vẫn full sau giờ dạy tại @toppilatesvn vì kịp nạp đạm xịn! 
#Vinamilk #GreenFarm #GreenFarmCaoDam #ItBeoGiauCanxi #toppilatesvn","46","19","11200","0","8","52","original sound - Vinamilk - Shop & More","Vinamilk - Shop & More","true","2026-02-11T07:36:41.000Z","https://www.tiktok.com/@vinamilk.official/video/7605508317883960597"
"https://p16-common-sign.tiktokcdn-eu.com/tos-alisg-avt-0068/f6931df157a8a7b4ed63d2a9b0799621~tplv-tiktokx-cropcenter:720:720.jpeg?dr=10399&refresh_token=293b9633&x-expires=1780038000&x-signature=DaUHK9VWJsVfQj5sBUVj45J6tHw%3D&t=4d5b0474&ps=13740610&shp=a5d48078&shcp=81f88b70&idc=no1a","vinamilk.official","Chúc Xuân Sung Sức - Mã Đáo Thịnh Vượng
#Vinamilk #ChucXuanSungSuc","40900","6071","37400000","127","4617","30","original sound - Vinamilk - Shop & More","Vinamilk - Shop & More","true","2026-02-05T10:14:02.000Z","https://www.tiktok.com/@vinamilk.official/video/7603322360157965575"
"https://p16-common-sign.tiktokcdn-eu.com/tos-alisg-avt-0068/f6931df157a8a7b4ed63d2a9b0799621~tplv-tiktokx-cropcenter:720:720.jpeg?dr=10399&refresh_token=293b9633&x-expires=1780038000&x-signature=DaUHK9VWJsVfQj5sBUVj45J6tHw%3D&t=4d5b0474&ps=13740610&shp=a5d48078&shcp=81f88b70&idc=no1a","vinamilk.official","Chúc Xuân Sung Sức - Mã Đáo Thịnh Vượng
#Vinamilk #ChucXuanSungSuc","1784","453","3400000","1","169","6","original sound - Vinamilk - Shop & More","Vinamilk - Shop & More","true","2026-02-05T09:58:11.000Z","https://www.tiktok.com/@vinamilk.official/video/7603318262398536980"
"https://p16-common-sign.tiktokcdn-eu.com/tos-alisg-avt-0068/f6931df157a8a7b4ed63d2a9b0799621~tplv-tiktokx-cropcenter:720:720.jpeg?dr=10399&refresh_token=293b9633&x-expires=1780038000&x-signature=DaUHK9VWJsVfQj5sBUVj45J6tHw%3D&t=4d5b0474&ps=13740610&shp=a5d48078&shcp=81f88b70&idc=no1a","vinamilk.official","Chúc Xuân Sung Sức - Mã Đáo Thịnh Vượng
#Vinamilk #ChucXuanSungSuc","1800","396","3500000","1","163","6","original sound - Vinamilk - Shop & More","Vinamilk - Shop & More","true","2026-02-05T09:56:22.000Z","https://www.tiktok.com/@vinamilk.official/video/7603317797942332692"
"https://p16-common-sign.tiktokcdn-eu.com/tos-alisg-avt-0068/f6931df157a8a7b4ed63d2a9b0799621~tplv-tiktokx-cropcenter:720:720.jpeg?dr=10399&refresh_token=293b9633&x-expires=1780038000&x-signature=DaUHK9VWJsVfQj5sBUVj45J6tHw%3D&t=4d5b0474&ps=13740610&shp=a5d48078&shcp=81f88b70&idc=no1a","vinamilk.official","Phòng sạch rót sữa là ""trái tim"" của nhà máy sữa bột Vinamilk.","78","8","29100","2","11","0","Knowledge","Vin Music","false","2026-02-05T08:00:00.000Z","https://www.tiktok.com/@vinamilk.official/video/7603269843713854741"
"https://p16-common-sign.tiktokcdn-eu.com/tos-alisg-avt-0068/f6931df157a8a7b4ed63d2a9b0799621~tplv-tiktokx-cropcenter:720:720.jpeg?dr=10399&refresh_token=293b9633&x-expires=1780038000&x-signature=DaUHK9VWJsVfQj5sBUVj45J6tHw%3D&t=4d5b0474&ps=13740610&shp=a5d48078&shcp=81f88b70&idc=no1a","vinamilk.official","Thực phẩm khi đi vào cơ thể là không thể sửa sai, đặc biệt là sữa bột trẻ em.","59","12","23400","2","10","0","Knowledge","Vin Music","false","2026-02-04T12:09:59.000Z","https://www.tiktok.com/@vinamilk.official/video/7602981143226567956"
"https://p16-common-sign.tiktokcdn-eu.com/tos-alisg-avt-0068/f6931df157a8a7b4ed63d2a9b0799621~tplv-tiktokx-cropcenter:720:720.jpeg?dr=10399&refresh_token=293b9633&x-expires=1780038000&x-signature=DaUHK9VWJsVfQj5sBUVj45J6tHw%3D&t=4d5b0474&ps=13740610&shp=a5d48078&shcp=81f88b70&idc=no1a","vinamilk.official","Một buổi tập mượt mà sẽ càng trọn vẹn hơn khi cơ thể được bổ sung đủ đạm đúng lúc!
@toppilatesvn #Vinamilk #GreenFarm #CaoDamItbeo","51","10","17200","6","9","53","original sound - Vinamilk - Shop & More","Vinamilk - Shop & More","true","2026-02-04T08:30:00.000Z","https://www.tiktok.com/@vinamilk.official/video/7602863784398572820"
"https://p16-common-sign.tiktokcdn-eu.com/tos-alisg-avt-0068/f6931df157a8a7b4ed63d2a9b0799621~tplv-tiktokx-cropcenter:720:720.jpeg?dr=10399&refresh_token=293b9633&x-expires=1780038000&x-signature=DaUHK9VWJsVfQj5sBUVj45J6tHw%3D&t=4d5b0474&ps=13740610&shp=a5d48078&shcp=81f88b70&idc=no1a","vinamilk.official","TRAO QUÀ SỨC KHỎE - CHÚC XUÂN SUNG SỨC
#Vinamilk #ChucXuanSungSuc","22000","6244","51600000","17","1753","6","original sound - Vinamilk - Shop & More","Vinamilk - Shop & More","true","2026-02-03T10:38:29.000Z","https://www.tiktok.com/@vinamilk.official/video/7602586476060167445"
"https://p16-common-sign.tiktokcdn-eu.com/tos-alisg-avt-0068/f6931df157a8a7b4ed63d2a9b0799621~tplv-tiktokx-cropcenter:720:720.jpeg?dr=10399&refresh_token=293b9633&x-expires=1780038000&x-signature=DaUHK9VWJsVfQj5sBUVj45J6tHw%3D&t=4d5b0474&ps=13740610&shp=a5d48078&shcp=81f88b70&idc=no1a","vinamilk.official","Chúc Xuân Sung Sức - Mã Đáo Thịnh Vượng
#Vinamilk #ChucXuanSungSuc","19500","1811","16900000","47","1749","60","original sound - Vinamilk - Shop & More","Vinamilk - Shop & More","true","2026-01-30T17:08:27.000Z","https://www.tiktok.com/@vinamilk.official/video/7601202636431314196"
"https://p16-common-sign.tiktokcdn-eu.com/tos-alisg-avt-0068/f6931df157a8a7b4ed63d2a9b0799621~tplv-tiktokx-cropcenter:720:720.jpeg?dr=10399&refresh_token=293b9633&x-expires=1780038000&x-signature=DaUHK9VWJsVfQj5sBUVj45J6tHw%3D&t=4d5b0474&ps=13740610&shp=a5d48078&shcp=81f88b70&idc=no1a","vinamilk.official","Đã ăn thịt cá rồi, có cần uống sữa cao đạm không?
#Vinamilk #GreenFarm #CaoDamItbeo","426","56","174100","15","46","111","original sound - Vinamilk - Shop & More","Vinamilk - Shop & More","true","2026-01-28T10:00:00.000Z","https://www.tiktok.com/@vinamilk.official/video/7598495072941853973"
"https://p16-common-sign.tiktokcdn-eu.com/tos-alisg-avt-0068/f6931df157a8a7b4ed63d2a9b0799621~tplv-tiktokx-cropcenter:720:720.jpeg?dr=10399&refresh_token=293b9633&x-expires=1780038000&x-signature=DaUHK9VWJsVfQj5sBUVj45J6tHw%3D&t=4d5b0474&ps=13740610&shp=a5d48078&shcp=81f88b70&idc=no1a","vinamilk.official","✨ MANG TẾT VỀ NHÀ - TRAO SỨC KHỎE, NHẬN NIỀM VUI CÙNG VINAMILK 🌸

Chẳng cần quà cáp xa hoa, Tết vẹn tròn là khi cả nhà cùng khỏe mạnh. Cùng Vinamilk chuẩn bị ""mâm quà sức khỏe"" siêu chất, SẮM TẾT BAO VUI với list siêu phẩm:
- Green Farm rất ít đường
- Green Farm A2
- Optimum A2 Pro+
- Sữa 9 loại hạt
- Sure Prevent Gold

✨ Voucher độc quyền chỉ có tại TikTok Shop Vinamilk - duy nhất ngày 28/01 - 31/01.
👉 Sắm Tết đủ đầy tại Tiktok Shop của Vinamilk ngay!

#VinamilkTiktokShop #SamTetOnline #MegaBrandFestival #SamTetBaoVui","32","11","26900","3","5","5","nhạc nền - Vinamilk - Shop & More","Vinamilk - Shop & More","true","2026-01-28T03:47:29.000Z","https://www.tiktok.com/@vinamilk.official/video/7600254042018827527"
"https://p16-common-sign.tiktokcdn-eu.com/tos-alisg-avt-0068/f6931df157a8a7b4ed63d2a9b0799621~tplv-tiktokx-cropcenter:720:720.jpeg?dr=10399&refresh_token=293b9633&x-expires=1780038000&x-signature=DaUHK9VWJsVfQj5sBUVj45J6tHw%3D&t=4d5b0474&ps=13740610&shp=a5d48078&shcp=81f88b70&idc=no1a","vinamilk.official","Một ngày bạn thực sự ăn được bao nhiêu gram protein?
#vinamilk #GreenFarm #CaoDamItbeo","129","18","74200","4","19","149","original sound - Vinamilk - Shop & More","Vinamilk - Shop & More","true","2026-01-27T10:00:00.000Z","https://www.tiktok.com/@vinamilk.official/video/7598494167764946197"
"https://p16-common-sign.tiktokcdn-eu.com/tos-alisg-avt-0068/f6931df157a8a7b4ed63d2a9b0799621~tplv-tiktokx-cropcenter:720:720.jpeg?dr=10399&refresh_token=293b9633&x-expires=1780038000&x-signature=DaUHK9VWJsVfQj5sBUVj45J6tHw%3D&t=4d5b0474&ps=13740610&shp=a5d48078&shcp=81f88b70&idc=no1a","vinamilk.official","Bạn cần bao nhiêu gram protein mỗi ngày?
#vinamilk #GreenFarm #CaoDamItbeo","95","13","69300","0","20","174","original sound - Vinamilk - Shop & More","Vinamilk - Shop & More","true","2026-01-26T10:00:00.000Z","https://www.tiktok.com/@vinamilk.official/video/7598493478921702674"
"https://p16-common-sign.tiktokcdn-eu.com/tos-alisg-avt-0068/f6931df157a8a7b4ed63d2a9b0799621~tplv-tiktokx-cropcenter:720:720.jpeg?dr=10399&refresh_token=293b9633&x-expires=1780038000&x-signature=DaUHK9VWJsVfQj5sBUVj45J6tHw%3D&t=4d5b0474&ps=13740610&shp=a5d48078&shcp=81f88b70&idc=no1a","vinamilk.official","Điều nên và không nên làm khi muốn tăng khả năng hấp thụ đạm & canxi
Cùng @hubertcuu tìm hiểu nhé

#Vinamilk #GreenFarm #CaoDamItbeo","85","16","53900","4","6","108","original sound - Vinamilk - Shop & More","Vinamilk - Shop & More","true","2026-01-25T09:00:00.000Z","https://www.tiktok.com/@vinamilk.official/video/7598480046004768021"
"https://p16-common-sign.tiktokcdn-eu.com/tos-alisg-avt-0068/f6931df157a8a7b4ed63d2a9b0799621~tplv-tiktokx-cropcenter:720:720.jpeg?dr=10399&refresh_token=293b9633&x-expires=1780038000&x-signature=DaUHK9VWJsVfQj5sBUVj45J6tHw%3D&t=4d5b0474&ps=13740610&shp=a5d48078&shcp=81f88b70&idc=no1a","vinamilk.official","Thời điểm nạp đạm và canxi nào là tốt nhất? Cùng @hubertcu tìm hiểu nhé
#Vinamilk #GreenFarm#CaoDamItbeo","73","6","48000","0","8","101","original sound - Vinamilk - Shop & More","Vinamilk - Shop & More","true","2026-01-24T09:10:00.000Z","https://www.tiktok.com/@vinamilk.official/video/7598478008780983572"
"https://p16-common-sign.tiktokcdn-eu.com/tos-alisg-avt-0068/f6931df157a8a7b4ed63d2a9b0799621~tplv-tiktokx-cropcenter:720:720.jpeg?dr=10399&refresh_token=293b9633&x-expires=1780038000&x-signature=DaUHK9VWJsVfQj5sBUVj45J6tHw%3D&t=4d5b0474&ps=13740610&shp=a5d48078&shcp=81f88b70&idc=no1a","vinamilk.official","Tại sao không nên để bụng rỗng khi đi tập? Cùng @hubertcu tìm hiểu nhé
#Vinamilk #GreenFarm #CaoDamItbeo","63","13","38800","2","8","100","original sound - Vinamilk - Shop & More","Vinamilk - Shop & More","true","2026-01-23T09:00:00.000Z","https://www.tiktok.com/@vinamilk.official/video/7598474452816448789"
"https://p16-common-sign.tiktokcdn-eu.com/tos-alisg-avt-0068/f6931df157a8a7b4ed63d2a9b0799621~tplv-tiktokx-cropcenter:720:720.jpeg?dr=10399&refresh_token=293b9633&x-expires=1780038000&x-signature=DaUHK9VWJsVfQj5sBUVj45J6tHw%3D&t=4d5b0474&ps=13740610&shp=a5d48078&shcp=81f88b70&idc=no1a","vinamilk.official","Mua 1 thùng sữa tươi Vinamilk 100%, +2 mảnh ghép nam châm vào ""sự nghiệp"" sưu tầm bản đồ Việt Nam! #Vinamilk #tuoimoingay #FM100 #Freshmilk #Suatuoi100 #VinamilkMagnet","11300","5459","48400000","116","1236","6","original sound - Vinamilk - Shop & More","Vinamilk - Shop & More","true","2026-01-22T06:53:34.000Z","https://www.tiktok.com/@vinamilk.official/video/7598075483229523220"
"https://p16-common-sign.tiktokcdn-eu.com/tos-alisg-avt-0068/f6931df157a8a7b4ed63d2a9b0799621~tplv-tiktokx-cropcenter:720:720.jpeg?dr=10399&refresh_token=293b9633&x-expires=1780038000&x-signature=DaUHK9VWJsVfQj5sBUVj45J6tHw%3D&t=4d5b0474&ps=13740610&shp=a5d48078&shcp=81f88b70&idc=no1a","vinamilk.official","BẠN ĐÃ ""TRẢ GIÁ ĐÚNG"" CHO SỮA CHUA ĂN?
Liệu giá trị thật của mỗi hũ sữa chua nằm trên bảng giá, hay ẩn trong những con số trên bao bì?
Mời bạn ngồi ngay ngắn, đón chờ series bóc giá sữa chua. Phát sóng trực tiếp trên kênh VNM! ​
​
#Vinamilk #SuachuaVinamilk","23","7","21200","2","3","8","nhạc nền - Vinamilk - Shop & More","Vinamilk - Shop & More","true","2026-01-20T12:00:00.000Z","https://www.tiktok.com/@vinamilk.official/video/7596911999209065749"
"https://p16-common-sign.tiktokcdn-eu.com/tos-alisg-avt-0068/f6931df157a8a7b4ed63d2a9b0799621~tplv-tiktokx-cropcenter:720:720.jpeg?dr=10399&refresh_token=293b9633&x-expires=1780038000&x-signature=DaUHK9VWJsVfQj5sBUVj45J6tHw%3D&t=4d5b0474&ps=13740610&shp=a5d48078&shcp=81f88b70&idc=no1a","vinamilk.official","ZÔ! 100% SỮA, 100% VUI 🥂
Tiệc Tết ""có gu"" cùng BST Sữa tươi Lễ hội từ Vinamilk. Đã ""zô"" là phải ngon, đã uống là phải chất! 👉 Chốt đơn!
#Vinamilk #Phienbangioihan ","51","37","22900","3","9","15","nhạc nền - Vinamilk - Shop & More","Vinamilk - Shop & More","true","2026-01-15T05:06:18.000Z","https://www.tiktok.com/@vinamilk.official/video/7595450210743045397"
"https://p16-common-sign.tiktokcdn-eu.com/tos-alisg-avt-0068/f6931df157a8a7b4ed63d2a9b0799621~tplv-tiktokx-cropcenter:720:720.jpeg?dr=10399&refresh_token=293b9633&x-expires=1780038000&x-signature=DaUHK9VWJsVfQj5sBUVj45J6tHw%3D&t=4d5b0474&ps=13740610&shp=a5d48078&shcp=81f88b70&idc=no1a","vinamilk.official","[VINAMILK 2025] NĂM RẮN VƯƠN XA - TẤT CẢ VÌ BẠN

365 ngày năm Rắn đánh dấu hành trình đầy trải nghiệm đa""vị"" của Vinamilk cùng bạn

🥛 Là mang đến hàng triệu ly sữa, để mỗi ngày của bạn và gia đình thật trọn vẹn.
⭐️ Là những đột phá dinh dưỡng khoa học, nhiều hương vị mới lạ, ngon lành và phù hợp với nhiều nhu cầu đa dạng.
🌎 Là vươn ra thế giới, mở rộng hệ thống cửa hàng để dù bạn ở đâu, Vinamilk vẫn luôn kề bên.

2025 – một năm rắn rỏi, bền bỉ, Vinamilk tích lũy nội lực để đi xa hơn. Và cũng chính vì thế, Vinamilk được ở gần bạn hơn mỗi ngày, trong từng khoảnh khắc chăm sóc sức khỏe, trong từng lựa chọn dinh dưỡng quen thuộc.

Sẵn sàng bước sang năm mới, cùng nhau phi xa hơn – khỏe mạnh hơn – bền bỉ hơn với Vinamilk nhé!

#Vinamilk #Nhinlai2025 #TienToi2026","85","48","36900","7","7","55","original sound - Vinamilk - Shop & More","Vinamilk - Shop & More","true","2025-12-31T14:54:00.000Z","https://www.tiktok.com/@vinamilk.official/video/7590035436135779604"
"https://p16-common-sign.tiktokcdn-eu.com/tos-alisg-avt-0068/f6931df157a8a7b4ed63d2a9b0799621~tplv-tiktokx-cropcenter:720:720.jpeg?dr=10399&refresh_token=293b9633&x-expires=1780038000&x-signature=DaUHK9VWJsVfQj5sBUVj45J6tHw%3D&t=4d5b0474&ps=13740610&shp=a5d48078&shcp=81f88b70&idc=no1a","vinamilk.official","Sữa tươi Thanh trùng – được ủ lạnh ở 2°C, nhẹ nhàng tôn vị trà và làm hạt dẻ, giữ trọn cảm giác thanh, mượt khi uống.

#Vinamilk #GreenFarm #suatuoithanhtrung","78","14","17600","4","10","47","original sound - Vinamilk - Shop & More","Vinamilk - Shop & More","true","2025-12-31T12:00:00.000Z","https://www.tiktok.com/@vinamilk.official/video/7589951526056054037"
"https://p16-common-sign.tiktokcdn-eu.com/tos-alisg-avt-0068/f6931df157a8a7b4ed63d2a9b0799621~tplv-tiktokx-cropcenter:720:720.jpeg?dr=10399&refresh_token=293b9633&x-expires=1780038000&x-signature=DaUHK9VWJsVfQj5sBUVj45J6tHw%3D&t=4d5b0474&ps=13740610&shp=a5d48078&shcp=81f88b70&idc=no1a","vinamilk.official","Sữa tươi Thanh trùng – được ủ lạnh ở 2°C có độ sóng sánh, mịn màng. Sữa mát lạnh, giữ hương vị ngọt thanh, nhẹ nhàng tôn vị Houjicha và vị bùi bùi của hạt dẻ, rất hợp cho những ngày cuối năm.
 
 #suatuoithanhtrung #Vinamilk #GreenFarm","86","11","15600","0","8","36","original sound - Vinamilk - Shop & More","Vinamilk - Shop & More","true","2025-12-31T11:00:00.000Z","https://www.tiktok.com/@vinamilk.official/video/7589950373805247764"
"https://p16-common-sign.tiktokcdn-eu.com/tos-alisg-avt-0068/f6931df157a8a7b4ed63d2a9b0799621~tplv-tiktokx-cropcenter:720:720.jpeg?dr=10399&refresh_token=293b9633&x-expires=1780038000&x-signature=DaUHK9VWJsVfQj5sBUVj45J6tHw%3D&t=4d5b0474&ps=13740610&shp=a5d48078&shcp=81f88b70&idc=no1a","vinamilk.official","Quà xinh tới rồi! Săn ngay để sở hữu trọn bộ túi của Green Farm nhaaa! Từ 8/12, nhận ngay túi thời trang khi mua Sữa chua uống sệt Vinamilk Green Farm tại các hệ thống siêu thị trên toàn quốc. 
Mua 4 chai tặng 1 túi trong cao cấp! Mua 1 thùng tặng 1 túi Tote Vinamilk!
#Vinamilk #GreenFarm #Suachuauong #6chungmen ","2474","581","1700000","78","278","78","nhạc nền - Vinamilk - Shop & More","Vinamilk - Shop & More","true","2025-12-25T02:40:04.000Z","https://www.tiktok.com/@vinamilk.official/video/7587619780702588178"
"https://p16-common-sign.tiktokcdn-eu.com/tos-alisg-avt-0068/f6931df157a8a7b4ed63d2a9b0799621~tplv-tiktokx-cropcenter:720:720.jpeg?dr=10399&refresh_token=293b9633&x-expires=1780038000&x-signature=DaUHK9VWJsVfQj5sBUVj45J6tHw%3D&t=4d5b0474&ps=13740610&shp=a5d48078&shcp=81f88b70&idc=no1a","vinamilk.official","Nhập hội săn túi xinh cùng Green Farm nha! Từ 8/12, nhận ngay túi thời trang khi mua Sữa chua uống sệt Vinamilk Green Farm tại các hệ thống siêu thị trên toàn quốc. 
Mua 4 chai tặng 1 túi trong cao cấp! Mua 1 thùng tặng 1 túi Tote Vinamilk!
#Vinamilk #GreenFarm #Suachuauong #6chungmen ","382","116","699300","15","43","82","nhạc nền - Vinamilk - Shop & More","Vinamilk - Shop & More","true","2025-12-25T02:28:08.000Z","https://www.tiktok.com/@vinamilk.official/video/7587616699017366802"
"https://p16-common-sign.tiktokcdn-eu.com/tos-alisg-avt-0068/f6931df157a8a7b4ed63d2a9b0799621~tplv-tiktokx-cropcenter:720:720.jpeg?dr=10399&refresh_token=293b9633&x-expires=1780038000&x-signature=DaUHK9VWJsVfQj5sBUVj45J6tHw%3D&t=4d5b0474&ps=13740610&shp=a5d48078&shcp=81f88b70&idc=no1a","vinamilk.official","[HOT] MỘC CHÂU CREAMERY x AN PHƯƠNG
CHỚP DEAL HỜI SALE KHỦNG vào 19:00 – 23:00 | 15/12 tại TikTok Shop Vinamilk
#Vinamilk #MocChauCreamery #Tiktokshop1512 #Salevuicuoinam","99","15","65000","2","15","19","original sound - Vinamilk - Shop & More","Vinamilk - Shop & More","true","2025-12-14T13:04:51.000Z","https://www.tiktok.com/@vinamilk.official/video/7583698852658646293"
"https://p16-common-sign.tiktokcdn-eu.com/tos-alisg-avt-0068/f6931df157a8a7b4ed63d2a9b0799621~tplv-tiktokx-cropcenter:720:720.jpeg?dr=10399&refresh_token=293b9633&x-expires=1780038000&x-signature=DaUHK9VWJsVfQj5sBUVj45J6tHw%3D&t=4d5b0474&ps=13740610&shp=a5d48078&shcp=81f88b70&idc=no1a","vinamilk.official","ĐÓN XMAS, CHỐT DEAL HỜI VỚI LONG CHUN vào 11h00 - 14h00 ngày 11/12 trên kênh TikTok Vinamilk ✨️
#Vinamilk #GreenFarm #TikTokShop1212 #Salevuicuoinam #Tiktokshopfunfest ","145","19","142900","2","17","8","nhạc nền - Vinamilk - Shop & More","Vinamilk - Shop & More","true","2025-12-09T11:32:37.000Z","https://www.tiktok.com/@vinamilk.official/video/7581819625172634900"
"https://p16-common-sign.tiktokcdn-eu.com/tos-alisg-avt-0068/f6931df157a8a7b4ed63d2a9b0799621~tplv-tiktokx-cropcenter:720:720.jpeg?dr=10399&refresh_token=293b9633&x-expires=1780038000&x-signature=DaUHK9VWJsVfQj5sBUVj45J6tHw%3D&t=4d5b0474&ps=13740610&shp=a5d48078&shcp=81f88b70&idc=no1a","vinamilk.official","TẶNG TÚI TƯƠI “TOTE” - CHỐT NĂM MƯỢT MÀ
Nhận ngay túi thời trang khi mua sữa chua uống sệt Vinamilk Green Farm
Mua 4 chai tặng 1 túi trong cao cấp
Mua 1 thùng tặng 1 túi Tote Vinamilk
📍Từ 8/12/2025 đến 8/1/2026 hoặc đến khi hết quà tặng.
📌Tại các hệ thống siêu thị trên toàn quốc.

#Vinamilk #GreenFarm #Suachuauong #6chungmen","4821","1120","27700000","1","427","6","nhạc nền - Vinamilk - Shop & More","Vinamilk - Shop & More","true","2025-12-09T02:45:42.000Z","https://www.tiktok.com/@vinamilk.official/video/7581683844269575442"
"https://p16-common-sign.tiktokcdn-eu.com/tos-alisg-avt-0068/f6931df157a8a7b4ed63d2a9b0799621~tplv-tiktokx-cropcenter:720:720.jpeg?dr=10399&refresh_token=293b9633&x-expires=1780038000&x-signature=DaUHK9VWJsVfQj5sBUVj45J6tHw%3D&t=4d5b0474&ps=13740610&shp=a5d48078&shcp=81f88b70&idc=no1a","vinamilk.official","Trà sữa vị phở? Cloud berry bông mịn vỗ về vị giác? Công thức bí mật sẽ được Barista từ Singapore Javel Chan tiết lộ ngay sau đây
Lấp đầy tủ lạnh của bạn với Green Farm
#Vinamilk #GreenFarm","46","9","16900","1","3","59","nhạc nền - Vinamilk - Shop & More","Vinamilk - Shop & More","true","2025-12-08T12:00:00.000Z","https://www.tiktok.com/@vinamilk.official/video/7581037546319252754"
"https://p16-common-sign.tiktokcdn-eu.com/tos-alisg-avt-0068/f6931df157a8a7b4ed63d2a9b0799621~tplv-tiktokx-cropcenter:720:720.jpeg?dr=10399&refresh_token=293b9633&x-expires=1780038000&x-signature=DaUHK9VWJsVfQj5sBUVj45J6tHw%3D&t=4d5b0474&ps=13740610&shp=a5d48078&shcp=81f88b70&idc=no1a","vinamilk.official","Đây chỉ là một trong những cách #Vinamilk #GreenFarm chinh phục vị giác. 
Comment nếu bạn muốn Vinamilk chia sẻ công thức này nhé!

#Vinamilk #GreenFarm","89","9","14400","0","7","49","nhạc nền - Vinamilk - Shop & More","Vinamilk - Shop & More","true","2025-12-07T12:00:00.000Z","https://www.tiktok.com/@vinamilk.official/video/7581036573483912456"
"https://p16-common-sign.tiktokcdn-eu.com/tos-alisg-avt-0068/f6931df157a8a7b4ed63d2a9b0799621~tplv-tiktokx-cropcenter:720:720.jpeg?dr=10399&refresh_token=293b9633&x-expires=1780038000&x-signature=DaUHK9VWJsVfQj5sBUVj45J6tHw%3D&t=4d5b0474&ps=13740610&shp=a5d48078&shcp=81f88b70&idc=no1a","vinamilk.official","TRÀ SỮA THUẦN CHAY 9 HẠT - Trà sữa thuần chay dành người ăn chay lại thích vị hạt, với Creamer 9 loại hạt, tha hồ sáng tạo muôn kiểu trà sữa thơmbùivị hạt,nâng đậmvị tràbạn nhé!
#Vinamilk #Creamer9LoạiHạtVinamilk #SữaĐặcThuầnChay #TràSữa9Hạt","52","14","16600","0","8","40","nhạc nền - Vinamilk - Shop & More","Vinamilk - Shop & More","true","2025-12-04T13:00:00.000Z","https://www.tiktok.com/@vinamilk.official/video/7579907549672115472"
"https://p16-common-sign.tiktokcdn-eu.com/tos-alisg-avt-0068/f6931df157a8a7b4ed63d2a9b0799621~tplv-tiktokx-cropcenter:720:720.jpeg?dr=10399&refresh_token=293b9633&x-expires=1780038000&x-signature=DaUHK9VWJsVfQj5sBUVj45J6tHw%3D&t=4d5b0474&ps=13740610&shp=a5d48078&shcp=81f88b70&idc=no1a","vinamilk.official","SINH TỐ BƠ CHUỐI 9 HẠT - Gợi ý mẹo giải nhiệt khi kết hợp Creamer 9 loại hạt cùng bơ chuối, cho ly sinh tố thơm nức mùi hạt
#Vinamilk #Creamer9LoạiHạtVinamilk #SữaĐặcThuầnChay #SinhTố9Hạt","36","11","9027","1","4","29","nhạc nền - Vinamilk - Shop & More","Vinamilk - Shop & More","true","2025-12-04T07:50:57.000Z","https://www.tiktok.com/@vinamilk.official/video/7579906872350625025"
"https://p16-common-sign.tiktokcdn-eu.com/tos-alisg-avt-0068/f6931df157a8a7b4ed63d2a9b0799621~tplv-tiktokx-cropcenter:720:720.jpeg?dr=10399&refresh_token=293b9633&x-expires=1780038000&x-signature=DaUHK9VWJsVfQj5sBUVj45J6tHw%3D&t=4d5b0474&ps=13740610&shp=a5d48078&shcp=81f88b70&idc=no1a","vinamilk.official","LẨU SỮA TRƯỜNG THỌ 9 HẠT - Món lẩu thanh đạm, nay thêm mới lạ nhờ vị béo bùi từ Creamer 9 hạt,  kết hợp với vị ngọt tự nhiên từ nước dùng rau củ.

#Vinamilk #Creamer9LoạiHạtVinamilk #SữaĐặcThuầnChay #LẩuSữa9Hạt","77","34","14900","1","24","39","original sound - Vinamilk - Shop & More","Vinamilk - Shop & More","true","2025-12-02T07:57:36.000Z","https://www.tiktok.com/@vinamilk.official/video/7579166361004281089"
"https://p16-common-sign.tiktokcdn-eu.com/tos-alisg-avt-0068/f6931df157a8a7b4ed63d2a9b0799621~tplv-tiktokx-cropcenter:720:720.jpeg?dr=10399&refresh_token=293b9633&x-expires=1780038000&x-signature=DaUHK9VWJsVfQj5sBUVj45J6tHw%3D&t=4d5b0474&ps=13740610&shp=a5d48078&shcp=81f88b70&idc=no1a","vinamilk.official","🍌🐮Sữa tươi 100% vị chuối được vắt từ những cô bò ăn chuối? 

Bí mật bật mí! Sữa tươi Vinamilk 100% vị Chuối là sự hòa quyện hài hòa giữa sữa tươi giảm béo* thanh nhẹ cùng nước ép chuối tự nhiên, tạo nên một vị ngon vừa thơm nồng vừa dịu mát.

Tươi ngon rực rỡ, lỡ uống là mê, bạn thử chưa? 

(*) Giảm tới 25% hàm lượng chất béo so với Sữa tươi tiệt trùng không đường nhãn hiệu Vinamilk 100% Sữa tươi.
#vinamilk #suatuoi100 #vatmoingay #tuoimoingay","82","47","17300","2","16","18","nhạc nền - Vinamilk - Shop & More","Vinamilk - Shop & More","true","2025-12-01T14:39:15.000Z","https://www.tiktok.com/@vinamilk.official/video/7578899065363254549"
"https://p16-common-sign.tiktokcdn-eu.com/tos-alisg-avt-0068/f6931df157a8a7b4ed63d2a9b0799621~tplv-tiktokx-cropcenter:720:720.jpeg?dr=10399&refresh_token=293b9633&x-expires=1780038000&x-signature=DaUHK9VWJsVfQj5sBUVj45J6tHw%3D&t=4d5b0474&ps=13740610&shp=a5d48078&shcp=81f88b70&idc=no1a","vinamilk.official","VINAMILK MỜI BẠN THÂN: 
ĐẾN VUI CHƠI - KHUI QUÀ CHẤT! 

Chưa thể hạ nhiệt, vì chiếc áo ADLV x Thương hiệu Ông Thọ đang nhận được quá nhiều tình yêu. Đã thế thì Vinamilk chiêu đãi tiệc lớn, hẹn bạn thân tuần này (29–30/11) đến chung vui – khui quà:

🎁 Rinh quà rủng rỉnh, đặc biệt là siêu phẩm áo ADLV cực cool
🐻 7749 kiểu ảnh check-in cực chất cùng Gấu Teddy Khổng Lồ 
🥤 Nâng tầm trải nghiệm vị giác với công thức sáng tạo từ “Sữa Ông Thọ”
Cùng hàng loạt hoạt động hấp dẫn khác đang chờ đón bạn.

Số lượng quà tặng có hạn, nhanh nhanh ghé chơi để không bỏ lỡ! Điểm hẹn của chúng mình tại: 
📍 Vinamilk 182A Nguyễn Thị Minh Khai, P.Xuân Hòa, TP.HCM
🕙 10:00 – 20:00 | 29–30/11/2025

💙 Không gặp không về nhaaa!

#VinamilkxADLV #Hinhanhquocdan #CoolVibeQuocTe #ADLV","71","7","17000","8","9","11","nhạc nền - Vinamilk - Shop & More","Vinamilk - Shop & More","true","2025-11-28T09:27:17.000Z","https://www.tiktok.com/@vinamilk.official/video/7577705419041230101"
"https://p16-common-sign.tiktokcdn-eu.com/tos-alisg-avt-0068/f6931df157a8a7b4ed63d2a9b0799621~tplv-tiktokx-cropcenter:720:720.jpeg?dr=10399&refresh_token=293b9633&x-expires=1780038000&x-signature=DaUHK9VWJsVfQj5sBUVj45J6tHw%3D&t=4d5b0474&ps=13740610&shp=a5d48078&shcp=81f88b70&idc=no1a","vinamilk.official","VUI SẮM MÊ SAY – RƯỚC NGAY ÁO CHẤT!

🐮x🧸 Chấn động giới mộ điệu lẫn hội mê sữa: chiếc áo Sữa Ông Thọ x ADLV đang gây bão mọi mặt trận!

Áo cool thế này, sao để có đây? Bỏ túi ngay thể lệ săn áo:

💙 Đặc quyền “người nhà” Vinamilk:
👉 50 chiếc áo siêu cool sẽ thuộc về TOP 50 khách hàng có tổng chi tiêu cao nhất trên App/Web Vinamilk từ 20–28/11/2025.
👉 Lưu ý nhỏ xinh: hóa đơn cần có ít nhất 1 creamer đặc có đường Vinamilk dạng tuýp 165g và không bao gồm sản phẩm trong danh sách loại trừ.

💙 Dành riêng “hàng xóm” ghé chơi:
👉 Trong hai ngày 29–30/11/2025, tại cửa hàng Vinamilk sẽ có hàng loạt hoạt động thú vị để bạn tham gia và săn áo ADLV!

Siêu phẩm siêu giới hạn, bạn còn chần chờ gì nữa mà không săn ngay và luôn!!!!!!!!! 

#VinamilkxADLV #Hìnhảnhquốcdân #CoolVibeQuốcTế #ADLV","33","4","10300","0","6","15","nhạc nền - Vinamilk - Shop & More","Vinamilk - Shop & More","true","2025-11-25T03:38:45.000Z","https://www.tiktok.com/@vinamilk.official/video/7576502353835117832"
"https://p16-common-sign.tiktokcdn-eu.com/tos-alisg-avt-0068/f6931df157a8a7b4ed63d2a9b0799621~tplv-tiktokx-cropcenter:720:720.jpeg?dr=10399&refresh_token=293b9633&x-expires=1780038000&x-signature=DaUHK9VWJsVfQj5sBUVj45J6tHw%3D&t=4d5b0474&ps=13740610&shp=a5d48078&shcp=81f88b70&idc=no1a","vinamilk.official","Đến chơi tân gia, mà mình lại có quà mang về… Phải gọi là thích mê!!!
✨ Check-in tại cửa hàng – nhận ngay món ngon hot hit: Kombucha HAYĐẤY, Sữa tươi 100% vị Socola, Bắp và Dưa Lưới mới tinh.
🎁 Sắm đơn từ 400K – cơ hội rinh về quà xinh: 2 nam châm trong bộ nam châm 34 tỉnh thành, túi tote sành điệu, gấu bông xinh yêu…
Cửa hàng Vinamilk 11 Bùi Bằng Đoàn, phường Tân Hưng - Đến là đón, qua là có quà!
Số lượng quà tặng có hạn, qua nhanh kẻo lỡ nha!
#Vinamilk #VinamilkShopandMore #CuahangVinamilk #KhaiTruongCuahangVinamilk #Trendy #우유가게","242","51","32200","15","31","30","nhạc nền - Vinamilk - Shop & More","Vinamilk - Shop & More","true","2025-11-24T12:00:00.000Z","https://www.tiktok.com/@vinamilk.official/video/7576228941308906753"
"https://p16-common-sign.tiktokcdn-eu.com/tos-alisg-avt-0068/f6931df157a8a7b4ed63d2a9b0799621~tplv-tiktokx-cropcenter:720:720.jpeg?dr=10399&refresh_token=293b9633&x-expires=1780038000&x-signature=DaUHK9VWJsVfQj5sBUVj45J6tHw%3D&t=4d5b0474&ps=13740610&shp=a5d48078&shcp=81f88b70&idc=no1a","vinamilk.official","Lần đầu tiên ghé siêu cửa hàng Vinamilk, thấy gì cũng nhất!
😉 Mà nhất cái gì thì mời mọi người cùng xem video là biết ngay!
⭐️ Đặc biệt là, nhất định không thể bỏ lỡ nhiều chương trình hấp dẫn, trải nghiệm thú vị chỉ có tại siêu cửa hàng Vinamilk tại 11 Bùi Bằng Đoàn, phường Tân Hưng, Tp. Hồ Chí Minh trong hôm nay nha!
#Vinamilk #VinamilkShopandMore #CuahangVinamilk #KhaiTruongCuahangVinamilk  #우유가게","706","139","60100","29","76","51","nhạc nền - Vinamilk - Shop & More","Vinamilk - Shop & More","true","2025-11-24T09:00:02.000Z","https://www.tiktok.com/@vinamilk.official/video/7576213615926185233"
"https://p16-common-sign.tiktokcdn-eu.com/tos-alisg-avt-0068/f6931df157a8a7b4ed63d2a9b0799621~tplv-tiktokx-cropcenter:720:720.jpeg?dr=10399&refresh_token=293b9633&x-expires=1780038000&x-signature=DaUHK9VWJsVfQj5sBUVj45J6tHw%3D&t=4d5b0474&ps=13740610&shp=a5d48078&shcp=81f88b70&idc=no1a","vinamilk.official","Mở menu tasing bar ra mà xem, có món gì nè?
🍹 Tận 4 thức uống với 4 hương vị lạ lạ quen quen. Nhìn ngon mắt, uống thích mê, vậy pha chế có dễ? Công thức độc quyền từ Jovel Chan!
😊 Bạn thích món nào nhất, đến ngay siêu cửa hàng Vinamilk tại 11 Bùi Bằng Đoàn, phường Tân Hưng, Tp Hồ Chí Minh để tự tay pha món mình yêu thích nha!
⏰ Thời gian: Chủ nhật, 23/11 vào khung giờ từ 16-17:30.
Ngoài ra, chốt đơn TỪ 400K là rinh ngay quà XỊN SÒ: bộ nam châm 34 tỉnh thành, túi tote xinh yêu, gấu bông dễ thương🎁🧸
📍 Số lượng & thời gian có hạn – tới ngay để không nói “Giá như…”! 😆💨
#Vinamilk #VinamilkShopandMore #CuahangVinamilk #KhaiTruongCuahangVinamilk #Trendy #우유가게","114","15","11300","4","18","61","nhạc nền - Vinamilk - Shop & More","Vinamilk - Shop & More","true","2025-11-23T07:00:00.000Z","https://www.tiktok.com/@vinamilk.official/video/7575787251850956048"
"https://p16-common-sign.tiktokcdn-eu.com/tos-alisg-avt-0068/f6931df157a8a7b4ed63d2a9b0799621~tplv-tiktokx-cropcenter:720:720.jpeg?dr=10399&refresh_token=293b9633&x-expires=1780038000&x-signature=DaUHK9VWJsVfQj5sBUVj45J6tHw%3D&t=4d5b0474&ps=13740610&shp=a5d48078&shcp=81f88b70&idc=no1a","vinamilk.official","TRẢI NGHIỆM TASTING BAR THÚ VỊ THẾ NÀO? 🤩 Mời mọi người xem video là biết nha!!
👉 Dành cho những ai hôm qua vẫn chưa kịp tham gia thì có thể ghé lại siêu cửa hàng Vinamilk tại 11 Bùi Bằng Đoàn, phường Tân Hưng, Tp Hồ Chí Minh vào hôm nay nha!
⏰ Thời gian: Chủ nhật, 23/11 vào khung giờ từ 16-17:30.
Không gian sống ảo siêu HOT, sản phẩm XỊN CHẤT, kèm hằng hà sa số QUÀ XINH LUNG LINH vẫn đang chờ bạn tới rinh về đó! 🎁
Ghé liền tay kẻo lỡ nhaaaa! 🔥
#Vinamilk#VinamilkShopandMore#CuahangVinamilk#KhaiTruongCuahangVinamilk #Trendy #우유가게","116","31","14100","4","18","25","nhạc nền - Vinamilk - Shop & More","Vinamilk - Shop & More","true","2025-11-23T06:00:00.000Z","https://www.tiktok.com/@vinamilk.official/video/7575787117788269825"
"https://p16-common-sign.tiktokcdn-eu.com/tos-alisg-avt-0068/f6931df157a8a7b4ed63d2a9b0799621~tplv-tiktokx-cropcenter:720:720.jpeg?dr=10399&refresh_token=293b9633&x-expires=1780038000&x-signature=DaUHK9VWJsVfQj5sBUVj45J6tHw%3D&t=4d5b0474&ps=13740610&shp=a5d48078&shcp=81f88b70&idc=no1a","vinamilk.official","Xem các milk-tendar mà Vinamilk mới tìm ra nè! Được cô giáo Jovel Chan hướng dẫn vài bước cơ bản thôi mà ai cũng pha ra những món nước nhìn đẹp mắt lại còn ngon lành!
👉 Dành cho những ai hôm qua vẫn chưa kịp tham gia thì có thể ghé lại siêu cửa hàng Vinamilk tại 11 Bùi Bằng Đoàn, phường Tân Hưng, Tp Hồ Chí Minh vào hôm nay nha!
⏰ Thời gian: Chủ nhật, 23/11 vào khung giờ từ 16-17:30.
Đừng quên đến sớm về trải nghiệm nhé! Số lượng có hạn!
#Vinamilk #VinamilkShopandMore #CuahangVinamilk #KhaiTruongCuahangVinamilk #Trendy #우유가게","179","23","37100","2","9","37","nhạc nền - Vinamilk - Shop & More","Vinamilk - Shop & More","true","2025-11-23T05:04:13.000Z","https://www.tiktok.com/@vinamilk.official/video/7575781899193404688"
"https://p16-common-sign.tiktokcdn-eu.com/tos-alisg-avt-0068/f6931df157a8a7b4ed63d2a9b0799621~tplv-tiktokx-cropcenter:720:720.jpeg?dr=10399&refresh_token=293b9633&x-expires=1780038000&x-signature=DaUHK9VWJsVfQj5sBUVj45J6tHw%3D&t=4d5b0474&ps=13740610&shp=a5d48078&shcp=81f88b70&idc=no1a","vinamilk.official","ĐỊA ĐIÊM SỐNG ẢO CỰC HOT MỚI CỦA NGƯỜI SÀI GÒN!
SIÊU CỬA HÀNG VINAMILK tại 11 Bùi Bằng Đoàn  đây cả nhà ơi! 🔥📸
Bạn ghé check-in chưa? Nếu chưa thì lên đồ, sạc pin điện thoại và đi ngay kẻo lỡ trend nha!
📍 Địa chỉ: 11 Bùi Bằng Đoàn, Phường Tân Hưng, TP. Hồ Chí Minh
👉 Hẹn hội bạn tới pose dáng, bắt trọn từng góc xịn xò nhé! 💃🕺
#Vinamilk #VinamilkShopandMore #CuahangVinamilk #KhaiTruongCuahangVinamilk #Trendy #우유가게","93","25","12300","2","8","19","nhạc nền - Vinamilk - Shop & More","Vinamilk - Shop & More","true","2025-11-23T05:04:10.000Z","https://www.tiktok.com/@vinamilk.official/video/7575781928431865105"
"https://p16-common-sign.tiktokcdn-eu.com/tos-alisg-avt-0068/f6931df157a8a7b4ed63d2a9b0799621~tplv-tiktokx-cropcenter:720:720.jpeg?dr=10399&refresh_token=293b9633&x-expires=1780038000&x-signature=DaUHK9VWJsVfQj5sBUVj45J6tHw%3D&t=4d5b0474&ps=13740610&shp=a5d48078&shcp=81f88b70&idc=no1a","vinamilk.official","Tung deal hot cuối cùng đón chờ Super Brand Festival 19-21/11 cùng Vinamilk!
#vinamilk #SuperBrandFestival #TiecDealXinh ","54","3","23700","0","7","12","original sound - Vinamilk - Shop & More","Vinamilk - Shop & More","true","2025-11-18T12:35:41.000Z","https://www.tiktok.com/@vinamilk.official/video/7574043132803681556"
"https://p16-common-sign.tiktokcdn-eu.com/tos-alisg-avt-0068/f6931df157a8a7b4ed63d2a9b0799621~tplv-tiktokx-cropcenter:720:720.jpeg?dr=10399&refresh_token=293b9633&x-expires=1780038000&x-signature=DaUHK9VWJsVfQj5sBUVj45J6tHw%3D&t=4d5b0474&ps=13740610&shp=a5d48078&shcp=81f88b70&idc=no1a","vinamilk.official","Mua Vinamilk SURE mới - nguồn năng lượng giúp Ba Mẹ khỏe mạnh, ăn ngon ngủ ngon. Ưu đãi kèm quà xinh chỉ có trong 19-21/11.
#vinamilk #SuperBrandFestival #TiecDealXinh ","34","12","17300","2","5","12","nhạc nền - Vinamilk - Shop & More","Vinamilk - Shop & More","true","2025-11-18T02:11:43.000Z","https://www.tiktok.com/@vinamilk.official/video/7573882311062686997"
"https://p16-common-sign.tiktokcdn-eu.com/tos-alisg-avt-0068/f6931df157a8a7b4ed63d2a9b0799621~tplv-tiktokx-cropcenter:720:720.jpeg?dr=10399&refresh_token=293b9633&x-expires=1780038000&x-signature=DaUHK9VWJsVfQj5sBUVj45J6tHw%3D&t=4d5b0474&ps=13740610&shp=a5d48078&shcp=81f88b70&idc=no1a","vinamilk.official","Chọn năng lượng từ hạt - nhận 1 lốc sữa hạt mè đen vị mới, nhanh tay nào các mom ơi! 
#vinamilk #SuperBrandFestival #TiecDealXinh ","31","5","14700","2","4","12","nhạc nền - Vinamilk - Shop & More","Vinamilk - Shop & More","true","2025-11-17T10:52:42.000Z","https://www.tiktok.com/@vinamilk.official/video/7573645507256388885"
"https://p16-common-sign.tiktokcdn-eu.com/tos-alisg-avt-0068/f6931df157a8a7b4ed63d2a9b0799621~tplv-tiktokx-cropcenter:720:720.jpeg?dr=10399&refresh_token=293b9633&x-expires=1780038000&x-signature=DaUHK9VWJsVfQj5sBUVj45J6tHw%3D&t=4d5b0474&ps=13740610&shp=a5d48078&shcp=81f88b70&idc=no1a","vinamilk.official","MỚI! DIELAC GROW PLUS NAY ĐÃ CÓ HƯƠNG DÂU & CHUỐI 🍓🍌​

Biết khẩu vị bé ngày càng đa dạng, Dielac Grow Plus kết nạp thêm 2 gương mặt Dâu & Chuối mới - thơm thơm, thanh thanh, ít ngọt dễ uống. ​

Vậy là menu Dielac Grow Plus nay đã có 3 hương vị ngon lành cho bé tự do lựa chọn. Mỗi ngày đủ 3 hộp, tăng cân bền cao lên rõ chẳng hề khó mẹ ơi! ​

#Vinamilk #DielacGrowPlus #DielacVoi #TăngCânBền #CaoLênRõ","49","11","20000","0","11","8","nhạc nền - Vinamilk - Shop & More","Vinamilk - Shop & More","true","2025-11-17T08:00:00.000Z","https://www.tiktok.com/@vinamilk.official/video/7573590733311986965"
"https://p16-common-sign.tiktokcdn-eu.com/tos-alisg-avt-0068/f6931df157a8a7b4ed63d2a9b0799621~tplv-tiktokx-cropcenter:720:720.jpeg?dr=10399&refresh_token=293b9633&x-expires=1780038000&x-signature=DaUHK9VWJsVfQj5sBUVj45J6tHw%3D&t=4d5b0474&ps=13740610&shp=a5d48078&shcp=81f88b70&idc=no1a","vinamilk.official","Mở màn Super Brand Festival 19-21.11 là các món quà xinh iu của Sữa bột trẻ em, các mom đón chờ nhé!
#vinamilk #SuperBrandFestival #TiecDealXinh","34","10","11000","0","3","12","nhạc nền - Vinamilk - Shop & More","Vinamilk - Shop & More","true","2025-11-17T03:12:30.000Z","https://www.tiktok.com/@vinamilk.official/video/7573526892532337941"
"https://p16-common-sign.tiktokcdn-eu.com/tos-alisg-avt-0068/f6931df157a8a7b4ed63d2a9b0799621~tplv-tiktokx-cropcenter:720:720.jpeg?dr=10399&refresh_token=293b9633&x-expires=1780038000&x-signature=DaUHK9VWJsVfQj5sBUVj45J6tHw%3D&t=4d5b0474&ps=13740610&shp=a5d48078&shcp=81f88b70&idc=no1a","vinamilk.official","Tiết lộ thành tích ấn tượng của các runners tại GEMADEPT RUN 2025 với sự tiếp sức từ Vinamilk Green Farm Cao Đạm! #Vinamilk #GreenFarm #CaoDam #GemadeptRun ","15","5","7313","2","3","69","Vibes","ZHRMusic","false","2025-11-10T05:52:32.000Z","https://www.tiktok.com/@vinamilk.official/video/7570970539217456404"
"https://p16-common-sign.tiktokcdn-eu.com/tos-alisg-avt-0068/f6931df157a8a7b4ed63d2a9b0799621~tplv-tiktokx-cropcenter:720:720.jpeg?dr=10399&refresh_token=293b9633&x-expires=1780038000&x-signature=DaUHK9VWJsVfQj5sBUVj45J6tHw%3D&t=4d5b0474&ps=13740610&shp=a5d48078&shcp=81f88b70&idc=no1a","vinamilk.official","Vinamilk Green Farm Cao Đạm đã mang đến những gì bất ngờ cho các runners tại Gemadept Run 2025? Cùng khám phá tại giây thứ 10 nhé! #Vinamilk #GreenFarm #CaoDam #GemadeptRun #VocêNasceuParaMudar ","14","4","5043","0","3","62","Vibes","ZHRMusic","false","2025-11-10T05:49:27.000Z","https://www.tiktok.com/@vinamilk.official/video/7570969741968346389"
"https://p16-common-sign.tiktokcdn-eu.com/tos-alisg-avt-0068/f6931df157a8a7b4ed63d2a9b0799621~tplv-tiktokx-cropcenter:720:720.jpeg?dr=10399&refresh_token=293b9633&x-expires=1780038000&x-signature=DaUHK9VWJsVfQj5sBUVj45J6tHw%3D&t=4d5b0474&ps=13740610&shp=a5d48078&shcp=81f88b70&idc=no1a","vinamilk.official","Bật mí bí kíp chinh phục mục tiêu của các runners GEMADEPT RUN 2025 trong 55 giây! #Vinamilk #GreenFarm #CaoDam #GemadeptRun  ","32","9","7117","2","4","55","Vibes","ZHRMusic","false","2025-11-10T05:44:30.000Z","https://www.tiktok.com/@vinamilk.official/video/7570968471488564501"
"https://p16-common-sign.tiktokcdn-eu.com/tos-alisg-avt-0068/f6931df157a8a7b4ed63d2a9b0799621~tplv-tiktokx-cropcenter:720:720.jpeg?dr=10399&refresh_token=293b9633&x-expires=1780038000&x-signature=DaUHK9VWJsVfQj5sBUVj45J6tHw%3D&t=4d5b0474&ps=13740610&shp=a5d48078&shcp=81f88b70&idc=no1a","vinamilk.official","Một khoảng nghỉ để vỗ về vị giác.
Lên men tự nhiên sữa tươi nguyên kem tinh khiết từ các trang trại sinh thái Green Farm cho chất sữa mềm mượt mướt mê. Vinamilk Green Farm Sữa chua uống thanh trùng có gì khiến ta mải mê mê mãi?

#Vinamilk #GreenFarm #Suachuauong #6chungmen","3061","886","11200000","15","386","15","original sound - Vinamilk - Shop & More","Vinamilk - Shop & More","true","2025-11-03T11:23:39.000Z","https://www.tiktok.com/@vinamilk.official/video/7568458284403887367"
"https://p16-common-sign.tiktokcdn-eu.com/tos-alisg-avt-0068/f6931df157a8a7b4ed63d2a9b0799621~tplv-tiktokx-cropcenter:720:720.jpeg?dr=10399&refresh_token=293b9633&x-expires=1780038000&x-signature=DaUHK9VWJsVfQj5sBUVj45J6tHw%3D&t=4d5b0474&ps=13740610&shp=a5d48078&shcp=81f88b70&idc=no1a","vinamilk.official","Tiết lộ thành tích ấn tượng của các runners tại GEMADEPT RUN 2025 với sự tiếp sức từ Vinamilk Green Farm Cao Đạm!

#Vinamilk #GreenFarm #CaoDam #GemadeptRun","27","4","9795","2","1","69","original sound - Vinamilk - Shop & More","Vinamilk - Shop & More","true","2025-10-31T12:00:00.000Z","https://www.tiktok.com/@vinamilk.official/video/7567326253888408833"
"https://p16-common-sign.tiktokcdn-eu.com/tos-alisg-avt-0068/f6931df157a8a7b4ed63d2a9b0799621~tplv-tiktokx-cropcenter:720:720.jpeg?dr=10399&refresh_token=293b9633&x-expires=1780038000&x-signature=DaUHK9VWJsVfQj5sBUVj45J6tHw%3D&t=4d5b0474&ps=13740610&shp=a5d48078&shcp=81f88b70&idc=no1a","vinamilk.official","Vinamilk Green Farm Cao Đạm đã mang đến những bất ngờ gì cho các runners tại Gemadept Run 2025?
Cùng khám phá tại giây 10 nhé!
#Vinamilk #GreenFarm #CaoDam #GemadeptRun","32","5","27700","0","4","62","original sound - Vinamilk - Shop & More","Vinamilk - Shop & More","true","2025-10-30T12:00:00.000Z","https://www.tiktok.com/@vinamilk.official/video/7566630451784649992"
"https://p16-common-sign.tiktokcdn-eu.com/tos-alisg-avt-0068/f6931df157a8a7b4ed63d2a9b0799621~tplv-tiktokx-cropcenter:720:720.jpeg?dr=10399&refresh_token=293b9633&x-expires=1780038000&x-signature=DaUHK9VWJsVfQj5sBUVj45J6tHw%3D&t=4d5b0474&ps=13740610&shp=a5d48078&shcp=81f88b70&idc=no1a","vinamilk.official","Bật mí bí kíp chinh phục mục tiêu của các runners GEMADEPT RUN 2025 trong 55 giây!
#Vinamilk #GreenFarm #CaoDam #GemadeptRun","34","8","35100","2","4","55","original sound - Vinamilk - Shop & More","Vinamilk - Shop & More","true","2025-10-29T05:00:00.000Z","https://www.tiktok.com/@vinamilk.official/video/7566485137488235794"
"https://p16-common-sign.tiktokcdn-eu.com/tos-alisg-avt-0068/f6931df157a8a7b4ed63d2a9b0799621~tplv-tiktokx-cropcenter:720:720.jpeg?dr=10399&refresh_token=293b9633&x-expires=1780038000&x-signature=DaUHK9VWJsVfQj5sBUVj45J6tHw%3D&t=4d5b0474&ps=13740610&shp=a5d48078&shcp=81f88b70&idc=no1a","vinamilk.official","STEAK CÁ HỒI XỐT 9 HẠT - Steak cá hồi áp chảo thơm ngậy, thêm xốt kem 9 hạt béo nhẹ, đậm vị hạt. Bắt tay thử ngay!​
​
#Vinamilk #Creamer9LoạiHạtVinamilk #SữaĐặcThuầnChay #SteakCáHồi9Hạt ​","25","6","9303","1","6","69","original sound - Vinamilk - Shop & More","Vinamilk - Shop & More","true","2025-10-28T10:30:48.000Z","https://www.tiktok.com/@vinamilk.official/video/7566218161121414407"
"https://p16-common-sign.tiktokcdn-eu.com/tos-alisg-avt-0068/f6931df157a8a7b4ed63d2a9b0799621~tplv-tiktokx-cropcenter:720:720.jpeg?dr=10399&refresh_token=293b9633&x-expires=1780038000&x-signature=DaUHK9VWJsVfQj5sBUVj45J6tHw%3D&t=4d5b0474&ps=13740610&shp=a5d48078&shcp=81f88b70&idc=no1a","vinamilk.official","THỊT CHIÊN XÙ XỐT DỨA 9 HẠT – Tonkatsu phiên bản mới: giòn rụm – chua nhẹ – ngọt thanh – đẫm hạt. Cùng lăn vào bếp nhé! 
#Vinamilk #Creamer9LoạiHạtVinamilk #SữaĐặcThuầnChay #SinhTố9Hạt","51","10","20600","1","18","64","original sound - Vinamilk - Shop & More","Vinamilk - Shop & More","true","2025-10-28T04:24:36.000Z","https://www.tiktok.com/@vinamilk.official/video/7566123779680685330"
"https://p16-common-sign.tiktokcdn-eu.com/tos-alisg-avt-0068/f6931df157a8a7b4ed63d2a9b0799621~tplv-tiktokx-cropcenter:720:720.jpeg?dr=10399&refresh_token=293b9633&x-expires=1780038000&x-signature=DaUHK9VWJsVfQj5sBUVj45J6tHw%3D&t=4d5b0474&ps=13740610&shp=a5d48078&shcp=81f88b70&idc=no1a","vinamilk.official","Bí kíp ăn đủ đạm của người Singapore là?
#Vinamilk #GreenFarm #CaoDam","212","34","43100","14","48","63","nhạc nền - Vinamilk - Shop & More","Vinamilk - Shop & More","true","2025-10-23T12:00:00.000Z","https://www.tiktok.com/@vinamilk.official/video/7564331304288914708"
"https://p16-common-sign.tiktokcdn-eu.com/tos-alisg-avt-0068/f6931df157a8a7b4ed63d2a9b0799621~tplv-tiktokx-cropcenter:720:720.jpeg?dr=10399&refresh_token=293b9633&x-expires=1780038000&x-signature=DaUHK9VWJsVfQj5sBUVj45J6tHw%3D&t=4d5b0474&ps=13740610&shp=a5d48078&shcp=81f88b70&idc=no1a","vinamilk.official","Secret của Vinamilk Green Farm x GrabCar có gì?
Bí mật được bật mí tại giây 0:02, khám phá ngay!
——
Hoạt động kéo dài từ 18-25/10 khi đặt xe GrabCar
*Số lượng quà tặng có hạn, chương trình có thể kết thúc trước 25/10
#Vinamilk #GreenFarm #GrabCar #Grab #Suachuauong","619","61","1300000","6","68","11","original sound - Vinamilk - Shop & More","Vinamilk - Shop & More","true","2025-10-22T02:48:29.000Z","https://www.tiktok.com/@vinamilk.official/video/7563872460815404304"
"https://p16-common-sign.tiktokcdn-eu.com/tos-alisg-avt-0068/f6931df157a8a7b4ed63d2a9b0799621~tplv-tiktokx-cropcenter:720:720.jpeg?dr=10399&refresh_token=293b9633&x-expires=1780038000&x-signature=DaUHK9VWJsVfQj5sBUVj45J6tHw%3D&t=4d5b0474&ps=13740610&shp=a5d48078&shcp=81f88b70&idc=no1a","vinamilk.official","Quà xinh tới rồi!
Lên chuyến xe hoa cùng Green Farm nào!
——
Từ 18/10 - 25/10, khi đặt GrabCar nàng sẽ nhận món quà ngon lành.
*Số lượng quà tặng có hạn, chương trình có thể kết thúc trước 25/10
#Vinamilk #GreenFarm #GrabCar #Grab #Suachuauong","255","35","896400","10","34","11","original sound - Vinamilk - Shop & More","Vinamilk - Shop & More","true","2025-10-22T02:40:54.000Z","https://www.tiktok.com/@vinamilk.official/video/7563870557825944839"
"https://p16-common-sign.tiktokcdn-eu.com/tos-alisg-avt-0068/f6931df157a8a7b4ed63d2a9b0799621~tplv-tiktokx-cropcenter:720:720.jpeg?dr=10399&refresh_token=293b9633&x-expires=1780038000&x-signature=DaUHK9VWJsVfQj5sBUVj45J6tHw%3D&t=4d5b0474&ps=13740610&shp=a5d48078&shcp=81f88b70&idc=no1a","vinamilk.official","Sữa tươi cao đạm mà vị mỏng nhẹ bất ngờ??

#Vinamilk #GreenFarm #California #CaoDam","150","47","76000","0","25","74","original sound - Vinamilk - Shop & More","Vinamilk - Shop & More","true","2025-10-15T12:00:00.000Z","https://www.tiktok.com/@vinamilk.official/video/7560566886199479568"
"https://p16-common-sign.tiktokcdn-eu.com/tos-alisg-avt-0068/f6931df157a8a7b4ed63d2a9b0799621~tplv-tiktokx-cropcenter:720:720.jpeg?dr=10399&refresh_token=293b9633&x-expires=1780038000&x-signature=DaUHK9VWJsVfQj5sBUVj45J6tHw%3D&t=4d5b0474&ps=13740610&shp=a5d48078&shcp=81f88b70&idc=no1a","vinamilk.official","SỮA CHUA UỐNG SỆT ĐẦU TIÊN VÀ DUY NHẤT TRÊN THỊ TRƯỜNG

Có 6 chủng men và lợi khuẩn! Hệ lợi khuẩn nhiều gấp 3 lần so với mức tối thiểu* của sữa chua thông thường giúp tăng khả năng cân bằng hệ vi sinh đường ruột, tốt cho hệ tiêu hóa.

*Theo tiêu chuẩn quốc gia CODEX

#Vinamilk #GreenFarm #Suachuauong #6chungmen","4795","1176","24400000","30","563","20","nhạc nền - Vinamilk - Shop & More","Vinamilk - Shop & More","true","2025-10-15T11:25:06.000Z","https://www.tiktok.com/@vinamilk.official/video/7561408048980643080"
"https://p16-common-sign.tiktokcdn-eu.com/tos-alisg-avt-0068/f6931df157a8a7b4ed63d2a9b0799621~tplv-tiktokx-cropcenter:720:720.jpeg?dr=10399&refresh_token=293b9633&x-expires=1780038000&x-signature=DaUHK9VWJsVfQj5sBUVj45J6tHw%3D&t=4d5b0474&ps=13740610&shp=a5d48078&shcp=81f88b70&idc=no1a","vinamilk.official","Green Farm Cao đạm đã có mặt tại Singapore??

#Vinamilk #GreenFarm #California #CaoDam","18","9","7742","4","8","34","Swear By It","Chris Alan Lee","false","2025-10-14T12:00:00.000Z","https://www.tiktok.com/@vinamilk.official/video/7561026389080657168"
"https://p16-common-sign.tiktokcdn-eu.com/tos-alisg-avt-0068/f6931df157a8a7b4ed63d2a9b0799621~tplv-tiktokx-cropcenter:720:720.jpeg?dr=10399&refresh_token=293b9633&x-expires=1780038000&x-signature=DaUHK9VWJsVfQj5sBUVj45J6tHw%3D&t=4d5b0474&ps=13740610&shp=a5d48078&shcp=81f88b70&idc=no1a","vinamilk.official","Vừa tập và giải đáp thắc mắc về đạm?

#Vinamilk #GreenFarm #California #CaoDam","26","11","14500","4","4","87","original sound - Vinamilk - Shop & More","Vinamilk - Shop & More","true","2025-10-13T12:00:00.000Z","https://www.tiktok.com/@vinamilk.official/video/7560537875176049938"
"https://p16-common-sign.tiktokcdn-eu.com/tos-alisg-avt-0068/f6931df157a8a7b4ed63d2a9b0799621~tplv-tiktokx-cropcenter:720:720.jpeg?dr=10399&refresh_token=293b9633&x-expires=1780038000&x-signature=DaUHK9VWJsVfQj5sBUVj45J6tHw%3D&t=4d5b0474&ps=13740610&shp=a5d48078&shcp=81f88b70&idc=no1a","vinamilk.official","Đẹp dễ lắm NHA, ĐAM mê đẹp dễ gì bỏ qua!
Hẹn các người đẹp một ngày không xa!
#Vinamilk #SữaChuaNhaĐam #ĐẹpNhờNhai","2632","382","8200000","23","209","7","nhạc nền - Vinamilk - Shop & More","Vinamilk - Shop & More","true","2025-10-08T10:54:51.000Z","https://www.tiktok.com/@vinamilk.official/video/7558802658606206226"
"https://p16-common-sign.tiktokcdn-eu.com/tos-alisg-avt-0068/f6931df157a8a7b4ed63d2a9b0799621~tplv-tiktokx-cropcenter:720:720.jpeg?dr=10399&refresh_token=293b9633&x-expires=1780038000&x-signature=DaUHK9VWJsVfQj5sBUVj45J6tHw%3D&t=4d5b0474&ps=13740610&shp=a5d48078&shcp=81f88b70&idc=no1a","vinamilk.official","STEAK CÁ HỒI XỐT 9 HẠT - Steak cá hồi áp chảo thơm ngậy, thêm xốt kem 9 hạt béo nhẹ, đậm vị hạt. Bắt tay thử ngay!​
​
#Vinamilk #Creamer9LoạiHạtVinamilk #SữaĐặcThuầnChay #SteakCáHồi9Hạt ​","15","0","2119","4","2","69","original sound - Vinamilk - Shop & More","Vinamilk - Shop & More","true","2025-10-08T07:02:01.000Z","https://www.tiktok.com/@vinamilk.official/video/7558742631149325575"
"https://p16-common-sign.tiktokcdn-eu.com/tos-alisg-avt-0068/f6931df157a8a7b4ed63d2a9b0799621~tplv-tiktokx-cropcenter:720:720.jpeg?dr=10399&refresh_token=293b9633&x-expires=1780038000&x-signature=DaUHK9VWJsVfQj5sBUVj45J6tHw%3D&t=4d5b0474&ps=13740610&shp=a5d48078&shcp=81f88b70&idc=no1a","vinamilk.official","HAYĐẤY CÓ TRÒ NÀY HAY LẮM!
Nếu bạn dám chơi, chúng tớ dám feature lên page. Chơi liền luôn nhé!
#HAYĐẤY #KOMBUCHAKIEUMOI #VIETNAMHAYDAY","259","15","895300","4","14","10","original sound - Vinamilk - Shop & More","Vinamilk - Shop & More","true","2025-10-02T03:40:02.000Z","https://www.tiktok.com/@vinamilk.official/video/7556464084971965714"
"https://p16-common-sign.tiktokcdn-eu.com/tos-alisg-avt-0068/f6931df157a8a7b4ed63d2a9b0799621~tplv-tiktokx-cropcenter:720:720.jpeg?dr=10399&refresh_token=293b9633&x-expires=1780038000&x-signature=DaUHK9VWJsVfQj5sBUVj45J6tHw%3D&t=4d5b0474&ps=13740610&shp=a5d48078&shcp=81f88b70&idc=no1a","vinamilk.official","Vỏ thì xinh, ruột lại đầy ""iu điểm""

Susu diện mạo mới xinh xắn, bên trong vẫn đầy đủ dưỡng chất – mẹ và bé đã thử hết Susu chưa?​

Đằng sau vẻ ngoài mới lạ, còn là các “iu điểm"" khiến mẹ thêm ưng bụng:​
🌟 Đa vị khó cưỡng  - từ truyền thống đến dâu chuối, táo chuối​
🌟 Dinh dưỡng dồi dào - tiêu hoá khoẻ, đề kháng tốt, mắt sáng, răng chắc​
🌟 Đảm bảo an toàn - Không chất bảo quản hay chất tạo màu​
Susu xây dựng cho bé một nền tảng sức khỏe vững chắc để bé tự tin khám phá thế giới rộng lớn qua học hỏi và trải nghiệm muôn điều mới mỗi ngày.​

Sữa chua Susu - dưỡng chất vừa ý mẹ, vị ngon đúng ý bé. ​

Thử ngay Susu ngon lành bổ dưỡng nhé cả nhà.","5711","1692","26900000","32","461","8","nhạc nền - Vinamilk - Shop & More","Vinamilk - Shop & More","true","2025-09-30T11:54:06.000Z","https://www.tiktok.com/@vinamilk.official/video/7555849236135316744"
"https://p16-common-sign.tiktokcdn-eu.com/tos-alisg-avt-0068/f6931df157a8a7b4ed63d2a9b0799621~tplv-tiktokx-cropcenter:720:720.jpeg?dr=10399&refresh_token=293b9633&x-expires=1780038000&x-signature=DaUHK9VWJsVfQj5sBUVj45J6tHw%3D&t=4d5b0474&ps=13740610&shp=a5d48078&shcp=81f88b70&idc=no1a","vinamilk.official","SALAD XỐT 9 HẠT – Búng tay là có ngay món salad mùa hè tươi mát, dậy vị xốt chanh dây và xốt Creamer 9 hạt!​
​
#Vinamilk #Creamer9LoạiHạtVinamilk #SữaĐặcThuầnChay #SaladXốt9Hạt​
​","68","6","21100","4","16","39","original sound - Vinamilk - Shop & More","Vinamilk - Shop & More","true","2025-09-26T06:40:28.000Z","https://www.tiktok.com/@vinamilk.official/video/7554284076673371400"
"https://p16-common-sign.tiktokcdn-eu.com/tos-alisg-avt-0068/f6931df157a8a7b4ed63d2a9b0799621~tplv-tiktokx-cropcenter:720:720.jpeg?dr=10399&refresh_token=293b9633&x-expires=1780038000&x-signature=DaUHK9VWJsVfQj5sBUVj45J6tHw%3D&t=4d5b0474&ps=13740610&shp=a5d48078&shcp=81f88b70&idc=no1a","vinamilk.official","Bữa phụ eat clean cùng Hà

#Vinamilk #Suahat #nutmilk #9loaihat #suahatkhongduong #suahatitduong","55","19","18200","12","12","31","nhạc nền - Vinamilk - Shop & More","Vinamilk - Shop & More","true","2025-09-20T13:30:00.000Z","https://www.tiktok.com/@vinamilk.official/video/7551698460148305173"
"https://p16-common-sign.tiktokcdn-eu.com/tos-alisg-avt-0068/f6931df157a8a7b4ed63d2a9b0799621~tplv-tiktokx-cropcenter:720:720.jpeg?dr=10399&refresh_token=293b9633&x-expires=1780038000&x-signature=DaUHK9VWJsVfQj5sBUVj45J6tHw%3D&t=4d5b0474&ps=13740610&shp=a5d48078&shcp=81f88b70&idc=no1a","vinamilk.official","Bạn đồng hành healthy khi tập pilates

#Vinamilk #Suahat #nutmilk #9loaihat #suahatkhongduong #suahatitduong","41","2","16000","6","9","53","nhạc nền - Vinamilk - Shop & More","Vinamilk - Shop & More","true","2025-09-20T13:00:00.000Z","https://www.tiktok.com/@vinamilk.official/video/7551698446474890516"
"https://p16-common-sign.tiktokcdn-eu.com/tos-alisg-avt-0068/f6931df157a8a7b4ed63d2a9b0799621~tplv-tiktokx-cropcenter:720:720.jpeg?dr=10399&refresh_token=293b9633&x-expires=1780038000&x-signature=DaUHK9VWJsVfQj5sBUVj45J6tHw%3D&t=4d5b0474&ps=13740610&shp=a5d48078&shcp=81f88b70&idc=no1a","vinamilk.official","Nạp năng lượng tích cực cùng MC Mai Anh

#Vinamilk #Suahat #nutmilk #9loaihat #suahatkhongduong #suahatitduong","38","20","11000","2","9","28","nhạc nền - Vinamilk - Shop & More","Vinamilk - Shop & More","true","2025-09-20T09:00:00.000Z","https://www.tiktok.com/@vinamilk.official/video/7551698429009825032"
"https://p16-common-sign.tiktokcdn-eu.com/tos-alisg-avt-0068/f6931df157a8a7b4ed63d2a9b0799621~tplv-tiktokx-cropcenter:720:720.jpeg?dr=10399&refresh_token=293b9633&x-expires=1780038000&x-signature=DaUHK9VWJsVfQj5sBUVj45J6tHw%3D&t=4d5b0474&ps=13740610&shp=a5d48078&shcp=81f88b70&idc=no1a","vinamilk.official","Thói quen ăn healthy của mẹ bỉm sữa

#Vinamilk #Suahat #nutmilk #9loaihat #suahatkhongduong #suahatitduong","33","17","9227","0","13","43","nhạc nền - Vinamilk - Shop & More","Vinamilk - Shop & More","true","2025-09-20T05:00:00.000Z","https://www.tiktok.com/@vinamilk.official/video/7551698417597304085"
"https://p16-common-sign.tiktokcdn-eu.com/tos-alisg-avt-0068/f6931df157a8a7b4ed63d2a9b0799621~tplv-tiktokx-cropcenter:720:720.jpeg?dr=10399&refresh_token=293b9633&x-expires=1780038000&x-signature=DaUHK9VWJsVfQj5sBUVj45J6tHw%3D&t=4d5b0474&ps=13740610&shp=a5d48078&shcp=81f88b70&idc=no1a","vinamilk.official","Routine chữa lành của cô nàng độc thân

#Vinamilk #Suahat #nutmilk #9loaihat #suahatkhongduong #suahatitduong","33","13","10300","0","5","37","nhạc nền - Vinamilk - Shop & More","Vinamilk - Shop & More","true","2025-09-19T13:00:00.000Z","https://www.tiktok.com/@vinamilk.official/video/7551698405668441352"
"https://p16-common-sign.tiktokcdn-eu.com/tos-alisg-avt-0068/f6931df157a8a7b4ed63d2a9b0799621~tplv-tiktokx-cropcenter:720:720.jpeg?dr=10399&refresh_token=293b9633&x-expires=1780038000&x-signature=DaUHK9VWJsVfQj5sBUVj45J6tHw%3D&t=4d5b0474&ps=13740610&shp=a5d48078&shcp=81f88b70&idc=no1a","vinamilk.official","Vị trà nào được yêu thích nhất khi kết hợp cùng Green Farm Thanh trùng thơm béo?
#Vinamilk #GreenFarm #Matte #tontralenmay #GreenOnCloud","52","27","10900","2","12","71","original sound - Vinamilk - Shop & More","Vinamilk - Shop & More","true","2025-09-19T12:30:00.000Z","https://www.tiktok.com/@vinamilk.official/video/7551635894206336264"
"https://p16-common-sign.tiktokcdn-eu.com/tos-alisg-avt-0068/f6931df157a8a7b4ed63d2a9b0799621~tplv-tiktokx-cropcenter:720:720.jpeg?dr=10399&refresh_token=293b9633&x-expires=1780038000&x-signature=DaUHK9VWJsVfQj5sBUVj45J6tHw%3D&t=4d5b0474&ps=13740610&shp=a5d48078&shcp=81f88b70&idc=no1a","vinamilk.official","Tặng 1 bộ ly hologram khi mua 1 thùng. Áp dụng tại các siêu thị và cửa hàng Vinamilk trên toàn quốc

#Vinamilk #Sua9LoaiHat","3137","759","8900000","32","384","7","nhạc nền - Vinamilk - Shop & More","Vinamilk - Shop & More","true","2025-09-19T09:47:11.000Z","https://www.tiktok.com/@vinamilk.official/video/7551734609872948498"
"https://p16-common-sign.tiktokcdn-eu.com/tos-alisg-avt-0068/f6931df157a8a7b4ed63d2a9b0799621~tplv-tiktokx-cropcenter:720:720.jpeg?dr=10399&refresh_token=293b9633&x-expires=1780038000&x-signature=DaUHK9VWJsVfQj5sBUVj45J6tHw%3D&t=4d5b0474&ps=13740610&shp=a5d48078&shcp=81f88b70&idc=no1a","vinamilk.official","Tặng 1 hộp khi mua 11 hộp Sữa 9 loại hạt. Áp dụng tại các điểm lẻ trên toàn quốc

#Vinamilk #Sua9LoaiHat","2885","596","9300000","30","329","6","nhạc nền - Vinamilk - Shop & More","Vinamilk - Shop & More","true","2025-09-19T09:46:01.000Z","https://www.tiktok.com/@vinamilk.official/video/7551734298701778184"
"https://p16-common-sign.tiktokcdn-eu.com/tos-alisg-avt-0068/f6931df157a8a7b4ed63d2a9b0799621~tplv-tiktokx-cropcenter:720:720.jpeg?dr=10399&refresh_token=293b9633&x-expires=1780038000&x-signature=DaUHK9VWJsVfQj5sBUVj45J6tHw%3D&t=4d5b0474&ps=13740610&shp=a5d48078&shcp=81f88b70&idc=no1a","vinamilk.official","5s để có 1 ly sữa hạt thơm ngon

#Vinamilk #Suahat #nutmilk #9loaihat #suahatkhongduong #suahatitduong","31","10","11600","4","11","41","nhạc nền - Vinamilk - Shop & More","Vinamilk - Shop & More","true","2025-09-19T09:00:00.000Z","https://www.tiktok.com/@vinamilk.official/video/7551698390157937940"
"https://p16-common-sign.tiktokcdn-eu.com/tos-alisg-avt-0068/f6931df157a8a7b4ed63d2a9b0799621~tplv-tiktokx-cropcenter:720:720.jpeg?dr=10399&refresh_token=293b9633&x-expires=1780038000&x-signature=DaUHK9VWJsVfQj5sBUVj45J6tHw%3D&t=4d5b0474&ps=13740610&shp=a5d48078&shcp=81f88b70&idc=no1a","vinamilk.official","Daily Vlog 1 ngày ăn gì của chill girl văn phòng

#Vinamilk #Suahat #nutmilk #9loaihat #suahatkhongduong #suahatitduong","26","4","7685","0","6","58","nhạc nền - Vinamilk - Shop & More","Vinamilk - Shop & More","true","2025-09-19T07:28:58.000Z","https://www.tiktok.com/@vinamilk.official/video/7551698977314311445"
"https://p16-common-sign.tiktokcdn-eu.com/tos-alisg-avt-0068/f6931df157a8a7b4ed63d2a9b0799621~tplv-tiktokx-cropcenter:720:720.jpeg?dr=10399&refresh_token=293b9633&x-expires=1780038000&x-signature=DaUHK9VWJsVfQj5sBUVj45J6tHw%3D&t=4d5b0474&ps=13740610&shp=a5d48078&shcp=81f88b70&idc=no1a","vinamilk.official","Công thức pha matcha latte healthy, béo bùi

#Vinamilk #Suahat #nutmilk #9loaihat #suahatkhongduong #suahatitduong","55","12","15100","0","9","29","nhạc nền - Vinamilk - Shop & More","Vinamilk - Shop & More","true","2025-09-19T07:28:52.000Z","https://www.tiktok.com/@vinamilk.official/video/7551698953092254984"
"https://p16-common-sign.tiktokcdn-eu.com/tos-alisg-avt-0068/f6931df157a8a7b4ed63d2a9b0799621~tplv-tiktokx-cropcenter:720:720.jpeg?dr=10399&refresh_token=293b9633&x-expires=1780038000&x-signature=DaUHK9VWJsVfQj5sBUVj45J6tHw%3D&t=4d5b0474&ps=13740610&shp=a5d48078&shcp=81f88b70&idc=no1a","vinamilk.official","Trải nghiệm cùng lúc sự ""giòn rụm"" & ""bông mịn"" sẽ như thế nào?

#Vinamilk #GreenFarm #Matte #tontralenmay #GreenOnCloud","19","11","6117","0","7","61","original sound - Vinamilk - Shop & More","Vinamilk - Shop & More","true","2025-09-19T04:30:00.000Z","https://www.tiktok.com/@vinamilk.official/video/7551643802813893889"
"https://p16-common-sign.tiktokcdn-eu.com/tos-alisg-avt-0068/f6931df157a8a7b4ed63d2a9b0799621~tplv-tiktokx-cropcenter:720:720.jpeg?dr=10399&refresh_token=293b9633&x-expires=1780038000&x-signature=DaUHK9VWJsVfQj5sBUVj45J6tHw%3D&t=4d5b0474&ps=13740610&shp=a5d48078&shcp=81f88b70&idc=no1a","vinamilk.official","Dù lên rừng hay xuống biển, dù chạy bộ nhiều nhưng vẫn giữ cơ bắp chắc khỏe

#Vinamilk #Suahatcaodam #nutmilk #Sua7loaihat","103","12","78700","0","12","82","original sound - Vinamilk - Shop & More","Vinamilk - Shop & More","true","2025-09-05T09:45:09.000Z","https://www.tiktok.com/@vinamilk.official/video/7546538882431569160"
"https://p16-common-sign.tiktokcdn-eu.com/tos-alisg-avt-0068/f6931df157a8a7b4ed63d2a9b0799621~tplv-tiktokx-cropcenter:720:720.jpeg?dr=10399&refresh_token=293b9633&x-expires=1780038000&x-signature=DaUHK9VWJsVfQj5sBUVj45J6tHw%3D&t=4d5b0474&ps=13740610&shp=a5d48078&shcp=81f88b70&idc=no1a","vinamilk.official","Mẹ ơi, mua sữa Vinamilk ADM có quà
🎁 Tặng 1 bình nước khi mua 1 thùng ADM 110ml
🎁 Tặng 2 bình nước khi mua 1 thùng ADM 180ml","9708","3873","25300000","65","972","6","original sound - Vinamilk - Shop & More","Vinamilk - Shop & More","true","2025-09-05T03:50:29.000Z","https://www.tiktok.com/@vinamilk.official/video/7546447478258797842"
"https://p16-common-sign.tiktokcdn-eu.com/tos-alisg-avt-0068/f6931df157a8a7b4ed63d2a9b0799621~tplv-tiktokx-cropcenter:720:720.jpeg?dr=10399&refresh_token=293b9633&x-expires=1780038000&x-signature=DaUHK9VWJsVfQj5sBUVj45J6tHw%3D&t=4d5b0474&ps=13740610&shp=a5d48078&shcp=81f88b70&idc=no1a","vinamilk.official","Chắc khoẻ xương, nhà mình thương nhau mừng Quốc Khánh
Cùng ngắm nhìn lại khoảnh khắc thật vững chãi của khối yêu nước khi được tiếp thêm hàm lượng canxi cao nhất Việt Nam (*) nhờ Sữa Đậu Nành Cao Canxi Vinamilk trong sự kiện Diễu binh mừng quốc khánh Việt Nam.
 
Còn bạn đã thử  chưa Sữa đậu Nành Cao Canxi Vinamilk mới chưa? Trải nghiệm ngay: https://bit.ly/SDN2608
 
(*) Theo nghiên cứu thị trường do Fieldforce (tháng 01/2025) thực hiện trong ngành hàng sữa đậu nành tại Việt Nam
 
#Vinamilk #CaoCanxiNhấtViệtNam #XươngChắcKhoẻ","82","14","18700","4","6","27","nhạc nền - Vinamilk - Shop & More","Vinamilk - Shop & More","true","2025-09-02T09:37:33.000Z","https://www.tiktok.com/@vinamilk.official/video/7545423650682342676"
"https://p16-common-sign.tiktokcdn-eu.com/tos-alisg-avt-0068/f6931df157a8a7b4ed63d2a9b0799621~tplv-tiktokx-cropcenter:720:720.jpeg?dr=10399&refresh_token=293b9633&x-expires=1780038000&x-signature=DaUHK9VWJsVfQj5sBUVj45J6tHw%3D&t=4d5b0474&ps=13740610&shp=a5d48078&shcp=81f88b70&idc=no1a","vinamilk.official","Công thức Gà nướng siêu đỉnh, đậm đà thấm vị từ sữa Ông Thọ 🤩
#MonNgonTuSuaOngTho #FoodFestOnTikTok","166","28","26700","2","44","89","Cooking show, cute piano violin","ISAo","false","2025-08-29T08:57:27.000Z","https://www.tiktok.com/@vinamilk.official/video/7543928988960312596"
"https://p16-common-sign.tiktokcdn-eu.com/tos-alisg-avt-0068/f6931df157a8a7b4ed63d2a9b0799621~tplv-tiktokx-cropcenter:720:720.jpeg?dr=10399&refresh_token=293b9633&x-expires=1780038000&x-signature=DaUHK9VWJsVfQj5sBUVj45J6tHw%3D&t=4d5b0474&ps=13740610&shp=a5d48078&shcp=81f88b70&idc=no1a","vinamilk.official","RA MẮT SỮA ĐẬU NÀNH CAO CANXI NHẤT VIỆT NAM ĐÂY

#Vinamilk #suadaunanh #caocanxinhatvietnam #chackhoexuong","197","36","106900","6","31","6","original sound - Vinamilk - Shop & More","Vinamilk - Shop & More","true","2025-08-26T10:22:53.000Z","https://www.tiktok.com/@vinamilk.official/video/7542837758499425543"
"https://p16-common-sign.tiktokcdn-eu.com/tos-alisg-avt-0068/f6931df157a8a7b4ed63d2a9b0799621~tplv-tiktokx-cropcenter:720:720.jpeg?dr=10399&refresh_token=293b9633&x-expires=1780038000&x-signature=DaUHK9VWJsVfQj5sBUVj45J6tHw%3D&t=4d5b0474&ps=13740610&shp=a5d48078&shcp=81f88b70&idc=no1a","vinamilk.official","RA MẮT SỮA ĐẬU NÀNH CAO CANXI NHẤT VIỆT NAM ĐÂY

#Vinamilk #suadaunanh #caocanxinhatvietnam #chackhoexuong","5771","1468","17600000","52","902","6","nhạc nền - Vinamilk - Shop & More","Vinamilk - Shop & More","true","2025-08-26T10:18:48.000Z","https://www.tiktok.com/@vinamilk.official/video/7542836706798521607"
"https://p16-common-sign.tiktokcdn-eu.com/tos-alisg-avt-0068/f6931df157a8a7b4ed63d2a9b0799621~tplv-tiktokx-cropcenter:720:720.jpeg?dr=10399&refresh_token=293b9633&x-expires=1780038000&x-signature=DaUHK9VWJsVfQj5sBUVj45J6tHw%3D&t=4d5b0474&ps=13740610&shp=a5d48078&shcp=81f88b70&idc=no1a","vinamilk.official","UỐNG SUSU - QUÀ HÈ VI VU! ​","3422","452","8600000","16","335","6","original sound - Vinamilk - Shop & More","Vinamilk - Shop & More","true","2025-08-25T05:09:33.000Z","https://www.tiktok.com/@vinamilk.official/video/7542385929286126866"
"https://p16-common-sign.tiktokcdn-eu.com/tos-alisg-avt-0068/f6931df157a8a7b4ed63d2a9b0799621~tplv-tiktokx-cropcenter:720:720.jpeg?dr=10399&refresh_token=293b9633&x-expires=1780038000&x-signature=DaUHK9VWJsVfQj5sBUVj45J6tHw%3D&t=4d5b0474&ps=13740610&shp=a5d48078&shcp=81f88b70&idc=no1a","vinamilk.official","Lộ diện khách mời cuối cùng dự tiệc sinh nhật @ongchunguoibong 
Đặt lịch gặp Ông Chú khung giờ 18:00 - 20:00 21.08 nhé!
#Vinamilkbirthday 
#SuperBrandFestival 
#TiecLiveBachHoa 
#livestreammarathon ","89","2","67200","5","11","15","nhạc nền - Vinamilk - Shop & More","Vinamilk - Shop & More","true","2025-08-19T12:52:47.000Z","https://www.tiktok.com/@vinamilk.official/video/7540278786596670738"
"https://p16-common-sign.tiktokcdn-eu.com/tos-alisg-avt-0068/f6931df157a8a7b4ed63d2a9b0799621~tplv-tiktokx-cropcenter:720:720.jpeg?dr=10399&refresh_token=293b9633&x-expires=1780038000&x-signature=DaUHK9VWJsVfQj5sBUVj45J6tHw%3D&t=4d5b0474&ps=13740610&shp=a5d48078&shcp=81f88b70&idc=no1a","vinamilk.official","Lộ diện khách mời hot dành cho các mom iu @meminhmindaily
Đặt lịch gặp Mẹ Minh Min phiên live 22:00 -24:00 cùng nhà Vinamilk nhé 🧸💙
#Vinamilkbirthday #SuperBrandFestival #TiecLiveBachHoa #livestreammarathon ","45","3","29300","6","6","15","nhạc nền - Vinamilk - Shop & More","Vinamilk - Shop & More","true","2025-08-18T13:28:01.000Z","https://www.tiktok.com/@vinamilk.official/video/7539916781478022408"
"https://p16-common-sign.tiktokcdn-us.com/tos-useast5-avt-0068-tx/7311539579889123371~tplv-tiktokx-cropcenter:720:720.jpeg?dr=9640&refresh_token=9077ba27&x-expires=1780038000&x-signature=YfgH05VEKXvbhE4dFFTeQAtcUa0%3D&t=4d5b0474&ps=13740610&shp=a5d48078&shcp=81f88b70&idc=useast5","mishshellyy","A cultural experience. Vinamilk take all my money #vietnam #yogurt #notsponsored ","771","19","22300","16","16","59","original sound","mishelly","true","2026-05-23T06:26:41.000Z","https://www.tiktok.com/@mishshellyy/video/7642969848259022111"
"https://p16-common-sign.tiktokcdn-us.com/tos-useast8-avt-0068-tx2/0f37a992f2062a2b5ea21332f58838ab~tplv-tiktokx-cropcenter:720:720.jpeg?dr=9640&refresh_token=92f767c2&x-expires=1780038000&x-signature=5X0F2L2z9Ltdl2ih5WVogEs%2BjNQ%3D&t=4d5b0474&ps=13740610&shp=a5d48078&shcp=81f88b70&idc=useast5","kemechann","Come with me to VinaMilk, the most popular dairy shop in Vietnam 🇻🇳🥛. You won’t believe the products and prices! #vinamilk #vietnamesefood  #vietnamtravel #vietnamesetiktok #viettiktok ","1965","72","38400","43","165","287","original sound","Cam 🫶🏻 - Solo Traveler 🌏","true","2026-04-04T06:12:49.000Z","https://www.tiktok.com/@kemechann/video/7624783005629877535"
"https://p16-common-sign.tiktokcdn-us.com/tos-maliva-avt-0068/660e3f5e2bf517f22b2bf280949e8993~tplv-tiktokx-cropcenter:720:720.jpeg?dr=9640&refresh_token=c4ea459e&x-expires=1780038000&x-signature=Hjo2Zhyin0NpOKADqqQ3vQABhrA%3D&t=4d5b0474&ps=13740610&shp=a5d48078&shcp=81f88b70&idc=useast5","tannerandsierra","Vinamilk is the MOST UNDERRATED dessert spot in Vietnam!

#southeastasia #travel #vietnam #dessert #hoian","6247","1493","100400","67","1604","18","original sound","Tanner and Sierra","true","2026-05-20T13:49:23.000Z","https://www.tiktok.com/@tannerandsierra/video/7641970694057774357"
"https://p19-common-sign.tiktokcdn-us.com/tos-useast5-avt-0068-tx/7329745474376712238~tplv-tiktokx-cropcenter:720:720.jpeg?dr=9640&refresh_token=8bc46bf2&x-expires=1780038000&x-signature=O6RFGxQis1YAPd05DjMvv8MKFU4%3D&t=4d5b0474&ps=13740610&shp=a5d48078&shcp=81f88b70&idc=useast5","pickledfunions","In Vietnam and also surprised by these bold colors behind the glass panels? Vinamilk is everywhereee. You can’t go a day without seeing their Southstar condensed milk. I dare you. 

Rebranding “case study” of one brand that really stood out to me while traveling! I was really surprised to see a brand like this in Vietnam amongst the more traditional or cutesy, animal-centric packaging on other food products and snacks. It looked so new-age western to me I thought at first glance it was a cocojune or other organic startup from back home. 

I know the conversation of sustainability and animal welfare is nuanced, but I was really pleased to see the responsibility that Vinamilk has been taking in the dairy industry, setting an example for renewable energy adaptation and animal care. 

Let me know if this kind of video interests you and I should do more branding / marketing content like this! 

#vietnam asian food brands Vinamilk #sustainablebrands #cpg ","112","1","1719","3","10","124","dreamcore","sunêv","false","2026-05-03T22:54:44.000Z","https://www.tiktok.com/@pickledfunions/video/7635802726919687455"
"https://p19-common-sign.tiktokcdn-us.com/tos-useast5-avt-0068-tx/019e16a4e369927b08ff622f80656aeb~tplv-tiktokx-cropcenter:720:720.jpeg?dr=9640&refresh_token=a61a8893&x-expires=1780038000&x-signature=DbY57gN6M3RpbE34P0UPwLRo2w0%3D&t=4d5b0474&ps=13740610&shp=a5d48078&shcp=81f88b70&idc=useast5","jennie.huynh99","Cuối cùng cơn thèm đã được thoả 😂 #vinamilk #usa #yogurt ","35","7","4767","5","5","11","nhạc nền","Jennie Huỳnh 🇻🇳🫶🏻🇺🇸","true","2025-09-12T23:08:22.000Z","https://www.tiktok.com/@jennie.huynh99/video/7549343406498041118"
"https://p16-common-sign.tiktokcdn-us.com/tos-useast5-avt-0068-tx/6547f0fad0b4853ab4e774e26d629e3e~tplv-tiktokx-cropcenter:720:720.jpeg?dr=9640&refresh_token=9f8dbf39&x-expires=1780038000&x-signature=9S4IWKIu7on5q9qilnHhgDCi7yg%3D&t=4d5b0474&ps=13740610&shp=a5d48078&shcp=81f88b70&idc=useast5","cutimart","Sữa Chua Vinamilk - Hàng hiếm khó kiếm","67","15","14200","46","8","34","original sound","CutiMart","true","2024-04-23T01:47:42.000Z","https://www.tiktok.com/@cutimart/video/7360873162583706922"
"https://p16-common-sign.tiktokcdn-us.com/tos-alisg-avt-0068/7bdf25a45151c80b1b34f1208f5a28fb~tplv-tiktokx-cropcenter:720:720.jpeg?dr=9640&refresh_token=9b4e49c2&x-expires=1780038000&x-signature=W3sAhpXP1m0GnJkY4pSZGs9qBO0%3D&t=4d5b0474&ps=13740610&shp=a5d48078&shcp=81f88b70&idc=useast5","notchelstheelf","final boss of Vietnamese snack products because there’d always gonna be something you’ll like frm Vinamilk and it leads you down a rabbit hole 🇻🇳🥛 

If you haven’t had matcha gelato, you’re lucky you don’t have the addiction yet. That one really messed me up and made me a sweets fan wtf 😭😭😭

#vinamilk #vietnamfood #hanoi #travelvietnam    ","8820","2218","131400","150","2439","15","sonido original","ROSSI","true","2026-05-11T04:41:21.000Z","https://www.tiktok.com/@notchelstheelf/video/7638489687883140360"
"https://p16-common-sign.tiktokcdn-us.com/tos-useast5-avt-0068-tx/15976db5638b0cb1305647149e555826~tplv-tiktokx-cropcenter:720:720.jpeg?dr=9640&refresh_token=75dae556&x-expires=1780038000&x-signature=QOteywihOyjB5bZChXYYyedUzuk%3D&t=4d5b0474&ps=13740610&shp=a5d48078&shcp=81f88b70&idc=useast5","viet.mylai","My breakfast this morning Vietnamese sweetened yogurt ( sửa chua có đường) của vinamilk Vietnam #timothyreview #fyp #mukbang #foodstores #eatingshow #breakfast #yogurt #vinamilk ","54","5","2988","5","0","254","original sound","viet.mylai","true","2025-02-22T14:22:53.000Z","https://www.tiktok.com/@viet.mylai/video/7474248638319824171"
"https://p19-common-sign.tiktokcdn-us.com/tos-useast5-avt-0068-tx/7f5ab1ef7b0e090775ebf05d8bc695be~tplv-tiktokx-cropcenter:720:720.jpeg?dr=9640&refresh_token=de7354b4&x-expires=1780038000&x-signature=xIIdVUtuPqhcsnF6hdxjIoPjelo%3D&t=4d5b0474&ps=13740610&shp=a5d48078&shcp=81f88b70&idc=useast5","chunkitivanyue","🥛 Start your day the Vinamilk way.
Fresh taste, quality nutrition, and energy for every moment 💙✨
Because every sip should feel good — anytime, anywhere.

#Vinamilk #MilkTok #HealthyVibes #DailyRoutine #DrinkTok #GoodMorning #VietnameseBrand","0","0","120","0","0","11","original sound - Namfoodslover","Namfoodslover","true","2026-05-21T21:35:04.000Z","https://www.tiktok.com/@chunkitivanyue/video/7642461777669672205"
"https://p16-common-sign.tiktokcdn-us.com/tos-alisg-avt-0068/ff4f6551ef3d0e113ef14e7b54a58fe3~tplv-tiktokx-cropcenter:720:720.jpeg?dr=9640&refresh_token=f580d807&x-expires=1780038000&x-signature=8FfseBTDrLKuQgLRpVGAr%2BsaLPo%3D&t=4d5b0474&ps=13740610&shp=a5d48078&shcp=81f88b70&idc=useast5","fearlessbarb","Vinamilk @Vinamilk SG 
#vinamilk #milk #organicmilk #createtowin #tiktokshopsg ","8","3","3726","4","4","53","Sweet Tea","Neyaraf","false","2026-02-12T11:46:42.000Z","https://www.tiktok.com/@fearlessbarb/video/7605943829723647240"
"https://p16-common-sign.tiktokcdn-us.com/tos-alisg-avt-0068/26baa507ee08b8e7f545d841d5aa7382~tplv-tiktokx-cropcenter:720:720.jpeg?dr=9640&refresh_token=66276086&x-expires=1780038000&x-signature=%2BiXF6pen1LGsQZhttvzUvWOdsyo%3D&t=4d5b0474&ps=13740610&shp=a5d48078&shcp=81f88b70&idc=useast5","vinamilkbinhthanh","Kem ở cửa hàng AD đang gào thét quá rồi #vinamilk #vinamilkbinhthanh #milk #suavinamilk #66đồngtháp ","6290","1943","167900","135","532","20","âm thanh gốc - Vinamilk Bình Thành","Vinamilk Bình Thành","true","2026-03-16T13:13:15.000Z","https://www.tiktok.com/@vinamilkbinhthanh/video/7617840849468034311"
"https://p19-common-sign.tiktokcdn-us.com/tos-useast8-avt-0068-tx2/040cf579f91b36d234903788c73b53a1~tplv-tiktokx-cropcenter:720:720.jpeg?dr=9640&refresh_token=8b847e5d&x-expires=1780038000&x-signature=ip3ThYKad8V2k%2BIM4h4%2FJipz%2Bj8%3D&t=4d5b0474&ps=13740610&shp=a5d48078&shcp=81f88b70&idc=useast5","allisaurn","if u can’t find this pls try to make it because it’s soooo good #vietnam #vietnamese #yogurt","11800","884","112900","202","1484","78","original sound","allison˙⋆✮","true","2026-03-17T06:45:40.000Z","https://www.tiktok.com/@allisaurn/video/7618111802869615902"
"https://p16-common-sign.tiktokcdn-us.com/tos-maliva-avt-0068/a05dfcd95240c04506a545b596076f91~tplv-tiktokx-cropcenter:720:720.jpeg?dr=9640&refresh_token=aff80253&x-expires=1780038000&x-signature=C8rYtwRrCWOqIqlXSAM0cQNrKbk%3D&t=4d5b0474&ps=13740610&shp=a5d48078&shcp=81f88b70&idc=useast5","czardelosreyes1","Who knew milk shopping could be this fun? From classic fresh milk to yogurt drinks and soy options, Vinamilk has everything.
A must-visit if you're curious about Vietnamese dairy culture!
Have you ever tried Vinamilk? 👀✨ @Vinamilk - Shop & More 

#Vinamilk #MilkLovers #HoChiMinh #Vietnam #VietnamDairy #vietnamese #vietnamesefood ","8259","1018","135200","65","990","20","original sound","80s throwback hits","true","2025-06-07T18:52:48.000Z","https://www.tiktok.com/@czardelosreyes1/video/7513282336604163335"
"https://p16-common-sign.tiktokcdn-us.com/tos-alisg-avt-0068/cd55e5bc0b0ea9c3a7f3d33f0b6acdc0~tplv-tiktokx-cropcenter:720:720.jpeg?dr=9640&refresh_token=77f3b5c6&x-expires=1780038000&x-signature=imNPa7X11BUsg6KALjufNbjAHCo%3D&t=4d5b0474&ps=13740610&shp=a5d48078&shcp=81f88b70&idc=useast5","vungocthanhh","Mới tậu đc sữa chua Vinamilk #ngocthanhomy ","36300","196","2000000","219","818","73","nhạc nền - VU NGOC THANH","VU NGOC THANH","true","2024-03-19T05:11:36.000Z","https://www.tiktok.com/@vungocthanhh/video/7347937775519337749"
"https://p16-common-sign.tiktokcdn-us.com/tos-alisg-avt-0068/7d08f7d3200207a47c3316ed80e8e6ca~tplv-tiktokx-cropcenter:720:720.jpeg?dr=9640&refresh_token=69fbb097&x-expires=1780038000&x-signature=hltEy1UrsiEiHp8wr%2FLVHriduoo%3D&t=4d5b0474&ps=13740610&shp=a5d48078&shcp=81f88b70&idc=useast5",".emmiiday_","Lại chuyên mục unbox thùng sữa mới cho gái rượu 🌸 #xuhuong #nguoimoixaykenh #vinamilk #unboxing #fyp ","9","0","391","0","0","13","nhạc nền - 3,14","3,14","true","2026-05-26T14:52:05.000Z","https://www.tiktok.com/@.emmiiday_/video/7644213375731322133"
"https://p16-common-sign.tiktokcdn-us.com/tos-alisg-avt-0068/c46fa1052bd549785261c3a9dc584c9f~tplv-tiktokx-cropcenter:720:720.jpeg?dr=9640&refresh_token=0651f68e&x-expires=1780038000&x-signature=uaxj1HFV1OIFvH8%2Bj%2FXvruLH5q0%3D&t=4d5b0474&ps=13740610&shp=a5d48078&shcp=81f88b70&idc=useast5","thanhnamrd","Sữa vinamilk phiên bản đặc biệt - sữa dành cho 16+ , thử ngay cho biết mùi vị nèo #suavinamilk #vinamilk #thanhnamrd ","18","1","1252","3","1","115","original sound - Kim chỉ Nam","Kim chỉ Nam","true","2026-05-15T13:10:53.000Z","https://www.tiktok.com/@thanhnamrd/video/7640105355862674708"
"https://p19-common-sign.tiktokcdn-us.com/tos-useast5-avt-0068-tx/8de7a436a095b85eb0d3cec811d66ac6~tplv-tiktokx-cropcenter:720:720.jpeg?dr=9640&refresh_token=acdeb823&x-expires=1780038000&x-signature=mmR7jeyJbTKX3Eo6gZhOsr1wctM%3D&t=4d5b0474&ps=13740610&shp=a5d48078&shcp=81f88b70&idc=useast5","kim.nhung.superfood","Our VinaMilk is finally here and back in stock — and we’ve added the new, less-sugar Vina  Milk Yogurt! 🥛✨
You’ve got to try it! #madisonheights #grocerystore #vinamilk #probiotic #yogurt    ","3","0","602","0","0","8","Teddy Bear's Happy Day","Canzero","false","2025-12-02T15:50:34.000Z","https://www.tiktok.com/@kim.nhung.superfood/video/7579288342311816503"
"https://p16-common-sign.tiktokcdn-us.com/tos-useast5-avt-0068-tx/f7196726c5b36666bc15f9218bc01ab9~tplv-tiktokx-cropcenter:720:720.jpeg?dr=9640&refresh_token=9ccfeef3&x-expires=1780038000&x-signature=9kaAz2%2BMMXRALz8588FoDW3gPTk%3D&t=4d5b0474&ps=13740610&shp=a5d48078&shcp=81f88b70&idc=useast5","bbbblien","heard dalat milk is top tier but yo this specific vinamilk is so creamy & fragrant #homecafe #matcha #milk #vinamilk ","57","0","986","9","6","30","Part of the Dream","Vansire","false","2026-05-09T16:53:00.000Z","https://www.tiktok.com/@bbbblien/video/7637936000097946894"
"https://p16-common-sign.tiktokcdn-us.com/tos-alisg-avt-0068/7370280283972567041~tplv-tiktokx-cropcenter:720:720.jpeg?dr=9640&refresh_token=91ad8ceb&x-expires=1780038000&x-signature=uZdNw%2BTGvhPAiAvJP5pkrSqKVn8%3D&t=4d5b0474&ps=13740610&shp=a5d48078&shcp=81f88b70&idc=useast5","lontodagi","Xếp hạng tất cả các hương vị gelato của Vinamilk #reviewanngon #ancungtiktok #learnontiktok #gelato #vinamilk","353100","27800","4200000","1853","18603","213","original sound - longi","longi","true","2025-06-10T13:30:00.000Z","https://www.tiktok.com/@lontodagi/video/7514279501602245896"
"https://p19-common-sign.tiktokcdn-us.com/tos-alisg-avt-0068/83553419accbbcbb5cc44b2031b52e45~tplv-tiktokx-cropcenter:720:720.jpeg?dr=9640&refresh_token=ce31c6fd&x-expires=1780038000&x-signature=eSuQFBdV11wiPOwwLGGhnH1Cyj0%3D&t=4d5b0474&ps=13740610&shp=a5d48078&shcp=81f88b70&idc=useast5","concuabalinhmengoc","Chân ái của Thỏ con 🍼🥰#xuhuong #viral #unbox #vinamilk #mẹbimsua ","291","9","11500","80","15","32","Sparkling Step","Chilwave","false","2026-05-25T04:12:36.000Z","https://www.tiktok.com/@concuabalinhmengoc/video/7643677487003684114"
"https://p16-common-sign.tiktokcdn-us.com/tos-alisg-avt-0068/2459c1994598ff59de0a275cd89bdb61~tplv-tiktokx-cropcenter:720:720.jpeg?dr=9640&refresh_token=306d731d&x-expires=1780038000&x-signature=2T2BzStjIVLWUREzM5i5PoRTULE%3D&t=4d5b0474&ps=13740610&shp=a5d48078&shcp=81f88b70&idc=useast5","dd.dannyy","VINAMILK is goated i legit drank one/two of them everyday hehehe omg i wish singapore had them pls…

#tiktoksg #singapore #vinamilk #vietnam #hcm ","35","5","2124","0","3","39","miffy cafe","sakuracloud","false","2026-01-10T06:20:45.000Z","https://www.tiktok.com/@dd.dannyy/video/7593614015989927175"
"https://p16-common-sign.tiktokcdn-us.com/tos-alisg-avt-0068/ed91ee004cbd14b91d870b38d5aec874~tplv-tiktokx-cropcenter:720:720.jpeg?dr=9640&refresh_token=7f7463e7&x-expires=1780038000&x-signature=2LY8sYrpu5i%2FeYs3iiisGR8TaPQ%3D&t=4d5b0474&ps=13740610&shp=a5d48078&shcp=81f88b70&idc=useast5","chungho335","Sữa đặc ông thọ đỏ có nắp vặn tiện lợi.thơm ngon béo ngậy độ đạm cao. rất thích hợp để làm bánh pha cà phê làm sữa chua.##suadac##suadaccoduong##suadacongtho##vinamilk##chungho335","4","2","61","0","4","15","original sound - kateshop:)","kateshop:)","true","2026-05-26T15:32:29.000Z","https://www.tiktok.com/@chungho335/video/7644223777886276884"
"https://p16-common-sign.tiktokcdn-us.com/tos-useast5-avt-0068-tx/2dde1eddf99c8bfde578c9e1482ece85~tplv-tiktokx-cropcenter:720:720.jpeg?dr=9640&refresh_token=fbdb9e1d&x-expires=1780038000&x-signature=3Q3XNdPsM3gN9yzrYtft%2FNi88yY%3D&t=4d5b0474&ps=13740610&shp=a5d48078&shcp=81f88b70&idc=useast5","hollynhoang","Until we meet again #daua #vietnam #vietnameseyogurt #dalatmilk #vinamilk @Dalatmilk @Vinamilk - Shop & More @Dutch Lady Store ","2074","342","31500","48","147","12","original sound - jian","jian","true","2025-10-11T06:08:06.000Z","https://www.tiktok.com/@hollynhoang/video/7559841961012661518"
"https://p19-common-sign.tiktokcdn-us.com/tos-useast5-avt-0068-tx/9aa7a2fa36e6c1c47b14380a7b2d81e6~tplv-tiktokx-cropcenter:720:720.jpeg?dr=9640&refresh_token=0d9d6a7d&x-expires=1780038000&x-signature=Ww9YbcoR4U3GyBpAmNFcC9R8zTE%3D&t=4d5b0474&ps=13740610&shp=a5d48078&shcp=81f88b70&idc=useast5","anhsjournal","Sữa TH True Milk và Vinamilk nay đã có mặt ở Mỹ trên chợ Weee! rồi nha cả nhà ơi 🫶🏼🫶🏼

@Weee Asian Supermarket @Weee! Vietnamese 

#weee #thtruemilk #thtrueyogurt #vinamilk #suahat #cuocsongomy #cuocsongmy #nguoivietomy ","409","16","18800","14","33","89","original sound","Gen Z ở Mỹ 🇺🇸","true","2025-05-14T17:22:48.000Z","https://www.tiktok.com/@anhsjournal/video/7504353069035998506"
"https://p16-common-sign.tiktokcdn-us.com/tos-alisg-avt-0068/1f00863f67e743509dc35d34b873b91b~tplv-tiktokx-cropcenter:720:720.jpeg?dr=9640&refresh_token=e1057cb8&x-expires=1780038000&x-signature=NQZhmwui1rFUXOW7OQxIyONIIQI%3D&t=4d5b0474&ps=13740610&shp=a5d48078&shcp=81f88b70&idc=useast5","minhquan11_09","[Ngày 0] - 100 ngày chinh phục VINAMILK - Khởi động hành trình 💙#Vinamilk #VinamilkChungTayViCongdong #bigcorp #100ngay #HR ","453","61","6704","19","63","46","âm thanh gốc - Vào được Vinamilk đổi tên 💙","Vào được Vinamilk đổi tên 💙","true","2026-05-23T15:01:45.000Z","https://www.tiktok.com/@minhquan11_09/video/7643102605769592085"
"https://p16-common-sign.tiktokcdn-us.com/tos-useast8-avt-0068-tx2/f6f192306d9b2b8ae6670e0448cb03e8~tplv-tiktokx-cropcenter:720:720.jpeg?dr=9640&refresh_token=a4343e42&x-expires=1780038000&x-signature=KVpjHUYOf0qnDr4jHoXFgoMh0sw%3D&t=4d5b0474&ps=13740610&shp=a5d48078&shcp=81f88b70&idc=useast5","beanstophin","my favorite type of haul 🤩

@Vinamilk - Shop & More @Vinamilk US 

#trending #CapCut ","21","0","860","1","1","27","Elevator Music","Bohoman","false","2025-11-03T00:50:55.000Z","https://www.tiktok.com/@beanstophin/video/7568295199567252766"
"https://p16-common-sign.tiktokcdn-us.com/tos-alisg-avt-0068/abbc1c96d1fddbd4a68cc3e40f5df211~tplv-tiktokx-cropcenter:720:720.jpeg?dr=9640&refresh_token=969b86a8&x-expires=1780038000&x-signature=nvFYbYXO0F%2B8%2BrJP29EM8m963ow%3D&t=4d5b0474&ps=13740610&shp=a5d48078&shcp=81f88b70&idc=useast5","nangthuvathich","Cách bổ sung protein mỗi ngày đủ hàm lượng mà cực kỳ dễ cho các nàng nè 💙  #Vinamilk #VinamilkBrandPartner #SuaHatVinamilk #VNMAFF05 ","31500","3130","103300","35","30096","60","Crafting Station","Lofi-nimation","false","2026-05-12T15:48:49.000Z","https://www.tiktok.com/@nangthuvathich/video/7639032787709824276"
"https://p16-common-sign.tiktokcdn-us.com/tos-alisg-avt-0068/84673e807a8fe9d4aaa03ca42fc2d25d~tplv-tiktokx-cropcenter:720:720.jpeg?dr=9640&refresh_token=7a8b47e6&x-expires=1780038000&x-signature=KJ0KcAl5vw7iWYYzyWJnEBjUvys%3D&t=4d5b0474&ps=13740610&shp=a5d48078&shcp=81f88b70&idc=useast5","pezoi97","Khách dùng rồi cho em xin cảm nhận nhé. Công tâm thì khách thích loại nào hơn? #vinamilk #xuhuong #nhạchaymỗingày #trending #tiktok ","37","3","4763","2","6","16","nhạc nền - 🎀THANH THẢO BOUTIQUE🎀","🍒THANH THAO BOUTIQUE🍒","true","2026-04-08T15:08:48.000Z","https://www.tiktok.com/@pezoi97/video/7626405598455811335"
"https://p16-common-sign.tiktokcdn-us.com/tos-maliva-avt-0068/530e6856521eb3a613893d7bc70e869d~tplv-tiktokx-cropcenter:720:720.jpeg?dr=9640&refresh_token=ff1b5b8e&x-expires=1780038000&x-signature=mfgGVE5dEzmEoidqBSRL3cHMz3w%3D&t=4d5b0474&ps=13740610&shp=a5d48078&shcp=81f88b70&idc=useast5","chientran185","Tập 597 Đổi 1 hộp sữa lấy 1 nụ cười #vungcao #chuchien #chiena #suachoem #vinamilk ","253","2","2003","11","12","57","nhạc nền - Thanh Hùng","Tạ Thanh Hùng","true","2026-05-26T13:05:51.000Z","https://www.tiktok.com/@chientran185/video/7644185998582402312"
"https://p16-common-sign.tiktokcdn-us.com/tos-alisg-avt-0068/01e181f1c280488492e4cc89853958d2~tplv-tiktokx-cropcenter:720:720.jpeg?dr=9640&refresh_token=8b63208a&x-expires=1780038000&x-signature=NjJ%2FxJZ0CWE52AhkG72T1UCUErY%3D&t=4d5b0474&ps=13740610&shp=a5d48078&shcp=81f88b70&idc=useast5","loptoanquynhon","Ống sữa chua uống men sống Vinamilk Probi có dạng là một khối tròn xoay có chiều cao 16 cm. Biết rằng phần thân nối giữa ống là nửa đường tròn đường kính CB và phần phía trên CD là một phần của parabol như hình minh họa dưới đây. Bán kính miệng ống bằng một nửa bán kính đáy trụ. Bạn An rất thích loại thức uống này và đã uống một ngụm. Sau khi uống bạn An thấy rằng thể tích phần sữa chua uống còn lại trong ống cách miệng ống 2 cm. Hỏi lượng sữa chua còn lại này là bao nhiêu ml và chiều dày của ống là không đáng kể? (Kết quả làm tròn đến hàng đơn vị). #loptoanquynhon #xuhuong #fyp #viral #fyppppppppppppppppppppppp","10400","5062","117600","57","3736","656","âm thanh gốc - Lớp TOÁN Quy Nhơn","Lớp TOÁN Quy Nhơn","true","2026-03-31T03:29:40.000Z","https://www.tiktok.com/@loptoanquynhon/video/7623256699729759508"
"https://p16-common-sign.tiktokcdn-us.com/tos-alisg-avt-0068/598d09ba6ca51a3646cc38f431bd5bbb~tplv-tiktokx-cropcenter:720:720.jpeg?dr=9640&refresh_token=3615c56c&x-expires=1780038000&x-signature=%2BmT2O5g7yQgXOX2aQOK3%2Bbi3AkA%3D&t=4d5b0474&ps=13740610&shp=a5d48078&shcp=81f88b70&idc=useast5","namtrh","Mukbang sữa chua vá dễ vứi Nammmmm #NamVlog #Vinamilk #Greenfarm #Suachuauong #menHyLap #HoptacVinamilk","86700","2305","2400000","374","2242","167","nhạc nền - Nam Vlog","Nam Vlog","true","2025-07-12T12:30:00.000Z","https://www.tiktok.com/@namtrh/video/7526127120410610951"
"https://p19-common-sign.tiktokcdn-us.com/tos-useast5-avt-0068-tx/89b8a9e5c7215897f32fe5ea19f9a4a9~tplv-tiktokx-cropcenter:720:720.jpeg?dr=9640&refresh_token=111bf67d&x-expires=1780038000&x-signature=D8UNVsuFviZKNQeeQGKss4rEQNo%3D&t=4d5b0474&ps=13740610&shp=a5d48078&shcp=81f88b70&idc=useast5","gia.dinh.brian.o.my","🥛 Sữa Chua Vina Milk đã có mặt tại Richmond Virginia Mỹ 🥰🥰

#nguoivietomy #cuocsongmy #vlog #chiase #sữachua ","8","1","4391","2","4","28","âm thanh gốc","Gia Đình Brian ở Mỹ 🇺🇸","true","2026-05-11T05:49:38.000Z","https://www.tiktok.com/@gia.dinh.brian.o.my/video/7638507154592386335"
"https://p16-common-sign.tiktokcdn-us.com/tos-alisg-avt-0068/532a9e5593740c5f1372bce544fc7652~tplv-tiktokx-cropcenter:720:720.jpeg?dr=9640&refresh_token=0eb77ed7&x-expires=1780038000&x-signature=f3LOlvwsPjbwUPNVeAPPsbnwO6s%3D&t=4d5b0474&ps=13740610&shp=a5d48078&shcp=81f88b70&idc=useast5","gau_thit_heo_tg","Tại bà Út không rõ ràng nên chợ An Khương có sữa Vinamilk làm bánh Crepe sầu riêng 

#mientay #gauthitheo #choankhuong #tiềngiang #HoptacVinamilk ","33700","2146","599200","124","1394","127","âm thanh gốc - Gấu Thịt Heo_Tiền Giang","Gấu Thịt Heo_Tiền Giang","true","2026-05-22T09:49:48.000Z","https://www.tiktok.com/@gau_thit_heo_tg/video/7642651119847689492"
"https://p16-common-sign.tiktokcdn-eu.com/tos-alisg-avt-0068/f6931df157a8a7b4ed63d2a9b0799621~tplv-tiktokx-cropcenter:720:720.jpeg?dr=10399&refresh_token=293b9633&x-expires=1780038000&x-signature=DaUHK9VWJsVfQj5sBUVj45J6tHw%3D&t=4d5b0474&ps=13740610&shp=a5d48078&shcp=81f88b70&idc=no1a","vinamilk.official","🔥 TIỆC DEAL CUỒNG NHIỆT: SĂN TRỌN BỘ 3 OPTIMUM - DEAL ĐỈNH CHƯA TỪNG CÓ! 🔥
 
Cơ hội sắm trọn bộ sữa cao cấp, chốt deal cực hời cho bé yêu với chuỗi ưu đãi bùng nổ từ Super Brand Festival:
💜 Optimum A2 Pro+: Đột phá với Siêu cộng hưởng hỗ trợ hệ trục Não - Ruột - Miễn dịch.
💛 Optimum Gold: Tiêu hoá mượt mà, êm ái.
💚 Optimum Colos: Đề kháng 2 lớp vững vàng.
 
💥 CHỐT DEAL ĐỘC QUYỀN TRONG PHIÊN LIVE:
- Giảm 21% (tối đa 700K) cho đơn từ 2 Triệu.
- Voucher riêng trên Live giảm đến 500K cho đơn từ 1 Triệu.
- Mưa voucher & Quà tặng chính hãng tung liên tục.
 
⏰ Duy nhất: 15:00 – 19:00 | 27.05.2026
👉 Đặt lịch ngay: https://www.tiktok.com/@vinamilk.official
🔍 Search trên TikTok: Tiệc Deal Cuồng Nhiệt cùng Nhà nào cũng có Mẹ - Optimum

#Vinamilk #Optimum #TiecDealCuongNhiet #SuperBrandFestival","11","0","9319","2","1","22","âm thanh gốc - Vinamilk - Shop & More","Vinamilk - Shop & More","true","2026-05-27T01:46:28.000Z","https://www.tiktok.com/@vinamilk.official/video/7644382003881594132"
"https://p16-common-sign.tiktokcdn-us.com/tos-alisg-avt-0068/9e6f8e0680434630ae1be04c905fcaa2~tplv-tiktokx-cropcenter:720:720.jpeg?dr=9640&refresh_token=15418420&x-expires=1780038000&x-signature=ZfJzIa%2BzRBHBQk5n9NLASQc5NTM%3D&t=4d5b0474&ps=13740610&shp=a5d48078&shcp=81f88b70&idc=useast8","mytienkhac","Đắp mặt nạ sữa chua mỗi sáng để da căng bóng #100ngaythaydoibanthan #mytien #viral","7198","546","470300","243","1142","57","Morning Routine","Neyaraf","false","2025-06-25T16:35:28.000Z","https://www.tiktok.com/@mytienkhac/video/7519926487407971602"
"https://p16-common-sign.tiktokcdn-us.com/tos-maliva-avt-0068/feb71affa7227544bd9bff8bfe75385e~tplv-tiktokx-cropcenter:720:720.jpeg?dr=9640&refresh_token=9e3577d0&x-expires=1780038000&x-signature=F0kggIkszhilfY%2BGMM6yLLmOoto%3D&t=4d5b0474&ps=13740610&shp=a5d48078&shcp=81f88b70&idc=useast8","gangpdlike","[Glog]여기 언제 저몰래 힙해졌어요? #vinamilk #vlog #learnontiktok 
@Vinamilk - Shop & More 는 베트남 대표 유제품 브랜드입니다
어느새 굉장히 귀여워지고 종류도 많아져서 매장에 방문해보았어요!

우유뿐 아니라 요거트, 아이스크림, 음료수, 두유까지 구경하려다 전재산을 다 쓰고 나올뻔 했답니다😅

요새 하노이에서도 매장이 많이 보이고 길가다 보이시면 구경해보세요(존잼!)

구글맵 “vina milk”로 매장 검색하시고 가까운데로 가보시길 추천해요!

Vinamilk là thương hiệu sữa nổi tiếng của Việt Nam🇻🇳
 Dạo gần đây thấy brand này dễ thương hẳn lên, sản phẩm thì siêu đa dạng nên mình đã ghé cửa hàng thử xem sao!

Không chỉ có sữa đâu nha, còn có sữa chua, kem, nước uống, sữa đậu nành các kiểu nữa… suýt nữa tiêu hết tiền trong ví luôn á 😅

Dạo này ở Hà Nội thấy cửa hàng Vinamilk mở khá nhiều đó, đi ngang qua thấy là nên ghé thử liền (vui cực kỳ luôn!)

Bạn có thể tìm ""vina milk"" trên Google Maps để xem cửa hàng gần nhất rồi ghé thử nha👍🏻","23100","1260","303800","118","1314","120","오리지널 사운드 - 갱피디","갱피디","true","2025-07-28T14:52:10.000Z","https://www.tiktok.com/@gangpdlike/video/7532145677028101394"
"https://p16-common-sign.tiktokcdn-us.com/tos-alisg-avt-0068/68951f28f2a619d2e842ed4bef9384a2~tplv-tiktokx-cropcenter:720:720.jpeg?dr=9640&refresh_token=165b73ce&x-expires=1780038000&x-signature=uvEnt%2F1rDthmUQnbZTSyJKpupyM%3D&t=4d5b0474&ps=13740610&shp=a5d48078&shcp=81f88b70&idc=useast8","bepnhamam","Ba chỉ cháy cạnh xốt me siêu ""hao cơm"". Xốt sánh kẹo béo thơm phức nhờ thay đường bằng bí kíp này nè cả nhà ơi!#BepNhaMam #Vinamilk #SữaÔngThọ #NấuNgonCùngÔngThọ #HoptacVinamilk ","1526","94","18300","27","264","55","âm thanh gốc - Bếp Nhà Mâm","Bếp Nhà Mâm","true","2026-05-26T04:40:30.000Z","https://www.tiktok.com/@bepnhamam/video/7644055748846161172"
"https://p16-common-sign.tiktokcdn-us.com/tos-alisg-avt-0068/26da8e4c6a0034488933bf6d73a796b0~tplv-tiktokx-cropcenter:720:720.jpeg?dr=9640&refresh_token=1870ba6a&x-expires=1780038000&x-signature=NLu49t6AJATCAQdLxOwiD4iC62c%3D&t=4d5b0474&ps=13740610&shp=a5d48078&shcp=81f88b70&idc=useast8","bolonton_","Collection xứng đáng nên FOMO mùa tết này của Vinamilk
#bolonton #Vinamilk #Probi #EmBungNgayTet","1885","40","14100","5","35","70","nhạc nền - 𝐁𝐨 𝐋𝐨𝐧 𝐓𝐨𝐧 ✮⋆꩜ .ᐟ","𝐁𝐨 𝐋𝐨𝐧 𝐓𝐨𝐧 ✮⋆꩜ .ᐟ","true","2026-01-29T11:24:12.000Z","https://www.tiktok.com/@bolonton_/video/7600742840049601799"
"https://p16-common-sign.tiktokcdn-us.com/tos-alisg-avt-0068/1cb1e24f5d35a4b7c99e1df02571333e~tplv-tiktokx-cropcenter:720:720.jpeg?dr=9640&refresh_token=5f7be02a&x-expires=1780038000&x-signature=I7rVAf2j9D8chX1X6Y6LIRadsvQ%3D&t=4d5b0474&ps=13740610&shp=a5d48078&shcp=81f88b70&idc=useast8","traanxngg","Làm host riết nên Trân cũng có bảo bối khác nhauu, bí kíp tiệc vui của tui thì trong video này Trân bật mí rồi á nhaa😝💗

#Vinamilk #SuatuoiVinamilk100% #KhongLactose #AntoantinhkhietMy #HoptacVinamilk","2675","117","252700","8","181","75","Cute heartwarming BGM(1490583)","sanusagi","false","2026-01-09T11:33:50.000Z","https://www.tiktok.com/@traanxngg/video/7593323625348910344"
"https://p16-common-sign.tiktokcdn-us.com/tos-alisg-avt-0068/5870260560821dc861e3ffcf69f2f378~tplv-tiktokx-cropcenter:720:720.jpeg?dr=9640&refresh_token=c62af5c3&x-expires=1780038000&x-signature=OGE3x2dffI%2B5ioYqHwy7Gb%2FMz10%3D&t=4d5b0474&ps=13740610&shp=a5d48078&shcp=81f88b70&idc=useast8","comnuoccungvy","Vinamilk về Hóc Môn roài mn ơi 🤭 #vinamilk #hocmon #ancungtiktok #comnuoccungvy #xuhuong ","584","291","20700","51","60","30","âm thanh gốc - Vy zi zu  ≽^•˕• ྀི≼ 📷 ༘","Vy zi zu","true","2026-04-23T11:03:02.000Z","https://www.tiktok.com/@comnuoccungvy/video/7631908534136933653"
"https://p16-common-sign.tiktokcdn-us.com/tos-useast2a-avt-0068-euttp/d5cd12f8ebd30fbea01c3cd3ef0a13bf~tplv-tiktokx-cropcenter:720:720.jpeg?dr=9640&refresh_token=b1a3c988&x-expires=1780038000&x-signature=p7OOKR%2F9R7gXMg5ypAgdViaRYUM%3D&t=4d5b0474&ps=13740610&shp=a5d48078&shcp=81f88b70&idc=useast8","abby_dolambanh","Trả lời @W.Mitz’🔒🎀 Lên cho các bác con mã whipping vinamik nhaaa 🤗🫰🏻 #abbydolambanh #whipping #whippingcream #vinamilk ","4693","235","77100","17","296","44","âm thanh gốc - Abby Đồ Làm Bánh","Abby Đồ Làm Bánh","true","2026-04-30T14:06:17.000Z","https://www.tiktok.com/@abby_dolambanh/video/7634553336242523410"
"https://p16-common-sign.tiktokcdn-us.com/tos-alisg-avt-0068/87e42ce2f022148fa136123bf08f96d7~tplv-tiktokx-cropcenter:720:720.jpeg?dr=9640&refresh_token=47326158&x-expires=1780038000&x-signature=yCGR0GurtbJMEngwQ58ejya6mz8%3D&t=4d5b0474&ps=13740610&shp=a5d48078&shcp=81f88b70&idc=useast8","tntuean25","","3978","1575","38100","41","79","49","đôi mình - Short Version","Chuột Sấm Sét","false","2026-05-26T15:20:28.000Z","https://www.tiktok.com/@tntuean25/video/7644220687523007764"
"https://p16-common-sign.tiktokcdn-us.com/tos-alisg-avt-0068/4b68dee9bac01d890e664bcc8118b5b4~tplv-tiktokx-cropcenter:720:720.jpeg?dr=9640&refresh_token=2d5460ba&x-expires=1780038000&x-signature=QJ%2Fy8v%2FoqXfRLUsZAVkY7%2FG%2FloU%3D&t=4d5b0474&ps=13740610&shp=a5d48078&shcp=81f88b70&idc=useast8","_anhsang_123","#CapCut yogurt ❤️#mylove #yogurt #trending #xuhuong ","33","1","406","3","0","16","original sound - 𝓗𝓲𝓻𝓪𝓪🗽","𝓗𝓲𝓻𝓪𝓪🗽","true","2026-05-26T16:19:10.000Z","https://www.tiktok.com/@_anhsang_123/video/7644235764397788436"
"https://p16-common-sign.tiktokcdn-us.com/tos-alisg-avt-0068/68951f28f2a619d2e842ed4bef9384a2~tplv-tiktokx-cropcenter:720:720.jpeg?dr=9640&refresh_token=165b73ce&x-expires=1780038000&x-signature=uvEnt%2F1rDthmUQnbZTSyJKpupyM%3D&t=4d5b0474&ps=13740610&shp=a5d48078&shcp=81f88b70&idc=useast8","bepnhamam","Cháy nhẹ bên ngoài, mềm mịn bên trong 🤤 Burnt cheesecake béo mượt nhờ Whipping Cream Ngôi Sao Phương Nam, cắn một miếng là hiểu vì sao em bánh này hot mãi.
#BepNhaMam
#Vinamilk #NgôiSaoPhươngNam  #WhippingCreamNSPN #HoptacVinamilk","5741","364","94100","37","1234","58","âm thanh gốc - Bếp Nhà Mâm","Bếp Nhà Mâm","true","2026-04-28T11:46:27.000Z","https://www.tiktok.com/@bepnhamam/video/7633775128643407125"
"https://p16-common-sign.tiktokcdn-us.com/tos-alisg-avt-0068/f8802931b267c988f602bcd9b7fe023f~tplv-tiktokx-cropcenter:720:720.jpeg?dr=9640&refresh_token=5c02bb1e&x-expires=1780038000&x-signature=WWQh7Y8YVhHMTHvARWVk2QgzKUg%3D&t=4d5b0474&ps=13740610&shp=a5d48078&shcp=81f88b70&idc=useast5","b.mo6651","Hôm nay mình dùng 1 lít sữa ông thọ đỏ , 1 lít sữa tươi không đường Vinamilk , 1 hộp men cái Vinamilk , 2.5 lít nước , ủ 12 tiếng , các bác nhận xét cho em với ạ#suachuatuimixvi #suachua #xuhuongtiktok ","51","3","6370","47","3","29","nhạc nền - 🥡𝙃𝙚𝙞𝙣𝙖૮ ˶ᵔ ᵕ ᵔ˶ ა🧁","🥡𝙃𝙚𝙞𝙣𝙖૮ ˶ᵔ ᵕ ᵔ˶ ა🧁","true","2026-05-05T01:04:43.000Z","https://www.tiktok.com/@b.mo6651/video/7636207361488620820"
"https://p16-common-sign.tiktokcdn-us.com/tos-alisg-avt-0068/9f98aab18a9d53e6e00de8f76d084dcc~tplv-tiktokx-cropcenter:720:720.jpeg?dr=9640&refresh_token=dc1088f2&x-expires=1780038000&x-signature=014OCbhkqwoqb%2FvkrpoX9qXIxzs%3D&t=4d5b0474&ps=13740610&shp=a5d48078&shcp=81f88b70&idc=useast5","1211.ntg","Pls Vinamilk ơiii #vinamilk #hehe #giangnguyen ","24900","458","829900","219","1483","17","nhạc nền - Hehe","Hehe","true","2025-08-11T09:09:00.000Z","https://www.tiktok.com/@1211.ntg/video/7537252434775723272"
"https://p16-common-sign.tiktokcdn-us.com/tos-alisg-avt-0068/1e78b062a9495f9a26451cc5707c327b~tplv-tiktokx-cropcenter:720:720.jpeg?dr=9640&refresh_token=65276e50&x-expires=1780038000&x-signature=MSMEaPH07iRxu6UefchUPYZbr9o%3D&t=4d5b0474&ps=13740610&shp=a5d48078&shcp=81f88b70&idc=useast5","huba.49ton_duc_thang_hn","Sữa Tươi Vinamilk 1L - Hàng Luôn Sẵn Kho - Chính Sách 1 Giá
📍 49 Tôn Đức Thắng – Đống Đa – Hà Nội

#HUBAMart
#SuaTuoiVinamilk1L
#NguyenLieuPhaChe
#PhaChe
#GiaSi","631","53","278600","30","19","39","âm thanh gốc - huba.49ton_duc_thang_hn","HUBA - Siêu thị bán buôn F&B","true","2026-02-26T12:59:53.000Z","https://www.tiktok.com/@huba.49ton_duc_thang_hn/video/7611157886323920148"
"https://p16-common-sign.tiktokcdn-us.com/tos-alisg-avt-0068/24a708f4432ad5c76da1d6f89f18dffb~tplv-tiktokx-cropcenter:720:720.jpeg?dr=9640&refresh_token=b4393bc4&x-expires=1780038000&x-signature=%2BWjpZdBIf09SoEZ6zDZGOrOYUXE%3D&t=4d5b0474&ps=13740610&shp=a5d48078&shcp=81f88b70&idc=useast5","angithuongoi","Mọi người đã thử các loại sữa tươi hot hit này chưa? #angithuongoi #mukbang #suatuoi100 #vinamilk #learnontiktok #ancungtiktok #xuhuongtiktok #longervideos ","11800","641","593400","212","696","209","nhạc nền - Ăn Gì Thương Ơi","Ăn Gì Thương Ơi","true","2025-05-07T12:08:00.000Z","https://www.tiktok.com/@angithuongoi/video/7501674388001983762"
"https://p16-common-sign.tiktokcdn-us.com/tos-alisg-avt-0068/2b22f6f569ba546005f65be8ab29c460~tplv-tiktokx-cropcenter:720:720.jpeg?dr=9640&refresh_token=baabe10d&x-expires=1780038000&x-signature=EVSYtuTdHJRE8pIpfCvbjLEyhi8%3D&t=4d5b0474&ps=13740610&shp=a5d48078&shcp=81f88b70&idc=useast5","aryukhan_r","what is your favorite ice cream? #icecream #vinamilk #vietnam #dalat ","976","36","21200","17","60","29","Matcha Boba","Becomfy","false","2025-07-23T13:52:00.000Z","https://www.tiktok.com/@aryukhan_r/video/7530274750908648722"
"https://p16-common-sign.tiktokcdn-us.com/tos-alisg-avt-0068/31c696914455a646d818d4dbb87eb854~tplv-tiktokx-cropcenter:720:720.jpeg?dr=9640&refresh_token=92fffd87&x-expires=1780038000&x-signature=404mJuwXLbKHnNOZatGtvM4VRV4%3D&t=4d5b0474&ps=13740610&shp=a5d48078&shcp=81f88b70&idc=useast5","showmeyourbiz","Quảng cáo Vinamilk thì đỉnh khỏi bàn #showmeyourbiz #1967ent #vinamilk #vietnam #tiktokgiaitri ","43200","2650","419000","194","1137","33","nhạc nền - Ở Đây Có Tuổi Thơ","Ở Đây Có Tuổi Thơ","true","2026-04-19T10:32:21.000Z","https://www.tiktok.com/@showmeyourbiz/video/7630416278250867989"
"https://p16-common-sign.tiktokcdn-us.com/tos-useast5-avt-0068-tx/6547f0fad0b4853ab4e774e26d629e3e~tplv-tiktokx-cropcenter:720:720.jpeg?dr=9640&refresh_token=9f8dbf39&x-expires=1780038000&x-signature=9S4IWKIu7on5q9qilnHhgDCi7yg%3D&t=4d5b0474&ps=13740610&shp=a5d48078&shcp=81f88b70&idc=useast5","cutimart","Sữa tươi dừa Vinamilk ngon đê mê 🤩😋🧋 #onlinegrocerydelivery #vietnamesefood #cutimart ","248","36","35500","2","36","46","original sound","CutiMart","true","2025-03-12T03:31:51.000Z","https://www.tiktok.com/@cutimart/video/7480760460371905823"
"https://p16-common-sign.tiktokcdn-us.com/tos-alisg-avt-0068/a62f6ead72900612ce4b96b932cc520d~tplv-tiktokx-cropcenter:720:720.jpeg?dr=9640&refresh_token=fbe91538&x-expires=1780038000&x-signature=rSIjjwetJPLXShspCpco0ppPtio%3D&t=4d5b0474&ps=13740610&shp=a5d48078&shcp=81f88b70&idc=useast5","vinamilk117nguyendu_vinh","Sữa bột OPTIMUM GOLD VINAMILK ❤️

✅ Sữa Optimum Gold 1: từ 0 đến 6 tháng tuổi. - Dòng sản phẩm đặc biệt dùng cho cả trẻ sơ sinh khi sữa mẹ chưa về hoặc không thể nuôi con bằng sữa mẹ. Giá trị sinh học của dòng Optimum Gold 1 này tập trung vào sự phát triển trí não cũng như hệ tiêu hóa của bé.

✅ Sữa Optimum Gold 2: từ 6 đến 12 tháng tuổi.
- Vẫn giữ được thế mạnh của Optimum 1, Optimum Gold 2 còn góp phần sự phát triển thể chất cho trẻ. Nhất là chiều cao, cân nặng.

✅ Sữa Optimum Gold 3: từ 1 đến 2 tuổi.
- Không chỉ giúp phát triển về thể chất: chiều cao, cân nặng hay hỗ trợ tăng khả năng hệ miễn dịch mà sản phẩm này còn chú trọng tới sự hình thành, phát triển hệ thần kinh của trẻ.

 ✅ Sữa Optimum Gold 4: từ 2 đến 6 tuổi.
- Bên cạnh thực đơn hàng ngày, Optimum 4 trở thành bữa ăn phụ giàu dinh dưỡng. Với thành phần đặc biệt, Optimum 4 giúp bé phát triển hoàn thiện cả về thể chất lẫn trí tuệ. #vinamilk #optimumgold ","269","13","40800","78","28","38","âm thanh gốc - Ducth Music","Ducth Music","true","2026-04-16T11:10:31.000Z","https://www.tiktok.com/@vinamilk117nguyendu_vinh/video/7629312872719322389"
"https://p16-common-sign.tiktokcdn-eu.com/tos-alisg-avt-0068/f6931df157a8a7b4ed63d2a9b0799621~tplv-tiktokx-cropcenter:720:720.jpeg?dr=10399&refresh_token=293b9633&x-expires=1780038000&x-signature=DaUHK9VWJsVfQj5sBUVj45J6tHw%3D&t=4d5b0474&ps=13740610&shp=a5d48078&shcp=81f88b70&idc=no1a","vinamilk.official","SỮA TƯƠI VINAMILK 100% THÊM VỊ MỚI - 100% TƯƠI NGON, 100% TƯƠI VUI
Khám phá ngay bộ đôi Sữa tươi Vinamilk 100% Giảm béo Chuối & Sữa tươi Vinamilk 100% Dừa MỚI:
🥛 Vẫn là sữa tươi nguyên chất được vắt và đóng hộp ngay trong ngày
🥛 Nay có thêm vị dừa béo ngậy, vị chuối thơm ngon
Sản phẩm hiện có bán tại các cửa hàng tạp hóa, siêu thị, hệ thống website & cửa hàng Vinamilk trên toàn quốc.
🛒Bạn đã thử chưa?","8234","1294","21000000","103","1167","15","nhạc nền - Vinamilk - Shop & More","Vinamilk - Shop & More","true","2025-04-21T02:31:40.000Z","https://www.tiktok.com/@vinamilk.official/video/7495588494690061586"
"https://p16-common-sign.tiktokcdn-us.com/tos-alisg-avt-0068/47a63279bd7f5e9b4eedc1f3d402f273~tplv-tiktokx-cropcenter:720:720.jpeg?dr=9640&refresh_token=a54b5ff7&x-expires=1780038000&x-signature=x8GPGbfibgXWvoC2PS6qbewP294%3D&t=4d5b0474&ps=13740610&shp=a5d48078&shcp=81f88b70&idc=useast5","hieptrangreview","Sữa 9 loại hạt – thơm bùi, bổ dưỡng. 🌰🥛✨#hieptrangreview","5255","498","2200000","166","643","42","nhạc nền - Hiệp Trang Review","Hiệp Trang Bỉm Sữa","true","2026-01-28T07:35:27.000Z","https://www.tiktok.com/@hieptrangreview/video/7600312794185043207"
"https://p16-common-sign.tiktokcdn-us.com/tos-useast5-avt-0068-tx/6e679d9912821de6af0ba03047593b5f~tplv-tiktokx-cropcenter:720:720.jpeg?dr=9640&refresh_token=b27a3162&x-expires=1780038000&x-signature=5IHa%2FhHeXoxvhG%2FA3t8WF78nCQo%3D&t=4d5b0474&ps=13740610&shp=a5d48078&shcp=81f88b70&idc=useast5","firstphinfirst","It’s not a secret… First Phin First loves the condensed creamer from @Vinamilk US 

we also make all of our Vietnamese Coffee with the same creamer!!","645","132","18800","24","298","30","original sound","NYC’s Vietnamese Coffee Cart","true","2025-11-24T19:35:00.000Z","https://www.tiktok.com/@firstphinfirst/video/7576377513493024013"
"https://p16-common-sign.tiktokcdn-us.com/tos-alisg-avt-0068/aa52cd809a207e0b6609d6052820010f~tplv-tiktokx-cropcenter:720:720.jpeg?dr=9640&refresh_token=1231241d&x-expires=1780038000&x-signature=f4%2BuYTEppGY0avxkmBv27bqoneM%3D&t=4d5b0474&ps=13740610&shp=a5d48078&shcp=81f88b70&idc=useast5","utsuareview","Sữa Đặc Ngôi Sao Phương Nam Hộp Giấy ##Utsuareview##review##suadac##vinamilk##suangoisao","251","46","90100","29","36","21","ふわふわ","nanaacom","false","2026-01-18T12:00:00.000Z","https://www.tiktok.com/@utsuareview/video/7596621609062927637"
"https://p16-common-sign.tiktokcdn-us.com/tos-alisg-avt-0068/054c035feb58ca17583d16495790a584~tplv-tiktokx-cropcenter:720:720.jpeg?dr=9640&refresh_token=def4c08c&x-expires=1780038000&x-signature=oHBB%2BcwTCsJvGOPd%2BUhQU%2BnAGco%3D&t=4d5b0474&ps=13740610&shp=a5d48078&shcp=81f88b70&idc=useast5","embetao2201_","Embe thử sữa mới hot hit của nhà vinamilk, mỗi lần đổi sữa là mẹ suy nghĩ đau đầu 😭✨👼🏻 

#vinamilk #a2 #suacongthuc #viral #unboxing ","130","11","9269","47","10","104","nhạc nền - Piano *cơ bản*","Piano *cơ bản*","true","2026-05-02T14:32:28.000Z","https://www.tiktok.com/@embetao2201_/video/7635302268320877844"
"https://p16-common-sign.tiktokcdn-us.com/tos-alisg-avt-0068/3c4cc43580d5b080345ae3243e476b95~tplv-tiktokx-cropcenter:720:720.jpeg?dr=9640&refresh_token=0512976c&x-expires=1780038000&x-signature=Oz3vkCkyLAebBhPMlixo1T2cjaw%3D&t=4d5b0474&ps=13740610&shp=a5d48078&shcp=81f88b70&idc=useast5","tuoithotoi2808","Quảng cáo ngày xưa (p1)#xuhuong #tiktok #quangcao #vinamilk ","17100","11900","496000","292","855","29","nhạc nền - Bii 5","Tuổi thơ ở đây","true","2025-10-05T08:17:21.000Z","https://www.tiktok.com/@tuoithotoi2808/video/7557648800425250066"
"https://p16-common-sign.tiktokcdn-eu.com/tos-alisg-avt-0068/f6931df157a8a7b4ed63d2a9b0799621~tplv-tiktokx-cropcenter:720:720.jpeg?dr=10399&refresh_token=293b9633&x-expires=1780038000&x-signature=DaUHK9VWJsVfQj5sBUVj45J6tHw%3D&t=4d5b0474&ps=13740610&shp=a5d48078&shcp=81f88b70&idc=no1a","vinamilk.official","SỮA TƯƠI VINAMILK 100% ÍT ĐƯỜNG GIẢM HƠN 25%* LƯỢNG ĐƯỜNG, THỬ NGAY!
🐄🐄🐄 Sữa đã tươi ngon, nay còn giảm hơn 25% lượng đường, Sữa Tươi Vinamilk 100% vị Ít Đường dịu nhẹ là sự lựa chọn không thể thiếu mỗi ngày cho cả gia đình.
Chọn Ít Đường, cho bé thích mê!
Chọn Ít Đường, cho mẹ thăng hạng vóc dáng!
Chọn Ít Đường, cho cả nhà khỏe vui!
#suatuoi100 #vinamilk #itduong #diunhe 
*So với sản phẩm Sữa tươi tiệt trùng Vinamilk 100% Có Đường
---------------------------------------------
Tìm hiểu thêm các thông tin về Vinamilk: 
👉 Website chính thức: https://new.vinamilk.com.vn/ 
👉 Fanpage Vinamilk: https://www.facebook.com/vinamilkofficial
➤ Đặt hàng online: Sữa Tươi Tiệt Trùng Vinamilk 100% Ít Đường","14200","705","15400000","133","1273","6","nhạc nền - Vinamilk - Shop & More","Vinamilk - Shop & More","true","2024-05-16T04:29:48.000Z","https://www.tiktok.com/@vinamilk.official/video/7369449559988112641"
"https://p16-common-sign.tiktokcdn-us.com/tos-alisg-avt-0068/e6a6334cce7ef394761b3d1db507729d~tplv-tiktokx-cropcenter:720:720.jpeg?dr=9640&refresh_token=2e3af6e4&x-expires=1780038000&x-signature=A8soxiE%2BInLfI29SQ6MrG2p8F9c%3D&t=4d5b0474&ps=13740610&shp=a5d48078&shcp=81f88b70&idc=useast5","conanlove5","Nhận Huy hiệu V50 với sếp thì như thế nào😆🎉🎉🎉 #vinamilk #vinamilkgreenfarm #vibes #sếp #tiktok ","5","0","119","3","0","6","original sound","dj auxlord","true","2026-05-26T11:57:34.000Z","https://www.tiktok.com/@conanlove5/video/7644168389048470805"
"https://p16-common-sign.tiktokcdn-us.com/tos-alisg-avt-0068/2a94fe4748564923c9a0b882afe7080a~tplv-tiktokx-cropcenter:720:720.jpeg?dr=9640&refresh_token=e52aa4bc&x-expires=1780038000&x-signature=x%2BPgs3UIKQG%2BLnScEd9JtcjRKLo%3D&t=4d5b0474&ps=13740610&shp=a5d48078&shcp=81f88b70&idc=useast5","pig_bubble","Ai tag vinamilk giùm tui đi pleaseeeeee #heobao✨ #unboxing #vinamilk #trending #viral ","3519","64","119700","46","152","121","original sound - ✨ Heo báo ( ig: heo_bao_zjz )","✨ Heo báo ( ig: heo_bao_zjz )","true","2026-02-28T15:12:13.000Z","https://www.tiktok.com/@pig_bubble/video/7611934157979045138"
"https://p16-common-sign.tiktokcdn-us.com/tos-alisg-avt-0068/c01ce97b3ed2349bba6ad50f76ef2348~tplv-tiktokx-cropcenter:720:720.jpeg?dr=9640&refresh_token=dd1cf1f8&x-expires=1780038000&x-signature=00VodBc4Q5GUL0Psop%2F%2BTf%2Bcdjc%3D&t=4d5b0474&ps=13740610&shp=a5d48078&shcp=81f88b70&idc=useast5","ppeekaaboo1","+1 công thức vào menu eat clean của mình với sữa Vinamilk Flex 💪🏼🥛
#dailyvlog #VinamilkFlex #HoptacVinamilk #pilates #healthyrecipe ","159","1183","1904","54","7","49","Morning Routine","Neyaraf","false","2026-05-06T11:01:36.000Z","https://www.tiktok.com/@ppeekaaboo1/video/7636732275283234055"
"https://p16-common-sign.tiktokcdn-us.com/tos-alisg-avt-0068/9ef97e79d03be981895575faf9fb6f99~tplv-tiktokx-cropcenter:720:720.jpeg?dr=9640&refresh_token=dbd6626e&x-expires=1780038000&x-signature=juQoK9fJ03tis%2BaAG9LX9vVAziw%3D&t=4d5b0474&ps=13740610&shp=a5d48078&shcp=81f88b70&idc=useast5","iamapple2424","Cùng làm món ăn quen thuộc của Táo với sữa Vinamilk Flex nhen. 

#dailyvlog #study #VinamilkFlex #HoptacVinamilk","3627","1026","141500","76","242","86","逍遥法外的猫","VCG视觉中国","false","2026-05-08T12:52:57.000Z","https://www.tiktok.com/@iamapple2424/video/7637503147954867463"
"https://p16-common-sign.tiktokcdn-us.com/tos-alisg-avt-0068/d855da2b41f9e4fef567a1edc2e8be39~tplv-tiktokx-cropcenter:720:720.jpeg?dr=9640&refresh_token=1cfef320&x-expires=1780038000&x-signature=D1ZrKkYKzdWDgTba%2F3aTV52MPWA%3D&t=4d5b0474&ps=13740610&shp=a5d48078&shcp=81f88b70&idc=useast5","me.minkhoi","Fan VINAMILK không thể bỏ qua nha 💕 #vinamilk #optimuma2pro #suacongthucphasan #suadama2 #mebimsua","1435","366","284700","531","285","15","nhạc nền - Kim Ngân193","Kim Ngân193","true","2025-11-29T10:58:09.000Z","https://www.tiktok.com/@me.minkhoi/video/7578099935267015954"
"https://p16-common-sign.tiktokcdn-us.com/tos-alisg-avt-0068/8d18409017e5784e51e999474776a300~tplv-tiktokx-cropcenter:720:720.jpeg?dr=9640&refresh_token=852d768a&x-expires=1780038000&x-signature=YHwLF9IJ5BMGxFcaJ1R6XPREPos%3D&t=4d5b0474&ps=13740610&shp=a5d48078&shcp=81f88b70&idc=useast5","nhagaomoc","Thật là thiếu sót quá đi, tại sao giờ này mà tui mới biết đến loại sữa nguyên kem này của Vinamilk vậy mấy bà?! 
#nhagaomoc #suanguyenkem #vinamilk #review #unbox ","163","128","31500","20","43","20","original sound - kumis kucing","kumis kucing","true","2025-09-14T12:30:00.000Z","https://www.tiktok.com/@nhagaomoc/video/7549850033638755592"
"https://p16-common-sign.tiktokcdn-us.com/tos-useast5-avt-0068-tx/6e679d9912821de6af0ba03047593b5f~tplv-tiktokx-cropcenter:720:720.jpeg?dr=9640&refresh_token=b27a3162&x-expires=1780038000&x-signature=5IHa%2FhHeXoxvhG%2FA3t8WF78nCQo%3D&t=4d5b0474&ps=13740610&shp=a5d48078&shcp=81f88b70&idc=useast5","firstphinfirst","Vinamilk is the classic condensed milk used for Vietnamese coffee. It makes the drink creamy, smooth, and just sweet enough to balance out the strong robusta beans. That balance of bold and silky is what makes cà phê sữa đá so addictive. We use it for every cup of coffee!

So @Vinamilk - Shop & More, when are we getting that sponsorship? 👀","560","17","33800","32","38","14","So into you","vibinsoundsss","true","2025-08-19T14:27:27.000Z","https://www.tiktok.com/@firstphinfirst/video/7540303128978083085"
"https://p16-common-sign.tiktokcdn-us.com/tos-alisg-avt-0068/ed91ee004cbd14b91d870b38d5aec874~tplv-tiktokx-cropcenter:720:720.jpeg?dr=9640&refresh_token=7f7463e7&x-expires=1780038000&x-signature=2LY8sYrpu5i%2FeYs3iiisGR8TaPQ%3D&t=4d5b0474&ps=13740610&shp=a5d48078&shcp=81f88b70&idc=useast5","chungho335","Combo 5 hộp sữa đặc ông thọ 1284g. hộp lớn siêu tiết kiệm mua combo giá cả phải chăng.##suadac##suadaccoduong##suadacongtho##vinamilk##chungho335","5","2","57","0","4","10","âm thanh gốc - Ống Hút Pro","Ống Hút Pro","true","2026-05-26T14:28:27.000Z","https://www.tiktok.com/@chungho335/video/7644207281055239444"
"https://p16-common-sign.tiktokcdn-us.com/tos-alisg-avt-0068/594ace5aa8467d708eb8f76022ebc204~tplv-tiktokx-cropcenter:720:720.jpeg?dr=9640&refresh_token=eb0c5f16&x-expires=1780038000&x-signature=PeEfz3go3%2F2PzXXOnr%2FnTeSERPA%3D&t=4d5b0474&ps=13740610&shp=a5d48078&shcp=81f88b70&idc=useast8","8thichunbox_","Sữa vinamil 100%#xuhuong #thucpham #vinamilkrewards ","128","143","76500","27","30","24","Cute","Aurel Surya Lie","false","2024-07-03T23:33:43.000Z","https://www.tiktok.com/@8thichunbox_/video/7387556833558269201"
"https://p16-common-sign.tiktokcdn-us.com/tos-alisg-avt-0068/d1e194970e5151950d006de4ce03ac32~tplv-tiktokx-cropcenter:720:720.jpeg?dr=9640&refresh_token=7e2f2ce6&x-expires=1780038000&x-signature=t%2BtwfizI8aJ%2Fr2p%2BnYNeeX3iL4w%3D&t=4d5b0474&ps=13740610&shp=a5d48078&shcp=81f88b70&idc=useast8","phuongganh","Bận mấy vẫn phải chăm mình mỗi ngày
#phuongganh #ceci #SuaHatVinamilk  #GiuYChi #HoptacVinamilk ","4811","53","80300","10","183","74","âm thanh gốc - ceci ♡","ceci ♡","true","2026-05-08T12:47:41.000Z","https://www.tiktok.com/@phuongganh/video/7637501775767112981"
"https://p16-common-sign.tiktokcdn-us.com/tos-alisg-avt-0068/bf18625bf3ca25a633101750fde07259~tplv-tiktokx-cropcenter:720:720.jpeg?dr=9640&refresh_token=cda00a29&x-expires=1780038000&x-signature=fhOk4%2BcpdiDUxknsUQKuSMe%2B01c%3D&t=4d5b0474&ps=13740610&shp=a5d48078&shcp=81f88b70&idc=useast8","ri.ri.review","#vinamilk","14","26","2968","1","7","9","チョコレートの魔法","nanaacom","false","2026-01-30T06:43:26.000Z","https://www.tiktok.com/@ri.ri.review/video/7601041579364650248"
"https://p16-common-sign.tiktokcdn-us.com/tos-maliva-avt-0068/b583c3c8667bc26346f1a1a8129974ce~tplv-tiktokx-cropcenter:720:720.jpeg?dr=9640&refresh_token=e2ba5893&x-expires=1780038000&x-signature=IOTSND9D08q5KBNjPkMAng8QslQ%3D&t=4d5b0474&ps=13740610&shp=a5d48078&shcp=81f88b70&idc=useast8","icecreamrollsworld","Vinamilk  #fyp #yumup #foryou #learnontiktok #science #ufo ","201","13","4792","1","14","94","Roses (Imanbek Remix)","SAINt JHN","false","2023-11-11T07:15:36.000Z","https://www.tiktok.com/@icecreamrollsworld/video/7300099689871871274"
"https://p16-common-sign.tiktokcdn-us.com/tos-alisg-avt-0068/2d0f97e4c6005318acd77b5859e7163f~tplv-tiktokx-cropcenter:720:720.jpeg?dr=9640&refresh_token=8895a58d&x-expires=1780038000&x-signature=VNZea9Q2ke0Va1Ms5v1s81m3M8k%3D&t=4d5b0474&ps=13740610&shp=a5d48078&shcp=81f88b70&idc=useast8","lyhoag3_3","sữa vinamilk tuổi thơ core🥛🧃🐄#vinamilk#tuoitho#xyzbca #fypシviral ","12100","2777","137400","164","1305","13","Wii U Mii Maker","☆","true","2025-09-30T12:00:48.000Z","https://www.tiktok.com/@lyhoag3_3/video/7555850963593039111"
"https://p16-common-sign.tiktokcdn-us.com/tos-useast2a-avt-0068-giso/6210fc2d750f4687fd4e82c6cbe82fb9~tplv-tiktokx-cropcenter:720:720.jpeg?dr=9640&refresh_token=d7c601fa&x-expires=1780038000&x-signature=vU1DMY5WO2a%2FmcjNSZAfsC6RzMY%3D&t=4d5b0474&ps=13740610&shp=a5d48078&shcp=81f88b70&idc=useast8","cafef_official","CEO Mai Kiều Liên lý giải nguyên nhân tại sao giá sữa tại các cửa hàng chính hãng của Vinamilk luôn cao hơn so với nơi khác. #Cafef #amm #AGMAwards2026 #ĐHCĐ2026 #CafeF #VNM","12100","1217","730500","0","667","78","âm thanh gốc - CafeF","CafeF","true","2026-04-24T05:52:49.000Z","https://www.tiktok.com/@cafef_official/video/7632199452266089744"
"https://p16-common-sign.tiktokcdn-us.com/tos-alisg-avt-0068/8b42df0a93cf2762ee7cfb8e3166afa5~tplv-tiktokx-cropcenter:720:720.jpeg?dr=9640&refresh_token=0a6e1234&x-expires=1780038000&x-signature=sD2z3cE%2Fcz45bnM6FcvPJgEKiok%3D&t=4d5b0474&ps=13740610&shp=a5d48078&shcp=81f88b70&idc=useast8","bunbo.0711","Sữa hạt ít đường. . #vinamilk #vinamilkbrandpartner #suahatvinamilk #vnmaff05 ","59","64","7031","14","26","36","[Animals and dishes] Cute BGM","Sound Owl","false","2026-05-05T03:17:08.000Z","https://www.tiktok.com/@bunbo.0711/video/7636241455341702421"
"https://p16-common-sign.tiktokcdn-us.com/tos-alisg-avt-0068/fecd003fee25c4300a26967c6ece0ce4~tplv-tiktokx-cropcenter:720:720.jpeg?dr=9640&refresh_token=faad5dbd&x-expires=1780038000&x-signature=nL40BkaFjuMorufXJDIL1J79Ww8%3D&t=4d5b0474&ps=13740610&shp=a5d48078&shcp=81f88b70&idc=useast8","neidichiuu","1 ngày uống 2 ly này cũng được ấyyyy
#Vinamilk #GreenFarm #suatuoithanhtrung #HợptáccùngVinamilk ","320","30","14300","109","30","43","nhạc nền - Neidichiuu⋆౨ৎ˚","Nei Đi Chiu ⋆౨ৎ˚","true","2025-12-19T10:18:05.000Z","https://www.tiktok.com/@neidichiuu/video/7585511310419365138"
"https://p16-common-sign.tiktokcdn-us.com/tos-alisg-avt-0068/8143fa7a707ea3727508179aed3c5fc9~tplv-tiktokx-cropcenter:720:720.jpeg?dr=9640&refresh_token=e082ea2b&x-expires=1780038000&x-signature=1ItEiMtGyfwSh8YVmuPHUnBC%2FtA%3D&t=4d5b0474&ps=13740610&shp=a5d48078&shcp=81f88b70&idc=useast8","topmax_news","47 năm không ai hỏi sữa Vinamilk ngon ra sao. Nhưng đổi logo cái, cả nước hay #vinamilk #topmax #topmaxnews #marketing #campaign #casestudy #tintuc #xuhuong #xh #fyp","289500","47500","2900000","4565","11632","69","nhạc nền - Topmax News","Topmax News","true","2025-04-11T09:37:22.000Z","https://www.tiktok.com/@topmax_news/video/7491987348389956871"
"https://p16-common-sign.tiktokcdn-us.com/tos-alisg-avt-0068/c50c4f067f846faccc54274f4c97be81~tplv-tiktokx-cropcenter:720:720.jpeg?dr=9640&refresh_token=125a4453&x-expires=1780038000&x-signature=8k7dRIOJaBzP2QMrohtIVkTl7Rg%3D&t=4d5b0474&ps=13740610&shp=a5d48078&shcp=81f88b70&idc=useast8","namaohwa","hate to see vinamilk missing #fyp #xuhuong #vinamilk ","201700","19600","3300000","2238","4565","61","original sound - nam","nam","true","2025-01-11T15:47:32.000Z","https://www.tiktok.com/@namaohwa/video/7458684961613253905"
"https://p16-common-sign.tiktokcdn-us.com/tos-alisg-avt-0068/772d1091f95e91a0ef234bf5c3077e9e~tplv-tiktokx-cropcenter:720:720.jpeg?dr=9640&refresh_token=c15f8ba8&x-expires=1780038000&x-signature=9QHw6wDStp9kJj9ZeuQYSQ8Uv9I%3D&t=4d5b0474&ps=13740610&shp=a5d48078&shcp=81f88b70&idc=useast8","thuy25119","Sữa tươi ngon #sữa ","17","10","14200","0","5","15","Nói Hoặc Không Nói","AMEE","false","2026-04-01T11:49:58.000Z","https://www.tiktok.com/@thuy25119/video/7623756762616876296"
"https://p16-common-sign.tiktokcdn-us.com/tos-alisg-avt-0068/d0c22c55633b0217abd8cbf8123c08fa~tplv-tiktokx-cropcenter:720:720.jpeg?dr=9640&refresh_token=7a9f92b3&x-expires=1780038000&x-signature=BMTMa9WWhzQc4Yx2qa9Vmk1JtM4%3D&t=4d5b0474&ps=13740610&shp=a5d48078&shcp=81f88b70&idc=useast8","_chaocau.12_","Một chiếc deadline khiến bạn ""yêu"" Vinamilk 🙆‍♀️🙆‍♀️🙆‍♀️
#vinamilk #ppt ","700","351","56200","197","360","18","Hình Như Ta Thích Nhau - Speed Up Version","Doãn Hiếu & BMZ","false","2022-11-05T04:36:40.000Z","https://www.tiktok.com/@_chaocau.12_/video/7162386220348116250"
"https://p19-common-sign.tiktokcdn-us.com/tos-alisg-avt-0068/5b6be5a302c6995f351f5a0065fa2dcb~tplv-tiktokx-cropcenter:720:720.jpeg?dr=9640&refresh_token=d7ac18a1&x-expires=1780038000&x-signature=EPb6f7HhP5Dez%2FsQwKio42nzkqw%3D&t=4d5b0474&ps=13740610&shp=a5d48078&shcp=81f88b70&idc=useast8","nhirose030715","Mê dừa mà chưa thử sữa tươi vị dừa của Vinamilk là thiếu sót thiệt luôn á! Thơm béo, mát lạnh, uống xong là ghiền.

#suatuoi100 #vinamilk ","12600","1045","487900","32","972","59","综艺广告清新欢乐 - 欢快 清新 综艺","张辉","false","2025-05-06T11:44:26.000Z","https://www.tiktok.com/@nhirose030715/video/7501297231010483463"
"https://p16-common-sign.tiktokcdn-us.com/tos-alisg-avt-0068/050663ed908da9d2eb4b58e2bd2ae039~tplv-tiktokx-cropcenter:720:720.jpeg?dr=9640&refresh_token=9b23ace0&x-expires=1780038000&x-signature=47uculog1Sszxou3pl0Lf1%2F95BY%3D&t=4d5b0474&ps=13740610&shp=a5d48078&shcp=81f88b70&idc=useast8","mua_sam_thong_minh_86","sữa tươi Vinamilk adm 110ml","50","22","33500","14","12","42","Valentina (Speed up)","Shineboys","false","2024-01-20T10:13:06.000Z","https://www.tiktok.com/@mua_sam_thong_minh_86/video/7326121479769181448"
"https://p16-common-sign.tiktokcdn-us.com/tos-alisg-avt-0068/0e70e8cd48e82e4a266342998889fd17~tplv-tiktokx-cropcenter:720:720.jpeg?dr=9640&refresh_token=d792304a&x-expires=1780038000&x-signature=fivD%2B6kPSR5lK2rleZT457PD8mY%3D&t=4d5b0474&ps=13740610&shp=a5d48078&shcp=81f88b70&idc=useast8","sachhays2","Sữa Vinamilk Mix 9 loại hạt ít đường, thơm ngon #sachhays2 #viral #vinamilk ","11","6","1222","0","5","39","Piano music that fits the emotional scene, with environmental sound(1293540)","syummacha","false","2025-09-16T07:44:38.000Z","https://www.tiktok.com/@sachhays2/video/7550589758565534994"
"https://p16-common-sign.tiktokcdn-us.com/tos-useast8-avt-0068-tx2/6218d0112ec60a01a58699d1757b155c~tplv-tiktokx-cropcenter:720:720.jpeg?dr=9640&refresh_token=a4b05cbe&x-expires=1780038000&x-signature=PQK90ResfuUDGEpgq2m8MimiD%2B4%3D&t=4d5b0474&ps=13740610&shp=a5d48078&shcp=81f88b70&idc=useast8","haji.qadeem.shinwari.hot","#plzunfrezemyaccount🙏 #plzunfrezemyaccount🙏 #plzunfrezemyaccount🙏 #plzunfrezemyaccount🙏 #foryoufypシ゚viral☆♡💯 ","761","28","10600","56","28","12","original sound","ꜱʜᴀʜᴀʙ ʙᴀᴛᴋʜᴇʟᴡᴀʟ373","true","2026-04-25T03:39:03.000Z","https://www.tiktok.com/@haji.qadeem.shinwari.hot/video/7632536248942382367"
"https://p19-common-sign.tiktokcdn.com/tos-useast2a-avt-0068-giso/cfe9de6ffa872cfd289af339ba133f8e~tplv-tiktokx-cropcenter:720:720.jpeg?dr=14579&refresh_token=fab68ff3&x-expires=1780038000&x-signature=8uX%2FAHCeJ7aJ3B1kJ0sHngiecZw%3D&t=4d5b0474&ps=13740610&shp=a5d48078&shcp=81f88b70&idc=my","xoaifam","Buổi họp gia đình thành công mỹ mãn 🤣 #HoptacVinamilk #VinamilkTet","3469","71","1100000","73","88","87","original sound - Xoài Fam","Xoài Fam","true","2026-03-12T13:01:15.000Z","https://www.tiktok.com/@xoaifam/video/7616353409792281874"
"https://p16-common-sign.tiktokcdn.com/tos-maliva-avt-0068/4532f33e96927352c62fc916c46632b2~tplv-tiktokx-cropcenter:720:720.jpeg?dr=14579&refresh_token=caa3e805&x-expires=1780038000&x-signature=l45AanqM8k890IXqRLpbI1cxd%2Fw%3D&t=4d5b0474&ps=13740610&shp=a5d48078&shcp=81f88b70&idc=my","optimumgold","Optimum Gold - Êm bụng, ngủ ngon, thông minh, chóng lớn #optimumgold #vinamilk ","14","2","6100","0","4","15","nhạc nền - Vinamilk_OptimumGold","Vinamilk_OptimumGold","true","2022-12-22T23:31:18.000Z","https://www.tiktok.com/@optimumgold/video/7180119618214825221"
"https://p16-common-sign.tiktokcdn.com/tos-alisg-avt-0068/0d9fe231f6236fe3d25cdd49f10978be~tplv-tiktokx-cropcenter:720:720.jpeg?dr=14579&refresh_token=d05d55d1&x-expires=1780038000&x-signature=DKBwcavmQjnggk7ep8DhaEK60CQ%3D&t=4d5b0474&ps=13740610&shp=a5d48078&shcp=81f88b70&idc=my","dathy_98","Quảng cáo Vinamilk 🐮🐮🐮#nhacthieunhi ","923","863","93900","43","215","30","nhạc nền - ❄ᴅᴀтнʏ﹏❣","Dathy","true","2022-09-30T05:16:42.000Z","https://www.tiktok.com/@dathy_98/video/7149037472574410010"
"https://p16-common-sign.tiktokcdn.com/tos-alisg-avt-0068/213f0225e5a72fb06a6f945ebe1e4188~tplv-tiktokx-cropcenter:720:720.jpeg?dr=14579&refresh_token=ec90d26d&x-expires=1780038000&x-signature=OQVV3RUNeyj36hH9EFKSFrbBA00%3D&t=4d5b0474&ps=13740610&shp=a5d48078&shcp=81f88b70&idc=my","chauquochieu","#tuyendungvinamilk #vinamilk225ngogiatu #Vinamilk ","14","0","267","9","0","11","nhạc nền - Buồn không - [Xuhao🐥]   ✈️","Xu Hào 🐳","true","2026-05-27T00:38:35.000Z","https://www.tiktok.com/@chauquochieu/video/7644364501441170706"
"https://p16-common-sign.tiktokcdn.com/tos-alisg-avt-0068/5bc00ff240b0c08bb8e1ca531bec2ef2~tplv-tiktokx-cropcenter:720:720.jpeg?dr=14579&refresh_token=7c376e11&x-expires=1780038000&x-signature=qjoVYiQYUSlN6nZUfUdOdhrR0y4%3D&t=4d5b0474&ps=13740610&shp=a5d48078&shcp=81f88b70&idc=my","vinamilk97gangthep.tn","Mn ghé CH e ở 97 Gang Thép gần ngã tư chợ Dốc Hanh để mua kem giá cực ưu đãi 🫶🫶🫶 #vinamilk #vinamilk97gangthep #viral #kemvinamilk ","3","2","228","0","1","14","原創音樂","lovedance","true","2026-05-26T03:52:21.000Z","https://www.tiktok.com/@vinamilk97gangthep.tn/video/7644043334780062996"
"https://p16-common-sign.tiktokcdn.com/musically-maliva-obj/1594805258216454~tplv-tiktokx-cropcenter:720:720.jpeg?dr=14579&refresh_token=f42cbe2b&x-expires=1780038000&x-signature=R68giQCvwarTUzkOGmrn9QMibls%3D&t=4d5b0474&ps=13740610&shp=a5d48078&shcp=81f88b70&idc=my","tiktokkorea360","Quảng Cáo Vinamilk YoMilk 2000 - 2003 (30s)","121","6","17500","19","31","89","nhạc nền - user7365765639102","Tiktok Korea","true","2023-06-18T01:59:07.000Z","https://www.tiktok.com/@tiktokkorea360/video/7245839798898789637"
"https://p16-common-sign.tiktokcdn.com/tos-alisg-avt-0068/42cdf3dbeb6a09fc2fecb6c0b9b45203~tplv-tiktokx-cropcenter:720:720.jpeg?dr=14579&refresh_token=398e1c10&x-expires=1780038000&x-signature=LfvkGJp289lx%2BplUHLyVLcUyCxg%3D&t=4d5b0474&ps=13740610&shp=a5d48078&shcp=81f88b70&idc=my","nhacoembunny","mom nào dùng vinamilk hong #viral #vimamilk #gocphasua #nướcphasữa ","501","33","28300","56","37","62","nhạc nền - 𝙆𝙃𝙊𝘼 𝙈𝙐𝙎𝙄𝘾","𝙆𝙃𝙊𝘼 𝙈𝙐𝙎𝙄𝘾","true","2026-05-24T00:16:44.000Z","https://www.tiktok.com/@nhacoembunny/video/7643245614846840071"
"https://p16-common-sign.tiktokcdn.com/tos-alisg-avt-0068/50a97634f046cb9cac556c51517dc13f~tplv-tiktokx-cropcenter:720:720.jpeg?dr=14579&refresh_token=3d01b6b6&x-expires=1780038000&x-signature=UvNrPICw7iuPcMoeD6jiniEYKNE%3D&t=4d5b0474&ps=13740610&shp=a5d48078&shcp=81f88b70&idc=my","vit.cho.chn","#ilovetiktok #viralvideo #vinamilk ","167","10","37900","38","25","25","nhạc nền - BảoBình🫧","BảoBình🫧","true","2026-04-18T03:46:11.000Z","https://www.tiktok.com/@vit.cho.chn/video/7629940527139409172"
"https://p16-common-sign.tiktokcdn.com/tos-alisg-avt-0068/b316f9e5ada87480b7484c03aa8f5461~tplv-tiktokx-cropcenter:720:720.jpeg?dr=14579&refresh_token=ab821e42&x-expires=1780038000&x-signature=sHIE8KnUjvQ%2BB%2FwdHe3w4R4CPIk%3D&t=4d5b0474&ps=13740610&shp=a5d48078&shcp=81f88b70&idc=my","trangbanhbeo96","Sữa tươi tiệt trùng Vinamilk không đường bịch 220ml được làm từ sữa bò tươi nguyên chất, mang hương vị thơm ngon hấp dẫn, không bổ sung thêm đường, phù hợp cho người ăn kiêng, giảm cân nhưng vẫn đảm bảo đủ đầy dinh dưỡng tự nhiên #suatuoi #milk #suatuoikhongduong #suavinamilk #thungsuatuoi ","490","427","277400","55","103","10","original sound - 音乐馆🎶","音乐馆🎶","true","2024-12-04T02:50:48.000Z","https://www.tiktok.com/@trangbanhbeo96/video/7444383679503224071"
"https://p16-common-sign.tiktokcdn.com/tos-alisg-avt-0068/885ed72ee43d18909c3b0290cd0249fc~tplv-tiktokx-cropcenter:720:720.jpeg?dr=14579&refresh_token=99f18e84&x-expires=1780038000&x-signature=99d48db02wtZ%2B02lAIl0h5VD4sk%3D&t=4d5b0474&ps=13740610&shp=a5d48078&shcp=81f88b70&idc=my","mechang.review2","6 dòng sữa vinamilk các mom lên tham khảo #kiênthucsuckhoe #mebimsuachamcon #mechangreview #meyeuconratnhieu #trending #kienthucchambeyeu #suatotchobe #kiẻnhucmoingay ","1188","180","312300","221","478","8","nhạc nền - anhkhang","ahkhang","true","2025-04-20T09:42:51.000Z","https://www.tiktok.com/@mechang.review2/video/7495328539219102984"
"https://p16-common-sign.tiktokcdn.com/tos-alisg-avt-0068/fdf396321efdf1be332cb8bd2546270b~tplv-tiktokx-cropcenter:720:720.jpeg?dr=14579&refresh_token=aa1d1058&x-expires=1780038000&x-signature=6lvUCNC3auMt92GMQdOPUshki0k%3D&t=4d5b0474&ps=13740610&shp=a5d48078&shcp=81f88b70&idc=my","mechicuadodo","Vinamilk thật biết tiêu tiền của tôi 😌😌 #vlog #unboxing #asmr #mebimsua #viral ","7108","827","266200","93","369","25","âm thanh gốc - Mẹ Chi của Đô Đô","Mẹ Chi của Đô Đô","true","2026-05-24T09:02:28.000Z","https://www.tiktok.com/@mechicuadodo/video/7643381111673998600"
"https://p16-common-sign.tiktokcdn.com/tos-maliva-avt-0068/a3d2ed71f56ab9028717061955c29e61~tplv-tiktokx-cropcenter:720:720.jpeg?dr=14579&refresh_token=b9427a6b&x-expires=1780038000&x-signature=Gk9mdyZtUhfm2i7Pe8BemFSsAzM%3D&t=4d5b0474&ps=13740610&shp=a5d48078&shcp=81f88b70&idc=my","cuahangcuangoc","Probi Vinamilk ngon nha. Mình thấy sữa nào cứ tốt cho đường tiêu hoá là thấy ngon ạ 😄 #probi #probivinamilk #vinamilk #estvinamilk #suauongprobi ","8","18","6909","0","3","12","thirsty","beymatic","true","2024-08-24T06:06:51.000Z","https://www.tiktok.com/@cuahangcuangoc/video/7406583517771091218"
"https://p19-common-sign.tiktokcdn.com/tos-alisg-avt-0068/26ca07315c3efba0f326247f3227ae5d~tplv-tiktokx-cropcenter:720:720.jpeg?dr=14579&refresh_token=ad702182&x-expires=1780038000&x-signature=GHNb3%2Fr%2FjMHjFycFaLBhjEAgy74%3D&t=4d5b0474&ps=13740610&shp=a5d48078&shcp=81f88b70&idc=my","cogaibansua0m","Dòng sữa hạt của Vinamilk là dòng ít đường khác với TH không sử dụng đường. Dễ uống thơm ngon, chưa nhiều chất dinh dưỡng và hạn chế chất béo ❤️ 

#vinamilk #sữa #hạt #ócchó #hạnhnhân #tiktokviral #xuhuong #learnontiktok #td #xh #affiliatemarketing ","160","67","37300","20","44","9","APT.","88NoBeat","false","2024-10-30T00:50:14.000Z","https://www.tiktok.com/@cogaibansua0m/video/7431364620868144391"
"https://p16-common-sign.tiktokcdn.com/tos-alisg-avt-0068/e13f57022094134251fa79aa0e492ae8~tplv-tiktokx-cropcenter:720:720.jpeg?dr=14579&refresh_token=01601530&x-expires=1780038000&x-signature=c%2FJ5XHVGgqI6f9bhMV%2FdvD7cWYY%3D&t=4d5b0474&ps=13740610&shp=a5d48078&shcp=81f88b70&idc=my","minhtuyetshop88","#suahat #vinamilk #suadaunanh #occho #healthy    ","4","0","46","1","0","111","Cute","Aurel Surya Lie","false","2026-05-26T11:04:19.000Z","https://www.tiktok.com/@minhtuyetshop88/video/7644154545722903825"
"https://p19-common-sign.tiktokcdn.com/tos-alisg-avt-0068/630698d9cadbc1ad8e2eb0fd1cd28019~tplv-tiktokx-cropcenter:720:720.jpeg?dr=14579&refresh_token=5beffd3a&x-expires=1780038000&x-signature=Q3R4lEKwizR4LqppsimiMwHg35A%3D&t=4d5b0474&ps=13740610&shp=a5d48078&shcp=81f88b70&idc=my","d291013","🌟 SỮA TƯƠI TIỆT TRÙNG 100% VINAMILK – BỘ SƯU TẬP HƯƠNG VỊ TỰ NHIÊN 🌟

🥛 Từ nông trại xanh mát đến ly sữa tinh khiết, Vinamilk mang đến bộ sưu tập sữa tươi 100% tiệt trùng với đủ vị ngon cho cả nhà:

🍓 Dâu ngọt ngào
🍫 Socola đậm đà
🥥 Dừa thơm béo
🍌 Chuối ít béo nhẹ nhàng
🍫✨ Socola đậm đặc ít béo cuốn hút
🍈 Dưa lưới ít béo mát lành
🌽 Bắp thơm dịu

💧 Mỗi hộp là sự hòa quyện giữa nguồn sữa tươi nguyên chất và vị ngon tự nhiên, mang đến năng lượng tươi mới cho ngày dài đầy hứng khởi!

💛 Chọn vị bạn yêu – Thưởng thức trọn niềm vui cùng Vinamilk#Vinamilk ","84","20","12900","8","27","10","Ngọt Ngọt Thơm Thơm","Nguyễn Trần Trung Quân & Nguyễn Thương","false","2025-11-04T22:51:38.000Z","https://www.tiktok.com/@d291013/video/7569006649973787912"
"https://p16-common-sign.tiktokcdn.com/tos-maliva-avt-0068/3e6706719d24c1aa3a0c3315cb2ff19f~tplv-tiktokx-cropcenter:720:720.jpeg?dr=14579&refresh_token=26876bbd&x-expires=1780038000&x-signature=kCHA6Aex4X0QpS4dWzOfj1ucmrk%3D&t=4d5b0474&ps=13740610&shp=a5d48078&shcp=81f88b70&idc=my","liveapna","","3271","227","602500","183","631","31","original sound","liveapna","true","2026-01-04T14:00:50.000Z","https://www.tiktok.com/@liveapna/video/7591505863555239198"
"https://p16-common-sign.tiktokcdn.com/tos-alisg-avt-0068/3ffcda720453ab4780a7453730daef51~tplv-tiktokx-cropcenter:720:720.jpeg?dr=14579&refresh_token=b310cbec&x-expires=1780038000&x-signature=tLWawDjjwoU84TptYQ1Rux2B9Yg%3D&t=4d5b0474&ps=13740610&shp=a5d48078&shcp=81f88b70&idc=my","taphoaat","#fypシ #quanaohottrend #aolop #vinamilk #thtruemilk ","17500","17800","700800","232","1505","17","âm thanh gốc - NGUYỄN VINH 🍗","user55171374527","true","2026-04-04T16:31:06.000Z","https://www.tiktok.com/@taphoaat/video/7624942443389144341"
"https://p16-common-sign.tiktokcdn.com/tos-alisg-avt-0068/b1357598fc73aa9fbc7aa47facad34e9~tplv-tiktokx-cropcenter:720:720.jpeg?dr=14579&refresh_token=f2b40023&x-expires=1780038000&x-signature=7q%2FlQyzsFYEX1O4zaHja%2BCkmChY%3D&t=4d5b0474&ps=13740610&shp=a5d48078&shcp=81f88b70&idc=my","vinamilk_caitac102","70% cơ thể tôi là cafe sữa #vinamilkcaitac #giaitri #nuocsuoivinamilk #ngabacaitac #xuhuong ","71","17","5639","16","7","10","sea sponge swing","DJ Thays","false","2026-05-13T11:22:58.000Z","https://www.tiktok.com/@vinamilk_caitac102/video/7639335368835468551"
"https://p16-common-sign.tiktokcdn.com/tos-alisg-avt-0068/53ca79b0be6bb31c36c68720b1248b6f~tplv-tiktokx-cropcenter:720:720.jpeg?dr=14579&refresh_token=09ed2621&x-expires=1780038000&x-signature=fIqcUp4ISO4AWG4ehT%2BV4SSW8ZQ%3D&t=4d5b0474&ps=13740610&shp=a5d48078&shcp=81f88b70&idc=my","giadinhca1403","Cơ duyên hợp tác cùng Vinamilk  của em bé 🥰
#capcut #vinamilk #emxinh #viralvideo #mukbang ","12200","208","350500","68","143","11","suara asli - Inthesky05","febriyanbeone10","true","2025-07-03T05:38:15.000Z","https://www.tiktok.com/@giadinhca1403/video/7522725803268836616"
"https://p16-common-sign.tiktokcdn.com/tos-alisg-avt-0068/33fa208ad3a8a4d873763af9ad971af2~tplv-tiktokx-cropcenter:720:720.jpeg?dr=14579&refresh_token=b898c454&x-expires=1780038000&x-signature=L8Jv9D0IKNCykZwOORfBm%2FVKIB4%3D&t=4d5b0474&ps=13740610&shp=a5d48078&shcp=81f88b70&idc=my","mekutin68","sữa dinh dưỡng Vinamilk có đường 1 thùng 48 bịch một bịch 220ml, dùng làm buổi ăn sáng nhẹ hoặc làm bánh, sữa chua, xây sinh tố tiện lợi thơm ngon 
cho cả nhà mình lựa chọn đây ạ #mekutin68 #sua #suavinamilk #thinhhanh #xuhuong @Mẹ kutin @Mẹ kutin @Mẹ kutin ","84","14","21200","49","27","30","nhạc nền - Mẹ kutin","Mẹ kutin","true","2025-10-29T01:30:22.000Z","https://www.tiktok.com/@mekutin68/video/7566449963866115349"
"https://p16-common-sign.tiktokcdn.com/tos-alisg-avt-0068/c12b291ba974314b6994a9877ccc86b9~tplv-tiktokx-cropcenter:720:720.jpeg?dr=14579&refresh_token=ef982b7f&x-expires=1780038000&x-signature=oOLd7xT%2BLqOzE7w6RWlErHbz1io%3D&t=4d5b0474&ps=13740610&shp=a5d48078&shcp=81f88b70&idc=my","tuyennehe","Vinamilk nuôi kĩ quá, ki tăng dần theo tháng 😆😆#xhtiktok #xh #vinamilk #fypシ゚ ","16","0","446","3","0","12","nhạc nền - Nguyễn Mai Anh","Nguyễn Mai Anh","true","2026-05-19T04:39:03.000Z","https://www.tiktok.com/@tuyennehe/video/7641457780020350216"
"https://p16-common-sign.tiktokcdn.com/tos-alisg-avt-0068/6a129d0cb6c6b6fcb865182d8f9e1a21~tplv-tiktokx-cropcenter:720:720.jpeg?dr=14579&refresh_token=fdc48016&x-expires=1780038000&x-signature=sryTU0YBbQVB3tlVPMMW%2Fa5%2Bg8M%3D&t=4d5b0474&ps=13740610&shp=a5d48078&shcp=81f88b70&idc=my","nganga233","ủa Vinamilk có loại mới à 🫪","8","0","120","2","1","6","âm thanh gốc - anh_thuw🍓","anh_thuw🍓","true","2026-05-23T13:30:44.000Z","https://www.tiktok.com/@nganga233/video/7643079153616456967"
"https://p19-common-sign.tiktokcdn.com/tos-alisg-avt-0068/f04a92049f0caaba429016112c9fa795~tplv-tiktokx-cropcenter:720:720.jpeg?dr=14579&refresh_token=5a6ee82b&x-expires=1780038000&x-signature=3eLbHB%2FXlqvjnocHpXFJ9%2FtkjfE%3D&t=4d5b0474&ps=13740610&shp=a5d48078&shcp=81f88b70&idc=my","suutamquangcao","Quảng cáo sữa tươi Vinamilk năm 2009 #quangcao ","133","60","12200","7","25","30","nhạc nền - Sưu tầm quảng cáo","Sưu tầm quảng cáo","true","2025-06-04T07:31:12.000Z","https://www.tiktok.com/@suutamquangcao/video/7511993440855428370"
"https://p19-common-sign.tiktokcdn.com/tos-alisg-avt-0068/19952c003df3bc011ad05f41eac09f4f~tplv-tiktokx-cropcenter:720:720.jpeg?dr=14579&refresh_token=eb8969f6&x-expires=1780038000&x-signature=zXavZXod%2B2PX0ZpXj%2FTYOU7QqPI%3D&t=4d5b0474&ps=13740610&shp=a5d48078&shcp=81f88b70&idc=my","lethuy16773","sữa vinamilk , mua nhanh đi mọi người ","381","42","97600","31","48","11","nhạc nền - Ng. Lệ Thủy","Ng. Lệ Thủy","true","2025-02-17T07:22:05.000Z","https://www.tiktok.com/@lethuy16773/video/7472284944807513345"
"https://p16-common-sign.tiktokcdn.com/tos-alisg-avt-0068/411a4b3a58b7729cd6f56e7320e10279~tplv-tiktokx-cropcenter:720:720.jpeg?dr=14579&refresh_token=1c7e44da&x-expires=1780038000&x-signature=8%2BZDRC%2BaZHPHHnt49a7yCdu3GJs%3D&t=4d5b0474&ps=13740610&shp=a5d48078&shcp=81f88b70&idc=my","xuanthuynguyen_22","Pe ngox sock cute","2276","24","34600","126","4","11","nhạc nền - po'nk","sói cô đơn","true","2021-04-02T15:15:26.000Z","https://www.tiktok.com/@xuanthuynguyen_22/video/6946579275072015617"
"https://p16-common-sign.tiktokcdn.com/tos-alisg-avt-0068/e7f66f9ffb246a2412fe6ff9bbd645ed~tplv-tiktokx-cropcenter:720:720.jpeg?dr=14579&refresh_token=a1724d3c&x-expires=1780038000&x-signature=DSaCHER9UwkcSGpN3cXdPg81%2FBE%3D&t=4d5b0474&ps=13740610&shp=a5d48078&shcp=81f88b70&idc=my","llanhue","","3677","278","276400","38","90","78","âm thanh gốc - llanhue","llanhue","true","2026-05-23T03:27:30.000Z","https://www.tiktok.com/@llanhue/video/7642923703306685704"
"https://p19-common-sign.tiktokcdn.com/tos-maliva-avt-0068/27a6e5bae01a44d56496a1e517f5361a~tplv-tiktokx-cropcenter:720:720.jpeg?dr=14579&refresh_token=59939c00&x-expires=1780038000&x-signature=6b5bV6OSdZzNzgTkIR%2BpylXCdQc%3D&t=4d5b0474&ps=13740610&shp=a5d48078&shcp=81f88b70&idc=my","gaming.zone018","","1585","60","183600","22","387","36","original sound","Gaming Zone","true","2026-05-09T10:59:34.000Z","https://www.tiktok.com/@gaming.zone018/video/7637844761079975198"
"https://p16-common-sign.tiktokcdn.com/tos-alisg-avt-0068/8d665d7af06fd121face595c17c2b003~tplv-tiktokx-cropcenter:720:720.jpeg?dr=14579&refresh_token=e6713501&x-expires=1780038000&x-signature=j0Ncli4tfxDlAguuDjg8wfPMHBM%3D&t=4d5b0474&ps=13740610&shp=a5d48078&shcp=81f88b70&idc=my","vinamilk.c.c","Kem mát lạnh tại Vinamilk Cổ Cò và FAN ruột siêu cute.
#vinamilkcoco 
#kemmatlanh 
#bungnodoanhso 
#phuongvinamilk ","345","140","13300","32","18","15","âm thanh gốc - Hoài An","Hoài An","true","2026-05-20T07:15:13.000Z","https://www.tiktok.com/@vinamilk.c.c/video/7641869123546270996"
"https://p16-common-sign.tiktokcdn-us.com/tos-alisg-avt-0068/70c554de3fe829b45253543f0c351338~tplv-tiktokx-cropcenter:720:720.jpeg?dr=9640&refresh_token=c2c6cf6b&x-expires=1780038000&x-signature=fHRs7R7IUosgdRWCbUy7ypXjktk%3D&t=4d5b0474&ps=13740610&shp=a5d48078&shcp=81f88b70&idc=useast5","siroyummy","Trả lời @cô gái họ Lào🫧☀️ Mèngg ơi va vào em sữa đặc có vị của Vinamilk mà dính lunnnn. Ô Si ngày nào cũng đòi ăn cùng bánh mì :))) cô chú thử chưa, thích vị gì nhất nè 🥰 #siroyummy #xuhuong #vinamilk ","300","19","28100","17","48","287","nhạc nền - Siroyummy","Siroyummy","true","2025-08-05T08:18:43.000Z","https://www.tiktok.com/@siroyummy/video/7535012918899870997"
"https://p16-common-sign.tiktokcdn-us.com/tos-alisg-avt-0068/46dca0e6b33ba162b1b86c508ebeea9d~tplv-tiktokx-cropcenter:720:720.jpeg?dr=9640&refresh_token=c4194488&x-expires=1780038000&x-signature=Dk%2FeqrBzkJoHzsSm2sJCDjZVjso%3D&t=4d5b0474&ps=13740610&shp=a5d48078&shcp=81f88b70&idc=useast5","antoichua_","Ngon #vinamilk #kemvinamilk #gelato #muckbang #fyp ","142","35","9686","11","8","121","nhạc nền - Monne🍌","Monne🍌","true","2025-10-09T11:43:25.000Z","https://www.tiktok.com/@antoichua_/video/7559186212905389329"
"https://p16-common-sign.tiktokcdn-us.com/tos-alisg-avt-0068/f858bd6f424b99fe73ed02ee223f3851~tplv-tiktokx-cropcenter:720:720.jpeg?dr=9640&refresh_token=3b73d936&x-expires=1780038000&x-signature=s1EBo4XR9iCxAz8TcLaSSKEhiOg%3D&t=4d5b0474&ps=13740610&shp=a5d48078&shcp=81f88b70&idc=useast5","_mochie.family_","+ 1 fan Vinamilk thì không thể bỏ qua được các bác ôi , tích hộp tái sinh đổi quà siêu mê 😍 #mochie #mochiebabie #xh #momlife #abcxyz #fybbbbbbbbbbbbbb #fybシ #baovemoitruong #taisinh #vinamilk #greenfarm #vinamilkgreenfarm #thinhhanh ","31100","4661","1100000","765","2588","18","nhạc nền - VN New Track","VN New Track","true","2025-05-26T05:15:17.000Z","https://www.tiktok.com/@_mochie.family_/video/7508618647615573256"
"https://p16-common-sign.tiktokcdn-us.com/tos-alisg-avt-0068/9eb6fc7d8f07fef52a7d336f05184643~tplv-tiktokx-cropcenter:720:720.jpeg?dr=9640&refresh_token=943b5aea&x-expires=1780038000&x-signature=9eaFmq6aJXTCcb%2FgY7144NPL9M0%3D&t=4d5b0474&ps=13740610&shp=a5d48078&shcp=81f88b70&idc=useast5","migideiii","Con tui uống sữa bột Vinamilk lâu lắm rồi nhưng giờ tui mới biết sữa được sản xuất thế này nè ~

#migideiii #Vinamilk #HoptacVinamilk #HanhtrinhKiemchung #MotngaytaiNhamay ","671","87","26200","15","36","134","A graceful and elegant orchestral waltz(1590521)","ayumu tanahasi","false","2026-04-13T13:31:27.000Z","https://www.tiktok.com/@migideiii/video/7628235922269654293"
"https://p16-common-sign.tiktokcdn-us.com/tos-alisg-avt-0068/98e300ea246c365c4043c461265cac03~tplv-tiktokx-cropcenter:720:720.jpeg?dr=9640&refresh_token=6347c81d&x-expires=1780038000&x-signature=%2Fh7N2ezo%2B4pXefj6CaXouPFQJ0Y%3D&t=4d5b0474&ps=13740610&shp=a5d48078&shcp=81f88b70&idc=useast5","sophia.beauty99","Uống sữa gì mà lại giúp dáng đẹp da xinh vậy mấy bà? #Vinamilk #SuperNut #trend #beauty #sophia #xuhuong #tips #goclamdep #learnontiktok #fyp #xemngaymeohay #xmas2023 ","31800","484","4900000","202","1820","63","nhạc nền - Thuỷ Sophia","Thuỷ Sophia","true","2023-12-12T13:04:55.000Z","https://www.tiktok.com/@sophia.beauty99/video/7311693447897877778"
"https://p16-common-sign.tiktokcdn-us.com/tos-alisg-avt-0068/7a7bd751301b987f85eaa93b28d44b72~tplv-tiktokx-cropcenter:720:720.jpeg?dr=9640&refresh_token=a07fe813&x-expires=1780038000&x-signature=xkQYwMhRlcqnzuxPQu%2FLzZ2v2%2F4%3D&t=4d5b0474&ps=13740610&shp=a5d48078&shcp=81f88b70&idc=useast5","racheliss","Trời lạnh rồi, ăn kem thôi 🍦☃️ #mukbang #HopTacVinamilk #KemVinamilk #KemNgonRõVịRõVui ","848","9","163300","266","15","137","Yacht Club","MusicBox","false","2025-12-21T13:53:19.000Z","https://www.tiktok.com/@racheliss/video/7586308928720489749"
"https://p16-common-sign.tiktokcdn-us.com/tos-useast5-avt-0068-tx/6e679d9912821de6af0ba03047593b5f~tplv-tiktokx-cropcenter:720:720.jpeg?dr=9640&refresh_token=b27a3162&x-expires=1780038000&x-signature=5IHa%2FhHeXoxvhG%2FA3t8WF78nCQo%3D&t=4d5b0474&ps=13740610&shp=a5d48078&shcp=81f88b70&idc=useast5","firstphinfirst","It’s not Vietnamese coffee unless it’s made with @Vinamilk US ","2549","33","63900","32","182","75","Honey Tea","Oh Yu Sik","false","2025-10-21T13:18:09.000Z","https://www.tiktok.com/@firstphinfirst/video/7563663367748062477"
"https://p19-common-sign.tiktokcdn-us.com/tos-alisg-avt-0068/61c1024deed2021f86570f2f19574f37~tplv-tiktokx-cropcenter:720:720.jpeg?dr=9640&refresh_token=8fabb476&x-expires=1780038000&x-signature=FABLarVhptD4qCQi1ZK60NcGlhY%3D&t=4d5b0474&ps=13740610&shp=a5d48078&shcp=81f88b70&idc=useast5","coliendaily","Ngày 45 - Hành trình 100 ngày thay đổi bản thân 💕 #hanhtrinh100ngaythaydoibanthan #anuongkhoahoc #thamhutcalo #tiktokviral #xuhuong ","5","0","136","0","1","18","âm thanh gốc - Cô Liên 🪷","Cô Liên 🪷","true","2026-05-26T11:50:08.000Z","https://www.tiktok.com/@coliendaily/video/7644166482359897352"
"https://p16-common-sign.tiktokcdn-us.com/tos-alisg-avt-0068/d4940d543805177e12b3b68b1313aad7~tplv-tiktokx-cropcenter:720:720.jpeg?dr=9640&refresh_token=d7c17bc6&x-expires=1780038000&x-signature=z%2BDVN7nnl3ydJ6V4kNJyLaT%2BKks%3D&t=4d5b0474&ps=13740610&shp=a5d48078&shcp=81f88b70&idc=useast5","runmaticclub.vn","Mọi người nghĩ sao về những câu trả lời này ạ😃

🔥Friendly Reminder: Nhớ ngủ sớm, 6:00 giờ sáng mai có mặt ở Pace Coffee Sala tập luyện và check in nhận sữa Vinamilk Green Farm Cao Đạm miễn phí nhó cả nhà
#Runmatic #RunmaticClub #hybridtraining #Viral #fyp","129","3","2617","4","11","39","âm thanh gốc - Runmatic Club","Runmatic Club","true","2026-05-26T14:36:00.000Z","https://www.tiktok.com/@runmaticclub.vn/video/7644209227388554514"
"https://p16-common-sign.tiktokcdn-us.com/tos-alisg-avt-0068/e3940688f3554f85c0c7f8bdf90f363f~tplv-tiktokx-cropcenter:720:720.jpeg?dr=9640&refresh_token=ee3ce718&x-expires=1780038000&x-signature=%2B8yi8r6moSPqlhxLlGwf2kcpMxg%3D&t=4d5b0474&ps=13740610&shp=a5d48078&shcp=81f88b70&idc=useast5","mecuaboiu","Mẹ thì vội unbox con bên cạnh cứ “Bo mượn tí” 😒😆 #suatuoivinamilk #vinamilk ","2666","219","359800","247","234","44","nhạc nền - Đà Lạt Có Duy","Đà Lạt Có Duy","true","2025-10-15T08:30:40.000Z","https://www.tiktok.com/@mecuaboiu/video/7561363087236926728"
"https://p16-common-sign.tiktokcdn-us.com/tos-alisg-avt-0068/7370280283972567041~tplv-tiktokx-cropcenter:720:720.jpeg?dr=9640&refresh_token=91ad8ceb&x-expires=1780038000&x-signature=uZdNw%2BTGvhPAiAvJP5pkrSqKVn8%3D&t=4d5b0474&ps=13740610&shp=a5d48078&shcp=81f88b70&idc=useast5","lontodagi","Longi giới thiệu: Nước rau củ & Sữa SUSU Vinamilk #reviewanngon #ancungtiktok","64800","4198","908600","512","2533","186","nhạc nền - longi","longi","true","2025-07-29T12:28:28.000Z","https://www.tiktok.com/@lontodagi/video/7532479703874030855"
"https://p16-common-sign.tiktokcdn-us.com/tos-alisg-avt-0068/8ea1cede551f8bbe6855aaec583e6400~tplv-tiktokx-cropcenter:720:720.jpeg?dr=9640&refresh_token=0b9339a9&x-expires=1780038000&x-signature=QYkz37cL3J9Bx9HbuGg9eC5E6vM%3D&t=4d5b0474&ps=13740610&shp=a5d48078&shcp=81f88b70&idc=useast5","haiyendang195","Mukbang kem gelato của Vinamilk #asmr #mukbang #ancungtiktok ","45900","2961","885100","436","2762","369","nhạc nền - Hải Yến Đặng","Hải Yến Đặng","true","2025-09-14T14:35:32.000Z","https://www.tiktok.com/@haiyendang195/video/7549953479565921554"
"https://p16-common-sign.tiktokcdn-us.com/tos-useast2a-avt-0068-giso/ed41dd68d41e9740ff44a91323d2b04f~tplv-tiktokx-cropcenter:720:720.jpeg?dr=9640&refresh_token=027b4ecc&x-expires=1780038000&x-signature=AjHjULZ%2Ff1Hr%2FtjJsRtpN68kufY%3D&t=4d5b0474&ps=13740610&shp=a5d48078&shcp=81f88b70&idc=useast5","tqnam247","Tôi ăn tất cả những gì Vinamilk có!
#fyp #foryoupage #LearnOnTikTok #ĂnCùngTikTok ","42600","3343","688600","319","1973","435","original sound - Tô Quang Nam","Tô Quang Nam","true","2025-07-14T15:30:45.000Z","https://www.tiktok.com/@tqnam247/video/7526960424206617874"
"https://p16-common-sign.tiktokcdn-us.com/tos-alisg-avt-0068/2c6fe5ce1bb049cc8afc4832cd47c0e8~tplv-tiktokx-cropcenter:720:720.jpeg?dr=9640&refresh_token=8e695211&x-expires=1780038000&x-signature=a5N%2FEFg8UAxSbz6iF5B7uoceeWc%3D&t=4d5b0474&ps=13740610&shp=a5d48078&shcp=81f88b70&idc=useast5","vinamilktranoc","Đến ngay Vinamilk Trà Nóc (9/8B, Lê Hồng Phong, Thới An Đông, Cần Thơ) rinh ngay em bé này về nha cả nhà ơiiiiii 
#vinamilkchallenge #CuahangVinamilk #vinamilk #xuhuong #tiktok ","143","84","26800","42","33","42","Very cute melody by marimba tone(39813)","Mitsu Sound","false","2025-12-26T10:39:13.000Z","https://www.tiktok.com/@vinamilktranoc/video/7588114344571833620"
"https://p16-common-sign.tiktokcdn-us.com/tos-alisg-avt-0068/b6dc71241149823ec295447a1e09a0e5~tplv-tiktokx-cropcenter:720:720.jpeg?dr=9640&refresh_token=2acd2d7f&x-expires=1780038000&x-signature=G1G%2F59WDGSCbpgOXgADh6zKkHgU%3D&t=4d5b0474&ps=13740610&shp=a5d48078&shcp=81f88b70&idc=useast5","yengiaoquach","Sữa đặc vinamilk giá đang hời, dc free ship nữa ạ, mua để dành uống hoặc làm bánh qá ok la nè #sữadacvinamilk #sữadactailoc #anuonglanhmanh #anuongcungtiktok #Vinamilk ","414","22","84400","71","38","31","nhạc nền - GiaoGiao","GiaoGiao","true","2025-12-22T04:26:11.000Z","https://www.tiktok.com/@yengiaoquach/video/7586533858506509588"
"https://p16-common-sign.tiktokcdn-us.com/tos-alisg-avt-0068/fc512b63d8b4197f871c5715390610e1~tplv-tiktokx-cropcenter:720:720.jpeg?dr=9640&refresh_token=539ab8a9&x-expires=1780038000&x-signature=I%2BwghJhQ9j%2FCnC1R8HyyRr%2FdBFE%3D&t=4d5b0474&ps=13740610&shp=a5d48078&shcp=81f88b70&idc=useast5","coolbe1918","Ăn kem matcha #coolbe1918 #unboxingvideo #matchalover #vinamilk ","15200","5399","251700","91","828","83","Sweat and Hustle","The Brazilians of Bossa Nova","false","2025-04-26T11:44:01.000Z","https://www.tiktok.com/@coolbe1918/video/7497586268763589895"
"https://p16-common-sign.tiktokcdn-us.com/tos-alisg-avt-0068/c31f5a08404962bf0c6ace9a0090e319~tplv-tiktokx-cropcenter:720:720.jpeg?dr=9640&refresh_token=e4fca45f&x-expires=1780038000&x-signature=P%2BMseYMrXygfBri4KDjcWCT90V0%3D&t=4d5b0474&ps=13740610&shp=a5d48078&shcp=81f88b70&idc=useast5","miklosngo.99","Sữa đạm cho ae #ngoanhtuan99 #vinamilk","547","21","19600","19","65","55","可爱小公主 - Lovely Little Princess","黄川","false","2025-09-15T10:28:00.000Z","https://www.tiktok.com/@miklosngo.99/video/7550260586861382928"
"https://p16-common-sign.tiktokcdn-us.com/tos-alisg-avt-0068/6f611fe3fba37004d58a187b5f854f34~tplv-tiktokx-cropcenter:720:720.jpeg?dr=9640&refresh_token=fd103436&x-expires=1780038000&x-signature=V9IGZUa%2F%2BxIkIjdCsVshAR3x2f0%3D&t=4d5b0474&ps=13740610&shp=a5d48078&shcp=81f88b70&idc=useast5","chonannhe","Team thích ăn Kem bơi hết vào đây với mình nhé. VNM dạo này cải tiến sản phẩm mạnh mẽ thật sự, nhiều kem Ngon - Đẹp - Rẻ thích mê luôn các bà ơi.
#chonan #review 
#foodreview #kem 
#icecream #vinamilk ","7034","1137","241800","118","257","107","mini vlog","🍓•||Minivlog||•🍓","true","2025-02-13T18:17:52.000Z","https://www.tiktok.com/@chonannhe/video/7470969628391460103"
"https://p16-common-sign.tiktokcdn-us.com/tos-alisg-avt-0068/68aff4b85348325a5a0370f99fdae21d~tplv-tiktokx-cropcenter:720:720.jpeg?dr=9640&refresh_token=6e38017e&x-expires=1780038000&x-signature=X9s3Ys1BS2Fd3N49GjDjmaOZTQc%3D&t=4d5b0474&ps=13740610&shp=a5d48078&shcp=81f88b70&idc=useast5","homnayangi.1","Sữa Vinamilk có bao bì mới này bà con  #thaydoibaobi #vinamilk #baobimoi ","616","28","151000","27","34","35","Vlog ・ Stylish city pop(1275391)","orino","false","2025-01-20T04:15:49.000Z","https://www.tiktok.com/@homnayangi.1/video/7461846588067941640"
"https://p16-common-sign.tiktokcdn-us.com/tos-alisg-avt-0068/73f21dfce4292e97769dda9ed6f337bc~tplv-tiktokx-cropcenter:720:720.jpeg?dr=9640&refresh_token=47bc23a6&x-expires=1780038000&x-signature=UFl%2FA6R%2Bg1mcSS0AvF2UIet%2BCFw%3D&t=4d5b0474&ps=13740610&shp=a5d48078&shcp=81f88b70&idc=useast5","salasala0393","#vinamilk #organic sữa tươi vinamilk organic dành cho bé trên 12m. Bed khá là hợp tác ạ","8","4","2794","6","2","14","Cute","Aurel Surya Lie","false","2024-08-20T03:14:36.000Z","https://www.tiktok.com/@salasala0393/video/7405054789869931783"
"https://p16-common-sign.tiktokcdn-us.com/tos-alisg-avt-0068/cf77244b8d5f889f6a2917144e176bb1~tplv-tiktokx-cropcenter:720:720.jpeg?dr=9640&refresh_token=96b06dd7&x-expires=1780038000&x-signature=rplQEfpauMTAGpku%2Bgx0qp1P39U%3D&t=4d5b0474&ps=13740610&shp=a5d48078&shcp=81f88b70&idc=useast5","odaycotuoitho9x","ai còn nhớ Quảng cáo này không nhỉ #xuhuong #trending #xuhuongtiktok2024 #tuoithotoi #odaycotuoitho ","553","255","40000","18","98","29","nhạc nền - Ở Đây Có Tuổi Thơ ✅","Ở Đây Có Tuổi Thơ","true","2024-12-16T10:32:23.000Z","https://www.tiktok.com/@odaycotuoitho9x/video/7448955650534591762"
"https://p16-common-sign.tiktokcdn-us.com/tos-alisg-avt-0068/d8a97e51440d290005929df83f731cea~tplv-tiktokx-cropcenter:720:720.jpeg?dr=9640&refresh_token=30990930&x-expires=1780038000&x-signature=aqVWbBauk5L3Hb3S7Lx5FG%2F1%2F0c%3D&t=4d5b0474&ps=13740610&shp=a5d48078&shcp=81f88b70&idc=useast5","mebexoai._","Thử sức món mới xem sao 🤩
#fpy #dailyvlog #tiktok #meuyenkechuyen #mexoai🥭 #xuhuong #matcha #Vinamilk #CaoCanxi ​#SữaNgonNhàNấu​
#SuaDauNanhVinamilkCaoCanxi
#HoptacVinamilk","11200","255","252300","93","642","76","蜜桃物语","仁辰 & 于行","false","2025-08-05T07:32:46.000Z","https://www.tiktok.com/@mebexoai._/video/7535001120754650376"
"https://p16-common-sign.tiktokcdn-us.com/tos-alisg-avt-0068/ae2b2c4092a7aacc1b80cfde2530c03d~tplv-tiktokx-cropcenter:720:720.jpeg?dr=9640&refresh_token=a4f68635&x-expires=1780038000&x-signature=XreKxhVOJpSFX6q79KSLD0QmVDY%3D&t=4d5b0474&ps=13740610&shp=a5d48078&shcp=81f88b70&idc=useast5","sophieandthedoc","Dị ứng lactose uống gì? 🤔
#lactose #healthyliving #highprotein #SuaHatCaoDam #Vinamilk #sophiepham ","837","47","63900","18","75","75","nhạc nền - Sophie Phạm 🫶✨️","Sophie Phạm 🫶✨️","true","2024-12-06T13:40:51.000Z","https://www.tiktok.com/@sophieandthedoc/video/7445293366335737095"
"https://p16-common-sign.tiktokcdn-us.com/tos-useast5-avt-0068-tx/2788033fc38c4523a4e8efb64775bd28~tplv-tiktokx-cropcenter:720:720.jpeg?dr=9640&refresh_token=a975a4ea&x-expires=1780038000&x-signature=VQgTyExLnrimh5d5SDuvXHX%2FA0E%3D&t=4d5b0474&ps=13740610&shp=a5d48078&shcp=81f88b70&idc=useast5","nau_coffeee","If you know Vietnamese coffee, you know Vinamilk. Thank you @Vinamilk US for being part of our final pop-up of 2025 💙

Our team is taking a small break in Vietnam in December, but we’ll be back very soon (with maybe some new cool plans)!","29700","2985","424400","146","2156","23","original sound","nâu coffee","true","2025-11-27T00:54:35.000Z","https://www.tiktok.com/@nau_coffeee/video/7577202128679079182"
"https://p16-common-sign.tiktokcdn-us.com/tos-alisg-avt-0068/39724e382ef3080ac0890a4cdc42d455~tplv-tiktokx-cropcenter:720:720.jpeg?dr=9640&refresh_token=925563a6&x-expires=1780038000&x-signature=ZEtGFGQppv5gUHL28Xq%2BVrWoylc%3D&t=4d5b0474&ps=13740610&shp=a5d48078&shcp=81f88b70&idc=useast5","tebefood","Chấm điểm kem gelato mới của Vinamilk xem loại nào ổn áp nhất? #tebefood #AnCungTikTok #LearnOnTikTok #HappyVietNam #vtmgr #CapCut ","1966","176","155900","14","386","102","nhạc nền - Tebefood","Tebefood","true","2025-07-03T14:42:19.000Z","https://www.tiktok.com/@tebefood/video/7522866012853701895"
"https://p16-common-sign.tiktokcdn-us.com/tos-alisg-avt-0068/f6c4e8522e5126b02f74706e784d7853~tplv-tiktokx-cropcenter:720:720.jpeg?dr=9640&refresh_token=4119dc69&x-expires=1780038000&x-signature=%2B15IHkNB%2B4LNlPKf61gQCBuUnbw%3D&t=4d5b0474&ps=13740610&shp=a5d48078&shcp=81f88b70&idc=useast5","cabitslide","Template Vinamilk cho ai cần nhó #template #vinamilk #learnontiktok ","2845","443","124900","37","1164","25","MILLION DOLLAR BABY (VHS)","Tommy Richman","false","2024-06-01T13:32:09.000Z","https://www.tiktok.com/@cabitslide/video/7375527079263079688"
"https://p16-common-sign.tiktokcdn-us.com/tos-alisg-avt-0068/0310b8f501e0811ba98f165e6b2066e9~tplv-tiktokx-cropcenter:720:720.jpeg?dr=9640&refresh_token=b2003fe5&x-expires=1780038000&x-signature=N0nfROisIMHuj5T%2BbxbRAye2sqY%3D&t=4d5b0474&ps=13740610&shp=a5d48078&shcp=81f88b70&idc=useast5","momandhappy","Ê nha. Bột nhà Vinamilk nó thơm ngon bây ơi. Con t nó chịu ăn. :)))) mà của VN mình nên an tâm. Giờ cái gì cũng bị thu hồi nên giờ t sắp chuyển sang sữa nội địa VN :))) #botandamridielac #vinamilk #xuhuongtiktok #andamchobe #mebimsua ","92","3","2831","32","5","16","nhạc nền - Nicolai xém dzaii","Nicolai xém dzaii","true","2026-05-22T01:16:05.000Z","https://www.tiktok.com/@momandhappy/video/7642518721327664402"
"https://p16-common-sign.tiktokcdn-us.com/tos-alisg-avt-0068/9e2ee1a9a5ef3d105c9e78d49ab88a4b~tplv-tiktokx-cropcenter:720:720.jpeg?dr=9640&refresh_token=2e0157ab&x-expires=1780038000&x-signature=xA45OgtSUjRujqtETsOyMLv8cIM%3D&t=4d5b0474&ps=13740610&shp=a5d48078&shcp=81f88b70&idc=useast5","_mhuannn","Hy vọng đi poo đều đẹp thoi 🥲#creatorsearchinsights #vinamilk #mẹbimsua ","416","38","30600","148","40","28","Realistic sound effects for typing on keyboards","Rapid Fire","false","2026-03-31T10:28:37.000Z","https://www.tiktok.com/@_mhuannn/video/7623364693528153365"
"https://p16-common-sign.tiktokcdn-eu.com/tos-alisg-avt-0068/f6931df157a8a7b4ed63d2a9b0799621~tplv-tiktokx-cropcenter:720:720.jpeg?dr=10399&refresh_token=293b9633&x-expires=1780038000&x-signature=DaUHK9VWJsVfQj5sBUVj45J6tHw%3D&t=4d5b0474&ps=13740610&shp=a5d48078&shcp=81f88b70&idc=no1a","vinamilk.official","Vinamilk Probi với lợi khuẩn L.CASEI 431™ hỗ trợ giảm đến 40% số ngày mắc cúm. ​Vui khỏe trọn hè!​","4907","728","16100000","18","737","14","original sound - Vinamilk - Shop & More","Vinamilk - Shop & More","true","2025-08-18T08:04:57.000Z","https://www.tiktok.com/@vinamilk.official/video/7539833522710777106"
"https://p16-common-sign.tiktokcdn-us.com/tos-alisg-avt-0068/cf77244b8d5f889f6a2917144e176bb1~tplv-tiktokx-cropcenter:720:720.jpeg?dr=9640&refresh_token=96b06dd7&x-expires=1780038000&x-signature=rplQEfpauMTAGpku%2Bgx0qp1P39U%3D&t=4d5b0474&ps=13740610&shp=a5d48078&shcp=81f88b70&idc=useast5","odaycotuoitho9x","Quảng cáo sữa Vinamilk 2010 #trending #xuhuong #odaycotuoitho #thinhhanh #tvc ","2928","1538","98700","53","176","30","nhạc nền - Ở Đây Có Tuổi Thơ ✅","Ở Đây Có Tuổi Thơ","true","2025-04-29T10:54:23.000Z","https://www.tiktok.com/@odaycotuoitho9x/video/7498686729923169543"
"https://p16-common-sign.tiktokcdn-eu.com/tos-alisg-avt-0068/f6931df157a8a7b4ed63d2a9b0799621~tplv-tiktokx-cropcenter:720:720.jpeg?dr=10399&refresh_token=293b9633&x-expires=1780038000&x-signature=DaUHK9VWJsVfQj5sBUVj45J6tHw%3D&t=4d5b0474&ps=13740610&shp=a5d48078&shcp=81f88b70&idc=no1a","vinamilk.official","Tặng 1 bộ ly hologram khi mua 1 thùng. Áp dụng tại các siêu thị và cửa hàng Vinamilk trên toàn quốc

#Vinamilk #Sua9LoaiHat","3137","759","8900000","29","384","7","nhạc nền - Vinamilk - Shop & More","Vinamilk - Shop & More","true","2025-09-19T09:47:11.000Z","https://www.tiktok.com/@vinamilk.official/video/7551734609872948498"
"https://p16-common-sign.tiktokcdn-us.com/tos-useast2a-avt-0068-giso/733efdac4e2f4d524558e276b2df7b79~tplv-tiktokx-cropcenter:720:720.jpeg?dr=9640&refresh_token=5c4565da&x-expires=1780038000&x-signature=17UPv1zNGaM5HNJR5YgLgDzYmLU%3D&t=4d5b0474&ps=13740610&shp=a5d48078&shcp=81f88b70&idc=useast5","t.chieuu","Hôm nọ giao con cho ngoại để đi tham quan nhà máy Vinamilk, để hiểu rõ quy trình sản xuất phía sau, phải mắt thấy tai nghe thì mới yên tâm

#vinamilk #suabottreem #hanhtrinhkiemchung #MotngaytaiNhamay #hoptaccungvinamilk ","4679","465","12500000","32","421","122","France・Paris・Street corner・Musette Waltz(1310247)","Akihiro Kasuga","false","2026-04-13T12:51:17.000Z","https://www.tiktok.com/@t.chieuu/video/7628225583746387207"
"https://p16-common-sign.tiktokcdn-us.com/tos-useast5-avt-0068-tx/2788033fc38c4523a4e8efb64775bd28~tplv-tiktokx-cropcenter:720:720.jpeg?dr=9640&refresh_token=a975a4ea&x-expires=1780038000&x-signature=VQgTyExLnrimh5d5SDuvXHX%2FA0E%3D&t=4d5b0474&ps=13740610&shp=a5d48078&shcp=81f88b70&idc=useast5","nau_coffeee","Introducing Black Sesame Coffee: Our usual strong Vietnamese coffee, now with a nutty, toasty black sesame cream top 👀 

Inspired by chè mè đen (black sesame soup) that we grew up with in Saigon. This drink will only be available at our 11/22 pop-up at @On Waverly, so come say hi!

Created in collaboration with @vinamilkus @Vinamilk US (our favorite Vietnamese dairy brand) using their 9 Nutz Milk and Condensed Creamer 💙","346","59","15700","6","55","17","Khiến Nó Ngầu","Rhymastic & Đinh Tiến Đạt & Hà Lê & Binz","false","2025-11-18T00:27:43.000Z","https://www.tiktok.com/@nau_coffeee/video/7573855446616821005"
"https://p16-common-sign.tiktokcdn-us.com/tos-alisg-avt-0068/56e87121b6b5e4bd0bad4da6826ce2a1~tplv-tiktokx-cropcenter:720:720.jpeg?dr=9640&refresh_token=396eb9e7&x-expires=1780038000&x-signature=THaWAVQvJSlM8ohflvGsJ6JpLXM%3D&t=4d5b0474&ps=13740610&shp=a5d48078&shcp=81f88b70&idc=useast5","kimhoantuyendungnhankiet","Vina sữa tuyển lại rồi nha mn ơi #vinamilk #dangvanbi #thuduc #tuyendungvieclam #tuyendung ","2657","176","514400","473","220","11","Nắng Dưới Chân Mây","Nguyễn Hữu Kha","false","2025-08-04T02:21:27.000Z","https://www.tiktok.com/@kimhoantuyendungnhankiet/video/7534549749349846292"
"https://p16-common-sign.tiktokcdn-us.com/tos-alisg-avt-0068/9331e8e096d61915a2b39405d64b1a40~tplv-tiktokx-cropcenter:720:720.jpeg?dr=9640&refresh_token=4f0b71ec&x-expires=1780038000&x-signature=W3OlSs2tPXVU3GZVoNn%2BJtSzgxE%3D&t=4d5b0474&ps=13740610&shp=a5d48078&shcp=81f88b70&idc=useast5","tailktailk.00","Là sao dị Vinamilk #vinamilk #đổiquavinamilk #tichdiemvinamilk #optimum ","23","0","8130","59","3","14","Xổ số kiến thiết remix","Oops! Crew","true","2025-07-16T13:33:58.000Z","https://www.tiktok.com/@tailktailk.00/video/7527672504236690695"
"https://p16-common-sign.tiktokcdn-us.com/tos-alisg-avt-0068/2431653b2db1b437becb6fc052cb7762~tplv-tiktokx-cropcenter:720:720.jpeg?dr=9640&refresh_token=6c9b6140&x-expires=1780038000&x-signature=mq2nokCZuIAtvd0ACJlNH31VvFs%3D&t=4d5b0474&ps=13740610&shp=a5d48078&shcp=81f88b70&idc=useast5","dautuvangbac","So sánh vị của sữa Green Farm và TH True Milk sau khi bán vàng đi mua sữa #banvang #vinamilk #greenfarm #organic #thtrumilk ","415","29","123300","89","79","709","nhạc nền - Đầu Tư Vàng Bạc","Đầu Tư Vàng Bạc","true","2025-02-09T13:42:17.000Z","https://www.tiktok.com/@dautuvangbac/video/7469414266265734418"
"https://p16-common-sign.tiktokcdn-us.com/tos-alisg-avt-0068/8ea9d8a830dabaf3dc115ecb6ee5d8ec~tplv-tiktokx-cropcenter:720:720.jpeg?dr=9640&refresh_token=c2136aff&x-expires=1780038000&x-signature=iAB0qcuKdFotn9%2Fn8t6XZvAYiGQ%3D&t=4d5b0474&ps=13740610&shp=a5d48078&shcp=81f88b70&idc=useast5","windy.vo77","sữa hạt cao đạm ít đường vinamilk
#vinamilk #suahatdinhduong #suahatcaodam ","33","3","16700","4","6","54","love","Taf30","false","2025-06-15T12:36:52.000Z","https://www.tiktok.com/@windy.vo77/video/7516154147805154578"
"https://p16-common-sign.tiktokcdn-us.com/tos-alisg-avt-0068/2173addca16ad97138f633ada4590699~tplv-tiktokx-cropcenter:720:720.jpeg?dr=9640&refresh_token=2a9601f3&x-expires=1780038000&x-signature=%2F8pmM%2FInE10IF4DiPhe97uxJSD4%3D&t=4d5b0474&ps=13740610&shp=a5d48078&shcp=81f88b70&idc=useast5","quynhanhrbs","Review Vinamilk đạm A2 mới ra lò nè","756","69","74500","117","58","111","nhạc nền - Quynh-Anh🌈Review Bỉm Sữa","Quynh-Anh🌈Review Bỉm Sữa","true","2025-06-15T08:53:05.000Z","https://www.tiktok.com/@quynhanhrbs/video/7516096475936443656"
"https://p16-common-sign.tiktokcdn-us.com/tos-alisg-avt-0068/58b757938459c70dea41abac21347952~tplv-tiktokx-cropcenter:720:720.jpeg?dr=9640&refresh_token=c35d6516&x-expires=1780038000&x-signature=eEoYAz6aokJyIoXf13oMvHE%2BZgw%3D&t=4d5b0474&ps=13740610&shp=a5d48078&shcp=81f88b70&idc=useast5","kieutiennn_","Unbox nhẹ lon sữa, tiện thể luôn cái bình mới cho ảnh. Axxxx đau ví 🤣🍼✨
#phasuachobe #unboxing #vinamilk #toviandmolly #xuhuong ","341","11","19900","170","23","46","nhạc nền - Air Remix","Air Remix","true","2026-05-19T13:16:37.000Z","https://www.tiktok.com/@kieutiennn_/video/7641591171004861716"
