video_id;video_url;author_name;caption;caption_clean;has_caption;hashtags;hashtag_count;mentions;mention_count;links;link_count;like_count;comment_count;share_count;save_count;view_count;total_engagement;engagement_rate_by_view;performance_group;duration_seconds;duration_group;created_at;created_at_vn;post_date;post_year;post_month;post_hour;post_day_of_week
nan;;;No caption;No caption;False;;0;;0;;0;0;0;0;0;0;0;0.0;Low;0;Very short;NaT;NaT;;;;;
7.617791070855892e+18;https://www.tiktok.com/@th.true.mart/video/7617791070855892245;th.true.mart;"Ở trang trại bò sữa TH true MILK có gì?
#THtrueMILK #Thatsuthiennhien";Ở trang trại bò sữa TH true MILK có gì? #THtrueMILK #Thatsuthiennhien;True;#THtrueMILK, #Thatsuthiennhien;2;;0;;0;3988;50;1181;376;5900000;5595;0.0009483050847457627;High;82;Long;2026-03-16 10:00:16+00:00;2026-03-16 17:00:16+07:00;2026-03-16;2026.0;3.0;17.0;Monday
7.632574976457018e+18;https://www.tiktok.com/@octieureviewkobooking/video/7632574976457018642;octieureviewkobooking;"Cún có thể uống sữa TH true MILK HILO vì đây là loại sữa không chứa Lactose (lactose-free), giúp chó không bị tiêu chảy, đau bụng như khi uống sữa bò thông thường. Sữa giàu canxi, ít béo, hỗ trợ xương khớp tốt, nhưng chỉ nên cho uống như thức ăn dặm, không thay thế bữa chính.

-Không chứa Lactose (Lactose-free): Đây là yếu tố quan trọng nhất. Hầu hết chó trưởng thành đều thiếu enzyme lactase để tiêu hóa đường lactose trong sữa bò, dẫn đến tiêu chảy hoặc đầy hơi. TH Hilo đã loại bỏ lactose bằng enzyme lactase, giúp cún dễ tiêu hóa hơn.

-Ít béo (Low fat): Sản phẩm được giảm đến 60% chất béo so với sữa thông thường, giúp cún duy trì vóc dáng và hạn chế nguy cơ thừa cân.

-Giàu Canxi: Bổ sung thêm 70% canxi từ nguồn tự nhiên, hỗ trợ khung xương chắc khỏe cho cún.

-Không đường: Không bổ sung đường tinh luyện, tránh các vấn đề về răng miệng và tiểu đường ở thú cưng. 

🪴 Chúc các bạn cún nhỏ luôn ngoan và khoẻ mạnh nha 🪴#livehighlights #ốctiêu #heo♦️ #tắmbosstạinhà #chảilôngpoodleđúngcách ";Cún có thể uống sữa TH true MILK HILO vì đây là loại sữa không chứa Lactose (lactose-free), giúp chó không bị tiêu chảy, đau bụng như khi uống sữa bò thông thường. Sữa giàu canxi, ít béo, hỗ trợ xương khớp tốt, nhưng chỉ nên cho uống như thức ăn dặm, không thay thế bữa chính. -Không chứa Lactose (Lactose-free): Đây là yếu tố quan trọng nhất. Hầu hết chó trưởng thành đều thiếu enzyme lactase để tiêu hóa đường lactose trong sữa bò, dẫn đến tiêu chảy hoặc đầy hơi. TH Hilo đã loại bỏ lactose bằng enzyme lactase, giúp cún dễ tiêu hóa hơn. -Ít béo (Low fat): Sản phẩm được giảm đến 60% chất béo so với sữa thông thường, giúp cún duy trì vóc dáng và hạn chế nguy cơ thừa cân. -Giàu Canxi: Bổ sung thêm 70% canxi từ nguồn tự nhiên, hỗ trợ khung xương chắc khỏe cho cún. -Không đường: Không bổ sung đường tinh luyện, tránh các vấn đề về răng miệng và tiểu đường ở thú cưng. 🪴 Chúc các bạn cún nhỏ luôn ngoan và khoẻ mạnh nha 🪴#livehighlights #ốctiêu #heo♦️ #tắmbosstạinhà #chảilôngpoodleđúngcách;True;#livehighlights, #ốctiêu, #heo, #tắmbosstạinhà, #chảilôngpoodleđúngcách;5;;0;;0;487;30;119;123;32600;759;0.023282208588957055;Medium;86;Long;2026-04-25 06:09:14+00:00;2026-04-25 13:09:14+07:00;2026-04-25;2026.0;4.0;13.0;Saturday
7.614061517104893e+18;https://www.tiktok.com/@pagenhatomtit/video/7614061517104893204;pagenhatomtit;Sữa tươi TH truemilk hoàn toàn từ sữa bò tươi, cho bé trên 1 tuổi. Giữa những thông tin thu hồi sữa hiện nay tại sao lại ko chọn TH truemilk #thtruemilk #suaTH #THtruemilk ;Sữa tươi TH truemilk hoàn toàn từ sữa bò tươi, cho bé trên 1 tuổi. Giữa những thông tin thu hồi sữa hiện nay tại sao lại ko chọn TH truemilk #thtruemilk #suaTH #THtruemilk;True;#thtruemilk, #suaTH, #THtruemilk;3;;0;;0;7;2;1;0;173;10;0.057803468208092484;Low;20;Short;2026-03-06 08:47:35+00:00;2026-03-06 15:47:35+07:00;2026-03-06;2026.0;3.0;15.0;Friday
7.632301692054277e+18;https://www.tiktok.com/@vnhunh611/video/7632301692054277384;vnhunh611;+1 món ngon 😋#review #thtruemilk #chesee ;+1 món ngon 😋#review #thtruemilk #chesee;True;#review, #thtruemilk, #chesee;3;;0;;0;2;0;0;0;298;2;0.006711409395973154;Low;46;Medium;2026-04-24 12:28:42+00:00;2026-04-24 19:28:42+07:00;2026-04-24;2026.0;4.0;19.0;Friday
7.644047950179667e+18;https://www.tiktok.com/@gachakid_211/video/7644047950179667221;gachakid_211;th true milk huhuhu #xuhuomgtiktok #viral #fybシviral ;th true milk huhuhu #xuhuomgtiktok #viral #fybシviral;True;#xuhuomgtiktok, #viral, #fybシviral;3;;0;;0;57;18;14;0;742;89;0.11994609164420485;Low;14;Very short;2026-05-26 04:10:16+00:00;2026-05-26 11:10:16+07:00;2026-05-26;2026.0;5.0;11.0;Tuesday
7.642699529669692e+18;https://www.tiktok.com/@42saubay/video/7642699529669692693;42saubay;th true milk #milklove #loverrukk #milkpansa ;th true milk #milklove #loverrukk #milkpansa;True;#milklove, #loverrukk, #milkpansa;3;;0;;0;2687;78;194;253;15400;3212;0.20857142857142857;Low;26;Short;2026-05-22 12:57:36+00:00;2026-05-22 19:57:36+07:00;2026-05-22;2026.0;5.0;19.0;Friday
7.620486166428749e+18;https://www.tiktok.com/@sicullaa6/video/7620486166428749064;sicullaa6;"Áo gì bựa vay troi
#review #viraltiktok #dobohaihuoc #thtruemilk ";Áo gì bựa vay troi #review #viraltiktok #dobohaihuoc #thtruemilk;True;#review, #viraltiktok, #dobohaihuoc, #thtruemilk;4;;0;;0;200;5;22;8;17000;235;0.013823529411764707;Low;11;Very short;2026-03-23 16:18:26+00:00;2026-03-23 23:18:26+07:00;2026-03-23;2026.0;3.0;23.0;Monday
7.644056052551486e+18;https://www.tiktok.com/@th.true.milk22814/video/7644056052551486727;th.true.milk22814;#handanong#xh#fyb#thtruemilk ;#handanong#xh#fyb#thtruemilk;True;#handanong, #xh, #fyb, #thtruemilk;4;;0;;0;30;19;7;0;121;56;0.4628099173553719;Low;23;Short;2026-05-26 04:41:36+00:00;2026-05-26 11:41:36+07:00;2026-05-26;2026.0;5.0;11.0;Tuesday
7.642940179187043e+18;https://www.tiktok.com/@xuann_98/video/7642940179187043591;xuann_98;Sữa dalatmilk ít đường có hàng lại rồi các mom tranh thủ săn sẵn vài thùng cho con uống dần nha #dalatmilk #suadalatmilk #suadalatmilkitduong #dalatmilkitduong110ml #thtruemilk ;Sữa dalatmilk ít đường có hàng lại rồi các mom tranh thủ săn sẵn vài thùng cho con uống dần nha #dalatmilk #suadalatmilk #suadalatmilkitduong #dalatmilkitduong110ml #thtruemilk;True;#dalatmilk, #suadalatmilk, #suadalatmilkitduong, #dalatmilkitduong110ml, #thtruemilk;5;;0;;0;7;0;1;1;8268;9;0.0010885341074020319;Low;29;Short;2026-05-23 05:01:04+00:00;2026-05-23 12:01:04+07:00;2026-05-23;2026.0;5.0;12.0;Saturday
7.596699511624371e+18;https://www.tiktok.com/@em_b_u_nm/video/7596699511624371474;em_b_u_nm;"🥛 TH TRUE MILK NGUYÊN CHẤT – CHỌN LÀ YÊN TÂM
✔️ Sữa tươi sạch 100%
✔️ Uống trực tiếp hoặc pha ngũ cốc đều ngon
✔️ Dùng cho bé từ 1 tuổi & người lớn
🔥 Hàng mới – date xa
📩 Inbox chốt đơn nhanh cho cả nhà nhé!";🥛 TH TRUE MILK NGUYÊN CHẤT – CHỌN LÀ YÊN TÂM ✔️ Sữa tươi sạch 100% ✔️ Uống trực tiếp hoặc pha ngũ cốc đều ngon ✔️ Dùng cho bé từ 1 tuổi & người lớn 🔥 Hàng mới – date xa 📩 Inbox chốt đơn nhanh cho cả nhà nhé!;True;;0;;0;;0;29;20;4;11;1392;64;0.04597701149425287;Low;22;Short;2026-01-18 13:54:03+00:00;2026-01-18 20:54:03+07:00;2026-01-18;2026.0;1.0;20.0;Sunday
7.591730592010472e+18;https://www.tiktok.com/@zentran1979/video/7591730592010472735;zentran1979;TH True Milk Pure Chocolate #THTruemilk #milk #review #uongcungtiktok #fyp ;TH True Milk Pure Chocolate #THTruemilk #milk #review #uongcungtiktok #fyp;True;#THTruemilk, #milk, #review, #uongcungtiktok, #fyp;5;;0;;0;2;4;0;0;268;6;0.022388059701492536;Low;14;Very short;2026-01-05 04:32:23+00:00;2026-01-05 11:32:23+07:00;2026-01-05;2026.0;1.0;11.0;Monday
7.355821657879088e+18;https://www.tiktok.com/@duocsichat/video/7355821657879088392;duocsichat;Sữa TH True Milk có thực sự tốt cho mẹ bầu hay không, cùng dược sĩ Chất khám phá về loại sữa này nhé #education #LearnOnTikTok #duocsichat #mangbau #mangthai #mebau #thaiky #baubi #sữa #thtruemilk ;Sữa TH True Milk có thực sự tốt cho mẹ bầu hay không, cùng dược sĩ Chất khám phá về loại sữa này nhé #education #LearnOnTikTok #duocsichat #mangbau #mangthai #mebau #thaiky #baubi #sữa #thtruemilk;True;#education, #LearnOnTikTok, #duocsichat, #mangbau, #mangthai, #mebau, #thaiky, #baubi, #sữa, #thtruemilk;10;;0;;0;15300;841;2184;1486;1300000;19811;0.015239230769230769;Medium;57;Medium;2024-04-09 11:04:57+00:00;2024-04-09 18:04:57+07:00;2024-04-09;2024.0;4.0;18.0;Tuesday
7.572027995523747e+18;https://www.tiktok.com/@jaytothewhypee/video/7572027995523747103;jaytothewhypee;th milk sponsor me pls #fyp #vietkieu #vietnam #saigon #jaytothewhypee ;th milk sponsor me pls #fyp #vietkieu #vietnam #saigon #jaytothewhypee;True;#fyp, #vietkieu, #vietnam, #saigon, #jaytothewhypee;5;;0;;0;793;28;54;85;33600;960;0.02857142857142857;Medium;13;Very short;2025-11-13 02:16:12+00:00;2025-11-13 09:16:12+07:00;2025-11-13;2025.0;11.0;9.0;Thursday
7.440722970986696e+18;https://www.tiktok.com/@calinghienanvat1111/video/7440722970986695979;calinghienanvat1111;"Sữa TH true milk mới về số lượng có hạn. 
 220ml / 1 bịch ";Sữa TH true milk mới về số lượng có hạn. 220ml / 1 bịch;True;;0;;0;;0;16;4;7;2;6389;29;0.004539051494756613;Low;18;Short;2024-11-24 06:05:25+00:00;2024-11-24 13:05:25+07:00;2024-11-24;2024.0;11.0;13.0;Sunday
7.543970126123519e+18;https://www.tiktok.com/@th.official.channel/video/7543970126123519240;th.official.channel;[MỚI] Sữa tươi tiệt trùng Hương Chuối Tự Nhiên TH true MILK sử dụng hoàn toàn sữa tươi trang trại, sạch, nguyên chất theo chuẩn của trang trại TH, kết hợp với hương chuối tự nhiên tạo nên thức uống tươi ngon, thơm ngậy;[MỚI] Sữa tươi tiệt trùng Hương Chuối Tự Nhiên TH true MILK sử dụng hoàn toàn sữa tươi trang trại, sạch, nguyên chất theo chuẩn của trang trại TH, kết hợp với hương chuối tự nhiên tạo nên thức uống tươi ngon, thơm ngậy;True;;0;;0;;0;40700;1267;13200;5408;99200000;60575;0.0006106350806451613;Very High;21;Short;2025-08-29 11:37:02+00:00;2025-08-29 18:37:02+07:00;2025-08-29;2025.0;8.0;18.0;Friday
7.504353069035998e+18;https://www.tiktok.com/@anhsjournal/video/7504353069035998506;anhsjournal;"Sữa TH True Milk và Vinamilk nay đã có mặt ở Mỹ trên chợ Weee! rồi nha cả nhà ơi 🫶🏼🫶🏼

@Weee Asian Supermarket @Weee! Vietnamese 

#weee #thtruemilk #thtrueyogurt #vinamilk #suahat #cuocsongomy #cuocsongmy #nguoivietomy ";Sữa TH True Milk và Vinamilk nay đã có mặt ở Mỹ trên chợ Weee! rồi nha cả nhà ơi 🫶🏼🫶🏼 @Weee Asian Supermarket @Weee! Vietnamese #weee #thtruemilk #thtrueyogurt #vinamilk #suahat #cuocsongomy #cuocsongmy #nguoivietomy;True;#weee, #thtruemilk, #thtrueyogurt, #vinamilk, #suahat, #cuocsongomy, #cuocsongmy, #nguoivietomy;8;@Weee, @Weee;2;;0;409;14;16;33;18800;472;0.025106382978723404;Low;89;Long;2025-05-14 17:22:48+00:00;2025-05-15 00:22:48+07:00;2025-05-15;2025.0;5.0;0.0;Thursday
7.552787540311363e+18;https://www.tiktok.com/@thamhong8926/video/7552787540311362837;thamhong8926;1 lốc 4 hộp sữa TH ít đường  180ml #thtruemilk #xuhuong #thamhong8926 ;1 lốc 4 hộp sữa TH ít đường 180ml #thtruemilk #xuhuong #thamhong8926;True;#thtruemilk, #xuhuong, #thamhong8926;3;;0;;0;44;7;9;13;13800;73;0.005289855072463768;Low;43;Medium;2025-09-22 05:53:13+00:00;2025-09-22 12:53:13+07:00;2025-09-22;2025.0;9.0;12.0;Monday
7.640941422140493e+18;https://www.tiktok.com/@chineykpopgirl/video/7640941422140493069;chineykpopgirl;"Y’all know I ain’t Neva lie so I had to go to the source 🐄. Tru Milk is indeed 100% cows milk 7grams of protein 15% calcium and loaded with nutrients for you and your family! @tradewindscitrus 
✨
Get your Tru milk at your local supermarkets islandwide🇯🇲

#jamaica #fyp #jamaicantiktok ";Y’all know I ain’t Neva lie so I had to go to the source 🐄. Tru Milk is indeed 100% cows milk 7grams of protein 15% calcium and loaded with nutrients for you and your family! @tradewindscitrus ✨ Get your Tru milk at your local supermarkets islandwide🇯🇲 #jamaica #fyp #jamaicantiktok;True;#jamaica, #fyp, #jamaicantiktok;3;@tradewindscitrus;1;;0;5948;89;310;118;53900;6465;0.11994434137291281;Medium;50;Medium;2026-05-17 19:15:35+00:00;2026-05-18 02:15:35+07:00;2026-05-18;2026.0;5.0;2.0;Monday
7.25792881760235e+18;https://www.tiktok.com/@th_mart2023/video/7257928817602350341;th_mart2023;#thtruemilk #thmart ;#thtruemilk #thmart;True;#thtruemilk, #thmart;2;;0;;0;385;12;29;98;113100;524;0.0046330680813439435;Medium;10;Very short;2023-07-20 15:50:41+00:00;2023-07-20 22:50:41+07:00;2023-07-20;2023.0;7.0;22.0;Thursday
7.260865050192186e+18;https://www.tiktok.com/@chunbabyhome/video/7260865050192186625;chunbabyhome;"Giờ tui mới biết là TH True Milk cũng có loại cho bé ăn từ 6 tháng tuổi được đây các mẹ ui 😂 Đơn giản, dễ mua, rẻ nữa khỏi cần cầu kì nè 
#mechunne #chunbabyhome #LearnOnTikTok #mebimsuachamcon #nuoiconkhoe #mebimsua #suachuachobe ";Giờ tui mới biết là TH True Milk cũng có loại cho bé ăn từ 6 tháng tuổi được đây các mẹ ui 😂 Đơn giản, dễ mua, rẻ nữa khỏi cần cầu kì nè #mechunne #chunbabyhome #LearnOnTikTok #mebimsuachamcon #nuoiconkhoe #mebimsua #suachuachobe;True;#mechunne, #chunbabyhome, #LearnOnTikTok, #mebimsuachamcon, #nuoiconkhoe, #mebimsua, #suachuachobe;7;;0;;0;682;152;113;140;147800;1087;0.007354533152909337;Medium;39;Medium;2023-07-28 13:44:49+00:00;2023-07-28 20:44:49+07:00;2023-07-28;2023.0;7.0;20.0;Friday
7.623757473811402e+18;https://www.tiktok.com/@sicullaa6/video/7623757473811402004;sicullaa6;"TH TOY IU
#xhhhhhhhhhhhhhhhhhhhhhhh #viraltiktok #dobohaihuoc #thtruemilk ";TH TOY IU #xhhhhhhhhhhhhhhhhhhhhhhh #viraltiktok #dobohaihuoc #thtruemilk;True;#xhhhhhhhhhhhhhhhhhhhhhhh, #viraltiktok, #dobohaihuoc, #thtruemilk;4;;0;;0;40;4;9;2;2676;55;0.02055306427503737;Low;15;Very short;2026-04-01 11:52:46+00:00;2026-04-01 18:52:46+07:00;2026-04-01;2026.0;4.0;18.0;Wednesday
7.333907449478417e+18;https://www.tiktok.com/@cuuwawa/video/7333907449478417682;cuuwawa;"Sự thật về lốc TH true milk 
#thtruemilk #milk #xyzbca ";Sự thật về lốc TH true milk #thtruemilk #milk #xyzbca;True;#thtruemilk, #milk, #xyzbca;3;;0;;0;41;6;6;2;14900;55;0.003691275167785235;Low;26;Short;2024-02-10 09:46:37+00:00;2024-02-10 16:46:37+07:00;2024-02-10;2024.0;2.0;16.0;Saturday
7.487076619216014e+18;https://www.tiktok.com/@honglinh.st/video/7487076619216014647;honglinh.st;Th true milk vị socola#th #thtruemilk #sua #socola ;Th true milk vị socola#th #thtruemilk #sua #socola;True;#th, #thtruemilk, #sua, #socola;4;;0;;0;12;0;11;4;5182;27;0.005210343496719413;Low;14;Very short;2025-03-29 04:01:18+00:00;2025-03-29 11:01:18+07:00;2025-03-29;2025.0;3.0;11.0;Saturday
7.636409359941029e+18;https://www.tiktok.com/@alienluvpanda/video/7636409359941029140;alienluvpanda;vinamilk và th true milk;vinamilk và th true milk;True;;0;;0;;0;4241;0;6956;211;106900;11408;0.10671655753040224;Medium;20;Short;2026-05-05 14:08:37+00:00;2026-05-05 21:08:37+07:00;2026-05-05;2026.0;5.0;21.0;Tuesday
7.641606211749645e+18;https://www.tiktok.com/@burgerkem/video/7641606211749645576;burgerkem;ae lam th tru miu ko t xin cho #CapCut #thtruemilk #fypシ゚viral ;ae lam th tru miu ko t xin cho #CapCut #thtruemilk #fypシ゚viral;True;#CapCut, #thtruemilk, #fypシ;3;;0;;0;94;21;53;3;2438;171;0.0701394585726005;Low;21;Short;2026-05-19 14:15:00+00:00;2026-05-19 21:15:00+07:00;2026-05-19;2026.0;5.0;21.0;Tuesday
7.557680968958578e+18;https://www.tiktok.com/@gia.tm05/video/7557680968958577928;gia.tm05;Chai táo TH cắn được###thtruemilk ###nuoctao ###xuhuong ##xh ###viraltiktok ;Chai táo TH cắn được###thtruemilk ###nuoctao ###xuhuong ##xh ###viraltiktok;True;#thtruemilk, #nuoctao, #xuhuong, #xh, #viraltiktok;5;;0;;0;229;19;11;27;15600;286;0.018333333333333333;Low;27;Short;2025-10-05 10:22:08+00:00;2025-10-05 17:22:08+07:00;2025-10-05;2025.0;10.0;17.0;Sunday
7.641094378999598e+18;https://www.tiktok.com/@bahs101/video/7641094378999598344;bahs101;có cảnh à @TH True Milk #xhtiktok ;có cảnh à @TH True Milk #xhtiktok;True;#xhtiktok;1;@TH;1;;0;20;2;6;4;1109;32;0.028854824165915238;Low;10;Very short;2026-05-18 05:08:51+00:00;2026-05-18 12:08:51+07:00;2026-05-18;2026.0;5.0;12.0;Monday
7.175376993641418e+18;https://www.tiktok.com/@hami.vietnam/video/7175376993641418011;hami.vietnam;Uống sữa TH bằng cây lấy nước #drink #th #thtruemilk #milk #drinkmilk #uong #sua #hami #hamivietnam #hamishop #dcgr ;Uống sữa TH bằng cây lấy nước #drink #th #thtruemilk #milk #drinkmilk #uong #sua #hami #hamivietnam #hamishop #dcgr;True;#drink, #th, #thtruemilk, #milk, #drinkmilk, #uong, #sua, #hami, #hamivietnam, #hamishop, #dcgr;11;;0;;0;1138;14;52;226;143200;1430;0.009986033519553073;Medium;76;Long;2022-12-10 04:47:34+00:00;2022-12-10 11:47:34+07:00;2022-12-10;2022.0;12.0;11.0;Saturday
7.643851690990521e+18;https://www.tiktok.com/@_0n1y.1u/video/7643851690990521607;_0n1y.1u;hey siri;hey siri;True;;0;;0;;0;47;38;10;8;190;103;0.5421052631578948;Low;26;Short;2026-05-25 15:28:37+00:00;2026-05-25 22:28:37+07:00;2026-05-25;2026.0;5.0;22.0;Monday
7.643721152178687e+18;https://www.tiktok.com/@th.official.channel/video/7643721152178687252;th.official.channel;"ĐẾM NGƯỢC 7 NGÀY – ĐÓN CHỜ WORKSHOP VỎ HỘP TÁI “XINH” 5 TẠI NGHỆ AN! 🌿✨

Các “đồng xanh” Nghệ An ơi, bạn đã sẵn sàng cho một ngày Chủ Nhật ngập tràn sắc xanh và những trải nghiệm ý nghĩa chưa?

Chỉ còn ít ngày nữa, Workshop Vỏ hộp tái “Xinh” 5 sẽ chính thức về tới Nghệ An. Đây là workshop ý nghĩa để các ba mẹ cùng các bé biến những vỏ hộp sữa giấy đã qua sử dụng thành những vật dụng nhỏ xinh, gửi gắm thông điệp bảo vệ Trái Đất.

Đến với workshop, TH đã chuẩn bị sẵn những bất ngờ dành tặng bạn:
✨ Check-in nhận ngay “Mầm Xanh” - Tặng 01 chậu cây tái chế xinh xắn để cùng bé trồng cây xanh (*)
✨ Nhận thêm 01 túi vải canvas (*)
✨ Tự tay định sáng tạo, trang trí và làm nên những món đồ dễ thương từ vỏ hộp sữa giấy

Hưởng ứng Ngày Môi trường Thế giới 05/06, TH mong muốn cùng cộng đồng lan tỏa lối sống bền vững từ chính những hành động nhỏ nhặt mỗi ngày.
👉 Hãy gom những vỏ hộp sữa sạch ngay hôm nay và lên lịch hẹn với TH true mart vào cuối tuần tới nhé!
______
📍 THÔNG TIN CHI TIẾT SỰ KIỆN:
⏰ Thời gian: 08:00 – 17:30 | DUY NHẤT MỘT NGÀY Chủ Nhật, ngày 31/05/2026
📍 Địa điểm: Cửa hàng TH true mart – Số 115 Quang Trung, Phường Thành Vinh, Tỉnh Nghệ An.
👨‍👩‍👧‍👦 Đối tượng: Khách hàng mọi lứa tuổi đều có thể tham gia.

🌿 Hoạt động nằm trong chuỗi chương trình “Thu gom vỏ hộp – Lan tỏa sống xanh 2026” diễn ra từ 01/03 – 31/12/2026 tại 45 cửa hàng TH true mart.
Thông tin chi tiết xem tại: https://thugomvohop.thmilk.vn/

(*) Số lượng túi canvas và chậu cây có giới hạn – chương trình quà tặng đặc biệt này sẽ kết thúc khi quà được trao hết tại sự kiện";ĐẾM NGƯỢC 7 NGÀY – ĐÓN CHỜ WORKSHOP VỎ HỘP TÁI “XINH” 5 TẠI NGHỆ AN! 🌿✨ Các “đồng xanh” Nghệ An ơi, bạn đã sẵn sàng cho một ngày Chủ Nhật ngập tràn sắc xanh và những trải nghiệm ý nghĩa chưa? Chỉ còn ít ngày nữa, Workshop Vỏ hộp tái “Xinh” 5 sẽ chính thức về tới Nghệ An. Đây là workshop ý nghĩa để các ba mẹ cùng các bé biến những vỏ hộp sữa giấy đã qua sử dụng thành những vật dụng nhỏ xinh, gửi gắm thông điệp bảo vệ Trái Đất. Đến với workshop, TH đã chuẩn bị sẵn những bất ngờ dành tặng bạn: ✨ Check-in nhận ngay “Mầm Xanh” - Tặng 01 chậu cây tái chế xinh xắn để cùng bé trồng cây xanh (*) ✨ Nhận thêm 01 túi vải canvas (*) ✨ Tự tay định sáng tạo, trang trí và làm nên những món đồ dễ thương từ vỏ hộp sữa giấy Hưởng ứng Ngày Môi trường Thế giới 05/06, TH mong muốn cùng cộng đồng lan tỏa lối sống bền vững từ chính những hành động nhỏ nhặt mỗi ngày. 👉 Hãy gom những vỏ hộp sữa sạch ngay hôm nay và lên lịch hẹn với TH true mart vào cuối tuần tới nhé! ______ 📍 THÔNG TIN CHI TIẾT SỰ KIỆN: ⏰ Thời gian: 08:00 – 17:30 | DUY NHẤT MỘT NGÀY Chủ Nhật, ngày 31/05/2026 📍 Địa điểm: Cửa hàng TH true mart – Số 115 Quang Trung, Phường Thành Vinh, Tỉnh Nghệ An. 👨‍👩‍👧‍👦 Đối tượng: Khách hàng mọi lứa tuổi đều có thể tham gia. 🌿 Hoạt động nằm trong chuỗi chương trình “Thu gom vỏ hộp – Lan tỏa sống xanh 2026” diễn ra từ 01/03 – 31/12/2026 tại 45 cửa hàng TH true mart. Thông tin chi tiết xem tại: https://thugomvohop.thmilk.vn/ (*) Số lượng túi canvas và chậu cây có giới hạn – chương trình quà tặng đặc biệt này sẽ kết thúc khi quà được trao hết tại sự kiện;True;;0;;0;https://thugomvohop.thmilk.vn/;1;1152;11;51;126;1700000;1340;0.0007882352941176471;High;46;Medium;2026-05-25 07:02:05+00:00;2026-05-25 14:02:05+07:00;2026-05-25;2026.0;5.0;14.0;Monday
7.639228348698299e+18;https://www.tiktok.com/@th.official.channel/video/7639228348698299666;th.official.channel;SCUTT TH true YOGURT TOPKID - Bổ sung bộ vi chất tốt cho sức khoẻ.#thtruemilk #THTOPKID ;SCUTT TH true YOGURT TOPKID - Bổ sung bộ vi chất tốt cho sức khoẻ.#thtruemilk #THTOPKID;True;#thtruemilk, #THTOPKID;2;;0;;0;1723;18;790;225;5800000;2756;0.00047517241379310346;High;30;Short;2026-05-13 04:27:41+00:00;2026-05-13 11:27:41+07:00;2026-05-13;2026.0;5.0;11.0;Wednesday
7.639227921869082e+18;https://www.tiktok.com/@th.official.channel/video/7639227921869081864;th.official.channel;Sữa chua uống tiệt trùng TH true YOGURT TOPKID với hương trái cây tự nhiên, thật sự thơm ngon.#THTOPKID #thtruemilk ;Sữa chua uống tiệt trùng TH true YOGURT TOPKID với hương trái cây tự nhiên, thật sự thơm ngon.#THTOPKID #thtruemilk;True;#THTOPKID, #thtruemilk;2;;0;;0;1772;20;514;224;6300000;2530;0.0004015873015873016;High;25;Short;2026-05-13 04:26:01+00:00;2026-05-13 11:26:01+07:00;2026-05-13;2026.0;5.0;11.0;Wednesday
7.639227326961634e+18;https://www.tiktok.com/@th.official.channel/video/7639227326961634568;th.official.channel;SCUTT TH true YOGURT TOPKID - Khoẻ mạnh tự nhiên. Mua ngay thôi #thtruemilk #THTOPKID ;SCUTT TH true YOGURT TOPKID - Khoẻ mạnh tự nhiên. Mua ngay thôi #thtruemilk #THTOPKID;True;#thtruemilk, #THTOPKID;2;;0;;0;1702;30;588;224;5900000;2544;0.0004311864406779661;High;25;Short;2026-05-13 04:23:41+00:00;2026-05-13 11:23:41+07:00;2026-05-13;2026.0;5.0;11.0;Wednesday
7.639226779244203e+18;https://www.tiktok.com/@th.official.channel/video/7639226779244203272;th.official.channel;SCUTT TH true YOGURT TOPKID - Nguồn dinh dưỡng thơm ngon từ sữa tươi. Mua ngay ở giỏ hàng nhé #THTOPKID #thtruemilk ;SCUTT TH true YOGURT TOPKID - Nguồn dinh dưỡng thơm ngon từ sữa tươi. Mua ngay ở giỏ hàng nhé #THTOPKID #thtruemilk;True;#THTOPKID, #thtruemilk;2;;0;;0;1969;25;452;255;6300000;2701;0.00042873015873015873;High;25;Short;2026-05-13 04:21:34+00:00;2026-05-13 11:21:34+07:00;2026-05-13;2026.0;5.0;11.0;Wednesday
7.636995039058513e+18;https://www.tiktok.com/@th.official.channel/video/7636995039058513172;th.official.channel;"Workshop Vỏ hộp tái ""xinh"" lần thứ 4 đã diễn ra đầy cảm hứng với sự tham gia của đông đảo các ""đại sứ xanh"" tại Hải Phòng. 
Cùng TH nhìn lại những khoảnh khắc rạng rỡ và những thành phẩm tái chế độc đáo nhé
—
THU GOM VỎ HỘP – LAN TOẢ SỐNG XANH 2026
📍 Thời gian: 8:00 – 17:30 mỗi ngày 01/03/2026 – 31/12/2026
📍 Địa điểm: 45 cửa hàng TH true mart tại Hà Nội, Hải Phòng, Hưng Yên, Bắc Ninh, Ninh Bình, Thanh Hóa, Nghệ An, Đà Nẵng, Hồ Chí Minh.";"Workshop Vỏ hộp tái ""xinh"" lần thứ 4 đã diễn ra đầy cảm hứng với sự tham gia của đông đảo các ""đại sứ xanh"" tại Hải Phòng. Cùng TH nhìn lại những khoảnh khắc rạng rỡ và những thành phẩm tái chế độc đáo nhé — THU GOM VỎ HỘP – LAN TOẢ SỐNG XANH 2026 📍 Thời gian: 8:00 – 17:30 mỗi ngày 01/03/2026 – 31/12/2026 📍 Địa điểm: 45 cửa hàng TH true mart tại Hà Nội, Hải Phòng, Hưng Yên, Bắc Ninh, Ninh Bình, Thanh Hóa, Nghệ An, Đà Nẵng, Hồ Chí Minh.";True;;0;;0;;0;7642;53;1016;908;16300000;9619;0.000590122699386503;Very High;40;Medium;2026-05-07 04:01:19+00:00;2026-05-07 11:01:19+07:00;2026-05-07;2026.0;5.0;11.0;Thursday
7.636993834588589e+18;https://www.tiktok.com/@th.official.channel/video/7636993834588589333;th.official.channel;"Gần 200 người tham gia – hàng nghìn vỏ hộp được thu gom và tái sinh chỉ trong một ngày duy nhất!!
Cảm ơn những ""đại sứ xanh"" đã cùng TH tạo nên những khoảnh khắc đáng nhớ và hãy cùng nhau tiếp tục hành trình lan toả sống xanh nhé!";"Gần 200 người tham gia – hàng nghìn vỏ hộp được thu gom và tái sinh chỉ trong một ngày duy nhất!! Cảm ơn những ""đại sứ xanh"" đã cùng TH tạo nên những khoảnh khắc đáng nhớ và hãy cùng nhau tiếp tục hành trình lan toả sống xanh nhé!";True;;0;;0;;0;72;16;9;11;5900;108;0.01830508474576271;Low;30;Short;2026-05-07 03:56:35+00:00;2026-05-07 10:56:35+07:00;2026-05-07;2026.0;5.0;10.0;Thursday
7.636993214825778e+18;https://www.tiktok.com/@th.official.channel/video/7636993214825778453;th.official.channel;"Cùng TH ""phủ xanh"" Workshop Vỏ hộp tái ‘xinh’ 4 tại Hải Phòng bằng những chậu cây tái chế nhỏ xinh và thật nhiều hành động hướng về môi trường và hưởng ứng ngày Trái Đất!";"Cùng TH ""phủ xanh"" Workshop Vỏ hộp tái ‘xinh’ 4 tại Hải Phòng bằng những chậu cây tái chế nhỏ xinh và thật nhiều hành động hướng về môi trường và hưởng ứng ngày Trái Đất!";True;;0;;0;;0;9874;87;1055;1015;17200000;12031;0.0006994767441860465;Very High;30;Short;2026-05-07 03:54:16+00:00;2026-05-07 10:54:16+07:00;2026-05-07;2026.0;5.0;10.0;Thursday
7.636991924188007e+18;https://www.tiktok.com/@th.official.channel/video/7636991924188007700;th.official.channel;"WORKSHOP VỎ HỘP TÁI ""XINH"" 4 – LAN TỎA SẮC XANH TẠI HẢI PHÒNG!
Cuối tuần này hãy cùng gia đình tham gia ngay hoạt động Vỏ hộp tái “Xinh” đầy ý nghĩa và mang về nhà nhiều quà xinh cùng TH nhé!";"WORKSHOP VỎ HỘP TÁI ""XINH"" 4 – LAN TỎA SẮC XANH TẠI HẢI PHÒNG! Cuối tuần này hãy cùng gia đình tham gia ngay hoạt động Vỏ hộp tái “Xinh” đầy ý nghĩa và mang về nhà nhiều quà xinh cùng TH nhé!";True;;0;;0;;0;80;10;21;7;7507;118;0.015718662581590517;Low;45;Medium;2026-05-07 03:49:13+00:00;2026-05-07 10:49:13+07:00;2026-05-07;2026.0;5.0;10.0;Thursday
7.636990705323331e+18;https://www.tiktok.com/@th.official.channel/video/7636990705323330837;th.official.channel;"CHƯƠNG TRÌNH THU GOM VỎ HỘP SỮA ĐÃ TRỞ LẠI📷
Chương trình Thu gom vỏ hộp – Lan toả sống xanh 2026 đang nhận thu gom vỏ hộp sữa giấy tại hệ thống các cửa hàng TH true mart.
____
THU GOM VỎ HỘP – LAN TOẢ SỐNG XANH 2026
📷 Thời gian: 8:00 – 17:30 mỗi ngày 01/03/2026 – 31/12/2026
📷 Địa điểm: 45 cửa hàng TH true mart áp dụng chương trình tại
Thành phố Hà Nội, Hải Phòng, Hưng Yên, Bắc Ninh, Ninh Bình, Thanh Hóa, Nghệ An, Đà Nẵng, Thành phố Hồ Chí Minh";CHƯƠNG TRÌNH THU GOM VỎ HỘP SỮA ĐÃ TRỞ LẠI📷 Chương trình Thu gom vỏ hộp – Lan toả sống xanh 2026 đang nhận thu gom vỏ hộp sữa giấy tại hệ thống các cửa hàng TH true mart. ____ THU GOM VỎ HỘP – LAN TOẢ SỐNG XANH 2026 📷 Thời gian: 8:00 – 17:30 mỗi ngày 01/03/2026 – 31/12/2026 📷 Địa điểm: 45 cửa hàng TH true mart áp dụng chương trình tại Thành phố Hà Nội, Hải Phòng, Hưng Yên, Bắc Ninh, Ninh Bình, Thanh Hóa, Nghệ An, Đà Nẵng, Thành phố Hồ Chí Minh;True;;0;;0;;0;13700;120;1013;1494;24700000;16327;0.0006610121457489878;Very High;30;Short;2026-05-07 03:44:30+00:00;2026-05-07 10:44:30+07:00;2026-05-07;2026.0;5.0;10.0;Thursday
7.636974879119642e+18;https://www.tiktok.com/@th.official.channel/video/7636974879119641864;th.official.channel;TH true YOGURT TOPCUP - Thế Hệ Sữa Chua Mới Hoàn Toàn Từ Thiên Nhiên;TH true YOGURT TOPCUP - Thế Hệ Sữa Chua Mới Hoàn Toàn Từ Thiên Nhiên;True;;0;;0;;0;7695;102;2291;937;10100000;11025;0.0010915841584158417;High;15;Very short;2026-05-07 02:43:03+00:00;2026-05-07 09:43:03+07:00;2026-05-07;2026.0;5.0;9.0;Thursday
7.632279590194499e+18;https://www.tiktok.com/@th.official.channel/video/7632279590194498823;th.official.channel;TH true WATER hân hạnh đồng hành cùng các giải đấu thể thao quốc tế #THtrueWATER ;TH true WATER hân hạnh đồng hành cùng các giải đấu thể thao quốc tế #THtrueWATER;True;#THtrueWATER;1;;0;;0;5448;173;767;374;11000000;6762;0.0006147272727272728;Very High;32;Medium;2026-04-24 11:02:57+00:00;2026-04-24 18:02:57+07:00;2026-04-24;2026.0;4.0;18.0;Friday
7.627024445290499e+18;https://www.tiktok.com/@th.official.channel/video/7627024445290499336;th.official.channel;TH true WATER hân hạnh đồng hành cùng giải đấu PPA Asia Tour - MB Hanoi 2026 trong vai trò Nhà tài trợ Đồ uống #THtrueWATER #PPA;TH true WATER hân hạnh đồng hành cùng giải đấu PPA Asia Tour - MB Hanoi 2026 trong vai trò Nhà tài trợ Đồ uống #THtrueWATER #PPA;True;#THtrueWATER, #PPA;2;;0;;0;400;15;28;48;1400000;491;0.0003507142857142857;High;57;Medium;2026-04-10 07:10:15+00:00;2026-04-10 14:10:15+07:00;2026-04-10;2026.0;4.0;14.0;Friday
7.625379406818725e+18;https://www.tiktok.com/@th.official.channel/video/7625379406818725140;th.official.channel;Trang trại TH - Thật sự thiên nhiên;Trang trại TH - Thật sự thiên nhiên;True;;0;;0;;0;18800;177;1877;1780;15400000;22634;0.0014697402597402597;Very High;24;Short;2026-04-05 20:46:43+00:00;2026-04-06 03:46:43+07:00;2026-04-06;2026.0;4.0;3.0;Monday
7.624354601206058e+18;https://www.tiktok.com/@th.official.channel/video/7624354601206058247;th.official.channel;"Cùng theo chân vận động viên Lý Hoàng Nam và TH true WATER khám phá giải đấu PPA Asia 1000 - MB Hanoi Cup 2026 nhé 🩵

TH true WATER hân hạnh là nhà tài trợ đồ uống đồng hành cùng giải đấu 💧 #THtrueWATER #DouongTH #PPA ";Cùng theo chân vận động viên Lý Hoàng Nam và TH true WATER khám phá giải đấu PPA Asia 1000 - MB Hanoi Cup 2026 nhé 🩵 TH true WATER hân hạnh là nhà tài trợ đồ uống đồng hành cùng giải đấu 💧 #THtrueWATER #DouongTH #PPA;True;#THtrueWATER, #DouongTH, #PPA;3;;0;;0;109;1;20;11;256600;141;0.0005494933749025721;Medium;77;Long;2026-04-03 02:29:55+00:00;2026-04-03 09:29:55+07:00;2026-04-03;2026.0;4.0;9.0;Friday
7.621458450890968e+18;https://www.tiktok.com/@th.official.channel/video/7621458450890968321;th.official.channel;Sữa Chua Kem Ngậy Tự Nhiên TH true YOGURT Creamy Mới - Vị Ngon Ngất Ngây;Sữa Chua Kem Ngậy Tự Nhiên TH true YOGURT Creamy Mới - Vị Ngon Ngất Ngây;True;;0;;0;;0;9225;224;2763;1104;11400000;13316;0.0011680701754385966;Very High;15;Very short;2026-03-26 07:11:28+00:00;2026-03-26 14:11:28+07:00;2026-03-26;2026.0;3.0;14.0;Thursday
7.620367995931463e+18;https://www.tiktok.com/@th.official.channel/video/7620367995931462933;th.official.channel;Sữa Chua Ít Béo TH true YOGURT - Vị Ngon Thật Sự Thiên Nhiên;Sữa Chua Ít Béo TH true YOGURT - Vị Ngon Thật Sự Thiên Nhiên;True;;0;;0;;0;11500;87;4509;1385;27100000;17481;0.0006450553505535056;Very High;15;Very short;2026-03-23 08:39:55+00:00;2026-03-23 15:39:55+07:00;2026-03-23;2026.0;3.0;15.0;Monday
7.620366881110658e+18;https://www.tiktok.com/@th.official.channel/video/7620366881110658325;th.official.channel;Sữa Chua Ít Đường TH true YOGURT - Vị Ngon Thật Sự Thiên Nhiên;Sữa Chua Ít Đường TH true YOGURT - Vị Ngon Thật Sự Thiên Nhiên;True;;0;;0;;0;10500;81;5172;1132;24500000;16885;0.0006891836734693878;Very High;18;Short;2026-03-23 08:35:36+00:00;2026-03-23 15:35:36+07:00;2026-03-23;2026.0;3.0;15.0;Monday
7.618157970936925e+18;https://www.tiktok.com/@th.official.channel/video/7618157970936925461;th.official.channel;Cùng trở về thiên nhiên với trang trại TH #TH  #Thatsuthiennhien;Cùng trở về thiên nhiên với trang trại TH #TH #Thatsuthiennhien;True;#TH, #Thatsuthiennhien;2;;0;;0;8819;107;846;1042;10400000;10814;0.0010398076923076923;High;53;Medium;2026-03-17 09:44:00+00:00;2026-03-17 16:44:00+07:00;2026-03-17;2026.0;3.0;16.0;Tuesday
7.618131453716614e+18;https://www.tiktok.com/@th.official.channel/video/7618131453716614420;th.official.channel;Sữa Chua Kem Ngậy Tự Nhiên TH true YOGURT Creamy Mới – Vị Ngon Ngất Ngây;Sữa Chua Kem Ngậy Tự Nhiên TH true YOGURT Creamy Mới – Vị Ngon Ngất Ngây;True;;0;;0;;0;9769;128;5732;1230;24900000;16859;0.0006770682730923694;Very High;15;Very short;2026-03-17 08:00:59+00:00;2026-03-17 15:00:59+07:00;2026-03-17;2026.0;3.0;15.0;Tuesday
7.603267963831012e+18;https://www.tiktok.com/@th.official.channel/video/7603267963831012615;th.official.channel;Trà tự nhiên TH true TEA - Đậm đà vị trà tự nhiên;Trà tự nhiên TH true TEA - Đậm đà vị trà tự nhiên;True;;0;;0;;0;9998;113;2140;1201;13200000;13452;0.0010190909090909092;Very High;15;Very short;2026-02-05 06:42:58+00:00;2026-02-05 13:42:58+07:00;2026-02-05;2026.0;2.0;13.0;Thursday
7.600267164976778e+18;https://www.tiktok.com/@th.official.channel/video/7600267164976778504;th.official.channel;TH giải chạy về phía mặt trời mùa 3 - MARATHON 2026 Nghệ An ;TH giải chạy về phía mặt trời mùa 3 - MARATHON 2026 Nghệ An;True;;0;;0;;0;181;29;72;16;19500;298;0.015282051282051281;Low;37;Medium;2026-01-28 04:38:23+00:00;2026-01-28 11:38:23+07:00;2026-01-28;2026.0;1.0;11.0;Wednesday
7.597773627450346e+18;https://www.tiktok.com/@th.official.channel/video/7597773627450346772;th.official.channel;Trà tự nhiên TH true TEA - Đậm đà vị trà tự nhiên;Trà tự nhiên TH true TEA - Đậm đà vị trà tự nhiên;True;;0;;0;;0;10500;48;3315;951;20100000;14814;0.0007370149253731344;Very High;12;Very short;2026-01-21 11:22:12+00:00;2026-01-21 18:22:12+07:00;2026-01-21;2026.0;1.0;18.0;Wednesday
7.585484289286901e+18;https://www.tiktok.com/@th.official.channel/video/7585484289286901012;th.official.channel;Trở về với thiên nhiên giữa mùa hoa hướng dương tại Trang trại TH 🌻;Trở về với thiên nhiên giữa mùa hoa hướng dương tại Trang trại TH 🌻;True;;0;;0;;0;498;115;77;47;36000;737;0.02047222222222222;Medium;49;Medium;2025-12-19 08:33:15+00:00;2025-12-19 15:33:15+07:00;2025-12-19;2025.0;12.0;15.0;Friday
7.585464118983855e+18;https://www.tiktok.com/@th.official.channel/video/7585464118983855378;th.official.channel;Sữa chua uống tiệt trùng TH true YOGURT TOPKID - KHOẺ MẠNH TỰ NHIÊN;Sữa chua uống tiệt trùng TH true YOGURT TOPKID - KHOẺ MẠNH TỰ NHIÊN;True;;0;;0;;0;4124;56;809;467;9800000;5456;0.000556734693877551;High;15;Very short;2025-12-19 07:14:59+00:00;2025-12-19 14:14:59+07:00;2025-12-19;2025.0;12.0;14.0;Friday
7.585463584507825e+18;https://www.tiktok.com/@th.official.channel/video/7585463584507825415;th.official.channel;Sữa chua uống tiệt trùng TH true YOGURT TOPKID - KHOẺ MẠNH TỰ NHIÊN;Sữa chua uống tiệt trùng TH true YOGURT TOPKID - KHOẺ MẠNH TỰ NHIÊN;True;;0;;0;;0;5873;108;1413;687;16500000;8081;0.0004897575757575758;Very High;18;Short;2025-12-19 07:12:52+00:00;2025-12-19 14:12:52+07:00;2025-12-19;2025.0;12.0;14.0;Friday
7.585463038623534e+18;https://www.tiktok.com/@th.official.channel/video/7585463038623534343;th.official.channel;Sữa chua uống tiệt trùng TH true YOGURT - KHOẺ MẠNH TỰ NHIÊN;Sữa chua uống tiệt trùng TH true YOGURT - KHOẺ MẠNH TỰ NHIÊN;True;;0;;0;;0;5762;131;1582;625;16100000;8100;0.0005031055900621118;Very High;16;Short;2025-12-19 07:10:46+00:00;2025-12-19 14:10:46+07:00;2025-12-19;2025.0;12.0;14.0;Friday
7.585397539352907e+18;https://www.tiktok.com/@th.official.channel/video/7585397539352907029;th.official.channel;Cùng ghé thăm cánh đồng hoa hướng dương để trải nghiệm mùa hoa đẹp các bạn nhé #hoahuongduong #lehoi #thfarm #nghean ;Cùng ghé thăm cánh đồng hoa hướng dương để trải nghiệm mùa hoa đẹp các bạn nhé #hoahuongduong #lehoi #thfarm #nghean;True;#hoahuongduong, #lehoi, #thfarm, #nghean;4;;0;;0;299;63;73;27;23700;462;0.01949367088607595;Low;42;Medium;2025-12-19 02:56:39+00:00;2025-12-19 09:56:39+07:00;2025-12-19;2025.0;12.0;9.0;Friday
7.582167431146229e+18;https://www.tiktok.com/@th.official.channel/video/7582167431146229000;th.official.channel;"Nhận quà xinh cùng TH TOPKID nhé.
#THTOPKID";Nhận quà xinh cùng TH TOPKID nhé. #THTOPKID;True;#THTOPKID;1;;0;;0;20900;169;21200;2073;65000000;44342;0.0006821846153846154;Very High;22;Short;2025-12-10 10:02:07+00:00;2025-12-10 17:02:07+07:00;2025-12-10;2025.0;12.0;17.0;Wednesday
7.581799204490628e+18;https://www.tiktok.com/@th.official.channel/video/7581799204490628370;th.official.channel;"""Topping"" năng lượng khám phá, mở khóa hơn 200.000 quà tặng - Chương trình kết thúc ngày 15/02/2026";"""Topping"" năng lượng khám phá, mở khóa hơn 200.000 quà tặng - Chương trình kết thúc ngày 15/02/2026";True;;0;;0;;0;56500;897;8404;5721;66300000;71522;0.001078763197586727;Very High;28;Short;2025-12-09 10:13:15+00:00;2025-12-09 17:13:15+07:00;2025-12-09;2025.0;12.0;17.0;Tuesday
7.612487347904482e+18;https://www.tiktok.com/@jaytothewhypee/video/7612487347904482590;jaytothewhypee;"TRUE MILK PLA SPONSOR #fyp #vietkieu #vietnam #gs25 
#jaytothewhypee ";TRUE MILK PLA SPONSOR #fyp #vietkieu #vietnam #gs25 #jaytothewhypee;True;#fyp, #vietkieu, #vietnam, #gs25, #jaytothewhypee;5;;0;;0;537;10;56;43;11000;646;0.058727272727272725;Low;16;Short;2026-03-02 02:59:08+00:00;2026-03-02 09:59:08+07:00;2026-03-02;2026.0;3.0;9.0;Monday
6.924924215950921e+18;https://www.tiktok.com/@datphinguyen/video/6924924215950920961;datphinguyen;đọc quảng cáo TH true milk như thế nào?;đọc quảng cáo TH true milk như thế nào?;True;;0;;0;;0;255300;2731;2434;1221;3300000;261686;0.07929878787878789;High;37;Medium;2021-02-03 06:42:46+00:00;2021-02-03 13:42:46+07:00;2021-02-03;2021.0;2.0;13.0;Wednesday
7.585528931126742e+18;https://www.tiktok.com/@vtv7kids/video/7585528931126742328;vtv7kids;"Khi trí tưởng tượng của em trai gặp… phong cách make-up của chị gái 😆
Kết quả đúng là không ai đoán trước được! 🎨
#emoji #VuonTween #DIY #NhungBongHoaNho #THtrueMILK ";Khi trí tưởng tượng của em trai gặp… phong cách make-up của chị gái 😆 Kết quả đúng là không ai đoán trước được! 🎨 #emoji #VuonTween #DIY #NhungBongHoaNho #THtrueMILK;True;#emoji, #VuonTween, #DIY, #NhungBongHoaNho, #THtrueMILK;5;;0;;0;346200;4301;484600;17678;9800000;852779;0.08701826530612244;High;11;Very short;2025-12-19 11:26:32+00:00;2025-12-19 18:26:32+07:00;2025-12-19;2025.0;12.0;18.0;Friday
7.083863152307211e+18;https://www.tiktok.com/@piccvk/video/7083863152307211547;piccvk;😊😊 #thtruemilk #xuhuong;😊😊 #thtruemilk #xuhuong;True;#thtruemilk, #xuhuong;2;;0;;0;157300;2036;98;680;2600000;160114;0.06158230769230769;High;15;Very short;2022-04-07 14:06:58+00:00;2022-04-07 21:06:58+07:00;2022-04-07;2022.0;4.0;21.0;Thursday
7.605974390013971e+18;https://www.tiktok.com/@vtv7official/video/7605974390013971768;vtv7official;"Ai nói TikTok chỉ dành cho Gen Z? 😎
Tết này thử song ca cùng idol lớn tuổi nhất nhà xem sao @alithucphuong
#Hatcungongba #VuonTween #NhungBongHoaNho #TapdoanTH #THtrueMILK ";Ai nói TikTok chỉ dành cho Gen Z? 😎 Tết này thử song ca cùng idol lớn tuổi nhất nhà xem sao @alithucphuong #Hatcungongba #VuonTween #NhungBongHoaNho #TapdoanTH #THtrueMILK;True;#Hatcungongba, #VuonTween, #NhungBongHoaNho, #TapdoanTH, #THtrueMILK;5;@alithucphuong;1;;0;144900;348;4264;3809;3800000;153321;0.04034763157894737;High;42;Medium;2026-02-12 13:45:28+00:00;2026-02-12 20:45:28+07:00;2026-02-12;2026.0;2.0;20.0;Thursday
7.606721084636794e+18;https://www.tiktok.com/@vtv7official/video/7606721084636794124;vtv7official;"Càng ngăn cấm thì ta càng muốn làm
Thế nên hãy để học sinh biết về tình yêu theo hướng đúng đắn nhất nhé 🥰
#tinhyeuhoctro #VuonTween #NhungBongHoaNho #TapdoanTH #THtrueMILK ";Càng ngăn cấm thì ta càng muốn làm Thế nên hãy để học sinh biết về tình yêu theo hướng đúng đắn nhất nhé 🥰 #tinhyeuhoctro #VuonTween #NhungBongHoaNho #TapdoanTH #THtrueMILK;True;#tinhyeuhoctro, #VuonTween, #NhungBongHoaNho, #TapdoanTH, #THtrueMILK;5;;0;;0;129500;634;13000;5787;2200000;148921;0.06769136363636363;High;26;Short;2026-02-14 14:03:00+00:00;2026-02-14 21:03:00+07:00;2026-02-14;2026.0;2.0;21.0;Saturday
7.56960160935797e+18;https://www.tiktok.com/@tqnam247/video/7569601609357970696;tqnam247;"Phần 2 nha, thử tất cả các loại đồ ăn của TH True Milk
#fyp #LearnOnTikTok #foryoupage #thtruemilk #siêureview ";Phần 2 nha, thử tất cả các loại đồ ăn của TH True Milk #fyp #LearnOnTikTok #foryoupage #thtruemilk #siêureview;True;#fyp, #LearnOnTikTok, #foryoupage, #thtruemilk, #siêureview;5;;0;;0;97400;466;7135;4198;1500000;109199;0.07279933333333333;High;597;Very long;2025-11-06 14:19:00+00:00;2025-11-06 21:19:00+07:00;2025-11-06;2025.0;11.0;21.0;Thursday
7.562043307442933e+18;https://www.tiktok.com/@tqnam247/video/7562043307442933000;tqnam247;"Ngày này cuối cùng cũng tới, cùng mình thử tất cả đồ uống của TH True Milk
#fyp #LearnOnTikTok #foryoupage #thtruemilk #siêureview ";Ngày này cuối cùng cũng tới, cùng mình thử tất cả đồ uống của TH True Milk #fyp #LearnOnTikTok #foryoupage #thtruemilk #siêureview;True;#fyp, #LearnOnTikTok, #foryoupage, #thtruemilk, #siêureview;5;;0;;0;78300;550;6518;4831;1400000;90199;0.06442785714285715;High;586;Very long;2025-10-17 05:00:00+00:00;2025-10-17 12:00:00+07:00;2025-10-17;2025.0;10.0;12.0;Friday
7.609508390070504e+18;https://www.tiktok.com/@vtv7official/video/7609508390070504715;vtv7official;"Có những điều cần nói với ba mẹ trước khi bắt đầu hành trình 365 ngày tiếp theo ❤️
@khoailangthang
#didetrove #VuonTween #NhungBongHoaNho #TapdoanTH #THtrueMILK ";Có những điều cần nói với ba mẹ trước khi bắt đầu hành trình 365 ngày tiếp theo ❤️ @khoailangthang #didetrove #VuonTween #NhungBongHoaNho #TapdoanTH #THtrueMILK;True;#didetrove, #VuonTween, #NhungBongHoaNho, #TapdoanTH, #THtrueMILK;5;@khoailangthang;1;;0;78300;148;4314;2512;1000000;85274;0.085274;Medium;46;Medium;2026-02-22 04:02:01+00:00;2026-02-22 11:02:01+07:00;2026-02-22;2026.0;2.0;11.0;Sunday
7.572534790188994e+18;https://www.tiktok.com/@vtv7official/video/7572534790188993848;vtv7official;"Từ chối nhắc bài cho bạn và cái là lời nhận xét...chẳng hề dễ nghe 🤔
Tween Talk hôm nay là câu chuyện dũng cảm đối diện trước những lời chê trách ✨👇
#SpeakUpTok #VuonTween #TweenTalk #NhungBongHoaNho #THtrueMILK";Từ chối nhắc bài cho bạn và cái là lời nhận xét...chẳng hề dễ nghe 🤔 Tween Talk hôm nay là câu chuyện dũng cảm đối diện trước những lời chê trách ✨👇 #SpeakUpTok #VuonTween #TweenTalk #NhungBongHoaNho #THtrueMILK;True;#SpeakUpTok, #VuonTween, #TweenTalk, #NhungBongHoaNho, #THtrueMILK;5;;0;;0;73700;0;23700;3312;1200000;100712;0.08392666666666666;Medium;23;Short;2025-11-14 11:02:35+00:00;2025-11-14 18:02:35+07:00;2025-11-14;2025.0;11.0;18.0;Friday
7.609245738161196e+18;https://www.tiktok.com/@vtv7official/video/7609245738161196344;vtv7official;"Chúng mình phấn đấu mỗi năm ra 1 bài nhạc Tết nha @alithucphuong ơi 😘
#NhacTet #VuonTween #NhungBongHoaNho #TapdoanTH #THtrueMILK ";Chúng mình phấn đấu mỗi năm ra 1 bài nhạc Tết nha @alithucphuong ơi 😘 #NhacTet #VuonTween #NhungBongHoaNho #TapdoanTH #THtrueMILK;True;#NhacTet, #VuonTween, #NhungBongHoaNho, #TapdoanTH, #THtrueMILK;5;@alithucphuong;1;;0;69600;145;1302;1582;1200000;72629;0.060524166666666664;Medium;37;Medium;2026-02-21 11:02:18+00:00;2026-02-21 18:02:18+07:00;2026-02-21;2026.0;2.0;18.0;Saturday
7.577027011957313e+18;https://www.tiktok.com/@vtv7official/video/7577027011957312824;vtv7official;"Nguyên lý giúp hàng cứu trợ hạ cánh an toàn giữa bão lũ! 🌪️
Được rút ra từ bài học bảo vệ một quả trứng 🥚 rơi từ trên cao…
#nhungbonghoanho #Cuutro #chongbao #VuonTween #THtrueMILK ";Nguyên lý giúp hàng cứu trợ hạ cánh an toàn giữa bão lũ! 🌪️ Được rút ra từ bài học bảo vệ một quả trứng 🥚 rơi từ trên cao… #nhungbonghoanho #Cuutro #chongbao #VuonTween #THtrueMILK;True;#nhungbonghoanho, #Cuutro, #chongbao, #VuonTween, #THtrueMILK;5;;0;;0;66500;215;27800;8100;1200000;102615;0.0855125;Medium;59;Medium;2025-11-26 13:34:44+00:00;2025-11-26 20:34:44+07:00;2025-11-26;2025.0;11.0;20.0;Wednesday
7.583975040555732e+18;https://www.tiktok.com/@adunghe/video/7583975040555732242;adunghe;"Cánh đồng hoa hướng dương của Tập đoàn
TH chính thức mơ cửa đón khách tham quan từ ngày 16/12 nha 
#hoahuongduong #nghean #xuhuong #nghean37 #thtruemilk ";Cánh đồng hoa hướng dương của Tập đoàn TH chính thức mơ cửa đón khách tham quan từ ngày 16/12 nha #hoahuongduong #nghean #xuhuong #nghean37 #thtruemilk;True;#hoahuongduong, #nghean, #xuhuong, #nghean37, #thtruemilk;5;;0;;0;69600;1307;12400;2283;1500000;85590;0.05706;High;53;Medium;2025-12-15 06:56:37+00:00;2025-12-15 13:56:37+07:00;2025-12-15;2025.0;12.0;13.0;Monday
7.608180879793475e+18;https://www.tiktok.com/@vtv7official/video/7608180879793474828;vtv7official;"Nhắc đến Tết là nhớ đến mẹ! Bạn có giống anh @khoailangthang ko nhỉ?
#tetdoanvien #nhungbonghoanho #VuonTween #TapdoanTH #THtrueMILK ";Nhắc đến Tết là nhớ đến mẹ! Bạn có giống anh @khoailangthang ko nhỉ? #tetdoanvien #nhungbonghoanho #VuonTween #TapdoanTH #THtrueMILK;True;#tetdoanvien, #nhungbonghoanho, #VuonTween, #TapdoanTH, #THtrueMILK;5;@khoailangthang;1;;0;75200;182;3447;2512;1000000;81341;0.081341;Medium;65;Long;2026-02-18 13:30:43+00:00;2026-02-18 20:30:43+07:00;2026-02-18;2026.0;2.0;20.0;Wednesday
7.592240486853692e+18;https://www.tiktok.com/@vtv7official/video/7592240486853692728;vtv7official;"Khẩu hiệu có đủ mạnh để ngăn bạo lực học đường không?
#Vuontween #baoluchocduong #nhungbonghoanho #TapdoanTH #THtrueMILK ";Khẩu hiệu có đủ mạnh để ngăn bạo lực học đường không? #Vuontween #baoluchocduong #nhungbonghoanho #TapdoanTH #THtrueMILK;True;#Vuontween, #baoluchocduong, #nhungbonghoanho, #TapdoanTH, #THtrueMILK;5;;0;;0;66600;166;2399;3293;1200000;72458;0.06038166666666667;Medium;22;Short;2026-01-06 13:30:48+00:00;2026-01-06 20:30:48+07:00;2026-01-06;2026.0;1.0;20.0;Tuesday
7.638948540626079e+18;https://www.tiktok.com/@ng.sonn78/video/7638948540626078984;ng.sonn78;t ngắm ẻm từ lâu r bh ms dc mua 😣😣🙁🥰😛😞🤩😞☹️😍🥰 #quanao #thtruemilk ;t ngắm ẻm từ lâu r bh ms dc mua 😣😣🙁🥰😛😞🤩😞☹️😍🥰 #quanao #thtruemilk;True;#quanao, #thtruemilk;2;;0;;0;56200;1238;14000;3612;738600;75050;0.10161115624153805;Medium;19;Short;2026-05-12 10:21:51+00:00;2026-05-12 17:21:51+07:00;2026-05-12;2026.0;5.0;17.0;Tuesday
7.590006890428419e+18;https://www.tiktok.com/@vtv7official/video/7590006890428419340;vtv7official;"Vết sẹo tâm lý của kẻ bắt nạt. Có hay không?
 #VuonTween #baoluchocduong #nhungbonghoanho #TapdoanTH #THtrueMILK ";Vết sẹo tâm lý của kẻ bắt nạt. Có hay không? #VuonTween #baoluchocduong #nhungbonghoanho #TapdoanTH #THtrueMILK;True;#VuonTween, #baoluchocduong, #nhungbonghoanho, #TapdoanTH, #THtrueMILK;5;;0;;0;60700;135;4122;3670;1200000;68627;0.057189166666666666;Medium;20;Short;2025-12-31 13:03:14+00:00;2025-12-31 20:03:14+07:00;2025-12-31;2025.0;12.0;20.0;Wednesday
7.20666818212227e+18;https://www.tiktok.com/@dongphucwego/video/7206668182122269979;dongphucwego;Bạn muốn siêu phẩm thiết kế nào trình làng tiếp theo? Cmt cho Wego biết nha! #thtruemilk #wegouniform #wego #challenge #dongphucwego #xuhuong ;Bạn muốn siêu phẩm thiết kế nào trình làng tiếp theo? Cmt cho Wego biết nha! #thtruemilk #wegouniform #wego #challenge #dongphucwego #xuhuong;True;#thtruemilk, #wegouniform, #wego, #challenge, #dongphucwego, #xuhuong;6;;0;;0;52800;1002;218;1658;1200000;55678;0.04639833333333333;Medium;39;Medium;2023-03-04 12:33:16+00:00;2023-03-04 19:33:16+07:00;2023-03-04;2023.0;3.0;19.0;Saturday
7.584463989300612e+18;https://www.tiktok.com/@thanhthao206i/video/7584463989300612373;thanhthao206i;Vlog p1 giải đáp thắc mắc cho mấy bà#hoahuongduong #thtruemilk ;Vlog p1 giải đáp thắc mắc cho mấy bà#hoahuongduong #thtruemilk;True;#hoahuongduong, #thtruemilk;2;;0;;0;61500;664;6788;2648;923300;71600;0.07754792591790317;Medium;105;Long;2025-12-16 14:34:00+00:00;2025-12-16 21:34:00+07:00;2025-12-16;2025.0;12.0;21.0;Tuesday
7.376617446460952e+18;https://www.tiktok.com/@unboxvotriii/video/7376617446460951815;unboxvotriii;Ủa Micca🎵🎶🎼 #doraemon #nobitavabangiaohuongdiacau #thtrueyogurttopkid #thtruemilk ;Ủa Micca🎵🎶🎼 #doraemon #nobitavabangiaohuongdiacau #thtrueyogurttopkid #thtruemilk;True;#doraemon, #nobitavabangiaohuongdiacau, #thtrueyogurttopkid, #thtruemilk;4;;0;;0;45000;896;1889;3332;756000;51117;0.06761507936507936;Medium;38;Medium;2024-06-04 12:03:12+00:00;2024-06-04 19:03:12+07:00;2024-06-04;2024.0;6.0;19.0;Tuesday
7.472426087180455e+18;https://www.tiktok.com/@nglethuthuy/video/7472426087180455186;nglethuthuy;"5 ngày 5 hãng kem: thử kem Việt Nam TH true Ice Cream xem thế nào nào... 

#nglethuthuy #ReviewAnNgon #AnCungTiktok #kem #icecream #thtruefood #thtruemilk ";5 ngày 5 hãng kem: thử kem Việt Nam TH true Ice Cream xem thế nào nào... #nglethuthuy #ReviewAnNgon #AnCungTiktok #kem #icecream #thtruefood #thtruemilk;True;#nglethuthuy, #ReviewAnNgon, #AnCungTiktok, #kem, #icecream, #thtruefood, #thtruemilk;7;;0;;0;43300;135;712;1207;495800;45354;0.09147640177490923;Medium;180;Long;2025-02-17 16:29:45+00:00;2025-02-17 23:29:45+07:00;2025-02-17;2025.0;2.0;23.0;Monday
7.604093564984905e+18;https://www.tiktok.com/@vtv7official/video/7604093564984904972;vtv7official;"Trân trọng giới thiệu dàn diễn viên 1000 tuổi của Mv “Tết của tớ là”🤩
@alithucphuong
#VuonTween #nhungbonghoanho #nhactet #TapdoanTH #THtrueMILK ";Trân trọng giới thiệu dàn diễn viên 1000 tuổi của Mv “Tết của tớ là”🤩 @alithucphuong #VuonTween #nhungbonghoanho #nhactet #TapdoanTH #THtrueMILK;True;#VuonTween, #nhungbonghoanho, #nhactet, #TapdoanTH, #THtrueMILK;5;@alithucphuong;1;;0;40300;38;189;364;864500;40891;0.047300173510699824;Medium;21;Short;2026-02-07 13:12:22+00:00;2026-02-07 20:12:22+07:00;2026-02-07;2026.0;2.0;20.0;Saturday
7.233774066329456e+18;https://www.tiktok.com/@benachuai/video/7233774066329455878;benachuai;Sữa bột TH True Milk số 2 😀 thử cho em sushi nào #thtruemilk #xuhuongtiktok #xuhuong #suabotcongthuc #embedangyeu ;Sữa bột TH True Milk số 2 😀 thử cho em sushi nào #thtruemilk #xuhuongtiktok #xuhuong #suabotcongthuc #embedangyeu;True;#thtruemilk, #xuhuongtiktok, #xuhuong, #suabotcongthuc, #embedangyeu;5;;0;;0;40200;1776;1462;1570;1000000;45008;0.045008;Medium;74;Long;2023-05-16 13:37:54+00:00;2023-05-16 20:37:54+07:00;2023-05-16;2023.0;5.0;20.0;Tuesday
7.584435251678547e+18;https://www.tiktok.com/@changgphamm_29/video/7584435251678547208;changgphamm_29;huhuuu đẹp điên lên được í #changgphamm #thtruemilk #hoahuongduong #nghiadan_nghean ;huhuuu đẹp điên lên được í #changgphamm #thtruemilk #hoahuongduong #nghiadan_nghean;True;#changgphamm, #thtruemilk, #hoahuongduong, #nghiadan_nghean;4;;0;;0;43500;209;4799;1919;1200000;50427;0.0420225;Medium;9;Very short;2025-12-16 12:42:26+00:00;2025-12-16 19:42:26+07:00;2025-12-16;2025.0;12.0;19.0;Tuesday
7.100055147069312e+18;https://www.tiktok.com/@l_quyen_/video/7100055147069312283;l_quyen_;Hành trình đổi vỏ hộp sữa tại cửa hàng TH True Milk 🤟🤟#xuhuong #thtruemilk #earth #environment #fyp #lifestyle #saveearth;Hành trình đổi vỏ hộp sữa tại cửa hàng TH True Milk 🤟🤟#xuhuong #thtruemilk #earth #environment #fyp #lifestyle #saveearth;True;#xuhuong, #thtruemilk, #earth, #environment, #fyp, #lifestyle, #saveearth;7;;0;;0;38500;847;639;304;1600000;40290;0.02518125;High;19;Short;2022-05-21 05:20:10+00:00;2022-05-21 12:20:10+07:00;2022-05-21;2022.0;5.0;12.0;Saturday
7.626373591348661e+18;https://www.tiktok.com/@vtv7official/video/7626373591348661512;vtv7official;"Lớn rồi mới biết… có một hội bạn thân là may mắn vô cùng!!
@chunniie7 @alithucphuong @bovamoon @ngotranbaoanhh #Chungminhkhacnhauthatdo #Nhungbonghoanho #VuonTween #TapdoanTH #THtrueMILK ";Lớn rồi mới biết… có một hội bạn thân là may mắn vô cùng!! @chunniie7 @alithucphuong @bovamoon @ngotranbaoanhh #Chungminhkhacnhauthatdo #Nhungbonghoanho #VuonTween #TapdoanTH #THtrueMILK;True;#Chungminhkhacnhauthatdo, #Nhungbonghoanho, #VuonTween, #TapdoanTH, #THtrueMILK;5;@chunniie7, @alithucphuong, @bovamoon, @ngotranbaoanhh;4;;0;37600;279;10600;2732;717000;51211;0.07142398884239888;Medium;47;Medium;2026-04-08 13:04:20+00:00;2026-04-08 20:04:20+07:00;2026-04-08;2026.0;4.0;20.0;Wednesday
7.537658519030369e+18;https://www.tiktok.com/@sunsosad79/video/7537658519030369544;sunsosad79;Nhảy cuốnn nha...🌹🌷🌹 #nuocepdua #nguyenbinhan #thtruemilk #mt🐇 #gaixinhtiktok #gainhaytiktok #coverdance ;Nhảy cuốnn nha...🌹🌷🌹 #nuocepdua #nguyenbinhan #thtruemilk #mt🐇 #gaixinhtiktok #gainhaytiktok #coverdance;True;#nuocepdua, #nguyenbinhan, #thtruemilk, #mt, #gaixinhtiktok, #gainhaytiktok, #coverdance;7;;0;;0;37000;49;2824;5099;471900;44972;0.09529985166348803;Medium;6;Very short;2025-08-12 11:24:48+00:00;2025-08-12 18:24:48+07:00;2025-08-12;2025.0;8.0;18.0;Tuesday
7.584780685244747e+18;https://www.tiktok.com/@vtv7official/video/7584780685244747064;vtv7official;"Con sẽ lớn lên tốt hơn khi người lớn chọn đồng hành đúng cách
#nhungbonghoanho #LearnOnTikTok #VuonTween #phuhuynhthongthai #THtrueMILK ";Con sẽ lớn lên tốt hơn khi người lớn chọn đồng hành đúng cách #nhungbonghoanho #LearnOnTikTok #VuonTween #phuhuynhthongthai #THtrueMILK;True;#nhungbonghoanho, #LearnOnTikTok, #VuonTween, #phuhuynhthongthai, #THtrueMILK;5;;0;;0;48500;0;1831;1797;897500;52128;0.058081337047353764;Medium;22;Short;2025-12-17 11:02:57+00:00;2025-12-17 18:02:57+07:00;2025-12-17;2025.0;12.0;18.0;Wednesday
7.288620715648011e+18;https://www.tiktok.com/@th.true.mart/video/7288620715648011538;th.true.mart;Sữa TH true MILK HILO có hiện tượn lắng lợn cợn, có an toàn không? #THtrueMILK #HILO #suabau ;Sữa TH true MILK HILO có hiện tượn lắng lợn cợn, có an toàn không? #THtrueMILK #HILO #suabau;True;#THtrueMILK, #HILO, #suabau;3;;0;;0;3831;304;827;311;501000;5273;0.010524950099800399;Medium;42;Medium;2023-10-11 08:50:56+00:00;2023-10-11 15:50:56+07:00;2023-10-11;2023.0;10.0;15.0;Wednesday
7.558636806544084e+18;https://www.tiktok.com/@hoahonglinhdon/video/7558636806544084232;hoahonglinhdon;"Thùng 48 hộp sữa tươi tiệt trùng TH true milk.
#suatuoitiettrung #thtruemilk #viraltiktok #xuhuongtiktok #shoplinhdon ";Thùng 48 hộp sữa tươi tiệt trùng TH true milk. #suatuoitiettrung #thtruemilk #viraltiktok #xuhuongtiktok #shoplinhdon;True;#suatuoitiettrung, #thtruemilk, #viraltiktok, #xuhuongtiktok, #shoplinhdon;5;;0;;0;40;27;10;22;9014;99;0.010982915464832483;Low;20;Short;2025-10-08 00:11:23+00:00;2025-10-08 07:11:23+07:00;2025-10-08;2025.0;10.0;7.0;Wednesday
7.614191096247127e+18;https://www.tiktok.com/@laxy.le/video/7614191096247127318;laxy.le;Thêm một #thtruemilk ít đường vào giỏ hàng 🤣 #landaulamme #mebau #🇩🇪🇻🇳 #germany🇩🇪 ;Thêm một #thtruemilk ít đường vào giỏ hàng 🤣 #landaulamme #mebau #🇩🇪🇻🇳 #germany🇩🇪;True;#thtruemilk, #landaulamme, #mebau, #germany;4;;0;;0;159;30;6;9;14900;204;0.013691275167785235;Low;15;Very short;2026-03-06 17:10:17+00:00;2026-03-07 00:10:17+07:00;2026-03-07;2026.0;3.0;0.0;Saturday
7.237401669657497e+18;https://www.tiktok.com/@izluv01.kaka/video/7237401669657496837;izluv01.kaka;Th true milk#foryou #capcut #meme#th #boombastic #capcut #foryou #xh #fypシ ;Th true milk#foryou #capcut #meme#th #boombastic #capcut #foryou #xh #fypシ;True;#foryou, #capcut, #meme, #th, #boombastic, #capcut, #foryou, #xh, #fypシ;9;;0;;0;2976;152;309;365;88000;3802;0.043204545454545454;Medium;5;Very short;2023-05-26 08:14:53+00:00;2023-05-26 15:14:53+07:00;2023-05-26;2023.0;5.0;15.0;Friday
7.643038389071007e+18;https://www.tiktok.com/@giangg82761368/video/7643038389071006994;giangg82761368;No caption;No caption;False;;0;;0;;0;390;11;2;14;8334;417;0.05003599712023038;Low;19;Short;2026-05-23 10:52:32+00:00;2026-05-23 17:52:32+07:00;2026-05-23;2026.0;5.0;17.0;Saturday
7.637370347855154e+18;https://www.tiktok.com/@leyen05ne/video/7637370347855154453;leyen05ne;Cô tiểu thư và 4 hộp sữa TH TRUE MILK @Lê Yến 🍓 ;Cô tiểu thư và 4 hộp sữa TH TRUE MILK @Lê Yến 🍓;True;;0;@Lê;1;;0;90200;851;5791;3647;1900000;100489;0.05288894736842105;High;44;Medium;2026-05-08 04:17:41+00:00;2026-05-08 11:17:41+07:00;2026-05-08;2026.0;5.0;11.0;Friday
7.52786222513498e+18;https://www.tiktok.com/@nhungphienbanmoi/video/7527862225134980359;nhungphienbanmoi;"Xưa giờ mình cứ nghĩ sữa hộp chất lượng hơn. 
#suatuoi #thtruemilk ";Xưa giờ mình cứ nghĩ sữa hộp chất lượng hơn. #suatuoi #thtruemilk;True;#suatuoi, #thtruemilk;2;;0;;0;2767;204;143;158;298400;3272;0.01096514745308311;Medium;14;Very short;2025-07-17 01:50:11+00:00;2025-07-17 08:50:11+07:00;2025-07-17;2025.0;7.0;8.0;Thursday
7.586243362043317e+18;https://www.tiktok.com/@l.bongyeuanhh/video/7586243362043317525;l.bongyeuanhh;#yeu #thich #xhhh #vairal #miss ;#yeu #thich #xhhh #vairal #miss;True;#yeu, #thich, #xhhh, #vairal, #miss;5;;0;;0;1239;41;707;152;30000;2139;0.0713;Medium;27;Short;2025-12-21 09:38:54+00:00;2025-12-21 16:38:54+07:00;2025-12-21;2025.0;12.0;16.0;Sunday
7.560163213724241e+18;https://www.tiktok.com/@rose.nhun/video/7560163213724241159;rose.nhun;Sữa 🥛 th true oat yến mạch socola #sua #thtruemilk #oatmilk ;Sữa 🥛 th true oat yến mạch socola #sua #thtruemilk #oatmilk;True;#sua, #thtruemilk, #oatmilk;3;;0;;0;1128;40;242;231;180700;1641;0.009081350304371887;Medium;22;Short;2025-10-12 02:54:34+00:00;2025-10-12 09:54:34+07:00;2025-10-12;2025.0;10.0;9.0;Sunday
7.62379241682633e+18;https://www.tiktok.com/@_caa243/video/7623792416826330388;_caa243;#xuhuong #viral #xuhuongtiktok ;#xuhuong #viral #xuhuongtiktok;True;#xuhuong, #viral, #xuhuongtiktok;3;;0;;0;65;1;64;10;9192;140;0.015230635335073977;Low;14;Very short;2026-04-01 14:08:20+00:00;2026-04-01 21:08:20+07:00;2026-04-01;2026.0;4.0;21.0;Wednesday
7.620032719992638e+18;https://www.tiktok.com/@thu_ylinh/video/7620032719992638741;thu_ylinh;Đại xứ thương hiệu #quanao #hottrend #fpy #xuhuong #thtruemilk ;Đại xứ thương hiệu #quanao #hottrend #fpy #xuhuong #thtruemilk;True;#quanao, #hottrend, #fpy, #xuhuong, #thtruemilk;5;;0;;0;637;18;861;59;86000;1575;0.018313953488372094;Medium;9;Very short;2026-03-22 10:58:51+00:00;2026-03-22 17:58:51+07:00;2026-03-22;2026.0;3.0;17.0;Sunday
7.620108242244406e+18;https://www.tiktok.com/@_nhzang.01_/video/7620108242244406548;_nhzang.01_;cutee théee #thtruemilk #fyp #🐮 #viral #xh;cutee théee #thtruemilk #fyp #🐮 #viral #xh;True;#thtruemilk, #fyp, #viral, #xh;4;;0;;0;40300;341;19700;1861;597800;62202;0.10405152224824356;Medium;17;Short;2026-03-22 15:51:54+00:00;2026-03-22 22:51:54+07:00;2026-03-22;2026.0;3.0;22.0;Sunday
7.565427174031838e+18;https://www.tiktok.com/@thngan974/video/7565427174031838471;thngan974;iu cực#xuhuongtiktok #capcut #sữathtruemilk ;iu cực#xuhuongtiktok #capcut #sữathtruemilk;True;#xuhuongtiktok, #capcut, #sữathtruemilk;3;;0;;0;8062;97;2201;439;142200;10799;0.0759423347398031;Medium;14;Very short;2025-10-26 07:21:24+00:00;2025-10-26 14:21:24+07:00;2025-10-26;2025.0;10.0;14.0;Sunday
7.642025444245605e+18;https://www.tiktok.com/@tammy.joes/video/7642025444245605663;tammy.joes;"Th True Less Sugar Milk has a smooth creamy texture. The milk has a sweet taste to it. 

#thtrue #milk #lesssugar #creamymilk #beverage ";Th True Less Sugar Milk has a smooth creamy texture. The milk has a sweet taste to it. #thtrue #milk #lesssugar #creamymilk #beverage;True;#thtrue, #milk, #lesssugar, #creamymilk, #beverage;5;;0;;0;3;0;0;0;103;3;0.02912621359223301;Low;14;Very short;2026-05-20 17:22:06+00:00;2026-05-21 00:22:06+07:00;2026-05-21;2026.0;5.0;0.0;Thursday
7.447065106745183e+18;https://www.tiktok.com/@thschool_mkt/video/7447065106745183506;thschool_mkt;Let’s drink TH True Milk together 🥛#fyp #viral #xh #thtruemilk #thscool #dophuqui #pickelball ;Let’s drink TH True Milk together 🥛#fyp #viral #xh #thtruemilk #thscool #dophuqui #pickelball;True;#fyp, #viral, #xh, #thtruemilk, #thscool, #dophuqui, #pickelball;7;;0;;0;30;6;39;4;2441;79;0.032363785333879555;Low;27;Short;2024-12-11 08:16:06+00:00;2024-12-11 15:16:06+07:00;2024-12-11;2024.0;12.0;15.0;Wednesday
7.62973161256087e+18;https://www.tiktok.com/@ming170797/video/7629731612560870677;ming170797;No caption;No caption;False;;0;;0;;0;452;23;15;36;3656;526;0.14387308533916848;Low;19;Short;2026-04-17 14:15:31+00:00;2026-04-17 21:15:31+07:00;2026-04-17;2026.0;4.0;21.0;Friday
7.636761017036361e+18;https://www.tiktok.com/@bemidangiu2828/video/7636761017036360981;bemidangiu2828;🩷;🩷;True;;0;;0;;0;42;15;1;0;751;58;0.07723035952063914;Low;14;Very short;2026-05-06 12:53:11+00:00;2026-05-06 19:53:11+07:00;2026-05-06;2026.0;5.0;19.0;Wednesday
7.611230470851939e+18;https://www.tiktok.com/@jenny___256/video/7611230470851939606;jenny___256;It is so delicious TRUST😍😍 #foryou #viral #fyp #goviral #milk ;It is so delicious TRUST😍😍 #foryou #viral #fyp #goviral #milk;True;#foryou, #viral, #fyp, #goviral, #milk;5;;0;;0;49;1;3;0;628;53;0.08439490445859872;Low;8;Very short;2026-02-26 17:41:34+00:00;2026-02-27 00:41:34+07:00;2026-02-27;2026.0;2.0;0.0;Friday
7.567636424380468e+18;https://www.tiktok.com/@upliftingmama_/video/7567636424380468494;upliftingmama_;I really love getting dressed up #cow #breastfeeding #pumpingmilk #breastmilk #halloweencostume ;I really love getting dressed up #cow #breastfeeding #pumpingmilk #breastmilk #halloweencostume;True;#cow, #breastfeeding, #pumpingmilk, #breastmilk, #halloweencostume;5;;0;;0;166;11;12;48;19300;237;0.01227979274611399;Low;104;Long;2025-11-01 06:15:08+00:00;2025-11-01 13:15:08+07:00;2025-11-01;2025.0;11.0;13.0;Saturday
7.504904841190215e+18;https://www.tiktok.com/@mymup.review/video/7504904841190214930;mymup.review;Sữa dinh dưỡng dành cho người lớn TH True Milk Gold với 6 lợi ích phù hợp với nhu cầu sức khoẻ của người lớn tuổi #thtruemilk #suanguoilon #suachonguoigia #suanguoigia #suanguoilontuoi #suadinhduong #ongmybamup #mymupreview #mymupdaily ;Sữa dinh dưỡng dành cho người lớn TH True Milk Gold với 6 lợi ích phù hợp với nhu cầu sức khoẻ của người lớn tuổi #thtruemilk #suanguoilon #suachonguoigia #suanguoigia #suanguoilontuoi #suadinhduong #ongmybamup #mymupreview #mymupdaily;True;#thtruemilk, #suanguoilon, #suachonguoigia, #suanguoigia, #suanguoilontuoi, #suadinhduong, #ongmybamup, #mymupreview, #mymupdaily;9;;0;;0;109;15;23;17;38800;164;0.0042268041237113405;Medium;31;Medium;2025-05-16 05:03:49+00:00;2025-05-16 12:03:49+07:00;2025-05-16;2025.0;5.0;12.0;Friday
7.275711506296196e+18;https://www.tiktok.com/@lovesnack00/video/7275711506296196359;lovesnack00;Th True milk Dâu #ancungtiktok ;Th True milk Dâu #ancungtiktok;True;#ancungtiktok;1;;0;;0;98;6;102;14;23800;220;0.009243697478991597;Low;19;Short;2023-09-06 13:56:36+00:00;2023-09-06 20:56:36+07:00;2023-09-06;2023.0;9.0;20.0;Wednesday
7.288158116774989e+18;https://www.tiktok.com/@th.true.mart/video/7288158116774989074;th.true.mart;Giải đáp các thắc mắc về hiện tượng của sản phẩm TH true MILK HILO ;Giải đáp các thắc mắc về hiện tượng của sản phẩm TH true MILK HILO;True;;0;;0;;0;661;27;120;80;125100;888;0.0070983213429256595;Medium;122;Long;2023-10-10 02:55:49+00:00;2023-10-10 09:55:49+07:00;2023-10-10;2023.0;10.0;9.0;Tuesday
7.54777063404718e+18;https://www.tiktok.com/@th_trip59/video/7547770634047180039;th_trip59;@xuanmai  xin lỗi vì lớn tuổi hơn #abcxyz #xuhuong #xhuong #xh ;@xuanmai xin lỗi vì lớn tuổi hơn #abcxyz #xuhuong #xhuong #xh;True;#abcxyz, #xuhuong, #xhuong, #xh;4;@xuanmai;1;;0;588;35;167;84;29400;874;0.029727891156462585;Medium;13;Very short;2025-09-08 17:24:59+00:00;2025-09-09 00:24:59+07:00;2025-09-09;2025.0;9.0;0.0;Tuesday
7.578252002145095e+18;https://www.tiktok.com/@trewy_3/video/7578252002145094934;trewy_3;Bru I love Ts #milk #raw #rawmilk #ilikeitraw #fyp ;Bru I love Ts #milk #raw #rawmilk #ilikeitraw #fyp;True;#milk, #raw, #rawmilk, #ilikeitraw, #fyp;5;;0;;0;1044;38;53;59;13200;1194;0.09045454545454545;Low;12;Very short;2025-11-29 20:48:14+00:00;2025-11-30 03:48:14+07:00;2025-11-30;2025.0;11.0;3.0;Sunday
7.630664878415465e+18;https://www.tiktok.com/@ming170797/video/7630664878415465749;ming170797;#capcut ;#capcut;True;#capcut;1;;0;;0;778;14;15;35;9848;842;0.0854995938261576;Low;17;Short;2026-04-20 02:37:05+00:00;2026-04-20 09:37:05+07:00;2026-04-20;2026.0;4.0;9.0;Monday
7.64346331069573e+18;https://www.tiktok.com/@thanhdung10108/video/7643463310695730440;thanhdung10108;No caption;No caption;False;;0;;0;;0;12;2;0;1;131;15;0.11450381679389313;Low;35;Medium;2026-05-24 14:21:28+00:00;2026-05-24 21:21:28+07:00;2026-05-24;2026.0;5.0;21.0;Sunday
7.348386598096047e+18;https://www.tiktok.com/@annhien2018/video/7348386598096047361;annhien2018;"Sữa Th True Milk ít đường 
#thtruemilk #xuhuongtiktok #visuckhoe ";Sữa Th True Milk ít đường #thtruemilk #xuhuongtiktok #visuckhoe;True;#thtruemilk, #xuhuongtiktok, #visuckhoe;3;;0;;0;20;9;11;6;5988;46;0.007682030728122912;Low;19;Short;2024-03-20 10:13:11+00:00;2024-03-20 17:13:11+07:00;2024-03-20;2024.0;3.0;17.0;Wednesday
7.52006492260508e+18;https://www.tiktok.com/@bbishark.doodoo/video/7520064922605079815;bbishark.doodoo;Chấm điểm các loại kem mình đang có =))) #xuhuong #fyp #trending #anuong #review #kem #rating #thtruemilk #anvat ;Chấm điểm các loại kem mình đang có =))) #xuhuong #fyp #trending #anuong #review #kem #rating #thtruemilk #anvat;True;#xuhuong, #fyp, #trending, #anuong, #review, #kem, #rating, #thtruemilk, #anvat;9;;0;;0;24800;120;626;1576;562200;27122;0.04824261828530772;Medium;161;Long;2025-06-26 01:32:42+00:00;2025-06-26 08:32:42+07:00;2025-06-26;2025.0;6.0;8.0;Thursday
7.579574944506334e+18;https://www.tiktok.com/@th.official.channel/video/7579574944506334471;th.official.channel;"""Topping"" năng lượng khám phá, mở khoá hơn 200.000 quà tặng - Chương trình kết thúc ngày 15/02/2026";"""Topping"" năng lượng khám phá, mở khoá hơn 200.000 quà tặng - Chương trình kết thúc ngày 15/02/2026";True;;0;;0;;0;28200;350;2354;2463;35800000;33367;0.0009320391061452514;Very High;28;Short;2025-12-03 10:21:58+00:00;2025-12-03 17:21:58+07:00;2025-12-03;2025.0;12.0;17.0;Wednesday
7.57957462006858e+18;https://www.tiktok.com/@th.official.channel/video/7579574620068580615;th.official.channel;"""Topping"" năng lượng khám phá, mở khoá hơn 200.000 quà tặng - Chương trình kết thúc ngày 15/02/2026";"""Topping"" năng lượng khám phá, mở khoá hơn 200.000 quà tặng - Chương trình kết thúc ngày 15/02/2026";True;;0;;0;;0;30000;572;3121;2687;34800000;36380;0.0010454022988505747;Very High;22;Short;2025-12-03 10:20:41+00:00;2025-12-03 17:20:41+07:00;2025-12-03;2025.0;12.0;17.0;Wednesday
7.579574123576266e+18;https://www.tiktok.com/@th.official.channel/video/7579574123576266002;th.official.channel;"""Topping"" năng lượng khám phá, mở khoá hơn 200.000 quà tặng - Chương trình kết thúc ngày 15/02/2026";"""Topping"" năng lượng khám phá, mở khoá hơn 200.000 quà tặng - Chương trình kết thúc ngày 15/02/2026";True;;0;;0;;0;25000;213;2110;2305;43200000;29628;0.0006858333333333333;Very High;17;Short;2025-12-03 10:18:48+00:00;2025-12-03 17:18:48+07:00;2025-12-03;2025.0;12.0;17.0;Wednesday
7.579573903375273e+18;https://www.tiktok.com/@th.official.channel/video/7579573903375273223;th.official.channel;"""Topping"" năng lượng khám phá, mở khoá hơn 200.000 quà tặng - Chương trình kết thúc ngày 15/02/2026";"""Topping"" năng lượng khám phá, mở khoá hơn 200.000 quà tặng - Chương trình kết thúc ngày 15/02/2026";True;;0;;0;;0;22600;228;1980;2032;32700000;26840;0.0008207951070336391;Very High;21;Short;2025-12-03 10:17:54+00:00;2025-12-03 17:17:54+07:00;2025-12-03;2025.0;12.0;17.0;Wednesday
7.576970941272477e+18;https://www.tiktok.com/@th.official.channel/video/7576970941272476935;th.official.channel;Cùng phô mai tươi tự nhiên TH true CHEESE và bơ lạt tự nhiên TH true BUTTER chế biến vạn món ngon. #THtrueBUTTER #bolat #THtrueCHEESE #phomai #cheese ;Cùng phô mai tươi tự nhiên TH true CHEESE và bơ lạt tự nhiên TH true BUTTER chế biến vạn món ngon. #THtrueBUTTER #bolat #THtrueCHEESE #phomai #cheese;True;#THtrueBUTTER, #bolat, #THtrueCHEESE, #phomai, #cheese;5;;0;;0;3006;50;930;374;7500000;4360;0.0005813333333333333;High;16;Short;2025-11-26 09:57:05+00:00;2025-11-26 16:57:05+07:00;2025-11-26;2025.0;11.0;16.0;Wednesday
7.576970261170343e+18;https://www.tiktok.com/@th.official.channel/video/7576970261170343175;th.official.channel;Bơ lạt tự nhiên TH true BUTTER - Vui trọn món ngon. #THtrueBUTTER #bolattunhien ;Bơ lạt tự nhiên TH true BUTTER - Vui trọn món ngon. #THtrueBUTTER #bolattunhien;True;#THtrueBUTTER, #bolattunhien;2;;0;;0;2901;54;912;363;7500000;4230;0.000564;High;6;Very short;2025-11-26 09:54:29+00:00;2025-11-26 16:54:29+07:00;2025-11-26;2025.0;11.0;16.0;Wednesday
7.576879275601645e+18;https://www.tiktok.com/@th.official.channel/video/7576879275601644808;th.official.channel;Phô mai tươi tự nhiên TH true CHEESE - vui trọn món ngon. #THtrueCHEESE #phomaituoitunhien ;Phô mai tươi tự nhiên TH true CHEESE - vui trọn món ngon. #THtrueCHEESE #phomaituoitunhien;True;#THtrueCHEESE, #phomaituoitunhien;2;;0;;0;3066;49;876;363;7800000;4354;0.0005582051282051282;High;7;Very short;2025-11-26 04:01:23+00:00;2025-11-26 11:01:23+07:00;2025-11-26;2025.0;11.0;11.0;Wednesday
7.5743700786999e+18;https://www.tiktok.com/@th.official.channel/video/7574370078699900180;th.official.channel;"TH true YOGURT TOP CUP - Trải Nghiệm Cao Cấp 
#THtrueYOGURT #THtrueYOGURTTOPCUP #TraiNghiemCaoCap";TH true YOGURT TOP CUP - Trải Nghiệm Cao Cấp #THtrueYOGURT #THtrueYOGURTTOPCUP #TraiNghiemCaoCap;True;#THtrueYOGURT, #THtrueYOGURTTOPCUP, #TraiNghiemCaoCap;3;;0;;0;367;58;111;42;631500;578;0.0009152810768012668;Medium;15;Very short;2025-11-19 09:44:24+00:00;2025-11-19 16:44:24+07:00;2025-11-19;2025.0;11.0;16.0;Wednesday
7.573912273899556e+18;https://www.tiktok.com/@th.official.channel/video/7573912273899556104;th.official.channel;Nước uống Sữa trái cây TH true JUICE milk - Nguồn năng lượng hoàn toàn từ thiên nhiên;Nước uống Sữa trái cây TH true JUICE milk - Nguồn năng lượng hoàn toàn từ thiên nhiên;True;;0;;0;;0;2068;39;168;232;5000000;2507;0.0005014;High;14;Very short;2025-11-18 04:07:56+00:00;2025-11-18 11:07:56+07:00;2025-11-18;2025.0;11.0;11.0;Tuesday
7.571799725461097e+18;https://www.tiktok.com/@th.official.channel/video/7571799725461097748;th.official.channel;"Sữa Chua Kem Ngậy Tự Nhiên TH true YOGURT Creamy Mới – Vị Ngon Ngất Ngây
#THtrueYOGURT #ViNgonThatSuThienNhien";Sữa Chua Kem Ngậy Tự Nhiên TH true YOGURT Creamy Mới – Vị Ngon Ngất Ngây #THtrueYOGURT #ViNgonThatSuThienNhien;True;#THtrueYOGURT, #ViNgonThatSuThienNhien;2;;0;;0;14100;152;4738;1496;33300000;20486;0.0006151951951951952;Very High;15;Very short;2025-11-12 11:30:09+00:00;2025-11-12 18:30:09+07:00;2025-11-12;2025.0;11.0;18.0;Wednesday
7.571799434061696e+18;https://www.tiktok.com/@th.official.channel/video/7571799434061696277;th.official.channel;"Sữa Chua Kem Ngậy Tự Nhiên TH true YOGURT Creamy Mới – Vị Ngon Ngất Ngây
#THtrueYOGURT #ViNgonThatSuThienNhien";Sữa Chua Kem Ngậy Tự Nhiên TH true YOGURT Creamy Mới – Vị Ngon Ngất Ngây #THtrueYOGURT #ViNgonThatSuThienNhien;True;#THtrueYOGURT, #ViNgonThatSuThienNhien;2;;0;;0;11600;190;5218;1387;31800000;18395;0.0005784591194968554;Very High;15;Very short;2025-11-12 11:28:58+00:00;2025-11-12 18:28:58+07:00;2025-11-12;2025.0;11.0;18.0;Wednesday
7.571799237529325e+18;https://www.tiktok.com/@th.official.channel/video/7571799237529324821;th.official.channel;"Sữa Chua Kem Ngậy Tự Nhiên TH true YOGURT Creamy Mới – Vị Ngon Ngất Ngây
#THtrueYOGURT #ViNgonThatSuThienNhien";Sữa Chua Kem Ngậy Tự Nhiên TH true YOGURT Creamy Mới – Vị Ngon Ngất Ngây #THtrueYOGURT #ViNgonThatSuThienNhien;True;#THtrueYOGURT, #ViNgonThatSuThienNhien;2;;0;;0;13000;172;3507;1379;30300000;18058;0.000595973597359736;Very High;30;Short;2025-11-12 11:28:15+00:00;2025-11-12 18:28:15+07:00;2025-11-12;2025.0;11.0;18.0;Wednesday
7.571798489558978e+18;https://www.tiktok.com/@th.official.channel/video/7571798489558977813;th.official.channel;"Bộ Sữa Chua Men Sống TH true YOGURT - Bổ Sung Lợi Khuẩn, Hỗ Trợ Tiêu Hóa Và Miễn Dịch
#THtrueYOGURT #ViNgonThatSuThienNhien";Bộ Sữa Chua Men Sống TH true YOGURT - Bổ Sung Lợi Khuẩn, Hỗ Trợ Tiêu Hóa Và Miễn Dịch #THtrueYOGURT #ViNgonThatSuThienNhien;True;#THtrueYOGURT, #ViNgonThatSuThienNhien;2;;0;;0;8172;90;2220;1012;24900000;11494;0.00046160642570281126;Very High;15;Very short;2025-11-12 11:25:20+00:00;2025-11-12 18:25:20+07:00;2025-11-12;2025.0;11.0;18.0;Wednesday
7.571798235933658e+18;https://www.tiktok.com/@th.official.channel/video/7571798235933658389;th.official.channel;"Bộ Sữa Chua Men Sống TH true YOGURT - Bổ Sung Lợi Khuẩn, Hỗ Trợ Tiêu Hóa Và Miễn Dịch
#THtrueYOGURT #ViNgonThatSuThienNhien";Bộ Sữa Chua Men Sống TH true YOGURT - Bổ Sung Lợi Khuẩn, Hỗ Trợ Tiêu Hóa Và Miễn Dịch #THtrueYOGURT #ViNgonThatSuThienNhien;True;#THtrueYOGURT, #ViNgonThatSuThienNhien;2;;0;;0;7686;112;1903;949;23500000;10650;0.0004531914893617021;Very High;15;Very short;2025-11-12 11:24:21+00:00;2025-11-12 18:24:21+07:00;2025-11-12;2025.0;11.0;18.0;Wednesday
7.571411321577606e+18;https://www.tiktok.com/@th.official.channel/video/7571411321577606407;th.official.channel;Thức Uống Sữa Trái Cây Thạch TH MISTORI mới với thạch dừa giòn ngon, nhai cực cuốn uống cực ngon.;Thức Uống Sữa Trái Cây Thạch TH MISTORI mới với thạch dừa giòn ngon, nhai cực cuốn uống cực ngon.;True;;0;;0;;0;1348;36;161;169;3800000;1714;0.00045105263157894736;High;13;Very short;2025-11-11 10:22:57+00:00;2025-11-11 17:22:57+07:00;2025-11-11;2025.0;11.0;17.0;Tuesday
7.571410454140997e+18;https://www.tiktok.com/@th.official.channel/video/7571410454140996882;th.official.channel;Uống Thức Uống Sữa Trái Cây Thạch TH MISTORI mới với thạch dừa giòn ngon. Cùng rinh quà xịn, săn thẻ boardgame vui nào các bạn ơi.;Uống Thức Uống Sữa Trái Cây Thạch TH MISTORI mới với thạch dừa giòn ngon. Cùng rinh quà xịn, săn thẻ boardgame vui nào các bạn ơi.;True;;0;;0;;0;940;36;124;141;3100000;1241;0.0004003225806451613;High;13;Very short;2025-11-11 10:19:35+00:00;2025-11-11 17:19:35+07:00;2025-11-11;2025.0;11.0;17.0;Tuesday
7.571408574497263e+18;https://www.tiktok.com/@th.official.channel/video/7571408574497262855;th.official.channel;Uống Thức Uống Sữa Trái Cây Thạch TH MISTORI mới và rinh quà xịn, săn thẻ boardgame vui;Uống Thức Uống Sữa Trái Cây Thạch TH MISTORI mới và rinh quà xịn, săn thẻ boardgame vui;True;;0;;0;;0;1106;19;83;147;3200000;1355;0.0004234375;High;25;Short;2025-11-11 10:12:16+00:00;2025-11-11 17:12:16+07:00;2025-11-11;2025.0;11.0;17.0;Tuesday
7.571403114742418e+18;https://www.tiktok.com/@th.official.channel/video/7571403114742418695;th.official.channel;Được làm hoàn toàn từ sữa tươi trang trại, sạch, nguyên chất theo chuẩn của Trang trại TH, sữa tươi sạch TH true MILK giữ vẹn nguyên dưỡng chất và tinh tuý từ thiên nhiên, tốt cho sức khoẻ cả gia đình.;Được làm hoàn toàn từ sữa tươi trang trại, sạch, nguyên chất theo chuẩn của Trang trại TH, sữa tươi sạch TH true MILK giữ vẹn nguyên dưỡng chất và tinh tuý từ thiên nhiên, tốt cho sức khoẻ cả gia đình.;True;;0;;0;;0;4924;30;1259;742;12800000;6955;0.000543359375;Very High;15;Very short;2025-11-11 09:51:06+00:00;2025-11-11 16:51:06+07:00;2025-11-11;2025.0;11.0;16.0;Tuesday
7.571403104206196e+18;https://www.tiktok.com/@th.official.channel/video/7571403104206195976;th.official.channel;Được làm hoàn toàn từ sữa tươi trang trại, sạch, nguyên chất theo chuẩn của Trang trại TH, sữa tươi sạch TH true MILK giữ vẹn nguyên dưỡng chất và tinh tuý từ thiên nhiên, tốt cho sức khoẻ cả gia đình.;Được làm hoàn toàn từ sữa tươi trang trại, sạch, nguyên chất theo chuẩn của Trang trại TH, sữa tươi sạch TH true MILK giữ vẹn nguyên dưỡng chất và tinh tuý từ thiên nhiên, tốt cho sức khoẻ cả gia đình.;True;;0;;0;;0;5299;46;1542;675;12700000;7562;0.0005954330708661418;Very High;15;Very short;2025-11-11 09:51:03+00:00;2025-11-11 16:51:03+07:00;2025-11-11;2025.0;11.0;16.0;Tuesday
7.571401194506161e+18;https://www.tiktok.com/@th.official.channel/video/7571401194506161416;th.official.channel;Được làm hoàn toàn từ sữa tươi trang trại, sạch, nguyên chất theo chuẩn của Trang trại TH, sữa tươi sạch TH true MILK giữ vẹn nguyên dưỡng chất và tinh tuý từ thiên nhiên, tốt cho sức khoẻ cả gia đình.;Được làm hoàn toàn từ sữa tươi trang trại, sạch, nguyên chất theo chuẩn của Trang trại TH, sữa tươi sạch TH true MILK giữ vẹn nguyên dưỡng chất và tinh tuý từ thiên nhiên, tốt cho sức khoẻ cả gia đình.;True;;0;;0;;0;494;12;99;77;1200000;682;0.0005683333333333333;Medium;20;Short;2025-11-11 09:43:40+00:00;2025-11-11 16:43:40+07:00;2025-11-11;2025.0;11.0;16.0;Tuesday
7.571364473156472e+18;https://www.tiktok.com/@th.official.channel/video/7571364473156472072;th.official.channel;Trà tự nhiên TH true TEA - Đậm đà vị trà tự nhiên;Trà tự nhiên TH true TEA - Đậm đà vị trà tự nhiên;True;;0;;0;;0;12900;34;1231;716;14500000;14881;0.0010262758620689656;Very High;36;Medium;2025-11-11 07:21:10+00:00;2025-11-11 14:21:10+07:00;2025-11-11;2025.0;11.0;14.0;Tuesday
7.571362821632445e+18;https://www.tiktok.com/@th.official.channel/video/7571362821632445703;th.official.channel;Trà tự nhiên TH true TEA - Đậm đà vị trà tự nhiên;Trà tự nhiên TH true TEA - Đậm đà vị trà tự nhiên;True;;0;;0;;0;7569;80;1937;631;12900000;10217;0.000792015503875969;Very High;21;Short;2025-11-11 07:14:45+00:00;2025-11-11 14:14:45+07:00;2025-11-11;2025.0;11.0;14.0;Tuesday
7.571357583106231e+18;https://www.tiktok.com/@th.official.channel/video/7571357583106231560;th.official.channel;Trà tự nhiên TH true TEA - Đậm đà vị trà tự nhiên;Trà tự nhiên TH true TEA - Đậm đà vị trà tự nhiên;True;;0;;0;;0;6555;67;1538;604;12700000;8764;0.0006900787401574803;Very High;23;Short;2025-11-11 06:54:28+00:00;2025-11-11 13:54:28+07:00;2025-11-11;2025.0;11.0;13.0;Tuesday
7.571356921832164e+18;https://www.tiktok.com/@th.official.channel/video/7571356921832164615;th.official.channel;Trà tự nhiên TH true TEA - Đậm đà vị trà tự nhiên;Trà tự nhiên TH true TEA - Đậm đà vị trà tự nhiên;True;;0;;0;;0;6782;54;2063;582;12900000;9481;0.0007349612403100775;Very High;21;Short;2025-11-11 06:51:53+00:00;2025-11-11 13:51:53+07:00;2025-11-11;2025.0;11.0;13.0;Tuesday
7.571356136666861e+18;https://www.tiktok.com/@th.official.channel/video/7571356136666860818;th.official.channel;Trà tự nhiên TH true TEA - Đậm đà vị trà tự nhiên;Trà tự nhiên TH true TEA - Đậm đà vị trà tự nhiên;True;;0;;0;;0;6954;22;1148;495;12800000;8619;0.000673359375;Very High;21;Short;2025-11-11 06:48:47+00:00;2025-11-11 13:48:47+07:00;2025-11-11;2025.0;11.0;13.0;Tuesday
7.570049457266478e+18;https://www.tiktok.com/@th.official.channel/video/7570049457266478354;th.official.channel;"Bộ Sữa Chua Men Sống TH true YOGURT - Bổ Sung Lợi Khuẩn, Hỗ Trợ Tiêu Hóa Và Miễn Dịch
#THtrueYOGURT #ViNgonThatSuThienNhien";Bộ Sữa Chua Men Sống TH true YOGURT - Bổ Sung Lợi Khuẩn, Hỗ Trợ Tiêu Hóa Và Miễn Dịch #THtrueYOGURT #ViNgonThatSuThienNhien;True;#THtrueYOGURT, #ViNgonThatSuThienNhien;2;;0;;0;7975;91;2089;984;22300000;11139;0.000499506726457399;Very High;30;Short;2025-11-07 18:18:12+00:00;2025-11-08 01:18:12+07:00;2025-11-08;2025.0;11.0;1.0;Saturday
7.569897249149439e+18;https://www.tiktok.com/@th.official.channel/video/7569897249149439239;th.official.channel;Thức Uống Sữa Trái Cây Thạch TH true JUICE milk MISTORI mới - Thạch Dừa Giòn Ngon;Thức Uống Sữa Trái Cây Thạch TH true JUICE milk MISTORI mới - Thạch Dừa Giòn Ngon;True;;0;;0;;0;2708;94;274;332;7200000;3408;0.0004733333333333333;High;23;Short;2025-11-07 08:27:37+00:00;2025-11-07 15:27:37+07:00;2025-11-07;2025.0;11.0;15.0;Friday
7.569888240287698e+18;https://www.tiktok.com/@th.official.channel/video/7569888240287698184;th.official.channel;"Sữa Chua Uống Tiệt Trùng TH true YOGURT TOPKID - KHOẺ MẠNH TỰ NHIÊN
- Lên men tự nhiên, dễ dàng tiêu hoá.
- Bổ sung vitamin B6, B12 giúp tăng cường trao đổi chất và chuyển hoá năng lượng.
- Calci hỗ trợ phát triển hệ xương chắc khoẻ.";Sữa Chua Uống Tiệt Trùng TH true YOGURT TOPKID - KHOẺ MẠNH TỰ NHIÊN - Lên men tự nhiên, dễ dàng tiêu hoá. - Bổ sung vitamin B6, B12 giúp tăng cường trao đổi chất và chuyển hoá năng lượng. - Calci hỗ trợ phát triển hệ xương chắc khoẻ.;True;;0;;0;;0;18000;97;5538;2145;50800000;25780;0.0005074803149606299;Very High;28;Short;2025-11-07 07:52:37+00:00;2025-11-07 14:52:37+07:00;2025-11-07;2025.0;11.0;14.0;Friday
7.569888187946896e+18;https://www.tiktok.com/@th.official.channel/video/7569888187946896647;th.official.channel;"Sữa Chua Uống Tiệt Trùng TH true YOGURT TOPKID - KHOẺ MẠNH TỰ NHIÊN
- Lên men tự nhiên, dễ dàng tiêu hoá.
- Bổ sung vitamin B6, B12 giúp tăng cường trao đổi chất và chuyển hoá năng lượng.
- Calci hỗ trợ phát triển hệ xương chắc khoẻ.";Sữa Chua Uống Tiệt Trùng TH true YOGURT TOPKID - KHOẺ MẠNH TỰ NHIÊN - Lên men tự nhiên, dễ dàng tiêu hoá. - Bổ sung vitamin B6, B12 giúp tăng cường trao đổi chất và chuyển hoá năng lượng. - Calci hỗ trợ phát triển hệ xương chắc khoẻ.;True;;0;;0;;0;16800;59;5013;2116;50300000;23988;0.0004768986083499006;Very High;30;Short;2025-11-07 07:52:24+00:00;2025-11-07 14:52:24+07:00;2025-11-07;2025.0;11.0;14.0;Friday
7.569888117813939e+18;https://www.tiktok.com/@th.official.channel/video/7569888117813939474;th.official.channel;"Sữa Chua Uống Tiệt Trùng TH true YOGURT TOPKID - KHOẺ MẠNH TỰ NHIÊN
- Lên men tự nhiên, dễ dàng tiêu hoá.
- Bổ sung vitamin B6, B12 giúp tăng cường trao đổi chất và chuyển hoá năng lượng.
- Calci hỗ trợ phát triển hệ xương chắc khoẻ.";Sữa Chua Uống Tiệt Trùng TH true YOGURT TOPKID - KHOẺ MẠNH TỰ NHIÊN - Lên men tự nhiên, dễ dàng tiêu hoá. - Bổ sung vitamin B6, B12 giúp tăng cường trao đổi chất và chuyển hoá năng lượng. - Calci hỗ trợ phát triển hệ xương chắc khoẻ.;True;;0;;0;;0;17700;88;4351;2195;50800000;24334;0.0004790157480314961;Very High;33;Medium;2025-11-07 07:52:07+00:00;2025-11-07 14:52:07+07:00;2025-11-07;2025.0;11.0;14.0;Friday
7.56988805610747e+18;https://www.tiktok.com/@th.official.channel/video/7569888056107470087;th.official.channel;Uống TH MISTORI - Rinh Quà Xịn Săn Thẻ Boardgame vui: Mua 1 thùng TH MISTORI 110 ml tặng 1 hộp bút - Mua 1 thùng TH MISTORI 180 ml tặng 1 balo;Uống TH MISTORI - Rinh Quà Xịn Săn Thẻ Boardgame vui: Mua 1 thùng TH MISTORI 110 ml tặng 1 hộp bút - Mua 1 thùng TH MISTORI 180 ml tặng 1 balo;True;;0;;0;;0;21;9;11;2;12700;43;0.0033858267716535433;Low;19;Short;2025-11-07 07:51:54+00:00;2025-11-07 14:51:54+07:00;2025-11-07;2025.0;11.0;14.0;Friday
7.569888018061118e+18;https://www.tiktok.com/@th.official.channel/video/7569888018061118727;th.official.channel;"Sữa Chua Uống Tiệt Trùng TH true YOGURT TOPKID - KHOẺ MẠNH TỰ NHIÊN
- Lên men tự nhiên, dễ dàng tiêu hoá.
- Bổ sung vitamin B6, B12 giúp tăng cường trao đổi chất và chuyển hoá năng lượng.
- Calci hỗ trợ phát triển hệ xương chắc khoẻ.";Sữa Chua Uống Tiệt Trùng TH true YOGURT TOPKID - KHOẺ MẠNH TỰ NHIÊN - Lên men tự nhiên, dễ dàng tiêu hoá. - Bổ sung vitamin B6, B12 giúp tăng cường trao đổi chất và chuyển hoá năng lượng. - Calci hỗ trợ phát triển hệ xương chắc khoẻ.;True;;0;;0;;0;14900;130;5721;1959;48200000;22710;0.0004711618257261411;Very High;31;Medium;2025-11-07 07:51:47+00:00;2025-11-07 14:51:47+07:00;2025-11-07;2025.0;11.0;14.0;Friday
7.568452800556928e+18;https://www.tiktok.com/@th.official.channel/video/7568452800556928264;th.official.channel;"Sữa Chua Ăn Ít Béo TH true YOGURT - VỊ Ngon Thật Sự Thiên Nhiên
#THtrueYOGURT #ViNgonThatSuThienNhien";Sữa Chua Ăn Ít Béo TH true YOGURT - VỊ Ngon Thật Sự Thiên Nhiên #THtrueYOGURT #ViNgonThatSuThienNhien;True;#THtrueYOGURT, #ViNgonThatSuThienNhien;2;;0;;0;824;18;249;84;1500000;1175;0.0007833333333333334;High;15;Very short;2025-11-03 11:02:21+00:00;2025-11-03 18:02:21+07:00;2025-11-03;2025.0;11.0;18.0;Monday
7.566973251721629e+18;https://www.tiktok.com/@th.official.channel/video/7566973251721628936;th.official.channel;Sữa Chua Ít Đường TH true YOGURT - Vị Ngon Thật Sự Thiên Nhiên #THtrueYOGURT #ViNgonThatSuThienNhien;Sữa Chua Ít Đường TH true YOGURT - Vị Ngon Thật Sự Thiên Nhiên #THtrueYOGURT #ViNgonThatSuThienNhien;True;#THtrueYOGURT, #ViNgonThatSuThienNhien;2;;0;;0;984;28;465;106;1800000;1583;0.0008794444444444444;High;15;Very short;2025-10-30 11:20:56+00:00;2025-10-30 18:20:56+07:00;2025-10-30;2025.0;10.0;18.0;Thursday
7.566972797575089e+18;https://www.tiktok.com/@th.official.channel/video/7566972797575089416;th.official.channel;"Sữa Chua Táo Sơ Ri TH true YOGURT - Vị Ngon Thật Sự Thiên Nhiên 
#THtrueYOGURT #ViNgonThatSuThienNhien";Sữa Chua Táo Sơ Ri TH true YOGURT - Vị Ngon Thật Sự Thiên Nhiên #THtrueYOGURT #ViNgonThatSuThienNhien;True;#THtrueYOGURT, #ViNgonThatSuThienNhien;2;;0;;0;1202;39;715;114;2100000;2070;0.0009857142857142857;High;15;Very short;2025-10-30 11:19:10+00:00;2025-10-30 18:19:10+07:00;2025-10-30;2025.0;10.0;18.0;Thursday
7.566964970370502e+18;https://www.tiktok.com/@th.official.channel/video/7566964970370501896;th.official.channel;No caption;No caption;False;;0;;0;;0;4367;44;1175;520;9600000;6106;0.0006360416666666667;High;10;Very short;2025-10-30 10:48:48+00:00;2025-10-30 17:48:48+07:00;2025-10-30;2025.0;10.0;17.0;Thursday
7.566964248107109e+18;https://www.tiktok.com/@th.official.channel/video/7566964248107109650;th.official.channel;No caption;No caption;False;;0;;0;;0;4881;43;704;457;10000000;6085;0.0006085;High;10;Very short;2025-10-30 10:45:59+00:00;2025-10-30 17:45:59+07:00;2025-10-30;2025.0;10.0;17.0;Thursday
7.566963867327385e+18;https://www.tiktok.com/@th.official.channel/video/7566963867327384839;th.official.channel;No caption;No caption;False;;0;;0;;0;4882;66;1034;518;9700000;6500;0.0006701030927835052;High;10;Very short;2025-10-30 10:44:33+00:00;2025-10-30 17:44:33+07:00;2025-10-30;2025.0;10.0;17.0;Thursday
7.566206004367543e+18;https://www.tiktok.com/@th.official.channel/video/7566206004367543560;th.official.channel;Uống Mistori – Rinh quà xịn, săn thẻ boardgame vui;Uống Mistori – Rinh quà xịn, săn thẻ boardgame vui;True;;0;;0;;0;6090;43;439;626;14500000;7198;0.0004964137931034483;Very High;19;Short;2025-10-28 09:43:38+00:00;2025-10-28 16:43:38+07:00;2025-10-28;2025.0;10.0;16.0;Tuesday
7.563192372021005e+18;https://www.tiktok.com/@th.official.channel/video/7563192372021005586;th.official.channel;Hành trình đến với trang trại TH - Thật Sự Thiên Nhiên;Hành trình đến với trang trại TH - Thật Sự Thiên Nhiên;True;;0;;0;;0;15600;96;1929;1969;27600000;19594;0.000709927536231884;Very High;61;Long;2025-10-20 06:49:15+00:00;2025-10-20 13:49:15+07:00;2025-10-20;2025.0;10.0;13.0;Monday
7.563192362336407e+18;https://www.tiktok.com/@th.official.channel/video/7563192362336406802;th.official.channel;Một ngày ghé thăm trang trại TH - Thật Sự Thiên Nhiên;Một ngày ghé thăm trang trại TH - Thật Sự Thiên Nhiên;True;;0;;0;;0;6434;62;1036;980;12200000;8512;0.0006977049180327869;Very High;31;Medium;2025-10-20 06:49:12+00:00;2025-10-20 13:49:12+07:00;2025-10-20;2025.0;10.0;13.0;Monday
7.563192339418664e+18;https://www.tiktok.com/@th.official.channel/video/7563192339418664199;th.official.channel;Cùng hòa cùng thiên nhiên bao la rộng lớn tại trang trại TH;Cùng hòa cùng thiên nhiên bao la rộng lớn tại trang trại TH;True;;0;;0;;0;18800;114;3472;1979;28000000;24365;0.0008701785714285714;Very High;31;Medium;2025-10-20 06:49:07+00:00;2025-10-20 13:49:07+07:00;2025-10-20;2025.0;10.0;13.0;Monday
7.562145106124459e+18;https://www.tiktok.com/@th.official.channel/video/7562145106124459285;th.official.channel;"Hoạt động gieo hạt hướng dương đã được triển khai tại trang trại TH. Hẹn các bạn vào mùa hoa rực rỡ tại Nghĩa Lâm, Nghệ An tháng 12 này nhé! 
#THtrueMILK #thfarm #hoahuongduong #lehoi ";Hoạt động gieo hạt hướng dương đã được triển khai tại trang trại TH. Hẹn các bạn vào mùa hoa rực rỡ tại Nghĩa Lâm, Nghệ An tháng 12 này nhé! #THtrueMILK #thfarm #hoahuongduong #lehoi;True;#THtrueMILK, #thfarm, #hoahuongduong, #lehoi;4;;0;;0;65;29;67;14;12400;175;0.014112903225806451;Low;39;Medium;2025-10-17 11:05:17+00:00;2025-10-17 18:05:17+07:00;2025-10-17;2025.0;10.0;18.0;Friday
7.558687245859818e+18;https://www.tiktok.com/@th.official.channel/video/7558687245859818759;th.official.channel;Sản phẩm dinh dưỡng công thức từ sữa tươi TH true FORMULA - Dinh dưỡng vàng cho trẻ phát triển toàn diện.#thtrueformula ;Sản phẩm dinh dưỡng công thức từ sữa tươi TH true FORMULA - Dinh dưỡng vàng cho trẻ phát triển toàn diện.#thtrueformula;True;#thtrueformula;1;;0;;0;3948;111;1178;360;8500000;5597;0.0006584705882352941;High;30;Short;2025-10-08 03:27:04+00:00;2025-10-08 10:27:04+07:00;2025-10-08;2025.0;10.0;10.0;Wednesday
7.558686524817133e+18;https://www.tiktok.com/@th.official.channel/video/7558686524817132808;th.official.channel;Sản phẩm dinh dưỡng công thức TH true FORMULA hỗ trợ tăng cường đề kháng giúp trẻ khoẻ mạnh hơn.#thtrueformula ;Sản phẩm dinh dưỡng công thức TH true FORMULA hỗ trợ tăng cường đề kháng giúp trẻ khoẻ mạnh hơn.#thtrueformula;True;#thtrueformula;1;;0;;0;4945;57;1331;398;10400000;6731;0.0006472115384615385;High;17;Short;2025-10-08 03:24:19+00:00;2025-10-08 10:24:19+07:00;2025-10-08;2025.0;10.0;10.0;Wednesday
7.558685391813873e+18;https://www.tiktok.com/@th.official.channel/video/7558685391813872904;th.official.channel;Sản phẩm dinh dưỡng công thức TH true FORMULA hỗ trợ tiêu hoá và hấp thu tốt cho bé.#thtrueformula ;Sản phẩm dinh dưỡng công thức TH true FORMULA hỗ trợ tiêu hoá và hấp thu tốt cho bé.#thtrueformula;True;#thtrueformula;1;;0;;0;3660;63;562;399;9100000;4684;0.0005147252747252747;High;17;Short;2025-10-08 03:19:52+00:00;2025-10-08 10:19:52+07:00;2025-10-08;2025.0;10.0;10.0;Wednesday
7.558684866406125e+18;https://www.tiktok.com/@th.official.channel/video/7558684866406124807;th.official.channel;Sản phẩm dinh dưỡng công thức TH true FORMULA hỗ trợ phát triển não bộ và trí thông minh cho bé.#thtrueformula ;Sản phẩm dinh dưỡng công thức TH true FORMULA hỗ trợ phát triển não bộ và trí thông minh cho bé.#thtrueformula;True;#thtrueformula;1;;0;;0;8272;102;1361;831;17900000;10566;0.0005902793296089385;Very High;17;Short;2025-10-08 03:17:50+00:00;2025-10-08 10:17:50+07:00;2025-10-08;2025.0;10.0;10.0;Wednesday
7.558683735676227e+18;https://www.tiktok.com/@th.official.channel/video/7558683735676226834;th.official.channel;Sản phẩm dinh dưỡng công thức TH true FORMULA cho trẻ phát triển toàn diện về não bộ, đề kháng khoẻ và tiêu hoá tốt.#thtrueformula ;Sản phẩm dinh dưỡng công thức TH true FORMULA cho trẻ phát triển toàn diện về não bộ, đề kháng khoẻ và tiêu hoá tốt.#thtrueformula;True;#thtrueformula;1;;0;;0;5919;55;1109;495;12300000;7578;0.0006160975609756097;Very High;15;Very short;2025-10-08 03:13:26+00:00;2025-10-08 10:13:26+07:00;2025-10-08;2025.0;10.0;10.0;Wednesday
7.556944393006042e+18;https://www.tiktok.com/@th.official.channel/video/7556944393006042375;th.official.channel;No caption;No caption;False;;0;;0;;0;13700;118;4842;1598;39800000;20258;0.0005089949748743719;Very High;20;Short;2025-10-03 10:43:52+00:00;2025-10-03 17:43:52+07:00;2025-10-03;2025.0;10.0;17.0;Friday
7.556442067426086e+18;https://www.tiktok.com/@th.official.channel/video/7556442067426086151;th.official.channel;"SỮA CHUA UỐNG TIỆT TRÙNG TH true YOGURT TOPKID KHOẺ MẠNH TỰ NHIÊN
#thtrueyogurttopkid #thtopkid ";SỮA CHUA UỐNG TIỆT TRÙNG TH true YOGURT TOPKID KHOẺ MẠNH TỰ NHIÊN #thtrueyogurttopkid #thtopkid;True;#thtrueyogurttopkid, #thtopkid;2;;0;;0;24500;259;8744;3686;78000000;37189;0.0004767820512820513;Very High;25;Short;2025-10-02 02:14:35+00:00;2025-10-02 09:14:35+07:00;2025-10-02;2025.0;10.0;9.0;Thursday
7.5564418447758e+18;https://www.tiktok.com/@th.official.channel/video/7556441844775800072;th.official.channel;"SỮA CHUA UỐNG TIỆT TRÙNG TH true YOGURT TOPKID KHOẺ MẠNH TỰ NHIÊN
#thtrueyogurttopkid #thtopkid ";SỮA CHUA UỐNG TIỆT TRÙNG TH true YOGURT TOPKID KHOẺ MẠNH TỰ NHIÊN #thtrueyogurttopkid #thtopkid;True;#thtrueyogurttopkid, #thtopkid;2;;0;;0;28800;210;8131;3931;80700000;41072;0.0005089467162329615;Very High;20;Short;2025-10-02 02:13:48+00:00;2025-10-02 09:13:48+07:00;2025-10-02;2025.0;10.0;9.0;Thursday
7.556211119732329e+18;https://www.tiktok.com/@th.official.channel/video/7556211119732329746;th.official.channel;"Sữa chua uống tiệt trùng TH true YOGURT TOPKID KHOẺ MẠNH TỰ NHIÊN
#thtopkid #thtrueyogurttopkid ";Sữa chua uống tiệt trùng TH true YOGURT TOPKID KHOẺ MẠNH TỰ NHIÊN #thtopkid #thtrueyogurttopkid;True;#thtopkid, #thtrueyogurttopkid;2;;0;;0;31;8;1;4;6136;44;0.007170795306388526;Low;20;Short;2025-10-01 11:18:24+00:00;2025-10-01 18:18:24+07:00;2025-10-01;2025.0;10.0;18.0;Wednesday
7.556210402061831e+18;https://www.tiktok.com/@th.official.channel/video/7556210402061831442;th.official.channel;"Sữa chua uống tiệt trùng TH true YOGURT TOPKID KHOẺ MẠNH TỰ NHIÊN
#thtrueyogurttopkid #thtopkid ";Sữa chua uống tiệt trùng TH true YOGURT TOPKID KHOẺ MẠNH TỰ NHIÊN #thtrueyogurttopkid #thtopkid;True;#thtrueyogurttopkid, #thtopkid;2;;0;;0;17;10;4;1;5109;32;0.006263456645136035;Low;25;Short;2025-10-01 11:15:37+00:00;2025-10-01 18:15:37+07:00;2025-10-01;2025.0;10.0;18.0;Wednesday
7.551284965971971e+18;https://www.tiktok.com/@th.official.channel/video/7551284965971971336;th.official.channel;Sữa Yến Mạch TH true OAT - Dinh Dưỡng Lành Mạnh Từ Nhiên Nhiên #THtrueOAT #DinhDuongLanhManh #TuThienNhien;Sữa Yến Mạch TH true OAT - Dinh Dưỡng Lành Mạnh Từ Nhiên Nhiên #THtrueOAT #DinhDuongLanhManh #TuThienNhien;True;#THtrueOAT, #DinhDuongLanhManh, #TuThienNhien;3;;0;;0;2448;24;589;204;6600000;3265;0.0004946969696969697;High;16;Short;2025-09-18 04:42:22+00:00;2025-09-18 11:42:22+07:00;2025-09-18;2025.0;9.0;11.0;Thursday
7.551282821063593e+18;https://www.tiktok.com/@th.official.channel/video/7551282821063593234;th.official.channel;Sữa Yến Mạch TH true OAT - Dinh Dưỡng Lành Mạnh Từ Nhiên Nhiên #THtrueOAT #DinhDuongLanhManh #TuThienNhien;Sữa Yến Mạch TH true OAT - Dinh Dưỡng Lành Mạnh Từ Nhiên Nhiên #THtrueOAT #DinhDuongLanhManh #TuThienNhien;True;#THtrueOAT, #DinhDuongLanhManh, #TuThienNhien;3;;0;;0;1791;25;463;132;4000000;2411;0.00060275;High;18;Short;2025-09-18 04:34:05+00:00;2025-09-18 11:34:05+07:00;2025-09-18;2025.0;9.0;11.0;Thursday
7.550278242217774e+18;https://www.tiktok.com/@th.official.channel/video/7550278242217774344;th.official.channel;Sữa Yến Mạch TH true OAT - Dinh Dưỡng Lành Mạnh Từ Thiên Nhiên #THtrueOAT;Sữa Yến Mạch TH true OAT - Dinh Dưỡng Lành Mạnh Từ Thiên Nhiên #THtrueOAT;True;#THtrueOAT;1;;0;;0;1910;22;424;149;4300000;2505;0.0005825581395348837;High;17;Short;2025-09-15 11:35:46+00:00;2025-09-15 18:35:46+07:00;2025-09-15;2025.0;9.0;18.0;Monday
7.550277931659054e+18;https://www.tiktok.com/@th.official.channel/video/7550277931659054343;th.official.channel;Sữa Yến Mạch TH true OAT - Dinh Dưỡng Lành Mạnh Từ Thiên Nhiên #THtrueOAT;Sữa Yến Mạch TH true OAT - Dinh Dưỡng Lành Mạnh Từ Thiên Nhiên #THtrueOAT;True;#THtrueOAT;1;;0;;0;2301;28;562;217;5900000;3108;0.0005267796610169492;High;17;Short;2025-09-15 11:34:34+00:00;2025-09-15 18:34:34+07:00;2025-09-15;2025.0;9.0;18.0;Monday
7.546570881695305e+18;https://www.tiktok.com/@th.official.channel/video/7546570881695304978;th.official.channel;Trà tự nhiên TH true TEA - Đậm đà vị trà tự nhiên;Trà tự nhiên TH true TEA - Đậm đà vị trà tự nhiên;True;;0;;0;;0;3786;42;332;395;11000000;4555;0.0004140909090909091;Very High;14;Very short;2025-09-05 11:49:20+00:00;2025-09-05 18:49:20+07:00;2025-09-05;2025.0;9.0;18.0;Friday
7.454082928126053e+18;https://www.tiktok.com/@thuy.260601/video/7454082928126053653;thuy.260601;Thùng 48 hộp sữa TH true MILK HILo dành cho mẹ bầu nha 😘#suathtruemilk ;Thùng 48 hộp sữa TH true MILK HILo dành cho mẹ bầu nha 😘#suathtruemilk;True;#suathtruemilk;1;;0;;0;2670;241;371;382;361600;3664;0.010132743362831858;Medium;55;Medium;2024-12-30 06:08:59+00:00;2024-12-30 13:08:59+07:00;2024-12-30;2024.0;12.0;13.0;Monday
7.339834631799262e+18;https://www.tiktok.com/@th.true.mart/video/7339834631799262465;th.true.mart;TH true MILK HILO - Giàu canxi, ít béo, không lactose;TH true MILK HILO - Giàu canxi, ít béo, không lactose;True;;0;;0;;0;1990;29;49;106;778700;2174;0.0027918325414151794;Medium;67;Long;2024-02-26 09:07:11+00:00;2024-02-26 16:07:11+07:00;2024-02-26;2024.0;2.0;16.0;Monday
7.5504940615102e+18;https://www.tiktok.com/@minmon505/video/7550494061510200584;minmon505;Sữa th true milk;Sữa th true milk;True;;0;;0;;0;11;0;3;2;5335;16;0.002999062792877226;Low;15;Very short;2025-09-16 01:33:18+00:00;2025-09-16 08:33:18+07:00;2025-09-16;2025.0;9.0;8.0;Tuesday
7.514182612299124e+18;https://www.tiktok.com/@tinnit40/video/7514182612299123986;tinnit40;sữa tươi tiệt trùng TH true MILK  nguyên chất  (110ml×48) #trộmvía # #cácmonơi #;sữa tươi tiệt trùng TH true MILK nguyên chất (110ml×48) #trộmvía # #cácmonơi #;True;#trộmvía, #cácmonơi;2;;0;;0;32;7;8;7;1311;54;0.041189931350114416;Low;40;Medium;2025-06-10 05:06:19+00:00;2025-06-10 12:06:19+07:00;2025-06-10;2025.0;6.0;12.0;Tuesday
7.644136457459731e+18;https://www.tiktok.com/@thtruemilk680/video/7644136457459731733;thtruemilk680;#beo ;#beo;True;#beo;1;;0;;0;79;29;15;2;230;125;0.5434782608695652;Low;13;Very short;2026-05-26 09:53:36+00:00;2026-05-26 16:53:36+07:00;2026-05-26;2026.0;5.0;16.0;Tuesday
7.631158451284086e+18;https://www.tiktok.com/@bnqigxahh/video/7631158451284086037;bnqigxahh;No caption;No caption;False;;0;;0;;0;265;28;449;4;5875;746;0.1269787234042553;Low;14;Very short;2026-04-21 10:32:25+00:00;2026-04-21 17:32:25+07:00;2026-04-21;2026.0;4.0;17.0;Tuesday
7.643042120206634e+18;https://www.tiktok.com/@btran_0803/video/7643042120206634261;btran_0803;No caption;No caption;False;;0;;0;;0;103;44;10;2;448;159;0.3549107142857143;Low;23;Short;2026-05-23 11:07:02+00:00;2026-05-23 18:07:02+07:00;2026-05-23;2026.0;5.0;18.0;Saturday
7.638407920446705e+18;https://www.tiktok.com/@tarlu6/video/7638407920446704927;tarlu6;#health#primal#tarlu#vegan ;#health#primal#tarlu#vegan;True;#health, #primal, #tarlu, #vegan;4;;0;;0;12;6;1;0;345;19;0.05507246376811594;Low;15;Very short;2026-05-10 23:24:09+00:00;2026-05-11 06:24:09+07:00;2026-05-11;2026.0;5.0;6.0;Monday
7.643483746976517e+18;https://www.tiktok.com/@thanhhuynh190211/video/7643483746976517394;thanhhuynh190211;#joke #ilovetiktok ;#joke #ilovetiktok;True;#joke, #ilovetiktok;2;;0;;0;120;51;33;5;636;209;0.32861635220125784;Low;11;Very short;2026-05-24 15:40:49+00:00;2026-05-24 22:40:49+07:00;2026-05-24;2026.0;5.0;22.0;Sunday
7.352983120913649e+18;https://www.tiktok.com/@theaarondeavor/video/7352983120913648926;theaarondeavor;Got milk? Wnat is the best milk brand? Drip it into the comments. #gotmilk #gotmilkchallenge #milk #trumoo #foodreview #drinkreview;Got milk? Wnat is the best milk brand? Drip it into the comments. #gotmilk #gotmilkchallenge #milk #trumoo #foodreview #drinkreview;True;#gotmilk, #gotmilkchallenge, #milk, #trumoo, #foodreview, #drinkreview;6;;0;;0;399;17;19;33;6758;468;0.06925125776857058;Low;61;Long;2024-04-01 19:30:05+00:00;2024-04-02 02:30:05+07:00;2024-04-02;2024.0;4.0;2.0;Tuesday
7.636042766530743e+18;https://www.tiktok.com/@bnqigxahh/video/7636042766530743573;bnqigxahh;No caption;No caption;False;;0;;0;;0;137;36;20;6;1815;199;0.10964187327823692;Low;15;Very short;2026-05-04 14:25:57+00:00;2026-05-04 21:25:57+07:00;2026-05-04;2026.0;5.0;21.0;Monday
7.643067415529557e+18;https://www.tiktok.com/@baycuuf4_4788/video/7643067415529557266;baycuuf4_4788;~ ~ @nã cù dẽ hunn 😁 @♡ @TH true milk @Tuong Vy #baycuuf4 #xuhuong #viral #thcsbinhtridongb #xhhhhhhhhhhhhhhhhhhhhhhhhhhhhh ;~ ~ @nã cù dẽ hunn 😁 @♡ @TH true milk @Tuong Vy #baycuuf4 #xuhuong #viral #thcsbinhtridongb #xhhhhhhhhhhhhhhhhhhhhhhhhhhhhh;True;#baycuuf4, #xuhuong, #viral, #thcsbinhtridongb, #xhhhhhhhhhhhhhhhhhhhhhhhhhhhhh;5;@nã, @TH, @Tuong;3;;0;91;34;107;11;905;243;0.26850828729281767;Low;14;Very short;2026-05-23 12:45:09+00:00;2026-05-23 19:45:09+07:00;2026-05-23;2026.0;5.0;19.0;Saturday
7.536638750252731e+18;https://www.tiktok.com/@_thtruemilk/video/7536638750252731665;_thtruemilk;No caption;No caption;False;;0;;0;;0;145;3;2;1;3883;151;0.03888745815091424;Low;18;Short;2025-08-09 17:28:26+00:00;2025-08-10 00:28:26+07:00;2025-08-10;2025.0;8.0;0.0;Sunday
7.632603180932681e+18;https://www.tiktok.com/@dangthanhhauh/video/7632603180932680968;dangthanhhauh;Đang chơi thì đói bụng ;Đang chơi thì đói bụng;True;;0;;0;;0;27200;272;41600;611;1300000;69683;0.05360230769230769;Medium;9;Very short;2026-04-25 07:58:36+00:00;2026-04-25 14:58:36+07:00;2026-04-25;2026.0;4.0;14.0;Saturday
7.633828435156291e+18;https://www.tiktok.com/@a01.nshm_/video/7633828435156290836;a01.nshm_;#ballerfake #ngaos #fyp #a01 @THTruemilk🥛 ;#ballerfake #ngaos #fyp #a01 @THTruemilk🥛;True;#ballerfake, #ngaos, #fyp, #a01;4;@THTruemilk;1;;0;2035;141;395;74;15400;2645;0.17175324675324674;Low;27;Short;2026-04-28 15:13:20+00:00;2026-04-28 22:13:20+07:00;2026-04-28;2026.0;4.0;22.0;Tuesday
7.488534904129555e+18;https://www.tiktok.com/@thtrueemilk/video/7488534904129555717;thtrueemilk;😅😅;😅😅;True;;0;;0;;0;11;0;0;1;193;12;0.06217616580310881;Low;23;Short;2025-04-02 02:20:09+00:00;2025-04-02 09:20:09+07:00;2025-04-02;2025.0;4.0;9.0;Wednesday
7.357351781610851e+18;https://www.tiktok.com/@me.ku.boss/video/7357351781610851585;me.ku.boss;Sữa TH true milk hương 🍓 tự nhiên thơm ngon bổ dưỡng nè các mom 🤰#mebauxaykenh ;Sữa TH true milk hương 🍓 tự nhiên thơm ngon bổ dưỡng nè các mom 🤰#mebauxaykenh;True;#mebauxaykenh;1;;0;;0;93;31;17;19;34900;160;0.004584527220630372;Medium;59;Medium;2024-04-13 14:02:38+00:00;2024-04-13 21:02:38+07:00;2024-04-13;2024.0;4.0;21.0;Saturday
7.643072303747632e+18;https://www.tiktok.com/@thtruemilk2703/video/7643072303747632392;thtruemilk2703;"real: 300- 1k2kc 
fake: 79kc :) #";real: 300- 1k2kc fake: 79kc :) #;True;;0;;0;;0;20;8;0;5;2330;33;0.014163090128755365;Low;14;Very short;2026-05-23 13:04:07+00:00;2026-05-23 20:04:07+07:00;2026-05-23;2026.0;5.0;20.0;Saturday
7.642652966989729e+18;https://www.tiktok.com/@hi9440591/video/7642652966989729031;hi9440591;#fyp #xh ;#fyp #xh;True;#fyp, #xh;2;;0;;0;193;22;13;10;1630;238;0.1460122699386503;Low;15;Very short;2026-05-22 09:56:57+00:00;2026-05-22 16:56:57+07:00;2026-05-22;2026.0;5.0;16.0;Friday
6.994468009079295e+18;https://www.tiktok.com/@ngohauuu/video/6994468009079295258;ngohauuu;Có ai không biết như em k 😿😿😿#CapCut #tiktok #thtruemilk #trungthuong #xuhuong #10k #fy;Có ai không biết như em k 😿😿😿#CapCut #tiktok #thtruemilk #trungthuong #xuhuong #10k #fy;True;#CapCut, #tiktok, #thtruemilk, #trungthuong, #xuhuong, #10k, #fy;7;;0;;0;34800;632;863;721;602100;37016;0.0614781597741239;Medium;16;Short;2021-08-09 16:28:10+00:00;2021-08-09 23:28:10+07:00;2021-08-09;2021.0;8.0;23.0;Monday
7.606566243444755e+18;https://www.tiktok.com/@vtv7official/video/7606566243444755723;vtv7official;"Câu chuyện Tết muôn thuở
Trở thành cô Tấm bất đắc dĩ 🤭
#Tet2026 #VuonTween #NhungBongHoaNho #TapdoanTH #THtrueMILK ";Câu chuyện Tết muôn thuở Trở thành cô Tấm bất đắc dĩ 🤭 #Tet2026 #VuonTween #NhungBongHoaNho #TapdoanTH #THtrueMILK;True;#Tet2026, #VuonTween, #NhungBongHoaNho, #TapdoanTH, #THtrueMILK;5;;0;;0;34400;36;325;564;499600;35325;0.07070656525220176;Medium;22;Short;2026-02-14 04:01:51+00:00;2026-02-14 11:01:51+07:00;2026-02-14;2026.0;2.0;11.0;Saturday
7.097783975808175e+18;https://www.tiktok.com/@kimngan.0709/video/7097783975808175387;kimngan.0709;Hành động cho cuộc sống xanh tươi nào. Gét go!!! 🍃🍃🍃#thugomvohoplantoasongxanh #thtruemilk #thtruemart #taichevohopsua #greenlife #totebag #gieohonnhien #hạtngô #littegirl #daybyday #🍃 #🌽;Hành động cho cuộc sống xanh tươi nào. Gét go!!! 🍃🍃🍃#thugomvohoplantoasongxanh #thtruemilk #thtruemart #taichevohopsua #greenlife #totebag #gieohonnhien #hạtngô #littegirl #daybyday #🍃 #🌽;True;#thugomvohoplantoasongxanh, #thtruemilk, #thtruemart, #taichevohopsua, #greenlife, #totebag, #gieohonnhien, #hạtngô, #littegirl, #daybyday;10;;0;;0;32100;247;317;472;746200;33136;0.04440632538193514;Medium;26;Short;2022-05-15 02:26:52+00:00;2022-05-15 09:26:52+07:00;2022-05-15;2022.0;5.0;9.0;Sunday
7.607018079205314e+18;https://www.tiktok.com/@vtv7official/video/7607018079205313804;vtv7official;"""Người từng trải nhí"" nói những điều mà đôi khi người trưởng thành còn chưa thể hiểu được 🤔
#tinhyeuhoctro #VuonTween #NhungBongHoaNho #TapdoanTH #THtrueMILK ";"""Người từng trải nhí"" nói những điều mà đôi khi người trưởng thành còn chưa thể hiểu được 🤔 #tinhyeuhoctro #VuonTween #NhungBongHoaNho #TapdoanTH #THtrueMILK";True;#tinhyeuhoctro, #VuonTween, #NhungBongHoaNho, #TapdoanTH, #THtrueMILK;5;;0;;0;37000;54;2514;1883;710300;41451;0.05835703223989863;Medium;31;Medium;2026-02-15 11:02:32+00:00;2026-02-15 18:02:32+07:00;2026-02-15;2026.0;2.0;18.0;Sunday
7.512692118473805e+18;https://www.tiktok.com/@tinmoi.k19/video/7512692118473805078;tinmoi.k19;NGƯỜI ĐỨNG SAU TH TRUE MILK LÀ AI? | TAY NGANG TẠO ĐẾ CHẾ SỮA HÀNG ĐẦU TỪ MONG ƯỚC TRẺ VIỆT CAO LỚN p1 #thtruemilk #sữa #khampha;NGƯỜI ĐỨNG SAU TH TRUE MILK LÀ AI? | TAY NGANG TẠO ĐẾ CHẾ SỮA HÀNG ĐẦU TỪ MONG ƯỚC TRẺ VIỆT CAO LỚN p1 #thtruemilk #sữa #khampha;True;#thtruemilk, #sữa, #khampha;3;;0;;0;28100;1142;2755;2068;1500000;34065;0.02271;High;146;Long;2025-06-06 04:42:40+00:00;2025-06-06 11:42:40+07:00;2025-06-06;2025.0;6.0;11.0;Friday
7.481156884318146e+18;https://www.tiktok.com/@wendyphungtien/video/7481156884318145800;wendyphungtien;"😋 Có bé nào hông thích ăn vặt giống Wendy nhà tui không? Ẻm thích sữa chua thôi không ăn vặt nên lâu giờ t chỉ chuẩn bị phomai để nấu cháo và viên nhỏ cho vào sữa chua hoặc bột ăn sáng thui 
#wendyphungtien #wendybabie #reviewmevabe #mevabe #mebimsua #doandamchobe #andamcungbe #thtruemilk ";😋 Có bé nào hông thích ăn vặt giống Wendy nhà tui không? Ẻm thích sữa chua thôi không ăn vặt nên lâu giờ t chỉ chuẩn bị phomai để nấu cháo và viên nhỏ cho vào sữa chua hoặc bột ăn sáng thui #wendyphungtien #wendybabie #reviewmevabe #mevabe #mebimsua #doandamchobe #andamcungbe #thtruemilk;True;#wendyphungtien, #wendybabie, #reviewmevabe, #mevabe, #mebimsua, #doandamchobe, #andamcungbe, #thtruemilk;8;;0;;0;27500;382;1568;2109;804700;31559;0.039218342239343854;Medium;58;Medium;2025-03-13 05:09:38+00:00;2025-03-13 12:09:38+07:00;2025-03-13;2025.0;3.0;12.0;Thursday
7.539028816182791e+18;https://www.tiktok.com/@flashslide.com/video/7539028816182791431;flashslide.com;Powerpoint TH TRUE MILK 😳 #flashslide #powerpoint #morph #thtruemilk #slide ;Powerpoint TH TRUE MILK 😳 #flashslide #powerpoint #morph #thtruemilk #slide;True;#flashslide, #powerpoint, #morph, #thtruemilk, #slide;5;;0;;0;27900;294;1505;6090;534800;35789;0.0669203440538519;Medium;40;Medium;2025-08-16 04:02:20+00:00;2025-08-16 11:02:20+07:00;2025-08-16;2025.0;8.0;11.0;Saturday
7.530600248113204e+18;https://www.tiktok.com/@sunsosad79/video/7530600248113204488;sunsosad79;Đoạn đường này thật ngắn...😥 #thtruemilk #hanpham #linhtit #pô #gaixinhtiktok #gainhaytiktok #coverdance ;Đoạn đường này thật ngắn...😥 #thtruemilk #hanpham #linhtit #pô #gaixinhtiktok #gainhaytiktok #coverdance;True;#thtruemilk, #hanpham, #linhtit, #pô, #gaixinhtiktok, #gainhaytiktok, #coverdance;7;;0;;0;26300;48;812;3009;362600;30169;0.08320187534473249;Medium;17;Short;2025-07-24 10:55:06+00:00;2025-07-24 17:55:06+07:00;2025-07-24;2025.0;7.0;17.0;Thursday
7.583663617749421e+18;https://www.tiktok.com/@mattraicuathebinh/video/7583663617749421330;mattraicuathebinh;Ngày 16 mời cả nhà về Nghệ An checkin cánh đồng hoa hướng dương 🌼 #fypシ #canhdonghoahuongduong #thtruemilk ;Ngày 16 mời cả nhà về Nghệ An checkin cánh đồng hoa hướng dương 🌼 #fypシ #canhdonghoahuongduong #thtruemilk;True;#fypシ, #canhdonghoahuongduong, #thtruemilk;3;;0;;0;31800;424;7261;1323;480500;40808;0.08492819979188346;Medium;0;Very short;2025-12-14 10:48:08+00:00;2025-12-14 17:48:08+07:00;2025-12-14;2025.0;12.0;17.0;Sunday
7.494137099000581e+18;https://www.tiktok.com/@uyentit0601/video/7494137099000581383;uyentit0601;#sữacỏ tại sao mẹ lại chọn sữa cỏ trong khi VN mình có rất nhiều hãng sữa lâu đời, uy tín như #vinamilk #nutifood #thtruemilk #vitadairy #nutricare ...... ;#sữacỏ tại sao mẹ lại chọn sữa cỏ trong khi VN mình có rất nhiều hãng sữa lâu đời, uy tín như #vinamilk #nutifood #thtruemilk #vitadairy #nutricare ......;True;#sữacỏ, #vinamilk, #nutifood, #thtruemilk, #vitadairy, #nutricare;6;;0;;0;24000;1634;406;1017;1200000;27057;0.0225475;Medium;26;Short;2025-04-17 04:39:30+00:00;2025-04-17 11:39:30+07:00;2025-04-17;2025.0;4.0;11.0;Thursday
7.3724301143631e+18;https://www.tiktok.com/@thmilkfactorycareers/video/7372430114363100434;thmilkfactorycareers;"Outfit ngoài những ngày mặc đồng phục của các Sếp THM 
#thoitrang #thtruemilk #viralvideo #xuhuong ";Outfit ngoài những ngày mặc đồng phục của các Sếp THM #thoitrang #thtruemilk #viralvideo #xuhuong;True;#thoitrang, #thtruemilk, #viralvideo, #xuhuong;4;;0;;0;24000;1659;350;778;1500000;26787;0.017858;High;49;Medium;2024-05-24 05:14:15+00:00;2024-05-24 12:14:15+07:00;2024-05-24;2024.0;5.0;12.0;Friday
7.48355303585617e+18;https://www.tiktok.com/@ho_gbao/video/7483553035856170248;ho_gbao;"#lenovojustbeyou 
#thtruemilk 
#aula ";#lenovojustbeyou #thtruemilk #aula;True;#lenovojustbeyou, #thtruemilk, #aula;3;;0;;0;23700;587;1037;1966;386100;27290;0.07068117068117068;Medium;20;Short;2025-03-19 16:07:54+00:00;2025-03-19 23:07:54+07:00;2025-03-19;2025.0;3.0;23.0;Wednesday
7.573382621883911e+18;https://www.tiktok.com/@pudev149/video/7573382621883911442;pudev149;"Có thể bạn chưa biết. Trước khi được Tổng thống Nga Vladimir Putin trao tặng Huân chương Hữu nghị của Nhà nước LB Nga cho AHLĐ Thái Hương 4/11/2025, thì trước đó bà đã có cuộc gặp gỡ với Cựu Thủ tướng Nga Dmitry Medvedev ngày 19 tháng 11 năm 2018. trong buổi nếm thử rượu True Malt. 
Anh hùng Lao động Thái Hương. Nhà sáng lập-Chủ tịch Hội đồng Chiến lược Tập đoàn TH, Tổng giám đốc Ngân hàng Thương mại Cổ phần Bắc, vì có những đóng góp nổi bật góp phần củng cố và phát triển quan hệ hợp tác giữa Việt Nam và LB Nga trong an ninh lương thực. Anh hùng Lao động Thái Hương là đại diện duy nhất của Việt Nam vinh dự được tặng huân chương cao quý của LB Nga. 
AHLĐ Thái Hương (tên thật là Thái Hương; sinh ngày 12 tháng 10 năm 1958) là một nữ doanh nhân, tỉ phú người Việt Nam. Bà là nhà sáng lập kiêm Chủ tịch Hội đồng Chiến lược Tập đoàn TH, đồng thời là Tổng Giám đốc Ngân hàng Thương mại Cổ phần Bắc Á. Được mệnh danh là ""người đàn bà sữa tươi"", bà là người tiên phong đưa công nghệ sữa sạch vào Việt Nam và biến Tập đoàn TH trở thành một trong những doanh nghiệp hàng đầu về sữa tại Việt Nam.#vietnam #nga #russia #thtruemilk #foryou ";"Có thể bạn chưa biết. Trước khi được Tổng thống Nga Vladimir Putin trao tặng Huân chương Hữu nghị của Nhà nước LB Nga cho AHLĐ Thái Hương 4/11/2025, thì trước đó bà đã có cuộc gặp gỡ với Cựu Thủ tướng Nga Dmitry Medvedev ngày 19 tháng 11 năm 2018. trong buổi nếm thử rượu True Malt. Anh hùng Lao động Thái Hương. Nhà sáng lập-Chủ tịch Hội đồng Chiến lược Tập đoàn TH, Tổng giám đốc Ngân hàng Thương mại Cổ phần Bắc, vì có những đóng góp nổi bật góp phần củng cố và phát triển quan hệ hợp tác giữa Việt Nam và LB Nga trong an ninh lương thực. Anh hùng Lao động Thái Hương là đại diện duy nhất của Việt Nam vinh dự được tặng huân chương cao quý của LB Nga. AHLĐ Thái Hương (tên thật là Thái Hương; sinh ngày 12 tháng 10 năm 1958) là một nữ doanh nhân, tỉ phú người Việt Nam. Bà là nhà sáng lập kiêm Chủ tịch Hội đồng Chiến lược Tập đoàn TH, đồng thời là Tổng Giám đốc Ngân hàng Thương mại Cổ phần Bắc Á. Được mệnh danh là ""người đàn bà sữa tươi"", bà là người tiên phong đưa công nghệ sữa sạch vào Việt Nam và biến Tập đoàn TH trở thành một trong những doanh nghiệp hàng đầu về sữa tại Việt Nam.#vietnam #nga #russia #thtruemilk #foryou";True;#vietnam, #nga, #russia, #thtruemilk, #foryou;5;;0;;0;23700;126;387;729;531700;24942;0.04690991160428813;Medium;20;Short;2025-11-16 23:30:00+00:00;2025-11-17 06:30:00+07:00;2025-11-17;2025.0;11.0;6.0;Monday
7.432593163769908e+18;https://www.tiktok.com/@mecuadaily/video/7432593163769908481;mecuadaily;Trả lời @Daoquynhtrang  Bữa sáng siêu nhanh với Bơ lạt TH và bánh mì sandwich 😂, mẹ nào muốn thêm đạm thì nhúng bánh mì vào trứng rồi áp chảo nha, nay cua ăn chay 😆#nuoicon #mevabe #momsoftiktok #learnontiktok #andam #bolat #thtruemilk #xuhuong ;Trả lời @Daoquynhtrang Bữa sáng siêu nhanh với Bơ lạt TH và bánh mì sandwich 😂, mẹ nào muốn thêm đạm thì nhúng bánh mì vào trứng rồi áp chảo nha, nay cua ăn chay 😆#nuoicon #mevabe #momsoftiktok #learnontiktok #andam #bolat #thtruemilk #xuhuong;True;#nuoicon, #mevabe, #momsoftiktok, #learnontiktok, #andam, #bolat, #thtruemilk, #xuhuong;8;@Daoquynhtrang;1;;0;22200;211;299;822;1000000;23532;0.023532;Medium;38;Medium;2024-11-02 08:17:46+00:00;2024-11-02 15:17:46+07:00;2024-11-02;2024.0;11.0;15.0;Saturday
7.007112208194801e+18;https://www.tiktok.com/@chuyenkinhte.official/video/7007112208194800898;chuyenkinhte.official;Thật khâm phục bản lĩnh của nữ doanh nhân Thái Hương - Bà chủ của TH True Milk #thtruemilk #thaihuong #doanhnhanvn.vn #theanh28;Thật khâm phục bản lĩnh của nữ doanh nhân Thái Hương - Bà chủ của TH True Milk #thtruemilk #thaihuong #doanhnhanvn.vn #theanh28;True;#thtruemilk, #thaihuong, #doanhnhanvn, #theanh28;4;;0;;0;21900;698;264;163;342200;23025;0.06728521332554062;Medium;60;Medium;2021-09-12 23:00:00+00:00;2021-09-13 06:00:00+07:00;2021-09-13;2021.0;9.0;6.0;Monday
7.571425133018074e+18;https://www.tiktok.com/@vtv7official/video/7571425133018074424;vtv7official;"Bỏ quy định đình chỉ học, mong muốn nghe lạ của tween lại khiến nhiều người suy nghĩ 💭📚
Mỗi chia sẻ đều giúp người lớn hiểu Tween hơn. Còn bạn, có điều gì muốn nói không nè? 💬👇
#SpeakUpTok #learnontiktok #VuonTween #ThuBaTweenLenTieng #NhungBongHoaNho #TweenTalk #VTV7 #TapdoanTH #THtrueMILK";Bỏ quy định đình chỉ học, mong muốn nghe lạ của tween lại khiến nhiều người suy nghĩ 💭📚 Mỗi chia sẻ đều giúp người lớn hiểu Tween hơn. Còn bạn, có điều gì muốn nói không nè? 💬👇 #SpeakUpTok #learnontiktok #VuonTween #ThuBaTweenLenTieng #NhungBongHoaNho #TweenTalk #VTV7 #TapdoanTH #THtrueMILK;True;#SpeakUpTok, #learnontiktok, #VuonTween, #ThuBaTweenLenTieng, #NhungBongHoaNho, #TweenTalk, #VTV7, #TapdoanTH, #THtrueMILK;9;;0;;0;23300;0;1148;984;549800;25432;0.04625682066205893;Medium;19;Short;2025-11-11 11:16:38+00:00;2025-11-11 18:16:38+07:00;2025-11-11;2025.0;11.0;18.0;Tuesday
7.2863608426044e+18;https://www.tiktok.com/@bachhoamean/video/7286360842604399890;bachhoamean;1 tháng các Mom chi hết bao nhiều tiền sữa cho các con ạ? #mevabe#tinhyeucuame#tangduytan#catdoinoisau#fyp#xh#gongang#thinhhanh#suatuoi#vinamilk#suakun#thtruemilk#cocacana ;1 tháng các Mom chi hết bao nhiều tiền sữa cho các con ạ? #mevabe#tinhyeucuame#tangduytan#catdoinoisau#fyp#xh#gongang#thinhhanh#suatuoi#vinamilk#suakun#thtruemilk#cocacana;True;#mevabe, #tinhyeucuame, #tangduytan, #catdoinoisau, #fyp, #xh, #gongang, #thinhhanh, #suatuoi, #vinamilk, #suakun, #thtruemilk, #cocacana;13;;0;;0;21100;1764;309;670;1400000;23843;0.017030714285714284;High;60;Medium;2023-10-05 06:41:28+00:00;2023-10-05 13:41:28+07:00;2023-10-05;2023.0;10.0;13.0;Thursday
7.38612580740981e+18;https://www.tiktok.com/@chabikdangdi/video/7386125807409810704;chabikdangdi;TH true juice milk là chân ái, vị kiwi ngon nhất nhé #sữa #thtruemilk ;TH true juice milk là chân ái, vị kiwi ngon nhất nhé #sữa #thtruemilk;True;#sữa, #thtruemilk;2;;0;;0;21100;1334;434;650;910600;23518;0.02582692730068087;Medium;43;Medium;2024-06-30 03:00:36+00:00;2024-06-30 10:00:36+07:00;2024-06-30;2024.0;6.0;10.0;Sunday
7.57739002328949e+18;https://www.tiktok.com/@vtv7official/video/7577390023289490700;vtv7official;"Cuộc bình chọn món ăn vặt được lòng ""dân cổng trường"" nhất 😌
Thử một món thì thiếu, thử tất cả mới “đúng bài”!
#CookingTok #LifeSkills #VuonTween #THtrueMILK #anvattuoitho";"Cuộc bình chọn món ăn vặt được lòng ""dân cổng trường"" nhất 😌 Thử một món thì thiếu, thử tất cả mới “đúng bài”! #CookingTok #LifeSkills #VuonTween #THtrueMILK #anvattuoitho";True;#CookingTok, #LifeSkills, #VuonTween, #THtrueMILK, #anvattuoitho;5;;0;;0;21400;0;829;1000;666300;23229;0.034862674470959025;Medium;40;Medium;2025-11-27 13:03:24+00:00;2025-11-27 20:03:24+07:00;2025-11-27;2025.0;11.0;20.0;Thursday
7.584691515612663e+18;https://www.tiktok.com/@a5_k58_dc2/video/7584691515612663060;a5_k58_dc2;checkin trước nha😝 #xuhuong #doihoahuongduong #hoahuongduong🌻 #nghean #thtruemilk ;checkin trước nha😝 #xuhuong #doihoahuongduong #hoahuongduong🌻 #nghean #thtruemilk;True;#xuhuong, #doihoahuongduong, #hoahuongduong, #nghean, #thtruemilk;5;;0;;0;34700;266;5940;658;491300;41564;0.08460004070832486;Medium;13;Very short;2025-12-17 05:16:53+00:00;2025-12-17 12:16:53+07:00;2025-12-17;2025.0;12.0;12.0;Wednesday
7.55875067228429e+18;https://www.tiktok.com/@camnhung1233/video/7558750672284290311;camnhung1233;Hải Phòng, HCM, Đà Nẵng, Nghệ An, Hà Nội có chương trình này rồi nha. Tặng chậu cây xinh lắm #thtruemilk #doivosualayqua ;Hải Phòng, HCM, Đà Nẵng, Nghệ An, Hà Nội có chương trình này rồi nha. Tặng chậu cây xinh lắm #thtruemilk #doivosualayqua;True;#thtruemilk, #doivosualayqua;2;;0;;0;20400;673;2244;993;2300000;24310;0.010569565217391304;High;31;Medium;2025-10-08 07:33:10+00:00;2025-10-08 14:33:10+07:00;2025-10-08;2025.0;10.0;14.0;Wednesday
7.41844520377998e+18;https://www.tiktok.com/@ng.hamii/video/7418445203779980551;ng.hamii;"Mukbang tổng hợp các vị kem của nhà TH các bác uii ✌🏿#thtruemilk #thtrueicescream 
#Ancungtiktok #learnontiktok #reviewfood #reviewdoan #hanoifood #reviewanngon #xuhuong ";Mukbang tổng hợp các vị kem của nhà TH các bác uii ✌🏿#thtruemilk #thtrueicescream #Ancungtiktok #learnontiktok #reviewfood #reviewdoan #hanoifood #reviewanngon #xuhuong;True;#thtruemilk, #thtrueicescream, #Ancungtiktok, #learnontiktok, #reviewfood, #reviewdoan, #hanoifood, #reviewanngon, #xuhuong;9;;0;;0;20400;110;1191;1692;377000;23393;0.06205039787798408;Medium;61;Long;2024-09-25 05:16:19+00:00;2024-09-25 12:16:19+07:00;2024-09-25;2024.0;9.0;12.0;Wednesday
7.543092253447736e+18;https://www.tiktok.com/@booiminhdidauthe5/video/7543092253447736584;booiminhdidauthe5;"Minhee và những điều muốn nói với bố Trung 🥰

#BoOiMinhDiDauThe2025 #booiminhdidauthe #BOMDDT #THtrueMilk #embénóitiếnganh #minhee #trending #xuhuong #TikTokGiaiTri #fyp #tiktokviral #bambooairways";Minhee và những điều muốn nói với bố Trung 🥰 #BoOiMinhDiDauThe2025 #booiminhdidauthe #BOMDDT #THtrueMilk #embénóitiếnganh #minhee #trending #xuhuong #TikTokGiaiTri #fyp #tiktokviral #bambooairways;True;#BoOiMinhDiDauThe2025, #booiminhdidauthe, #BOMDDT, #THtrueMilk, #embénóitiếnganh, #minhee, #trending, #xuhuong, #TikTokGiaiTri, #fyp, #tiktokviral, #bambooairways;12;;0;;0;20100;62;523;302;394900;20987;0.05314510002532287;Medium;90;Long;2025-08-27 04:00:00+00:00;2025-08-27 11:00:00+07:00;2025-08-27;2025.0;8.0;11.0;Wednesday
7.236000628177243e+18;https://www.tiktok.com/@tranhathanh95/video/7236000628177243397;tranhathanh95;Ủa mọi người TH nay có sữa giả nữa hay sao vậy, làm mình hoang mang ghê. Từ giờ chắc ko dám cho bé nhà uống nữa quá.#thtruemilk #xuhuong2023 #suagiaTH ;Ủa mọi người TH nay có sữa giả nữa hay sao vậy, làm mình hoang mang ghê. Từ giờ chắc ko dám cho bé nhà uống nữa quá.#thtruemilk #xuhuong2023 #suagiaTH;True;#thtruemilk, #xuhuong2023, #suagiaTH;3;;0;;0;19700;660;440;637;1300000;21437;0.01649;Medium;0;Very short;2023-05-22 13:38:08+00:00;2023-05-22 20:38:08+07:00;2023-05-22;2023.0;5.0;20.0;Monday
7.544733112039788e+18;https://www.tiktok.com/@ghuy_ngh._/video/7544733112039787794;ghuy_ngh._;Học sinh lớp 6 nấu món gì? | Tập 1 : Tokbokki phô mai || #tokbokki #foryou #thtruemilk #tutorial #fyp ;Học sinh lớp 6 nấu món gì? | Tập 1 : Tokbokki phô mai || #tokbokki #foryou #thtruemilk #tutorial #fyp;True;#tokbokki, #foryou, #thtruemilk, #tutorial, #fyp;5;;0;;0;19500;757;1851;3377;244300;25485;0.10431846090871878;Medium;0;Very short;2025-08-31 12:57:50+00:00;2025-08-31 19:57:50+07:00;2025-08-31;2025.0;8.0;19.0;Sunday
7.483154893994282e+18;https://www.tiktok.com/@mecuaboiu/video/7483154893994282247;mecuaboiu;Bà nào đang đ,,au đ,ầu tìm sữa pha sẵn cho con khi 1 tuổi thì tham khảo nha 😍 #reviewsuacongthuc #suaphasan #growplus #aptakid #metacaregold #thtruemilk #yokogold #pediasuregrowth #similac #nangrow ;Bà nào đang đ,,au đ,ầu tìm sữa pha sẵn cho con khi 1 tuổi thì tham khảo nha 😍 #reviewsuacongthuc #suaphasan #growplus #aptakid #metacaregold #thtruemilk #yokogold #pediasuregrowth #similac #nangrow;True;#reviewsuacongthuc, #suaphasan, #growplus, #aptakid, #metacaregold, #thtruemilk, #yokogold, #pediasuregrowth, #similac, #nangrow;10;;0;;0;18600;1188;2134;8191;907200;30113;0.033193342151675485;Medium;0;Very short;2025-03-18 14:22:54+00:00;2025-03-18 21:22:54+07:00;2025-03-18;2025.0;3.0;21.0;Tuesday
7.546544136015351e+18;https://www.tiktok.com/@th.official.channel/video/7546544136015351047;th.official.channel;Trà tự nhiên TH true TEA - Đậm đà vị trà tự nhiên;Trà tự nhiên TH true TEA - Đậm đà vị trà tự nhiên;True;;0;;0;;0;3867;34;395;445;11500000;4741;0.00041226086956521737;Very High;14;Very short;2025-09-05 10:05:32+00:00;2025-09-05 17:05:32+07:00;2025-09-05;2025.0;9.0;17.0;Friday
7.546543551509695e+18;https://www.tiktok.com/@th.official.channel/video/7546543551509695762;th.official.channel;Trà tự nhiên TH true TEA - Đậm đà vị trà tự nhiên;Trà tự nhiên TH true TEA - Đậm đà vị trà tự nhiên;True;;0;;0;;0;3300;28;356;373;11400000;4057;0.00035587719298245613;Very High;15;Very short;2025-09-05 10:03:16+00:00;2025-09-05 17:03:16+07:00;2025-09-05;2025.0;9.0;17.0;Friday
7.546542981663215e+18;https://www.tiktok.com/@th.official.channel/video/7546542981663214856;th.official.channel;Trà tự nhiên TH true TEA - Đậm đà vị trà tự nhiên;Trà tự nhiên TH true TEA - Đậm đà vị trà tự nhiên;True;;0;;0;;0;2851;53;439;300;8800000;3643;0.00041397727272727273;High;15;Very short;2025-09-05 10:01:03+00:00;2025-09-05 17:01:03+07:00;2025-09-05;2025.0;9.0;17.0;Friday
7.546542483073748e+18;https://www.tiktok.com/@th.official.channel/video/7546542483073748242;th.official.channel;Trà tự nhiên TH true TEA - Đậm đà vị trà tự nhiên ;Trà tự nhiên TH true TEA - Đậm đà vị trà tự nhiên;True;;0;;0;;0;3042;32;214;355;9000000;3643;0.0004047777777777778;High;12;Very short;2025-09-05 09:59:07+00:00;2025-09-05 16:59:07+07:00;2025-09-05;2025.0;9.0;16.0;Friday
7.546540866513538e+18;https://www.tiktok.com/@th.official.channel/video/7546540866513538311;th.official.channel;Trà tự nhiên TH true TEA - Đậm đà vị trà tự nhiên;Trà tự nhiên TH true TEA - Đậm đà vị trà tự nhiên;True;;0;;0;;0;3197;33;436;349;10700000;4015;0.0003752336448598131;High;16;Short;2025-09-05 09:52:53+00:00;2025-09-05 16:52:53+07:00;2025-09-05;2025.0;9.0;16.0;Friday
7.546187898995871e+18;https://www.tiktok.com/@th.official.channel/video/7546187898995870984;th.official.channel;"Sữa hạt TH true NUT - Bộ hạt cao cấp tuyển chọn từ thiên nhiên
#THtrueNUT #BoHatCaoCap #TuyenChonTuThienNhien";Sữa hạt TH true NUT - Bộ hạt cao cấp tuyển chọn từ thiên nhiên #THtrueNUT #BoHatCaoCap #TuyenChonTuThienNhien;True;#THtrueNUT, #BoHatCaoCap, #TuyenChonTuThienNhien;3;;0;;0;3396;63;736;295;7400000;4490;0.0006067567567567567;High;14;Very short;2025-09-04 11:03:09+00:00;2025-09-04 18:03:09+07:00;2025-09-04;2025.0;9.0;18.0;Thursday
7.54618760663196e+18;https://www.tiktok.com/@th.official.channel/video/7546187606631959816;th.official.channel;"Sữa hạt TH true NUT - Bộ hạt cao cấp tuyển chọn từ thiên nhiên
#THtrueNUT #BoHatCaoCap #TuyenChonTuThienNhien";Sữa hạt TH true NUT - Bộ hạt cao cấp tuyển chọn từ thiên nhiên #THtrueNUT #BoHatCaoCap #TuyenChonTuThienNhien;True;#THtrueNUT, #BoHatCaoCap, #TuyenChonTuThienNhien;3;;0;;0;1019;6;332;131;2700000;1488;0.0005511111111111112;High;17;Short;2025-09-04 11:02:00+00:00;2025-09-04 18:02:00+07:00;2025-09-04;2025.0;9.0;18.0;Thursday
7.546187393536183e+18;https://www.tiktok.com/@th.official.channel/video/7546187393536183559;th.official.channel;"Sữa hạt TH true NUT - Bộ hạt cao cấp tuyển chọn từ thiên nhiên
#THtrueNUT #BoHatCaoCap #TuyenChonTuThienNhien";Sữa hạt TH true NUT - Bộ hạt cao cấp tuyển chọn từ thiên nhiên #THtrueNUT #BoHatCaoCap #TuyenChonTuThienNhien;True;#THtrueNUT, #BoHatCaoCap, #TuyenChonTuThienNhien;3;;0;;0;1807;11;479;152;3800000;2449;0.0006444736842105264;High;17;Short;2025-09-04 11:01:11+00:00;2025-09-04 18:01:11+07:00;2025-09-04;2025.0;9.0;18.0;Thursday
7.546187124983205e+18;https://www.tiktok.com/@th.official.channel/video/7546187124983205127;th.official.channel;"Sữa hạt TH true NUT - Bộ hạt cao cấp tuyển chọn từ thiên nhiên
#THtrueNUT #BoHatCaoCap #TuyenChonTuThienNhien";Sữa hạt TH true NUT - Bộ hạt cao cấp tuyển chọn từ thiên nhiên #THtrueNUT #BoHatCaoCap #TuyenChonTuThienNhien;True;#THtrueNUT, #BoHatCaoCap, #TuyenChonTuThienNhien;3;;0;;0;2583;44;444;177;5100000;3248;0.0006368627450980392;High;18;Short;2025-09-04 11:00:07+00:00;2025-09-04 18:00:07+07:00;2025-09-04;2025.0;9.0;18.0;Thursday
7.543947306467446e+18;https://www.tiktok.com/@th.official.channel/video/7543947306467446023;th.official.channel;"Cùng khám phá gian hàng của Tập đoàn TH tại Khu trưng bày ""Khởi Nghiệp Kiến Quốc"".
Đừng quên ghé trải nghiệm nhé!";"Cùng khám phá gian hàng của Tập đoàn TH tại Khu trưng bày ""Khởi Nghiệp Kiến Quốc"". Đừng quên ghé trải nghiệm nhé!";True;;0;;0;;0;540;16;13;22;188200;591;0.003140276301806589;Medium;135;Long;2025-08-29 10:08:31+00:00;2025-08-29 17:08:31+07:00;2025-08-29;2025.0;8.0;17.0;Friday
7.543488319267589e+18;https://www.tiktok.com/@th.official.channel/video/7543488319267589383;th.official.channel;Mua đồ uống TH - Trúng hơn 500.000 giải thưởng;Mua đồ uống TH - Trúng hơn 500.000 giải thưởng;True;;0;;0;;0;3507;38;684;278;8200000;4507;0.0005496341463414634;High;15;Very short;2025-08-28 04:27:26+00:00;2025-08-28 11:27:26+07:00;2025-08-28;2025.0;8.0;11.0;Thursday
7.543486290734501e+18;https://www.tiktok.com/@th.official.channel/video/7543486290734501127;th.official.channel;Mua đồ uống TH - Trúng hơn 500.000 giải thưởng;Mua đồ uống TH - Trúng hơn 500.000 giải thưởng;True;;0;;0;;0;2741;29;805;295;6500000;3870;0.0005953846153846154;High;13;Very short;2025-08-28 04:19:34+00:00;2025-08-28 11:19:34+07:00;2025-08-28;2025.0;8.0;11.0;Thursday
7.54248666025306e+18;https://www.tiktok.com/@th.official.channel/video/7542486660253060360;th.official.channel;Mua đồ uống TH - Trúng hơn 500.000 giải thưởng;Mua đồ uống TH - Trúng hơn 500.000 giải thưởng;True;;0;;0;;0;4216;44;801;341;11100000;5402;0.00048666666666666666;Very High;17;Short;2025-08-25 11:40:29+00:00;2025-08-25 18:40:29+07:00;2025-08-25;2025.0;8.0;18.0;Monday
7.542485949746253e+18;https://www.tiktok.com/@th.official.channel/video/7542485949746253074;th.official.channel;Mua đồ uống TH - Trúng hơn 500.000 giải thưởng;Mua đồ uống TH - Trúng hơn 500.000 giải thưởng;True;;0;;0;;0;4215;32;715;339;10500000;5301;0.0005048571428571428;High;18;Short;2025-08-25 11:37:41+00:00;2025-08-25 18:37:41+07:00;2025-08-25;2025.0;8.0;18.0;Monday
7.530970819766275e+18;https://www.tiktok.com/@th.official.channel/video/7530970819766275335;th.official.channel;Mua đồ uống TH - Trúng hơn 500.000 giải thưởng;Mua đồ uống TH - Trúng hơn 500.000 giải thưởng;True;;0;;0;;0;7503;63;766;584;10000000;8916;0.0008916;High;10;Very short;2025-07-25 10:53:07+00:00;2025-07-25 17:53:07+07:00;2025-07-25;2025.0;7.0;17.0;Friday
7.530970360326426e+18;https://www.tiktok.com/@th.official.channel/video/7530970360326425863;th.official.channel;Mua đồ uống TH - Trúng hơn 500.000 giải thưởng;Mua đồ uống TH - Trúng hơn 500.000 giải thưởng;True;;0;;0;;0;6769;49;900;596;10000000;8314;0.0008314;High;10;Very short;2025-07-25 10:51:20+00:00;2025-07-25 17:51:20+07:00;2025-07-25;2025.0;7.0;17.0;Friday
7.530969875448385e+18;https://www.tiktok.com/@th.official.channel/video/7530969875448384786;th.official.channel;Mua đồ uống TH - Trúng hơn 500.000 giải thưởng;Mua đồ uống TH - Trúng hơn 500.000 giải thưởng;True;;0;;0;;0;6211;49;1249;576;10000000;8085;0.0008085;High;10;Very short;2025-07-25 10:49:27+00:00;2025-07-25 17:49:27+07:00;2025-07-25;2025.0;7.0;17.0;Friday
7.530969494538227e+18;https://www.tiktok.com/@th.official.channel/video/7530969494538226962;th.official.channel;Mua đồ uống TH - Trúng hơn 500.000 giải thưởng;Mua đồ uống TH - Trúng hơn 500.000 giải thưởng;True;;0;;0;;0;5178;42;1171;545;10000000;6936;0.0006936;High;10;Very short;2025-07-25 10:47:58+00:00;2025-07-25 17:47:58+07:00;2025-07-25;2025.0;7.0;17.0;Friday
7.530968417990413e+18;https://www.tiktok.com/@th.official.channel/video/7530968417990413575;th.official.channel;Mua đồ uống TH - Trúng hơn 500.000 giải thưởng;Mua đồ uống TH - Trúng hơn 500.000 giải thưởng;True;;0;;0;;0;5105;60;942;540;9000000;6647;0.0007385555555555556;High;10;Very short;2025-07-25 10:43:47+00:00;2025-07-25 17:43:47+07:00;2025-07-25;2025.0;7.0;17.0;Friday
7.53060191222011e+18;https://www.tiktok.com/@th.official.channel/video/7530601912220110087;th.official.channel;Sữa chua TH true YOGURT - Vị Ngon Thật Sự Thiên Nhiên;Sữa chua TH true YOGURT - Vị Ngon Thật Sự Thiên Nhiên;True;;0;;0;;0;5848;94;2185;546;11700000;8673;0.0007412820512820513;Very High;17;Short;2025-07-24 11:01:34+00:00;2025-07-24 18:01:34+07:00;2025-07-24;2025.0;7.0;18.0;Thursday
7.530601560926195e+18;https://www.tiktok.com/@th.official.channel/video/7530601560926194952;th.official.channel;Sữa chua TH true YOGURT - Vị Ngon Thật Sự Thiên Nhiên;Sữa chua TH true YOGURT - Vị Ngon Thật Sự Thiên Nhiên;True;;0;;0;;0;4305;35;1455;501;10600000;6296;0.0005939622641509434;High;22;Short;2025-07-24 11:00:12+00:00;2025-07-24 18:00:12+07:00;2025-07-24;2025.0;7.0;18.0;Thursday
7.530601144939318e+18;https://www.tiktok.com/@th.official.channel/video/7530601144939318535;th.official.channel;Sữa chua TH true YOGURT - Vị Ngon Thật Sự Thiên Nhiên;Sữa chua TH true YOGURT - Vị Ngon Thật Sự Thiên Nhiên;True;;0;;0;;0;5767;76;1662;606;11700000;8111;0.0006932478632478633;Very High;17;Short;2025-07-24 10:58:35+00:00;2025-07-24 17:58:35+07:00;2025-07-24;2025.0;7.0;17.0;Thursday
7.530600979776015e+18;https://www.tiktok.com/@th.official.channel/video/7530600979776015624;th.official.channel;Sữa chua TH true YOGURT - Vị Ngon Thật Sự Thiên Nhiên;Sữa chua TH true YOGURT - Vị Ngon Thật Sự Thiên Nhiên;True;;0;;0;;0;4628;45;1813;492;10600000;6978;0.0006583018867924529;High;18;Short;2025-07-24 10:57:56+00:00;2025-07-24 17:57:56+07:00;2025-07-24;2025.0;7.0;17.0;Thursday
7.527988509655764e+18;https://www.tiktok.com/@th.official.channel/video/7527988509655764232;th.official.channel;"Sữa Uống Lên Men TH true YOGURT PROBIOTICS - 18 Tỷ Lợi Khuẩn 
#THtrueYOGURTPROBIOTICS";Sữa Uống Lên Men TH true YOGURT PROBIOTICS - 18 Tỷ Lợi Khuẩn #THtrueYOGURTPROBIOTICS;True;#THtrueYOGURTPROBIOTICS;1;;0;;0;9453;92;3003;1003;17200000;13551;0.0007878488372093023;Very High;15;Very short;2025-07-17 10:00:13+00:00;2025-07-17 17:00:13+07:00;2025-07-17;2025.0;7.0;17.0;Thursday
7.52798831189433e+18;https://www.tiktok.com/@th.official.channel/video/7527988311894330642;th.official.channel;"Sữa Uống Lên Men TH true YOGURT PROBIOTICS - 18 Tỷ Lợi Khuẩn 
#THtrueYOGURTPROBIOTICS";Sữa Uống Lên Men TH true YOGURT PROBIOTICS - 18 Tỷ Lợi Khuẩn #THtrueYOGURTPROBIOTICS;True;#THtrueYOGURTPROBIOTICS;1;;0;;0;8842;71;2806;943;17200000;12662;0.0007361627906976744;Very High;15;Very short;2025-07-17 09:59:27+00:00;2025-07-17 16:59:27+07:00;2025-07-17;2025.0;7.0;16.0;Thursday
7.52798616795908e+18;https://www.tiktok.com/@th.official.channel/video/7527986167959080200;th.official.channel;"Sữa Uống Lên Men TH true YOGURT PROBIOTICS - 18 Tỷ Lợi Khuẩn 
#THtrueYOGURTPROBIOTICS";Sữa Uống Lên Men TH true YOGURT PROBIOTICS - 18 Tỷ Lợi Khuẩn #THtrueYOGURTPROBIOTICS;True;#THtrueYOGURTPROBIOTICS;1;;0;;0;8648;101;2570;1006;17100000;12325;0.0007207602339181287;Very High;15;Very short;2025-07-17 09:51:08+00:00;2025-07-17 16:51:08+07:00;2025-07-17;2025.0;7.0;16.0;Thursday
7.527984070257692e+18;https://www.tiktok.com/@th.official.channel/video/7527984070257691922;th.official.channel;Sữa Uống Lên Men TH true YOGURT PROBIOTICS - 18 Tỷ Lợi Khuẩn #thtrueyogurtprobiotics ;Sữa Uống Lên Men TH true YOGURT PROBIOTICS - 18 Tỷ Lợi Khuẩn #thtrueyogurtprobiotics;True;#thtrueyogurtprobiotics;1;;0;;0;9124;95;2577;945;17200000;12741;0.0007407558139534883;Very High;15;Very short;2025-07-17 09:43:01+00:00;2025-07-17 16:43:01+07:00;2025-07-17;2025.0;7.0;16.0;Thursday
7.527273160094404e+18;https://www.tiktok.com/@th.official.channel/video/7527273160094403848;th.official.channel;TH true YOGURT TOPCUP - Thế Hệ Sữa Chua Mới;TH true YOGURT TOPCUP - Thế Hệ Sữa Chua Mới;True;;0;;0;;0;8750;260;2777;961;16200000;12748;0.0007869135802469135;Very High;23;Short;2025-07-15 11:44:19+00:00;2025-07-15 18:44:19+07:00;2025-07-15;2025.0;7.0;18.0;Tuesday
7.642387645326233e+18;https://www.tiktok.com/@enzohealth/video/7642387645326232862;enzohealth;Easy strategy to minimize microplastics from raw milk #health #healthmaxxing #rawmilk #microplastics #holistichealth ;Easy strategy to minimize microplastics from raw milk #health #healthmaxxing #rawmilk #microplastics #holistichealth;True;#health, #healthmaxxing, #rawmilk, #microplastics, #holistichealth;5;;0;;0;1334;87;41;153;25900;1615;0.06235521235521235;Low;33;Medium;2026-05-21 16:47:25+00:00;2026-05-21 23:47:25+07:00;2026-05-21;2026.0;5.0;23.0;Thursday
7.311156305551527e+18;https://www.tiktok.com/@mechangchangreview/video/7311156305551527175;mechangchangreview;Review nhanh sữa công thức pha sẵn TH true Formula #mechangchangreview #thtruemilk #thtrueformula #CelebrateLive #livefestvn2023 ;Review nhanh sữa công thức pha sẵn TH true Formula #mechangchangreview #thtruemilk #thtrueformula #CelebrateLive #livefestvn2023;True;#mechangchangreview, #thtruemilk, #thtrueformula, #CelebrateLive, #livefestvn2023;5;;0;;0;1103;208;399;234;195500;1944;0.00994373401534527;Medium;124;Long;2023-12-11 02:20:36+00:00;2023-12-11 09:20:36+07:00;2023-12-11;2023.0;12.0;9.0;Monday
7.588729435663257e+18;https://www.tiktok.com/@primalnathan/video/7588729435663256845;primalnathan;was eh #raw#rawfood#blood#rawdiet#rawmilk;was eh #raw#rawfood#blood#rawdiet#rawmilk;True;#raw, #rawfood, #blood, #rawdiet, #rawmilk;5;;0;;0;14;7;2;2;540;25;0.046296296296296294;Low;4;Very short;2025-12-28 02:26:33+00:00;2025-12-28 09:26:33+07:00;2025-12-28;2025.0;12.0;9.0;Sunday
7.640522597905616e+18;https://www.tiktok.com/@cqufifai060/video/7640522597905616136;cqufifai060;má nói là nhà mìn nghèo🥲#viral #fyp #xuhuong ;má nói là nhà mìn nghèo🥲#viral #fyp #xuhuong;True;#viral, #fyp, #xuhuong;3;;0;;0;312;33;6;7;3304;358;0.10835351089588378;Low;14;Very short;2026-05-16 16:10:05+00:00;2026-05-16 23:10:05+07:00;2026-05-16;2026.0;5.0;23.0;Saturday
7.636238635389472e+18;https://www.tiktok.com/@mama_bear_justice86/video/7636238635389472030;mama_bear_justice86;No caption;No caption;False;;0;;0;;0;2;0;0;0;93;2;0.021505376344086023;Low;49;Medium;2026-05-05 03:06:17+00:00;2026-05-05 10:06:17+07:00;2026-05-05;2026.0;5.0;10.0;Tuesday
7.630222667680861e+18;https://www.tiktok.com/@mikeyvaranakis/video/7630222667680861471;mikeyvaranakis;❤️❤️❤️;❤️❤️❤️;True;;0;;0;;0;25;1;0;0;367;26;0.07084468664850137;Low;20;Short;2026-04-18 22:01:10+00:00;2026-04-19 05:01:10+07:00;2026-04-19;2026.0;4.0;5.0;Sunday
7.639227842244513e+18;https://www.tiktok.com/@milklymontana/video/7639227842244513037;milklymontana;#stitch with @Tara 2/3#christiantiktok #fyp #god ;#stitch with @Tara 2/3#christiantiktok #fyp #god;True;#stitch, #christiantiktok, #fyp, #god;4;@Tara;1;;0;9;2;0;1;239;12;0.0502092050209205;Low;211;Very long;2026-05-13 04:25:52+00:00;2026-05-13 11:25:52+07:00;2026-05-13;2026.0;5.0;11.0;Wednesday
7.579142530919452e+18;https://www.tiktok.com/@quynn.vyy/video/7579142530919451925;quynn.vyy;"TH☀️true milk🌻
_pth_❤️‍🔥💋🙆🏼‍♀️";TH☀️true milk🌻 _pth_❤️‍🔥💋🙆🏼‍♀️;True;;0;;0;;0;801;19;369;94;16200;1283;0.07919753086419754;Low;12;Very short;2025-12-02 06:24:09+00:00;2025-12-02 13:24:09+07:00;2025-12-02;2025.0;12.0;13.0;Tuesday
7.476755198061334e+18;https://www.tiktok.com/@ochuong1989/video/7476755198061333781;ochuong1989;Trải nghiệm là trải ra rồi nghiệm 😁 #tieuhoc #hocsinhtieuhoc #hoatdongtrainghiem #giaovien #thinhhanh #xuhuong ;Trải nghiệm là trải ra rồi nghiệm 😁 #tieuhoc #hocsinhtieuhoc #hoatdongtrainghiem #giaovien #thinhhanh #xuhuong;True;#tieuhoc, #hocsinhtieuhoc, #hoatdongtrainghiem, #giaovien, #thinhhanh, #xuhuong;6;;0;;0;1588;77;96;273;396500;2034;0.005129886506935687;Medium;33;Medium;2025-03-01 08:28:57+00:00;2025-03-01 15:28:57+07:00;2025-03-01;2025.0;3.0;15.0;Saturday
7.643400768430673e+18;https://www.tiktok.com/@caothanhhang15/video/7643400768430673170;caothanhhang15;#xuhuong #thanglabo;#xuhuong #thanglabo;True;#xuhuong, #thanglabo;2;;0;;0;24;10;1;1;153;36;0.23529411764705882;Low;23;Short;2026-05-24 10:18:47+00:00;2026-05-24 17:18:47+07:00;2026-05-24;2026.0;5.0;17.0;Sunday
7.626740122825887e+18;https://www.tiktok.com/@biohackingboys/video/7626740122825887008;biohackingboys;Drink some real milk 🥛 #rawmilk #primal #primaldiet #aajonus ;Drink some real milk 🥛 #rawmilk #primal #primaldiet #aajonus;True;#rawmilk, #primal, #primaldiet, #aajonus;4;;0;;0;7431;308;588;604;269000;8931;0.03320074349442379;Medium;15;Very short;2026-04-09 12:46:58+00:00;2026-04-09 19:46:58+07:00;2026-04-09;2026.0;4.0;19.0;Thursday
7.642438410107375e+18;https://www.tiktok.com/@mells.bellz/video/7642438410107374870;mells.bellz;Just a few hour’s later … #cows #dairyfarming #milking #agri #farming ;Just a few hour’s later … #cows #dairyfarming #milking #agri #farming;True;#cows, #dairyfarming, #milking, #agri, #farming;5;;0;;0;1240;12;29;61;23500;1342;0.057106382978723405;Low;14;Very short;2026-05-21 20:04:20+00:00;2026-05-22 03:04:20+07:00;2026-05-22;2026.0;5.0;3.0;Friday
7.619709087747493e+18;https://www.tiktok.com/@th.true.milk907/video/7619709087747493138;th.true.milk907;em đã làm gì mà anh đánh em… #xuhuong ;em đã làm gì mà anh đánh em… #xuhuong;True;#xuhuong;1;;0;;0;28;0;18;3;4402;49;0.01113130395274875;Low;14;Very short;2026-03-21 14:02:59+00:00;2026-03-21 21:02:59+07:00;2026-03-21;2026.0;3.0;21.0;Saturday
7.635763734421507e+18;https://www.tiktok.com/@maggynoms/video/7635763734421507358;maggynoms;"such a great find - tastes like the milk we drink when we visit India! @Costco Wholesale 

Let me know if you’ve tried this or what milk I should try next. 

#milk #costcofind #dairy #recommendations #coffee ";such a great find - tastes like the milk we drink when we visit India! @Costco Wholesale Let me know if you’ve tried this or what milk I should try next. #milk #costcofind #dairy #recommendations #coffee;True;#milk, #costcofind, #dairy, #recommendations, #coffee;5;@Costco;1;;0;25;4;0;1;1016;30;0.02952755905511811;Low;52;Medium;2026-05-03 20:23:22+00:00;2026-05-04 03:23:22+07:00;2026-05-04;2026.0;5.0;3.0;Monday
7.641783983931461e+18;https://www.tiktok.com/@logical_guy1/video/7641783983931460878;logical_guy1;Our ancestors had these machines which is why they never died ;Our ancestors had these machines which is why they never died;True;;0;;0;;0;46300;1024;2839;4378;585000;54541;0.09323247863247863;Medium;35;Medium;2026-05-20 01:44:55+00:00;2026-05-20 08:44:55+07:00;2026-05-20;2026.0;5.0;8.0;Wednesday
7.627480837206035e+18;https://www.tiktok.com/@_simi6290/video/7627480837206035715;_simi6290;#primal #rawmilk ;#primal #rawmilk;True;#primal, #rawmilk;2;;0;;0;1200;229;137;94;68400;1660;0.024269005847953218;Medium;6;Very short;2026-04-11 12:41:20+00:00;2026-04-11 19:41:20+07:00;2026-04-11;2026.0;4.0;19.0;Saturday
7.626158571532717e+18;https://www.tiktok.com/@theetruemilk/video/7626158571532717343;theetruemilk;"🎯🎯
#fypツ #curlsfordays ";🎯🎯 #fypツ #curlsfordays;True;#fypツ, #curlsfordays;2;;0;;0;55;0;1;0;550;56;0.10181818181818182;Low;15;Very short;2026-04-07 23:10:20+00:00;2026-04-08 06:10:20+07:00;2026-04-08;2026.0;4.0;6.0;Wednesday
7.63410266361722e+18;https://www.tiktok.com/@carot_3139/video/7634102663617219861;carot_3139;#capcut #yeunuoc #CapCut ;#capcut #yeunuoc #CapCut;True;#capcut, #yeunuoc, #CapCut;3;;0;;0;7329;463;3457;948;288400;12197;0.04229195561719833;Medium;15;Very short;2026-04-29 08:57:22+00:00;2026-04-29 15:57:22+07:00;2026-04-29;2026.0;4.0;15.0;Wednesday
7.572738122551807e+18;https://www.tiktok.com/@phuong_vuong_thi/video/7572738122551807250;phuong_vuong_thi;"Sữa chua uống tiệt trùng vị cam 180ml của TH true Milk bạn đã uống thử chưa??? 
#xuhuong #phuongthapcam #suachuauongtiettrung #suathtruemilk #thtruemilk ";Sữa chua uống tiệt trùng vị cam 180ml của TH true Milk bạn đã uống thử chưa??? #xuhuong #phuongthapcam #suachuauongtiettrung #suathtruemilk #thtruemilk;True;#xuhuong, #phuongthapcam, #suachuauongtiettrung, #suathtruemilk, #thtruemilk;5;;0;;0;16;4;15;5;9020;40;0.004434589800443459;Low;28;Short;2025-11-15 00:11:38+00:00;2025-11-15 07:11:38+07:00;2025-11-15;2025.0;11.0;7.0;Saturday
7.63066030775234e+18;https://www.tiktok.com/@taphoamini69/video/7630660307752340744;taphoamini69;Sữa TH thì kp bàn rùi nó thơm nó ngậy có đủ 3 loại ít đường, nhiều đường và k đường cho các mom lựa chọn phù hợp với miệng và sk của mình, mom nào muốn thử qua dòng k đường giống mình mà kbiet có hợp không thì mua thử combo 10 bịch về uống, ngon hợp thì sau mình mua hằn cả thùng nha #thtruemilk #thtruemilkkhongduong #suatuoi #suckhoe #xuhuong ;Sữa TH thì kp bàn rùi nó thơm nó ngậy có đủ 3 loại ít đường, nhiều đường và k đường cho các mom lựa chọn phù hợp với miệng và sk của mình, mom nào muốn thử qua dòng k đường giống mình mà kbiet có hợp không thì mua thử combo 10 bịch về uống, ngon hợp thì sau mình mua hằn cả thùng nha #thtruemilk #thtruemilkkhongduong #suatuoi #suckhoe #xuhuong;True;#thtruemilk, #thtruemilkkhongduong, #suatuoi, #suckhoe, #xuhuong;5;;0;;0;19;1;6;8;9442;34;0.003600932005930947;Low;20;Short;2026-04-20 02:19:24+00:00;2026-04-20 09:19:24+07:00;2026-04-20;2026.0;4.0;9.0;Monday
7.526068276514803e+18;https://www.tiktok.com/@th.official.channel/video/7526068276514802962;th.official.channel;Cùng đón xem nhóm bạn TH SQUAD ngăn chặn quái vật Hung Thần Lửa và giải cứu Tinh Cầu Chocomalt;Cùng đón xem nhóm bạn TH SQUAD ngăn chặn quái vật Hung Thần Lửa và giải cứu Tinh Cầu Chocomalt;True;;0;;0;;0;55;17;4;7;17100;83;0.004853801169590643;Low;32;Medium;2025-07-12 05:48:46+00:00;2025-07-12 12:48:46+07:00;2025-07-12;2025.0;7.0;12.0;Saturday
7.519862034113056e+18;https://www.tiktok.com/@th.official.channel/video/7519862034113056008;th.official.channel;"Sữa chua uống tiệt trùng TH true YOGURT TOPKID Khoẻ mạnh tự nhiên
#mua01thungtang01bobutmau #thtrueyogurttopkid #thtopkid ";Sữa chua uống tiệt trùng TH true YOGURT TOPKID Khoẻ mạnh tự nhiên #mua01thungtang01bobutmau #thtrueyogurttopkid #thtopkid;True;#mua01thungtang01bobutmau, #thtrueyogurttopkid, #thtopkid;3;;0;;0;10600;108;2232;1413;31200000;14353;0.0004600320512820513;Very High;38;Medium;2025-06-25 12:25:20+00:00;2025-06-25 19:25:20+07:00;2025-06-25;2025.0;6.0;19.0;Wednesday
7.519861400726949e+18;https://www.tiktok.com/@th.official.channel/video/7519861400726949138;th.official.channel;"Sữa chua uống tiệt trùng TH true YOGURT TOPKID Khoẻ mạnh tự nhiên
#mua01thungtang01bobutmau #thtrueyogurttopkid #thtopkid ";Sữa chua uống tiệt trùng TH true YOGURT TOPKID Khoẻ mạnh tự nhiên #mua01thungtang01bobutmau #thtrueyogurttopkid #thtopkid;True;#mua01thungtang01bobutmau, #thtrueyogurttopkid, #thtopkid;3;;0;;0;16800;186;5453;2346;44300000;24785;0.0005594808126410836;Very High;34;Medium;2025-06-25 12:22:53+00:00;2025-06-25 19:22:53+07:00;2025-06-25;2025.0;6.0;19.0;Wednesday
7.519737877241056e+18;https://www.tiktok.com/@th.official.channel/video/7519737877241056520;th.official.channel;Ghé thăm kênh youtube TH OFFICIAL CHANNEL vào 17h ngày 25/6 để đón xem những chuyến phiêu lưu của Cậu Bé Thần và Biệt Đội TH Squad tại tinh cầu Chocomalt;Ghé thăm kênh youtube TH OFFICIAL CHANNEL vào 17h ngày 25/6 để đón xem những chuyến phiêu lưu của Cậu Bé Thần và Biệt Đội TH Squad tại tinh cầu Chocomalt;True;;0;;0;;0;82;42;9;13;28100;146;0.0051957295373665485;Low;33;Medium;2025-06-25 04:23:35+00:00;2025-06-25 11:23:35+07:00;2025-06-25;2025.0;6.0;11.0;Wednesday
7.517995457348521e+18;https://www.tiktok.com/@th.official.channel/video/7517995457348521223;th.official.channel;"Nước uống Sữa trái cây TH true JUICE milk - Nguồn năng lượng hoàn toàn từ thiên nhiên

✨ Mua ngay Nước uống Sữa trái cây TH true JUICE milk để có cơ hội trúng Thẻ ngân hàng Bắc Á trị giá 20.000.000Đ và hơn 500.000 giải thưởng hấp dẫn khác. 

Tham gia ngay và xem thể lệ chi tiết tại: 
👉 Website: http://promotion.thbeverage.vn
👉 Zalo miniapp: https://zalo.me/s/3996317108174089494";Nước uống Sữa trái cây TH true JUICE milk - Nguồn năng lượng hoàn toàn từ thiên nhiên ✨ Mua ngay Nước uống Sữa trái cây TH true JUICE milk để có cơ hội trúng Thẻ ngân hàng Bắc Á trị giá 20.000.000Đ và hơn 500.000 giải thưởng hấp dẫn khác. Tham gia ngay và xem thể lệ chi tiết tại: 👉 Website: http://promotion.thbeverage.vn 👉 Zalo miniapp: https://zalo.me/s/3996317108174089494;True;;0;;0;http://promotion.thbeverage.vn, https://zalo.me/s/3996317108174089494;2;11600;151;2356;1400;24600000;15507;0.0006303658536585366;Very High;20;Short;2025-06-20 11:42:04+00:00;2025-06-20 18:42:04+07:00;2025-06-20;2025.0;6.0;18.0;Friday
7.517992024113483e+18;https://www.tiktok.com/@th.official.channel/video/7517992024113483015;th.official.channel;"Nước uống Sữa trái cây TH true JUICE milk - Nguồn năng lượng hoàn toàn từ thiên nhiên

✨ Mua ngay Nước uống Sữa trái cây TH true JUICE milk để có cơ hội trúng Thẻ ngân hàng Bắc Á trị giá 20.000.000Đ và hơn 500.000 giải thưởng hấp dẫn khác. 

Tham gia ngay và xem thể lệ chi tiết tại: 
👉 Website: http://promotion.thbeverage.vn
👉 Zalo miniapp: https://zalo.me/s/3996317108174089494";Nước uống Sữa trái cây TH true JUICE milk - Nguồn năng lượng hoàn toàn từ thiên nhiên ✨ Mua ngay Nước uống Sữa trái cây TH true JUICE milk để có cơ hội trúng Thẻ ngân hàng Bắc Á trị giá 20.000.000Đ và hơn 500.000 giải thưởng hấp dẫn khác. Tham gia ngay và xem thể lệ chi tiết tại: 👉 Website: http://promotion.thbeverage.vn 👉 Zalo miniapp: https://zalo.me/s/3996317108174089494;True;;0;;0;http://promotion.thbeverage.vn, https://zalo.me/s/3996317108174089494;2;13200;111;2013;1352;24600000;16676;0.0006778861788617886;Very High;20;Short;2025-06-20 11:28:47+00:00;2025-06-20 18:28:47+07:00;2025-06-20;2025.0;6.0;18.0;Friday
7.516845705982397e+18;https://www.tiktok.com/@th.official.channel/video/7516845705982397704;th.official.channel;"MỚI - Trà Ổi & Trà Tắc Tự Nhiên TH true TEA mang đến trải nghiệm uống thanh mát, đậm đà – sẵn sàng đồng hành cùng bạn trong từng khoảnh khắc của mùa hè.

Mua ngay Trà Ổi & Trà Tắc Tự Nhiên TH true TEA để có cơ hội trúng Thẻ ngân hàng Bắc Á trị giá 20.000.000Đ và hơn 500.000 giải thưởng hấp dẫn khác. ";MỚI - Trà Ổi & Trà Tắc Tự Nhiên TH true TEA mang đến trải nghiệm uống thanh mát, đậm đà – sẵn sàng đồng hành cùng bạn trong từng khoảnh khắc của mùa hè. Mua ngay Trà Ổi & Trà Tắc Tự Nhiên TH true TEA để có cơ hội trúng Thẻ ngân hàng Bắc Á trị giá 20.000.000Đ và hơn 500.000 giải thưởng hấp dẫn khác.;True;;0;;0;;0;20600;390;3147;2459;34300000;26596;0.0007753935860058309;Very High;15;Very short;2025-06-17 09:20:28+00:00;2025-06-17 16:20:28+07:00;2025-06-17;2025.0;6.0;16.0;Tuesday
7.514156785637297e+18;https://www.tiktok.com/@th.official.channel/video/7514156785637297416;th.official.channel;"""Topping"" năng lượng đón hè, nhận hơn 170.000 quà tặng - chương trình kết thúc ngày 31/08/2025 ";"""Topping"" năng lượng đón hè, nhận hơn 170.000 quà tặng - chương trình kết thúc ngày 31/08/2025";True;;0;;0;;0;25500;109;1725;1897;44000000;29231;0.0006643409090909091;Very High;31;Medium;2025-06-10 03:26:06+00:00;2025-06-10 10:26:06+07:00;2025-06-10;2025.0;6.0;10.0;Tuesday
7.514156456858422e+18;https://www.tiktok.com/@th.official.channel/video/7514156456858422535;th.official.channel;"""Topping"" năng lượng đón hè, nhận hơn 170.000 quà tặng - chương trình kết thúc ngày 31/08/2025 ";"""Topping"" năng lượng đón hè, nhận hơn 170.000 quà tặng - chương trình kết thúc ngày 31/08/2025";True;;0;;0;;0;28800;203;1984;1969;44000000;32956;0.000749;Very High;24;Short;2025-06-10 03:24:49+00:00;2025-06-10 10:24:49+07:00;2025-06-10;2025.0;6.0;10.0;Tuesday
7.514156211172888e+18;https://www.tiktok.com/@th.official.channel/video/7514156211172887815;th.official.channel;"""Topping"" năng lượng đón hè, nhận hơn 170.000 quà tặng - chương trình kết thúc ngày 31/08/2025 ";"""Topping"" năng lượng đón hè, nhận hơn 170.000 quà tặng - chương trình kết thúc ngày 31/08/2025";True;;0;;0;;0;33400;231;2748;2824;52600000;39203;0.0007453041825095057;Very High;29;Short;2025-06-10 03:23:53+00:00;2025-06-10 10:23:53+07:00;2025-06-10;2025.0;6.0;10.0;Tuesday
7.514155801368382e+18;https://www.tiktok.com/@th.official.channel/video/7514155801368382738;th.official.channel;"""Topping"" năng lượng đón hè, nhận hơn 170.000 quà tặng - chương trình kết thúc ngày 31/08/2025 ";"""Topping"" năng lượng đón hè, nhận hơn 170.000 quà tặng - chương trình kết thúc ngày 31/08/2025";True;;0;;0;;0;19400;98;1624;1739;41200000;22861;0.000554878640776699;Very High;24;Short;2025-06-10 03:22:16+00:00;2025-06-10 10:22:16+07:00;2025-06-10;2025.0;6.0;10.0;Tuesday
7.514155237838523e+18;https://www.tiktok.com/@th.official.channel/video/7514155237838523656;th.official.channel;"""Topping"" năng lượng đón hè, nhận hơn 170.000 quà tặng - chương trình kết thúc ngày 31/08/2025 ";"""Topping"" năng lượng đón hè, nhận hơn 170.000 quà tặng - chương trình kết thúc ngày 31/08/2025";True;;0;;0;;0;19000;135;1677;1696;39600000;22508;0.0005683838383838384;Very High;30;Short;2025-06-10 03:20:05+00:00;2025-06-10 10:20:05+07:00;2025-06-10;2025.0;6.0;10.0;Tuesday
7.498685926743281e+18;https://www.tiktok.com/@th.official.channel/video/7498685926743280904;th.official.channel;Bữa ăn tiện lợi và bổ dưỡng TH true FOOD;Bữa ăn tiện lợi và bổ dưỡng TH true FOOD;True;;0;;0;;0;2056;96;172;193;2000000;2517;0.0012585;High;19;Short;2025-04-29 10:51:16+00:00;2025-04-29 17:51:16+07:00;2025-04-29;2025.0;4.0;17.0;Tuesday
7.498683930485198e+18;https://www.tiktok.com/@th.official.channel/video/7498683930485198087;th.official.channel;TH true FOOD ngon lành, bổ dưỡng, không chất bảo quản;TH true FOOD ngon lành, bổ dưỡng, không chất bảo quản;True;;0;;0;;0;1806;44;91;194;2000000;2135;0.0010675;High;19;Short;2025-04-29 10:43:30+00:00;2025-04-29 17:43:30+07:00;2025-04-29;2025.0;4.0;17.0;Tuesday
7.498681785937595e+18;https://www.tiktok.com/@th.official.channel/video/7498681785937595666;th.official.channel;TH true FOOD Ngon tuyệt vời;TH true FOOD Ngon tuyệt vời;True;;0;;0;;0;1867;47;167;202;2000000;2283;0.0011415;High;15;Very short;2025-04-29 10:35:11+00:00;2025-04-29 17:35:11+07:00;2025-04-29;2025.0;4.0;17.0;Tuesday
7.498643495935069e+18;https://www.tiktok.com/@th.official.channel/video/7498643495935069458;th.official.channel;Bộ sản phẩm TH true FOOD bổ dưỡng an toàn cho cả gia đình;Bộ sản phẩm TH true FOOD bổ dưỡng an toàn cho cả gia đình;True;;0;;0;;0;1348;20;90;159;1900000;1617;0.0008510526315789474;High;30;Short;2025-04-29 08:06:35+00:00;2025-04-29 15:06:35+07:00;2025-04-29;2025.0;4.0;15.0;Tuesday
7.498641949671312e+18;https://www.tiktok.com/@th.official.channel/video/7498641949671312648;th.official.channel;Bộ sản phẩm TH true FOOD ngon - Tiện lợi - An toàn cho sức khoẻ;Bộ sản phẩm TH true FOOD ngon - Tiện lợi - An toàn cho sức khoẻ;True;;0;;0;;0;1523;34;124;172;2000000;1853;0.0009265;High;15;Very short;2025-04-29 08:00:36+00:00;2025-04-29 15:00:36+07:00;2025-04-29;2025.0;4.0;15.0;Tuesday
7.498571084774739e+18;https://www.tiktok.com/@th.official.channel/video/7498571084774739218;th.official.channel;Cháo tươi TH true FOOD;Cháo tươi TH true FOOD;True;;0;;0;;0;111;49;6;18;52700;184;0.00349146110056926;Medium;30;Short;2025-04-29 03:25:36+00:00;2025-04-29 10:25:36+07:00;2025-04-29;2025.0;4.0;10.0;Tuesday
7.49720673920967e+18;https://www.tiktok.com/@th.official.channel/video/7497206739209669904;th.official.channel;Ghé thăm trang trại TH thật sự thiên nhiên tại livestream trên kênh TIKTOK TH official channel từ 10h - 15h chủ nhật 27/4 này bạn nhé;Ghé thăm trang trại TH thật sự thiên nhiên tại livestream trên kênh TIKTOK TH official channel từ 10h - 15h chủ nhật 27/4 này bạn nhé;True;;0;;0;;0;2104;59;126;163;4400000;2452;0.0005572727272727273;High;23;Short;2025-04-25 11:11:23+00:00;2025-04-25 18:11:23+07:00;2025-04-25;2025.0;4.0;18.0;Friday
7.491946064984034e+18;https://www.tiktok.com/@th.official.channel/video/7491946064984034567;th.official.channel;Trà Xanh Vị Chanh Tự Nhiên TH true TEA - Đậm đà vị trà tự nhiên;Trà Xanh Vị Chanh Tự Nhiên TH true TEA - Đậm đà vị trà tự nhiên;True;;0;;0;;0;15800;164;700;185;6900000;16849;0.0024418840579710143;High;16;Short;2025-04-11 06:57:10+00:00;2025-04-11 13:57:10+07:00;2025-04-11;2025.0;4.0;13.0;Friday
7.491890685600157e+18;https://www.tiktok.com/@th.official.channel/video/7491890685600156946;th.official.channel;Trà tự nhiên TH true TEA - Đậm đà vị trà tự nhiên;Trà tự nhiên TH true TEA - Đậm đà vị trà tự nhiên;True;;0;;0;;0;21300;169;1137;1348;18900000;23954;0.0012674074074074074;Very High;30;Short;2025-04-11 03:22:20+00:00;2025-04-11 10:22:20+07:00;2025-04-11;2025.0;4.0;10.0;Friday
7.491885649977544e+18;https://www.tiktok.com/@th.official.channel/video/7491885649977543954;th.official.channel;Trà Ô Long Tự Nhiên TH true TEA - Đậm đà vị trà tự nhiên;Trà Ô Long Tự Nhiên TH true TEA - Đậm đà vị trà tự nhiên;True;;0;;0;;0;16600;169;853;690;11300000;18312;0.0016205309734513274;Very High;16;Short;2025-04-11 03:02:46+00:00;2025-04-11 10:02:46+07:00;2025-04-11;2025.0;4.0;10.0;Friday
7.491873283588115e+18;https://www.tiktok.com/@th.official.channel/video/7491873283588115719;th.official.channel;Trà Vải Tự Nhiên TH true TEA - Đậm đà vị trà tự nhiên;Trà Vải Tự Nhiên TH true TEA - Đậm đà vị trà tự nhiên;True;;0;;0;;0;16700;125;671;544;11000000;18040;0.00164;Very High;16;Short;2025-04-11 02:14:47+00:00;2025-04-11 09:14:47+07:00;2025-04-11;2025.0;4.0;9.0;Friday
7.491872578085162e+18;https://www.tiktok.com/@th.official.channel/video/7491872578085162258;th.official.channel;Trà Đào Tự Nhiên TH true TEA - Đậm đà vị trà tự nhiên;Trà Đào Tự Nhiên TH true TEA - Đậm đà vị trà tự nhiên;True;;0;;0;;0;9868;89;355;139;4200000;10451;0.0024883333333333333;High;16;Short;2025-04-11 02:12:00+00:00;2025-04-11 09:12:00+07:00;2025-04-11;2025.0;4.0;9.0;Friday
7.49163589101488e+18;https://www.tiktok.com/@th.official.channel/video/7491635891014880533;th.official.channel;Thức uống Sữa Lúa mạch TH true CHOCOMALT MISTORI nhai cực cuốn, uống cực ngon.;Thức uống Sữa Lúa mạch TH true CHOCOMALT MISTORI nhai cực cuốn, uống cực ngon.;True;;0;;0;;0;9964;179;405;128;2900000;10676;0.0036813793103448278;High;20;Short;2025-04-10 10:53:36+00:00;2025-04-10 17:53:36+07:00;2025-04-10;2025.0;4.0;17.0;Thursday
7.491633856022334e+18;https://www.tiktok.com/@th.official.channel/video/7491633856022334741;th.official.channel;Thức uống Sữa Lúa mạch TH true CHOCOMALT MISTORI với Thạch dừa giòn ngon;Thức uống Sữa Lúa mạch TH true CHOCOMALT MISTORI với Thạch dừa giòn ngon;True;;0;;0;;0;17600;296;507;371;6700000;18774;0.002802089552238806;High;20;Short;2025-04-10 10:45:40+00:00;2025-04-10 17:45:40+07:00;2025-04-10;2025.0;4.0;17.0;Thursday
7.489025344633163e+18;https://www.tiktok.com/@th.official.channel/video/7489025344633163028;th.official.channel;Hòa cùng thiên nhiên tại trang trại TH;Hòa cùng thiên nhiên tại trang trại TH;True;;0;;0;;0;15300;403;2656;2188;12400000;20547;0.001657016129032258;Very High;60;Medium;2025-04-03 10:03:19+00:00;2025-04-03 17:03:19+07:00;2025-04-03;2025.0;4.0;17.0;Thursday
7.488283870865968e+18;https://www.tiktok.com/@th.official.channel/video/7488283870865968389;th.official.channel;"Sữa chua uống tiệt trùng TH true YOGURT TOPKID - Khoẻ mạnh tự nhiên 
#th #topkid";Sữa chua uống tiệt trùng TH true YOGURT TOPKID - Khoẻ mạnh tự nhiên #th #topkid;True;#th, #topkid;2;;0;;0;12200;214;1193;1136;27800000;14743;0.0005303237410071943;Very High;14;Very short;2025-04-01 10:06:03+00:00;2025-04-01 17:06:03+07:00;2025-04-01;2025.0;4.0;17.0;Tuesday
7.488283589600087e+18;https://www.tiktok.com/@th.official.channel/video/7488283589600087351;th.official.channel;"Sữa chua uống tiệt trùng TH true YOGURT TOPKID 
#th #topkid";Sữa chua uống tiệt trùng TH true YOGURT TOPKID #th #topkid;True;#th, #topkid;2;;0;;0;15600;296;2011;1303;29500000;19210;0.0006511864406779661;Very High;15;Very short;2025-04-01 10:04:56+00:00;2025-04-01 17:04:56+07:00;2025-04-01;2025.0;4.0;17.0;Tuesday
7.488282415790607e+18;https://www.tiktok.com/@th.official.channel/video/7488282415790607621;th.official.channel;"Sữa chua uống tiệt trùng TH true YOGURT TOPKID - Lên men tự nhiên hoàn toàn từ sữa tươi
 #TH #topkid";Sữa chua uống tiệt trùng TH true YOGURT TOPKID - Lên men tự nhiên hoàn toàn từ sữa tươi #TH #topkid;True;#TH, #topkid;2;;0;;0;14100;153;1426;1271;28500000;16950;0.0005947368421052631;Very High;14;Very short;2025-04-01 10:00:23+00:00;2025-04-01 17:00:23+07:00;2025-04-01;2025.0;4.0;17.0;Tuesday
7.488281568591613e+18;https://www.tiktok.com/@th.official.channel/video/7488281568591613239;th.official.channel;"Sữa chua uống tiệt trùng TH true YOGURT TOPKID - Khoẻ mạnh tự nhiên

#TH #topkid ";Sữa chua uống tiệt trùng TH true YOGURT TOPKID - Khoẻ mạnh tự nhiên #TH #topkid;True;#TH, #topkid;2;;0;;0;11400;198;1306;1111;27300000;14015;0.0005133699633699634;Very High;13;Very short;2025-04-01 09:57:07+00:00;2025-04-01 16:57:07+07:00;2025-04-01;2025.0;4.0;16.0;Tuesday
7.487895161440194e+18;https://www.tiktok.com/@th.official.channel/video/7487895161440193813;th.official.channel;Thùng sữa lúa mạch TH true CHOCOMALT MISTORI có yến mạch - Bữa nhẹ năng động với yến mạch dạng hạt;Thùng sữa lúa mạch TH true CHOCOMALT MISTORI có yến mạch - Bữa nhẹ năng động với yến mạch dạng hạt;True;;0;;0;;0;2675;151;99;87;1200000;3012;0.00251;Medium;34;Medium;2025-03-31 08:57:40+00:00;2025-03-31 15:57:40+07:00;2025-03-31;2025.0;3.0;15.0;Monday
7.487894459808566e+18;https://www.tiktok.com/@th.official.channel/video/7487894459808566546;th.official.channel;Thức uống sữa trái cây TH true JUICE milk MISTORI với nhiều vị thơm ngon;Thức uống sữa trái cây TH true JUICE milk MISTORI với nhiều vị thơm ngon;True;;0;;0;;0;4415;137;127;69;1300000;4748;0.003652307692307692;Medium;32;Medium;2025-03-31 08:54:57+00:00;2025-03-31 15:54:57+07:00;2025-03-31;2025.0;3.0;15.0;Monday
