stt,urn,post_url,created_time,publish_time,content,images,videos,reactions_count,comments_count,reposts_count
1,urn:li:activity:7460951531622805504,https://www.linkedin.com/feed/update/urn:li:activity:7460951531622805504,2026-05-15 14:17:42,,"Ngày đẹp tháng tốt, kênh TikTok chính thức của Life At Vinamilk chính thức trình làng bà con rồi đây 🤩.Nhân dịp này để chúng mình tiết lộ 10 sự thật về Vinamilk mà chưa ai nói cho bạn biết nhé!👉 Follow TikTok để khám phá tất tần tật về ""cuộc sống Vinamilk"" nhé:https://lnkd.in/gsBra7wW💙hashtag#Vinamilkhashtag#LifeAtVinamilkhashtag#Corporatelife",,https://dms.licdn.com/playlist/vid/v2/D5605AQEr1L8qOZBWRA/mp4-720p-30fp-crf28/B56Z4qfvRaIoB4-/0/1778829457936?e=1781553600&v=beta&t=hq8Iapk7XmHaofpm8WdQKPXcazjO82X9tHHeBxtE6pA,576,8,5
2,urn:li:activity:7458340616305893376,https://www.linkedin.com/feed/update/urn:li:activity:7458340616305893376,2026-05-08 09:22:52,,"Tips đã có, cơ hội trong tay - chỉ chờ bạn nắm lấy!Bạn đã sẵn sàng chinh phục Vinamilk chưa? 💥💥💥Apply ngay tại:https://lnkd.in/gpK9FVDhhashtag#LifeAtVinamilkhashtag#Vinamilkhashtag#VinamilkCareershashtag#TuyenDung…xem thêm",,,430,5,44
3,urn:li:activity:7457693635871019009,https://www.linkedin.com/feed/update/urn:li:activity:7457693635871019009,2026-05-06 14:32:00,,"Dự án Vinamilk Care: 4 tháng mang ý tưởng ra đời thựcTại Vinamilk, người trẻ được trao cơ hội để làm thật, học thật và tạo ra giá trị thật. Từ một ý tưởng trên giấy, các Graduate Talents đã kiên trì thử nghiệm, tranh luận và tinh chỉnh, từng bước biến những insights, suy nghĩ ban đầu thành một dịch vụ có thật mang tên Vinamilk Care.👉 Mời bạn lướt hết album để khám phá hành trình hiện thực hóa ý tưởng Vinamilk Care!🥛 Gói Vinamilk Care đảm bảo đủ 2 ly sữa mỗi ngày cho ba mẹ, chọn Vinamilk Care để chân thành nói ""con yêu ba mẹ"" nhé:https://lnkd.in/giEMfwaMhashtag#Vinamilkhashtag#LifeAtVinamilkhashtag#GraduateTalentProgram",,,97,0,2
4,urn:li:activity:7453004747407556608,https://www.linkedin.com/feed/update/urn:li:activity:7453004747407556608,2026-04-23 16:00:01,,"Chúc mừng đội Marketing Vinamilk giành BRONZE WINNER – hạng mục Marketers | Vietnam Young Lions 2026 🦁Vietnam Young Lions là sân chơi sáng tạo, nơi các Marketers trẻ có cơ hội để bứt phá năng lực, thể hiện tư duy sắc bén, khả năng giải quyết bài toán kinh doanh thuyết phục cùng tinh thần cầu tiến không ngừng.🚀 Vượt qua hàng trăm đối thủ nặng ký, đồng đội Vinamilk đã ghi dấu ấn với giải thưởng Bronze Winner - minh chứng rõ nét cho tinh thần táo bạo nhà Vinamilk: dám nghĩ - dám làm - dám bước ra khỏi những giới hạn quen thuộc.Chúc mừng team Chillpion và đội Marketing Vinamilk!—Team Marketing Vinamilk luôn rộng cửa chào đón những người muốn học nhanh hơn, đi sâu hơn và tạo ra nhiều giá trị bền vững hơn:🔹 Category Marketing Director / Manager:https://lnkd.in/g3KsVMfK🔹 Brand Manager:https://lnkd.in/g_NnnzHt🔹 Assistant Brand Manager:https://lnkd.in/g2N6W4nF👉 Vào đội Vinamilk để cùng nuôi dưỡng những thế hệ “lions” tiếp theo!…xem thêm","https://media.licdn.com/dms/image/v2/D5622AQHMXW_Oq1gZcQ/feedshare-shrink_800/B56Z25OwJVKUAc-/0/1776929145812?e=1782345600&v=beta&t=g4Y5t0EnwgX9WDkLDkXinEzeE9UHgRD-QSldOaBos4I, https://media.licdn.com/dms/image/v2/D5622AQEC9pyAZg9uJg/feedshare-shrink_800/B56Z25OwlMGgAc-/0/1776929147627?e=1782345600&v=beta&t=kJnpBeIO8Itc4pljIAUrXvKVH90f1y7qIU6VEgVs80U",,301,1,2
5,urn:li:activity:7450900329002590208,https://www.linkedin.com/feed/update/urn:li:activity:7450900329002590208,2026-04-17 20:37:49,,"Ít kinh nghiệm thực chiến thì phải làm sao?Trong lúc Vinamilk đang ""mở cửa"" chào đón Thực tập sinh Chuỗi Cung Ứng, chúng mình gửi bạn 4 tips nhỏ để bạn thêm tự tin khi chuẩn bị hồ sơ ứng tuyển. 💪Thực tế, điều tạo nên khác biệt không nằm ở việc bạn đã làm được bao nhiêu, mà ở cách bạn nhìn nhận, chọn lọc và kể về những trải nghiệm đó thế nào.Chúc fresher táo bạo để bắt đầu, quyết tâm để theo đuổi và luôn là chính mình! 🔥🔥🔥---📌 Link ứng tuyển:https://lnkd.in/gzBDBERF⏰ Hạn nộp: ngày 25/04/2026hashtag#LifeAtVinamilkhashtag#Vinamilkhashtag#VinamilkCareershashtag#TuyenDung",,,434,4,31
6,urn:li:activity:7450035531851227136,https://www.linkedin.com/feed/update/urn:li:activity:7450035531851227136,2026-04-15 11:21:25,,"""Bắt đầu từ con số 0, bước ra thị trường và đối diện từng điểm bán, từng bài toán khó trong môi trường đầy cạnh tranh.Có những ngày đi nhiều, chạy nhiều, sai nhiều, nhưng cũng chính những ngày đó giúp mình học nhanh hơn và trưởng thành hơn từng chút một.""Đó là những chia sẻ rất thật từ Thiên Bảo - Vinamilk Sales Trainee thế hệ đầu tiên.👉 Cùng lướt hết album để khám phá hành trình 4 tháng xung trận của một Sales Trainee tại Vinamilk nhé!hashtag#LifeAtVinamilkhashtag#SalesTrainee…xem thêm",,,80,2,3
7,urn:li:activity:7447137695551737856,https://www.linkedin.com/feed/update/urn:li:activity:7447137695551737856,2026-04-07 11:26:27,,"🔥 Vinamilk chiêu mộ Thực tập sinh Chuỗi cung ứng!▪️ 350+ sản phẩm dinh dưỡng với tiêu chuẩn bảo quản cực kỳ khắt khe.▪️ Trăm nghìn điểm bán, trăm triệu khách hàng khắp Việt Nam & toàn thế giới.▪️ 14 trang trại – 14 nhà máy sữa – 2 Logistics Center và mạng lưới chuỗi cung ứng trải dài toàn quốc.👉 Làm sao để mỗi sản phẩm đến tay người tiêu dùng đúng - đủ - kịp thời - hiệu quả? Đó là những bài toán đội ngũ Chuỗi cung ứng Vinamilk đang giải mỗi ngày.Và hiện chúng tôi đang tìm 8–10 Thực tập sinh để cùng tham gia, cùng học và cùng lớn trong những bài toán rất thật ấy.Bạn và Vinamilk có thể là “perfect match” nếu bạn:▪️ Sinh viên năm cuối hoặc mới tốt nghiệp ≤ 1 năm;▪️ GPA ≥ 3.0/4.0 hoặc ≥ 7.5/10;▪️ Có tư duy logic, tư duy hệ thống; yêu thích phân tích số liệu;▪️ Cầu tiến và thực sự đam mê lĩnh vực Chuỗi cung ứng.Biến hoài bão thành thực cùng Vinamilk!Ứng tuyển ngay để bắt đầu hành trình của bạn tại một trong những hệ thống Supply Chain lớn nhất Việt Nam.---📌 Link ứng tuyển:https://lnkd.in/gzBDBERF⏰ Hạn nộp: ngày 25/04/2026hashtag#LifeAtVinamilkhashtag#SupplyChainhashtag#Internhashtag#TuyenDung","https://media.licdn.com/dms/image/v2/D5622AQExImNhLAp6bg/feedshare-shrink_800/B56Z1mMRG8KYAc-/0/1775535985547?e=1782345600&v=beta&t=v24QiOOxXQpsQ_6rNd17lh19_D9MSUVW8ugsS9NOPYg, https://media.licdn.com/dms/image/v2/D5622AQFt1ZCQD1FlRg/feedshare-shrink_800/B56Z1mMRJ_K0Ac-/0/1775535985881?e=1782345600&v=beta&t=sycCkyYFk_lF8RlXkAYV1DVHUe_hNDz0EqIlUe-vtRg, https://media.licdn.com/dms/image/v2/D5622AQHGxSxQzvoz7w/feedshare-shrink_800/B56Z1mMRGlKQAc-/0/1775535985682?e=1782345600&v=beta&t=mnnLG9ApWW5vxmsRDxDGapumhqOj-Rfk-9flLkzijV4, https://media.licdn.com/dms/image/v2/D5622AQGxh-NYZpUVoQ/feedshare-image-high-res/B56Z1mMQcKHoAU-/0/1775535982552?e=1782345600&v=beta&t=b5FdKZ9Bhjc1p7tw-_Sa0L1p7F3Z9okHwKkOaCrpwU8",,592,3,21
8,urn:li:activity:7444926353109573632,https://www.linkedin.com/feed/update/urn:li:activity:7444926353109573632,2026-04-01 08:59:22,,"""Sao phải thay đổi, khi mọi thứ đang tốt?""Ngày 26/03 vừa qua, Life At Vinamilk có cơ hội ngồi lại với các bạn sinh viên Đại học Văn Lang để cùng trao đổi về chủ đề ""Văn hóa Doanh nghiệp"".Trong buổi trò chuyện, nhiều góc nhìn rất mới đã được mở ra. Mỗi câu hỏi mang lại những suy tư, phản chiếu tinh thần cầu tiến của thế hệ trẻ Việt Nam.Dưới góc nhìn đó, hành trình 50 năm của Vinamilk hiện lên đầy táo bạo: chủ động bước ra khỏi vùng an toàn, chủ động đổi mới chính mình nhưng những giá trị cốt lõi vẫn được gìn giữ và tiếp nối theo thời gian.👉 Bản full cảm nhận của VLU-ers tại phần bình luận, mời bạn đón đọc.…xem thêm",,,199,4,8
9,urn:li:activity:7443548933441851392,https://www.linkedin.com/feed/update/urn:li:activity:7443548933441851392,2026-03-28 13:46:00,,"1 giờ tắt đèn chỉ là bước khởi đầu. 365 ngày không ngừng nỗ lực và hành động mới tạo nên thay đổi lớn.Hành trình ấy rất cần sự chung tay của BẠN. Cùng nhau làm nên nhiều điều ""đáng làm"" cho Trái Đất nhé!hashtag#LifeAtVinamilkhashtag#GioTraiDathashtag#EarthHour2026…xem thêm","https://media.licdn.com/dms/image/v2/D5622AQGXmlyHhrW10g/feedshare-shrink_800/B56Z0zMTHqK0Ac-/0/1774680355585?e=1782345600&v=beta&t=neUx-XvvL-65nAEBYDw6z6Rz6VXHbNpe3h4n_IEdy54, https://media.licdn.com/dms/image/v2/D5622AQH59M2QSPvMZA/feedshare-shrink_800/B56Z0zMTbsIMAc-/0/1774680356810?e=1782345600&v=beta&t=DuOI_cthUHa0U_iVAdspKimRz7y1p6hpnMSKdQepw1M, https://media.licdn.com/dms/image/v2/D5622AQGEHWzRavndjw/feedshare-shrink_800/B56Z0zMTduGYAc-/0/1774680356961?e=1782345600&v=beta&t=McRdTiJYfiJ6bZHIQzJEJWfIeSlbksb1pVY1rY7SpWM, https://media.licdn.com/dms/image/v2/D5622AQFJaaBouOlHtw/feedshare-shrink_800/B56Z0zMTfvGYAc-/0/1774680357104?e=1782345600&v=beta&t=0w18YyHjvmTTS1QLrpjMZU_5pdHHKq9kKDCnzKsFBdo",,95,1,0
10,urn:li:activity:7443476962934771712,https://www.linkedin.com/feed/update/urn:li:activity:7443476962934771712,2026-03-28 09:00:01,,"“Làm sao để các bạn trẻ hiểu Net Zero bắt đầu từ thói quen sống xanh mỗi ngày?”Đó là trăn trở lớn nhất của đội CSR nhà Vinamilk, và cũng là lý do chúng mình triển khai Workshop Net Zero tại Nhà Văn hoá Sinh viên TP. Hồ Chí Minh tuần vừa qua.Không chỉ là hoạt động cuối tuần, tụi mình mong mỗi trải nghiệm nhỏ sẽ để lại một thói quen tốt, góp phần xây dựng một Việt Nam xanh hơn từng ngày. 💚Từ quá trình chuẩn bị đến những khoảnh khắc tại booth, đội ngũ Vinamilk chăm chút từng chi tiết để việc sống xanh trở nên gần gũi và dễ bắt đầu hơn với mọi người.👉 Lướt album để khám phá trọn vẹn hành trình Workshop Net Zero cùng Vinamilk nhé!hashtag#Vinamilkhashtag#LifeAtVinamilkhashtag#NhaVanhoaSinhVienhashtag#NgayHoiSucTre2026hashtag#NetZerohashtag#CSR…xem thêm",,,46,2,0
11,urn:li:activity:7442218578826870784,https://www.linkedin.com/feed/update/urn:li:activity:7442218578826870784,2026-03-24 21:39:38,,"🍀48 GIỜ PHỦ XANH NGÀY HỘI SỨC TRẺ SINH VIÊN TP.HCM🍀Tin được không? Gần 16.000 vỏ giấy được thu gom chỉ trong 2 ngày - nếu nối liền những vỏ hộp này, chúng ta sẽ có một ""tòa nhà sữa"" cao gấp 6 lần tòa Landmark 81 đó!😲Tại ngày hội, Vinamilk đã tổ chức loạt hoạt động thú vị nhằm nâng cao thói quen sống bền vững:♻️ Gần 110kg vỏ giấy được ""tái sinh"" cuộc đời mới có ý nghĩa hơn, bảo vệ môi trường hơn.🪴 60 tiểu cảnh xanh được tạo nên bởi các bạn học sinh, sinh viên khéo tay hay làm.🥛 Hơn 2.900 sản phẩm từ sữa đến nước dừa được các bạn trẻ thưởng thức ngon lành.Mỗi hành động nhỏ của bạn đều góp phần tạo nên những thay đổi tích cực cho môi trường. Hãy tiếp tục lan tỏa lối sống xanh đến những người xung quanh, bạn nhé!*Vỏ hộp sữa 180ml sau khi làm dẹp cao ~17 cm17 cm × 16.000 vỏ giấy = 2.720 mhashtag#Vinamilkhashtag#LifeAtVinamilkhashtag#NhaVanhoaSinhvienhashtag#NgayHoiSucTre2026hashtag#NetZero…xem thêm","https://media.licdn.com/dms/image/v2/D5622AQEFA0gkOsDJew/feedshare-shrink_800/B56Z0gSWm0JwAg-/0/1774363176157?e=1782345600&v=beta&t=bqDjvPIy1GJz4DPjCfxOF274Ess22oQr7AkHSTBw2Pg, https://media.licdn.com/dms/image/v2/D5622AQENCsK-eaZ2hQ/feedshare-shrink_800/B56Z0gSV87JIAc-/0/1774363173069?e=1782345600&v=beta&t=QlW7sJk3bbbavysbapEQ5nRWuy2BeZl36q_BK5OUG68, https://media.licdn.com/dms/image/v2/D5622AQGCfO9dOBDeIw/feedshare-shrink_800/B56Z0gSWagKYAg-/0/1774363175035?e=1782345600&v=beta&t=6CqE0yXYuCo2UPPmfDE-e0uST4oEY0E0yoNqA69MsM4, https://media.licdn.com/dms/image/v2/D5622AQFOFTXul51_vQ/feedshare-shrink_800/B56Z0gSWktJMAk-/0/1774363175595?e=1782345600&v=beta&t=WIdJDXg5eSrDux0Fv6hXXEvh0OhNS5waR-mVybw6FPU",,48,1,2
12,urn:li:activity:7440581028252991488,https://www.linkedin.com/feed/update/urn:li:activity:7440581028252991488,2026-03-20 09:12:36,,"Đừng quên cuối tuần này có hẹn với Vinamilk tại Làng đại học nha!Workshop Net Zero chờ bạn tới ""điểm danh” tại Ngày hội Sức trẻ HSSV TP. Hồ Chí Minh.Chỉ cần chuẩn bị vỏ hộp sữa rỗng, ghé booth Vinamilk là có cơ hội tham gia loạt hoạt động vui hết cỡ:✨ Trải nghiệm DIY tái sinh vỏ hộp thành set tiểu cảnh trang trí✨ Đổi 15 vỏ hộp thức uỗng rỗng nhận quà xinh✨ Nhâm nhi Nước dừa Vinamilk miễn phíLưu ngay thời gian và địa điểm nè:📍 Gian hàng B.11 - B.14, Nhà Văn hoá Sinh viên – Khu đô thị ĐHQG TP. Hồ Chí Minh⏰ 8h00 – 17h00 | Thứ 7 & Chủ Nhật tuần này, 21–22/03/2026Cuối tuần này, sống xanh cùng Vinamilk nhé! 💚hashtag#Vinamilkhashtag#LifeAtVinamilkhashtag#NhaVanhoaSinhvienhashtag#NetZerohashtag#NgayhoiSuctreSinhvien2026…xem thêm",,,33,3,0
13,urn:li:activity:7440217742596538368,https://www.linkedin.com/feed/update/urn:li:activity:7440217742596538368,2026-03-19 09:09:02,,"Bạn có biết?🌎 140 quốc gia trên thế giới đã cam kết tiến về ""0"", trong đó Việt Nam cam kết đạt Net Zero vào 2050.🌎 Net Zero không chỉ là lời hứa, mà là cam kết lớn cần sự chung tay của tất cả chúng ta.💡 Chưa kể, mỗi giờ, mỗi phút, mỗi địa điểm, từ bữa cơm hàng ngày, đến di chuyển ngoài phố, hay nằm lướt điện thoại mỗi tối… sau mỗi hành động, chúng ta đều tạo ra khí thải CO₂ mà không hề hay biết!Vậy Net Zero thật sự là gì? Dấu chân carbon là gì? Và tại sao chúng ta cần đo lường dấu chân carbon?👉 Mời bạn lướt hết album để khám phá!hashtag#Vinamilkhashtag#LifeAtVinamilkhashtag#NetZero…xem thêm",,,272,6,12
14,urn:li:activity:7439135324439703552,https://www.linkedin.com/feed/update/urn:li:activity:7439135324439703552,2026-03-16 09:27:53,,"VINAMILK ĐỒNG HÀNH CÙNG RUNNERS YÊU SỨC KHỎE TẠI MĂNG ĐEN LALA TRAIL!🏃‍♂️‍➡️🌲Trong cái lạnh dưới 20°C đặc trưng của cao nguyên, hàng nghìn vận động viên băng qua cầu treo giữa núi rừng, nhảy qua thân gỗ đổ ngang lối, bước trên các tảng đá giữa dòng suối và sải bước ở những đoạn đường đất ôm trọn bởi rừng thông.Đồng hành cùng những bước chạy bền bỉ, Vinamilk Green Farm Cao Đạm tiếp năng lượng cho runners bằng 4.300 sản phẩm, tương đương gần 150kg ức gà*. Cú tiếp sức này “nhỏ mà có võ”, nhẹ bụng nhưng vẫn đủ dinh dưỡng giúp các runners đủ sức chinh phục mọi cung đường chạy, dù là ngày hay đêm, dù là 5-10-25-50-75 hay thậm chí 100km!Hẹn gặp lại bạn - những đồng run yêu thiên nhiên, quan tâm sức khỏe, tại những giải chạy tiếp theo nhé! 💫*25g đạm/2 hộp STTT 250ml và 5g đạm/hộp SCA25g đạm tương đương 80g ức gàhashtag#Vinamilkhashtag#LifeAtVinamilkhashtag#GreenFarmCaoDamhashtag#mangdenlalatrailbylivespo…xem thêm","https://media.licdn.com/dms/image/v2/D5622AQGc8ldqCs7TkA/feedshare-shrink_800/B56Zz0eJSzGkAg-/0/1773628069276?e=1782345600&v=beta&t=FbsIMAUpVKkQQRUPDJUuj6qswV_yNEqYH9RGHhATmD4, https://media.licdn.com/dms/image/v2/D5622AQFuN0tdu9e6DA/feedshare-shrink_800/B56Zz0eJTVJgAc-/0/1773628069322?e=1782345600&v=beta&t=EhSYNxUVhphLTGrz-vwNcNlvADP_O7zi9LAdGzGAR5s, https://media.licdn.com/dms/image/v2/D5622AQFRbBEnvBXfFA/feedshare-shrink_800/B56Zz0eI.0I0Ac-/0/1773628068022?e=1782345600&v=beta&t=BMQQTpDVumW2HiSQ-0hy0cH_4kYZEbuzF6GbDO9XQ7c, https://media.licdn.com/dms/image/v2/D5622AQH0jbOt0ELOmA/feedshare-shrink_800/B56Zz0eJUZKUAc-/0/1773628069456?e=1782345600&v=beta&t=d_pSLL5bIYWlcGeteVXS3Z7LORtWyqgsruM2Q49avok",,38,2,0
15,urn:li:activity:7439126998188257280,https://www.linkedin.com/feed/update/urn:li:activity:7439126998188257280,2026-03-16 08:54:48,,"WORKSHOP NET ZERO TẠI LÀNG ĐẠI HỌC – VINAMILK MỜI BẠN GHÉ CHƠI! 🌿Bạn muốn khám phá Net Zero từ A đến Z?! Hãy cùng Vinamilk tham gia Ngày hội Sức trẻ Học sinh Sinh viên nhé!Vinamilk đã chuẩn bị rất nhiều hoạt động thú vị đợi bạn đến “rinh” quà:✨ DIY tái sinh vỏ hộp làm hộp quà xịn✨ Thu gom vỏ hộp đổi quà xinh✨ Nhâm nhi Nước dừa Vinamilk miễn phíHãy bắt đầu “tích trữ” vỏ hộp từ bây giờ và mang đến gian hàng Vinamilk, để thực hành Sống Xanh theo một cách thật vui, thật dễ!Hẹn gặp nhau bạn nhé!- Địa điểm: Nhà Văn hóa Sinh viên – Khu đô thị ĐHQG (Số 1 Lưu Hữu Phước, phường Đông Hòa, TP.HCM)- Thời gian: 8h00 – 17h00 | Thứ 7 & Chủ Nhật tuần này 21-22/03/2026👉 Lướt album để khám phá chi tiết các hoạt động tại gian hàng Vinamilk.hashtag#Vinamilkhashtag#LifeAtVinamilkhashtag#NVHSVhashtag#NhaVanhoaSinhvien…xem thêm","https://media.licdn.com/dms/image/v2/D5622AQFB52T0oOeqBQ/feedshare-shrink_800/B56Zz0WlMWI0Ac-/0/1773626086449?e=1782345600&v=beta&t=ultC8DgrYhkLcZ6VY10rsyE7a4KWl_1NI9JQt-3-2fk, https://media.licdn.com/dms/image/v2/D5622AQHF_eaiVRsUhA/feedshare-shrink_800/B56Zz0WlFSHIAg-/0/1773626086014?e=1782345600&v=beta&t=mRnc1x-Fv-478ju4gv2fbJBrp_kFl7QtJvYGT45Y61s, https://media.licdn.com/dms/image/v2/D5622AQErf9juy848rA/feedshare-shrink_800/B56Zz0WlKcHoAc-/0/1773626086401?e=1782345600&v=beta&t=_LLEergSGQzd1II39Cax6FFlKUa2tt4DQVg7Muze8hc, https://media.licdn.com/dms/image/v2/D5622AQHeYoTmjtrhLg/feedshare-shrink_800/B56Zz0WlI1HIAc-/0/1773626086216?e=1782345600&v=beta&t=ZAmPXAdQuFCHkrWURLLkGTXyZBsQ9UIEeImdyt1SZcE",,97,4,1
16,urn:li:activity:7437087684814139392,https://www.linkedin.com/feed/update/urn:li:activity:7437087684814139392,2026-03-10 17:51:18,,"TÁI SINH VỎ XINH, GÓC LÀM VIỆC THÊM XINH 🌱Với các đồng đội Vinamilk, hành trình của vỏ hộp sữa không kết thúc mà được tái sinh thành nhiều hình hài khác nhau: từ ngôi nhà nhỏ xinh, mô hình trang trại, đến những tác phẩm nghệ thuật đầy sáng tạo.Từng chiếc vỏ hộp sau khi uống được các đồng đội làm sạch, cắt gấp, trang trí kỳ công để biến thành những sản phẩm thủ công độc đáo. Không chỉ người lớn mà cả các em bé cũng háo hức được ""tái sinh vỏ sinh"" cùng bố mẹ, góp phần bảo vệ Trái Đất xanh hơn và xanh hơn nữa.💪 Hành động nhỏ, tác động lớn, Vinamilk quyết tâm tiến tới Net Zero!hashtag#OurPowerOurPlanethashtag#EarthDay2026hashtag#EarthMonth2026…xem thêm",,,112,4,3
17,urn:li:activity:7435859274267983872,https://www.linkedin.com/feed/update/urn:li:activity:7435859274267983872,2026-03-07 08:30:02,,"Gửi lời cảm ơn đến nguồn năng lượng tích cực, bền bỉ và truyền cảm cảm hứng cho chúng ta mỗi ngày. 💝🌸💛Từ người mẹ nâng niu tổ ấm, người đồng đội thầm lặng góp sức tại khắp các cửa hàng, trang trại, nhà máy, văn phòng, hay các bé gái với những ước mơ lớn dần theo năm tháng - mỗi người đều mang trong mình một vẻ đẹp, sự tự tin và sức mạnh riêng.Chúc các chị em mãi tỏa hương, mãi khoe sắc để tạo nên nhiều điều đặc biệt và khác biệt nhé!hashtag#LifeAtVinamilkhashtag#HappyInternationalWomensDay…xem thêm","https://media.licdn.com/dms/image/v2/D5622AQGJus2y7z0yVQ/feedshare-shrink_800/B56ZzC5MFOHoAg-/0/1772796297989?e=1782345600&v=beta&t=aY7hInin2DcOhpupsXzt8PcSymU37aiz2N7BU1856G4, https://media.licdn.com/dms/image/v2/D5622AQGyYHWu7L5VbQ/feedshare-shrink_800/B56ZzC5LutJgAg-/0/1772796296370?e=1782345600&v=beta&t=KJIGYvFxn65jLxTaHZaFrGlxTEh9-K0Te0YJd23i6Js, https://media.licdn.com/dms/image/v2/D5622AQHEDEZ6_vZI8A/feedshare-shrink_800/B56ZzC5MgjH8Ak-/0/1772796299758?e=1782345600&v=beta&t=nPUr9O2Z218JNpCkC2CuQBEK-SP5im8q3tZky-yqx1o, https://media.licdn.com/dms/image/v2/D5622AQE2j_73T32N_Q/feedshare-shrink_800/B56ZzC5LTcKMAg-/0/1772796294687?e=1782345600&v=beta&t=_GcQBSbYBYds51IpnGHowFJSWpMF-Z6-NSvQGpilTC0",,64,2,0
18,urn:li:activity:7435284676799406080,https://www.linkedin.com/feed/update/urn:li:activity:7435284676799406080,2026-03-05 18:26:47,,"“Không framework hay case reference nào sẵn có. Không có quy trình hay đáp án để làm theo. Mình phải là người chủ động đi tìm lời giải mới.” – Nguyễn Hải Dương, Vinamilk Graduate Talent, chia sẻ sau 4 tháng đồng hành cùng Vinamilk.Tại Vinamilk, người trẻ được trao cơ hội để học nhanh, làm thật và bứt phá hết sức mình. ""Tốt chưa bao giờ là đủ tốt"" - đây cũng chính là tinh thần mà thế hệ siêu trẻ tại Vinamilk được truyền cảm hứng để tiến về phía trước mỗi ngày.👉 Lướt hết album để đọc chia sẻ của Dương về hành trình 4 tháng đầu tiên tại Vinamilk nhé!hashtag#Vinamilkhashtag#LifeAtVinamilkhashtag#GraduateTalentProgram…xem thêm",,,161,1,2
19,urn:li:activity:7433110530334138368,https://www.linkedin.com/feed/update/urn:li:activity:7433110530334138368,2026-02-27 18:27:30,,"Có những nghề mà lời cảm ơn dường như không bao giờ đủ...“Lương y như từ mẫu” không chỉ là một câu nói, mà là giá trị đã được gìn giữ và trao truyền qua nhiều thế hệ. Nhân Ngày Thầy thuốc Việt Nam, Vinamilk gửi lời tri ân sâu sắc đến tất cả y bác sĩ và nhân viên y tế - những người ngày đêm bền bỉ, tận tâm chăm sóc sức khỏe cho mỗi gia đình Việt. 👨‍⚕️ 👩‍⚕️Cảm ơn những bữa ăn vội, những ca trực dài, những đêm thức trắng và hơn hết là trái tim nhân hậu luôn hướng về cộng đồng.Chúc các “anh hùng áo trắng” luôn vững vàng, bình an và giữ trọn ngọn lửa yêu nghề để tiếp tục mang niềm vui và sức khỏe đến nhiều người hơn nữa. 💙hashtag#Vinamilkhashtag#LifeAtVinamilkhashtag#NgàyThầyThuốcViệtNam…xem thêm","https://media.licdn.com/dms/image/v2/D5622AQFhf6oECBkLKw/feedshare-shrink_800/B56Zye2oq2I0Ag-/0/1772191648683?e=1782345600&v=beta&t=sHI827GmcCOkXf5OZhoz2ps6A7nVBMpBTVG64kc3UN0, https://media.licdn.com/dms/image/v2/D5622AQH4d9_bGQTczA/feedshare-shrink_800/B56Zye2o1XHsAg-/0/1772191649532?e=1782345600&v=beta&t=77g6NzIGvyA3oJvoS0jIqZPGHLfIvAEjaI9RdvYYgbM, https://media.licdn.com/dms/image/v2/D5622AQGZ_x8IBbeW8g/feedshare-shrink_800/B56Zye2oy3KYAg-/0/1772191649305?e=1782345600&v=beta&t=U1vc_TnVeI0Iv_B-aasw-D50q6mD86PSSf6hjktjTys",,52,1,0
20,urn:li:activity:7427218056759754753,https://www.linkedin.com/feed/update/urn:li:activity:7427218056759754753,2026-02-11 12:12:55,,"Tết ai cũng có thứ muốn mang về nhà 🎁Với người Vinamilk,đó có thể là thành tựu sau một năm cố gắng,là những món quà dinh dưỡng biếu ông bà,là một cơ thể & tinh thần khỏe mạnh,hay khoản thưởng để lì xì đỏ tay cho cả nhà thêm vui.Nhưng Tết đâu cần phải thật lớn lao.Mang gì cũng được - miễn là bạn về, bạn khỏe, bạn vui.Vậy là nhà đã ấm, Tết đã lên hương.Và với chúng tôi, đó mới là món quà trọn vẹn nhất của mùa đoàn viên.Còn bạn, Tết này bạn mang gì về nhà? 💙hashtag#Vinamilkhashtag#LifeAtVinamilkhashtag#Tếthashtag#BínhNgọ…xem thêm","https://media.licdn.com/dms/image/v2/D5622AQG-jAyw_6Kl7g/feedshare-shrink_800/B56ZxLHcmGIoAk-/0/1770786769705?e=1782345600&v=beta&t=nTpIacQRU6jm1Pzfqcv6Qc3XgS39M4tOng9OwNKvWlQ, https://media.licdn.com/dms/image/v2/D5622AQFwoRsj82bkHg/feedshare-shrink_800/B56ZxLHdTKKQAg-/0/1770786772744?e=1782345600&v=beta&t=wSFnDRP3SqZ2bXcKUAKpiSmlHAod7ALburATUHlGsJs, https://media.licdn.com/dms/image/v2/D5622AQEmYKsRfDPRnA/feedshare-shrink_800/B56ZxLHbUkIoAg-/0/1770786764439?e=1782345600&v=beta&t=klXu_hzDgHKJBWvrtSPrfaWVFIaX8nBz9vWT7IbaIYI, https://media.licdn.com/dms/image/v2/D5622AQESxzjL9nDhIg/feedshare-shrink_800/B56ZxLHdD5JoAk-/0/1770786771620?e=1782345600&v=beta&t=6cPAOQMNO1c4HyG_iS505z9TgkmO9VBFnwwmeUFZhOE",,169,2,0
21,urn:li:activity:7426949413794746369,https://www.linkedin.com/feed/update/urn:li:activity:7426949413794746369,2026-02-10 18:25:26,,"Vinamilk đứng #1 trong tâm trí người tiêu dùng về An toàn thực phẩm. 🥇Theo khảo sát mới nhất vào tháng 1/2026 tại TP. HCM và Hà Nội, 70% người tiêu dùng cho rằng đây là yếu tố cực kỳ quan trọng khi lựa chọn sản phẩm và 64% cho biết mức độ quan tâm của họ đã tăng lên so với trước. Không chỉ là mối quan tâm, nỗi lo về an toàn thực phẩm là có thật, 81% người được hỏi từng gặp vấn đề sức khỏe liên quan đến an toàn thực phẩm. Điều này khiến niềm tin trở thành yếu tố chủ chốt dẫn dắt quyết định mua hàng.Trong bối cảnh đó, khi được hỏi về thương hiệu gắn với hình ảnh ""An toàn thực phẩm"", người tiêu dùng đã gọi tên Vinamilk với 31% Top-of-Mind - thể hiện rõ niềm tin mạnh mẽ của người tiêu dùng về chất lượng sản phẩm của Vinamilk! 🌟Niềm tin về chất lượng được xây dựng từ những giá trị Vinamilk luôn kiên định theo đuổi:✅ Chuỗi sản xuất khép kín, minh bạch✅ Quy chuẩn chất lượng và kiểm soát nghiêm ngặt✅ Bao bì rõ ràng, chuẩn hóa✅ Hiện diện mạnh mẽ tại hệ thống siêu thị - kênh mua sắm được người tiêu dùng tin cậy nhấtKết quả này là minh chứng cho cam kết bền bỉ của Vinamilk trong việc đặt an toàn và sức khỏe người tiêu dùng lên hàng đầu. Vinamilk luôn khắt khe nhất vì sức khỏe Việt Nam!hashtag#Vinamilkhashtag#LifeAtVinamilkhashtag#TuHaoVinamilk…xem thêm",,,72,1,2
22,urn:li:activity:7426869732102000640,https://www.linkedin.com/feed/update/urn:li:activity:7426869732102000640,2026-02-10 13:08:48,,"TAY CẦM MAI, VAI VẮT ĐÀOĐỒNG ĐỘI NHÀ AI ÁO DÀI XÚNG XÍNH! 🎊Không rõ truyền thống này có từ bao giờ, chỉ biết cứ độ cận Tết, người Vinamilk từ khắp văn phòng, trang trại, nhà máy đều nô nức diện áo dài. Mỗi mét vuông là biết bao nàng thơ chàng thơ. 😍Vui nhất là khi mọi người cùng nhau rủ nhau chụp hình Tết, nấu bánh chưng, trang trí góc làm việc, tổ chức văn nghệ mừng xuân và trao nhau những phần quà Tết ấm áp.🌟 Lướt hết album để ngắm những khoảnh khắc xúng xính ở Vinamilk nhé!hashtag#Vinamilkhashtag#LifeAtVinamilkhashtag#ChucXuanSungSuc…xem thêm","https://media.licdn.com/dms/image/v2/D5622AQEm4xW4uV9siw/feedshare-shrink_800/B56ZxGKpnHIoAg-/0/1770703723163?e=1782345600&v=beta&t=uOOZiMzqt-pD5B8tbmqSFM_az-DoHVH0zUZWcKEYTHA, https://media.licdn.com/dms/image/v2/D5622AQH8VfdYdaTFNQ/feedshare-shrink_800/B56ZxGKppGKUAg-/0/1770703723324?e=1782345600&v=beta&t=KSWjt8K9yWXd1vTHULJ2ZADcuAzcmgy92TYaQ6EUATc, https://media.licdn.com/dms/image/v2/D5622AQEhRZGZyBwwSA/feedshare-shrink_800/B56ZxGKpp4JIAk-/0/1770703723493?e=1782345600&v=beta&t=luTbv4wwSzmx9joJIX5k5noe2ixdO2o56Yz_NfiyVH8, https://media.licdn.com/dms/image/v2/D5622AQHx21jgHGfDEA/feedshare-shrink_800/B56ZxGKpjlHUAk-/0/1770703723039?e=1782345600&v=beta&t=oBDpQmeraTI9ON3WfRvFkiYIuwn1waT4dTCRzfo8nqc",,252,2,0
23,urn:li:activity:7425491011742773248,https://www.linkedin.com/feed/update/urn:li:activity:7425491011742773248,2026-02-06 17:50:16,,"ỨNG TUYỂN HÔM NAY, RA TẾT GIA NHẬP VINAMILK NGAY!Cơ hội lớn cho những chiến binh Sales máu lửa, quyết liệt, đam mê kinh doanh, không ngại áp lực và khao khát bứt phá năng lực trong môi trường FMCG đầy thách thức.👉 Vinamilk đang tìm kiếm nhân tài cho các vị trí Sales với nhiều cơ hội phát triển:- Area Sales Manager (Trưởng Bán hàng vùng):https://lnkd.in/dnxR-9eX- Sales Supervisor (Giám sát Nhà phân phối):https://lnkd.in/d_4uFF9DTăng tốc mở rộng kinh doanh trên phạm vi toàn quốc, Vinamilk đang ấp ủ nhiều dự án lớn để cùng đội ngũ bứt phá năng lực, từ kinh doanh bán hàng, dịch vụ khách hàng cho tới đào tạo nhân lực, nâng chuẩn đội ngũ.Cơ hội lớn đây rồi, nộp ngay CV ngay tới:+ Anh Đỗ Đức Huy -ddhuy@vinamilk.com.vn- Khu vực Miền Bắc, Miền Trung.+ Chị Thùy Linh -nttlinh3@vinamilk.com.vn- Khu vực TP. Hồ Chí Minh, Miền Đông, Miền Tây.---Chỉ cần chung tinh thần, chung chí hướng, chung hành động, bạn và Vinamilk sẽ làm nên điều không tưởng.🔥 Tham khảo các vị trí khác tại:https://lnkd.in/gd756jqShashtag#Saleshashtag#ASMhashtag#SalesSupervisorhashtag#Vinamilkhashtag#LifeAtVinamilk…xem thêm","https://media.licdn.com/dms/image/v2/D5622AQEjFzMXmaDTCg/feedshare-shrink_800/B56ZwykuCrI8Ak-/0/1770375012736?e=1782345600&v=beta&t=zyOwKGFuGHxcNvpFfH0CWulzWVO5usotB-saBmsphpQ, https://media.licdn.com/dms/image/v2/D5622AQHxN_8hBhoUvg/feedshare-shrink_800/B56ZwykuN7HUAk-/0/1770375013506?e=1782345600&v=beta&t=Kz-KZKxtFH_O9tZiYIXjaF45_5l-ji_NMVcRyVZNRLs, https://media.licdn.com/dms/image/v2/D5622AQHa9KVtl1FnFg/feedshare-shrink_800/B56ZwykuThIEAg-/0/1770375013980?e=1782345600&v=beta&t=IOeOTMIOBmgT5CEIDH8npy_SqB3oB881R9ACZP9V5XM",,80,1,1
24,urn:li:activity:7425135283228069888,https://www.linkedin.com/feed/update/urn:li:activity:7425135283228069888,2026-02-05 18:16:43,,"KHI Ý TƯỞNG SÁNG TẠO ĐẾN TỪ CHÍNH NHỮNG KHÁCH HÀNG NHÍ!Nếu có một dự án khiến chúng mình vừa được ""cháy hết mình"" với những ý tưởng táo bạo, lại vừa được trở về thời thơ ấu… đó chắc chắn là ""Rừng Ơi, Mở Ra"" - bạn Việt Đức, thành viên nhóm 3 GTP chia sẻ.Chỉ vỏn vẹn 5 tuần, từ những buổi họp đầu tiên đến ngày chính thức “mang rừng ra cửa hàng”, các bạn Graduate Talents đã cùng nhau:💫 Đào sâu tất tần tật về thị trường, đi thực tế tại 18 cửa hàng, khảo sát 50 bố mẹ🥛 Thấu hiểu sản phẩm, được truyền cảm hứng từ câu chuyện ""Born to Care"" của Dielac🌳 Xây ý tưởng, dựng concept, chăm chút tới từng điểm chạm ở cửa hàng🏀 Teamwork đa phòng ban, có mentors đồng hành xuyên suốt💡Và hơn hết: dám chịu trách nhiệm cho một dự án lớnKết quả không chỉ mang lại hiệu quả kinh doanh, những nụ cười của các bạn nhỏ mà còn là sự trưởng thành của từng thành viên: tự chủ hơn, quyết liệt hơn và dám đặt mục tiêu cao hơn.💙Cùng đón chờ những dự án táo bạo tiếp theo của các tài năng trẻ GTP nhé!hashtag#Vinamilkhashtag#LifeAtVinamilkhashtag#DielacGrowPlushashtag#GraduateTalentProgram2025…xem thêm","https://media.licdn.com/dms/image/v2/D5622AQGV-q7DglTxlQ/feedshare-shrink_800/B56ZwthLrDKAAo-/0/1770290199463?e=1782345600&v=beta&t=ltZOUSr6TObzcpxR268J7NyWNWfjYGSYNc9p9Sys0Bs, https://media.licdn.com/dms/image/v2/D5622AQHUiRVDnrBktw/feedshare-shrink_800/B56ZwthL5nKYAk-/0/1770290200380?e=1782345600&v=beta&t=25yJcC_JlwldvaFUyezsR80Mxopbcb8qh8t8kNyYudw, https://media.licdn.com/dms/image/v2/D5622AQF9Go8mVTsmPQ/feedshare-shrink_800/B56ZwthMHDK4Ag-/0/1770290201290?e=1782345600&v=beta&t=ssCGHPfGm6jga-Ns_Yw08Z8jANYZ_WYHAzoacZBgEAU, https://media.licdn.com/dms/image/v2/D5622AQH0OHMMNJxGTg/feedshare-shrink_800/B56ZwthMNYGYAg-/0/1770290201701?e=1782345600&v=beta&t=WTbPRt5nljRqigE1OryhA_jhfhthHY7GPlxVwLH0ZJc",,64,2,0
25,urn:li:activity:7422852747055763456,https://www.linkedin.com/feed/update/urn:li:activity:7422852747055763456,2026-01-30 11:06:44,,"""TẠI SAO VINAMILK LIÊN TỤC MỞ TUYỂN CÁC VỊ TRÍ CỬA HÀNG?""🤔Vì mạng lưới hơn 800 cửa hàng Vinamilk khắp 3 miền và tăng tốc mở rộng thêm vào năm 2026!Vinamilk triệu tập những nhân tài có thế mạnh về mảng Thương mại, Phát triển thị trường và Đối tác và Vận hành bán lẻ. Đây là cơ hội cho những chiến binh D2C đa tài, đa năng:✅Xông pha lăn xả tại công ty FMCG hàng đầu Việt Nam, nơi tinh thần ""táo bạo - quyết liệt"" là DNA cốt lõi✅Dốc sức mang những sản phẩm dinh dưỡng chất lượng đến hàng triệu người tiêu dùng✅Biến mọi nỗ lực của mình thành những thay đổi thật, giá trị thật, đóng góp trực tiếp vào sự phát triển của kênh D2C Vinamilk📌Chi tiết công việc, mời bạn khám phá dưới phần bình luận nhé!Cùng nhau, chúng ta sẽ làm nên chuyện lớn.hashtag#Vinamilkhashtag#Tuyendunghashtag#LifeAtVinamilkhashtag#VinamilkCareers…xem thêm",,,127,3,7
26,urn:li:activity:7422473383537463296,https://www.linkedin.com/feed/update/urn:li:activity:7422473383537463296,2026-01-29 09:59:17,,"365 NGÀY LIFE AT VINAMILK TIẾP LỬA THẾ HỆ NHÂN TÀI SIÊU TRẺ!✨ 2 chương trình tuyển chọn thế hệ nhân tài siêu trẻ lần đầu tiên trình làng.✨ 6 dự án đột phá được lên ý tưởng và triển khai bởi chính những tân binh 2k tại Vinamilk.✨ 20+ ""cuộc hẹn hò"" với Vinamilk tại các trang trại cho đến nhà máy, từ trường đại học cho đến các cuộc thi toàn quốc.Tất cả vì một điều: phát triển một thế hệ không ngừng cầu tiến, thiết lập chuẩn mới chưa từng có vì Vinamilk, vì khách hàng, vì Việt Nam.Hành trình chào đón nhân tài 2026 vẫn tiếp tục mở ra. Cùng đón chờ nhé!hashtag#Vinamilkhashtag#LifeAtVinamilkhashtag#HoaiBaoThanhThuc…xem thêm",,,85,3,0
27,urn:li:activity:7419234478793080833,https://www.linkedin.com/feed/update/urn:li:activity:7419234478793080833,2026-01-20 11:29:02,,"TÌM NHÂN TÀI UX/UI GIẢI BÀI TOÁN LỚN!Với mục tiêu đồng bộ toàn bộ trải nghiệm số với diện mạo mới, Vinamilk hướng tới việc xây dựng một nền tảng hiện đại, kết nối với thế hệ người tiêu dùng trẻ trong thời đại mới.Những đề bài ""khó"" bạn sẽ giải mỗi ngày bao gồm:- Luôn tìm kiếm giải pháp sáng tạo để tạo ra trải nghiệm người dùng khác biệt, vì tốt thôi là chưa đủ.- Thiết kế sản phẩm end‑to‑end, không dừng ở user flow hay wireframe.- Chạm vào nhiều lĩnh vực cùng lúc: E-commerce, B2B Web Order, HRM, Retail Management,...Tại Vinamilk, mỗi quyết định thiết kế đều ảnh hưởng đến hàng triệu người dùng. Nếu bạn thích thử thách và muốn tạo sự khác biệt - đây là sân chơi dành cho bạn.🌟 Bắt cơ hội lớn, ứng tuyển ngay:https://lnkd.in/gRjcYA-y---💙 Khám phá các cơ hội nghề nghiệp khác tại:https://lnkd.in/gd756jqShashtag#Vinamilkhashtag#LifeAtVinamilkhashtag#VinamilkTuyenDunghashtag#UXUI…xem thêm",,,131,1,1
28,urn:li:activity:7419208790799212544,https://www.linkedin.com/feed/update/urn:li:activity:7419208790799212544,2026-01-20 09:46:57,,"✨ GRADUATE TALENTS HIỆN THỰC HÓA Ý TƯỞNG TÁO BẠO ✨Ngay sau khi gọi vốn thành công, các tài năng trẻ Vinamilk Graduate Talents - nhóm 1 đã từng bước biến những ý tưởng táo bạo thành hiện thực.5 tài năng trẻ ở 4 phòng ban đã ""xông đất"" 10 cửa hàng Vinamilk tại TP. Hồ Chí Minh với dòng sản phẩm FM Collection phiên bản giới hạn cùng hoạt động trải nghiệm mang tên “Đón 2026, Manifest đâu - Trúng đó”. Quên chuyện ăn 12 trái nho dưới gầm bàn hay bóc bánh quy may mắn đi nha, vì 2026 này, Vinamilk mang đến cho bạn một ""nghi thức manifest"" điều ước năm mới bách phát bách trúng. 🥂 😍Đón năm mới Bính Ngọ kiểu Vinamilk có gì, mời khám phá:✅ Nâng ly chúc mừng năm mới với 3 hương vị cocktail đặc biệt✅ Khám phá con số bí ẩn dưới đáy ly & nhận thông điệp cho năm mới✅ Tự tay trang trí Wishing Board để gửi gắm điều ước✅ Nhận sticker Vinamilk độc quyềnChương trình vẫn diễn ra tới hết 15/2/2026, check ngay danh sách cửa hàng dưới comment nha 👇Vinamilk còn nhiều dự án tiềm năng đang được ấp ủ lắm, cùng đón chờ nhé!hashtag#Vinamilkhashtag#LifeAtVinamilkhashtag#WishingBoard2026hashtag#FMCollection…xem thêm","https://media.licdn.com/dms/image/v2/D5622AQFe6r07edrdkw/feedshare-shrink_800/B56ZvZTDYWIYAg-/0/1768877209406?e=1782345600&v=beta&t=gJgrN2yd2qNoafGgarSkSlXQ2_r7b-L3ubcsh82Czeg, https://media.licdn.com/dms/image/v2/D5622AQH2tJK4gDg99g/feedshare-shrink_800/B56ZvZTBdMH4Ag-/0/1768877201502?e=1782345600&v=beta&t=YSQCXXpkQAHYPbv1y5s9Pq-BstvURauuCmVbslm9fMU, https://media.licdn.com/dms/image/v2/D5622AQFCdaS3m4p_Sw/feedshare-shrink_800/B56ZvZTEHUIoAg-/0/1768877212524?e=1782345600&v=beta&t=h88AHaXz-T6QhIO2iZSDeUlULisackZ4CLSmNDpjrOQ, https://media.licdn.com/dms/image/v2/D5622AQHvOgqY7tqvTQ/feedshare-shrink_800/B56ZvZTDisHMAg-/0/1768877210120?e=1782345600&v=beta&t=Gz9VAbnIIJQueqvM_c2604vJZkHlClyz8JG4Z2E_BSA",,162,2,0
29,urn:li:activity:7418138448022220800,https://www.linkedin.com/feed/update/urn:li:activity:7418138448022220800,2026-01-17 10:53:48,,"🌻Mùa xuân bừng sức sống tại trang trại Vinamilk🌻Mỗi độ xuân về, trang trại Vinamilk lại khoác lên mình một năng lượng rất “fresh”.Cánh đồng cỏ Mombasa xanh mướt chạy dài dưới nắng sớm, tiếng đồng đội rôm rả kể về chuyện đỡ sinh bé bê tối qua. 🐄Không khí tại 14 trang trại Vinamilk luôn trong lành, thoang thoảng hương của hơn 20 loại hạt, cỏ, hoa đang vào vụ.🍃Vườn cây trĩu quả, những ruộng lúa organic, những mầm bắp đang vươn mình,… tất cả tạo nên một mùa xuân tươi tốt và đầy cảm hứng. 🌽👉 Lướt album và cảm nhận trọn vẹn hơi thở mùa xuân đang lan khắp trang trại nhé!hashtag#Vinamilkhashtag#LifeAtVinamilkhashtag#TrangtraiVinamilk…xem thêm","https://media.licdn.com/dms/image/v2/D5622AQFtul2szPwZ_A/feedshare-shrink_800/B56ZvKFjDKHAAg-/0/1768622011553?e=1782345600&v=beta&t=iWhJjuQD6QA5wV5lA_o-Ffc1W7iYCriNoy7N0DSuTbM, https://media.licdn.com/dms/image/v2/D5622AQFAFO92q4CACw/feedshare-shrink_800/B56ZvKFmauIsAg-/0/1768622025831?e=1782345600&v=beta&t=aMhQZlSs7HjbuzUkSG94umkAFS0dOkNHqzmVyTuFYko, https://media.licdn.com/dms/image/v2/D5622AQHtsjBTtHeCBQ/feedshare-shrink_800/B56ZvKFh.HKwAg-/0/1768622007038?e=1782345600&v=beta&t=3Z8cs4nEC_jc3aoEkAr2NjGJZrrbAHriaXt2hpu7qoU, https://media.licdn.com/dms/image/v2/D5622AQHpum8BM7FhmA/feedshare-shrink_800/B56ZvKFlC2K0Ag-/0/1768622019973?e=1782345600&v=beta&t=C3LYSNYCM4L9GJzvEZB-ZCCRgz1yWZ7Mf1SusArbzGU",,125,1,3
30,urn:li:activity:7417082007303741440,https://www.linkedin.com/feed/update/urn:li:activity:7417082007303741440,2026-01-14 12:55:53,,"“Cái khó mới là cái đáng để làm. Và sẽ không ai thay mình làm.” — TGĐ Mai Kiều Liên.Vinamilk đang tìm kiếm những đồng đội chọn thử thách khó, cùng sánh vai, tiếp bước hành trình lịch sử nửa thế kỷ.Năm 2026 mở ra với hàng loạt dự án đầy thử thách và cơ hội bứt phá. Nếu bạn muốn bước vào sân chơi lớn và làm những điều đáng làm, ứng tuyển ngay:👉 Master Brand Strategy Manager: Dẫn dắt chiến lược thương hiệu tổng thể, định hình cách Vinamilk kết nối với người Việt Nam & toàn cầu.👉 Customer Engagement Specialist (CRM & Loyalty): Giải bài toán tối ưu hành trình trải nghiệm của hàng triệu khách hàng (customer journey) bằng dữ liệu, công nghệ và insight thật.📌 Chi tiết công việc ở phần bình luận.Chỉ cần bạn và Vinamilk có chung quyết tâm, chung chí hướng, chúng ta sẽ làm nên những điều không tưởng.---Khám phá tất tần tật các cơ hội nghề nghiệp khác tại:https://lnkd.in/gd756jqS…xem thêm","https://media.licdn.com/dms/image/v2/D5622AQHYZK89_tfZ1Q/feedshare-shrink_800/B56Zu7ExB8GcAg-/0/1768370151357?e=1782345600&v=beta&t=my7_uUorh2cRr5hdT2iGtzWYitstA_sA3C0sku5qTyk, https://media.licdn.com/dms/image/v2/D5622AQHJJZbJS3pzJQ/feedshare-shrink_800/B56Zu7ExBtJEAk-/0/1768370150035?e=1782345600&v=beta&t=ckswlDwDWQu7DofsCoDhvGm4JmAYliH4mUCA2QNe7tM, https://media.licdn.com/dms/image/v2/D5622AQHsV_vUbHNGLQ/feedshare-shrink_800/B56Zu7ExCEGwAk-/0/1768370150962?e=1782345600&v=beta&t=KZ6qfWskQhUyVcD3UpL4qQjECymEComcW2T0eI1z0cE",,193,2,1
31,urn:li:activity:7415983932950593536,https://www.linkedin.com/feed/update/urn:li:activity:7415983932950593536,2026-01-11 12:12:31,,"Đồng đội team cửa hàng Vinamilk luôn luôn để tâm, không ngừng nâng chuẩn và hết mình vì khách hàng. 💙Chúng tôi hướng đến bạn bằng tất cả quyết tâm và khả năng của mình. Mọi nỗ lực đều ""vì bạn"" và vì những người mà bạn thương quý! 🥰👉 Mời bạn lướt hết album để khám phá nhé!…xem thêm","https://media.licdn.com/dms/image/v2/D5622AQH5Y2vuAzOk5A/feedshare-shrink_800/B56ZureE2PHUAk-/0/1768108349106?e=1782345600&v=beta&t=zCMqmLb6mUrpD-Wvr_rjVLhjxj8oZyVZlHngVouPgF0, https://media.licdn.com/dms/image/v2/D5622AQGuyuM3vc-rxQ/feedshare-shrink_800/B56ZureE02IUAg-/0/1768108348846?e=1782345600&v=beta&t=wnlY1HWiW7GfH9OzCN6Y_mIYbRbfElApjo354raRET4, https://media.licdn.com/dms/image/v2/D5622AQHoCoJ4OltJHQ/feedshare-shrink_800/B56ZureE0aIsAg-/0/1768108350034?e=1782345600&v=beta&t=1MR2yyF9DleU0vujh00TAck27UX9I5ZxldSZjKTyowE, https://media.licdn.com/dms/image/v2/D5622AQF8GyVIiDkpsA/feedshare-shrink_800/B56ZureE0PHEAg-/0/1768108348082?e=1782345600&v=beta&t=YpPGo9KWR5iTJ5s8yOvk6PPeZ7bbOlNoaLwQvZqW57k",,67,1,1
32,urn:li:activity:7414142957483700226,https://www.linkedin.com/feed/update/urn:li:activity:7414142957483700226,2026-01-06 10:17:09,,"❗️CẢNH BÁO: LỪA ĐẢO TUYỂN DỤNG❗️Hiện nay, Life at Vinamilk ghi nhận rất nhiều trường hợp bị đối tượng xấu tiếp cận lừa đảo thông qua hình thức mạo danh tuyển dụng. Hãy chia sẻ ngay thông tin nhận biết để người nhà, người thân, bạn bè bạn cẩn trọng trước các thông tin sai sự thật!Dấu hiệu nhận biết tin tuyển dụng giả mạo:❌ Thiết kế không theo nhận diện thương hiệu Vinamilk❌ Email liên hệ không kết thúc bằng @vinamilk.com.vn❌ Nội dung tuyển dụng yêu cầu ứng viên đóng phí hoặc tham gia hội nhóm❌ Trang Facebook tuyển dụng bị đổi tên nhiều lần, không liên quan tới VinamilkRất mong quý khách hàng, đối tác, ứng viên luôn cảnh giác trước các nguồn thông tin để bảo vệ quyền lợi của mình. Nếu phát hiện dấu hiệu nghi ngờ, vui lòng liên hệ ngay với fanpage Life At Vinamilk để được xác minh.Vinamilk cảm ơn sự hợp tác của bạn!…xem thêm","https://media.licdn.com/dms/image/v2/D5622AQH99gjoChnKkQ/feedshare-shrink_800/B56ZuRTuQYGsAg-/0/1767669426644?e=1782345600&v=beta&t=cDpv_fYZuIEf63ogI3PGN4FhpJYtnxbdWaNsBqIOIbo, https://media.licdn.com/dms/image/v2/D5622AQFbdbg674Hb7Q/feedshare-shrink_800/B56ZuRTuQnIcAg-/0/1767669426478?e=1782345600&v=beta&t=xWtxTQGhZ0mgD4q4Mz1mSMnKbqRtlwKGCn-li_ZWI04, https://media.licdn.com/dms/image/v2/D5622AQEX0es8qFLlqg/feedshare-shrink_800/B56ZuRTuQ8JEAg-/0/1767669426894?e=1782345600&v=beta&t=_kAcmVVRlrm0BoF7lLOEiZm2pkxYEJ5uwze-gsLthe4, https://media.licdn.com/dms/image/v2/D5622AQELKA5ynfDyhg/feedshare-shrink_800/B56ZuRTuQ0KEAg-/0/1767669426680?e=1782345600&v=beta&t=zWS2ljM9a3MbRuK2jo9cIkuFkuVUcHIl5IYVe-u0TNU",,266,4,7
33,urn:li:activity:7413881268116873216,https://www.linkedin.com/feed/update/urn:li:activity:7413881268116873216,2026-01-05 16:57:17,,"CÁC ""ĐỒNG RUN"" ƠI, TỚI ĐIỂM DANH! 🏃‍♂️ 🔥Vinamilk mở màn năm 2026 đầy nhiệt huyết, mang tới Trạm tiếp đạm dành riêng cho các runners tại Cửa hàng Vinamilk Sarimi (Khu đô thị Sala). ""Đồng run"" nào muốn chạy bền, Vinamilk tiếp ngay 1 hộp Green Farm Cao Đạm Ít Béo, đủ chất, nhẹ bụng.Cảm ơn mọi người vì đã ghé booth, lan tỏa tinh thần chạy bền - lên đạm đúng cách - về đích nhẹ nhàng cùng Vinamilk.Hẹn gặp lại tại các cung chạy tiếp theo nhá! 😎hashtag#Vinamilkhashtag#LifeAtVinamilkhashtag#TiepDamVeDichhashtag#TramTiepDamhashtag#SuaHatCaoDam…xem thêm","https://media.licdn.com/dms/image/v2/D5622AQF5TdcTFq7x4Q/feedshare-shrink_800/B56ZuNliKyHgAg-/0/1767607003947?e=1782345600&v=beta&t=LHCKi5NmDYQvYHv3dlB69JZ-wiVDE34gCG4XQ6uh9hc, https://media.licdn.com/dms/image/v2/D5622AQGFGIhmTGaKNw/feedshare-shrink_800/B56ZuNliLfKgAg-/0/1767607012013?e=1782345600&v=beta&t=qTEjyJEiNRRy0hKtAJTy66h3V21Dc3lOKFePE0C7GA0, https://media.licdn.com/dms/image/v2/D5622AQE2n_DCersiCA/feedshare-shrink_800/B56ZuNliJbLAAk-/0/1767606989733?e=1782345600&v=beta&t=AJor-C9-3679CEmNdf-bu90r3IheKNIvOCB2Ll8bLWA, https://media.licdn.com/dms/image/v2/D5622AQEwSfU7nP3Z5Q/feedshare-shrink_800/B56ZuNliKnGsAk-/0/1767607004030?e=1782345600&v=beta&t=EQAp9CCYI9GvHqI7gONavcrwWJpQ7Cp4KslXY9-Bj0Y",,135,0,0
34,urn:li:activity:7411247197985513472,https://www.linkedin.com/feed/update/urn:li:activity:7411247197985513472,2025-12-29 10:30:26,,3 ngày nữa 2026 gõ cửa. Cùng hoàn thành checklist này trước khi đồng hồ điểm 0h. 🕛Để những ngày kết năm trở thành bước đệm cho một năm 2026 bứt phá! 💥💥💥Bởi vì: Không phải bây giờ thì bao giờ?hashtag#LifeAtVinamilkhashtag#Checklist2025…xem thêm,"https://media.licdn.com/dms/image/v2/D5622AQGz3F4zQcAsbw/feedshare-shrink_800/B56ZtoKCsoHAAg-/0/1766979023892?e=1782345600&v=beta&t=e-qzJ4zH9OtTYevz-gR5itYFtC4AusW10OSjWGeMmsM, https://media.licdn.com/dms/image/v2/D5622AQFd810-PZN63w/feedshare-shrink_800/B56ZtoKCsOHYAg-/0/1766979023730?e=1782345600&v=beta&t=JiDOrEuszSYhyMtUtOmEDJY7Up7qtHVGvJCgC52fMGY, https://media.licdn.com/dms/image/v2/D5622AQFHRVi8g-gfmA/feedshare-shrink_800/B56ZtoKCsIGwAg-/0/1766979023532?e=1782345600&v=beta&t=IhVZc0g78wdLThVN_qgPOEZaRVeZZV-Trp7I1jAImfE, https://media.licdn.com/dms/image/v2/D5622AQE_OrZVaBMTyQ/feedshare-shrink_800/B56ZtoKCrkHsAk-/0/1766979023319?e=1782345600&v=beta&t=lYP0jcHOMz9GCXCSSbA3-AmNvyLsbcpjJ3Cpa01mxig",,64,1,0
35,urn:li:activity:7409548753499557891,https://www.linkedin.com/feed/update/urn:li:activity:7409548753499557891,2025-12-24 18:01:25,,"Ồ lá laaa! Giáng Sinh đang rộn ràng rần rần khắp văn phòng Vinamilk rồi. Ai cũng xúng xính đồ xinh. Ngóc ngách nào cũng rực rỡ sắc màu. 🎊 🎁Đồng đội ơi, cùng “flex” những khoảnh khắc Giáng Sinh vui bất tận tại Vinamilk kèm hashtag hashtaghashtag#LifeAtVinamilknha! 😍…xem thêm","https://media.licdn.com/dms/image/v2/D5622AQGWGftac_d8gA/feedshare-shrink_800/B56ZtQBEjZK8Ag-/0/1766574033755?e=1782345600&v=beta&t=Ei-_ZIRF2Ws8LyZVaQPYmRsGiqishbDkoEGdNU2XupI, https://media.licdn.com/dms/image/v2/D5622AQEvVPLSiYriJQ/feedshare-shrink_800/B56ZtQBEb8LAAg-/0/1766574018974?e=1782345600&v=beta&t=JWpp9XfRbVjISmw7GWgaHxllXaaUvdEOemXMSNAMbO8, https://media.licdn.com/dms/image/v2/D5622AQHeFcJOKCC9dg/feedshare-shrink_800/B56ZtQBEcfJIAg-/0/1766574018268?e=1782345600&v=beta&t=4e05pMHj1c2JQ4e3Qe0vuICRs0ej-p8wANcz6AC-HUE, https://media.licdn.com/dms/image/v2/D5622AQG3cukTWIEyRQ/feedshare-shrink_800/B56ZtQBEy3G4Ak-/0/1766574038276?e=1782345600&v=beta&t=0exFZxYijLJHXjaA7Zi52lTerU9M3Dxq7MewFCTkAQE",,100,0,0
36,urn:li:activity:7408716100047134720,https://www.linkedin.com/feed/update/urn:li:activity:7408716100047134720,2025-12-22 10:52:45,,"Hành trình đổi mới sáng tạo của Vinamilk tiếp tục được công nhận!Tại Vạn Xuân Awards 2025 - Giải thưởng quảng cáo sáng tạo Việt Nam:🌟 Bà Mai Kiều Liên, CEO của Vinamilk được vinh danh Lãnh đạo truyền cảm hứng.🌟 Vinamilk Green Farm được gọi tên ở hạng mục Thương hiệu sáng tạo tiên phong.Đây là minh chứng cho nỗ lực không ngừng để mang đến giá trị tốt nhất cho người tiêu dùng Việt. Hãy tiếp tục theo dõi và ủng hộ Vinamilk trên hành trình này nhé!hashtag#LifeAtVinamilkhashtag#Vinamilkhashtag#GreenFarmhashtag#VanXuanAwards2025hashtag#Doimoisangtao","https://media.licdn.com/dms/image/v2/D5622AQEgnKAE5vAFsQ/feedshare-shrink_800/B56ZtEMBjGG8Ag-/0/1766375563118?e=1782345600&v=beta&t=XwjIQkz_LoElBYzHQt9NEZgMc8l3loY-LvCKBfISJpk, https://media.licdn.com/dms/image/v2/D5622AQHeSQU6pEatGQ/feedshare-shrink_800/B56ZtEMBiiIAAg-/0/1766375562757?e=1782345600&v=beta&t=HQf-8inIqWuLmA45e9OSIeySqk_dW0LzZBxG9vrd1kc, https://media.licdn.com/dms/image/v2/D5622AQEvndBodfV1Ew/feedshare-shrink_800/B56ZtEMBigG4Ag-/0/1766375563498?e=1782345600&v=beta&t=Jw370S8TdyqkiEVtSBa7vquKWGbVgqCIVQUjcE_RHy4, https://media.licdn.com/dms/image/v2/D5622AQHxmyszYUpKbw/feedshare-shrink_800/B56ZtEMBioIEA8-/0/1766375562722?e=1782345600&v=beta&t=4xKMfcLxY6E6S1tHUYOitedDQHgUKShY_Cg7L7MLsbA",,116,0,1
37,urn:li:activity:7408325349358415872,https://www.linkedin.com/feed/update/urn:li:activity:7408325349358415872,2025-12-21 09:00:03,,"Chỉ còn 3 ngày nữa tới Giáng Sinh và 10 ngày nữa tới 2026 rồi, mời đoàn mình tham khảo checklist dưới đây xem còn điều gì dang dở 🤔Ai còn chưa làm thì nhanh nhanh bắt tay hành động ngay thôi 💪💪Bởi vì: Không phải bây giờ thì bao giờ?hashtag#LifeAtVinamilkhashtag#Checklist2025…xem thêm","https://media.licdn.com/dms/image/v2/D5622AQGw_1rt2jJrRg/feedshare-shrink_800/B56Zs05R5zHsAg-/0/1766118990051?e=1782345600&v=beta&t=WvNUW97hnr5inbWu3vCssrg7IdwAJiUHsNV039_p9pY, https://media.licdn.com/dms/image/v2/D5622AQGayz-3PLd7-Q/feedshare-shrink_800/B56Zs05R5tJoAg-/0/1766118990460?e=1782345600&v=beta&t=zuqZtNyEY-e7oEeJRB3WgTxI-DcQ56fAMa183pfilrg, https://media.licdn.com/dms/image/v2/D5622AQGwv9noEeAveQ/feedshare-shrink_800/B56Zs05R5MIAAg-/0/1766118990195?e=1782345600&v=beta&t=5HIJW4-esyo8W_vT7yq1TaR0g2e1WJ5I-8MamSrgc58, https://media.licdn.com/dms/image/v2/D5622AQEJ_UkwqCd8XQ/feedshare-shrink_800/B56Zs05R6IJUAk-/0/1766118990261?e=1782345600&v=beta&t=1lrhxtJ522xKh3_dbeipanQtuh7boL3bQh9ImYkYv44",,48,0,0
38,urn:li:activity:7431910748261400576,https://www.linkedin.com/feed/update/urn:li:activity:7431910748261400576,2026-02-24 11:00:00,,"Rộn ràng xuân sang, người Vinamilk từ khắp phòng ban và đơn vị gửi đến bạn muôn vàn lời chúc đầu năm. 🌈😍“Tết khoẻ lên hương, năm Ngựa phi thường”. Chúc mừng năm mới!🐎🐎🐎🐎🐎🐎🐎🐎hashtag#Vinamilkhashtag#LifeAtVinamilk",,blob:https://www.linkedin.com/bdd1489f-8b4c-49b1-8ef1-02d3eaa2a641,81,1,3
39,urn:li:activity:7405910676910661632,https://www.linkedin.com/feed/update/urn:li:activity:7405910676910661632,2025-12-14 17:05:00,,"Hết năm tới nơi rồi, bạn đã điểm qua những điều đã đạt được trong năm 2025 chưa? 🤔Nếu còn điều gì chưa kịp làm, cùng Life AtVinamilkhoàn thành nốt trong 17 ngày cuối cùng nhé! 💪💙Bởi vì: Không phải bây giờ thì bao giờ?hashtag#LifeAtVinamilkhashtag#Checklist2025…xem thêm","https://media.licdn.com/dms/image/v2/D5622AQE-lbGcNBZJDQ/feedshare-shrink_800/B56ZscUgo6HIAk-/0/1765706698103?e=1782345600&v=beta&t=usIA8OJOadbB0DXLgVsKDRH4lKAlaiERldjfjgnU-V4, https://media.licdn.com/dms/image/v2/D5622AQEGVEs3JYPlPw/feedshare-shrink_800/B56ZscUgo8GsAg-/0/1765706698031?e=1782345600&v=beta&t=d4QHjC-TL6L8H9GyrpTcuPyvwtmtX-I-EL9HIpS0yV8, https://media.licdn.com/dms/image/v2/D5622AQFNIU1Djd0caA/feedshare-shrink_800/B56ZscUgoZGsAg-/0/1765706698455?e=1782345600&v=beta&t=CMsysfXYZFjAxcCDfBN1JzSQ46CyAyFXtyEKuzLk24E, https://media.licdn.com/dms/image/v2/D5622AQH3hhzRRut_Kw/feedshare-shrink_800/B56ZscUgo4HsAg-/0/1765706698014?e=1782345600&v=beta&t=yy5Vj0pdBpTOI26paJfOGvpNAV3oDHz28dxVzjboS3o",,123,1,3
40,urn:li:activity:7403639092850388992,https://www.linkedin.com/feed/update/urn:li:activity:7403639092850388992,2025-12-08 10:38:32,,"2 tuần lên ý tưởng, 3 tuần thi công cùng vô số bản vẽ - ""siêu sao"" nhà mới của Vinamilk đã hình thành như vậy đấy!Cùng lướt hết album để khám phá những góc nhỏ đầy tinh tế trong siêu cửa hàng Bùi Bằng Đoàn nhé 🤩Cho những ai tò mò: nhà mới Vinamilk luôn rộng cửa chào đón, mời bạn ghé chơi.📍 Địa chỉ: 11 Bùi Bằng Đoàn, phường Tân Hưng, TP.HCM.hashtag#LifeAtVinamilkhashtag#VinamilkStoreshashtag#Vinamilk","https://media.licdn.com/dms/image/v2/D5622AQFBuQS0zSc2-w/feedshare-shrink_800/B56Zr8Cgy5JwAk-/0/1765165110702?e=1782345600&v=beta&t=WF5f_aLw5E8yPtxZi21xz1L0F0ZxaIkVRRSyk4vHEm4, https://media.licdn.com/dms/image/v2/D5622AQHxakvKzpLSJQ/feedshare-shrink_800/B56Zr8Cgy0K8Ak-/0/1765165110550?e=1782345600&v=beta&t=n9jAqZFCv-GwGKQMOkAvkuBpM4mSSplVNhv-3XZ2cw4, https://media.licdn.com/dms/image/v2/D5622AQFw0-cHsXMLvw/feedshare-shrink_800/B56Zr8CguKHYAg-/0/1765165109339?e=1782345600&v=beta&t=jG-O13H4cxlLYrTFF9kL2gXT5Ku3cLW9NBPnzQC-8MM, https://media.licdn.com/dms/image/v2/D5622AQFP-NbcZeYI5A/feedshare-shrink_800/B56Zr8CgxdHQAg-/0/1765165110591?e=1782345600&v=beta&t=_wSapYRTuWHMsTn4EiDEoV2M_9NdrzRWHXceGVSn4OM",,175,3,0
41,urn:li:activity:7401449419478511616,https://www.linkedin.com/feed/update/urn:li:activity:7401449419478511616,2025-12-02 09:37:33,,"Đến người Vinamilk còn đổ gục trước bộ sưu tập merch ""của nhà trồng được"" 😎Nhà ""giàu"" merch nên phải khoe ngay bộ sưu tập toàn các món đồ rực rỡ sắc màu được Vinamilk thiết kế riêng cho đồng đội và các fan cứng Vinamilk. Từ sổ tay xinh xẻo, stickers xịn sò, túi tote thời thượng… - mỗi món một vẻ, 10 phân vẹn 10.Bạn đã săn được item hot hit nào rùi, khoe với Vinamilk nhé!hashtag#LifeAtVinamilkhashtag#Vinamilkhashtag#VinamilkMerchandise…xem thêm","https://media.licdn.com/dms/image/v2/D5622AQHGw5qhsyvGjw/feedshare-shrink_800/B56Zrc7A.2LkAg-/0/1764643051478?e=1782345600&v=beta&t=ZTkZM6Ffp6iXzdQE-WI3Qn1kscpHJHTfdE4FElkgeEI, https://media.licdn.com/dms/image/v2/D5622AQFwfoJa62dNkg/feedshare-shrink_800/B56Zrc7A.7L4Ag-/0/1764643051451?e=1782345600&v=beta&t=8KU84n4Pnl_X8NEskQ9Yk6ZhU30Au15gcIcQnOdc4K4, https://media.licdn.com/dms/image/v2/D5622AQFk4o1TWSf1Pg/feedshare-shrink_800/B56Zrc7A.1LkAk-/0/1764643051175?e=1782345600&v=beta&t=cHtYnJ-GipKNwTkPBWBOXY77s-TSMcuOWpRVwOj-UHc, https://media.licdn.com/dms/image/v2/D5622AQGgwsM67hhWyA/feedshare-shrink_800/B56Zrc7A.zMEAg-/0/1764643051281?e=1782345600&v=beta&t=z5KTdKDQWbhiZ1mgTkipsOXWgJZF_oaud9cZbbhKKyo",,661,5,2
42,urn:li:activity:7398624373701734401,https://www.linkedin.com/feed/update/urn:li:activity:7398624373701734401,2025-11-24 14:31:50,,"🌟 VINAMILK TRÌNH LÀNG ""SIÊU SAO"" NHÀ MỚI 🌟Sau bao ngày rục rịch chuẩn bị, Vinamilk đã chính thức ra mắt ""siêu sao"" cửa hàng tại 11 Bùi Bằng Đoàn - khu phố ""Hàn Quốc"" của Q7. Nhà mới khang trang, sáng choang, nói chung là tân gia hoành tráng!Bật mí những chữ ""nhất"" chỉ có tại siêu cửa hàng mới:✨ KHÔNG GIAN ""SẮM SỮA"" HIỆN ĐẠI NHẤT HỆ THỐNGCửa hàng 2 tầng siêu bự - siêu xinh, rực rỡ sắc màu, góc nào cũng sang, cứ đứng vào là có ảnh đẹp mang về!✨ CÂU CHUYỆN VÌ BẠN TRUYỀN CẢM HỨNG NHẤTBước vào cửa hàng, bạn sẽ được đắm mình trong hành trình Vinamilk không ngừng nâng chuẩn, chinh phục hàng loạt giải thưởng quốc tế, khẳng định vị thế thương hiệu được yêu thích tại Việt Nam và hơn 60 quốc gia trên thế giới.✨ KHU VUI CHƠI BÉ MÊ NHẤTNgay trong cửa hàng, Vinamilk thiết kế đặc biệt cho các khách hàng nhí một không gian riêng để thỏa thích đọc sách, tô màu, xé túi mù... bé muốn gì Vinamilk cũng chiều hết!Nhà mới đã mở cửa, mời bạn ghé chơi:📌 Địa chỉ: 11 Bùi Bằng Đoàn, phường Tân Hưng, TP.HCM🔷 Thời gian: 7h-21h hàng ngàyVinamilk sẽ sớm bật mí câu chuyện của những đồng đội làm nên từng góc nhỏ ý nghĩa tại cửa hàng. Cùng đón đọc nha 🥰hashtag#LifeAtVinamilkhashtag#Vinamilkhashtag#VinamilkShopandMorehashtag#CuahangVinamilkhashtag#KhaiTruongCuahangVinamilk","https://media.licdn.com/dms/image/v2/D5622AQFGDUwyX3MgWQ/feedshare-shrink_800/B56Zq0xovCJsAg-/0/1763969508296?e=1782345600&v=beta&t=7s_qBxYpXzN9rHZM0SC4zy6uThcavxa_8HmpDlrAVrU, https://media.licdn.com/dms/image/v2/D5622AQGeiD_DxyOM1g/feedshare-shrink_800/B56Zq0xoskHYAg-/0/1763969507460?e=1782345600&v=beta&t=tWsbQkFiBIhFuF8GdCpV1N-nUZlDUUd3HswWPSiK4EQ, https://media.licdn.com/dms/image/v2/D5622AQHQsh4va3liFQ/feedshare-shrink_1280/B56Zq0xoq2HYAs-/0/1763969502413?e=1782345600&v=beta&t=X4gE4OuhUFJt5q82_GVj8uo6bhWHcNWMiFhPUOwuSMA, https://media.licdn.com/dms/image/v2/D5622AQH17nSvRtQQWA/feedshare-shrink_800/B56Zq0xorCG0Ag-/0/1763969504218?e=1782345600&v=beta&t=Sd5OTLdnB5xdMu__10O_ysFupx9IJ8mC2N0vRmRkHQs",,166,2,1
43,urn:li:activity:7398239150216376321,https://www.linkedin.com/feed/update/urn:li:activity:7398239150216376321,2025-11-23 13:01:06,,"48 tấn hàng sản phẩm sữa và nước uống tinh khiết Vinamilk đã lên đường đến với đồng bào 3 tỉnh vùng lũ.Những ngày này, khi miền Trung oằn mình trong mưa lũ, chuyến hàng hỗ trợ khẩn cấp gồm sữa và nước uống tinh khiết Icy đã được Vinamilk vận chuyển đến ba tỉnh: Gia Lai (Bình Định cũ), Đắk Lắk (Phú Yên cũ) và Khánh Hoà.Tại Khánh Hoà, hàng đã đến điểm tập kết. Anh Nguyễn Xuân Tùng – Giám đốc Kinh doanh miền Trung cùng các anh chị em Vinamilk đã trực tiếp phối hợp với các chiến sĩ Trung tâm Huấn luyện Vùng 4 Hải quân, Báo & Phát thanh Truyền hình Khánh Hoà để tiếp nhận và chuyển tiếp đến bà con vùng lũ. Những sản phẩm đầu tiên cũng đã được trao tận tay người dân xã Diên Điền ngay trong ngày.Sáng nay, các chuyến xe Vinamilk tiếp tục đến Phú Yên và Bình Định (cũ). Tại Bình Định, anh Nguyễn Xuân Bình – Giám đốc Nhà máy sữa Vinamilk Bình Định cùng tập thể cán bộ công nhân viên đã trao tặng hàng hỗ trợ đến Ủy ban MTTQ tỉnh Gia Lai, để nhanh chóng chuyển đến người dân bị ảnh hưởng bởi mưa lũ.Một chút sẻ chia, mong góp phần tiếp sức cho bà con vượt qua giai đoạn khó khăn này.Vinamilk luôn đồng hành cùng cộng đồng – đặc biệt trong những lúc cấp bách nhất. 🌧️❤️…xem thêm","https://media.licdn.com/dms/image/v2/D5622AQHKBMl0RxldCA/feedshare-shrink_800/B56ZqvTHHrI8Ag-/0/1763877651803?e=1782345600&v=beta&t=ZqK9ySscVllF-QJeFdhi8MCpH_l06rNHnML_KNv6T74, https://media.licdn.com/dms/image/v2/D5622AQFEGtqYVU10tg/feedshare-shrink_800/B56ZqvTHHXH8Ag-/0/1763877630728?e=1782345600&v=beta&t=I6bixUJ33b60tFvCjXPUHoGLD8hzkRitX1O4rjLukwU, https://media.licdn.com/dms/image/v2/D5622AQGIhrUMnqeggQ/feedshare-shrink_800/B56ZqvTHHzHkAg-/0/1763877652708?e=1782345600&v=beta&t=Hs4PKnPjYAst1O6HwekociCYMJ01QbcyGakl-sMJS60, https://media.licdn.com/dms/image/v2/D5622AQE7_vAaTrCW4g/feedshare-shrink_800/B56ZqvTHI6HkAg-/0/1763877651172?e=1782345600&v=beta&t=oMUesSJyPmeZGtxjNHBFPD0OF8pA63MoJnxBxCHm0B4",,610,4,5
44,urn:li:activity:7423929705470304256,https://www.linkedin.com/feed/update/urn:li:activity:7423929705470304256,2026-02-02 10:26:11,,"✨ Giữa vô vàn điều ước Tết, sức khỏe là nền tảng vững vàng nhất để mọi mong cầu thành hiện thực.🧧 Vinamilk chúc bạn Xuân Sung Sức - Mã Đáo Thịnh Vượnghashtag#Vinamilkhashtag#ChucXuanSungSuc",,blob:https://www.linkedin.com/aa73c95c-7fe5-4203-8408-dc5a60d67b5e,190,1,7
45,urn:li:activity:7397108190393487360,https://www.linkedin.com/feed/update/urn:li:activity:7397108190393487360,2025-11-20 10:07:04,,"Với Vinamilk, người thầy không chỉ xuất hiện trên bục giảng - họ hiện diện ở mọi nơi, truyền cảm hứng và dẫn dắt ta trên hành trình học hỏi không ngừng. Đó có thể là người quản lý, người mentor, hay chính những đồng đội luôn đồng hành mỗi ngày. ""Người thầy"" ở Vinamilk không chỉ “dạy chữ” mà còn “dạy cách làm chủ tương lai”, giúp thế hệ trẻ thêm bản lĩnh, sẵn sàng xông pha và kiến tạo giá trị cho doanh nghiệp, cộng đồng, khách hàng.Nhân ngày Nhà giáo Việt Nam, Vinamilk gửi lời tri ân đến những người thầy - dù ở trường học hay trong doanh nghiệp - đã và đang vun đắp tri thức, ươm tài năng, dưỡng nhân tài. Cảm ơn thầy cô vì sự nhiệt huyết và đổi mới không ngừng!hashtag#LifeAtVinamilkhashtag#NgayNhaGiaoVietNam…xem thêm","https://media.licdn.com/dms/image/v2/D5622AQEAQ949WAEs9w/feedshare-shrink_800/B56ZqfOrwZIcAg-/0/1763608021720?e=1782345600&v=beta&t=sm6p2IC8etw7kkO68VSufPIycma2VpGbskftbqVP384, https://media.licdn.com/dms/image/v2/D5622AQEPrKcQ78kE2g/feedshare-shrink_800/B56ZqfOrv1IcAg-/0/1763608019923?e=1782345600&v=beta&t=lQ2tug-swvIY0-CTfVxAOFMioLpGGqcfJj7cmxeYnPA, https://media.licdn.com/dms/image/v2/D5622AQFu0Rzv5CjsPQ/feedshare-shrink_800/B56ZqfOrvrG0Ag-/0/1763608018554?e=1782345600&v=beta&t=6wsZUFtEwRTwuzXza21I4D8vdkPlNre0Zao0FAFsmok, https://media.licdn.com/dms/image/v2/D5622AQGhuJy3YGAJNg/feedshare-shrink_800/B56ZqfOrwhIYAg-/0/1763608021649?e=1782345600&v=beta&t=cbFV8VMu7b_9ktkj0LJILnC0dSxKWHa-UfwXHXWJOxQ",,107,0,1
46,urn:li:activity:7396772401801281536,https://www.linkedin.com/feed/update/urn:li:activity:7396772401801281536,2025-11-19 11:52:45,,"Cảm ơn ""phái mạnh"" vì luôn vững tâm, vững chí, vững lòng.Happy International Men’s Day!hashtag#InternationalMensDayhashtag#LifeAtVinamilk","https://media.licdn.com/dms/image/v2/D5622AQEr4wpDPAz1xA/feedshare-shrink_800/B56ZqadSzkJ8Ag-/0/1763527963355?e=1782345600&v=beta&t=8_RG58rSN_44OxI1fuLL2_oMEPgUaDu5HkJnpBzo9hM, https://media.licdn.com/dms/image/v2/D5622AQFHNR5nRvR8-Q/feedshare-shrink_800/B56ZqadSzbIcAg-/0/1763527963237?e=1782345600&v=beta&t=XyI6dfiuNNE3r3aDUAGvj2BzbF8dJ47IqryqtqoIpUQ, https://media.licdn.com/dms/image/v2/D5622AQE9HAWWIFSQng/feedshare-shrink_800/B56ZqadSz1HkAs-/0/1763527963215?e=1782345600&v=beta&t=oFubv66CEXch0kFb4oBJnQxrMQjb7Ep_7S3W3LUhAbQ, https://media.licdn.com/dms/image/v2/D5622AQH-6iU_uRIMWw/feedshare-shrink_800/B56ZqadSzPJkAg-/0/1763527963028?e=1782345600&v=beta&t=jJwvtyI_jMZBgwfT__KGQb8PkLf0F3ya2FZqauwYaKg",,124,0,3
47,urn:li:activity:7394652960015908864,https://www.linkedin.com/feed/update/urn:li:activity:7394652960015908864,2025-11-13 15:30:51,,"💙 Cảm ơn bạn đã dốc lòng tiếp sức đồng bào Miền Bắc 💙Gần 400.000 nghìn sản phẩm dinh dưỡng, tương đương gần 2,4 tỷ đồng cùng hàng nghìn quà tặng quyên góp gồm sách vở, dụng cụ học tập,... đã được Vinamilk và Trung Ương Đoàn gửi tới các em học sinh và người dân có hoàn cảnh khó khăn tại các tỉnh chịu ảnh hưởng bởi bão số 10, 11 và 13.Sau hơn 3 tuần dốc lòng hỗ trợ, chương trình “Vượt thiên tai - Tiếp bước tương lai 2025” đã ghi nhận những con số ý nghĩa:📌 Đợt 1: Vinamilk cùng Công đoàn công ty, hỗ trợ Nghệ An bị ảnh hưởng bởi bão số 3. Tổng giá trị quyên góp: hơn 350 triệu đồng gồm hiện kim, 24.000 sản phẩm dinh dưỡng và các phần quà tặng (sách vở, dụng cụ học tập,...).📌 Đợt 2: Vinamilk cùng Hội đồng đội Trung ương, hỗ trợ 9 tỉnh/thành chịu ảnh hưởng bởi bão số 10, 11 và 13 gồm Bắc Ninh, Hà Tĩnh, Nghệ An, Thái Nguyên, Lạng Sơn, Cao Bằng, Thanh Hóa, Ninh Bình, Huế. Tổng giá trị quyên góp là 2,2 tỷ đồng, tương đương 370.000 sản phẩm.TẤT CẢ ĐÃ ĐƯỢC TRUNG ƯƠNG ĐOÀN & ĐỒNG ĐỘI VINAMILK CHUYỂN ĐẾN NGƯỜI DÂN MIỀN BẮC.Cảm ơn đồng đội và khách hàng đã cùng chung tay 💙💙💙*Thông tin chi tiết về đơn hàng, số lượng đóng góp, nơi tiếp nhận được Vinamilk cập nhật tại website:https://lnkd.in/gR7kBkBthashtag#LifeAtVinamilkhashtag#Vinamilk…xem thêm","https://media.licdn.com/dms/image/v2/D5622AQFUyLacNWM7GA/feedshare-shrink_800/B56Zp8VjbfHYAg-/0/1763022642606?e=1782345600&v=beta&t=M8aFYmeZMG-HYHM0K2juGtw6xp4VVCn_Vc9sEv8TUKs, https://media.licdn.com/dms/image/v2/D5622AQGRcGQzfg-JMA/feedshare-shrink_800/B56Zp8VjbXJkAg-/0/1763022643911?e=1782345600&v=beta&t=yg9XGwe3rg1c8SsXUoIoTjXCgzQ7fzq81nYt547I0Us, https://media.licdn.com/dms/image/v2/D5622AQFSEMONwS-0fQ/feedshare-shrink_800/B56Zp8Vjb_I8Ak-/0/1763022643752?e=1782345600&v=beta&t=pWNKjsmFd5ER18drEErLWi8tKm8cPn7deCbUu03TmjM, https://media.licdn.com/dms/image/v2/D5622AQHQv9XHCDV7uQ/feedshare-shrink_800/B56Zp8Vjb8JQAg-/0/1763022649986?e=1782345600&v=beta&t=fEgzahfbgzZhhgSRxxc1pSZilnFkznUpHiuiiM5dSDI",,62,0,3
48,urn:li:activity:7394563281950212096,https://www.linkedin.com/feed/update/urn:li:activity:7394563281950212096,2025-11-13 09:34:30,,"💥 MÀN CHÀO SÂN KHÍ THẾ CỦA 17 CHIẾN BINH SALES TRAINEE VINAMILK 💥Chúc mừng các chiến binh Sales xuất sắc đã chinh phục 4 vòng thử thách khốc liệt, vượt qua 1.965 ứng viên để chính thức gia nhập đại gia đình Vinamilk!Trong ngày đầu tiên, các tài năng trẻ đã có cơ hội ""flex"" profile cá nhân trước ban lãnh đạo và đào sâu tìm hiểu tất tần tật về hơn 350 SKUs thuộc 13 ngành hàng của Vinamilk. Với mục tiêu phát triển tư duy và năng lực kinh doanh nền tảng, các bạn được phân bổ về 3 khu vực kinh doanh: TP. Hồ Chí Minh, Miền Đông và Miền Tây, bước vào hành trình 3 tháng đầu đầy thử thách với vai trò Nhân viên bán hàng tại nhiều tỉnh thành.Mang trong mình tinh thần ""Bách chiến Bách thắng"" và nguồn năng lượng tự tin, đội Giám sát kinh doanh tập sự 2025 sẽ đồng hành cùng Vinamilk chinh phục thử thách mới và ""chiến hết mình” trên hành trình bứt phá kinh doanh - táo bạo đổi mới phía trước!Cùng đón chờ hành trình tiếp theo của các tài năng trẻ trên Life At Vinamilk nhé 🤩hashtag#LifeAtVinamilkhashtag#VinamilkSalesTrainee2025hashtag#BachChienBachThang","https://media.licdn.com/dms/image/v2/D5622AQHS77WsqoEUYw/feedshare-shrink_800/B56Zp7EGfFJsAg-/0/1763001266447?e=1782345600&v=beta&t=gFVfHTTxrTm_1yK_4VCHssoRJhOhgtFQuYnMrlyl3wE, https://media.licdn.com/dms/image/v2/D5622AQHGQmQ14BFW_g/feedshare-shrink_800/B56Zp7EGfYHAAg-/0/1763001268286?e=1782345600&v=beta&t=e5ZWQJvMdkMhoQZkUhzKEp5M1zBjZpmht1OLK1bQ_E0, https://media.licdn.com/dms/image/v2/D5622AQEOFjtStDeYEQ/feedshare-shrink_800/B56Zp7EGgZJYAg-/0/1763001265845?e=1782345600&v=beta&t=M58xdbuxudtgQhFuPLozMPKO6VaKjUn2OB-tdcFRFmQ, https://media.licdn.com/dms/image/v2/D5622AQHfHl2vFU8CEQ/feedshare-shrink_800/B56Zp7EGevHIAg-/0/1763001267047?e=1782345600&v=beta&t=dD2FTveHqiuPcnRoRkCsN7-JySJBICs1XyC41-Mli9M",,523,6,6
49,urn:li:activity:7392481640750571520,https://www.linkedin.com/feed/update/urn:li:activity:7392481640750571520,2025-11-07 15:42:48,,"Khi người Vinamilk ""flex"" về cuộc sống Vinamilk 😎Cuộc sống Vinamilk đâu chỉ xoay quanh công việc! Đó còn là hành trình đi cùng thương hiệu quốc dân mình yêu thuở nhỏ, là niềm tự hào khi góp phần đưa Việt Nam vươn ra các đấu trường quốc tế… và hơn thế nữa. Mời bạn lướt hết album để khám phá!Đồng đội nhớ tag @LifeAtVinamilk và hashtaghashtag#LifeAtVinamilkđể flex ảnh đẹp và chiến tích của mình nhé ^^…xem thêm","https://media.licdn.com/dms/image/v2/D5622AQGaWwTFixW2SA/feedshare-shrink_800/B56Zpde3r_HYAg-/0/1762504966538?e=1782345600&v=beta&t=ymaH8Du1Y30TqjRkW5PL6wlFagfT9B2lui7xgcv1CXU, https://media.licdn.com/dms/image/v2/D5622AQFonQ6_i99z5g/feedshare-shrink_800/B56Zpde3rtJ8Ag-/0/1762504965762?e=1782345600&v=beta&t=kTOsZyragxBZjc_Psai-Nv4Ja54EiYXII3Pg6E0OLjg, https://media.licdn.com/dms/image/v2/D5622AQGsc9R3wyUPXw/feedshare-shrink_800/B56Zpde3r4HAAg-/0/1762504966313?e=1782345600&v=beta&t=8jlZiYMaSzshmf600oibwrMqMQPpVqumJIxyQFRDeGM, https://media.licdn.com/dms/image/v2/D5622AQHXimQ0Tmg9zA/feedshare-shrink_800/B56Zpde3uFJoAg-/0/1762504966583?e=1782345600&v=beta&t=ZpaUow_M83XcpD1uGKtcnfVT_fgmWx5KN3tdGye8UW0",,102,1,1
50,urn:li:activity:7391664067557519361,https://www.linkedin.com/feed/update/urn:li:activity:7391664067557519361,2025-11-05 09:34:04,,"Nhà máy sản xuất hàng triệu lon sữa Việt xuất khẩu toàn cầu chỉ cần vài người đứng dây chuyền!Vinamilk chào đón đồng đội mới bằng tour khám phá siêu nhà máy sữa bột - nơi sản xuất ra hàng triệu lon sữa đạt chuẩn tinh khiết Mỹ xuất khẩu toàn cầu 🌏Tận mắt chứng kiến quy trình tự động hóa 90% cùng 2 tháp sấy cao 32m, tương đương tòa nhà 5 tầng, các đồng đội mới không khỏi bất ngờ. Thì ra, để vận hành toàn bộ dây chuyền hiện đại này, nhà máy chỉ cần 2 kỹ sư giám sát từ phòng điều khiển trung tâm. Chưa kể, công suất nhà máy còn đủ phục vụ 700.000 trẻ em khắp Việt Nam và toàn thế giới mỗi năm.Cùng theo chân Vinamilk ghé thăm siêu nhà máy sữa bột nhé!hashtag#LifeAtVinamilkhashtag#Vinamilkhashtag#NhamayVinamilk","https://media.licdn.com/dms/image/v2/D5622AQFhHPwwlZD-hA/feedshare-shrink_800/B56ZpR3O_nHIAg-/0/1762310040737?e=1782345600&v=beta&t=a-rhQQ-NWdszhEvTW_3vCJ6ioEOe0-BDtCQP_IcWHJI, https://media.licdn.com/dms/image/v2/D5622AQFk6N3Y-zOnDQ/feedshare-shrink_800/B56ZpR3O8BIcAg-/0/1762310038923?e=1782345600&v=beta&t=D_jR7LwC-_Dd7e3zPAdWNzsT0zDJIhTqMSQsYACqF6I, https://media.licdn.com/dms/image/v2/D5622AQHSgms2Dg9DBg/feedshare-shrink_800/B56ZpR3PBGG4Ag-/0/1762310042567?e=1782345600&v=beta&t=o511l-tyhKgdw1TfBx_jESmZjn13TcAC0DDEFcfu20Y, https://media.licdn.com/dms/image/v2/D5622AQEh3UWqYnTKsA/feedshare-shrink_800/B56ZpR3O7pH8Ag-/0/1762310037879?e=1782345600&v=beta&t=aip0tFDwkIrehfDceypCsxAbncfFkr_l8uRpRGTM8dU",,320,2,4
51,urn:li:activity:7387677148192382976,https://www.linkedin.com/feed/update/urn:li:activity:7387677148192382976,2025-10-25 09:31:28,,"💸Tân binh Graduate Talent gọi vốn thành công hàng tỷ đồng từ Vinamilk!💸Vừa gia nhập Vinamilk, các tài năng trẻ Graduate Talent đã phải gia nhập đấu trường ""gọi vốn"" cho các dự án táo bạo.Để chốt được “thương vụ bạc tỷ”, các bạn đã dành 12 ngày bước vào hành trình From Farm to Fridge: khảo sát thị trường, đào sâu đặc điểm từng kênh bán hàng, quan sát hành vi mua hàng, phân tích trưng bày sản phẩm và bóc tách từng insights của khách hàng Vinamilk.Các nhóm đã biến những dữ liệu, quan sát thực tế thành đề án cải tiến cho doanh nghiệp, thuyết phục Ban Lãnh Đạo Vinamilk ""rót vốn"" để triển khai 6 dự án đầy tiềm năng!Cùng chờ xem những dự án triệu đô sẽ được các bạn trẻ hiện thực hóa ra sao nhé! 🔥hashtag#Vinamilkhashtag#LifeAtVinamilkhashtag#GraduateTalentProgram2025hashtag#HoaiBaoThanhThuc…xem thêm","https://media.licdn.com/dms/image/v2/D5622AQHQu2elVE9F2A/feedshare-shrink_800/B56ZoZNMxeIsAg-/0/1761359485334?e=1782345600&v=beta&t=lh_IlCwGE_n9vp6fallF8ZAN4Atyo5FW-m-az6g4wIs, https://media.licdn.com/dms/image/v2/D5622AQHxl8pG0vGXnA/feedshare-shrink_800/B56ZoZNMxCJsAk-/0/1761359486256?e=1782345600&v=beta&t=okt4IlDmMpVkI2uoZSJy-SYIj_wJh5ug3ruuWEU_Ye0, https://media.licdn.com/dms/image/v2/D5622AQGszRorkLgw6g/feedshare-shrink_800/B56ZoZNMxLHkAk-/0/1761359485639?e=1782345600&v=beta&t=I2Ncbu8SZ9S2b0KAEQEe0H0DkbQ9hycBZ2jLAV0LhmY, https://media.licdn.com/dms/image/v2/D5622AQGtrSlczBelFw/feedshare-shrink_800/B56ZoZNMxUG4Ag-/0/1761359485679?e=1782345600&v=beta&t=YehjtgFAGedW2BiXjVMmumoa8cok4qN_FS2OkaI6aN8",,788,3,2
52,urn:li:activity:7387341821913448448,https://www.linkedin.com/feed/update/urn:li:activity:7387341821913448448,2025-10-24 11:19:00,,"🏆 Cú đúp cải tiến đột phá đưa tên tuổi Vinamilk lên đấu trường công nghệ Châu Á!🌟 Vinamilk ghi dấu ấn mạnh mẽ tại Asian Technology Excellence Awards 2025 - một trong những giải thưởng công nghệ uy tín hàng đầu khu vực, ở hạng mục Chuyển đổi số - Sản xuất thực phẩm. Giải thưởng vinh danh bộ đôi công nghệ đột phá, giúp nâng chuẩn sản phẩm và chuỗi cung ứng của Vinamilk.Tiên phong tích hợp công nghệ siêu vi lọc từ Thụy Điển (Ultrafiltration) với hệ thống kiểm định chất lượng sữa 4.0, Vinamilk trở thành doanh nghiệp đầu tiên tại Đông Nam Á số hóa toàn diện cả quy trình sản xuất lẫn khâu thu mua nguyên liệu.Đây là minh chứng cho những nỗ lực không ngừng của Vinamilk để nâng chuẩn ngành sữa Việt. Chúng tôi không ngừng nỗ lực, để mọi trẻ em Việt Nam đều có quyền tiếp cận dinh dưỡng chất lượng cao 💙💙💙hashtag#LifeAtVinamilkhashtag#Vinamilkhashtag#AsianTechnologyExcellenceAwards2025","https://media.licdn.com/dms/image/v2/D5622AQGkxZkhwpDdWg/feedshare-shrink_800/B56ZoUcOMEH8Ao-/0/1761279536375?e=1782345600&v=beta&t=tAI5De3cnJGq9MV6jN9tpUdA-U1VS6KdGnCq58RB7iw, https://media.licdn.com/dms/image/v2/D5622AQEAL_vRU5Vjng/feedshare-shrink_800/B56ZoUcOMYHQAg-/0/1761279538196?e=1782345600&v=beta&t=FaDHKMaNF8SiJEtDGVa9Hgnm5KiwqLa1LYjvO8g2nEk, https://media.licdn.com/dms/image/v2/D5622AQHm_QG0A-k6bw/feedshare-shrink_800/B56ZoUcOMNJkAk-/0/1761279536587?e=1782345600&v=beta&t=AJXz8JTj0OVRqSqpe49Bdxv7mQHSZfQ0tckHsdub2SU",,57,2,1
53,urn:li:activity:7386346315955261440,https://www.linkedin.com/feed/update/urn:li:activity:7386346315955261440,2025-10-21 17:23:13,,"Khó nào bằng ứng tuyển Sales Trainee Vinamilk 😎🧢52 ứng viên xuất sắc vượt qua 3 vòng thi khó - chỉ có ở Vinamilk, đã hoàn thành chặng cuối của hành trình Sales Trainee 2025 tại Hà Nội, Đà Nẵng và TP. Hồ Chí Minh.Trong 2 ngày xông pha thị trường, các chiến binh Sales đã không ngại dầm mưa dãi nắng để khảo sát thực địa, đào sâu insights. 12 đội thi mang đến 12 ý tưởng táo bạo, giúp Vinamilk giải quyết bài toán về triển khai thực thi hoàn hảo tại điểm bán như: xây dựng chính sách bán hàng, phân bổ SKUs tại điểm bán, chuẩn hóa quy trình, nâng chuẩn đội ngũ, ứng dụng AI để kiểm soát trưng bày tại điểm bán, kết hợp công nghệ voice-to-text để tạo nguồn dữ liệu và khai thác insights khách hàng.Những góc nhìn mới mẻ cùng tinh thần “quyết chiến quyết thắng” đã thể hiện bản lĩnh của thế hệ nhân tài Sales sẵn sàng xông pha, không ngại tạo sự khác biệt.👉 Cùng đón chờ hành trình gia nhập Vinamilk của các tân binh Sales Trainee nhé!hashtag#VinamilkSalesTrainee2025hashtag#BachChienBachThanghashtag#LifeAtVinamilkhashtag#VinamilkCareers…xem thêm","https://media.licdn.com/dms/image/v2/D5622AQE_tCY0TyLTJw/feedshare-shrink_800/B56ZoGS0sRI4Ag-/0/1761042190495?e=1782345600&v=beta&t=PmOIlEqH_p95bdRZTTsLzi5LmFmcEYxvkYQCSQ8whMs, https://media.licdn.com/dms/image/v2/D5622AQFyoeDaUyI_Xw/feedshare-shrink_800/B56ZoGS0u9JoAg-/0/1761042191987?e=1782345600&v=beta&t=tRG-CrycVLCp3SGzO7du49URWaGrysBGAtVDoFWUwxI, https://media.licdn.com/dms/image/v2/D5622AQGXOjumuSW_zA/feedshare-shrink_800/B56ZoGS0sNKEAg-/0/1761042190374?e=1782345600&v=beta&t=GMrLILMd6y5LtZgi5Nj753YR0pysa2tunUG2oMry7mY, https://media.licdn.com/dms/image/v2/D5622AQEYx-Zs3YKDsA/feedshare-shrink_800/B56ZoGS0s9HQAg-/0/1761042190906?e=1782345600&v=beta&t=ns8DzOBCAwaBdra5W17n9DdYLoXPzXrIQiHTpffZAyk",,176,3,4
54,urn:li:activity:7383311777822007296,https://www.linkedin.com/feed/update/urn:li:activity:7383311777822007296,2025-10-13 08:25:03,,"Cuối tuần qua, Đoàn đại biểu Đại hội Đảng bộ TP.HCM lần thứ I, nhiệm kỳ 2025–2030 đã đến thăm “siêu nhà máy” sữa lớn nhất Việt Nam của Vinamilk.Trong trang phục bảo hộ, các đại biểu cẩn trọng bước vào khu vực phòng sạch – nơi vận hành dây chuyền sản xuất hoàn toàn tự động, với vốn đầu tư lên đến hàng ngàn tỉ đồng. Tại đây, đoàn đã trực tiếp chứng kiến quy trình sản xuất hiện đại, khép kín và đạt chuẩn quốc tế của Vinamilk tại phường Bình Dương.Trong không gian nhà máy, ông Lê Hoàng Minh – Giám đốc điều hành sản xuất của Vinamilk – bày tỏ niềm vinh dự khi được đón tiếp đoàn đại biểu đến tham quan, đồng thời chia sẻ về hành trình phát triển của doanh nghiệp.Ông cho biết, hiện Vinamilk có 6 nhà máy tại TP.HCM, trong đó có một nhà máy nằm trong top 10 thế giới về quy mô, mức độ tự động hóa và năng suất. Đây không chỉ là niềm tự hào của Vinamilk mà còn là minh chứng cho năng lực sản xuất và tầm vóc của ngành công nghiệp thực phẩm Việt Nam trên bản đồ thế giới.…xem thêm","https://media.licdn.com/dms/image/v2/D5622AQG7viLgzsFQxA/feedshare-shrink_1280/B56ZnbK7wUJsAs-/0/1760318701577?e=1782345600&v=beta&t=0MraGj7dgZ9l8b9a507XI7usTxYrNEsi0ql35gDfO_s, https://media.licdn.com/dms/image/v2/D5622AQEfTsOCvekvgA/feedshare-shrink_1280/B56ZnbK7wbJ4As-/0/1760318701113?e=1782345600&v=beta&t=DgZSkjlPB1-VDT2s811Uyie0HJRHsqIoHfOGe-YeoH4, https://media.licdn.com/dms/image/v2/D5622AQFYP0q59CCWiw/feedshare-shrink_800/B56ZnbK7wIH8Ak-/0/1760318701205?e=1782345600&v=beta&t=70UeODXXPuKNv5ESqDt74nF4BKc__QIV7wF41EFg5yY",,104,4,2
55,urn:li:activity:7381923953843372033,https://www.linkedin.com/feed/update/urn:li:activity:7381923953843372033,2025-10-09 12:30:20,,"✨ “BAR RAISER INTERNS” CHÍNH THỨC TỐT NGHIỆP 3 THÁNG THỰC TẬP BỨT PHÁ ✨Ngay từ ngày đầu gia nhập Vinamilk, các bạn ""Bar Raiser Interns"" đã không ngừng học hỏi, không ngại dấn thân để tạo ra những giá trị thực.Được trao quyền hành động, các bạn đã tham gia và các dự án tiên phong đổi mới và để lại dấu ấn táo bạo trong từng nhiệm vụ. Tinh thần “raise the bar” của các bạn trẻ không chỉ thể hiện qua công việc mà còn lan tỏa vào đời sống Vinamilk - từ các sự kiện gắn kết đến những hoạt động thể thao nhiệt huyết, tạo nên những kết nối đồng đội sâu sắc và những kỷ niệm khó quên.🎓 Chúc mừng các “Bar Raiser Interns”! Hãy tiếp tục giữ vững tinh thần “raise the bar” để bứt phá và vươn xa hơn nữa trên hành trình phía trước nhé! 🌟🔥hashtag#LifeAtVinamilkhashtag#SEOVietnamhashtag#BarRaiserInternshashtag#Raisethebar…xem thêm","https://media.licdn.com/dms/image/v2/D5622AQFJ6xtDKcoB1A/feedshare-shrink_800/B56ZnHchCsJkAk-/0/1759987810050?e=1782345600&v=beta&t=Hj5sgdV2m1QG3iphRUb7NORZw-g-35b_eHfsBRzb5dg, https://media.licdn.com/dms/image/v2/D5622AQGhYMgaEqKkdA/feedshare-shrink_800/B56ZnHcgwmJ8Ak-/0/1759987797239?e=1782345600&v=beta&t=x81lO_pA3ttw1lWCQTVTO2nCpgcO-r2n5gx4ES9WGeg, https://media.licdn.com/dms/image/v2/D5622AQGlA1uIcOUfoA/feedshare-shrink_800/B56ZnHcguBIAAg-/0/1759987775162?e=1782345600&v=beta&t=QoLB5t7Djwo8aByxyOfN5h7MiouoioKsohU4uYXwes8, https://media.licdn.com/dms/image/v2/D5622AQFHwwwfuIrJPQ/feedshare-shrink_800/B56ZnHcg2HH8Ag-/0/1759987803838?e=1782345600&v=beta&t=-lFdCcBFMuTrbNS1WAsuUghhkyZSXxqLqBrXsUQO9MI",,380,0,0
56,urn:li:activity:7380930017528164352,https://www.linkedin.com/feed/update/urn:li:activity:7380930017528164352,2025-10-06 18:40:47,,"Mỗi mùa trăng rằm, người Vinamilk lại tất bận mang niềm vui đến trẻ thơ khắp nơi - từ con em nhân viên, những khách hàng nhí đến cả các em nhỏ vùng sâu vùng xa 🥰Mùa trăng năm nay, bữa tiệc Trung thu nhà Vinamilk rực rỡ sắc màu và rộn rã tiếng cười. Các bé hóa thân thành “nghệ sĩ nhí” tài ba, thỏa sức tô màu, sáng tạo lồng đèn, thi kéo co và reo hò theo nhịp múa lân tưng bừng.Cùng nhìn ngắm những khoảnh khắc đón trăng rằm nhà Vinamilk nhé!hashtag#LifeAtVinamilkhashtag#Vinamilk…xem thêm","https://media.licdn.com/dms/image/v2/D5622AQGnhH80R5OGOg/feedshare-shrink_800/B56Zm5Uth9HQAg-/0/1759750841354?e=1782345600&v=beta&t=WRe5Cvbk1ns7GxlqlNrxfriyphkBc8gQbVqBi2jN6Mg, https://media.licdn.com/dms/image/v2/D5622AQHpGJ76DZ3jUw/feedshare-shrink_800/B56Zm5UtiNHkAg-/0/1759750844762?e=1782345600&v=beta&t=M0WL1uk1ZkvuBgZz34bKa_F4MBotWS-HQIBXHP6EYII, https://media.licdn.com/dms/image/v2/D5622AQHVftoKxvTGAQ/feedshare-shrink_800/B56Zm5UtimKEAg-/0/1759750841417?e=1782345600&v=beta&t=zMSG8C4_Y3vmzchwbVpd40VYHCtv9v6hqCCqjrmTTp0, https://media.licdn.com/dms/image/v2/D5622AQGh2AE8irijSQ/feedshare-shrink_800/B56Zm5UtiAJoAg-/0/1759750841222?e=1782345600&v=beta&t=8deTC89qS1wyPJOefcyI0VeXLjhaiizRREeJz0SAjK4",,54,0,1
57,urn:li:activity:7445295902715506689,https://www.linkedin.com/feed/update/urn:li:activity:7445295902715506689,2026-04-02 09:27:50,,"Một hành trình đổi mới đầy táo bạo cần đội ngũ toàn tài, dám dấn thân, dám nghĩ lớn, dám hành động.Một thế hệ siêu trẻ tại Việt Nam đang tìm kiếm bệ phóng sự nghiệp để hiện thực hóa hoài bão.Khi khát vọng của người trẻ viết tiếp hành trình chuyển mình của Vinamilk, cùng khám phá thêm qua bài viết dưới đây 👇https://lnkd.in/gJRJHPqD…xem thêm",https://media.licdn.com/dms/image/sync/v2/D5627AQE3muLg3MaFpQ/articleshare-shrink_160/B56Z1MADvBKcAk-/0/1775096579329?e=1781553600&v=beta&t=xtLyFXI9iLTxuDeCqhoRphWQswIcYeOq6rEeGzZFZ_I,,55,2,6
58,urn:li:activity:7452926005217820672,https://www.linkedin.com/feed/update/urn:li:activity:7452926005217820672,2026-04-23 10:47:08,,"⏳Chỉ còn chưa đầy 48 giờ để phát triển sự nghiệp Supply Chain cùng Vinamilk.Vòng hồ sơ Thực tập sinh Chuỗi cung ứng sẽ chính thức khép lại vào 23:59 | 25/04/2025.Đây là cơ hội để bạn:👉 Trải nghiệm môi trường Supply Chain quy mô lớn, vận hành chuyên nghiệp và gắn với chuỗi giá trị thực.👉 Học hỏi trực tiếp từ đội ngũ giàu kinh nghiệm, tiếp cận tư duy hệ thống và cách giải quyết bài toán vận hành thực tế.👉 Xây dựng nền tảng vững chắc cho lộ trình sự nghiệp dài hạn trong lĩnh vực Chuỗi cung ứng.Trước khi gửi hồ sơ, vui lòng lưu ý:✅ Rà soát kỹ CV, làm nổi bật nền tảng chuyên môn & kỹ năng liên quan đến Supply Chain.✅ Chuẩn bị video hoặc slide giới thiệu bản thân; gắn link Google Drive trong CV và mở quyền truy cập công khai.✅ Đảm bảo thông tin liên hệ chính xác và theo dõi email thường xuyên để không bỏ lỡ thông tin từ Phòng Nhân sự.✅ Nộp hồ sơ sớm để tránh sự cố kỹ thuật vào sát thời điểm đóng đơn.Táo bạo chọn con đường học hỏi từ thực tiễn.Mời bạn ứng tuyển tại:https://lnkd.in/gzBDBERF🔥🔥🔥hashtag#LifeAtVinamilkhashtag#SupplyChainhashtag#Internhashtag#TuyenDung…xem thêm",https://media.licdn.com/dms/image/v2/D5622AQG2zXOJCVOpCg/feedshare-shrink_800/B56Z24ctNTKgAc-/0/1776916026616?e=1782345600&v=beta&t=j5UO7-Evp64B6f4IOVlh7JxRjGnDbIIHj1kSNbsq1Pk,,166,6,0
59,urn:li:activity:7379458618942935040,https://www.linkedin.com/feed/update/urn:li:activity:7379458618942935040,2025-10-02 17:13:58,,"Vinamilk xin chào Graduate Talent 2025 🤩Vượt qua hơn 6.294 ứng viên trên toàn quốc, trải qua 4 vòng thi căng thẳng, 38 tài năng trẻ xuất sắc từ Graduate Talent Program 2025 đã chính thức về đội Vinamilk.🌟 Các bạn trẻ tài năng sẽ gia nhập 15 lĩnh vực tại Vinamilk: từ Marketing, Hỗ trợ thương mại, Kinh doanh Kênh Siêu thị, Thương mại điện tử, Bán lẻ – Cửa hàng, Kinh doanh Quốc tế, Phân tích dữ liệu, Quản lý dự án chuyển đổi số, Phát triển phần mềm, Sáng tạo nội dung, Giám sát hệ thống bán hàng & tuân thủ, Phát triển sản phẩm mới, Chuỗi cung ứng, Nhân sự, Kiểm soát nội bộ…Với tinh thần luôn cầu tiến và khát khao bứt phá, các bạn sẽ cùng Vinamilk tiếp tục chinh phục những thử thách mới, ""chiến hết mình"" trong hành trình tăng tốc chuyển đổi số, táo bạo đổi mới phía trước!hashtag#LifeAtVinamilkhashtag#GraduateTalentProgram2025hashtag#HoaiBaoThanhThuchashtag#Vinamilk…xem thêm","https://media.licdn.com/dms/image/v2/D5622AQEQAps-ZKFbOw/feedshare-shrink_800/B56ZmkadYHIsAg-/0/1759400033920?e=1782345600&v=beta&t=E0erHmJT6NvRiCUJiXPG4JE4Zq7nzLSFjPCF9975ZEE, https://media.licdn.com/dms/image/v2/D5622AQHT5LIG5PEkuQ/feedshare-shrink_800/B56ZmkadYVG4Ag-/0/1759400033875?e=1782345600&v=beta&t=GClhz3HEp3CHaKG-IQ4QqM-O54azbQD3GoKxmJHeTTI, https://media.licdn.com/dms/image/v2/D5622AQGO3Ebki2DU-g/feedshare-shrink_800/B56ZmkadYZI8Ag-/0/1759400036079?e=1782345600&v=beta&t=qPi-nzzewFL9Wqdv5DpxVkJBN7HpeakDOfhZGMCvhsA, https://media.licdn.com/dms/image/v2/D5622AQELhiV64ObLOg/feedshare-shrink_800/B56ZmkadXdHQAg-/0/1759400030632?e=1782345600&v=beta&t=vrK5R2umXy7znJThG2J5noARqOXRmCAjAF_Hfh_eNjY",,1,3,7
60,urn:li:activity:7379354964172877824,https://www.linkedin.com/feed/update/urn:li:activity:7379354964172877824,2025-10-02 10:22:05,,"Nghe kể Team building nhà Vinamilk vui lắm, sung lắm, cháy lắm 💥😎 Bởi vì:- Có tinh thần ""táo bạo, quyết liệt"": vì mỗi thử thách, trò chơi đều là cơ hội để người Vinamilk bứt phá giới hạn và tiến về phía trước bằng ý chí đội nhóm mạnh mẽ.- Có những khoảnh khắc được là chính mình: vì mọi cá tính đều được tỏa sáng, từ tên nhóm độc lạ, slogan cực chất đến cả đồng phục nhóm táo bạo.Đúng là người Vinamilk, chất Vinamilk!👉 Mời bạn lướt hết album để khám phá những khoảnh khắc ""chơi hết sức, cháy hết mình"" của người Vinamilk nhé!hashtag#LifeAtVinamilkhashtag#Vinamilkhashtag#ChatVinamilk…xem thêm","https://media.licdn.com/dms/image/v2/D5622AQEuieSpRccG-A/feedshare-shrink_800/B56Zmi8NhDJwAg-/0/1759375319880?e=1782345600&v=beta&t=mMIM_OqzkM52pWHfaJelUm0UO-db07EajGOu1A--EFM, https://media.licdn.com/dms/image/v2/D5622AQF7Q2VKUJe8UA/feedshare-shrink_800/B56Zmi8NgzH8Ag-/0/1759375322998?e=1782345600&v=beta&t=on7zWCU4uFC5CPZgzJKllm-gMvzdHrpupE-GKPc7MJk, https://media.licdn.com/dms/image/v2/D5622AQGUyfQPELiAXg/feedshare-shrink_800/B56Zmi8Nh1J0Ag-/0/1759375322936?e=1782345600&v=beta&t=1-kyYwvYW_Y7QFUkDZaZ8E9lqPaRE1kJBhEVOOeL-AE, https://media.licdn.com/dms/image/v2/D5622AQHdnBmfgrOY0w/feedshare-shrink_800/B56Zmi8Ng5HkAg-/0/1759375322472?e=1782345600&v=beta&t=7QRQ_YHJ8-QSKDcKOz0ayHJeK7zrHtpdIGjH-oai4rg",,160,0,0
61,urn:li:activity:7376884017998069760,https://www.linkedin.com/feed/update/urn:li:activity:7376884017998069760,2025-09-25 14:43:25,,"Đây là kim chỉ nam để Vinamilk tạo ra những sản phẩm chất lượng tốt nhất, những nội dung truyền thông chân thật và trực diện nhất. Mọi nỗ lực đều vì bạn và những người mà bạn để tâm chăm sóc.Mời bạn cùng đọc và khám phá!---🔷 Job phấp phới chờ đồng đội mới tại:https://lnkd.in/gWTWEVuHhashtag#LifeAtVinamilkhashtag#Vinamilkhashtag#DigitalMarketinghashtag#RnD…xem thêm","https://media.licdn.com/dms/image/v2/D5622AQGOjaeamWdvQg/feedshare-shrink_800/B56Zl_06IgJoAg-/0/1758786203091?e=1782345600&v=beta&t=1EZsI5CawpLBLsY7vMfqdv4wuzUebyjqPeVprWhLy24, https://media.licdn.com/dms/image/v2/D5622AQF2_w7J9cLYJw/feedshare-shrink_800/B56Zl_06IPG4Ag-/0/1758786202235?e=1782345600&v=beta&t=NCWuvQvhGhUsgkzDE9YHO5t9CUyOn_oiAUrR_V42XkA, https://media.licdn.com/dms/image/v2/D5622AQHKmbbT23x0sw/feedshare-shrink_800/B56Zl_06IbJ0Ak-/0/1758786202881?e=1782345600&v=beta&t=QdWnuxoO8UpQNlkco_-Cw8YnuUtoPygKOIO5QvKtfEk, https://media.licdn.com/dms/image/v2/D5622AQFnFYY6WJvJuw/feedshare-shrink_800/B56Zl_06IUIAAk-/0/1758786203192?e=1782345600&v=beta&t=HbGxDWq6RVevAkBb3TFiQlFlTWT_-WzIpJ_6plq5OoI",,130,0,2
62,urn:li:activity:7376570811454959616,https://www.linkedin.com/feed/update/urn:li:activity:7376570811454959616,2025-09-24 17:58:51,,"🚢 Chào mừng tàu Hải quân Hoàng gia Anh HMS Richmond cập bến cảng Nhà Rồng!Ngày 23/9, Vinamilk vinh dự được đón tiếp các lãnh đạo cấp cao, Tổng lãnh sự quán Anh tại Việt Nam, các thành viên Tổng lãnh sự quán Anh, Đoàn hải quân Anh, Quân đội và Hải quân Việt Nam,... cùng hơn 400 khách mời tại Lễ hội Mùa hè Vương quốc Anh, nhân kỷ niệm 15 năm quan hệ đối tác chiến lược Vương quốc Anh - Việt Nam.Là thương hiệu sữa Việt Nam duy nhất có mặt tại buổi tiệc, Vinamilk đã đón tiếp đoàn khách mời với gần 3.000 thức ngon dinh dưỡng chuẩn quốc tế: từ kem gelato, sữa chua uống Green Farm, sữa chua Green Farm cao đạm, sữa 9 loại hạt, kombucha cho tới những loại mocktail sáng tạo từ nước trái cây Vinamilk. ""Very refreshing, very light, very tasty"" là những cảm nhận của đoàn khách khi thưởng thức những sản phẩm của Vinamilk 🤩Cùng Vinamilk nhìn lại những khoảnh khắc đáng nhớ tại sự kiện nhé!hashtag#LifeAtVinamilkhashtag#Vinamilk…xem thêm","https://media.licdn.com/dms/image/v2/D5622AQFPtrnUwexS0Q/feedshare-shrink_800/B56Zl7YDWvJkAg-/0/1758711528635?e=1782345600&v=beta&t=ql6W91fplmv3CFKn3I-bs9S25rEbpI_-FBlVsZXFCq8, https://media.licdn.com/dms/image/v2/D5622AQHI6yDJrajyTg/feedshare-shrink_800/B56Zl7YDWjHMAg-/0/1758711528578?e=1782345600&v=beta&t=YWxOZIOAVu-1Fwt_yiM94m-s-LOV1PA-PdVRxu-Srew, https://media.licdn.com/dms/image/v2/D5622AQEWcImwACT9CA/feedshare-shrink_800/B56Zl7YDW7HkAg-/0/1758711529025?e=1782345600&v=beta&t=wexAhL7-AFQDolaWg7kwnwavITKe3HZ_dne8-VwrVZ8, https://media.licdn.com/dms/image/v2/D5622AQGQhri0Gc-cUg/feedshare-shrink_800/B56Zl7YDV2JwAg-/0/1758711528998?e=1782345600&v=beta&t=SE_LDE6jkEhVUEBtOU2_-RNL_Su9o0ShytjvQC8U8Q4",,146,4,0
63,urn:li:activity:7374050958970073089,https://www.linkedin.com/feed/update/urn:li:activity:7374050958970073089,2025-09-17 19:05:51,,"Vinamilk nổ inbox vì quá trời thắc mắc của ứng viên về Sales Trainee. Tổng đài Vinamilk đã nghe và giải đáp ngay đây.Đừng quên, chỉ còn vài giờ nữa là chương trình đóng đơn ứng tuyển, nhanh tay điền đơn lẹ lẹ nha.👉 Link ứng tuyển:https://lnkd.in/gJHYn2xn🔔 Hạn cuối nộp đơn: 23h59 ngày 18/09/2025 (Chỉ còn 29 giờ)hashtag#VinamilkSalesTrainee2025hashtag#BachChienBachThanghashtag#LifeAtVinamilkhashtag#VinamilkCareers…xem thêm","https://media.licdn.com/dms/image/v2/D5622AQFmAZosb0FGRQ/feedshare-shrink_800/B56ZlXkQ1uG4Ag-/0/1758110749364?e=1782345600&v=beta&t=PvQKvDqx7OCvt4tRsH0E8JkY_UmUVAROmGGiH06YmNY, https://media.licdn.com/dms/image/v2/D5622AQE1SYZk4cAgfw/feedshare-shrink_800/B56ZlXkQ2vHQAg-/0/1758110749400?e=1782345600&v=beta&t=7N4zrHXNaJ8CzbGsAgCw87J-12ZdM0Oaflp-3LB4E0w, https://media.licdn.com/dms/image/v2/D5622AQFZ-BJDGEiXlw/feedshare-shrink_800/B56ZlXkQ2jHkAk-/0/1758110749375?e=1782345600&v=beta&t=eVoTlmcAfCP9P9zIAUEAe_TtSqn8qwgZLXQ8Lzg0pDk, https://media.licdn.com/dms/image/v2/D5622AQFIaiNms1krkQ/feedshare-shrink_800/B56ZlXkQ2RJoAg-/0/1758110749224?e=1782345600&v=beta&t=Sxfy36LAN54_YLchLj1MaLGjjvtAsvWazbSY9WIM148",,65,1,2
64,urn:li:activity:7373648250870042624,https://www.linkedin.com/feed/update/urn:li:activity:7373648250870042624,2025-09-16 16:25:38,,"Tại Vinamilk, đội Sales không chỉ lo việc “chốt đơn”, mà còn gắn liền với hành trình xây dựng niềm tin dài hạn với khách hàng!Sales Vinamilk trở thành lực lượng tuyến đầu đại diện cho thương hiệu, khi mỗi hành động, lời nói đều là sự phản ánh chân thật nhất về tính chuyên nghiệp, nhiệt huyết của đội ngũ. Vì vậy, sự tận tâm được thể hiện ngay trong những hoạt động thường ngày, từ những điều nhỏ nhất:✨Vì khách hàng, để tâm lắng nghe: Để thấu hiểu sâu sắc, tôn trọng và đưa ra giải pháp phù hợp với khách hàng✨Vì khách hàng, nhiệt huyết ""chăm sóc"": Quá trình đồng hành liên tục, sẵn lòng hỗ trợ khách hàng nhanh chóng và hiệu quả✨Vì khách hàng, không ngừng nâng chuẩn: Luôn cầu tiến, nâng cao chất lượng từ sản phẩm đến dịch vụ, mang đến giá trị cao nhất cho khách hàng-----Gia nhập ngay đội Sales, cùng Vinamilk chinh chiến thị trường và chinh phục mọi khách hàng!👉🏻Mời bạn khám phá JD và ứng tuyển tại đây:https://lnkd.in/gJHYn2xnChỉ còn 2 ngày, đóng đơn vào lúc: 23h59' 18/09/2025hashtag#VinamilkSalesTrainee2025hashtag#BachChienBachThanghashtag#LifeAtVinamilkhashtag#VinamilkCareers…xem thêm","https://media.licdn.com/dms/image/v2/D5622AQFTqT7ykjwR0w/feedshare-shrink_800/B56ZlR2AExJwAg-/0/1758014736269?e=1782345600&v=beta&t=g2k-0HpJYWBSgAC1mTd5vDOMwEFvfgqaUqHxEj4vR_M, https://media.licdn.com/dms/image/v2/D5622AQGlHQGLfjz76w/feedshare-shrink_800/B56ZlR2ADwJwAg-/0/1758014735985?e=1782345600&v=beta&t=Ko5-4-0n92FCHisukKmYFmFpI1SY2IgY8C1lHltaU5A, https://media.licdn.com/dms/image/v2/D5622AQFRdsJ6A84ZNA/feedshare-shrink_800/B56ZlR2ADuHAAg-/0/1758014736511?e=1782345600&v=beta&t=QDXUplowZ67Gya0UBRXELnRRhMXkiYQjoGffzZ1P_Uw, https://media.licdn.com/dms/image/v2/D5622AQGNEkO1k1RFIg/feedshare-shrink_800/B56ZlR2AEnH8Ag-/0/1758014736296?e=1782345600&v=beta&t=lFUEBADYMW9n_biNl6n4hURUtnQc6fgHJBDllkh6eGE",,69,0,1
65,urn:li:activity:7372099087850057728,https://www.linkedin.com/feed/update/urn:li:activity:7372099087850057728,2025-09-12 09:49:49,,"“Chia sẻ của các anh chị Vinamilk rất thật và chân thành, không tô hồng hay giấu giếm”Là cảm nhận của một trong số hàng trăm fresher  tham gia sự kiện Career Talk của Vinamilk Sales Trainee.Không chỉ kể về hành trình gần 50 năm chinh phục vị trí top 1 thương hiệu sữa tiềm năng nhất thế giới, Vinamilk còn mang đến những góc nhìn chân thực về nghề Sales - từ mô hình 4D đến câu chuyện dẫn dắt thị trường. Tất cả đều để lại dấu ấn sâu sắc.👉 Cùng lướt hết album để khám phá những chia sẻ thú vị từ người Vinamilk nhé!📌 Tìm hiểu thêm về chương trình tìm kiếm nhân tài Sales Trainee Program 2025 tại:https://lnkd.in/gJHYn2xn🔸 Thời gian ứng tuyển: 19/08/2025 - 18/09/2025hashtag#VinamilkSalesTrainee2025hashtag#BachChienBachThanghashtag#LifeAtVinamilk…xem thêm","https://media.licdn.com/dms/image/v2/D5622AQEXbUZyT4w5yw/feedshare-shrink_800/B56Zk70_g7KUAg-/0/1757645382052?e=1782345600&v=beta&t=qRx1KPnMTB5AaJb6EtiLY2ScozPovp9Q5999r-4OBsQ, https://media.licdn.com/dms/image/v2/D5622AQFck1NOXvvKNQ/feedshare-shrink_800/B56Zk70_g3KEAg-/0/1757645381945?e=1782345600&v=beta&t=XE0zNxNoijwMelghnZgX3mfNkURZAKY2LiiOY2zDFCE, https://media.licdn.com/dms/image/v2/D5622AQHn1yHyXVwdgQ/feedshare-shrink_800/B56Zk70_grI4Ag-/0/1757645381726?e=1782345600&v=beta&t=CEa7qBgRh3dm98MEGujiD8AIQb0fF3RFrse_mL-u8n0, https://media.licdn.com/dms/image/v2/D5622AQGP8igS4EZl9A/feedshare-shrink_800/B56Zk70_gdG4Ag-/0/1757645386930?e=1782345600&v=beta&t=qW8GJh5mZ7UrNq9n22UkwAOZPGgeo2qIR93X_Y4oCdY",,255,5,8
66,urn:li:activity:7370346226464124929,https://www.linkedin.com/feed/update/urn:li:activity:7370346226464124929,2025-09-07 13:44:34,,"CÒN GÌ ĐẸP HƠN...Hành trình rực rỡ này - được đi cùng đất nước, được sống trong tay toàn dân nhân dịp Tết Độc Lập, chính là hành trang cho Vinamilk vươn tới kỷ nguyên mới.Cảm ơn vì đã luôn tin yêu. Hẹn gặp lại ở những chặng tiếp theo!hashtag#LifeAtVinamilkhashtag#Vinamilkhashtag#ChungTayKienQuochashtag#VuonCaoVietNamhashtag#VuonTamTheGioi…xem thêm","https://media.licdn.com/dms/image/v2/D5622AQGxYqs5n5Kw2w/feedshare-shrink_800/B56Zki60_NG4Ag-/0/1757227473016?e=1782345600&v=beta&t=RjC4rrWZo04ihjAkA51_sSQqSBk59TpzxeNGPVvRcYo, https://media.licdn.com/dms/image/v2/D5622AQGkKCvz6XaCrw/feedshare-shrink_800/B56Zki60.tHkAg-/0/1757227472537?e=1782345600&v=beta&t=q9I4w8XsxK8VuuRARYGgW10luuymu9FYMCmI9ij_TkM, https://media.licdn.com/dms/image/v2/D5622AQH-BwPx6ZErAQ/feedshare-shrink_800/B56Zki60.0I0Ag-/0/1757227472660?e=1782345600&v=beta&t=tUZDgXrGybl1XWDkhW-rkhbAB4GZaafXz0OSFiFR9OY, https://media.licdn.com/dms/image/v2/D5622AQFrCSWp2MV5dw/feedshare-shrink_800/B56Zki60.5HkAg-/0/1757227472717?e=1782345600&v=beta&t=7DAMzyB7H5yFEROMJeO_h7yvmITILiqdMl1FKIFw6S4",,175,0,4
67,urn:li:activity:7369348045169229826,https://www.linkedin.com/feed/update/urn:li:activity:7369348045169229826,2025-09-04 19:38:09,,"Bạn có biết? 100% Giám đốc Kinh doanh Kênh GT nhà Vinamilk đều phát triển từ vị trí Sales Supervisor (Giám sát Kinh doanh).""Con đường cao tốc"" dành riêng cho những Fresher muốn phát triển sự nghiệp mảng Kinh doanh - Thương mại FMCG chính là Vinamilk Sales Trainee 2025.Tại đây, bạn sẽ phát triển toàn diện cả tư duy lẫn kỹ năng Sales chỉ trong 9 tháng, bứt tốc tài năng trở thành Giám sát Kinh doanh chính thức tại Vinamilk, xông pha chinh phục những thị trường khó và thử thách.Bắt cơ hội lớn, trở thành Giám sát Kinh doanh tài năng bằng cách gia nhập Sales Trainee ngay hôm nay!🔥 Khám phá và ứng tuyển ngay tại:https://lnkd.in/gJHYn2xn⏰ Thời gian: 19/08/2025 - 18/09/2025hashtag#VinamilkSalesTrainee2025hashtag#BachChienBachThanghashtag#LifeAtVinamilkhashtag#VinamilkCareers…xem thêm","https://media.licdn.com/dms/image/v2/D5622AQHVFqVuBmiZ9w/feedshare-shrink_800/B56ZkUu_C.HcAg-/0/1756989487274?e=1782345600&v=beta&t=DHa1KD_Exl_av7SDeZ-jjDpB1c7u7x2yNQ4WpBtFC7Q, https://media.licdn.com/dms/image/v2/D5622AQEGvu8kEsbPMQ/feedshare-shrink_800/B56ZkUu_DaG0Ak-/0/1756989487484?e=1782345600&v=beta&t=hrK3gru7E75Zk3pffZwDFvd3JXatzWn9zhoIDv5dNhs, https://media.licdn.com/dms/image/v2/D5622AQFA6YeusvFaAg/feedshare-shrink_800/B56ZkUu_DvHkAo-/0/1756989487516?e=1782345600&v=beta&t=Eo2saKfM0Zh1N5nge38UDyc4Ek36Gx3kKJHg9RHWoP4, https://media.licdn.com/dms/image/v2/D5622AQFx3uhHNeQlFQ/feedshare-shrink_800/B56ZkUu_D0HMAg-/0/1756989487455?e=1782345600&v=beta&t=DTT372qOl7QkFUlaRj4D1WtXRMH_BQ9UQjUtjtEFkeI",,101,0,4
68,urn:li:activity:7368841528573652994,https://www.linkedin.com/feed/update/urn:li:activity:7368841528573652994,2025-09-03 10:05:26,,"HÒA BÌNH ĐẸP LẮM, VIỆT NAM ƠI!Độc lập này đánh đổi bằng gian khó.Tự do này gìn giữ bởi hy sinh.Hạnh phúc này là dành riêng đất Việt.Vinamilk tự hào đồng hành cùng hàng triệu đồng bào nhân dịp kỷ niệm 80 năm Cách mạng Tháng Tám thành công và Quốc Khánh nước Cộng hòa Xã hội Chủ nghĩa Việt Nam.Vinamilk tự hào vươn cao Việt Nam ❤️hashtag#LifeAtVinamilkhashtag#Vinamilkhashtag#ChungTayKienQuochashtag#VuonCaoVietNamhashtag#VuonTamTheGioi…xem thêm","https://media.licdn.com/dms/image/v2/D5622AQFhFFXoTmTwMA/feedshare-shrink_800/B56ZkNiTuNH8Ao-/0/1756868724032?e=1782345600&v=beta&t=U_kUNELAOmCaoUL9dQzXSK0l9x1Jp8WNX7bN4vkcMjE, https://media.licdn.com/dms/image/v2/D5622AQHD9_hD0A6ipw/feedshare-shrink_800/B56ZkNiTs9HUAk-/0/1756868722837?e=1782345600&v=beta&t=g7-EugKw4Fdp2EQA6a-_Eh6CvvEZm8Jj2ZPasM6zwSg, https://media.licdn.com/dms/image/v2/D5622AQFiZ47a5A1WnQ/feedshare-shrink_800/B56ZkNiTs0HAAo-/0/1756868722630?e=1782345600&v=beta&t=ntiXSuuK8l7WH07Okrr8iCnKOUcg-QXUucY4r2x2Xl8, https://media.licdn.com/dms/image/v2/D5622AQHC3gkFNtShiA/feedshare-shrink_800/B56ZkNiTu6G4As-/0/1756868724140?e=1782345600&v=beta&t=9C7k_vdeMAK1G1WFhRHngHWOqKAPw2C-7WDlnJ6RGuU",,162,0,3
69,urn:li:activity:7367176989872410624,https://www.linkedin.com/feed/update/urn:li:activity:7367176989872410624,2025-08-29 19:51:09,,"Nhiều góc nhìn nhưng chung niềm tin về vị lãnh đạo có tâm, có tầm, quyết đoán và bản lĩnh.Cảm ơn những người bạn đã yêu thích và chia sẻ tình cảm với CEO Vinamilk qua những dòng bình luận, post trên Facebook, Linked In, Youtube...Vinamilk trân quý tình cảm của các bạn!Chúc mừng sinh nhật CEO Mai Kiều Liên - 1.9.2025 💙hashtag#LifeAtVinamilkhashtag#Vinamilkhashtag#CEOVinamilk…xem thêm","https://media.licdn.com/dms/image/v2/D5622AQHaejXbjXMaJw/feedshare-shrink_800/B56Zj14ZsTHkAg-/0/1756471867867?e=1782345600&v=beta&t=FOVYWucq_7XaaxsFFSdpENHiv0L5yclquHyKfojPeLM, https://media.licdn.com/dms/image/v2/D5622AQHjSScJyzux9w/feedshare-shrink_800/B56Zj14ZqsG0Aw-/0/1756471863792?e=1782345600&v=beta&t=I7otD78MnF2ML6hAhEEo_cpCQa1LwcKeaOYZXKn73yo, https://media.licdn.com/dms/image/v2/D5622AQEVVL9N0EnwRQ/feedshare-shrink_800/B56Zj14Zs0HQAg-/0/1756471866244?e=1782345600&v=beta&t=tcr9yZ3YXJMeBmRdoCOkPSjWEPiAcr2YOBWM-98FU0w, https://media.licdn.com/dms/image/v2/D5622AQFqv91keNU4fg/feedshare-shrink_800/B56Zj14ZrKHQAg-/0/1756471862543?e=1782345600&v=beta&t=eLK5nqPChRjk2bvFhIboENKy-sjbqaE_P7K8Xjj_71A",,417,6,9
70,urn:li:activity:7366744894469521409,https://www.linkedin.com/feed/update/urn:li:activity:7366744894469521409,2025-08-28 15:14:10,,"🌟 Vinamilk nổi bật giữa không gian triển lãm “Khởi nghiệp kiến quốc” quy mô toàn quốc 🌟❤️ Vinh dự xuất hiện tại Triển lãm Thành tựu Đất nước, Vinamilk kể về hành trình “50 năm tiên phong – Vươn cao Việt Nam, Vươn tầm thế giới"" thông qua sắc xanh rực rỡ, thiết kế hiện đại cùng các gian hàng giới thiệu nguồn dinh dưỡng thiên nhiên và các thành tựu khoa học công nghệ hàng đầu. Đến tham quan triển lãm Vinamilk, bạn không chỉ bước vào hành trình vươn mình cùng đất nước của một thương hiệu quốc gia, mà còn nhận được những món quà dinh dưỡng ngon miệng ngon mắt.🕰️ Thời gian: 28/8 – 5/9/2025​📌 Địa điểm: Lầu 1, Hội trường 5- Trung tâm triễn lãm quốc gia Cổ Loa, Đông Anh, Hà Nội.❤️ Bên cạnh đó, tại khắp các điểm xem lễ duyệt binh tại Thủ đô Hà Nội, Vinamilk đã chuẩn bị vô vàn chai nước mát, hộp sữa tươi cùng các thức uống dinh dưỡng để tiếp lửa bà con trong sự kiện trọng đại – kỷ niệm 80 năm Cách mạng Tháng Tám và Quốc khánh 2/9.📸 Cảm ơn mọi người đã ghé thăm, đồng hành cùng Vinamilk trong hành trình vươn cao cùng đất nước. Nếu bắt gặp Vinamilk, hãy chia sẻ khoảnh khắc đẹp của bạn với chúng mình dưới comment nhé 🥰hashtag#LifeAtVinamilkhashtag#Vinamilkhashtag#ChungTayKienQuochashtag#VuonCaoVietNam…xem thêm","https://media.licdn.com/dms/image/v2/D5622AQHjyAaXYn9DEg/feedshare-shrink_800/B56ZjvvWAUHQAg-/0/1756368846910?e=1782345600&v=beta&t=QC2Ysv4oHYvD4tRDCTj3tkVHEiFmvOVCED0wJw_zb1k, https://media.licdn.com/dms/image/v2/D5622AQE2qT36jCt6-A/feedshare-shrink_800/B56ZjvvWCKIAAo-/0/1756368847411?e=1782345600&v=beta&t=IQHCnKJlGhAFWF7bG6QADPMypNPlGAYWBOg8wgB0ECg, https://media.licdn.com/dms/image/v2/D5622AQHeGgsdgMPJog/feedshare-shrink_800/B56ZjvvWB_IAAg-/0/1756368847300?e=1782345600&v=beta&t=6M1K01SKhFS8nHUyjWei0AIsk50GTgeAAWeaq_ZYpkU, https://media.licdn.com/dms/image/v2/D5622AQFWU14OZ3y3Rg/feedshare-shrink_800/B56ZjvvWCOHIAk-/0/1756368848250?e=1782345600&v=beta&t=xu96CMmfw_zxJXDk0qGYSZ9KLDch1M77gCiIISwQMYs",,243,0,7
71,urn:li:activity:7365630631466164225,https://www.linkedin.com/feed/update/urn:li:activity:7365630631466164225,2025-08-25 13:26:29,,"❤️ Hòa nhịp cùng ngày hội non sông, Vinamilk đã sẵn sàng đồng hành trong chuỗi 3 sự kiện trọng điểm kỷ niệm 80 năm Quốc khánh – mang trọn tinh thần “Chung tay kiến quốc, Vươn Cao Việt Nam”:1️⃣ Khu vực Vinamilk trong Triển lãm Thành tựu Kinh tế - Xã hội: Không gian để người tham dự cùng khám phá những bước tiến mới và trải nghiệm thành tựu đáng tự hào Vinamilk đã đạt được cùng sự phát triển của đất nước.🕰️ Thời gian: 28/8 – 5/9/2025​📌 Địa điểm: Lầu 1, Hội trường 5- Trung tâm triễn lãm quốc gia Cổ Loa, Đông Anh, Hà Nội.2️⃣ Không gian của Vinamlik trong Triển lãm Rạng rỡ Việt Nam: Khu vực trải nghiệm các sản phẩm đột phá của Vinamilk🕰️ Thời gian: 28/8 – 5/9/2025​📌 Địa điểm: Khu vực sân Đông - Trung tâm triễn lãm quốc gia Cổ Loa, Đông Anh, Hà Nội. ​3️⃣ Lễ diễu binh kỷ niệm Quốc khánh: Các gian hàng tặng sản phẩm diễn ra xuyên suốt dọc các tuyến đường diễu binh trong 3 ngày 27/8, 30/8, 2/9 để tiếp sức người dân xem diễu binhHãy ghé thăm các khu vực của Vinamilk trong các chuỗi sự kiện, cùng hòa mình vào không khí rực rỡ của ngày hội non sông và ghi lại khoảnh khắc tự hào cùng Vinamilk ❤️ ❤️ ❤️hashtag#Vinamilkhashtag#ChungTayKienQuochashtag#VuonCaoVietNam…xem thêm","https://media.licdn.com/dms/image/v2/D5622AQGaL6toVybFPg/feedshare-shrink_800/B56Zjf6AuKG4Ak-/0/1756103185395?e=1782345600&v=beta&t=KIKAejGyYkDnp-bvxO5VHLGSv3wfeyPMTgRPrJx9mHw, https://media.licdn.com/dms/image/v2/D5622AQFrBeC7hbtbdw/feedshare-shrink_800/B56Zjf6AuNHcAg-/0/1756103187745?e=1782345600&v=beta&t=627et9YeDl1S5QxlQwzoI0gADgVe-CSxScUA6ch0GaY, https://media.licdn.com/dms/image/v2/D5622AQE_OiVCx_C5bQ/feedshare-shrink_800/B56Zjf6AuXHMAg-/0/1756103187885?e=1782345600&v=beta&t=uRAtb_00GXhUezBmCRMZPnlEmHS_Ak0l32wsPF5KxJI, https://media.licdn.com/dms/image/v2/D5622AQEaLHLmqJNSnQ/feedshare-shrink_800/B56Zjf6AuoHAAk-/0/1756103187719?e=1782345600&v=beta&t=OrNXQKk_vR5QIdTamfmFGrSlopa-cfb7SZt0dh00_RE",,98,0,3
72,urn:li:activity:7365218531757449216,https://www.linkedin.com/feed/update/urn:li:activity:7365218531757449216,2025-08-24 10:08:57,,"Sau 4 ngày mở đơn, Vinamilk nhận về quá trời thắc mắc của các fresher về chương trình nên tức tốc mở ngay chuyên mục giải đáp từ A-Z về chương trình Vinamilk Sales Trainee.Nếu còn câu hỏi nào thêm, bạn cứ gửi về Life At Vinamilk nhé, đội ngũ Vinamilk sẵn sàng giải đáp!----🔥 Mời bạn khám phá JD và ứng tuyển ngay tại:https://lnkd.in/gJHYn2xn👉 Mở đơn từ 19/08 - 18/09hashtag#VinamilkSalesTrainee2025hashtag#BachChienBachThanghashtag#LifeAtVinamilkhashtag#VinamilkCareers…xem thêm","https://media.licdn.com/dms/image/v2/D5622AQHSDV5p7lrl4g/feedshare-shrink_800/B56ZjaDN67HAAo-/0/1756004934771?e=1782345600&v=beta&t=uo3isBe8OZCxVFU1LpbFYh0uNyFFA0f4gt-2AKn5lfY, https://media.licdn.com/dms/image/v2/D5622AQGuEZ1JKF-tBw/feedshare-shrink_800/B56ZjaDN7IHMAg-/0/1756004934816?e=1782345600&v=beta&t=BdmwWGFDYcGD-mmw8nUZ4thvTGppQlMrtMb8LoFjuw4, https://media.licdn.com/dms/image/v2/D5622AQHd5Er0nVUJkg/feedshare-shrink_800/B56ZjaDN7THAAg-/0/1756004935570?e=1782345600&v=beta&t=ol7L8d6aJ7aKYtcjChJoy5L3Yax7opOKiCWEeHqrOxM, https://media.licdn.com/dms/image/v2/D5622AQHSW1X6dxsF6Q/feedshare-shrink_800/B56ZjaDN6XIAAg-/0/1756004934622?e=1782345600&v=beta&t=iEChCweaofLddJzaM1eQvO4l_oZNQYEZX4MfchRtqq4",,153,1,4
73,urn:li:activity:7363750795730698240,https://www.linkedin.com/feed/update/urn:li:activity:7363750795730698240,2025-08-20 08:56:41,,"Gần 5 thập kỷ vững vàng cùng Việt Nam vươn cao rạng rỡNhất quán suốt gần 5 thập kỷ, Vinamilk kiên định với những giá trị bền vững, không đánh đổi chất lượng, không ngại nâng chuẩn toàn diện, không ngừng xây dựng niềm tin – vì bạn, vì chúng ta và vì cộng đồng.Vinamilk vượt chuẩn quốc tế vì một Việt Nam vươn cao rạng rỡ!…xem thêm","https://media.licdn.com/dms/image/v2/D5622AQFuifVADsIE3A/feedshare-shrink_800/B56ZjFMNxWHMAg-/0/1755654988218?e=1782345600&v=beta&t=y_nLM8daw1YEvCDkeUKkSN8qRK8jp7pj63TmfE17Ea4, https://media.licdn.com/dms/image/v2/D5622AQGQ4M21XORVnA/feedshare-shrink_800/B56ZjFMNw9G4Ag-/0/1755654975668?e=1782345600&v=beta&t=EMEzrpEUStRNV-ZIV2t0bvTsEsn5XK-MHNuU117W2BU, https://media.licdn.com/dms/image/v2/D5622AQEgCwh88n8aFg/feedshare-shrink_800/B56ZjFMNxKHcAg-/0/1755654974952?e=1782345600&v=beta&t=cHpLXiDOzrXNMEg8MbbKFOyNL-i0zIlnNlYl6NcsPuQ, https://media.licdn.com/dms/image/v2/D5622AQGyBSN8-KkijQ/feedshare-shrink_800/B56ZjFMNw6HkAk-/0/1755654987097?e=1782345600&v=beta&t=RBsupnKk3LoDnSwlg3NKON9OCw1w9GPofQr3iluL5x4",,104,1,5
74,urn:li:activity:7363150452374327296,https://www.linkedin.com/feed/update/urn:li:activity:7363150452374327296,2025-08-18 17:11:08,,"🏆 Vinamilk đạt chuẩn AAA+, cột mốc lịch sử của Việt Nam trên bản đồ sữa toàn cầu 🏆Vượt qua những cường quốc lâu đời trong ngành sữa, Vinamilk được Brand Finance vinh danh là thương hiệu sữa tiềm năng nhất thế giới, với chỉ số sức mạnh thương hiệu ở mức xếp hạng cao nhất – xuất sắc vượt trội.49 năm ""không ngừng nâng chuẩn"" - sự thăng hạng rõ rệt của Vinamilk trên bản đồ ngành thực phẩm thế giới đã đưa Việt Nam lên Top 5 quốc gia có đóng góp cao nhất cho giá trị ngành sữa toàn cầu (theo Brand Finance).Vinamilk vượt chuẩn quốc tế, vì một Việt Nam vươn cao rạng rỡ ❤️hashtag#LifeAtVinamilkhashtag#Vinamilkhashtag#BrandFinance…xem thêm","https://media.licdn.com/dms/image/v2/D5622AQGC-sHVc5df_w/feedshare-shrink_800/B56Zi8qTkZHQAg-/0/1755511866775?e=1782345600&v=beta&t=tAhZALRioM5yZVSkCZ3Jvqa0bknF_Ss0gQCa6mKXZ5Q, https://media.licdn.com/dms/image/v2/D5622AQE84-cPzZYLpQ/feedshare-shrink_800/B56Zi8qTiaHkAg-/0/1755511864564?e=1782345600&v=beta&t=IAfalZZBaze8Ooaid0vlQo2_PNryw_Bdebw9n4TKDwU, https://media.licdn.com/dms/image/v2/D5622AQHDNKEOqJp8Qw/feedshare-shrink_800/B56Zi8qTjYG4Ao-/0/1755511866898?e=1782345600&v=beta&t=GPyHWMleC-xr17lhfA2qCZNwpn2xr30HSZFtwb6EFKM, https://media.licdn.com/dms/image/v2/D5622AQHegTc40bvEqA/feedshare-shrink_800/B56Zi8qTisG4Ag-/0/1755511864520?e=1782345600&v=beta&t=GWqrEwB_n-2iwPOk7uAanaN0y11fxjxLkd5x9YylWdA",,169,3,3
75,urn:li:activity:7394995186549977088,https://www.linkedin.com/feed/update/urn:li:activity:7394995186549977088,2025-11-14 14:10:44,,"Top 8 ESG Challenge ""đổ bộ"" trang trại Green Farm 🤩Trước thềm chung kết cuộc thi ESG Challenge - “Quản trị Công ty hướng tới Phát triển Bền Vững”, top 8 đội thi chung kết đã có tour khám phá từ A-Z về trang trại Green Farm Tây Ninh.Ai cũng bất ngờ khi được tận mắt chứng kiến mô hình chăn nuôi bò 4.0 chuẩn quốc tế cùng hàng loạt sáng kiến phát triển bền vững của Vinamilk: từ ứng dụng năng lượng và công nghệ xanh, tuần hoàn nước, cho đến chuyển hóa chất thải thành tài nguyên.Mời bạn đi tour online cùng chúng mình nhé!hashtag#LifeAtVinamilkhashtag#Vinamilkhashtag#GreenFarmTayNinhhashtag#ESGChallenge2025…xem thêm",,blob:https://www.linkedin.com/80b7ecef-eccb-4af0-9faa-d2c5fae1b57a,185,2,4
76,urn:li:activity:7358707514693087232,https://www.linkedin.com/feed/update/urn:li:activity:7358707514693087232,2025-08-06 10:56:29,,"Vinamilk trình làng KOMBUCHA HAYĐẤY - THƯƠNG HIỆU KIỂU MỚI LUÔN ĐI CÙNG NHỮNG Ý TƯỞNG ""HAY ĐẤY"" 😎Lần đầu tiên ra mắt, chúng tớ sẽ giúp biến mọi đam mê thành thực với câu hỏi ""Nếu nghỉ làm 1 ngày, bạn sẽ làm gì?"".Một Marketer tại công ty V đã thổ lộ: ""Làm Marketing quá nhiều rồi, tôi chỉ muốn được làm mọi task khác, trừ marketing...""Thế là HAYĐẤY quyết xin sếp cho bạn nghỉ 1 ngày để sống trọn đam mê làm hộ mọi task của đồng đội (và sau 1 ngày bươn chải bạn đã chọn quay về với marketing).Còn bạn, nếu được nghỉ làm 1 ngày, bạn sẽ muốn làm gì? Biết đâu, chúng tớ sẽ giúp biến đam mê off 1 ngày sếp không trừ lương của bạn thành thực 🤣hashtag#LifeAtVinamilkhashtag#Vinamilkhashtag#HAYĐẤYhashtag#KOMBUCHAKIEUMOI…xem thêm","https://media.licdn.com/dms/image/v2/D5622AQGZAxEcSPoCrQ/feedshare-shrink_800/B56Zh9hdt1HUAg-/0/1754452586085?e=1782345600&v=beta&t=48tvr5PwwXyLrTgRN6BQSWSS3rEVd3tzTZbX2TECDyE, https://media.licdn.com/dms/image/v2/D5622AQE9QqXG4uBXZQ/feedshare-shrink_800/B56Zh9hdsAH0Ag-/0/1754452584470?e=1782345600&v=beta&t=0fnCjasBbtLqvve2ba4yDPxpOXsv0sc9oCrXDsqpQYg, https://media.licdn.com/dms/image/v2/D5622AQEu6WYJtpvnvA/feedshare-shrink_800/B56Zh9hduiHMAo-/0/1754452585871?e=1782345600&v=beta&t=TyQdcZXKYq5w2OYDwaHNNr7vEYsCE6mKXQ3-p5UAFA4, https://media.licdn.com/dms/image/v2/D5622AQEPuHqx-D_N0Q/feedshare-shrink_800/B56Zh9hduYHUAg-/0/1754452586508?e=1782345600&v=beta&t=Qc4ERGufV5SGVK1ZNwu5gIr6iaFmrkXNMpz5dBsoeZ8",,581,9,10
77,urn:li:activity:7357966117081919488,https://www.linkedin.com/feed/update/urn:li:activity:7357966117081919488,2025-08-04 09:50:26,,"Hội Interns cùng đoàn Executive MBA (Hoa Kỳ) khám phá siêu nhà máy Vinamilk!Đoàn lãnh đạo tham gia chương trình Executive MBA từ Đại học Georgetown (Hoa Kỳ), cùng đồng đội E-Commerce và các bạn Interns vừa có chuyến đi tour, khám phá mọi ngóc ngách của siêu nhà máy sữa Mega Vinamilk.Tại đây, cả đoàn không chỉ “wow” với hệ thống sản xuất hiện đại 4.0 mà còn có những trải nghiệm đáng nhớ:📦 Chứng kiến 100% sữa được đóng hộp trong ngày để giữ trọn dinh dưỡng.🕹️ Kiểm chứng robot LGV vận chuyển hàng đến kho thông minh 17 tầng, sức chứa hơn 27.000 pa-lét.🧠 Trầm trồ trước dây chuyền sản xuất khép kín chuẩn quốc tế.💙 Ngưỡng mộ câu chuyện về đồng đội Vinamilk tận tâm, nhiệt huyết đang làm việc tại nhà máy.😍 Vui vẻ thưởng thức những hộp sữa 100% tươi ngon.Hành trình khám phá Vinamilk của hội Intern còn nhiều trải nghiệm thú vị phía trước. Cùng đón chờ nhé!hashtag#LifeAtVinamilkhashtag#Vinamilkhashtag#MegaFactoryTour…xem thêm","https://media.licdn.com/dms/image/v2/D5622AQGb_Dws-5hh5Q/feedshare-shrink_800/B56Zhy_LKWH0Ag-/0/1754275824669?e=1782345600&v=beta&t=o48A1ywOSVQJh6wbuqCXFwZHq7jM_fhnsKHZC0Yqj4o, https://media.licdn.com/dms/image/v2/D5622AQExPnAzy4pHzw/feedshare-shrink_1280/B56Zhy_LKoG4Ak-/0/1754275820758?e=1782345600&v=beta&t=HfNK8JUhBg9aRyjMAdqzOr8N730yC6M5h0AxXkMq-uE, https://media.licdn.com/dms/image/v2/D5622AQEnVDtkZNwByg/feedshare-shrink_800/B56Zhy_LLPH0Ag-/0/1754275824693?e=1782345600&v=beta&t=ur4io1Z5YPCd8X4S7CApxhWzLbaoF9_CfOoKCSX2MDU, https://media.licdn.com/dms/image/v2/D5622AQGxhRdO9BglxA/feedshare-shrink_1280/B56Zhy_LKyG0Ak-/0/1754275820916?e=1782345600&v=beta&t=7yvpGjdPsDS6zahO-6yKutiDLwPmPLgptevGc0clAto",,233,0,1
78,urn:li:activity:7355439388350181377,https://www.linkedin.com/feed/update/urn:li:activity:7355439388350181377,2025-07-28 10:30:07,,"BẠN ƠI, ĐỪNG VỨT VỎ SỮA NHA!Vì Vinamilk vẫn đang nhận thu gom vỏ đổi lấy quà xinh đó 🌎Dù bận rộn chạy deadline nhưng nhóm Intern chúng mình vẫn dành ra 5 phút giờ nghỉ để tham gia chương trình ""Vỏ xinh tái sinh"", góp phần bảo vệ môi trường cùng Vinamilk.Đơn giản lắm, uống sữa xong bạn chỉ thực hiện theo 4 bước:🔹 Làm dẹp vỏ - cắt vỏ - rửa sạch & phơi khô vỏ - mang vỏ đến cửa hàng Vinamilk để đổi lấy quà xinh 🎁Để Trái Đất thêm xanh, chúng mình cần thêm sự chung tay của các bạn!📍 Mời bạn tham khảo danh sách cửa hàng thu gom & thể lệ đổi vỏ lấy quà tại đây:https://lnkd.in/gXFaZ9X7Cùng Vinamilk hành động ngay hôm nay!hashtag#Vinamilkhashtag#LifeAtVinamilkhashtag#VoXinhDuocTaiSinhhashtag#LifeAtVinamilk…xem thêm","https://media.licdn.com/dms/image/v2/D5622AQEhMGABfxBHDA/feedshare-shrink_800/B56ZhPFGjYG4As-/0/1753673398471?e=1782345600&v=beta&t=CtTniQ5MO0ZWho6nwANGcT_djl0l-Phsk7AN3ak1gRg, https://media.licdn.com/dms/image/v2/D5622AQG7wSouA-zf7w/feedshare-shrink_800/B56ZhPFGjnG0Ag-/0/1753673404537?e=1782345600&v=beta&t=D1ZDTpGP5UgZzDn-cJ-iBzWbZ1NbyqvjdsGe6moV0S4, https://media.licdn.com/dms/image/v2/D5622AQHAt65FEz6GjA/feedshare-shrink_800/B56ZhPFGkMHcAk-/0/1753673405551?e=1782345600&v=beta&t=Yk3CfNXk9HH58TTIBvN2fxwlrJqgSxaJGd3RQkbIgeU, https://media.licdn.com/dms/image/v2/D5622AQEYt_gP0bRJzg/feedshare-shrink_800/B56ZhPFGkEHQAs-/0/1753673402139?e=1782345600&v=beta&t=cnz1EAe69N8JSmAo2SMp8xcJp5kiNyzbZB4TL8GHTJw",,326,8,8
79,urn:li:activity:7352969806582632449,https://www.linkedin.com/feed/update/urn:li:activity:7352969806582632449,2025-07-21 14:56:53,,"🌟Hội Interns lần đầu đổ bộ sân chơi thể thao Vinamilk🏸Có thể bạn chưa biết: các thực tập sinh từ SEO-V không chỉ hết mình, cầu tiến trong công việc mà còn trong cả các hoạt động thể chất. Bắt đầu từ việc gia nhập vào các CLB thể thao đầy nhiệt huyết!Ở Vinamilk, sau giờ làm là tới giờ hết mình thể thao với những pha cầu lông ""căng đét"", những màn chạy bộ toát mồ hôi và cả những buổi yoga chill hết cỡ. Không chỉ là trạm sạc năng lượng, CLB thể thao còn là nơi để các bạn interns kết nối, làm quen với các đồng đội Vinamilk ở các phòng ban khác. Cùng lướt hết album để khám phá những giờ phút tập luyện hết mình - gắn kết hết ý, đúng chất ""Bar Raiser Interns"" nhé 🤩Hành trình của các bạn Interns vẫn còn nhiều hoạt động thú vị khác, cùng đón chờ trên Life At Vinamilk!hashtag#LifeAtVinamilkhashtag#Vinamilkhashtag#SEOVietnamhashtag#RaisetheBar…xem thêm","https://media.licdn.com/dms/image/v2/D5622AQHCzciSl3rowA/feedshare-shrink_800/B56Zgr_ChJG4Ag-/0/1753084609765?e=1782345600&v=beta&t=TuUVTrab5Fn8UdzE3flW82Yi4TcC1JJiG1it7YhMUiM, https://media.licdn.com/dms/image/v2/D5622AQE0cjbRTiBG_A/feedshare-shrink_800/B56Zgr_CiDH0Ag-/0/1753084611093?e=1782345600&v=beta&t=9wUXtUE86CERfgeJvP8584ML3hob-kmcA_dMNdgt7iY, https://media.licdn.com/dms/image/v2/D5622AQGbWCqcZH51jA/feedshare-shrink_800/B56Zgr_ChrH0Ak-/0/1753084610309?e=1782345600&v=beta&t=GyDC3E6s1NMvSeDoNiqbzUOkBo1DieWsfiN7Bhbnhl4, https://media.licdn.com/dms/image/v2/D5622AQFy5eSH3koBuw/feedshare-shrink_800/B56Zgr_CiLHcAk-/0/1753084610429?e=1782345600&v=beta&t=2hE9A4BEpyspNCnacddihr46t9Rx0mCWzijjZRBZez8",,383,2,2
80,urn:li:activity:7351499844592594944,https://www.linkedin.com/feed/update/urn:li:activity:7351499844592594944,2025-07-17 13:35:47,,"✨JOB SALES PHẤP PHỚI TÌM NHÂN TÀI MỚI✨Tăng tốc mở rộng hoạt động kinh doanh trên toàn thị trường nội địa, Vinamilk truy tìm những nhân tố xuất sắc để phát triển đội ngũ Sales kế thừa. Vào đội Vinamilk, bạn sẽ cùng đội ngũ xây dựng mối quan hệ chiến lược với khách hàng/đối tác kênh truyền thống để mở rộng thị phần và tăng trưởng doanh thu bền vững.Bắt cơ hội lớn, ứng tuyển ngay:🧢Area Sales Manager - Trưởng bán hàng Vùng kênh Truyền thống:https://lnkd.in/dnxR-9eX🧢Sales Supervisor - Giám sát Nhà phân phối kênh Truyền thống:https://lnkd.in/d_4uFF9DĐây là cơ hội để bạn:✔️Bứt phá năng lực Sales trong môi trường chuyên nghiệp của thương hiệu sữa hàng đầu Việt Nam✔️Thăng tiến sự nghiệp với lộ trình phát triển rõ ràng, đào tạo bài bản từ kiến thức chuyên môn, năng lực quản lý tới các kỹ năng bổ trợ✔️Góp phần nâng chuẩn chất lượng bán hàng của doanh nghiệp dẫn đầu ngành sữaChưa kể, còn bạt ngàn quyền lợi:🔥 Thu nhập hấp dẫn: Lương cơ bản + phụ cấp + thưởng hiệu quả công việc + thưởng khích lệ sản xuất kinh doanh…🔥Lộ trình thăng tiến rõ ràng🔥Chương trình đào tạo năng lực bài bản, xây dựng theo 3 trụ cột chính để phát triển năng lực🔥Công cụ bán hàng hiện đại được thiết kể bởi đội ngũ in-house🔥Chế độ phúc lợi đầy đủ (BHXH, BHYT, BHTN…)🔥Có bảo hiểm sức khỏe cho NLĐĐể ứng tuyển vui lòng liên hệ:- Area Sales Manager:ttltrinh@vinamilk.com.vn- 0388 270 799 (Ms. Lệ Trinh)- Sales Supervisor:nttlinh3@vinamilk.com.vn- 034 741 3248 (Ms. Thùy Linh)Nếu có thắc mắc cần giải đáp bạn hãy nhắn ngay cho Vinamilk để được hỗ trợ kịp thời nhé!hashtag#Saleshashtag#SalesSupervisorhashtag#SalesSuphashtag#Vinamilkhashtag#LifeAtVinamilkhashtag#AreaSalesManager…xem thêm","https://media.licdn.com/dms/image/v2/D4D22AQGwX1eZlJYe1g/feedshare-shrink_800/B4DZgXGIIwG8Ak-/0/1752734145345?e=1782345600&v=beta&t=DcR3x-Nkfsh70k8dL0BHtYs00Dw1Cvbkeymq53nyjgY, https://media.licdn.com/dms/image/v2/D4D22AQH30vJcFois0g/feedshare-shrink_800/B4DZgXGIIIHwAo-/0/1752734143914?e=1782345600&v=beta&t=VQPcDAnu-Jo761vWCxN1eK0MRPWAhO3dOobm2CCEg0U, https://media.licdn.com/dms/image/v2/D4D22AQHF9cBMeaG5wQ/feedshare-shrink_800/B4DZgXGIIVH8Ak-/0/1752734141900?e=1782345600&v=beta&t=PMPEyCicW_0UjFTyyE7IlefzKSoWO2kbmT2_KGBpyvc, https://media.licdn.com/dms/image/v2/D4D22AQEa4PN_O-kn8Q/feedshare-shrink_800/B4DZgXGIIQGsAs-/0/1752734141231?e=1782345600&v=beta&t=MeczWBkuc4gbVFI_GYHqh-0gNuT5m5S4pv47DCJ8YVA",,92,4,1
81,urn:li:activity:7349388785127694336,https://www.linkedin.com/feed/update/urn:li:activity:7349388785127694336,2025-07-11 17:47:11,,"✨ XIN CHÀO CÁC “BAR RAISER INTERNS” TỪ SEO-VIETNAM ĐÃ TỚI VINAMILK! ✨Mùa hè này, Vinamilk chào đón các bạn sinh viên Gen Z đầy tài năng và nhiệt huyết đến từSponsors for Educational Opportunity - Vietnam- tổ chức phi lợi nhuận thành lập từ năm 2009, với sứ mệnh phát triển thế hệ lãnh đạo trẻ thông qua việc kết nối hàng trăm sinh viên xuất sắc với những doanh nghiệp hàng đầu và các nhà lãnh đạo giàu kinh nghiệm. 🚀Ngày đầu gia nhập Vinamilk, các bạn thực tập sinh từ SEO-V đã được truyền lửa qua hàng loạt hoạt động siêu thú vị: làm quen với ""10 Chất Vinamilk"", lắng nghe câu chuyện khởi nghiệp từ CEO Mai Kiều Liên, khám phá mọi ngóc ngách văn phòng từ hồ bơi, phòng gym, đến cửa hàng mới tinh, gặp gỡ anh chị quản lý để chia sẻ về kỳ vọng phát triển và không thể thiếu màn đập hộp bộ welcome kit “đã mắt ngon miệng”...Thế nhưng, đây mới chỉ là khởi đầu! Còn nhiều điều hấp dẫn phía trước – đừng bỏ lỡ những trải nghiệm công việc đáng nhớ trong 3 tháng tới của các “Bar Raiser Interns” tại Vinamilk ở những tập tiếp theo nhé! 💙hashtag#LifeAtVinamilkhashtag#Vinamilkhashtag#SEOVietnamhashtag#RaisetheBar…xem thêm","https://media.licdn.com/dms/image/v2/D5622AQHEC-_1nLLk4A/feedshare-shrink_800/B56Zf5GJP3GUAg-/0/1752230828609?e=1782345600&v=beta&t=V7l2D8Z-aWObKyBOQhsKHGzzrFmTZU23mHChAG9EETw, https://media.licdn.com/dms/image/v2/D5622AQERrR3ZmVsxxg/feedshare-shrink_800/B56Zf5GJQxHYAo-/0/1752230828811?e=1782345600&v=beta&t=HF0cbqs9MBZ93z_JM8EJjmS1snVVCg98pvTNtNXTek8, https://media.licdn.com/dms/image/v2/D5622AQEJizspnLJMJw/feedshare-shrink_800/B56Zf5GJQnHQAo-/0/1752230828672?e=1782345600&v=beta&t=yKliYRBkWpg90oGmZDhsu7-LDmUhtKp0jq0MQ-gi7NY, https://media.licdn.com/dms/image/v2/D5622AQGbUzLs059hRg/feedshare-shrink_800/B56Zf5GJRUGoAg-/0/1752230829029?e=1782345600&v=beta&t=lf-3kR3W9YFpVTOsp6TYvCJKqoho090FAQBSyQQ6QjQ",,324,4,3
82,urn:li:activity:7347213706570756096,https://www.linkedin.com/feed/update/urn:li:activity:7347213706570756096,2025-07-05 17:44:12,,"🤔 ""Đội Kinh doanh Quốc tế phát triển thị trường xuất khẩu như thế nào?""""Có những thách thức thú vị nào khi đội Kinh doanh Quốc tế làm việc với khách hàng/đối tác nước ngoài?""Câu trả lời cho những thắc mắc mà fresher hỏi về công việc hàng ngày đội Kinh doanh quốc tế Vinamilk.Mời bạn lướt hết album để khám phá!----🔥 Còn 1 ngày để biến hoài bão thành thực cùng Vinamilk tại:https://lnkd.in/g4_yRi_a👉🏻 Hạn cuối ứng tuyển: 23h59 ngày 06/07/2025…xem thêm","https://media.licdn.com/dms/image/v2/D5622AQFA_6-IpuyXWA/feedshare-shrink_800/B56ZfaL7KBGoAg-/0/1751712249845?e=1782345600&v=beta&t=Mpo8jdkdu9kIiHlZSPMWFWr_D6CmWLY-C-veXspGHHM, https://media.licdn.com/dms/image/v2/D5622AQGbMRKGsTgSrg/feedshare-shrink_800/B56ZfaL7KCHUAg-/0/1751712250008?e=1782345600&v=beta&t=DGp9UBCI3kxf8Z0nx6Zjd3pYqDwJA5I_0H2To_nty_8, https://media.licdn.com/dms/image/v2/D5622AQHrIGphSHyAWA/feedshare-shrink_800/B56ZfaL7J8H8Ag-/0/1751712249963?e=1782345600&v=beta&t=KBrabVzK-HGGbogNsx0EKpMhASbpO1q6OrYc35jIklc, https://media.licdn.com/dms/image/v2/D5622AQGeV9nbNR_qAQ/feedshare-shrink_800/B56ZfaL7KKHEAk-/0/1751712250015?e=1782345600&v=beta&t=6FLAk9PiIuKuFR8cC64iHxZdQRiHgNPLXBgrqDDtQt4",,93,0,6
83,urn:li:activity:7346110314389655552,https://www.linkedin.com/feed/update/urn:li:activity:7346110314389655552,2025-07-02 16:39:43,,"🎯 GTP 2025 LẦN ĐẦU BẬT MÍ VỀ ĐỘI E-COMMERCE VINAMILK👉 E-commerce Vinamilk không giới hạn ở hình thức kinh doanh trên các sàn thương mại điện tử, mà còn mở rộng cả các kênh bán hàng online tự chủ (Website, ứng dụng mua hàng) theo mô hình Direct-to-customer. Nên đây sẽ là cơ hội để bạn nâng cấp tư duy mọi mặt: Critical Thinking, Data Analysis, Business Acumen, Market Understanding,... và hơn thế nữa.🔥 Nhắc nhẹ: Còn 4 ngày để ứng tuyển vào đội E-commerce Vinamilk thôi.Nhanh nhanh nộp đơn ngay:https://lnkd.in/g4_yRi_ahashtag#GraduateTalentProgram2025hashtag#HoaiBaoThanhThuchashtag#LifeAtVinamilkhashtag#TuyenDungVinamilk…xem thêm","https://media.licdn.com/dms/image/v2/D5622AQGCnR-QjhfsVA/feedshare-shrink_800/B56ZfKgZUrHUAg-/0/1751449180932?e=1782345600&v=beta&t=zUOTDJbv-Gsu8XIXv6mVb3cxpI4OG6DsKelzLLGa_9o, https://media.licdn.com/dms/image/v2/D5622AQEvIFfWMWKQbg/feedshare-shrink_800/B56ZfKgZUhGoAg-/0/1751449180754?e=1782345600&v=beta&t=znozyfBDvTSiwSKicgSe_plCkfXyL5MBoYf5i46V_2s, https://media.licdn.com/dms/image/v2/D5622AQHBBZwAkeVeMw/feedshare-shrink_800/B56ZfKgZU4HEAk-/0/1751449180992?e=1782345600&v=beta&t=Q60OFUsC8CODp2_9rcaXqurE0QghoOavysK56hkoZ_s, https://media.licdn.com/dms/image/v2/D5622AQGPS4Ro5m-EwA/feedshare-shrink_800/B56ZfKgZU0HUAk-/0/1751449180933?e=1782345600&v=beta&t=zjLJsfDBOI0zD7WqcwoF2buZ-HeR93jI82tqLp9yyyE",,165,3,3
84,urn:li:activity:7345357786442055680,https://www.linkedin.com/feed/update/urn:li:activity:7345357786442055680,2025-06-30 14:49:26,,"1 THẬP KỶ KIÊN ĐỊNH VỚI CHUẨN EU ORGANIC!Dù tiêu chuẩn EU Organic nghiêm ngặt, khắt khe và tốn kém cỡ nào, Vinamilk Green Farm cũng quyết đầu tư toàn diện – từ trang trại, thiết bị, đến đội ngũ – để kiểm soát chất lượng ở từng khâu, từ 2016 tới nay.Bạn hoàn toàn có thể kiểm tra các chứng nhận được chúng tôi công khai:📌 Chứng nhận Organic:https://lnkd.in/ghgvRqfY📌 Chứng nhận nhà máy & hệ thống quản lý:https://lnkd.in/g3CnshBRVinamilk Green Farm luôn khắt khe nhất, vì sức khỏe Việt Nam.hashtag#Vinamilkhashtag#GreenFarmOrganichashtag#EUorganic…xem thêm","https://media.licdn.com/dms/image/v2/D5622AQFZ_mmVOniS_A/feedshare-image-high-res/B56Ze_z9j4H8As-/0/1751269761911?e=1782345600&v=beta&t=2EwrcVBpIlj-JHIReWG02RNZO-48dV-QlCfx1i2ZgJ4, https://media.licdn.com/dms/image/v2/D5622AQH00NRpdEE99A/feedshare-shrink_800/B56Ze_z9kgGQAg-/0/1751269762102?e=1782345600&v=beta&t=dMr8DLLDHxJl6XK2J8vSqQ0v2cJol6XyNY6gYMiHP24, https://media.licdn.com/dms/image/v2/D5622AQEVO3dt8KQpEA/feedshare-shrink_800/B56Ze_z9jUHEAg-/0/1751269762095?e=1782345600&v=beta&t=NR68fm4bkc-A4NPowoeNuUXBpsqLNQwe4MDk2m0F9So, https://media.licdn.com/dms/image/v2/D5622AQGjIdUyQ6NrLA/feedshare-image-high-res/B56Ze_z9jMH8As-/0/1751269762023?e=1782345600&v=beta&t=jwf0iyVxEz6hV1C-gvfo_ONh3IfrPb7gbsAQa2elhvo",,69,1,2
85,urn:li:activity:7345284475959824384,https://www.linkedin.com/feed/update/urn:li:activity:7345284475959824384,2025-06-30 09:58:07,,"GTP 2025 KỂ BẠN NGHE NHỮNG ĐIỀU THÚ VỊ VỀ ĐỘI NGŨ RETAIL CHAIN VINAMILK“Hơn 700 cửa hàng khắp Việt Nam được tạo ra để mang đến trải nghiệm mua sắm và thưởng thức được chăm chút tỉ mỉ – trong một thế giới riêng của Vinamilk.”Vào đội Retail Chain Vinamilk, bạn không chỉ có cơ hội phát triển sâu rộng về chuyên môn Commercial, Franchise hay Expansion. Mà còn đồng hành cùng Vinamilk trên hành trình lan toả dinh dưỡng chất lượng, dịch vụ tin cậy và trải nghiệm ngày càng đa dạng tới hàng triệu người khắp cả nước.---📍Mời Fresher gia nhập đội Retail Chain ngay tại:https://lnkd.in/g4_yRi_a🔥 Hạn cuối ứng tuyển: 23h59 06/07/2025…xem thêm","https://media.licdn.com/dms/image/v2/D5622AQHqnRqe3_NcNA/feedshare-shrink_800/B56Ze.xS0pGQAg-/0/1751252285511?e=1782345600&v=beta&t=EtkJuDL8PJgYoPvl0_JQ-5L4-PtvHYzZaZNbSFLiUyM, https://media.licdn.com/dms/image/v2/D5622AQEb4K3C_H-e1g/feedshare-shrink_800/B56Ze.xS0KHEAk-/0/1751252285754?e=1782345600&v=beta&t=RuEyRKB60gJH72rbqEi4xiIyi4kgzyvTU6QM3C1kLdM, https://media.licdn.com/dms/image/v2/D5622AQFhG99DZYbAOQ/feedshare-shrink_800/B56Ze.xS0eGoAo-/0/1751252285225?e=1782345600&v=beta&t=ybMZng3MP4Zr3zn-Hvslgr77TWGBvhSP7J1-XwWtxNI, https://media.licdn.com/dms/image/v2/D5622AQHAw0VqNG3uxQ/feedshare-shrink_800/B56Ze.xS0VGQAg-/0/1751252285544?e=1782345600&v=beta&t=dGnbdpLCRFwi61KpfrgRZXZ1lNUbE8zWJ0jKFg3ZAr4",,88,0,1
86,urn:li:activity:7344619085176913921,https://www.linkedin.com/feed/update/urn:li:activity:7344619085176913921,2025-06-28 13:54:06,,"🎯 ĐỂ VINAMILK GIÚP FRESHER PHÂN BIỆT MODERN TRADE VỚI TRADE MARKETING NHA!Bạn có biết?👉 Các chương trình khuyến mãi ""mua sữa tặng ly xinh"" ở siêu thị gần nhà do team Trade Marketing Vinamilk triển khai.👉 Còn người ""listing & facing"" sản phẩm từ Vinamilk tới các chuỗi siêu thị lớn là do team Modern Trade thực hiện.Nếu 2 câu trên chưa đủ giúp bạn quyết định xem mình hợp với vị trí nào tại Khối Kinh Doanh Vinamilk, mời bạn xem hết chuỗi ảnh này để tìm job phù hợp nhất nha!📍Nếu bạn đã tìm thấy vị trí tiềm năng cho mình, bắt cơ hội lớn ngay tại:https://lnkd.in/g4_yRi_a🔥 Hạn cuối ứng tuyển: 23h59 06/07/2025hashtag#GraduateTalentProgram2025hashtag#HoaiBaoThanhThuchashtag#LifeAtVinamilkhashtag#TuyenDungVinamilkhashtag#ModernTrade…xem thêm","https://media.licdn.com/dms/image/v2/D5622AQH-o2-Ms77nTQ/feedshare-shrink_800/B56Ze1UIClG0Ag-/0/1751093643439?e=1782345600&v=beta&t=GiGsSxFOKX11rRi_ULwNq5YY4wBZigwBcOUInuBt_c4, https://media.licdn.com/dms/image/v2/D5622AQEKeNBhdohTJQ/feedshare-shrink_800/B56Ze1UIC8GoAg-/0/1751093643240?e=1782345600&v=beta&t=rYFm65atFCeIG8BOd0sfmoRJrJDaYG9JuHXcNy1vreI, https://media.licdn.com/dms/image/v2/D5622AQGzkey0rp4HlQ/feedshare-shrink_800/B56Ze1UICuHQAo-/0/1751093643438?e=1782345600&v=beta&t=68XaF99kxeaQ3IKIjJSiYFfvzFw15x6HkUMpU4Xp-eM, https://media.licdn.com/dms/image/v2/D5622AQGOAP3UQ3lS8Q/feedshare-shrink_800/B56Ze1UIDDH8Ag-/0/1751093643156?e=1782345600&v=beta&t=yQ3vMWRAZp6X0uS4_q89_0W_xn1xi5-O4wc43AETnHw",,112,1,4
87,urn:li:activity:7343830818198302720,https://www.linkedin.com/feed/update/urn:li:activity:7343830818198302720,2025-06-26 09:41:48,,"[Recap Note] Webinar “Bạn hỏi, Vinamilk trả lời”🤩 Mời bạn cùng Vinamilk nhìn lại những điểm nhấn ấn tượng tại buổi sharing độc quyền diễn ra vào 19h ngày 20.06.2025 vừa qua nhé!Đặc biệt, sự tham gia chia sẻ từ các đại diện của 6 phòng ban tại Vinamilk sẽ mang đến cho bạn những thông tin đầy giá trị về hành trình bứt phá cùng Graduate Talent Program 2025.Click vào từng ảnh và khám phá ngay thôi!!---✨ Hoài bão thành thực cùng Vinamilk tại:https://lnkd.in/g4_yRi_a👉🏻 Hạn cuối ứng tuyển: 23h59 ngày 06/07/2025hashtag#GraduateTalentProgram2025hashtag#HoaiBaoThanhThuchashtag#LifeAtVinamilkhashtag#TuyenDungVinamilk…xem thêm","https://media.licdn.com/dms/image/v2/D4D22AQGvr9fSKW5MiA/feedshare-shrink_800/B4DZeqHMsUGkAg-/0/1750905705511?e=1782345600&v=beta&t=T0GMEKD2sQnFqFiPNK9xx7ig7M99v8EVgA96t7DAX_I, https://media.licdn.com/dms/image/v2/D4D22AQE2eZi7EZ1-Wg/feedshare-shrink_800/B4DZeqHMr0GYAk-/0/1750905705783?e=1782345600&v=beta&t=blc81BvbslFMdFDR2fBxEyH3LN5l35Yf2Dsht8SUabg, https://media.licdn.com/dms/image/v2/D4D22AQGd_MFst4J4hw/feedshare-shrink_800/B4DZeqHMshGYAg-/0/1750905706653?e=1782345600&v=beta&t=NRBmE6e03J7j6kGd1hVCZ2KIsgKkCpmAvC-1A77DavQ, https://media.licdn.com/dms/image/v2/D4D22AQHm-sgv2c06Ig/feedshare-shrink_800/B4DZeqHMrjHAAg-/0/1750905705125?e=1782345600&v=beta&t=iGCdJQvblmD9cXysLupNW2u_cRhzsOR9baq2LA9x0Ac",,183,1,2
88,urn:li:activity:7343566550320279552,https://www.linkedin.com/feed/update/urn:li:activity:7343566550320279552,2025-06-25 16:11:42,,"""ĐẤU TRƯỜNG"" SỮA CẠNH TRANH NHẤTVỚI TỈ LỆ CHỌI 1-HÀNG TRĂM🏆 World Dairy Innovation Awards 2025 – giải thưởng thường niên uy tín với bề dày 18 năm của ngành sữa toàn cầu, là sân chơi mà chỉ những thương hiệu tiên phong đổi mới sáng tạo mới được xướng tên.Và Vinamilk – thương hiệu sữa Việt duy nhất – đã xuất sắc mang về cú đúp giải thưởng, khẳng định vị thế anh cả của ngành sữa trong nước.hashtag#LifeAtVinamilkhashtag#Vinamilkhashtag#WorldDairyInnovationAward…xem thêm","https://media.licdn.com/dms/image/v2/D5622AQE3J7oa0EK2qA/feedshare-shrink_800/B56ZemW1GbG0Ag-/0/1750842696600?e=1782345600&v=beta&t=mgAbJx6wenYCuLF70mkJ4ebFlGcjT7RWTsivlo3rxoA, https://media.licdn.com/dms/image/v2/D5622AQE8HY8QRHhnwg/feedshare-shrink_800/B56ZemW1GnGQAg-/0/1750842699690?e=1782345600&v=beta&t=rb_gOK1Y2YKZmH12v9jlzBf76DzMAP5nmhCoEL9ScB4, https://media.licdn.com/dms/image/v2/D5622AQE0G5uIEChwmw/feedshare-shrink_800/B56ZemW1F0HEAk-/0/1750842697299?e=1782345600&v=beta&t=d_eOOuajz8uM6E5Dv1M-wNsMOHCj8bDXDOIC3jrTC_w, https://media.licdn.com/dms/image/v2/D5622AQHK6-yXMqxTwg/feedshare-shrink_800/B56ZemW1GPG0Ag-/0/1750842700526?e=1782345600&v=beta&t=ZAPkEzJ3Fu6opikpCwMG4-dr2zKLB7OmyuP1cgonOZw",,89,0,0
89,urn:li:activity:7342780263925522432,https://www.linkedin.com/feed/update/urn:li:activity:7342780263925522432,2025-06-23 12:07:17,,"✨ VINAMILK CHINH PHỤC NGÀNH SỮA THẾ GIỚI NĂM 2025 BẰNG DINH DƯỠNG CHẤT LƯỢNG VÀ THIẾT KẾ ẤN TƯỢNG ✨Hội nghị Ngành Sữa Thế Giới (Global Dairy Congress) vinh danh các sản phẩm chất lượng, mang tính bước ngoặt, đặt ra những chuẩn mực mới về sự đổi mới trong gần 20 năm qua.Năm 2025, Vinamilk đã vượt qua các đối thủ từ những thương hiệu sữa giá trị nhất thế giới và giành chiến thắng ngoạn mục ở 2 hạng mục:🏆 BEST YOGURT - SỮA CHUA ĂN NGON NHẤT (Best Yogurt)🏆 BEST PACKAGING DESIGN - THIẾT KẾ BAO BÌ XUẤT SẮC NHẤT (Best Packaging Design)👉 Mời bạn cùng khám phá hành trình mang sữa Việt sánh tầm thế giới của Vinamilk:https://lnkd.in/gG4eXYuXhashtag#Vinamilkhashtag#LifeAtVinamilkhashtag#GlobalDairyCongress2025hashtag#BestYogurthashtag#BestPackagingDesign…xem thêm","https://media.licdn.com/dms/image/v2/D5622AQEkfsK__xVaOg/feedshare-shrink_800/B56ZebLrBYG0Ag-/0/1750655233099?e=1782345600&v=beta&t=pvpK2tDeePAmdc225VTpPbJ12lUtXpM9tz4JXV39k40, https://media.licdn.com/dms/image/v2/D5622AQGecO6TJhnCNg/feedshare-shrink_800/B56ZebLrBHGQAk-/0/1750655235527?e=1782345600&v=beta&t=7hPjHTRjDi6j5_3KrtVi6mkWgAU57eSZ2hFgKrNPrtQ, https://media.licdn.com/dms/image/v2/D5622AQErKtGCj3hdsA/feedshare-shrink_800/B56ZebLrBBHQAg-/0/1750655233097?e=1782345600&v=beta&t=vtXPJZ5E7SuS66grTSKS3CNapOtrNgiiAV5YzUUMBd4, https://media.licdn.com/dms/image/v2/D5622AQGI6WT9T37A1w/feedshare-shrink_800/B56ZebLrBWG0Ak-/0/1750655233981?e=1782345600&v=beta&t=sKqMcJBkY36NyuEbJnC3S5gt-0BSNnfMBZsSW88Erwc",,434,2,12
90,urn:li:activity:7341757490331623424,https://www.linkedin.com/feed/update/urn:li:activity:7341757490331623424,2025-06-20 16:23:08,,"🤩 Knock knock! Webinar [Bạn hỏi, Vinamilk trả lời] đang đến gần rồi!Đừng quên lịch hẹn tối nay với Vinamilk nha bạn ơi 🙌Thời gian: 19:00 | Ngày 20.06.2025 | Nền tảng Zoom🔹 Agenda:- Phần 1 (19h00 - 20h00): Lăng kính tò mò - Gỡ rối 1001 câu hỏi về chương trình GTP 2025, khám phá từ A-Z về Chất Vinamilk cùng người Vinamilk.- Phần 2 (20h00 - 21h00): Góc nhìn đa chiều - Gặp gỡ các đại diện Vinamilk từ 6 phòng ban có nhiều câu hỏi tò mò cần giải đáp:✨ Marketing✨ E-commerce✨ Internal Control (Sustainability + Standards & Quality)✨ Retail Chain✨ Digital Transformation Project Management✨ Product DevelopmentHẹn gặp bạn tối nay tại Vinamilk Sharing Session!hashtag#GraduateTalentProgram2025hashtag#HoaiBaoThanhThuchashtag#LifeAtVinamilkhashtag#TuyenDungVinamilk…xem thêm","https://media.licdn.com/dms/image/v2/D5622AQFxezauarVJ_w/feedshare-shrink_800/B56ZeMphJEH8Ak-/0/1750411386895?e=1782345600&v=beta&t=KWtt9upUHCnKgKc2avAgdGw61xeNsJMhGYPYLYwgYfY, https://media.licdn.com/dms/image/v2/D5622AQE2hq677bwWkA/feedshare-shrink_800/B56ZeMphIdGQAo-/0/1750411386692?e=1782345600&v=beta&t=kQoVMmUwqf0y5WqGIDfuXH60ntgyxw0lr4nlw9kpoDU, https://media.licdn.com/dms/image/v2/D5622AQE9lp-q190OxA/feedshare-shrink_800/B56ZeMphIdHEAk-/0/1750411385186?e=1782345600&v=beta&t=wVdm81a7CaCCb66Zz3IX3CS0i1NlTxLNw1GN0gD-8Uc",,125,0,1
91,urn:li:activity:7341081115601924097,https://www.linkedin.com/feed/update/urn:li:activity:7341081115601924097,2025-06-18 19:35:28,,"😎 TỪ FRESHER TỚI CHUYÊN GIA INTERNAL CONTROL & COMPLIANCE - BẮT ĐẦU TỪ GTP 2025!Bạn đam mê lĩnh vực Standards & Quality và muốn tiếp cận với những tiêu chuẩn chất lượng quốc tế? Bạn khát khao đi cùng Vinamilk trên hành trình tiên phong tiến tới Net Zero 2050? Bạn muốn có cơ hội tiếp cận với những quy trình, hệ thống quản trị hàng đầu và chiến lược bán hàng minh bạch tại doanh nghiệp FMCG hàng đầu?👉 Cơ hội 12 tháng làm việc và phát triển cùng đội Vinamilk chính là khởi đầu hoàn hảo, vì bạn không chỉ được đào sâu chuyên môn mà còn được mở rộng hiểu biết đa lĩnh vực, làm việc đa phòng ban.🔹 Nếu đã sẵn sàng, mời bạn nghiền ngẫm JD và ứng tuyển tại:https://lnkd.in/g4_yRi_ahashtag#GraduateTalentProgram2025hashtag#HoaiBaoThanhThuchashtag#LifeAtVinamilkhashtag#TuyenDungVinamilk…xem thêm","https://media.licdn.com/dms/image/v2/D5622AQFmwbCSeDnpZw/feedshare-shrink_800/B56ZeDCXQZHoAg-/0/1750250126297?e=1782345600&v=beta&t=CDVjQvEBfHRCQ7J-UhXSCmHfdFY1bBmgQ6ugoMg6qhw, https://media.licdn.com/dms/image/v2/D5622AQGN1Mc2Ya6pWA/feedshare-shrink_800/B56ZeDCXQVHQAo-/0/1750250126066?e=1782345600&v=beta&t=R3h6m67LaSuwdR3ETR5MQuvh5-xgX_mmZD6l3gvOWW0, https://media.licdn.com/dms/image/v2/D5622AQH0wTbhD3AizA/feedshare-shrink_1280/B56ZeDCXQUHEAs-/0/1750250124905?e=1782345600&v=beta&t=TwvjjxcohYN5fzmlSgOvCJa2MCDHE-ANwPCBakWCL6I, https://media.licdn.com/dms/image/v2/D5622AQG4wN9I7P5T9w/feedshare-shrink_800/B56ZeDCXQeHEAk-/0/1750250126573?e=1782345600&v=beta&t=I0zeMOGU_dMTa2phXCGaNt1A_VRK4uhbL1i8kaVliAw",,84,0,1
92,urn:li:activity:7339117550271700993,https://www.linkedin.com/feed/update/urn:li:activity:7339117550271700993,2025-06-13 09:32:58,,"🤩 3 vị trí Data Analysis, Developer và Digital Project Management ""hót hòn họt"" đón Fresher gia nhập Vinamilk!!!Không yêu cầu gì khó, chỉ cần:👉 Đêm ngày nghĩ về công nghệ👉 Xem dữ liệu là ngôn ngữ thứ 2👉 Không ngại giải toán khó👉 0-2 năm kinh nghiệm càng tốtNếu bạn đã sẵn sàng chinh chiến những dự án lớn tại doanh nghiệp FMCG hàng đầu, mời bạn tìm hiểu JD và ứng tuyển ngay tại:https://lnkd.in/g4_yRi_ahashtag#GraduateTalentProgram2025hashtag#HoaiBaoThanhThuchashtag#LifeAtVinamilkhashtag#TuyenDungVinamilkhashtag#TechFresherhashtag#FutureDataAnalysthashtag#DigitalProjectStarter…xem thêm","https://media.licdn.com/dms/image/v2/D5622AQH45zRzew5Pnw/feedshare-shrink_800/B56ZdnId1aGQAk-/0/1749781975254?e=1782345600&v=beta&t=A-fm-btoqdK2vIDHMV98Qg2dUpuw9oh8wqwxY2brO1E, https://media.licdn.com/dms/image/v2/D5622AQHWinMzYzA9OQ/feedshare-shrink_800/B56ZdnId1MH8Ak-/0/1749781973825?e=1782345600&v=beta&t=DQCdunHpkPJDs6ypVeHVAshgvQ7PwvNNhsmzdcgbRaI, https://media.licdn.com/dms/image/v2/D5622AQEKv7AMjCqlkQ/feedshare-shrink_800/B56ZdnId0pHoAk-/0/1749781976129?e=1782345600&v=beta&t=BtRcq5uQJ5tIPd4jIDd_V6rD15ZKKbIYklSIt6936mY, https://media.licdn.com/dms/image/v2/D5622AQE0yhL5BUIuBg/feedshare-shrink_800/B56ZdnId1pG0Ag-/0/1749781969633?e=1782345600&v=beta&t=ZNZFdAVCnXC1DyZlP2Q8RXAxC-AHKm4OzgfIY_gUqpE",,177,2,2
93,urn:li:activity:7338454937867038720,https://www.linkedin.com/feed/update/urn:li:activity:7338454937867038720,2025-06-11 13:39:59,,"🔥 Chưa biết ngành nào hợp gu? Để Vinamilk giúp bạn!🤓 Nghe nói các ứng viên đang bối rối lắm... vì có tới 25 vị trí - 12 lĩnh vực, mà job nào cũng mê. Hôm nay, cùng Vinamilk ""giải mã"" đặc điểm của từng ngành để dễ dàng chọn job vừa đúng điểm mạnh vừa hợp gu bạn nha.Xin mời lướt hết album để khám phá!🤫 Bật mí: Tất cả đều làm nhân viên chính thức tại Vinamilk (không phải thực tập sinh đâu nhé!)Tại Vinamilk, mỗi lĩnh vực đều có những “đề bài” rất riêng để bạn thỏa sức thể hiện cá tính và phát huy năng lực. Chỉ cần không ngừng táo bạo, quyết tâm & bung hết sức mình, bạn sẽ khám phá ra cả những phiên bản chưa từng nghĩ tới của bản thân.📣 Dám mơ lớn, dám bắt đầu cùng Vinamilk ngay hôm nay:https://lnkd.in/g4_yRi_ahashtag#GraduateTalentProgram2025hashtag#HoaiBaoThanhThuchashtag#LifeAtVinamilkhashtag#TuyenDungVinamilk…xem thêm","https://media.licdn.com/dms/image/v2/D5622AQFXktiE01iEvA/feedshare-shrink_800/B56Zddt18DGsAo-/0/1749623995872?e=1782345600&v=beta&t=cV37qMJ2pkyOqwyyBrEvD60M_-3vJ6QwIkF8J70Vy-U, https://media.licdn.com/dms/image/v2/D5622AQGFX2NhZeLlNg/feedshare-shrink_800/B56Zddt16sHoAo-/0/1749623997240?e=1782345600&v=beta&t=XlMGEGDX8IQCV1-dw7DFDmSOx2RDzG6PCIy9YKLitB8, https://media.licdn.com/dms/image/v2/D5622AQEB9l2uSBSaBg/feedshare-shrink_800/B56Zddt175G0Ag-/0/1749623995535?e=1782345600&v=beta&t=3Wk9KT0n77CBbftRF8BEX0moWEHbtizMxJZQTjeRISc, https://media.licdn.com/dms/image/v2/D5622AQGqmlV0fnwNKQ/feedshare-shrink_800/B56Zddt18QHoAo-/0/1749623996008?e=1782345600&v=beta&t=Pe_tImlmr52QHV6x4LtrsObfbeyc8htHAKdBnn7WWXQ",,437,6,6
94,urn:li:activity:7372216113302122496,https://www.linkedin.com/feed/update/urn:li:activity:7372216113302122496,2025-09-12 17:34:50,,"Nhất định không thể bỏ lỡ Vinamilk Sales Trainee 2025 bởi vì...Mời Fresher cùng xem hết video để khám phá những đặc quyền hấp dẫn mà Vinamilk đã chuẩn bị cho chương trình năm nay nhé!-----👉 Sẵn sàng bứt phá sự nghiệp, bách chiến bách thắng cùng Vinamilk tại:https://lnkd.in/gJHYn2xn🔔 Hạn cuối ứng tuyển: 23h59 ngày 18/09/2025hashtag#VinamilkSalesTrainee2025hashtag#BachChienBachThanghashtag#LifeAtVinamilkhashtag#VinamilkCareers…xem thêm",,blob:https://www.linkedin.com/088c8eb3-deab-4ad5-91d5-426ce4f95996,98,1,2
95,urn:li:activity:7369649578721095681,https://www.linkedin.com/feed/update/urn:li:activity:7369649578721095681,2025-09-05 15:36:21,,"TRIỂN LÃM VINAMILK VẪN ĐẦY NIỀM VUI, TỚI CHƠI BẠN ƠI 🤩Những ngày qua, Vinamilk vinh dự được lựa chọn là một trong những đơn vị tiêu biểu tham gia Triển lãm 'Thành tựu Đất nước', nhân dịp kỷ niệm 80 năm Quốc khánh. Niềm vui ấy càng thêm trọn vẹn khi thời gian triển lãm được kéo dài đến hết ngày 15/9 – mở rộng cơ hội để Vinamilk tiếp tục lan tỏa những giá trị bền vững và dấu ấn phát triển đến với cộng đồng.👉 Mời bạn tới tham quan triển lãm, nhìn lại hành trình “50 năm tiên phong – Vươn cao Việt Nam, vươn tầm thế giới” của chúng mình và cùng trải nghiệm các sản phẩm dinh dưỡng chất lượng cao, mang về nhà những phần quà hấp dẫn nhất!🔸 Thời gian: 28/8 – 15/9/2025🔸 Địa điểm: Lầu 1, Sảnh 3 – Trung tâm Triển lãm Quốc gia Cổ Loa, Đông Anh, Hà NộiGiờ thì cùng Vinamilk xem những khoảnh khắc đáng nhớ tại triển lãm nhé!hashtag#LifeAtVinamilkhashtag#Vinamilkhashtag#ChungTayKienQuochashtag#VuonCaoVietNamhashtag#Vuontamthegioi…xem thêm",,blob:https://www.linkedin.com/d69805e9-97f8-43ad-94bf-d73978081275,108,0,5
96,urn:li:activity:7363420689908813827,https://www.linkedin.com/feed/update/urn:li:activity:7363420689908813827,2025-08-19 11:04:58,,"🌟 9 THÁNG BỨT PHÁ NĂNG LỰC CÙNG VINAMILK SALES TRAINEE 2025 🌟Một chương trình tuyển dụng nhân tài Sales Vinamilk, chỉ cần bạn có 0-2 năm kinh nghiệm, sẵn sàng xông pha, quyết liệt chiến số và đam mê lĩnh vực Kinh doanh - Thương mại. Chỉ sau 9 tháng đào tạo, bạn sẽ có cơ hội phát triển toàn diện tư duy kinh doanh và năng lực quản lý, trở thành Giám sát Kinh doanh chính thức.Chương trình sẽ chính thức mở đơn lúc 19h30 ngày 19.08 trên Vinamilk.Bách chiến bách thắng, bắt đầu từ Vinamilk Sales Trainee 2025!hashtag#VinamilkSalesTrainee2025hashtag#BachChienBachThanghashtag#LifeAtVinamilkhashtag#VinamilkCareers…xem thêm",,blob:https://www.linkedin.com/8b88bd5d-8c80-45fb-a05e-2e6ac2b52ca6,223,3,10
97,urn:li:activity:7343188479712862209,https://www.linkedin.com/feed/update/urn:li:activity:7343188479712862209,2025-06-24 15:09:23,,Chỉ còn hơn 10 ngày nữa là Vinamilk đóng đơn đăng ký Graduate Talent Program 2025 rồi. Sao các fresher còn chưa apply 🤔---Hoài bão thành thực cùng Vinamilk tại:https://lnkd.in/g4_yRi_aHạn cuối ứng tuyển: 23h59 ngày 06/07/2025hashtag#GraduateTalentProgram2025hashtag#HoaiBaoThanhThuchashtag#LifeAtVinamilkhashtag#TuyenDungVinamilk…xem thêm,,blob:https://www.linkedin.com/368cef06-a09f-486c-bf1a-ff6057dd8d47,121,2,1
98,urn:li:activity:7340568627013722112,https://www.linkedin.com/feed/update/urn:li:activity:7340568627013722112,2025-06-17 09:39:01,,"Vinamilk Graduate Talent Program 2025 có gì giống và khác với chương trình Management Trainee?👉 Mời bạn xem hết video để biết câu trả lời!😎 Nói nhỏ: trong video này Vinamilk còn tiết lộ điều kiện ứng tuyển và những đặc quyền có 1-0-2 mà các ""fresher"" nhất định không thể bỏ lỡ GTP 2025 đó!!!hashtag#GraduateTalentProgram2025hashtag#HoaiBaoThanhThuchashtag#LifeAtVinamilkhashtag#TuyenDungVinamilk…xem thêm",,blob:https://www.linkedin.com/fa3aba15-6e4b-4d44-876a-3ddf4ab649d0,391,8,7
99,urn:li:activity:7389203049317265408,https://www.linkedin.com/feed/update/urn:li:activity:7389203049317265408,2025-10-29 14:34:51,,"Những đoàn xe Vinamilk vượt đường đèo, vượt mưa bão, mang theo yêu thương và hàng trăm nghìn sản phẩm dinh dưỡng đến bà con vùng tâm bão 💙Những vật phẩm cứu trợ đều đến từ sự chung tay của khách hàng và tập thể cán bộ, công nhân viên Vinamilk trên toàn quốc trong chương trình ""Vượt thiên tai - Tiếp bước tương lai 2025"", do Vinamilk phối hợp cùng Trung ương Đoàn TNCS Hồ Chí Minh và Hội đồng Đội Trung ương tổ chức.Cùng Vinamilk nhìn lại hành trình chia sẻ với người dân hậu thiên tai trong bài viết dưới đây nhé:https://lnkd.in/gvKQ9TAThashtag#StayStrongVietNamhashtag#LifeAtVinamilk…xem thêm",https://media.licdn.com/dms/image/v2/D5622AQGjIzA65ANYMg/feedshare-shrink_160/B56Zou49G8HQAc-/0/1761723274384?e=1782345600&v=beta&t=JY7UHOczu6_S0xWbwxPTTIs5MncEy0CwUfatGsCK09A,,51,2,1
100,urn:li:activity:7382278103018070016,https://www.linkedin.com/feed/update/urn:li:activity:7382278103018070016,2025-10-10 11:57:35,,"🏆 2 NĂM LIÊN TIẾP GIỮ NGÔI VỊ TOP 1 DOANH NGHIỆP ĐƯỢC YÊU THÍCH NHẤT 🏆Vinamilk tiếp tục được vinh danh trong bảng xếp hạng ""Doanh nghiệp được yêu thích nhất 2025"" khối doanh nghiệp lớn - đánh dấu 2 năm liên tiếp giữ vững ngôi vị số 1.Danh hiệu này đến từ khảo sát do CareerViet thực hiện, với sự tham gia của 88.129 người lao động trên 6.712 doanh nghiệp toàn quốc, thu hút hơn 4 triệu lượt quan tâm - phản ánh sức hút thực sự của các thương hiệu tuyển dụng trong lòng người lao động.💙 Vinamilk trân trọng cảm ơn cộng đồng nhân sự Việt Nam đã tin tưởng, bình chọn và đồng hành cùng chúng tôi. Danh hiệu này là minh chứng cho những nỗ lực không ngừng của Vinamilk trên hành trình kiến tạo môi trường làm việc tốt hơn và tốt hơn nữa - nơi mỗi người được trao quyền phát triển, xông pha hành động để cùng nhau làm nên lịch sử.hashtag#Vinamilkhashtag#DoanhNghiepDuocYeuThichhashtag#CareerViethashtag#LifeAtVinamilkhashtag#ThankYouHRCommunityhashtag#EmployerBranding2025…xem thêm",https://media.licdn.com/dms/image/v2/D5622AQFXlLEEjN8ryQ/feedshare-shrink_1280/B56ZnMez52G0As-/0/1760072254656?e=1782345600&v=beta&t=LqRFXM3QIoki1deL32njzrCpFi4nLzxBDfKa98TnuOU,,305,2,1
101,urn:li:activity:7381544462167998464,https://www.linkedin.com/feed/update/urn:li:activity:7381544462167998464,2025-10-08 11:22:22,,"🌟 NỮ DOANH NHÂN VIỆT NAM DUY NHẤT 2 NĂM LIÊN TIẾP ĐƯỢC TẠP CHÍ MỸ VINH DANH TOP 100 PHỤ NỮ QUYỀN LỰC NHẤT CHÂU Á 🌟Tổng Giám đốc Vinamilk được Tạp chí Fortune (Mỹ) vinh danh trong danh sách 100 phụ nữ quyền lực nhất Châu Á năm 2025 (Fortune Most Powerful Women Asia 2025). Đây là năm thứ 2 liên tiếp CEO Mai Kiều Liên được vinh danh trong danh sách.Theo Fortune, Bảng xếp hạng 100 Phụ nữ quyền lực nhất châu Á ghi nhận những người phụ nữ đang thiết lập lại khái niệm lãnh đạo bằng cách chuyển đổi công ty, thay đổi diện mạo ngành và thúc đẩy tăng trưởng, đổi mới công nghệ và nâng cao chất lượng kinh doanh, đồng thời truyền cảm hứng cho thế hệ lãnh đạo tiếp theo.Danh sách này được xây dựng với 5 tiêu chí gồm: Quy mô và sự phát triển của doanh nghiệp; Tầm nhìn chiến lược; Thúc đẩy sự đổi mới, tạo ra đột phá; Tầm ảnh hưởng đối với lĩnh vực kinh doanh và nền kinh tế; Danh tiếng và tác động xã hội.Chúc mừng Tổng giám đốc Mai Kiều Liên!🏆 Mời bạn khám phá danh sách top 100 tại:https://lnkd.in/d6BdJ7_qhashtag#LifeAtVinamilkhashtag#CEOMaiKieuLienhashtag#Vinamilk…xem thêm",https://media.licdn.com/dms/image/v2/D4D22AQH_kJyqasjrsA/feedshare-shrink_800/B4DZnCDjWfH4Ag-/0/1759897341128?e=1782345600&v=beta&t=FU2sM6KG0iu5EeIiyoz71kh9tzqeQsC10PYGJLpznBw,,296,4,1
102,urn:li:activity:7374720681076322304,https://www.linkedin.com/feed/update/urn:li:activity:7374720681076322304,2025-09-19 15:27:06,,"Vinamilk Sales Trainee 2025 đã chính thức khép lại vòng đơn!Cảm ơn các chiến binh Sales đầy nhiệt huyết, dám dấn thân, đã tham gia Vinamilk Sales Trainee 2025.Kết quả vòng 1 đã được gửi đến các bạn qua E-mail. Check ngay để không bỏ lỡ cơ hội bước vào vòng 2 - Kiểm tra năng lực nhé.Hẹn gặp các chiến binh Sales tại Vinamilk!hashtag#VinamilkSalesTrainee2025hashtag#BachChienBachThanghashtag#LifeAtVinamilkhashtag#VinamilkCareers…xem thêm",https://media.licdn.com/dms/image/v2/D5622AQEXSIYDpqbwOA/feedshare-shrink_800/B56ZlhFX.LI0Ag-/0/1758270424264?e=1782345600&v=beta&t=EUTLz60J3n9QOPpLL9sgBNp1U2jmsJdlc-WA_bIx7To,,37,0,1
103,urn:li:activity:7373952221610201088,https://www.linkedin.com/feed/update/urn:li:activity:7373952221610201088,2025-09-17 12:33:31,,"Chỉ còn 36 giờ để bạn hoàn thành hồ sơ ứng tuyển Sales Trainee 2025!📣 Vòng ứng tuyển của chương trình sẽ chính thức khép lại vào 23h59 ngày 18/09/2025.*Nhắc nhẹ: Trước khi nhấn “Submit"" bạn đừng bỏ qua các lưu ý dưới đây nha:✅ Kiểm tra kỹ CV, thông tin cá nhân và các tài liệu đính kèm.✅ Đảm bảo thông tin liên hệ (e-mail, số điện thoại) chính xác.✅ Tránh nộp sát giờ vì hệ thống có thể quá tải và không nhận đơn.✅ Kiểm tra E-mail thường xuyên để tránh bỏ lỡ các thông tin quan trọng từ Vinamilk.Cùng Vinamilk bứt phá năng lực và chinh chiến thị trường tại:https://lnkd.in/gJHYn2xnhashtag#VinamilkSalesTrainee2025hashtag#BachChienBachThanghashtag#LifeAtVinamilkhashtag#VinamilkCareers…xem thêm",https://media.licdn.com/dms/image/v2/D5622AQEVE0_r68a5Qw/feedshare-shrink_800/B56ZlWKeEjHkAk-/0/1758087210207?e=1782345600&v=beta&t=XKQ7LpMWY7DueErMc4SATUV1uZ8ROVfgeOcoQr3K6eQ,,81,2,2
104,urn:li:activity:7367916951660077056,https://www.linkedin.com/feed/update/urn:li:activity:7367916951660077056,2025-08-31 20:51:30,,"CAREER TALK: CHUYỆN NGHỀ SALES, CHUYỆN NGƯỜI LÀM SALES - KỂ BỞI VINAMILK🎁 Hàng nghìn tài khoản luyện tập Aptitude test  - dành riêng cho tất cả những bạn đăng ký Offline & tham dự đến cuối sự kiện.🏫Thời gian và địa điểm:- TP.HCM – Đại học UEH Cơ sở B: Offline & Online | 18:30 – 21:00, ngày 10/09- Cần Thơ – Đại học Cần Thơ: Offline | 18:30 – 21:00, ngày 12/09👉 Đăng ký Career Talk ngay tại:https://lnkd.in/guvPM22MBạn muốn phát triển sự nghiệp ngành Sales tại Top 1 Thương hiệu sữa tiềm năng nhất thế giới? Đào sâu về lĩnh vực Sales kênh Truyền thống từ chính những “chiến binh thị trường” Vinamilk? Bạn muốn hiểu tần tật về chương trình tuyển dụng Giám sát Kinh doanh Vinamilk 2025?Tất cả câu trả lời bạn cần đều có trong CAREER TALK “Bách chiến Bách thắng” với những nội dung độc quyền được chia sẻ bởi chính người Vinamilk!▪️ Phần 1: Hành trình gần 50 năm chinh phục danh hiệu Top 1 Thương hiệu sữa tiềm năng nhất thế giới▪️ Phần 2: Tiềm năng phát triển của Sales Kênh truyền thống ngành FMCG & chiến lược để Vinamilk đưa hàng triệu sản phẩm đến tay người tiêu dùng Việt Nam và thế giới▪️ Phần 3: Panel Discussion - Chia sẻ trải nghiệm thực tế công việc Sales tại thương hiệu FMCG hàng đầu▪️ Phần 4 : Q&A - Giải đáp thắc mắc của ứng viênTham gia ngay để trang bị thật tốt cho hành trình Bách chiến bách thắng cùng Vinamilk Sales Trainee 2025 nhé!---🔥 Khám phá và ứng tuyển ngay Vinamilk Sales Trainee 2025:https://lnkd.in/gJHYn2xn👉 Hạn cuối ứng tuyển: 23h59 ngày 18/09/2025hashtag#VinamilkSalesTrainee2025hashtag#BachChienBachThanghashtag#LifeAtVinamilkhashtag#VinamilkCareers…xem thêm",https://media.licdn.com/dms/image/v2/D5622AQHdNYHvLqybAw/feedshare-shrink_800/B56ZkAZa7THUAg-/0/1756648289696?e=1782345600&v=beta&t=bJzY8zqxycVbuCbdv2A9OgQgOfNIUG2bleXx5OwQ7qo,,154,0,8
105,urn:li:activity:7363549483638411264,https://www.linkedin.com/feed/update/urn:li:activity:7363549483638411264,2025-08-19 19:36:45,,"Fresher ơi, bạn đã sẵn sàng “bách chiến bách thắng” cùng Vinamilk Sales Trainee 2025 chưa?🔥 Khám phá và ứng tuyển ngay tại:https://lnkd.in/gJHYn2xn⏰ Thời gian: 19/08/2025 - 18/09/2025Chương trình tuyển dụng Giám sát Kinh doanh Tài năng 2025 chính thức mở đơn với lộ trình 9 tháng đào tạo thực chiến được thiết kế dành riêng cho Fresher có từ 0 - 2 năm kinh nghiệm.📝 “Checklist” chân dung nhân tài tiềm năng mà Vinamilk đang tìm kiếm:☑️ Sinh viên năm cuối hoặc vừa tốt nghiệp Đại học/Cao đẳng, không giới hạn chuyên ngành;☑️ Có điểm trung bình tích lũy từ 6.5/10 trở lên (hoặc tương đương);☑️ Sẵn sàng làm việc toàn thời gian từ tháng 11/2025;☑️ Sở hữu 4 “Chất Vinamilk”: Vì khách hàng, Luôn cầu tiến, Tự chủ, Quyết liệt;☑️ “Winning Spirit” - Sẵn sàng lăn xả, học hỏi và phát triển;☑️ Khả năng đọc - phân tích và ra quyết định dựa trên dữ liệu;☑️ Kỹ năng giao tiếp tốt, có khả năng đàm phán, trình bày và thuyết phục.🚀 Trở thành thế hệ Sales Trainee tham gia vào đội ngũ kế thừa, cùng Vinamilk chinh chiến thị trường và bứt phá năng lực quản lý của chính bạn nhé!👉 Gia nhập Vinamilk và cùng bách chiến bách thắng tại:https://lnkd.in/gGspT9J2hashtag#VinamilkSalesTrainee2025hashtag#BachChienBachThanghashtag#LifeAtVinamilkhashtag#VinamilkCareers…xem thêm",https://media.licdn.com/dms/image/v2/D5622AQEJZNqgFX6Naw/feedshare-shrink_800/B56ZjCVOR2HQAk-/0/1755607003538?e=1782345600&v=beta&t=nJX9QVJE9FhdJI_7VrU9OAId9vMLUY3eK89jjs32J74,,228,4,4
106,urn:li:activity:7362438157847416832,https://www.linkedin.com/feed/update/urn:li:activity:7362438157847416832,2025-08-16 18:00:44,,Lần đầu tiên ra mắt - chương trình tuyển dụng mới toanh truy tìm nhân tài ngành X số lượng lớn dành cho:- Nhân tài trẻ từ 0-2 năm kinh nghiệm- Không giới hạn ngành họcBạn có đoán được X là gì không?⏳ Cùng đón chờ vào ngày 18/08/2025.hashtag#VST2025hashtag#BCBThashtag#LifeAtVinamilk…xem thêm,https://media.licdn.com/dms/image/v2/D5622AQGjevSq11XvmA/feedshare-shrink_800/B56ZiyifCUHAAg-/0/1755342043229?e=1782345600&v=beta&t=6T7u7Ra2wbIYg67d8hDZPo5zK_YorJwk_NKPwX5j4Ws,,1,19,28
107,urn:li:activity:7347850987874734081,https://www.linkedin.com/feed/update/urn:li:activity:7347850987874734081,2025-07-07 11:56:31,,"Cảm ơn các ""tân binh"" đa tài, đa năng đã tham gia Vinamilk Graduate Talent Program 2025.Chương trình đã chính thức đóng đơn ứng tuyển. Kết quả sẽ được gửi tới email của bạn vào ngày 09-11/07/2025.Hẹn gặp các tân binh tại vòng phỏng vấn tại Vinamilk!hashtag#GraduateTalentProgram2025hashtag#HoaiBaoThanhThuchashtag#LifeAtVinamilkhashtag#TuyenDungVinamilk…xem thêm",https://media.licdn.com/dms/image/v2/D5622AQGl-nqxiVvD1w/feedshare-shrink_800/B56ZfjPiA0HEAg-/0/1751864190654?e=1782345600&v=beta&t=xzSKOp4gA03u3bx3H71ewvOlaAXFCZDBnvlds-N6Lb8,,298,1,1
108,urn:li:activity:7346854476407783425,https://www.linkedin.com/feed/update/urn:li:activity:7346854476407783425,2025-07-04 17:56:45,,"Chưa đầy 48 giờ nữa là Graduate Talent Program 2025 chính thức đóng cổng nộp đơn!📣 Vòng ứng tuyển của chương trình GTP 2025 sẽ chính thức khép lại vào lúc 23h59 06/07/2025Bạn hãy mau mau kiểm tra hồ sơ thật kỹ và nộp đơn ngay nhé!*Nhắc nhẹ: Bạn hãy điểm qua các lưu ý dưới đây trước khi nhấn “Submit"":✅ Kiểm tra kỹ CV, thông tin cá nhân và các tài liệu đính kèm✅ Đảm bảo thông tin liên hệ (e-mail, số điện thoại) chính xác✅ Tránh nộp sát giờ vì hệ thống có thể quá tải và không nhận đơn✅ Kiểm tra E-mail thường xuyên để tránh bỏ lỡ các thông tin quan trọng từ GTP🤩 Nhanh tay đăng ký, biến hoài bão thành thực cùng Vinamilk ngay hôm nay:https://lnkd.in/g4_yRi_ahashtag#GraduateTalentProgram2025hashtag#HoaiBaoThanhThuchashtag#LifeAtVinamilkhashtag#TuyenDungVinamilk…xem thêm",https://media.licdn.com/dms/image/v2/D5622AQHhz7EeX4SDrw/feedshare-shrink_800/B56ZfVFNfWGQAg-/0/1751626603762?e=1782345600&v=beta&t=CLpaUb_jQsW29zvfZeWcdSQTPZj5ak5eI4JWraVTLTs,,94,0,0
109,urn:li:activity:7340279176819560448,https://www.linkedin.com/feed/update/urn:li:activity:7340279176819560448,2025-06-16 14:28:51,,"GRADUATE TALENT PROGRAM CHÀO ĐÓN FRESHER GIA NHẬP ĐỘI RETAIL CHAIN!Có thể bạn chưa biết: Đứng sau chuỗi cửa hàng Vinamilk rực rỡ sắc màu với trải nghiệm rộn ràng tươi vui, chính là đội ngũ Retail Chain đầy táo bạo, nhiệt huyết, không ngừng cầu tiến.Đồng hành cùng team Chuỗi cửa hàng Vinamilk, các bạn trẻ sẽ có cơ hội phát triển chuyên môn sâu rộng với mảng công việc:👉🏻 Tăng tốc đồng bộ “nhận diện mới” & chuyển đổi số toàn hệ thống cửa hàng Vinamilk.👉🏻 Hỗ trợ thương mại cho hệ thống cửa hàng Vinamilk.👉🏻 Xây dựng quan hệ với các đối tác kênh cửa hàng.👉🏻 Phát triển địa bàn để tối ưu mạng lưới 700 cửa hàng trên khắp Việt Nam.👉🏻 Và hơn thế nữa.Nếu bạn sẵn sàng cùng Vinamilk chinh chiến những dự lớn, mời bạn tìm hiểu JD và ứng tuyển ngay tại:https://lnkd.in/g4_yRi_ahashtag#GraduateTalentProgram2025hashtag#HoaiBaoThanhThuchashtag#LifeAtVinamilkhashtag#TuyenDungVinamilkhashtag#RetailChain…xem thêm",https://media.licdn.com/dms/image/v2/D5622AQEK0E8Ltmac2w/feedshare-shrink_800/B56Zd3pAMGHQAk-/0/1750058930173?e=1782345600&v=beta&t=q2_nBQWtsgc4IcFcPE-P6Rz6pk9KyP9p6PF-yhX4gjg,,114,2,3
110,urn:li:activity:7338499625890234368,https://www.linkedin.com/feed/update/urn:li:activity:7338499625890234368,2025-06-11 16:37:33,,"🔍 [WEBINAR] BẠN HỎI, VINAMILK TRẢ LỜI📌 Thời gian: 19:00 | Ngày 20.06.2025 | Nền tảng Zoom (Không Livestream)👉 Số lượng giới hạn, nhanh tay đăng ký:https://lnkd.in/gbYXg6UeVinamilk Graduate Talent Program 2025 đã mở đơn, sao bạn còn chưa nắm bắt cơ hội? Hay bạn còn bận lăn tăn:❓ “Mình đã đủ giỏi để apply Vinamilk Graduate Talent Program 2025 chưa?”❓ “Có tới 25 vị trí, không biết mình hợp với vị trí nào nhất nhỉ?”❓ ""Mình thích vị trí này, nhưng muốn tìm hiểu sâu hơn""Đừng lo, vì đã có buổi sharing độc quyền từ Graduate Talent Program 2025 - nơi bạn có thể ""mở khóa"" hành trình sự nghiệp tương lai và khám phá mọi ngóc ngách tại Vinamilk với loạt cơ hội hấp dẫn. Đặc biệt, chỉ những phòng ban nhận được nhiều câu hỏi và sự quan tâm nhất từ ứng viên mới xuất hiện trong buổi Webinar.✨ Khám phá ""nhịp sống Vinamilk"" từ chuyện thật, người thật hiếm khi kể.✨ Giải đáp 1001 thắc mắc về chương trình mà không biết hỏi ai.✨ Đào sâu, hiểu rộng về những phòng ban mình muốn apply.Nhanh tay đăng ký và gửi câu hỏi cho Vinamilk ngay tại link đăng ký nha!hashtag#GraduateTalentProgram2025hashtag#HoaiBaoThanhThuchashtag#LifeAtVinamilkhashtag#TuyenDungVinamilk…xem thêm",https://media.licdn.com/dms/image/v2/D5622AQGuKZ3XfAlxVw/feedshare-shrink_800/B56ZdeWhE.HoAk-/0/1749634651987?e=1782345600&v=beta&t=XQZTGZ3AWHkHl0pAkHqxzWDNoQF4r-3LRvD2DSCX6ng,,170,0,1
