title,published_date,source_name,source_domain,url,snippet,brand,keyword_matched
40.000 sản phẩm dinh dưỡng Vinamilk tiếp sức chương trình “Tổ quốc bình yên”,6/1/2026,Báo Quân đội nhân dân,news.google.com,https://news.google.com/rss/articles/CBMivAFBVV95cUxQYmpMRGxiSzlOblZwMUhvWVVjMmxyVEpiX3hEZWVlQVVnRXJXbEQ0aXpLWnJOZGY5SUNKX0wyYjk4elphZEZxRW14NDA0LUprY0I4UHpYaXBhRjIzV0pXYlZlbmJndWRYSzJYMkdWc1ZFTUhwLVBjZ3BjUmVlM1QxbVczdHVZclBqdlNEZDJTTFUyWDJjQXcyYXBqdmFJbjJXQzk0UVBmUG1WSkR5cTNhMmctazlrcWZjR3ZpYg?oc=5,40.000 sản phẩm dinh dưỡng Vinamilk tiếp sức chương trình “Tổ quốc bình yên”  Báo Quân đội nhân dân,Vinamilk,Vinamilk
Mùa hè cho con: Vinamilk đồng hành tạo nên những trải nghiệm ý nghĩa,6/2/2026,Báo Tuổi Trẻ,news.google.com,https://news.google.com/rss/articles/CBMiqwFBVV95cUxOOFRvWGdMOHdqM2ZsZHJLMkRNUk9YT0NvMFNQQlEzVGtFeEJxdkM4SU90TU1PdUlqMXpJelhRYW9PSzNRZ3VlUWxVb25yaHR0RG9NUnUzR3Z0VTNKaTFLd0ZodnlvQkwzSy1jb3JuYThheU9pUXpISUZUVlMzY1l4MkhZd19rX0NxaGlGelRWdlE4YkxCYU9PYVBDU2xObFpBME44RjJnQXpENzQ?oc=5,Mùa hè cho con: Vinamilk đồng hành tạo nên những trải nghiệm ý nghĩa  Báo Tuổi Trẻ,Vinamilk,Vinamilk
"Tây Ninh ủng hộ Vinamilk mở rộng trang trại, sớm triển khai nhà máy chế biến sữa",6/3/2026,Vietnam.vn,news.google.com,https://news.google.com/rss/articles/CBMipAFBVV95cUxQcGdKcU1hUi1rWFpMM2VoM2hhLXZ6MFJ4R1NQZVFBRDh3dnJlZlk0M0hCQkg5a2FwUENoRmN0TmxqenllbVZuM053STB1M1I5Sm5JejFhbXhDSUt4WHB3aEh2YzRzMG5nSFE1OEVmTi0yU3hCTjlNUTBFOXBVZ3Nxak5mc3NDM2FVUHRxWEdMci1UeEZXdnB2enE0cDY2X3JRS1AtNA?oc=5,"Tây Ninh ủng hộ Vinamilk mở rộng trang trại, sớm triển khai nhà máy chế biến sữa  Vietnam.vn",Vinamilk,Vinamilk
Hàng nghìn trẻ em hào hứng ‘Chơi để học’ cùng Vinamilk tại Phú Mỹ Hưng,6/3/2026,Báo Thanh Niên,news.google.com,https://news.google.com/rss/articles/CBMisgFBVV95cUxQRGU2RUg5aVpuRWtvWjQ3UGxMLVNXR0Q4UktFTVBtUmQtNGhvVWdQbmtjbDVEcjZKZThSLUhqaTBMTmwxekRMOV82MHd5ZmlReFpua3U4QTRPOS1FQWFHOEc3eE12aW80Z2dSZkRCR0dpUG1fdFZ2bzVJUjdSUmpZaHUyUnpzT2RHTFBDaVg0UDh0M1Y1LTBSaGticWFMNm1XT1liRGtmQmRiVG16Q2REYnVn?oc=5,Hàng nghìn trẻ em hào hứng ‘Chơi để học’ cùng Vinamilk tại Phú Mỹ Hưng  Báo Thanh Niên,Vinamilk,Vinamilk
Gian hàng trải nghiệm đa giác quan của Vinamilk hút khách tại triển lãm,5/30/2026,VnExpress,news.google.com,https://news.google.com/rss/articles/CBMiqgFBVV95cUxPR0dSZG1KdkJZQ2R4Q1FYVnN4VUtJV1ROX2VBektzU0I5eEtCOWpWVVJCbFJxQUhVQU03VDJlSGxoZzBWa2I0bmNkblk4MVpieVVnVHY4MGh2M2dRSjlST2NXdXRvdjlONW0wa2xhQmEwODRXTGppUGxOTElGdFVrT0FyaV90amlwVldOOHRqelo3NmktMXBnUlJJUG9MX01ZeHJycWE4b2JQUQ?oc=5,Gian hàng trải nghiệm đa giác quan của Vinamilk hút khách tại triển lãm  VnExpress,Vinamilk,Vinamilk
Vinamilk chia sẻ giải pháp chuyển đổi xanh ngành sữa,6/1/2026,bnews.vn,news.google.com,https://news.google.com/rss/articles/CBMiiAFBVV95cUxQZmtlZUQ4dnlMLTlIbEs0bnJ2TFllQ1F4UFNHSkJUdFI2ZGF5aXFLZ19ydGQ4VzExSjhKS3lVVXM3eFFmeXBQQy1uMHBwbGNfSHJKbWd3WWhwMUlrZjhrUzJOY0xkM1Zkb2VsVXpBWE5oZnZ2bEZWbjVrZmhHWkNIMVNpRmRGVWJh?oc=5,Vinamilk chia sẻ giải pháp chuyển đổi xanh ngành sữa  bnews.vn,Vinamilk,"Vinamilk, Vinamilk doanh thu"
40.000 sản phẩm dinh dưỡng Vinamilk tiếp sức chương trình “Tổ quốc bình yên”,6/2/2026,doanhnghiepthuonghieu.vn,news.google.com,https://news.google.com/rss/articles/CBMivAFBVV95cUxPT2xWVkZHME5Ibl9TX3RGdVlaUzY4VlRLRU9xSlUtMEloQmNlVzV4THJsTEt3eGlxT0NLZHlTX0EtZHMtTFhpWncyTTM0MzVpUF9sUzMtVHduUTFLZGpYdUhiQUxXNlpBcXhpYWNoNm13czdEZnpfVlRVc1NQVVhBcmRDQ21jd2I2V1BDaGV0U3dBdXZBZFExeXg0dkN1U21ybVBSa0VZLThSWjVNUGFFdDNOUFA5bW1WRGYzeA?oc=5,40.000 sản phẩm dinh dưỡng Vinamilk tiếp sức chương trình “Tổ quốc bình yên”  doanhnghiepthuonghieu.vn,Vinamilk,"Vinamilk, Vinamilk sản phẩm"
Vinamilk “50 năm phụng sự khát vọng Việt”,5/30/2026,Truyền hình Thanh Hoá,news.google.com,https://news.google.com/rss/articles/CBMilwFBVV95cUxNbTJUU1ZvUzBiVEJiYXItaUNZM0h1UEQxclJaaXNGQ1Z3Wmt2SE5NeEpnUHRIMHVyU3JDcTltYmVLVTF0S0d5ekszNWttSUJoakM4a0dCR2NHbTA2OEp4NkIyMTNzQ2pTdjZvanBSZVJ6NmNha3pKQTV0TFBmc0NEa3RwNmdpaU1Pa2lJOERIVC1kejVKN1l3?oc=5,Vinamilk “50 năm phụng sự khát vọng Việt”  Truyền hình Thanh Hoá,Vinamilk,Vinamilk
Tay Ninh supports Vinamilk in expanding its farms and expediting the construction of its milk processing plant.,6/3/2026,Vietnam.vn,news.google.com,https://news.google.com/rss/articles/CBMiqAFBVV95cUxQbi1PZEJJRHhWa0tKQXhjb0huY0JQVnBaZHR5M2NqTGJGVHY3NEtTeXMza3k4YVdUYTNQSjFKQnpJVEsyamZuSzBVclFiZmZSZmRyUkc3VnRwaVVwWmRXWXRyYWY3R1Y1cXdtb1VqeDhIby0teU5KTEpLUEJsT2ZFVlNVWERPT0Z6bkIyN01CZVBtU0tWR1RPY0dhODBvVUdVZUpHSEZzbHg?oc=5,Tay Ninh supports Vinamilk in expanding its farms and expediting the construction of its milk processing plant.  Vietnam.vn,Vinamilk,Vinamilk
Tay Ninh støtter Vinamilk i å utvide gårdene sine og fremskynde byggingen av melkeforedlingsanlegget.,6/3/2026,Vietnam.vn,news.google.com,https://news.google.com/rss/articles/CBMiqAFBVV95cUxNS01oaVVmaXpubW44QndMajlGb0lvWUZVczVBSnktc2RSdTdhc3ZFWG1Nb2Y3YS02clM4MFppNEdheGJaalBaT0dONGw4dy1BSFNwSUFwaTdsdnJISkNQUjBfLVo3SU16M0hzNEZXWXBidEVBY2FILWtsS0xjdGtmVVc5NG9EY0duQkl2c0N0SDMxSXhtT1M4TGhiVC0wUHgwb1p4Y3hheUM?oc=5,Tay Ninh støtter Vinamilk i å utvide gårdene sine og fremskynde byggingen av melkeforedlingsanlegget.  Vietnam.vn,Vinamilk,Vinamilk
Hành trình “50 năm phụng sự khát vọng Việt” được Vinamilk kể lại tại triển lãm chuyên ngành sữa 2026,5/29/2026,VnEconomy,news.google.com,https://news.google.com/rss/articles/CBMiwAFBVV95cUxQMmVFNF82cEc5cnExZXhNN1FZMkVueVBmaktfSURQMFhSVkJSQXgyckpBNERudHZxZTBBQ2JnLXRPRDBqNnpDeVV3SE5GckVfcUtyRGVTblpmVzhVbHhhNWJUMUh3NVBjazh6Rlh4TjVYOWVTRml2VEhHNEh5WnNKTHlwMzdoakQ4VGszbURPWWxXRndHbXdkaDVXd21mVGcxSnVEdmNyZlZ2VzRaNkZ4cWJRLTluODVTTnM5aWd1ODU?oc=5,Hành trình “50 năm phụng sự khát vọng Việt” được Vinamilk kể lại tại triển lãm chuyên ngành sữa 2026  VnEconomy,Vinamilk,Vinamilk
Hàng nghìn trẻ em trải nghiệm ngày hội “chơi để học” cùng Vinamilk,6/2/2026,BÁO SÀI GÒN GIẢI PHÓNG,news.google.com,https://news.google.com/rss/articles/CBMipwFBVV95cUxNanNyMkUzN2dRMW1oOUlmTXpQRWptbzY4V2xDTWY3aEhQUElOZ04xLWJCVzlIcFJNbmw0R1Z6VFktME1QaUNQZnVfOU5Kb0FVaWtfNVhjMUF3bFBGa3c2WTlqWGt5T3JfYlhGeGRpUjkwTGxrN0NaVnluY18xc3Zyc0xHd3JMM2p4S3ZmYzNuWTFSZ2twTW5OT2ZGNW5uRFhPQ2tkZlNlSQ?oc=5,Hàng nghìn trẻ em trải nghiệm ngày hội “chơi để học” cùng Vinamilk  BÁO SÀI GÒN GIẢI PHÓNG,Vinamilk,"Vinamilk, Vinamilk doanh thu"
"Vinamilk brings many exciting experiences to the summer festival, encouraging children to ""learn through play.""",6/3/2026,Vietnam.vn,news.google.com,https://news.google.com/rss/articles/CBMisgFBVV95cUxNT2ZpTWE3REF2el9JY3pVdGgzX3VuSXEzZkMwYmJsUlNfdG80THcxcUZYNlowYWFYRUZzd3UteGtQTzBvM1N0NHlES1A2ekVQaXVQelRsUHo4R0lycm5qcVVISVFZeDA2MnQxWFVSUEdSSzIzR1hGRHp5dVRKYmVVb18tWDJDTzNzZVYxVWxwczd6eGZXWDdwTkZiT05GTW9GblZJeE9lSVRWMl84N1I2bE1B?oc=5,"Vinamilk brings many exciting experiences to the summer festival, encouraging children to ""learn through play.""  Vietnam.vn",Vinamilk,Vinamilk
Vinamilk donerte 40 000 ernæringsprodukter til programmet «Fredelig hjemland».,6/2/2026,Vietnam.vn,news.google.com,https://news.google.com/rss/articles/CBMipwFBVV95cUxQVnlkQTdLb3hzWk15dU1qNk9vQ2NuYV9VazJUZE84Y2ZyM1lMaFI0ZWI3SE1vVXh3R1BrcjNjNnVJUEo2MTlHdTJ2VTZjbUNlMGcxUnVTNFpMZWNrUWtrT1Y4UnhZaGNZSmJJV0NkR04zeng0ZktBWWhJSFZuVm13dUo4NjlnR2lULVNPdG9fVXFHdEliLXJlVlAtVzNXQlVkLUtySnBFRQ?oc=5,Vinamilk donerte 40 000 ernæringsprodukter til programmet «Fredelig hjemland».  Vietnam.vn,Vinamilk,Vinamilk
Vinamilk hỗ trợ 40.000 sản phẩm dinh dưỡng cho chương trình “Tổ quốc bình yên”,5/31/2026,Phụ nữ Mới,news.google.com,https://news.google.com/rss/articles/CBMisgFBVV95cUxNTm9PUzg5eFZEc3BUMVI0bnBaal9YOHlfZGpsWTVucmdueGVsSkNyOFc0NzlqckFqYTdWOC1abk5Zc0kyZnduWW9hbEY2UXV6QXhqZDltTERkZTU0ekNscERyTF95Vjd4dDVtbDJDSENSMWZkMjFpWDh2MWpfZW1BMV95SEFrVW9mREpGM2pRMXdXY3BaQ3dJNUljc3Z1NFpSUmV0QlAyT1Rrb1RNXzBDU1pR?oc=5,Vinamilk hỗ trợ 40.000 sản phẩm dinh dưỡng cho chương trình “Tổ quốc bình yên”  Phụ nữ Mới,Vinamilk,"Vinamilk, Vinamilk sản phẩm"
Vinamilk tái hiện hành trình 50 năm tại triển lãm ngành sữa 2026,5/30/2026,congly.vn,news.google.com,https://news.google.com/rss/articles/CBMingFBVV95cUxONFlaUzVEMjA0NUwxRUE4VnJPbllHNGdsWmRFVXFHLXg2VFB6b3pYVzdLREhLTDdoQlQtU1lkc2xkZUhjRXVsZm93ZVZ2SW5zYjZMYkplYnF6OGdodl9nd2dKVEFjTFdZUnd4RHVMVDFtZzJOM0ZzZmRVeW1tdHhJTjZGZ2ZBSC1GLVB3cmliWE9lWkJPV0VDcGNYcVB0UQ?oc=5,Vinamilk tái hiện hành trình 50 năm tại triển lãm ngành sữa 2026  congly.vn,Vinamilk,Vinamilk
SCIC Investment đăng ký mua lại 1 triệu cổ phiếu Vinamilk sau khi thoái vốn hồi đầu năm,5/31/2026,Người Đưa Tin,news.google.com,https://news.google.com/rss/articles/CBMi0wFBVV95cUxPQVJyR1ZDelF5Q0gyRGdGMUszRmEwWGNISm9LdV9SMjcxb0FPeHl4RmRHWlpRVXdjZnJLOFFXdUYwNWdmRWlpLVRLXzFEVXJGWnVJblp1TjVqWnRZbEdwZTZKVEdTc2pFdkx6N1p2UGJEN2VnbWtHMW9ibExvcE16MS16V1duLUlqdW5jaVllWU5ER1BaRldBTk1pTEZJbTJOM052RURoZ0VhakNEMlJKLVNTN1FNZDNZZEoycXFxemdjOXN2UzZwUU8ydkR0Zy11Q1Bn?oc=5,SCIC Investment đăng ký mua lại 1 triệu cổ phiếu Vinamilk sau khi thoái vốn hồi đầu năm  Người Đưa Tin,Vinamilk,"Vinamilk, Vinamilk doanh thu"
"Né ""đụng hàng"" với Vinamilk, công ty sữa đầu tiên của Việt Nam tái sinh",5/26/2026,CafeF,news.google.com,https://news.google.com/rss/articles/CBMirAFBVV95cUxPYXVMSTA1cUlDXzNEWWp4ZFoyTlFrbmY3aUpMV2JDOEZRek12elBPaFNrc3MzVUxKbm1GaTR2ZUtvc3JrVnVrOUY1ODdxRFhRMzlTMGYyeHMzNzE1MlJ2azdydVA5TnZaU3h4WFg3Y0JDbG5ldzlhMFphTzdFbkl2UDhGdHpxWXJVNThOVC1Ta3VBcWZQc2xxSE9YTkxvQXBVdWVoRWp0MWdKcmRk?oc=5,"Né ""đụng hàng"" với Vinamilk, công ty sữa đầu tiên của Việt Nam tái sinh  CafeF",Vinamilk,Vinamilk
Khởi động Quỹ sữa Vươn cao Việt Nam 2026: 500.000 hộp sữa đánh dấu cột mốc 50 năm phụng sự của Vinamilk,6/1/2026,BÁO SÀI GÒN GIẢI PHÓNG,news.google.com,https://news.google.com/rss/articles/CBMi2AFBVV95cUxQUlBKZHFtUmJsa1ptWTRJNkI0U2NpNldzcnVIaFNhNlM5a0FnVUpleE13UWJ2SjFEeFdadWdfNFJpTzhxZHRtY0dIRDJEanhBOVdacWdQMno2X29kdGZyNEVtcVFFSkVpVHItUlJZbWN0MHVVekxHV3pkQ3dCNmoxaVU3NXB5V1hrdE1Qa1Byd05SVGJOMEJoM0dXY1llblNtclJnY3YtSUF6eDdJUkJwMVo2eWtFY2RLaTlqeDktcTA5ckFCYzVlUU1CZFFVZHJjUWQ3VzNZMXI?oc=5,Khởi động Quỹ sữa Vươn cao Việt Nam 2026: 500.000 hộp sữa đánh dấu cột mốc 50 năm phụng sự của Vinamilk  BÁO SÀI GÒN GIẢI PHÓNG,Vinamilk,Vinamilk
"Minh bạch hóa chuỗi giá trị, Vinamilk tái định nghĩa chất lượng sữa Việt",5/18/2026,Báo Công an Thành Phố Hồ Chí Minh,news.google.com,https://news.google.com/rss/articles/CBMizgFBVV95cUxQSklsVE5pX3JhbmwzOWR1YWxJMm9RRkJGclRGMktwb1NLcnlfX1Fkbl9DSnlQYjVsWEVwVDdqRVo4ZkdLNk1oSVZnQkRxRXJPYnB2WmtGSTFkQXFzeTRzRmZnSnFwX1hoM0FqMGFrYzF6TkhMeGhScnFCdUJack1Nd2ZxTHdYWFEzdEFKRm5tRWR2OW1kQXdmS0hSX1hJMjEzYmxRcExxMkJaYWpIekI0YzdUOFhxWG9LMVdqajBfM1Z5ZUh4Tk16SUdKZ2hjdw?oc=5,"Minh bạch hóa chuỗi giá trị, Vinamilk tái định nghĩa chất lượng sữa Việt  Báo Công an Thành Phố Hồ Chí Minh",Vinamilk,Vinamilk
500 000 esker med melk markerer Vinamilks 50-årsjubileum.,6/3/2026,Vietnam.vn,news.google.com,https://news.google.com/rss/articles/CBMikAFBVV95cUxOLTUtMFR2Y1RZUWV2NERKSjdVV2h0REVUQUpMcHlGaEwybEV4TnZVQXZ5TG9iTDRpUXViZndyeW4zQmk3TWpIeUFfcTNWU2Y2dGxFZWtWMnVEU0J4ZHI2UWYzQlAzbE9wMnBoME1oYlFNM1J0dTFpZTNOcmhJcWkwSUtWUjFheU45bmhObjdTVFM?oc=5,500 000 esker med melk markerer Vinamilks 50-årsjubileum.  Vietnam.vn,Vinamilk,Vinamilk
Trẻ 'chơi để học' cùng Vinamilk tại Phú Mỹ Hưng,6/2/2026,SkyDoor News,news.google.com,https://news.google.com/rss/articles/CBMiigFBVV95cUxNY0xzOERXMzdPTHZ1Vk9zaU1qU1VYOGZrMXd6clpONmpNa0oxVkx3N1J1bF95TzRrRkNTcTNTYUZ5elR1Uzd2enpIX1IwZERvOE03M3ByN2FzTVdVcnYxTW93SGZZUV9lSldFYktZeVREVjAxUHN1eDdYVE5yeE5FakQ2cWZCX0tBbVE?oc=5,Trẻ 'chơi để học' cùng Vinamilk tại Phú Mỹ Hưng  SkyDoor News,Vinamilk,Vinamilk
"Vinamilk bringer mange spennende opplevelser til sommerfestivalen, og oppmuntrer barn til å «lære gjennom lek».",6/3/2026,Vietnam.vn,news.google.com,https://news.google.com/rss/articles/CBMisgFBVV95cUxOTi1PQno1bWM2cVR2dnFtcjFjZXUzWHBZV0stOEhlZUdFc2w5ckZPeTBkbkpHWWdUd1pxMTVKRVlWTXNlc21Tc0V6aFBKamRxZUFRZl84RmxJeThMSnlMbmppSGhjSWc4WHIxTlFkQTJPQi1qVm5kNjdlOF8wYzZZNlluajdKWXpFSmhpNHRLYjNrSEZ0SmVfT0V6cDlUQ2F6cmE0bXVqMndTS0V1Yk9SSnVn?oc=5,"Vinamilk bringer mange spennende opplevelser til sommerfestivalen, og oppmuntrer barn til å «lære gjennom lek».  Vietnam.vn",Vinamilk,Vinamilk
Vinamilk ứng dụng công nghệ hút chân không kiểm soát oxy,5/28/2026,VnExpress,news.google.com,https://news.google.com/rss/articles/CBMilgFBVV95cUxQRkVaOTBSX1BndHVzWWVsd3pxVzNtcGRiS0s2SWVUT1c4TG83enRDa08wMlpSUzJPVzZMaEdhVkJWa1pSZXZVc1VrUU01b1ZHcWRiVzU2Q2k2QWViWW9hMDdMRWI3SUxTLXQ0WDM2aDdQeDgwbEtxRXhpRklsaFg3ZFUtaXJsSnN3VG9nNk1Jd1NTMHplMEE?oc=5,Vinamilk ứng dụng công nghệ hút chân không kiểm soát oxy  VnExpress,Vinamilk,Vinamilk
"500,000 boxes of milk mark Vinamilk's 50th anniversary of service.",6/3/2026,Vietnam.vn,news.google.com,https://news.google.com/rss/articles/CBMikAFBVV95cUxPczFlanRva1NqYVc1eDhUdUNvczUxRkVkWDM5TFpRS0ZjOVN6MHZ3WXlGSGlZMnVRdHJZdDczQnJtTXFDRE9paG15amtKT1JwdkxDUk93YlNIZnluVjlaUElENzBNQjFTaDBhNVVOTU1FOEU2a3NwWS0xNW9tTjlFQXdORTh1ck5nczJIVGtaUGs?oc=5,"500,000 boxes of milk mark Vinamilk's 50th anniversary of service.  Vietnam.vn",Vinamilk,Vinamilk
Đầu tư SCIC muốn mua 1 triệu cổ phiếu Vinamilk,5/29/2026,VIETTIMES,news.google.com,https://news.google.com/rss/articles/CBMiiwFBVV95cUxNTHk0X1QzS1FKREZEcDZMNy1fU2J1WW52bWpzd2hSVm1QOVN0cy1kOElxNE1tdWhzR19qU3Z2azlySDFCUmQzVThIMUtWc0NaSGZVdFRlUkM4Q0p2eVgwLTJwbVd6amUyMFNVWFBhUHFHQl9Vb1U2MTZ2cmh6M2ZfbFhoRG13ei1DYnQ0?oc=5,Đầu tư SCIC muốn mua 1 triệu cổ phiếu Vinamilk  VIETTIMES,Vinamilk,Vinamilk
Vinamilk khẳng định chất lượng với bảng thành tích quốc tế ấn tượng,5/16/2026,Laodong.vn,news.google.com,https://news.google.com/rss/articles/CBMirgFBVV95cUxNU1VQOVMwZG5DekRjN1pPX2Rocy10RmpOSElld3ZPYV9IR3lDajN4RHpZU1VPQm04dUlLYTlNMTYtYW01WEZXS3ZQWWI1SDV3LW4xWW1mRDNkcjFKb1h0cUFvR1IxcHBzanVQVTNjWTBjYWd6REFaQTJjNmhVVmFLTXlnaW13VHdnV0o5cTBMaXh3c1o4NUY2NEYtTzgyeFUxZ01zTndIdGtlaUNTRnc?oc=5,Vinamilk khẳng định chất lượng với bảng thành tích quốc tế ấn tượng  Laodong.vn,Vinamilk,"Vinamilk, Vinamilk doanh thu, Vinamilk sản phẩm"
Công ty con của Đầu tư và Kinh doanh vốn Nhà nước (SCIC) muốn mua thêm 1 triệu cổ phiếu Vinamilk,5/29/2026,CafeF,news.google.com,https://news.google.com/rss/articles/CBMizwFBVV95cUxPUldSdmNzQkJlenJBRVhxYjViMWRObUIwY0hsaU1CaUZHRzl4SU96Ynd5YkZWOVo4WUxIclptYjZfdnlaNGEzMHo0d25QaXFnazhtSVhFbGZYSzl5c2hjRHNjNW5hcGoxbnhJZnk4Mm11MWNtZUdWNzZpVy0zclU2TWJHa3VvUEswZW9OeDFDWkE5OEFkRkhrYkFUNkprRkNiRmM5OTlKQVd5N2RyTENzOVlVbmRIZGtTbkdhUWRaNS01a3NxX0l5bTJvS01nQnc?oc=5,Công ty con của Đầu tư và Kinh doanh vốn Nhà nước (SCIC) muốn mua thêm 1 triệu cổ phiếu Vinamilk  CafeF,Vinamilk,Vinamilk
Sản phẩm Vinamilk Flex thay đổi bao bì,5/7/2026,VnExpress,news.google.com,https://news.google.com/rss/articles/CBMifkFVX3lxTE96UjdPNXhTUVRVVm91TmFZa3R1UnAzdkhhNEFIc0tybG9YMnZhSFpCaHh6dUpJVkFhS2g4cDVFdWlHdkdTR2d0N05xLWQwaUxTcDhINGJMcHJoT2RlNVczRS01Z0ctakowaE43VTEyQ0FhVF94QzEtaFV3Njl2UQ?oc=5,Sản phẩm Vinamilk Flex thay đổi bao bì  VnExpress,Vinamilk,"Vinamilk, Vinamilk sản phẩm"
Vinamilk dự kiến tăng giá bán,5/11/2026,CafeF,news.google.com,https://news.google.com/rss/articles/CBMieEFVX3lxTE0zLXVxOTlXTWUtTHN0MDZsN0h3anBOZ0Zld3MzQ0hJOWFkWGxhMmlzMWkwVUNIcGc1dXBOMFhQMG03ZHlJaXowQ1FDM0NWcUlieG1GVVIwUWZGVWNpNEQwRHBXVGxmYnNsdm9BOW9GbE9nRkNoVWU4SA?oc=5,Vinamilk dự kiến tăng giá bán  CafeF,Vinamilk,"Vinamilk, Vinamilk doanh thu"
Lý do Vinamilk Green Farm nhận nhiều giải quốc tế,5/18/2026,Báo Hà Tĩnh,news.google.com,https://news.google.com/rss/articles/CBMijwFBVV95cUxObDJYNkN4Y3hFZ1ppXzBzY0hyTXZ5N1UyMFBLTTlwTHI4NTFVYllHdm1ObWtKTFdYWmtrcHl3REhZZGRkVmVwakpOVVVCckVvek1OQXNOaGkySTg1YTNRWkc5N1V1OGJzTDJnR3VKNFp2dXFNMW01a3lpVGFZT19rVVZKY255VGQ5bWpVNGZXUdIBjgFBVV95cUxNNWlmTzU4SnpMUk1leFFMbHdxUnFscHIyVWJLclV1bzRhUmRWTnV4ZnFIWktOQXpzT21KOXBJTzRlcDZKQzVIYUtDdGhnQTVPS1RrdmxOaGJORC1vWEh4X0wwTEJackJ5NEwxSTVlaDNLMHNjcGYwb21RcC16RTIxSHpkd1dvbEc4SGxYVW9R?oc=5,Lý do Vinamilk Green Farm nhận nhiều giải quốc tế  Báo Hà Tĩnh,Vinamilk,Vinamilk
"Minh bạch hóa chuỗi giá trị, Vinamilk tái định nghĩa chất lượng sữa Việt",5/20/2026,Báo Thanh Niên,news.google.com,https://news.google.com/rss/articles/CBMitgFBVV95cUxPbldGdG9BVmZGRHRIVWhxc1FNSmNTdmVsTnV0ZEp4TmVUNU5WT2Zyd1N0ZElhZUlJR0ZlY1JEekJQODBZT2hpLWlMcWdmclZrby1ZNTVNU0djSlVWMWVmRkl6QUU5V0RnS0Z3SFRmbW1Ldk44S3lTaTdTMkJpelVQcXlETUwwSVlQS3pPbHNlOERfcDRHelprZ3JDNlQzQkxNcVlrVWRsenRrVUY5aTUtSFBWMzhVUQ?oc=5,"Minh bạch hóa chuỗi giá trị, Vinamilk tái định nghĩa chất lượng sữa Việt  Báo Thanh Niên",Vinamilk,Vinamilk
Vinamilk Sure lan tỏa lối sống khoa học từ dinh dưỡng đến vận động,5/14/2026,Báo Thanh Hóa,news.google.com,https://news.google.com/rss/articles/CBMiogFBVV95cUxQVHlGUWp0U3RuNDU4NU9Pd1pMWi01VDBmNTN2OGJ4Z2hKV05jaUI3dEs4YklUSHQydEV5ZU4waTJDQzB6eDJSRHVkU2lTaFBTUmcyaUZVTW1zMmNuNEZYd0hmci1tUnZ4Zm41YWRKZlhuTGFxbXRRU3F1XzY3RWVrZllKbXNIU01yZUhneWlJVEhBbWpIQ2JzS21YVG1YRFBmVWc?oc=5,Vinamilk Sure lan tỏa lối sống khoa học từ dinh dưỡng đến vận động  Báo Thanh Hóa,Vinamilk,Vinamilk
Vốn nhà nước 'giữ thế' tại Vinamilk trong chu kỳ mới,4/23/2026,Tạp chí Kinh tế Sài Gòn,news.google.com,https://news.google.com/rss/articles/CBMigwFBVV95cUxPenlQREh3TkFaamxiM3U3MkFDdW9id1ZSeXN4YWJGSllyeTRiMzJrSWVCZzdka3RHNUg0T3FQdHl2YlNrM3p0VUZ0bWIyV1BzTHVzRlNXSDd5UGh3WUxTME8xMDEwUXJROXdWZXlGTFhxOW8wS2k2ZjFZVFVxWS1JT2Y5WQ?oc=5,Vốn nhà nước 'giữ thế' tại Vinamilk trong chu kỳ mới  Tạp chí Kinh tế Sài Gòn,Vinamilk,"Vinamilk, Vinamilk doanh thu"
Hé lộ 20 cổ đông lớn nhất nắm 77% vốn ở Vinamilk,4/2/2026,Chứng khoán DNSE,news.google.com,https://news.google.com/rss/articles/CBMimwFBVV95cUxOLWttaFdxSzFVRjViU05iYnpTMWxiVVJJMlBlNjN3UVRnVnRvOVVvQUk3MG9NcUdNLXZiR0Y1NUF2dlljOTNGZFM3ZzV5cGZCRFhJSTR6X0p5VHp3OXhnSEt2UVBHci0zWkFIcmFocWpwbzR1aXlPZGQxREQ0T1UwbXVlUWNHWWFRa2J0QWxLRVMtNEZFS0xkTTF5RQ?oc=5,Hé lộ 20 cổ đông lớn nhất nắm 77% vốn ở Vinamilk  Chứng khoán DNSE,Vinamilk,Vinamilk
"Vinamilk khởi đầu năm 2026 tích cực, tiếp tục theo đuổi tăng trưởng ổn định và cổ tức hấp dẫn",4/22/2026,Báo Thanh tra,news.google.com,https://news.google.com/rss/articles/CBMi5wFBVV95cUxQYkR0QUhZMnRmWUdDaDhIZWFJT2ttNGVaeVRoRkVaNmR1dGgwWEFLcjJqU0dIYzJ6Mm14TU9RWGN5bm1nWktScmk1YVhONnpWZ3hJUS1Lb0xPQlpkNzF0UXpDaHA0RVBYZmh0ZmtIR2JBUnpjWGN4eVNvcXptcU1PcVQwSThLRHJxeGg4VnE3Q0NwRzFnTkVQU0ZYdzJwYjJtZXgyVTcyUERFTXFINDd6MmdhanpzWnRWY2tmbExVOGgwMHlsQXp0TjNxNk9KUHhyRzF1bHNPMlhtS2dER2RQQVZheUd6ODQ?oc=5,"Vinamilk khởi đầu năm 2026 tích cực, tiếp tục theo đuổi tăng trưởng ổn định và cổ tức hấp dẫn  Báo Thanh tra",Vinamilk,Vinamilk
Vinamilk và bước tiến công nghệ trong ngành sữa Việt,4/24/2026,Thông tấn xã Việt Nam,news.google.com,https://news.google.com/rss/articles/CBMisAFBVV95cUxQN0dVS1FzcG5Sc0x1T0h1azhXZ2lVSldiMVhTU1ZxWUZmeThvSVUyX21RbFl1azlRS1hMOVJveXJKZ1dkQ3FGSG5tSDZ6R09FcHdtQkFrMW1jWjVRdEVSMjEyTFhZTEFya2htVHAyaXdQNXdwakhxcHBNaGFKQzhpSHd6eTJIbUJ2el9DUzVSZVk2b2hTN3dxWWlpSlR2ZjUzNHRfT01RVzF2RVNEcDNrOQ?oc=5,Vinamilk và bước tiến công nghệ trong ngành sữa Việt  Thông tấn xã Việt Nam,Vinamilk,"Vinamilk, Vinamilk sản phẩm"
"Vinamilk báo lãi Quý I/2026 tăng 55% so với cùng kỳ, cố tức tiền mặt tiếp tục duy trì mức cao",4/24/2026,VnBusiness,news.google.com,https://news.google.com/rss/articles/CBMiuAFBVV95cUxNaXFDNlVQUzVBY25IbFZZblVSSHlmRkRTa01tT2ZEMmZyTkVEdFFkSzVxd1M5cEJmaF80dXdHWTVKX2ZmSkptVnptMU9DRU5YOUF3WEN3UEZOMloxRjluYll0YmdROGh5YkhwUFRBSnI1ZndIRGlUWjNIVXlwWjQ2akRkN1pYTUtDTlI2dWZ0Tk90Qm5pRElMUDRWcmVHaE9KWU5ldGlEVFNPZVJWcUtkdmlKYWgxbDk3?oc=5,"Vinamilk báo lãi Quý I/2026 tăng 55% so với cùng kỳ, cố tức tiền mặt tiếp tục duy trì mức cao  VnBusiness",Vinamilk,"Vinamilk, Vinamilk sản phẩm"
Khám phá 'siêu nhà máy sữa' Vinamilk: Điểm sáng phát triển bền vững,3/2/2026,Báo Tuổi Trẻ,news.google.com,https://news.google.com/rss/articles/CBMiqAFBVV95cUxNT3NWdFVtYjBSYUhTMllKXzc4Nl9XblZ1QlFSbVJxSEZwaUp4N3RuMGZGb2NUNlVtTUNOWkdKTmIxM1dNV1NNLU1TVko5LTdZcDQxbTlxNVF6MUxsazQ0UWdNYVUxRXRaRmVtdWk3NURBOW9FdGN3VHhudTM2RjZmMGktVU9VcUhHaTI3ejFaQTJkR0lBNUlKQ1M1UmZiVlpYaElFWUQxZjE?oc=5,Khám phá 'siêu nhà máy sữa' Vinamilk: Điểm sáng phát triển bền vững  Báo Tuổi Trẻ,Vinamilk,"Vinamilk, Vinamilk sản phẩm"
Mô hình trang trại sinh thái chuẩn quốc tế của Vinamilk gây ấn tượng tại hội nghị quốc gia về chăn nuôi,3/30/2026,Thời Báo Ngân Hàng,news.google.com,https://news.google.com/rss/articles/CBMi2gFBVV95cUxQNDBzajVZekNsdDNxemluLTVzV2cwb1ZJN3daT2dNaUVFV2d4TEhDYmpUdlY3YUFJa0M1X1BfNURyQ2FSemFDWnBTU2lqQXFvYjRORDlzR3BQbmhVOHlNcDUxYkhqcndKSWVPS0RUWXBVWFJDT0NENHJTeHkwRnVQUTRKUnBzQm9wUEQ1Wm1WdEdWempBWXEtaXUtV09tZ0doZUFrRFFTQXFvcHpOUTBBOFNrbjhWWE9QaUxqOXh2d2Z6ZzcxYk4wdnN6VVdDYVc2dXpVM2ZnLV9PUQ?oc=5,Mô hình trang trại sinh thái chuẩn quốc tế của Vinamilk gây ấn tượng tại hội nghị quốc gia về chăn nuôi  Thời Báo Ngân Hàng,Vinamilk,Vinamilk
"ĐHĐCĐ Vinamilk: Lợi nhuận quý I tăng 55%, thị trường sữa Việt Nam còn nhiều dư địa",4/22/2026,thitruongtaichinhtiente.vn,news.google.com,https://news.google.com/rss/articles/CBMiwwFBVV95cUxQbmNDRWVBczZBTUt2cHZqMmxydXE1bkV6eThjYk01QkRNRGNDY0djODJFT2dMVzItSTVkNjh4bmJZVjJxanlvOC1fWDV2djZBb2tZRU01d0pBUnB4dEVJRXJ3YnlCWWdsZjdhcXVTUnhHbzV5c21ITWU2VnpGUW5nQkJQUzMxbDRrTHYxcE9YR3FHcUM4a3pOdTBRaWxTQk1DczJUa2owNVNxRHQtcW14NkpZbW90c3BsYmhjNzJYS2NCSG8?oc=5,"ĐHĐCĐ Vinamilk: Lợi nhuận quý I tăng 55%, thị trường sữa Việt Nam còn nhiều dư địa  thitruongtaichinhtiente.vn",Vinamilk,"Vinamilk, Vinamilk doanh thu"
"Vinamilk đặt mục tiêu lãi hơn 9.800 tỷ đồng, trả cổ tức tiền mặt tối thiểu bằng 50% lợi nhuận",4/1/2026,thitruongtaichinhtiente.vn,news.google.com,https://news.google.com/rss/articles/CBMi0wFBVV95cUxQLXNjUXJPQjg3N3h1QklCSlVSZ0lrM1pQZmMyRHNnb1hDakNaWlp5RGNwSVFGNGxkV0EydWVvNTZzcGpVMEpWS29lRFFQRzRmRjhpMnZDeGtITGowTGdxRy1XakNXT0ZxWGxVY25rNlBGWmJTX2RjeWNHbUhHdkpHZXhIeWswMHZXOU8zNGZDWllWQUhGMGUxSFFkUlpwQ19CLWp3QVlaSWFNZEltcklNZV93cUVHTUMxQlNVaC1UNjl4cTE4R2R5UXQtVm9QVldQbjdV?oc=5,"Vinamilk đặt mục tiêu lãi hơn 9.800 tỷ đồng, trả cổ tức tiền mặt tối thiểu bằng 50% lợi nhuận  thitruongtaichinhtiente.vn",Vinamilk,Vinamilk
Vinamilk: Tạo giá trị với chuyển đổi xanh,3/29/2026,Báo Tuổi Trẻ,news.google.com,https://news.google.com/rss/articles/CBMiiAFBVV95cUxOOS1sMnhpMm1oWGx1cmIyelhwVVpBUVdyc0FXYVVqMHdKS3hxS3YwbTg4clBhNnFQSU5NMVo4SUdnel8tdDZPakxreDM1ZGZ3RXFuaE9tdnR4eFhHdmFyeTJPUWdIa1ZLU2duNnFVYkJfVHp1RmNoNTBaN1JsbEJTdW9aSHQtRTRs?oc=5,Vinamilk: Tạo giá trị với chuyển đổi xanh  Báo Tuổi Trẻ,Vinamilk,Vinamilk
"Tổng giám đốc Mai Kiều Liên: Vinamilk không có rủi ro pháp lý, siết sữa giả giúp lập lại thị trường",4/22/2026,Báo Tuổi Trẻ,news.google.com,https://news.google.com/rss/articles/CBMi1AFBVV95cUxQc29xOXl0TV9GLUc5Y2J3bXA1U3lVSVl6ZG9fSkxyMU1JVTJhdElzY2N1bUFZT1RtazltZ1dKdGhpUGw2UGxqZVE5WFVYRWtqZ0t3VmE2d1ZQQkhUWlpJV3pFcmdhUVpoeUtvdmlOaDY2Q2puRFZ1S21fUFJ0bVhLc2RpQ2lkSUZQNVhCc0hZZDVwRFNqNk9PZ0NsWUdtMDZkMUZ3S2ZCQ3EwYm5LQUhJUFhFZzJ3eHZ0QmZ2akdBbTVXaDc1M25hNllhVTAyWmhzRjRCag?oc=5,"Tổng giám đốc Mai Kiều Liên: Vinamilk không có rủi ro pháp lý, siết sữa giả giúp lập lại thị trường  Báo Tuổi Trẻ",Vinamilk,Vinamilk
"Vinamilk khởi đầu năm 2026 tích cực, đặt mục tiêu tăng trưởng ổn định",4/30/2026,Báo Thanh Hóa,news.google.com,https://news.google.com/rss/articles/CBMipAFBVV95cUxPRktxUU5aYmJaRTd4ZVNxMU9sbWxueUpHR2g3TXFJVEtKRUhuamhZRnktdm9uUUt6WndaelgxajVwbl9zZThnb1NXd3d3bDhmS3ZKaXJDc3BXSl9VTHRldkp0NXBlRkJ6Z0Y5TVFHUlQ1aHFfUmpZZ3dWb2FiUDNwYWI1UXlPZy1lUVA1aGU0d3FfSkZNUVdYcUlTLW9pcGV0eHBFQg?oc=5,"Vinamilk khởi đầu năm 2026 tích cực, đặt mục tiêu tăng trưởng ổn định  Báo Thanh Hóa",Vinamilk,"Vinamilk, Vinamilk doanh thu, Vinamilk sản phẩm"
Các chuẩn minh bạch trên chuỗi giá trị sữa Vinamilk,2/27/2026,VnExpress,news.google.com,https://news.google.com/rss/articles/CBMijwFBVV95cUxOOC0yUWFVTHl1ampQUW4wWlZXT1Y5cUMwdlpxTU1yXzhlT0FKano5b3BCM2p2UTFHZ1R2al96S3BIMXhTZFIxVDBMdy1Xc09rWnBnV00zQ3ZKQlM3anE1c19SQUNRWDZuX19NSTI5VWxyVDBFWVVsUzZ3X3JzMWRMZzhzeDJTb0ZiZ2lLcGQwQQ?oc=5,Các chuẩn minh bạch trên chuỗi giá trị sữa Vinamilk  VnExpress,Vinamilk,"Vinamilk, Vinamilk sản phẩm"
Bà Mai Kiều Liên: Vinamilk ưu tiên giữ ổn định giá bán để hỗ trợ sức mua,4/22/2026,VnExpress,news.google.com,https://news.google.com/rss/articles/CBMiqgFBVV95cUxORDBoUGZFVkE0ZVFVY1k4U0RvZFlIVXJqQ0FiZXh6RE9jNUtrdmJkdEk2TmxkRklDN05aTjVXZ3Q2S01tbE5ZMEZTNmZraUgzRXNlT1pUOFpTSnBkbFIyVGI5VE1BVkZfaDhLWlJOUU5qUk95SWFsT1BES1p2TmVIWHBPd0JIRGszNDl2enNZTTJfZEhxeWZzblFBUHY4MUJ6OTdsbmZndlZkdw?oc=5,Bà Mai Kiều Liên: Vinamilk ưu tiên giữ ổn định giá bán để hỗ trợ sức mua  VnExpress,Vinamilk,"Vinamilk, Vinamilk doanh thu"
Vinamilk được Bộ Công Thương vinh danh doanh nghiệp xuất khẩu tiêu biểu,12/19/2025,baochinhphu.vn,news.google.com,https://news.google.com/rss/articles/CBMiuAFBVV95cUxNcEg1N1YwRkY0UWNiYkdmTVZzcmlhX0dfWkp6THRFUmEzRW5qdjdjWnd5QzNHRUJRZF9tMHFJcFJGNXpXSndZRHJlUmJqS0x5cFRVR1RRV29LajYtU3hQRDFobTlKSHhLSnB6eHYwUjFYaW5fSmxnSENobHJLMHk2Y3VPWDBXTzNkNkw4SERrT0x1ZE9MWWRLSjNEVzdsRDFyY2FIeTl6N3cyei1lSWo3T1dwQnRkVzIx?oc=5,Vinamilk được Bộ Công Thương vinh danh doanh nghiệp xuất khẩu tiêu biểu  baochinhphu.vn,Vinamilk,"Vinamilk, Vinamilk sản phẩm"
"Vinamilk báo lãi Quý I/2026 tăng 55% so với cùng kỳ, cổ tức tiền mặt tiếp tục duy trì mức cao",4/23/2026,Báo Thanh Hóa,news.google.com,https://news.google.com/rss/articles/CBMiwwFBVV95cUxNUWZ6a2psV09uRDRZeUtxR21xM2pXV2dxZHA3UnMzS3pKVUx3ci1Rc016MU1hazNZTW96X2RGaTVkdnpyc2FuX29jNWxnaEd2VHQ2QkR4Z25tS3FvaHRWOGV3ZkdBWmlNR3JaY0stZFJSUWVjYnJCOXZ1VFRzV1lIOE5idmpYTm53ejBza2V6VFRoTG40LXBCZXZoeG9aTV8zTzBobmZjVzZ1cEQySml0c1RQLVBMTlF3ZW1rVk5qdUR5ams?oc=5,"Vinamilk báo lãi Quý I/2026 tăng 55% so với cùng kỳ, cổ tức tiền mặt tiếp tục duy trì mức cao  Báo Thanh Hóa",Vinamilk,"Vinamilk, Vinamilk doanh thu"
Vinamilk Sure lan tỏa lối sống khoa học từ dinh dưỡng đến vận động,5/14/2026,Báo Pháp Luật TP. Hồ Chí Minh,news.google.com,https://news.google.com/rss/articles/CBMingFBVV95cUxOWWw5c1VSbHJxSHppemg2NWJKd2ZoeTUtdFJQclc1dnR6NU8xYk1iVUx6ZWoxY3plNWs4bDdJWmdhX0RxajRCTDU3TGltenhzWGhtaXZhN0l6ZnluNkNsOTZTR0JTSmZrV3VVcDBlZF9NZkwzYmVKRlJDN19hYkdNVklvdG9GTGFNekI3YmF6NEdVdmMwRTMwS3VqSVctQdIBnAFBVV95cUxPQlNIUG9OR2JnR2YxcDlvTTFQcVVDb00wRjgzMjRudEZXZUpjQ0pGUXJyUVI4SWVMRS16M2tDSGp2ZV9peUVXNnktU0lGdldxZnVRT25HN1VySzN1T1FLTTI4QlI0aVhfNE1tQnNoOWpRYnp1cjRiRHlQcW9qcVhRd1F0T09maWtlVVdwdEQ4Y2RiS1dqSHo3SWQwQlI?oc=5,Vinamilk Sure lan tỏa lối sống khoa học từ dinh dưỡng đến vận động  Báo Pháp Luật TP. Hồ Chí Minh,Vinamilk,Vinamilk
Vinamilk khẳng định vai trò tiên phong chuyển đổi xanh trong nông nghiệp tại hội nghị khoa học quốc gia,3/28/2026,Báo điện tử Tiền Phong,news.google.com,https://news.google.com/rss/articles/CBMi1wFBVV95cUxPWGFETjhYLWJpcnQwZFNjeDNGMkVYeDdFS2d0alBxWmxVYjZkTHg2dDBOcml0RmFzbFQ3SGt4MUV5el8yaE45YzktMEYyRVlpZEFTRU9Ed18zSEs4ODUzZFpQcXJBOVh1ZTk0TGhsRXliOHNPWXJZZXZmd1Fad0F2WVlxUTJfX2ZvQ05JSEdMZmRkVFJPbXM1OGItQmpYeFhQSHJfbXlQXzFTRjlsMXFJSGJKZzhnU2NwSGRYanBzUk5rMWZ5RmQySmRGUFN6MnVnM1g0OG9oTQ?oc=5,Vinamilk khẳng định vai trò tiên phong chuyển đổi xanh trong nông nghiệp tại hội nghị khoa học quốc gia  Báo điện tử Tiền Phong,Vinamilk,Vinamilk
Không đợi tương lai gõ cửa: Vinamilk dẫn đầu xu hướng tiêu dùng xanh,12/1/2025,Báo Tuổi Trẻ,news.google.com,https://news.google.com/rss/articles/CBMirAFBVV95cUxNWVM3eXcxY0djQ2ZILWdzaVA4cTdhb1dJc2xGclRDUUI5ZUdaUWdnRGZVVWVGZ2ZCNHg3blNDU2JUMWNDWVBzUXRwaERPUnROcWdjNWxRVWFidzVudWtscjB6TThIX3hyYTVfM1BzMGxiblFSSEZLNGt2bFlEMk1GTWlTMUx1Z1AyRl9rNGU3YnNOSHlGYWhzU0tyVDdHOXlScmdBa0M5NGxnMWFJ?oc=5,Không đợi tương lai gõ cửa: Vinamilk dẫn đầu xu hướng tiêu dùng xanh  Báo Tuổi Trẻ,Vinamilk,"Vinamilk, Vinamilk chiến dịch, Vinamilk sản phẩm"
"Vinamilk (VNM) lên kế hoạch lãi hơn 9.800 tỷ đồng, chia cổ tức tối thiểu 50%",4/1/2026,thuonghieucongluan.com.vn,news.google.com,https://news.google.com/rss/articles/CBMiuwFBVV95cUxPaS1fb0luWXM4dnlvcXVvdlFhRk4zUWZSRU50allRQ1UtcEFfNldhUjU1d1paWl81TUZDYml5MlJuMWRkR1hFemtOcnZtb3J1dTg2Q3JVTXBSNWJ4N3VEZmJaOW83cEx5cE1RVWNsSDVobWZMQl9BWGRzSmxPRjd2RG53Q25WUjhjdUxJT1ZpRG00RDF6YWMyV2RQSWZ5Ry1HNXQ3RXp6TlBuam9yOFFmNG56bzgzcHltTThV?oc=5,"Vinamilk (VNM) lên kế hoạch lãi hơn 9.800 tỷ đồng, chia cổ tức tối thiểu 50%  thuonghieucongluan.com.vn",Vinamilk,"Vinamilk, Vinamilk doanh thu"
Lợi nhuận quý I/2026 của Vinamilk đạt gần 2.500 tỷ đồng,5/2/2026,Nhadautu.vn,news.google.com,https://news.google.com/rss/articles/CBMikAFBVV95cUxQajZnc1lBbUM5dGRfcnVVclp1dFFqMFdzZ2hfY2oycVlDMVhjRF9WT09laDVXVmtWaEo0UjBsRTlsMzg5TzNRZV92MWdlTTlESkp1cVFuRHFZNHNTa1hfblVna01nb2QzWkZBb1NHRUxhdFBmeDlRdFFHSDBhWTRyYnM0aHRlTmExV0pFZUpVWUY?oc=5,Lợi nhuận quý I/2026 của Vinamilk đạt gần 2.500 tỷ đồng  Nhadautu.vn,Vinamilk,"Vinamilk, Vinamilk doanh thu"
Tỷ lệ chọi 'không tưởng' khi ứng tuyển vào Vinamilk,4/9/2026,Znews,news.google.com,https://news.google.com/rss/articles/CBMiiwFBVV95cUxNcGowa0dqdm4tZHpSWkcwNEhFT2FqdVRuM3VwQ2VrNEpoVVh1X0t5ZGs4OVRuVFl5TlZzT24waGhwQjcwUXluTUtMRzdkR1J2STFpcDhaUkFVYWZQcWxpakp3bTVNSXdfZWo0SGhIMjYzbEN2X21na1FRUGhEQS02MHJzQi1xdGZBNGV3?oc=5,Tỷ lệ chọi 'không tưởng' khi ứng tuyển vào Vinamilk  Znews,Vinamilk,Vinamilk
Vinamilk khẳng định vai trò tiên phong chuyển đổi xanh trong nông nghiệp tại hội nghị khoa học quốc gia,4/1/2026,Báo Thanh tra,news.google.com,https://news.google.com/rss/articles/CBMi9AFBVV95cUxQazhIVlZhMXhGZWJ2QlZ3S2UtdjBIT1I3WG40WVV1N01WcmRDdE9ZeG0zbXFsekFSSThPQ1JzQ0RWaDE4WVVYeXp5SEtocW91Mmw2dUJMcjRmTzdDUmZlcFNiT1hDaUF4YzBCZnJiM0pUamJSb1YwM1lyVHdPUW1PQWtlbXotTG00bndmNEg3RDQ4dzBwRm1FejAybjFlZUx4SjNQRTl5Q1hlY2drbzJ6U3d4NG4zbFR0dkxXTVZ6TTh3RlN4Mm1IdzNYVkg2dzN3NFpRQ09wLW9rOHFFSDFPa1h1elEwS1d6c0NCZHdINzJKTUg2?oc=5,Vinamilk khẳng định vai trò tiên phong chuyển đổi xanh trong nông nghiệp tại hội nghị khoa học quốc gia  Báo Thanh tra,Vinamilk,Vinamilk
Vinamilk Sure đồng hành cùng gần 3.000 người cao tuổi xác lập kỷ lục mới,3/25/2026,Báo Thanh Hóa,news.google.com,https://news.google.com/rss/articles/CBMiqgFBVV95cUxQYV9lUUg5NVU4a2RBY2hhVnhJME13d3M2NHFkbTRYaGtVbnkwajl3aFpYZXdjOUNrQVF0ckMxZXVqTEtDb0dhUTBJZkRjM2FjREltWV9GMDk3S1lIRnliTklGVk1WeWRaWS1zVXpzdzRlc0pPVXBwVnlaUDlSVGtSUW04a1diMjlIc0xDOG5XbUQxODZodkVpbXZvbkh1akpqWlZqOG5DQTJUZw?oc=5,Vinamilk Sure đồng hành cùng gần 3.000 người cao tuổi xác lập kỷ lục mới  Báo Thanh Hóa,Vinamilk,Vinamilk
"Vinamilk chia sẻ tầm nhìn biến mỗi trang trại thành ""tế bào xanh"" của nông nghiệp Việt Nam",3/29/2026,Báo Hà Tĩnh,news.google.com,https://news.google.com/rss/articles/CBMiwwFBVV95cUxQNVdmOTNBZUt2MkNQazhBTmZCOTZWSGxjOHhnNkxkTTdwelVWcGVZMm4xM28yTlNGUG1md01BX3BEbEl6QWZrWWNfMXBZZno1bmxqSFNHU3prekdjYTQ1aUU4S1ZLeHNMMk9qY2dYdWF6cGVRcmNWdFQ1YnIwMUtqdjB6Q2w5WDF6XzRKLXR1aTNhZ0ExeVcxT0haeU5qR1JaZ3Z5dE5aNl9KM0ZCMkh2VEpzMzhiejRMcDgtNGJZQnYxWXfSAcIBQVVfeXFMTWFqNDRvcW9zYi1hRGQwOVYtRGpfUmFNMk5seFI5aXFFMFJqc3ladUdUVGVsM0tVcE1xZmxtY3poM0pCc2JRMkF4SUdsSHFFS25jVWRDTng1VkZYdy1obE05UGVZd2tjRmJqOW9keW9lb0VTWkdBUW1WbllELTk5ZGJISUY1Nkk3aHhvVTBLTmdRYlA4UW5YeGQ3enI5UDBzbVJyZEFMV0hUcHIzdTc5d3dNXzQ4N1lPRjVXa2YwMndZRkE?oc=5,"Vinamilk chia sẻ tầm nhìn biến mỗi trang trại thành ""tế bào xanh"" của nông nghiệp Việt Nam  Báo Hà Tĩnh",Vinamilk,Vinamilk
"Lãi quý I/2026 tăng mạnh, Vinamilk duy trì cổ tức tiền mặt 43,5%",4/23/2026,theleader.vn,news.google.com,https://news.google.com/rss/articles/CBMimgFBVV95cUxPZThSVWVvSWdjd0xhd3UxZnZneHFtbDRfUFYzOGZkSkFKXzc5VDMxRXI3Y05sNlVLQVJmOTRFRm1CNTJxMEtfaDczeC1xV1FaUzhxczVXWlVlNEg2WDJOZGZiLUp0MXpBbkNfM3hnVWlVUGt0SThsQ0puVGhMaC1pUHpXT1ZNRldxTUdBLTFhQ1NGUzNFakQ1aEVn?oc=5,"Lãi quý I/2026 tăng mạnh, Vinamilk duy trì cổ tức tiền mặt 43,5%  theleader.vn",Vinamilk,Vinamilk
Vinamilk tăng doanh thu hai chữ số trong quý I,5/6/2026,VnExpress,news.google.com,https://news.google.com/rss/articles/CBMiiAFBVV95cUxOcS0zT3dtNVo4OTJDMFZIQjdLSERnQS1vaVZEUWRsNFc3SUhzUElzMGZIV0lBX0luZnktTk5KQ2pUZGFkeHNXaEoxWEQ2eGtQWTVPeEtXdWlTNFdPcFE1Y1FRX3I0MVhnS09aeEwyZllJeEdKUXJXRi10emh2Z3d1NEM3VHl6QlQt?oc=5,Vinamilk tăng doanh thu hai chữ số trong quý I  VnExpress,Vinamilk,"Vinamilk, Vinamilk doanh thu"
"Vinamilk bứt tốc quý 1 với lợi nhuận ròng tăng 55%, bình quân 27 tỷ đồng/ngày",4/30/2026,Vietstock,news.google.com,https://news.google.com/rss/articles/CBMiuwFBVV95cUxNYXl4akhYNGtVdHFDY3hmc2UxdllGS1RMVmc5WGRrUkxMZXZtcXJESGNlUVU2MXNhS3V5RllTbGY3c2Q3ZkcxU0lnT05NRXdZRDRHUlc1c2xmTFNzRmxKT0lVOGhCWUd3eTlnSTlhTEVmZy05cnJ3TXBUZjhqU283dV9mV3RyVW52Vjl1dTVndHI4QnlERDRFZ3Jsa2UxeGJ5eDd0ZW9sVE9HX0tKMk1tc0ZDX2p3c1RPMFZV?oc=5,"Vinamilk bứt tốc quý 1 với lợi nhuận ròng tăng 55%, bình quân 27 tỷ đồng/ngày  Vietstock",Vinamilk,"Vinamilk, Vinamilk doanh thu, Vinamilk sản phẩm"
"Doanh thu năm 2025 của Vinamilk lập đỉnh mới, vượt 63.700 tỷ đồng",2/2/2026,thitruongtaichinhtiente.vn,news.google.com,https://news.google.com/rss/articles/CBMirwFBVV95cUxPN1Z1Snc1bE9UR3o1WTNhLXBEZkc4SFA3cmZucjBwekVVMVVYT3ZDSk1RNzdueThsbTlMb3U2Z2g3Zk1FWHBUQW9sc3pkaTh1OWN2Q00xQWVxVm9lNkxWa1VpQW9sOTR4WmgzaFpDYzJDeG1XclBHQUZnTDFQNEdGeURsdXZGOEVGZDEzQ2dmdVBvM3YtVWFzMldlNUFWb3VVTzNmZzk4V1ZMWGt0bEE4?oc=5,"Doanh thu năm 2025 của Vinamilk lập đỉnh mới, vượt 63.700 tỷ đồng  thitruongtaichinhtiente.vn",Vinamilk,Vinamilk
"Doanh thu quý 1 của Vinamilk tăng trưởng hơn hai con số đạt 24,6% so với cùng kỳ",5/5/2026,baochinhphu.vn,news.google.com,https://news.google.com/rss/articles/CBMiqAFBVV95cUxNa05OV29wam9XdTQ1YUZWRkZFWEdBaG9nVENqR2VPZUtpYmc2bW5TeVdSWEloS0dtNnROeE1FSW41bDQzUFNOWHRkZXhsWkw1R0otRFpNTGlvemxTaGV4N0szbkIyYmpTSy1XWmxJVms2Mm8xMkhOZUF3clpmTDFSQzRpWXNUQ1AwQnJHY1NBeEVzNTNOX1ItMUFOYzZYZFZ6b2tZZVNvdHU?oc=5,"Doanh thu quý 1 của Vinamilk tăng trưởng hơn hai con số đạt 24,6% so với cùng kỳ  baochinhphu.vn",Vinamilk,Vinamilk
Vinamilk và bảng thành tích quốc tế chứng minh cho chất lượng,2/3/2026,Báo Dân trí,news.google.com,https://news.google.com/rss/articles/CBMitwFBVV95cUxNR2NzQ09tbWwwMmkwX3hpVEMyVzBMeF9ZQ0hLU1JzV0w4aUlZNUIyN094NUFWUUtNWmxVY3VLb1ZpUVdXN01Xa2dPUzhoR0xJYWZZWmxxd3lZVjZjSzRfbjIzYXBZMjd1cW1Gb3RTQmVsVTZ6VlpJQjlmRm80aWJRU3RsaGVQTG0xQWtMRkVVZU9fRWdBVkpONW9HNTRJcm15RnlKYUJPUVdDVkpaSmV6NlJZck9JZ2c?oc=5,Vinamilk và bảng thành tích quốc tế chứng minh cho chất lượng  Báo Dân trí,Vinamilk,"Vinamilk, Vinamilk sản phẩm"
Vinamilk ghi nhận doanh thu cao kỷ lục,2/2/2026,VnExpress,news.google.com,https://news.google.com/rss/articles/CBMifkFVX3lxTE9OdnBmd1JtWXBXSnBabjkwOXpnU1RETVllQzk2OGFSQWM5Y2pBVHhnV0ZqRzZPYjZzaHQtUW5Gc0I0MmpFa3R1Ynhwb3hTSjlmTVRfUk9jelVIZ3hVdVdsUncwMnp4ZWJBUFNMVjBmd1djNldDOXF5UDUxQWtCZw?oc=5,Vinamilk ghi nhận doanh thu cao kỷ lục  VnExpress,Vinamilk,"Vinamilk, Vinamilk doanh thu, Vinamilk sản phẩm"
Lộ trình giảm dần lượng đường trên sản phẩm Vinamilk,12/16/2025,VnExpress,news.google.com,https://news.google.com/rss/articles/CBMikAFBVV95cUxQcFlBRVFIdUtNTjBobE90UUNvdE1QZTB6dEM5T0U2ZmdFazhDZ045emdycl93cnVHZGxLSmFrdE4tRUpLb2Y0Y2NSQWZlZHNGSTQ5LXV0NUtUcjZJNVVIYlhzeXZaMm9VN05jaTUwMXF4ZlVOR2N4eWpmazRubGgyek5oMTRsc0dWZHFRdU9abEw?oc=5,Lộ trình giảm dần lượng đường trên sản phẩm Vinamilk  VnExpress,Vinamilk,"Vinamilk, Vinamilk marketing, Vinamilk sản phẩm"
"Sau 8 năm gắn bó, cổ đông ngoại muốn bán toàn bộ vốn tại Vinamilk",1/23/2026,Báo Dân trí,news.google.com,https://news.google.com/rss/articles/CBMiuwFBVV95cUxNN0tQMUM5MkFYeDhNZGJreUdwZFBqTjFtTnBIbUNRUEhlOUo3djFmbXhDVHNCZ2hpNTNBdHdiRkp2Vl8yaGYybVlqWWhrcXJRM0ZvSGVwTHB6WWcwRC1QSG5iRVEyNUItY0pZNHRkVFF4NllQcFZpUURCRkN2bHkzeEh1X2hRbVVveVpHYU5ZN1dCSU5ma2hnblZ2djh2U1hlYkJ1QjJVcG0tUlhzMnMxTHQzbWhNS2EwU3ZR?oc=5,"Sau 8 năm gắn bó, cổ đông ngoại muốn bán toàn bộ vốn tại Vinamilk  Báo Dân trí",Vinamilk,Vinamilk
"Bất chấp ""chảo lửa"" Trung Đông, Vinamilk báo lãi quý 1 tăng vọt 55%",4/22/2026,CafeF,news.google.com,https://news.google.com/rss/articles/CBMipAFBVV95cUxQejA4VGdWWE5XT1ZFZkpldGJYS1MxYklQQ1NOblB2RTlhZExSMy1Od09vWmcxcEVyeGw0OUZ2bzREQXkyNWk0QWZaaEo5c09iZXo1SXd1VTdPVGJhcmRpY2wtaDJhd1EzZHQ4azVIMjJPcnFTeWhqZXlPREo2bFNTRkdWcWNFQ1luUmxkWGxmMUJvNzBWZVZ0LWhwQll5MHVBN1FDRw?oc=5,"Bất chấp ""chảo lửa"" Trung Đông, Vinamilk báo lãi quý 1 tăng vọt 55%  CafeF",Vinamilk,"Vinamilk, Vinamilk doanh thu"
Vinamilk: Biên lợi nhuận gộp có thể sẽ giảm nhẹ trong các quý tới do áp lực giá nguyên liệu gia tăng,5/11/2026,VietnamBiz,news.google.com,https://news.google.com/rss/articles/CBMi2AFBVV95cUxPaGRFVVdrTXVGUnZCQTROVDRBWTlWWl9vZUs2ZksweFBqZlJQX1BkWFR1MUJBcDliMk53SGdDSTVvb2dMNnNqYldYVk9IQzVXOV9JODZKTVNYSEhIRDJpaGhCalhoREJ4N1lfRm5tNnlzZ1FwcnQ0ZC11aGZ3ZDVBSTFHR0swck9nX2pUSWFqSkp6OXdUZmJETTYxbHh6ODdWYmV6QkFpRndFWXVST3BlTW9YVm84NERVYW5PUjd5OVE2cmM0Ym1scF9ZX2g4N2p5MVpQUFRUNWI?oc=5,Vinamilk: Biên lợi nhuận gộp có thể sẽ giảm nhẹ trong các quý tới do áp lực giá nguyên liệu gia tăng  VietnamBiz,Vinamilk,Vinamilk
"ĐHCĐ Vinamilk (VNM): Lợi nhuận quý I bứt tốc, vẫn giữ kế hoạch năm thận trọng",4/21/2026,Tin nhanh chứng khoán,news.google.com,https://news.google.com/rss/articles/CBMiwAFBVV95cUxNMXN1MEdVV2RKendxeER6Y2wxU2F0OHhPM0swaDBvSVZQMHpKWWhIbmpfcFd1dTQ1Q2FaWVBDN2U1U05TbjcwaGR5OG5WblRGWU5mTlBnSjI2OS12SnRmMUk2ckg3cWdvX0Z1eXBtT2RINkd4eHFJbmtFeVk4cWRUaFRIc1NRYlJuMEtjQm12QUhCLTQ5bFVYUy1sQjh4aWJuYURHRUY2VjFHX1NMMHFhTXRXVjJ1RXJpbG0xeHIwbDnSAbwBQVVfeXFMUGdIc2k3V0hRUU0yeUJBWGk4SE0tN0NIc28tRzJRWnR4TXBhM2ZIcVlNUmprTm1mcEhkYWRwMnZwOHJfOWFac1U1WFhWdEhzM2dtSHYwbmJuOEp1c0YzWXIwSXRhUnJsNXNyQnc4dnhMLUZBSmFFRGRKaHFObXFyb3o5ZlpGMjNpQnRMaHpJamJoRnl3MFc4dk5lcXBCTTVObDRZVWlNQjA2dU5qdXlmeE9zRFBxYk5iOUxReUc?oc=5,"ĐHCĐ Vinamilk (VNM): Lợi nhuận quý I bứt tốc, vẫn giữ kế hoạch năm thận trọng  Tin nhanh chứng khoán",Vinamilk,"Vinamilk, Vinamilk doanh thu"
"Vinamilk (VNM) lên kế hoạch lợi nhuận 2026 đạt 9.828 tỷ đồng, trả cổ tức bằng tiền tối thiểu bằng 50% lợi nhuận",4/1/2026,Tin nhanh chứng khoán,news.google.com,https://news.google.com/rss/articles/CBMi7AFBVV95cUxPTjlBRWhZVExQTkFGTDY0OWlvanhsRUl6SUsxWjlpWmY4VUJudTN2VXE5c2JnWS1IQ1QwYXlqbDZsaE1EMTJIWFRESlJSRnhvS3liblhJSFRObDBiZjNlU3VWOFpXRHVmRkp2Ynpjd0hxZWVJeGtYZ1N3QVVGUzZrTUJYN2JVVi1MRUdQRWNnMDlZb3B3a25KYVFlX2dncFV0VUpaQ1FOMlZ4aWhyaFQ0YVVBUlI5TmNQaXl5RDhWeGNGTWZEZVlOa0ZURzlFN0ZpUmZ0Q1lxX0FVbVdia0tPM0owb2dETmtXSWlHR9IB6AFBVV95cUxPRTMzWW9RbENyQXVIZEtiRTNBVGxuMXM4WS1OUUYyekU1ZnN4amktdW5sZnZBTGtDeThTSEsyQXNYcXVmcmZVOWI1VjJRMUMyTThkTHR2YjRldmxRYVBTWTJzZ2tRbnFrMW45V0pBMk5OemZjdDJ6RlFjZFdRVkNfVVRPa01pc3ktdFEyekdaNnd2Z3dsNkZlOE00M01FbzRuVkVYZ0Y5Y2RGMFY5TGZhSVpPSEFtamZrbTlYSWJOa3dmRjFnWWx6YzdSYXlZbm8zZmIxNU5lM2h1ZU5rZGJWLVk4eWV4OVRD?oc=5,"Vinamilk (VNM) lên kế hoạch lợi nhuận 2026 đạt 9.828 tỷ đồng, trả cổ tức bằng tiền tối thiểu bằng 50% lợi nhuận  Tin nhanh chứng khoán",Vinamilk,"Vinamilk, Vinamilk doanh thu"
"Platinum Victory quyết tâm thoái hết 2,51% vốn tại Vinamilk",3/5/2026,VnEconomy,news.google.com,https://news.google.com/rss/articles/CBMiigFBVV95cUxQVVNKd2FVRXN3M1U0X1ZiUlFiUkxWNnFJdGRva29DQVZoY0FvWWQ2UGFyR2VnNVY2Yjk5RFBCdXp1SWJiWDBtSUZrYmlrdXlrYS0yRWY0Ymp6Uk5NaFJJbDVBM3lwdWhoaDFRd29UY3g2OWRMUVN2MVBaamdYM1N3ZnE5UVFlSHB5eVE?oc=5,"Platinum Victory quyết tâm thoái hết 2,51% vốn tại Vinamilk  VnEconomy",Vinamilk,"Vinamilk, Vinamilk doanh thu"
Vinamilk: Câu chuyện di sản thương hiệu trở thành động lực sáng tạo,12/21/2025,Báo Nhân Dân điện tử,news.google.com,https://news.google.com/rss/articles/CBMiowFBVV95cUxPSHF5azZISmNVT0FsVkFPUGh2X3p3ZktCRjRhV0tHaDJEbGV4UTN6bWcxZno5OUl3OXJUbFRRcGxWOW5KOEpGdkVxSFBHdTBnR20yNzl6R3ctcmZmbnlmZ0JXX1cwWl90cUdpMEtnS0lTY2tOeXp3QllCeERreDd3ODVZZWNiZVhBUzdYX1ZMU3JvX3FfTzN6MUpibmJueFZ6X1FR?oc=5,Vinamilk: Câu chuyện di sản thương hiệu trở thành động lực sáng tạo  Báo Nhân Dân điện tử,Vinamilk,"Vinamilk, Vinamilk chiến dịch, Vinamilk quảng cáo"
"Vinamilk: Doanh thu quý 1/2026 tăng 24,6% nhờ tái cấu trúc",5/6/2026,VnEconomy,news.google.com,https://news.google.com/rss/articles/CBMihgFBVV95cUxNS1d4RlFabTljUWQ4YXdDTG03X3NhdUZHdkZvZ2l4TlFPdXFpMGhjMUVIYnJsQ18tN2RmcjlZLVZkdms4Mjg2WThKVGwxVDhOTUY4anJNSGpqRk1OSVRWMmFhV2EyRXRwekRaZm1VY2otT2VVeFJveTdibmxsYkttY3ZZYV81Zw?oc=5,"Vinamilk: Doanh thu quý 1/2026 tăng 24,6% nhờ tái cấu trúc  VnEconomy",Vinamilk,Vinamilk
Vinamilk duy trì chính sách trả cổ tức cao,4/3/2026,theleader.vn,news.google.com,https://news.google.com/rss/articles/CBMigAFBVV95cUxQN1JFejgxU3RaVHZ4cnFZTHpuRWpNellmR2k4VlVfaUh5V0ltUVNNd1Q2N05jXzBVS3JrWXMteUZIODQzWjBBbXh2cUVSSkl1YWw3T2c5LWJnZUJuV2RNa04tbHB3MDdvajF3bzN6YmJkVUZ1U1BrdHJzOGw2elBMSA?oc=5,Vinamilk duy trì chính sách trả cổ tức cao  theleader.vn,Vinamilk,Vinamilk
Công ty con SCIC muốn thoái toàn bộ vốn tại Vinamilk,12/6/2025,Báo Tuổi Trẻ,news.google.com,https://news.google.com/rss/articles/CBMimAFBVV95cUxNVGFPOHhBYnAwRTlaRWZ0czJyRGEtYnVTMUJaYUZqRWFQZVl4UTdIbFRKUGE2aWQ3UHZOWjZOeDVKbE5tRG8tNE03ZzlLSjV2amNDUkVtSDhaUERBazFJSXBmLTBla205MTB1QjJ5MWIxQjRaNkxWRVZlX28tSXBPNV9BR0NBNDJqbnlYMHR3am9ldDlXNTY2Rw?oc=5,Công ty con SCIC muốn thoái toàn bộ vốn tại Vinamilk  Báo Tuổi Trẻ,Vinamilk,Vinamilk
Vinamilk 30 năm liên tiếp được vinh danh hàng Việt Nam chất lượng cao,4/2/2026,thuonghieucongluan.com.vn,news.google.com,https://news.google.com/rss/articles/CBMitwFBVV95cUxNWEhrd2FiZE5QT1dBaG5TNGNHaTlpRkdHa1pYVmd3Z083ODZzY0V6aGk2RDFxOHhDdVV6YWpwVG5BZ1oweFNhTDc2SjlyVWdTcFdFUGRsSEFvekdQbDE1dWFBZ01Ld3FvSFY5RlpTM1ZheHEtX1hXN18yVjI3WXUwX1BHSndfUFZaak5ncWZZV1p2YWZoOTc0UE9pYU9ydlQ5WGNaU2pROG4tOWdxZ1BVUDJXbU1IbXc?oc=5,Vinamilk 30 năm liên tiếp được vinh danh hàng Việt Nam chất lượng cao  thuonghieucongluan.com.vn,Vinamilk,Vinamilk
50 năm Vinamilk vươn lên cùng đất nước,2/16/2026,Báo Tuổi Trẻ,news.google.com,https://news.google.com/rss/articles/CBMihgFBVV95cUxNX1FIUjVqR2lKaE5VVXZOOXphQk5Qb1hseUxGLU9FeFNYZE5aYmxjbGcyVFJoVnppeTFKMzluSVZXdEJ6ZVpqWDRjU193WFVhTVM5NWtuNkhUbHFkMkYzWm1QclFYUTE1c1ozTVF4cU5oTHJuaHBMejVSd2dKUFBrRDZVLXNmQQ?oc=5,50 năm Vinamilk vươn lên cùng đất nước  Báo Tuổi Trẻ,Vinamilk,Vinamilk
"Platinum Victory đăng ký bán nốt 2,51% cổ phần tại Vinamilk",3/4/2026,thitruongtaichinhtiente.vn,news.google.com,https://news.google.com/rss/articles/CBMipwFBVV95cUxORFFDVXNiWkZ5MG9USHJCMDBGWGd2cXBwbkRGdGtEWlRISmVkSUI2dnowcmhyV3ZzTHBWblB6eldPdDd5b011SG9raGpVWVdpdmlHOFhWTmhLalp1T2U5dS1hcFQzZm9wdWhYX0RnOE1qaVYwaC1xNGtQUGRNLVd3dzhTMHdFWm1DV3poQzNNUUZHWXJ6dzJKekRSUkZVU2ZueG1BdjUtWQ?oc=5,"Platinum Victory đăng ký bán nốt 2,51% cổ phần tại Vinamilk  thitruongtaichinhtiente.vn",Vinamilk,"Vinamilk, Vinamilk doanh thu"
"Bán sạch vốn, nhà đầu tư ngoại chia tay Vinamilk sau 8 năm đồng hành",1/23/2026,Tạp chí Kinh tế Sài Gòn,news.google.com,https://news.google.com/rss/articles/CBMimgFBVV95cUxPRV9EeTFZY0lnbnl3ZjRienY2WnZzZTdQTk51SGgtbFFtdmVQRGcwdlptT29FaUhUd2puaklGWmthVlRnMXRjNWdOMEpfczBBalJyS1c5VzZfaEticWRTWERjRmdlRXRmZDdmVVNmS01DMHFPRWpUcG5PTS1KNTJsY0RMdEtaYlUtdFlyOUIwVnpCUmJoaGxZazlB?oc=5,"Bán sạch vốn, nhà đầu tư ngoại chia tay Vinamilk sau 8 năm đồng hành  Tạp chí Kinh tế Sài Gòn",Vinamilk,Vinamilk
Platinum Victory muốn thoái 6% vốn tại Vinamilk sau 8 năm nắm giữ,1/23/2026,VnEconomy,news.google.com,https://news.google.com/rss/articles/CBMikwFBVV95cUxNWUJWaWRsS0V0djZKSVBSdXlSZUZ5SHRRNGV0VzRKWWdVd3o0Z0dQMmk3VGgzY0UzcnZsbUpDZlk2VDBSdFkwa3VPMUp1TXZsN3AzWC1ETEswZ3BpQTNZaERqS1FyNjNvaW13MkV6STBjNmdQTGJzLW9COGhEV3B4N1pBZjgyQm16bWpSY3VWQ1lJTXM?oc=5,Platinum Victory muốn thoái 6% vốn tại Vinamilk sau 8 năm nắm giữ  VnEconomy,Vinamilk,Vinamilk
Công ty thành viên Vinamilk lãi tăng vọt gần 68% quý I,4/18/2026,thuonghieucongluan.com.vn,news.google.com,https://news.google.com/rss/articles/CBMiogFBVV95cUxOUTBiWklRMkJES2xHR2dKMGt2NFoyV2U5Y1MzSDNLR3pHckZtYTJ0RExIVU4yZkMzNkVzaHFkTVM1U01NaWV4OVh0eTdtZGJqM3l3UnhaeFpZVHBKT05mSzFLNXhDTHJVN3lZelZ4Rlh3TVp1cVhwZ2NTZFkxZ1hwVWRpVHlQWGoteC02SjY0OVdlZmVGdzRJTzU5Y0NzX0ViVkE?oc=5,Công ty thành viên Vinamilk lãi tăng vọt gần 68% quý I  thuonghieucongluan.com.vn,Vinamilk,Vinamilk
Lợi nhuận Vinamilk quý I tăng vọt nhờ 'đầu kéo' nội địa,5/5/2026,theleader.vn,news.google.com,https://news.google.com/rss/articles/CBMijwFBVV95cUxPNDBnZU91YzJYOUJER0RUOHA5eF85bWJQeG5xZzlKUkxhZDRLLS15S1RnVW53d3U1N1NTQ2FwVjR5LUhPVzdwd2pKRlhaMllRWDhNMjR2Ry13TldnUzZiWWdtd2lnZWxOWUJKdzhJa282bnA2RVBzYWZMMHlqelZSZlVsN0pwWVRIMVRsenYwdw?oc=5,Lợi nhuận Vinamilk quý I tăng vọt nhờ 'đầu kéo' nội địa  theleader.vn,Vinamilk,"Vinamilk, Vinamilk doanh thu"
Đại gia Thái muốn chi 6.000 tỷ đồng gom cổ phiếu Vinamilk,12/17/2025,VnExpress,news.google.com,https://news.google.com/rss/articles/CBMilwFBVV95cUxPeHMxemg0cU9oTU50UDllSWg1NDBOVE8zVUduSldNelNCdUlib192eHhtTkdqTTlMQ1NKYTF1d2gtM3dSNGFVSDJqaEVBU2phQzhvd0lEUmxmSVZnaHZZLVctNzZhQ3c2X0FnejNINWJQYTJFYWhTZ1AtbmJLd19NU1EtYXRMVFVKVndqRTNxLWFvWlhpb0Vn?oc=5,Đại gia Thái muốn chi 6.000 tỷ đồng gom cổ phiếu Vinamilk  VnExpress,Vinamilk,Vinamilk
"Thị trường sữa còn nhiều dư địa, Vinamilk đặt mục tiêu đạt 1.000 cửa hàng trên toàn quốc",4/22/2026,Mekong ASEAN,news.google.com,https://news.google.com/rss/articles/CBMivAFBVV95cUxQa0dIRF9IMHRKeW5IRWZ4VjFJUFpJdkUwVkJVWnQ2aE9BOHJLa05OYlJ2LTJIazZCelh2YTdJTE1qTmhhWmxIS2pyajR1QUR6R3lrRlc4Z1ZIU3RqNEt4NHp4Z0M1YjJVNnNBcjR5U1d1LWZhUGxmb0tXdmF6MVRWTmR6UWFHbmhsMGc3bkxDMVlTT0ZTaFcxSWpzRnZwTjkwZEZPSUR3eTh4ejUwRzFtWFhjNFJPX1J5cXA3eQ?oc=5,"Thị trường sữa còn nhiều dư địa, Vinamilk đặt mục tiêu đạt 1.000 cửa hàng trên toàn quốc  Mekong ASEAN",Vinamilk,"Vinamilk, Vinamilk doanh thu"
Lợi nhuận ròng quý 4 Vinamilk tăng 33%,1/31/2026,Vietstock,news.google.com,https://news.google.com/rss/articles/CBMiigFBVV95cUxQc2MwTDk0ZUpfN0tJV3hWeGFxdE5nTGdqNFA2RTFzLUlEcnlabE93UVo5UTNTZDJYc2Y4eVB5UEdodUJKTXktTDdPUjYxNjZhajA0Y1YzcENSeU4zOHlZZllNbW55eTBybF82Q0kzenAzdjJMVVZnaFA4aElpVkkwb0hhRF9XQ1hYWHc?oc=5,Lợi nhuận ròng quý 4 Vinamilk tăng 33%  Vietstock,Vinamilk,"Vinamilk, Vinamilk doanh thu"
Vinamilk chủ động “đi trước nhiều bước” vì sức khỏe trẻ em,2/5/2026,Báo Thanh Hóa,news.google.com,https://news.google.com/rss/articles/CBMilAFBVV95cUxPNU5fWGFnRzlSeUZoWkx3RVNoSnBhenFTQjZQMTJqa3Y3cGo4cUhOdmhURGtVVVpoSXg0MlZXUXdTTmpNa1BQUFJiUUZDQjJDYjVxc2RUbkpQVVM4NS1KR0N2NVNoekZoWkd0T1d1NklMaV9oZVZQeEc5TFZZSFRvbzlObGNwU3NOcXRHTVlJRUVQUl9L?oc=5,Vinamilk chủ động “đi trước nhiều bước” vì sức khỏe trẻ em  Báo Thanh Hóa,Vinamilk,"Vinamilk, Vinamilk sản phẩm"
Đi trước một thập kỷ: Cách Vinamilk biến ESG thành năng lực cạnh tranh cốt lõi,1/9/2026,Báo Tuổi Trẻ,news.google.com,https://news.google.com/rss/articles/CBMiugFBVV95cUxNeHBhZWc5WG9HQk8waFZwcGg4VlVZdFU0aXc5TDFMT3NqV25OSnZNQlVxMHN0OHRaMVJsRXZwaEJoVEJjTjFIR2NDUDZ5dVdhVWVndmN3RXQ1TXo1MVR0aHQ5blhiU09ZeXpHX3hTengzMURrbnROOS1TTWlVZHVSR3c1dmJVcTBrOXptZXJZY08tRjFpczNUNkRWNHRzTUpTZldKZUllMkJ4TldUMFhGX2hkNkFzdHZvanc?oc=5,Đi trước một thập kỷ: Cách Vinamilk biến ESG thành năng lực cạnh tranh cốt lõi  Báo Tuổi Trẻ,Vinamilk,Vinamilk
"Bức tranh trái chiều ngành sữa: Vinamilk đạt kỷ lục mới, nhiều doanh nghiệp khác hụt hơi",12/14/2025,Báo Tuổi Trẻ,news.google.com,https://news.google.com/rss/articles/CBMixgFBVV95cUxQSDVoY2FzaVBfLWFoM24xV2pvNlZ3MHY5RFAwWHh1LTd3M0JrcVZiQ1lHc21TVXBZcHVpb0prYzZqUlhueHBtdXVwc0dXdFdqaEpaV3JVeWtFT2RNMzc3cnlyRDZpUHVKdHFkUVhKQ2R3c3JWRUUwSnRBdktIVUtIb0dOYllPcVBpY1I2eGFXSkc2aG1uWnIzclhZWnZHMjE2TkFsd0lvWFlScDExOVdVOURqZzNvMGpCa3VmejFTOENCcnd4cVE?oc=5,"Bức tranh trái chiều ngành sữa: Vinamilk đạt kỷ lục mới, nhiều doanh nghiệp khác hụt hơi  Báo Tuổi Trẻ",Vinamilk,"Vinamilk, Vinamilk doanh thu"
Vinamilk nhận bằng khen xuất khẩu tiêu biểu,12/20/2025,VnExpress,news.google.com,https://news.google.com/rss/articles/CBMihAFBVV95cUxPbzFmTVVNUEpQZlZDZHZHNFNrWUY5WnFfZ3BwMVdrT1FzVmw2V3BWdGN0Z1ZSX2xwS1ViTzdYdDFfaXY5WnVOTE0xZmptdS1XeWljUm1NQ2dtTFFrMVR6dGVHcHdHX2pmLU8tYVk3djREVW5RUGQ3OHA4R0xPZEpZX2lnMkg?oc=5,Vinamilk nhận bằng khen xuất khẩu tiêu biểu  VnExpress,Vinamilk,"Vinamilk, Vinamilk doanh thu"
Vinamilk: câu chuyện di sản thương hiệu trở thành động lực sáng tạo,12/22/2025,Báo Tuổi Trẻ,news.google.com,https://news.google.com/rss/articles/CBMiqwFBVV95cUxOZ0pMeUN5ODhMNEJzNXc2VnNVd0dnckVPaFNHaVFmU3N4MjQ4ZUJ0QTBvbENwY1Q5bnhWMFZYS0RhX1poTTNvS19PXzZvTGp3X2lfSjYtT1Rzc01wNUQxc0NPZlc5R3NpSERJdXFVcEZJV09JdVFjeFBTVGk5emhXcVZCWEJKMWJJeFJzbTEyUVJoQTAzY1lfVzJPRzRqVm9nWFdZaFFUWDJ3SWM?oc=5,Vinamilk: câu chuyện di sản thương hiệu trở thành động lực sáng tạo  Báo Tuổi Trẻ,Vinamilk,"Vinamilk, Vinamilk sản phẩm"
"Cổ phiếu Vinamilk về đỉnh 2 năm, cổ đông Nhà nước kiên quyết thoái vốn",1/14/2026,Mekong ASEAN,news.google.com,https://news.google.com/rss/articles/CBMipwFBVV95cUxPLWdTdnp4bHl3NUJ5bGliMjBWZ0JLSlltbnNDYTdNLUR5aTdPSl85aldkMXVNcDExV0NEV1ozYlFlLVEyb3JHRWJFRkJFV3hzcjFsNXJrbU9VdURSOU1RUlFkVERRRjBCYWxhellDZG9RWjVJamFnYUI4djBpWDVvTUNMOTRQRDVWTVllOTlhZlBQZjA0dnl4R3FGREdWNkhEZC1DWGYycw?oc=5,"Cổ phiếu Vinamilk về đỉnh 2 năm, cổ đông Nhà nước kiên quyết thoái vốn  Mekong ASEAN",Vinamilk,"Vinamilk, Vinamilk doanh thu"
Bà Mai Kiều Liên: Điều mong muốn nhất là có chính sách ESOP trong kỷ niệm 50 năm của Vinamilk,4/22/2026,Vietstock,news.google.com,https://news.google.com/rss/articles/CBMi0wFBVV95cUxOTm9oazNpQlVWU0c5bkhTWWV3R2ZxSjVkSEJMWmJyTG04ZGFJaGlXOFR4ZVJJTnlPRDFGczZHVjBjQnc5eEViQ0VseGNzTjN3T3dZX0pZeTc2UXA3THFaYzBUdkxWNV8wTmlOTHRKOGE1cWlTZG9BMFVLZFNob0NieUNTUnNMX0lMMkxGNmNreUpQTFVrR2M0YTNBTDl0aWNKT3A4NFl0ZXl2eGkzZG5VT2tOR0tGcV9ZM2E1NHRabXJTZkJWbm9mV1F1Z050RkZheW80?oc=5,Bà Mai Kiều Liên: Điều mong muốn nhất là có chính sách ESOP trong kỷ niệm 50 năm của Vinamilk  Vietstock,Vinamilk,Vinamilk
Vinamilk chia sẻ chiến lược nuôi dưỡng niềm tin tại Vietnam Content 2025,11/29/2025,baochinhphu.vn,news.google.com,https://news.google.com/rss/articles/CBMiugFBVV95cUxOWG9Ka25YM2NnN2o3NVdIM3R2aXk3Q1BnYjZGNHFzSVYyOGRCcmtERGRVOVdqU2MzNEpZMklLSXRxUVVnT1E0NzFUZEVHRk5QVlQybUdVR0EzQV9uSlF6bmk0ZThSTS1iTUxUcTFyTVl6SmhiYXBjSFA4djlDdzBLV0NsSGxVaXZIc1FVR3JHNk9NNkttWDBTeF9tUEtxcmNrRnZMRGI0dzdPMlhvRnpZbUNqWF9nVlk4S0E?oc=5,Vinamilk chia sẻ chiến lược nuôi dưỡng niềm tin tại Vietnam Content 2025  baochinhphu.vn,Vinamilk,Vinamilk
"166 người thi vào Vinamilk chỉ chọn 1, khó hơn đại học Top đầu Việt Nam",4/9/2026,CafeF,news.google.com,https://news.google.com/rss/articles/CBMirwFBVV95cUxNRE9IRmhaQ09fcnE0cElMcUltcnhBWlJQMm1GblF6aDdjSjZTOXhCWEt6dW50bTBOSVFiakluWDktZHVIdjVFS1pvS1NfMm9kZjZZb09MZkZRLXVhUUl1dkdyOUZyZjJpNGh0M1R3WW5KeUl6bjdIVWdFTExPOVVmOXhVSDVGS0hkVXNRbWh6OGgybnlDZVdSNU15anVyekZGNm8xQ3JBLXdFRlJhenh3?oc=5,"166 người thi vào Vinamilk chỉ chọn 1, khó hơn đại học Top đầu Việt Nam  CafeF",Vinamilk,"Vinamilk, Vinamilk doanh thu, Vinamilk quảng cáo"
Tin tức sáng 27-2: Vinamilk có khớp lệnh gần 6.000 tỉ; Eximbank chuyển trụ sở chính ra Hà Nội,2/27/2026,Báo Tuổi Trẻ,news.google.com,https://news.google.com/rss/articles/CBMizAFBVV95cUxOVlE1RUliaFpFZXFMVkMzYnZadHF5dlkxZ1E3UDRadktjN0Nza3JndzNJZ2ZyWlpxMTJSNnJpNVRYSS1lcW5DeUttV2lhR0RVa1NNay04d0dQb1luMnhMN0pBcFIxMUk3eXVxd2hiUjBRN1oyUXluR3B3VUlsVGJHVHVVZkphUFdBb1NlbDVaTm5VZS1UUzhqX25XUDBRZXpnZ1dEUlg3R2NPZVJ3ZU02b2paa2lFNTBmVzkxcU5TeEdqMGVwZHljTGlheTI?oc=5,Tin tức sáng 27-2: Vinamilk có khớp lệnh gần 6.000 tỉ; Eximbank chuyển trụ sở chính ra Hà Nội  Báo Tuổi Trẻ,Vinamilk,Vinamilk
Vinamilk ra mắt Optimum A2 Pro+: siêu sữa uống dinh dưỡng với lợi ích cộng hưởng vượt trội,1/6/2026,VnBusiness,news.google.com,https://news.google.com/rss/articles/CBMitgFBVV95cUxOUldwaWxETVVEaW1oVG1pQW1YcUFwNEJ3SmpoaldUT3NXTUl6emtSM1R0RmFSME92WHBhdXJWdVlOeVZ5VFNESkw0OE50VVU4QnlXM1N0RGxsUEY4RTdqUkR4S2RvbzQ2QnNybjh4eHRDMXNpMnFsQTFXaU0xVm1EVkVyN1BvQjlwb1NYXzZOSU9hYlJGbFl5UENRa25OTXJUY2ZsTTcwXzFuZXZQaThldzYyLTBhUQ?oc=5,Vinamilk ra mắt Optimum A2 Pro+: siêu sữa uống dinh dưỡng với lợi ích cộng hưởng vượt trội  VnBusiness,Vinamilk,Vinamilk
Vinamilk xây dựng năng lực ESG từ công nghệ và chiến lược dài hạn,1/17/2026,Báo Dân trí,news.google.com,https://news.google.com/rss/articles/CBMiugFBVV95cUxOak9VdG81b3B2eUp2V1FXQmJyRk9HVFJ4RHYwc3NTVXhzX2JaWlYzNmxJSnYxVmhpRGZDVUFsbGQ5akpRX2FpT001bnBlVFUzVGszQmZsUmdlWllSQmYwNFNLbHlsdjYtUXNHRlliY3dXUk5EZUFIN2w2cVBMSTZ1MmRNT2FUY0JTczgtRmRhakJwY2Fxc1RHaHJOcUhUREdlMVJxeGoxdzd1dzBjYkZBV0UzWXRJSDIyZ2c?oc=5,Vinamilk xây dựng năng lực ESG từ công nghệ và chiến lược dài hạn  Báo Dân trí,Vinamilk,Vinamilk
Vinamilk gia nhập nhóm 5% thương hiệu mạnh nhất toàn cầu,10/21/2025,baodautu,news.google.com,https://news.google.com/rss/articles/CBMikgFBVV95cUxNZjk4czRkNzJWWUxjR3dibWJYaFdYUDBPdkQxaWU0c2xNSVlDWWN6WGNidldlVkZfbVhGa0xhWE51dVdIZEdFSU8ydzdLQXZySHFVOGhmRkRyc3h5bGVRWDR2cU5KZzUzdlFQVmNZVzBmWHJCZ0N1U0FGN3lvWG1tQkMtQXpURk1PN0djMFYzSnBwdw?oc=5,Vinamilk gia nhập nhóm 5% thương hiệu mạnh nhất toàn cầu  baodautu,Vinamilk,"Vinamilk marketing, Vinamilk sản phẩm"
Chiến lược marketing của Vinamilk: Xây dựng thương hiệu tỷ đô từ niềm tin và chất lượng,8/6/2025,MISA CukCuk,news.google.com,https://news.google.com/rss/articles/CBMib0FVX3lxTE9FbmJKSXcwREFWNUVCcnhUYVpiZFJBeVdZcVp1V2dXek9NX1IydGJkcWQzc3FHNEpONWtROGQ5bkRKbzliZW84Wk5QTFBYel9HdnpNZ3J3dTRwbjUxa1l5dXp6cWxWeUlwRU02YmtOWQ?oc=5,Chiến lược marketing của Vinamilk: Xây dựng thương hiệu tỷ đô từ niềm tin và chất lượng  MISA CukCuk,Vinamilk,"Vinamilk chiến dịch, Vinamilk marketing, Vinamilk quảng cáo"
Vinamilk (VNM) đặt mục tiêu tăng trưởng xuất khẩu và mở rộng chuỗi cửa hàng trong năm 2026,2/9/2026,Báo Pháp Luật Việt Nam,news.google.com,https://news.google.com/rss/articles/CBMixAFBVV95cUxQTVNNc0hGclhCaEVOMDZ2MkJET2NqQjdieVczVEg4RHJlSnQ5MEF0YklLS3IzRFJ6dk1XandXVUlrZlFvcDNZRGp3YkJJeVgwZG1mZDdEQ0pOUldMdGhCeHBSbFVfa3ZJOE5EdUZTYVNob1B5M21yVmdqcjNrTURGR1RxSjRTMXJhNTAwdDJvYno1UFRqNndSWFJyOVBYVUc3ZVV3U3MwcGlnUVpHekhOcklmbjRJeFFGdWxHc3lUTGE2ekZ6?oc=5,Vinamilk (VNM) đặt mục tiêu tăng trưởng xuất khẩu và mở rộng chuỗi cửa hàng trong năm 2026  Báo Pháp Luật Việt Nam,Vinamilk,"Vinamilk chiến dịch, Vinamilk marketing"
"Sự thật về Vinamilk: Không chỉ là Marketing, đây là cách 'Ông lớn' VNM kiểm soát Nguồn Sữa và Mạng lưới Phân phối Độc quyền",11/25/2025,24HMoney,news.google.com,https://news.google.com/rss/articles/CBMi8wFBVV95cUxNWVgxaUZ0X19DUWpZZDhOREJodFRXbUJZclZFczA5MU1RMThpV2trcHcwRUVxZzZMNDBBemprWGQ2aWJwUDJndkVUMEtmZ3piMGVVWEFHQXNIT2JocEdZUV9nSjU2Ynl0ZUtnbVY4SW43aFBVcnZTMGdXWXVEU2w1MzY2X25qbGZQdms4OTRRSmZDME5scERrbDJEdy1HU3JpUzJHMjZlb3dTWHNycmsyRm9mSk1lZW9TWnE2b19Wdm1haE5OTV9mNXVEN0wwaFR3N0szN2EzT0tWc0szRzFRdTJfWEhHU1hHejY4d0ZRYjFMWkE?oc=5,"Sự thật về Vinamilk: Không chỉ là Marketing, đây là cách 'Ông lớn' VNM kiểm soát Nguồn Sữa và Mạng lưới Phân phối Độc quyền  24HMoney",Vinamilk,Vinamilk marketing
"Vinamilk - 50 năm tiên phong, khẳng định tầm vóc Việt trên bản đồ sữa thế giới",11/4/2025,Laodong.vn,news.google.com,https://news.google.com/rss/articles/CBMiyAFBVV95cUxNTHJFT0tCN3JVV2FzQm8wLWkyaTZoTkwtMXJ4SmFXelc1V1A4NkUzdFotdEJ3VllsYm9jODJ6MUl5czR0ckV6MnB0U1B6X21OTHNQNG1oT0pReDZRdW5IYXJuVDUwR1c3U3lLM1dYX2Jzdk1ueFpZVTFtRmdyRkx0V2dab3VscUpUd1RQeFVERElQd0dydXBuQThlX3BESEMwN2JUUUVtM2twcy1rbU1XMlR1cFVvaXg2LVFJQzBjZW1jbkF6aENxUg?oc=5,"Vinamilk - 50 năm tiên phong, khẳng định tầm vóc Việt trên bản đồ sữa thế giới  Laodong.vn",Vinamilk,"Vinamilk marketing, Vinamilk quảng cáo, Vinamilk sản phẩm"
"2 năm sau 'nước cờ' tái định vị thương hiệu, sếp Vinamilk tiết lộ phản hồi bất ngờ từ người tiêu dùng: 'Nếu Vinamilk là con người, tôi cưới ngay!'",10/30/2025,CafeF,news.google.com,https://news.google.com/rss/articles/CBMiigJBVV95cUxNc2hBUnVkUUhZQzdmMHIxRmIxXzl3c01NNVF0WU96X0VLUzVsRWJJcC0yOEJBa0EwUVJiVl83TDNGa1JkdENUdmJmTmIxYW92UEpSVlhsVE54TkFtVnVRVFNETXBzWTZLT2xlOWg4Y0RWaE9UV0pWUXdjamo4Q3RSTEZJaS1paGU1eTJaRTlYODJzcEVRb3lfOGVGNHIySzVsbzhzcXJReHdxVzFUSTQybmx2WWg3QTgxbEVHVm1POVlEM1E1QVR4TWUzOWsyLVpyRmRyNHVRRmpyeWptcGxqWEt1R1FCTEZiUVpPcDFFY0lVNUF3bklyeDJSZUVSYzFXRHNUcUtrVE92Zw?oc=5,"2 năm sau 'nước cờ' tái định vị thương hiệu, sếp Vinamilk tiết lộ phản hồi bất ngờ từ người tiêu dùng: 'Nếu Vinamilk là con người, tôi cưới ngay!'  CafeF",Vinamilk,"Vinamilk chiến dịch, Vinamilk marketing"
Vinamilk đạt gần 17.000 tỉ đồng doanh thu trong quý 3,10/31/2025,Báo Tuổi Trẻ,news.google.com,https://news.google.com/rss/articles/CBMimgFBVV95cUxOVXRPMjEtaUtyS2k2QTlNYmJWODVQaFo4RHBYUnNIVFp5em9BUGtVcndjczZvWGluXzhhbTc5bGs0VVliZW9qYlBGV3hpTGtIR29jRmZINWNvZGlONDBETkp2VmhOaDdjUEp6dFBHM2kxaF9EUzRwSGlVb2VQSkdPRWw5a0ZXV2VvN3hDN0FpdlE1cTN3eHczOTZR?oc=5,Vinamilk đạt gần 17.000 tỉ đồng doanh thu trong quý 3  Báo Tuổi Trẻ,Vinamilk,"Vinamilk doanh thu, Vinamilk marketing, Vinamilk sản phẩm"
"Vinamilk “thay áo"" cho sản phẩm kem, Highlands Coffee mở cửa hàng tại “nụ hoa Atiso” của Đà Lạt",11/5/2025,MarketingAI,news.google.com,https://news.google.com/rss/articles/CBMiogFBVV95cUxPQXloMnotd3k5WExYTTluTnJianQzd0pQTWNFRDhqMFRMNEM2ci1DakstMFdPNFAweTR6blVkZ2hyY0Q3S0dpWVNxT1k4Nmc1WnljMlVxUjc2MjNUN1VMM0ZnUWs5el82WjkzUFFxZUsyWmFleXFDUW5WSTQ5emtkYmdhV1NPWTdPSGZ2R2Fuc3BhaTJjSURURXpPbEpBRmhkc3c?oc=5,"Vinamilk “thay áo"" cho sản phẩm kem, Highlands Coffee mở cửa hàng tại “nụ hoa Atiso” của Đà Lạt  MarketingAI",Vinamilk,Vinamilk marketing
Vinamilk tiếp tục dẫn top đầu phân khúc cao cấp với Green Farm Cao Đạm,10/23/2025,CafeBiz,news.google.com,https://news.google.com/rss/articles/CBMisgFBVV95cUxQWElRVUhReDdWbEVXTkFBX21UMkhfM0R4ZV9TLW1JSWdjSnFieDQzeHZjcWRKcldjZ09YWGthWG9mWDJOOG9GWDRqUC1QQnZWend1MjQ4Sk8yWXZ5ZUc4LTVqM3JsRHowSFNDSnFxNWJiQmY3Z1o1NUdwaUNfeUtYczB4Zk4wX0pNaFFOQmRpS0ttclRURUZtcVVzUnN1R2wzWDZsSHlleFJVYTNwREsyRG1n?oc=5,Vinamilk tiếp tục dẫn top đầu phân khúc cao cấp với Green Farm Cao Đạm  CafeBiz,Vinamilk,Vinamilk marketing
Vinamilk là đại diện đầu tiên của Việt Nam được mời trình bày về đột phá dinh dưỡng tại Diễn đàn Phát triển Châu Á 2025,7/21/2025,Kiểm sát điện tử,news.google.com,https://news.google.com/rss/articles/CBMi4wFBVV95cUxQS0JxLTFtMDZVSjVfenc3WEVMNmpwTTI3VktDak0xWmVaSVBid2otUF9oeWxSOHU4bFhpQ2hjZm0tSG01bVBGZHhmcVI1SFhIcGtYYlpKcFVmTVRQM3BwbzJ6ekdJblZyMkxnZ09XSHpxOWd1Y25FWDRvYkYxNnkxY0txQi1keUJkbTZIRHRjUGp5dVIyaV80V3JfRDBGV0ZzMzZ4U2FYR0hOSnhFUnhjVnBBSXlQQWVGMmdJNXBZMGs5TURUS0FqRjY5anN5R1Bib1lsVjMzcEd4a3puQzVqWVVlaw?oc=5,Vinamilk là đại diện đầu tiên của Việt Nam được mời trình bày về đột phá dinh dưỡng tại Diễn đàn Phát triển Châu Á 2025  Kiểm sát điện tử,Vinamilk,Vinamilk marketing
Đột phá dinh dưỡng 6 HMO từ Vinamilk Optimum tạo ấn tượng tại sân chơi quốc tế,7/17/2025,Mekong ASEAN,news.google.com,https://news.google.com/rss/articles/CBMisgFBVV95cUxPeVJrcmR5LWNORWRPOWo3cm9UZ19acEwyZjVmdWdlaWYxRWM3b3NHdUliRVJ4OFRnemZVa01wb1UzZGxBNmxZQWF0NnB2cmlvV0dxdlV2R21IdG1mTnJRbnRBTVJuSGVoWm9FM2NXQURKY3NlbGxsRG5uLVBTWDBFTlJWSk1PQUVLNXg1LW1sY2JOempNT0hOT05oZGNMeGJ1RUVxVXNPczBGNWVjdm9HdXZB?oc=5,Đột phá dinh dưỡng 6 HMO từ Vinamilk Optimum tạo ấn tượng tại sân chơi quốc tế  Mekong ASEAN,Vinamilk,Vinamilk marketing
TOP 10 thương hiệu mạnh Việt Nam 2024 - Bài 8: Vinamilk đã xây dựng thương hiệu như thế nào?,7/21/2025,hangthat.thuonghieucongluan.com.vn,news.google.com,https://news.google.com/rss/articles/CBMi2wFBVV95cUxNUVc1QmxLVGxSNVRuWTNRR2NaejN3U0hqeGpSQ0hiLU51dHNaWUp5cUZ0b0l4d0pCWWpuallqaGtHbzdRTU12cy0yS2VwaDZuV3NWazlJNDk4cXpEOUN3Q2NteVZ3Qkg4YjFpck5UZXN1TllnUTAyeU9OYVN3elBOejlCZ1FnWWtHWlBOOU9wbGxrMWtpbTY2NEJwU090OGs0ZGNEYlJGMjBnbXM2Mm1CUmtwWHFPcE10b3lVb1ctZGd6SWpSa2s1NmEtNjBIQkY1MFRFUGFDTXp2VzA?oc=5,TOP 10 thương hiệu mạnh Việt Nam 2024 - Bài 8: Vinamilk đã xây dựng thương hiệu như thế nào?  hangthat.thuonghieucongluan.com.vn,Vinamilk,"Vinamilk marketing, Vinamilk quảng cáo"
Vinamilk 10 điểm ứng xử,11/1/2025,CafeF,news.google.com,https://news.google.com/rss/articles/CBMicEFVX3lxTFA3TGlnQzBWWnNVUW1rdnJzNWQ5eUh6cXVsYThhVGE5T3NRR1ZUWlZxdk5COG9SWnZXY2VvSE9rVDM1eTRRZF8weHJhYmpULTJBWldLOW5zSWEzUHFqdHNSLUdNamVwNmdtNDdpbHlOd2Y?oc=5,Vinamilk 10 điểm ứng xử  CafeF,Vinamilk,"Vinamilk chiến dịch, Vinamilk marketing"
"Vinamilk ghi nhận doanh thu Quý 2/2025 cao nhất từ trước đến nay, đạt 16.745 tỷ đồng",7/31/2025,baodautu,news.google.com,https://news.google.com/rss/articles/CBMitAFBVV95cUxNZGJrVzloWV9WZlM1RzlEQW9QRHVkQ3gxMkg2cXVIQVFNQTV2VzgyXzZWMkRGZGhHYjRuRTBtQzFVQ2lPdDlxN1NrSEZsZWE4Z0k4NTFhRFdTQnZsemhmVkVjMk9pVzFjZHpTaVBnSEpBQkFycUFvWkQya2pxVzFlaTdDSlBjUHl1UU5Cak9GMy1GS2xvWXoxQ25ad19fRWxoS1FfNkFIbFU1OHFtSmFGaHkydHg?oc=5,"Vinamilk ghi nhận doanh thu Quý 2/2025 cao nhất từ trước đến nay, đạt 16.745 tỷ đồng  baodautu",Vinamilk,Vinamilk marketing
Giải mã chiến lược kinh doanh của Vinamilk – Top 1 thương hiệu sữa Việt Nam,8/18/2025,MISA CukCuk,news.google.com,https://news.google.com/rss/articles/CBMicEFVX3lxTE1USloxbERmemtNMEl4SE92YUVyZms5OVFKSlBhQjU2MXQ5MEYzSmtVenc2a1RUMmtmc2dtbUxLblNUTmtRblhUV0ZIT25TNG44bElRNDkyTXZqOGlldXBHSUVxelExUzd6ZG9zUUxjOVA?oc=5,Giải mã chiến lược kinh doanh của Vinamilk – Top 1 thương hiệu sữa Việt Nam  MISA CukCuk,Vinamilk,"Vinamilk chiến dịch, Vinamilk marketing"
Phân khúc thị trường của Vinamilk: Bài học thành công về chiến lược Marketing,9/9/2022,Brands Vietnam,news.google.com,https://news.google.com/rss/articles/CBMixwFBVV95cUxNcE04UXR1SlU1ZlBvZ3NkVms3Tk44T0dtUGhGS2c5X1RUaVFvcDFMZkpvWmtZSjVHS2RWZU9XWVAxV3ROOVI0Ml9yVDl1c0RyejROZ2V5VmNEaXhfcHNCUnJCc01TTzB4cndJbktsXzNsS1NtTFpMMmpqdzNvR2I1Y3hrX1NnckZPanhOZzhXT0x4SDN3d0NXQ3BPZFBlTnlnTnpKZ0pTRENNNHFOOFdsZ0pxWDRQWjF0Z1lEbmptRkswYmMzVUJv?oc=5,Phân khúc thị trường của Vinamilk: Bài học thành công về chiến lược Marketing  Brands Vietnam,Vinamilk,"Vinamilk chiến dịch, Vinamilk marketing, Vinamilk quảng cáo"
"Giám đốc Marketing Nguyễn Quang Trí: Đổi mới, sáng tạo làm nên chất “vàng” cho thương hiệu Vinamilk",1/9/2025,nhaquanly.vn,news.google.com,https://news.google.com/rss/articles/CBMixwFBVV95cUxPZ0RINVpxTDBkLWFpQVFYeERlSUpBaUlwYXRwbjE2VkEtX0tMZWRIV3d5emRmVkNzR1BVTHdaTU9OUTNCbDZBWXd4c2puT2ZkcGtBNmpxbWNIa0VDZGdVVlZiQmlGNFVUUFEwN2F3SFVWQV9MZkZhZTJ2N21OT2ppMFNHNG5VbTF0R1dNaXFtLWFUU1ZCZU1xREdXWS0zT0tfbWV4SldFMXJrRksxRUozTzVZOXhUYS1seDB4d1BKVzVrN3VSQlJv?oc=5,"Giám đốc Marketing Nguyễn Quang Trí: Đổi mới, sáng tạo làm nên chất “vàng” cho thương hiệu Vinamilk  nhaquanly.vn",Vinamilk,"Vinamilk chiến dịch, Vinamilk marketing"
"Vinamilk tiếp tục vượt đỉnh doanh thu của quý trước, với hơn 17 nghìn tỷ đồng",2/3/2026,Tạp chí Công Thương,news.google.com,https://news.google.com/rss/articles/CBMitwFBVV95cUxNLUNJbGl0X1VoaFo5cFo0QXhaRXFyUDdZSmlyR3U4QjBibHh2eHVtN3p4RkYwelIzSjVQZFlzQzVRdGhzaFZ4MzBLUkVELTA2SmdjY1hqS1FyZHI2Z0xnTi1Dd2NDdTYzU3lGR2xKQ2lWcnV0a2MyV0wtOVRtcmp6eTR3SVV6Z1pSeHpicVE1N3ZrTFVudURLZzFnVzFTakQ0QUJ6UFM4S0lzQlVIRTRPd2RqREFVMmc?oc=5,"Vinamilk tiếp tục vượt đỉnh doanh thu của quý trước, với hơn 17 nghìn tỷ đồng  Tạp chí Công Thương",Vinamilk,Vinamilk marketing
"Trung bình cứ 2 ngày làm việc, Vinamilk sẽ có một sản phẩm hoặc bao bì mới: Lý giải chiến lược đổi mới thương hiệu của ""gã khổng lồ"" ngành sữa Việt Nam",1/13/2025,Advertising Vietnam,news.google.com,https://news.google.com/rss/articles/CBMingJBVV95cUxNMk83Qk5jZkd4TnJnaFQ4akItS3hyUGFic0FwNnRxc09FNTZ2WDUtYnBNa1lfYlBsMUZKdEttRUtyNC03alUtWGR0RWVOUUQxUTE4TExKTjdyRmVGRjRkN2NyVlhaOUcxLUFocVVyaFY2a2RoZHhEQ1ZDT21aQkM3ZG5EdGNGTndPMEpnZmYxcDFKYWlOOHQzSm5QSmZxdkVKOGhZYUxmNFZtRkNNUTJObWRzNFlxSlJjVlpVcGJpeWRvOW0zV3Q1X3VzSHBXNDRhSzVDbEREWHJCUWtGSnVacXdTQURYdXZaQXJaSXZoOVVQZFd0eHVyeUtWQW1vMFVZSTZ6Rzl1dXNlX3R1TlY3WGpOZENmWFo1UnBPUEZ3?oc=5,"Trung bình cứ 2 ngày làm việc, Vinamilk sẽ có một sản phẩm hoặc bao bì mới: Lý giải chiến lược đổi mới thương hiệu của ""gã khổng lồ"" ngành sữa Việt Nam  Advertising Vietnam",Vinamilk,"Vinamilk chiến dịch, Vinamilk marketing, Vinamilk quảng cáo"
Phân tích chiến lược thương hiệu đằng sau bộ nhận diện mới của Vinamilk,7/11/2023,Brands Vietnam,news.google.com,https://news.google.com/rss/articles/CBMiwAFBVV95cUxNeE5sN3FtdlNFdXdjYWRZdWNuOXNyNy1zYWtDWHZBcS1fRUxMQmJSZlNjM1FHZVE3QjVLVnVnZmhfbWRmRks5c19rS25TaHJoeF9JRkVRUFNxZUFpQjlPVzExc01feDVwckQzOXZTdmRxWE8waVVjYUY1S1lWNFctTkg0QnEySENVTWpKa283bzVIVTN3YU1FWmZhNGJ1bU5hbEtBQlhZc0E1NjNNaDZnU1VrSTJ5eUJSWWJoTDhNVmc?oc=5,Phân tích chiến lược thương hiệu đằng sau bộ nhận diện mới của Vinamilk  Brands Vietnam,Vinamilk,"Vinamilk chiến dịch, Vinamilk marketing, Vinamilk quảng cáo"
Vụ khủng hoảng truyền thông của Vinamilk năm 2019,9/25/2024,MISA.VN,news.google.com,https://news.google.com/rss/articles/CBMidEFVX3lxTE5qTW5BZllTS1R3TnV6WTlNQ1NlWTdlLVF5VDdZd3h6M3BYMEctX3VXOTJfMDFtVXRwNE5IcDJQWDNVd25sVERuNFpRbXpILXNJT0VPSi1hZEJTRTRPdHRLVmdDSGo2c2xTb3NmaUlyTG9YcHZB?oc=5,Vụ khủng hoảng truyền thông của Vinamilk năm 2019  MISA.VN,Vinamilk,"Vinamilk chiến dịch, Vinamilk marketing, Vinamilk quảng cáo"
"4 chiến dịch nổi bật tuần qua: Vinamilk “thay áo mới” cho sản phẩm kem với loạt content sáng tạo, Danisa cùng ca sĩ Dương Hoàng Yến ra mắt MV Tết 2025 “Biết ơn điều tuyệt vời chưa nói”",11/7/2024,Advertising Vietnam,news.google.com,https://news.google.com/rss/articles/CBMixwJBVV95cUxQblNrVXhwRlk4bVd2Y09iNHJJN0lERUtNbUtWbkJla0VjNFpvVnNORXBBNHFsNE1lMXBXd3VWM0R0aXlYa0ljWkdjVW9JNDh1TVhpbVJBdjBzbmhmd0xfa2Izb2Y4Z3ZzY3NiajJEcUtfZFV0TzVERFJMV2MxTXRYcEQ1c0V2cUphbkMxNjFBdUcwb2dSYTNwbi11M3k2TVQtRFZGR0pFNmdBMXdWN3ZEUGZkekRvUVV4T0wzd29EYm4xM29jMUZ5NGpMRFUwWDZBXzFQQUN6RlE1dE5MRG9zUUYyYzF2MUxScXVlOC1ZQ0pLLXU0N2tvdk41c1otZnhFazhxVkNNcUQ5MWVQZ1JNWW1FczY4cGFZWU9QY28xcjBWSE5acUVRYUNOODlMWk1mTWhZUEdCaVpaZTFHM1M0WUM1eW1KeTg?oc=5,"4 chiến dịch nổi bật tuần qua: Vinamilk “thay áo mới” cho sản phẩm kem với loạt content sáng tạo, Danisa cùng ca sĩ Dương Hoàng Yến ra mắt MV Tết 2025 “Biết ơn điều tuyệt vời chưa nói”  Advertising Vietnam",Vinamilk,"Vinamilk chiến dịch, Vinamilk marketing, Vinamilk quảng cáo"
"Vinamilk điều chỉnh giảm chi phí quảng cáo, tăng khuyến mại, giới thiệu sản phẩm, thúc đẩy bán hàng",3/24/2025,CafeF,news.google.com,https://news.google.com/rss/articles/CBMiygFBVV95cUxOZG9pQVU1MzF3ZDZEOUVUem43Qm9pSGtadkc3bVRkbXJ4U2ltbUVzZzg4eUZlaXlGLTduQ1RuaXlyYloxQ3Qxcm9NeWZ5a285OXJVMnVHOW9VZDkzaktHeGtPQzNCckx1ZXpiMGhJTTJmSEdXX0dqVzFFVWctX2V0WnlsUHRqc2FTSllsMTdMUU84U3JDWW41c2Jlc0RhQWdOV1BKVjVTeTVEUF80THBUSElyQ1dXY1k5Y3NRcmNsTHdSaTlyeGpHUW9B?oc=5,"Vinamilk điều chỉnh giảm chi phí quảng cáo, tăng khuyến mại, giới thiệu sản phẩm, thúc đẩy bán hàng  CafeF",Vinamilk,"Vinamilk chiến dịch, Vinamilk marketing, Vinamilk quảng cáo"
"Giải mã lý do Vinamilk là bến đỗ lý tưởng của các nhân tài Gen Z, Gen Y",3/19/2025,Báo Tuổi Trẻ Thủ Đô,news.google.com,https://news.google.com/rss/articles/CBMiqgFBVV95cUxQUEtYVUdHLXZNMlRmaVVUc1A0S29BMkpGSzU0SlBQWU1fVmFUVzJleE8wOENQb1d0bk1MTWJ0OXFMdG82djBVb0dUcmZUUmpuMFFkTjBkMDI0ZktBSUxXOWdISVdHR0RLblIxQmdmUGQweDA1MVlRNGI4cFJ4RXJyYkRNVkdkUVJPYXNHVGJ0OER3QzE5ZE5vNWVsUDlTOWc4Q2tQMlpHRWdEZw?oc=5,"Giải mã lý do Vinamilk là bến đỗ lý tưởng của các nhân tài Gen Z, Gen Y  Báo Tuổi Trẻ Thủ Đô",Vinamilk,Vinamilk marketing
Vinamilk giới thiệu các công nghệ tiên tiến tại Triển lãm thành tựu đất nước,8/28/2025,Tạp chí Công Thương,news.google.com,https://news.google.com/rss/articles/CBMitgFBVV95cUxQNjdKbkx5QUViTEdGNGI5ZXJwWmZ3RERDX3liR2pCU2VGVzA2OXJ0M0tSUko4WEpGck1DeFhFUWl6UW9VSnh5N0ZHbnFpR05TMV9RZjhnbUg5djktTkFDb01fUU9DR01ocUdHQ3ZKYVdSMktUNjBnYmZOTXhyOHIxNi1KbHVhcU0tdlpBZXhfMzM1dUl4Si1ZZjZKV0FyQ181RFFhNWg3dGE0YnprdUxFNFdzX1M1Zw?oc=5,Vinamilk giới thiệu các công nghệ tiên tiến tại Triển lãm thành tựu đất nước  Tạp chí Công Thương,Vinamilk,Vinamilk marketing
Vinamilk tái tung thương hiệu sữa Optimum với công thức mới,12/23/2024,Brands Vietnam,news.google.com,https://news.google.com/rss/articles/CBMisAFBVV95cUxOZzZucGZyblVMVS1oTENRd3JoOFpDTnZ0bXFTOGs3b19Makl1RjU3Q3Q5ZDZXaWFXb05OZWlVbmZqQzV3bWctTFl0LWVybWU0dWJLeHp5UkU5enNrZWpvWU9jR1cwQ1RJbnh3dmF0QXdCR0JkUERzaGRwQlFsbzhtZEVkUkZZdGdka3N5NGRlLTRLM0hSTU90RHoyUmk0NG5XTHliQzItWkdYZXlQdDh2RA?oc=5,Vinamilk tái tung thương hiệu sữa Optimum với công thức mới  Brands Vietnam,Vinamilk,Vinamilk marketing
Ứng tuyển Vinamilk khó ngang đại học danh tiếng: Tỷ lệ chọi 1/342 cho một vị trí,3/21/2025,CafeF,news.google.com,https://news.google.com/rss/articles/CBMiuwFBVV95cUxOQVVEcU1rLUhMdWdlTDZBRHMzUHN6TzdORlE0c2oyQzlEZjNrWklEdjJjZzJTR3hqNG5xOHZFR25QNUo0ZklwM2g2MGRuLVZtV0otdFFhQTVkWnhLNnI1LTdGOE9sZVpsVlBBT3h5eGVhbkhqR2xKVGRRTWc5WmQyTTFEUWFqaW1Pekg1UnFGZGdsZzd1MFRwU0xwRUNDdDRCU0hidTN6MjY4N2paNWdqN0J1cFlBUTNmYWJZ?oc=5,Ứng tuyển Vinamilk khó ngang đại học danh tiếng: Tỷ lệ chọi 1/342 cho một vị trí  CafeF,Vinamilk,Vinamilk marketing
"Vinamilk (VNM): Chiến lược 2026 hướng tới cột mốc 50 năm và mục tiêu doanh thu ""hai mũi nhọn""",2/7/2026,24HMoney,news.google.com,https://news.google.com/rss/articles/CBMiyAFBVV95cUxNLS01N0xUNlBzYlVFMVppZHVtVXJMNXY3ZmVsNEd0RjNpUGZtOHRFcUMyUHhhTXNUMl9pWUJGZDltWDQ1eXFRNTJxdWl4UHJPb2JyMW1uOHhQRVUzNzBxeFN2bHBmcjZ4Q3J1VnlkeEhLXzFXRGJXNFlPN2pQSjJJSzFrcC1oUE4xSzk5WVByaUlCNHIzWHlLdDV1N3lvWlFnak1uNUpTYXZ6OExDV3lpRWRzY2tNbURPaGVUSUIwQ1QwVnJLUFc4dg?oc=5,"Vinamilk (VNM): Chiến lược 2026 hướng tới cột mốc 50 năm và mục tiêu doanh thu ""hai mũi nhọn""  24HMoney",Vinamilk,"Vinamilk chiến dịch, Vinamilk marketing"
Đại diện Vinamilk: Cứ 10 hộ gia đình Việt Nam thì có 9 hộ đang sử dụng ít nhất một sản phẩm của Vinamilk,4/17/2025,CafeF,news.google.com,https://news.google.com/rss/articles/CBMi2wFBVV95cUxNc0xEb184cnJfTThORVVyeGEyY01lUEhWVm1FRnBJczZ4UjI1Y1BpcnNVa3RtTzhGTXNBSEE1Z3hPQzJ4TEI5dkFhbGJnc2x0Nll0YnhtbWNmQWFHYTRMR2tUZXhvZnhIN3pzYjVRWXc0MzV0NDlsRE91bDZaU3N6dGFncTh3QjY5ZmtHcFhNWUR2ZWdHNFVEU3JFRVl6MEJYakVESzVjU21QUmtnVHpGMy03RFpVS2xoSTlzZWpXNHFnMXVFWUFaVGx6a01pY0NjbERFZTJPenRnMGc?oc=5,Đại diện Vinamilk: Cứ 10 hộ gia đình Việt Nam thì có 9 hộ đang sử dụng ít nhất một sản phẩm của Vinamilk  CafeF,Vinamilk,Vinamilk marketing
CMO Vinamilk: 'Chúng tôi đổi mới vì khách hàng',1/15/2025,VnExpress,news.google.com,https://news.google.com/rss/articles/CBMihgFBVV95cUxQWmxJYUVSOFRoWkRDVGp0bC1ZOXkwZ09xdFhkajJYNFY0RmJTcE5HaEV1Y3dJRnJOYkhlakJTN05rSXp3clFvMXpOaEdnelZIVTBUcWtvUWMtb2ozTjJvNl9OYTdRc3FsRmk5QmdGU3BuOVdDakZjSlBESGN2Ung1VWMybHVGdw?oc=5,CMO Vinamilk: 'Chúng tôi đổi mới vì khách hàng'  VnExpress,Vinamilk,"Vinamilk chiến dịch, Vinamilk marketing, Vinamilk quảng cáo"
Lý giải chiến lược đổi mới thương hiệu của Vinamilk,1/10/2025,Báo Tuổi Trẻ,news.google.com,https://news.google.com/rss/articles/CBMilAFBVV95cUxOVmNaT0p4MDN6RTFiVEZuR01OUHNsNWNZSnlnNzhzOWt0RS1rN1B5eXlzWllTUzQyRnBNeE1RUHlubVJoaXVTVm5xRmxNb1lYamlXcUVWSUE0QjBFMzROekJYYnFGY0JEakdHQnFCQ0YyX0pBY3MzVGV1aVJ6TGUtRUlzQXRobTMyVkF1ZXQzcUlSRHI2?oc=5,Lý giải chiến lược đổi mới thương hiệu của Vinamilk  Báo Tuổi Trẻ,Vinamilk,"Vinamilk chiến dịch, Vinamilk marketing"
"Cú ""lật kèo"" ngoạn mục trong thay đổi bộ nhận diện của Vinamilk",10/31/2025,Kenh14.vn,news.google.com,https://news.google.com/rss/articles/CBMipAFBVV95cUxQXzFFOXJNbUo2dngwcDdSRUsxVDJKYy1EOTZwbFYwUTByaW1jVk9OcjRPOTZ4X3JxYWFHdWx1Qm05QndFUUdycnVRbUpqc2JPM2hfdzRjcUJnaVYwX2tpTHVUbWE0SGxDSm00X1ZUcUptRnN0djI0a1RqWGtSOExwTGktbEExeG5UR0g5NHoyOXpIaGxQb0xLRF9PZkNTdFlIa010NA?oc=5,"Cú ""lật kèo"" ngoạn mục trong thay đổi bộ nhận diện của Vinamilk  Kenh14.vn",Vinamilk,Vinamilk marketing
Vinamilk khích lệ tài năng trẻ về sáng tạo robot ứng dụng công nghệ vào phát triển bền vững,8/31/2024,Dân tộc và Phát triển,news.google.com,https://news.google.com/rss/articles/CBMi1wFBVV95cUxQSkpiQUVEOE9IM2FJdHFlMmc1TV8xcVgxNDE0UkFxM18xbGp5OUd5bXFpejVCYU00MHpDUnkzZ3VXWFNLMXpKd2gzVW5MR211MHBmTWdMaEw2X09keVVET0NKNWl1bkg0ZEloVWZlSE1OX3RHZWRtQU5obW1sS2MxT21mVjk5ajRjeHU3MEFTYl9sRGQtZnAwMjhVdi1mdXlkSVhhZXFIeWVBQkhMNmtPVWU4ZXVtVEdFR1VDVWdjUHZpemJ1ekgwSkdTNFBFbU01RW5vTE5FVQ?oc=5,Vinamilk khích lệ tài năng trẻ về sáng tạo robot ứng dụng công nghệ vào phát triển bền vững  Dân tộc và Phát triển,Vinamilk,Vinamilk marketing
"Lợi nhuận về đáy 7 năm, Vinamilk tiếp tục cắt mạnh chi phí quảng cáo, khuyến mại",3/6/2023,Brands Vietnam,news.google.com,https://news.google.com/rss/articles/CBMitAFBVV95cUxQYjBXUXhRQlV3WHVWTXV0OWtBVXo1SlZQR2p3dFhoSDB4RHZ3SmRJLUdqdEoyVWhYdzJyMkFMbWRTRkZZd0VkenhZM2VWOERDRW9CaVVTc21hTnpUOTZOM1Yya3V1YTdveEFrVUU2X1VGQ29MODlpVlRLenBEMmNSdVVvSHBKdnZidEZEbGMxOUhlSzV6d041R0xoaEpnUV9fSFRMOGZqZy1meFN5c0ZMMkFBNlE?oc=5,"Lợi nhuận về đáy 7 năm, Vinamilk tiếp tục cắt mạnh chi phí quảng cáo, khuyến mại  Brands Vietnam",Vinamilk,"Vinamilk marketing, Vinamilk quảng cáo"
TOP 10 thương hiệu mạnh Việt Nam 2024 - Bài 8: Vinamilk đã xây dựng thương hiệu như thế nào?,7/21/2025,thuonghieucongluan.com.vn,news.google.com,https://news.google.com/rss/articles/CBMi0AFBVV95cUxOelZSVHpGVVB6VFpfRzNvclU4RFVJRFUtTTZuMHUxTnlRd3JQWHlaQ2U2OV9sLUZCQTdWdENoZTQzQi1zVjJzb2diWGs1eUtnMkJYWU9lazJPTDBIVl9XRThDVVkwcFhDeW4xSWpXOXNYejBmTFJyTWpJdjZ0czQ4WmtwWGMxMTJhLUVNWWIzN2tiOXRKallWQlZJejE4bFI5RWp4c0Q0YzF5TGd0b0FJNTR0QW9qVl96aWZLeGtpblZuRjdkUFc4TDRyeXdoLVlL?oc=5,TOP 10 thương hiệu mạnh Việt Nam 2024 - Bài 8: Vinamilk đã xây dựng thương hiệu như thế nào?  thuonghieucongluan.com.vn,Vinamilk,"Vinamilk marketing, Vinamilk quảng cáo"
Vinamilk's brand innovation strategy focuses on 'customer satisfaction'.,1/9/2025,Vietnam.vn,news.google.com,https://news.google.com/rss/articles/CBMingFBVV95cUxNT01EV2htVDRLamFBdnZEcURsTWI4VHY3RnVMMDhEMlJ5bVZYVUJCOHdEMVBCclZLMndPQTBTbzFZV0NSSTVRc2s1ekZKNGtQTnlYb1N1WXJIMElEVlVpR0dRaUkzLW5HNVp0R0hxQXdtczVYUDZPbVFMZEJqTjV3RzBHUnc1WEQ2djlMRGVsbXZIdV9qSmdZUGJFU1Y2dw?oc=5,Vinamilk's brand innovation strategy focuses on 'customer satisfaction'.  Vietnam.vn,Vinamilk,Vinamilk marketing
Vinamilk - 50 năm khẳng định tầm vóc Việt trên bản đồ sữa thế giới,9/7/2025,Vietnam.vn,news.google.com,https://news.google.com/rss/articles/CBMikAFBVV95cUxPeDUyc1FHY2wtc3hOVkpYMFlLTmxmUUQxZlN3VVQweC1SS3FRckVMR3dLOXhqTHJfR0xxbHFMY09OdDRuSmtLdjh4ck1zd2FwcjNvZjlOQXRFWVZLbW5ZRFBjLTVSeG51bG5WZDJrVTB1QVJvNmFsbGxpZFFrSkJQV2xveGRPTmJ1LW43VGN2bzk?oc=5,Vinamilk - 50 năm khẳng định tầm vóc Việt trên bản đồ sữa thế giới  Vietnam.vn,Vinamilk,Vinamilk marketing
Lý giải chiến lược đổi mới thương hiệu với trọng tâm “vì khách hàng” của Vinamilk,1/9/2025,diendandoanhnghiep.vn,news.google.com,https://news.google.com/rss/articles/CBMiwAFBVV95cUxOblBSNEJPdmtid2s0RkV6cFBtZ202NFV2elhYOWtZYUt0dG1BdWRxckZPT2VsdFVuNzJ3TWdsNGV2cWo2X1JyOS1xeUhHQkxzQWduc0dXYWhoQ0ZLMlpkaWpnY0U2MFV1RDJzOUlVMkpWaThIcXNoUjN0UDYxYUVWbnJNbUU3dDFsU0M4YVd2UzN4NGpCbjFYdnNHVUw0XzcyU2F3TVg5clB4aDJGTmE1MlJhSXlCaE10clZXSDdQY1E?oc=5,Lý giải chiến lược đổi mới thương hiệu với trọng tâm “vì khách hàng” của Vinamilk  diendandoanhnghiep.vn,Vinamilk,Vinamilk marketing
"Vinamilk mở đầu năm 2025 với loạt giải thưởng về thương hiệu, đổi mới sáng tạo",1/8/2025,Báo Nông nghiệp và Môi trường,news.google.com,https://news.google.com/rss/articles/CBMivgFBVV95cUxNOVh3b1EwMGQtaFJxdU1nUXRlV2l4UjlONWcxWmNkblM3WHlQZjFOZldORXQ5d01WdDdySEdDR3JoeWRFOEVGWVVmVlhiNHBDUFZ1aVRyUkdlTW9sMVZDbHNVSTFEdDktX0YtaUVkQTJyM0xFWmVsMXA2MkxNek9vOE84WjhhNERPdUEwVTFHMDFDUlNMalFBNkU2MDFyRk9pazZjWHJMV3QwVWJJZ0hicS1VMkJkNEJqdlR2X0hB?oc=5,"Vinamilk mở đầu năm 2025 với loạt giải thưởng về thương hiệu, đổi mới sáng tạo  Báo Nông nghiệp và Môi trường",Vinamilk,"Vinamilk chiến dịch, Vinamilk marketing"
VNM: Nước cờ thông minh của Vinamilk (VNM): Tái định vị để dẫn đầu thị trường - Chi tiết bài viết,1/5/2025,Vietcap Trading,news.google.com,https://news.google.com/rss/articles/CBMiwgFBVV95cUxObUY4SFVLSHU4NV9RdnNlVktpNjczTXROT0hhOFd0V2JWdVdGcHM5ZEJEcjlXcFlMajFmOGpzQ3pvM01kcTZqVE4xVkR1ZHlJdnY2WWtDcXBPZi1iWDBKbF9FTjF6azdDWXBCc2NQOWZpYnpLLXhDRzFZckZreXRqNVh3eTdaYm53Sll4SWwzRk94b2ZmZzhMS29pdXRrSWlVR3JtYXU1aVlkNE96VHJoQTRGYjdRVjhqZDdZTGV4bF8xQQ?oc=5,VNM: Nước cờ thông minh của Vinamilk (VNM): Tái định vị để dẫn đầu thị trường - Chi tiết bài viết  Vietcap Trading,Vinamilk,"Vinamilk chiến dịch, Vinamilk marketing"
Động lực tăng trưởng của Vinamilk nửa cuối năm: Tái định vị thương hiệu sữa bột và kinh tế phục hồi,8/28/2024,Fili.vn,news.google.com,https://news.google.com/rss/articles/CBMi1AFBVV95cUxQUllWTTBMTHZIeHdncTVybTlQN3pybnBuZTRXOUNVejFyN2NZalMwdXhESXdLM0lKblpZUzZUaGRMd1VNSk5waG5vUTd3a0dfQVVHdXpwa0xrcGVDcms1SlFoOFlzWVAtLUpZNlNPWFVoU0hVOE5PWHJMWnJlQXhsVVRlSlJ5Ty1wQWMwc0VYcm9hZTlBbm5tTF81WDNnc2NCZTI3UTVrbmlSaGNCZVF0M0EyYmtPMHZZLXhPck44NVV5YlRocGZHQmNjc3BnQ0c3UWRJTw?oc=5,Động lực tăng trưởng của Vinamilk nửa cuối năm: Tái định vị thương hiệu sữa bột và kinh tế phục hồi  Fili.vn,Vinamilk,Vinamilk marketing
Sữa Ông Thọ của Vinamilk: 50 tuổi vẫn liên tục đổi mới,10/21/2023,Brands Vietnam,news.google.com,https://news.google.com/rss/articles/CBMikwFBVV95cUxPY0YyZDl5SjlBWUVDTktkb1d5TF9OMkRQeTZCUXJYbXVkS1p6NUdYMk9vR05fSXV4eWh3SWczdHhkaWYyZWRsLUVVZ2NfYWkyYlB1am5UYTlsaGxTZkRHNFRxU1hwd2hjaHJaeEdjYTRLNmZmczVMbjlqSFd0LVp0R055LXBYUzVpb21ObDBldHptUFU?oc=5,Sữa Ông Thọ của Vinamilk: 50 tuổi vẫn liên tục đổi mới  Brands Vietnam,Vinamilk,Vinamilk marketing
Vì sao Vinamilk hai năm qua cắt giảm tiền quảng cáo?,3/21/2022,diendandoanhnghiep.vn,news.google.com,https://news.google.com/rss/articles/CBMimwFBVV95cUxNN2Y1M2tYamVobENvQlpnZnJMQWpudFJPYXR5cE9IakcxMmNmOU1Bb285ZEpzQVFQbjJSbndxYlFqckxqdG1jSGNZRmcyRE9QcGhHaWRYYmtLcXFEQmxWRjRlS2g2d25YSlc4eDZ2NUt3QmxFZnJ2czFWV05fcjNjbV80d1FyZDY3ZWdpTjFSWUNBTDdmYVBzR0g3cw?oc=5,Vì sao Vinamilk hai năm qua cắt giảm tiền quảng cáo?  diendandoanhnghiep.vn,Vinamilk,"Vinamilk marketing, Vinamilk quảng cáo"
Vinamilk ADM: Xứng danh biểu tượng tuổi thơ liên thế hệ,11/25/2025,hanoimoi.vn,news.google.com,https://news.google.com/rss/articles/CBMijwFBVV95cUxQemxENFpyMEV5b3BQVXRadFNxbFl2YVl3T2h5T092eHlFVkxRZUZxa3RvZThkc1l0Q1VJV3FSLTJ1Vk9nNUtWbmNhTkpDZTRPbEs3bUJTdGVmOGlOU3Y0TXM5alFrMjRrMTFHNzFPYmxTcmNheVlWMTdGaFJiLS13S3VCVHoydXVpQ1o3RzJlUQ?oc=5,Vinamilk ADM: Xứng danh biểu tượng tuổi thơ liên thế hệ  hanoimoi.vn,Vinamilk,Vinamilk quảng cáo
"Quảng cáo ""giảm được 40% số ngày mắc cảm cúm"", Vinamilk có “thổi phồng” công dụng sản phẩm Probi?",8/11/2025,VIETTIMES,news.google.com,https://news.google.com/rss/articles/CBMixgFBVV95cUxQNEtnZjB3a1J4aXYxUDk1THJMNmEwV3hjb1ROdG1IYURsVTJscTJUMTdEUDBpT2xtV0V4c2ZpS1AwYmxXak4xZW5ySVRpbnNydHJTV0dUTDRoQWdDdVRqYU5tZE9yQld0LURYUWhEN2EyVEV5T0R4ajZXUFdvZFRNQ25tWDZNRDltYW44bUhWMDQwdFk0dG1ob1hEOU1KNEtIUXBLZnBLa3A1em1QV1RHSDAyWDVCeTRQOENVM1JKU2RpUm4tNlE?oc=5,"Quảng cáo ""giảm được 40% số ngày mắc cảm cúm"", Vinamilk có “thổi phồng” công dụng sản phẩm Probi?  VIETTIMES",Vinamilk,"Vinamilk quảng cáo, Vinamilk sản phẩm"
"TVC Vinamilk: Xuân sung sức, Mã đáo thịnh vượng",2/14/2026,Brands Vietnam,news.google.com,https://news.google.com/rss/articles/CBMiiAFBVV95cUxOM0lwdVl0UEZnWVJMUkdoNm1TM05vYjhWMTNyUDlmR0N3aUJiN29IY19BQzFLLWJ4QzRVU0puYXZmXzFPSnpScTB6TGNhemhkUUFIUGxnYXRyWTEydjA1Yk1LV2picjRHa0c5TGIxSWdhUWVxUlBWZWpRSi1OZDR0TlVPRG9jdWxW?oc=5,"TVC Vinamilk: Xuân sung sức, Mã đáo thịnh vượng  Brands Vietnam",Vinamilk,Vinamilk quảng cáo
Vinamilk điểm lại một thập niên sáng tạo quảng cáo số,11/30/2024,VnExpress,news.google.com,https://news.google.com/rss/articles/CBMikgFBVV95cUxQeGZtel9leExZb2FYRVk2NzZJUGtKaTg4bURac0NMOENXdUsxWlI3TWItRDlDcUc0Uk43Y1F5YkVLVU85Nk5vSDJEcjFxcGFuMmp4SXk1UTlWV3pfdk1XLW5nYmw2RVZUTUpNd29HZ3RrR1NCMmdLcWNfeTVHV1YxOXNhWTQ2Q1o3b1duUUkwV3V0dw?oc=5,Vinamilk điểm lại một thập niên sáng tạo quảng cáo số  VnExpress,Vinamilk,Vinamilk quảng cáo
"Trọng Nguyễn - người đứng sau quảng cáo Vinamilk “con bò cười té ghế”: “Thăng Tiến trong sự nghiệp, đôi khi được tính bằng những Bước Lùi”",1/23/2025,Advertising Vietnam,news.google.com,https://news.google.com/rss/articles/CBMihwJBVV95cUxNdmM4bS00djBHSUtXQlkwcUlrY2dibFJCTXJaQjRJbnpQZ0h0Y2NHNzlLeFY2MzFHR3EzVXhFaTJDR2hXYndUX2xYc1ppSHBtQnRyV2ZIWlZKZEo4VVBSTmtmZHd5TndpanBqd3dYb3ltRkZkdURvcU9VUG55cHlNWi1hV25WRWpGTGVKMlVzMlNZeV9aa3FyX2o2Tlc0X1pycFdqNk9PZnNCblU5Y1Z3NERndEdPbDVQZC1za24zVHVDM0xpUDIzWUlPTDV5a3JzU1RRNjlDRkVIZEs4SkhXd1FhWThkOE5RZFhrSWtaS1RIQS03Ym9fSnJJZV92NmRqOGFRUm5Wbw?oc=5,"Trọng Nguyễn - người đứng sau quảng cáo Vinamilk “con bò cười té ghế”: “Thăng Tiến trong sự nghiệp, đôi khi được tính bằng những Bước Lùi”  Advertising Vietnam",Vinamilk,"Vinamilk chiến dịch, Vinamilk quảng cáo"
Cách thức quảng cáo mới lạ gây chú ý của Vinamilk,12/4/2023,Thế giới tiếp thị,news.google.com,https://news.google.com/rss/articles/CBMisAFBVV95cUxOMjBjR3dwS1djeWdtYURLNDgxU3hnakh6MUtqczZlLUt6T3huSjJoU09KSVNoZm1pREdweksxbWV1RDl3b1R1XzdIbXFLREhiWkZoSjNobmdBWFJZX3JOV1RuWDlveFFaY25QSWRyd2FRUDBVNDZRNUl2c0dyeFlGdS14ZGFrMXB3SWFPNVFMUGV2ZXA3V1NTYWFYWVdVanlaZEFvRTBXVTZoQ2JyZks5Qg?oc=5,Cách thức quảng cáo mới lạ gây chú ý của Vinamilk  Thế giới tiếp thị,Vinamilk,Vinamilk quảng cáo
"Vinamilk mở đầu năm 2025 với các loạt giải thưởng về thương hiệu, đổi mới sáng tạo",1/8/2025,Dân tộc và Phát triển,news.google.com,https://news.google.com/rss/articles/CBMiygFBVV95cUxQa1A0RlRrajFBd3BjNDBOLV9idmJIa0k2U3I5SlE5STVWSmJRMUcxT1FXckxsT0VXQ2NCanhpT2lpQVpqZnBvTWJwVkdydUZuMHQzRm8zWlRndWF4bEVWSU9SNkVkQWhuY1JFa21WZnhCVWlGcTFib2hneS1qS3BXbUZCSmR4ejJubFJxeTJ6RE8xemZya1B5YVk2dndVd0UyVWFjU09vVU0zTHQ1Slo4TEZaVm5Rd2s2N2FYVWZTRXZJYnNQcE9MdjNB?oc=5,"Vinamilk mở đầu năm 2025 với các loạt giải thưởng về thương hiệu, đổi mới sáng tạo  Dân tộc và Phát triển",Vinamilk,"Vinamilk chiến dịch, Vinamilk quảng cáo"
Vinamilk: Cộng hưởng cùng nhà sáng tạo để bứt tốc suốt thập niên,11/30/2024,VnExpress,news.google.com,https://news.google.com/rss/articles/CBMinwFBVV95cUxQS1hLTnVJUnJUZ0dEM3gyTUdMS2NNWDFfUkp4NWk4eGRFOE5xSUlNRDlCd1c0UlZ0ZUJtNnpLUjk0elE0cGxGdUV3aXBrYzJrN3BRZGhfbE5SaUVVSXAzeEVNdTJzRnBTSU5VbndzZWZVQ1hKYS1PRmFkRGd0Mm54cC1naFNSUjVfY2lvOXRmMXFiZV9xZGhBanVxdkNJbFE?oc=5,Vinamilk: Cộng hưởng cùng nhà sáng tạo để bứt tốc suốt thập niên  VnExpress,Vinamilk,"Vinamilk chiến dịch, Vinamilk quảng cáo"
Vinamilk Super Nut với H’Hen Niê – cô Hoa hậu “không cần” hoàn hảo,6/3/2023,Brands Vietnam,news.google.com,https://news.google.com/rss/articles/CBMitAFBVV95cUxQRzc1bm42SlBmT1N1QnUwRGg3NDIyQkw4WVlteHZfaGZIdDJ6QjJoajNWaHIzRmdyNlhGOTNQQnhKY3hwSnlLanhxV1Ntal9WZDhHOUNJN2dOVVBqaDRvdGdPRXZZYkZaX2RjQmJNcFcxU3NVQWZEajM2bE5oc081T3pFWEpBTXQ0RHFUbS04UE13N2ZES1VXWnJtNDYtM1daRTB6UHBQa2R4cElWX0UybFphX0c?oc=5,Vinamilk Super Nut với H’Hen Niê – cô Hoa hậu “không cần” hoàn hảo  Brands Vietnam,Vinamilk,Vinamilk quảng cáo
[Updating] Diễn tiến “Hành trình mới” của Vinamilk 2023,10/26/2023,Brands Vietnam,news.google.com,https://news.google.com/rss/articles/CBMipgFBVV95cUxQZkF1a3RCaGZ2ZGRFNVVoN3hxMTRmSG9LbC1POS1hdVc4V1hUUFdXNzRRSnZCTVRERHdFeXhORE5pN1oyNE1EYnF2YllaX3JFdFdSM2x1enRLNzlGU0dnOXFQSG52Zl8wSUJaNXpRTXFfc2hmR2gwSm01anF6UE56cWxacmF6UzEyaWJsSWRrcDNWVTVpWGRwdnAyWVVuODN0dFZjcnd3?oc=5,[Updating] Diễn tiến “Hành trình mới” của Vinamilk 2023  Brands Vietnam,Vinamilk,"Vinamilk chiến dịch, Vinamilk quảng cáo"
"Vinamilk tiêu gần 30 tỷ/ngày để khuyến mại, hỗ trợ bán hàng, quảng cáo, nghiên cứu thị trường...",3/24/2025,Chứng khoán DNSE,news.google.com,https://news.google.com/rss/articles/CBMi0gFBVV95cUxOYks3SEVkdzZTcndiNk5LOTdOb05xZjFTUnc4N2FzaGp1MFN5cl9BNVY0VTg0WVZ6ZHQwSmlSQ0Z2eFpqUHZRNFFLdlhJcUlYZ1BXdDdWelY5ZHBfZ1lFSy11Z3VxaVBJb1FhRDFSNHhNZTJOUXVVVmVYVEhDYWpWRTdSUmVyWnlub3JlZDVSbTBsdXhyXzRFbFJkTWM1MFZDajJoWlpoeGJKbjFYLUdQTnljdENYTkc5QjkyaHdmc2pTSkxlcmQtcGh3R0ViXzdTZnc?oc=5,"Vinamilk tiêu gần 30 tỷ/ngày để khuyến mại, hỗ trợ bán hàng, quảng cáo, nghiên cứu thị trường...  Chứng khoán DNSE",Vinamilk,Vinamilk quảng cáo
"Hệ tư tưởng mới gọi tên Vinamilk: Quảng cáo không cần chữ ""ngon - mới - lạ"" - Home",12/1/2023,Home - Ngôi nhà online của bạn,news.google.com,https://news.google.com/rss/articles/CBMirAFBVV95cUxOMjNaLXJlcEFKTnI5QkI3aW1zWHBlV0xQNC1EN3MyWGFpeWw3X0MwclVqWjJfNjVJTnVpWWF3Unl6al9PM1VzUVk4a1I0ajExSHctRU1kaHBzc1hpSkdJdE9FQWRxNnVvZ2I0ekx2Z3VyYnZJN0c2TWE1VFF1STBINXZSeTJvQ2M1NnV3bnl1X3VxX3djVmhVTTZhQkhlZHJLVUNpYkRKSUFVUkdo?oc=5,"Hệ tư tưởng mới gọi tên Vinamilk: Quảng cáo không cần chữ ""ngon - mới - lạ""  Home - Ngôi nhà online của bạn",Vinamilk,Vinamilk quảng cáo
"4 chiến dịch nổi bật tuần qua: Sunlight Lau Sàn lấn sân sang lĩnh vực bất động sản cùng dự án “Nhà Kiểu Mẫu”, Vinamilk Probi ghi điểm với diện mạo mới đầy màu sắc",6/26/2024,Advertising Vietnam,news.google.com,https://news.google.com/rss/articles/CBMirAJBVV95cUxOOU9ZTXNFLS1HWWdjdzNGWXNHX2tlVEEtMHIxMUZqWUV1bjNhZGRDQWdraEFWV1RJbUVSOERtNlhFTTZ5V0ZsWkxQMFNBbEpVb1o1eXRHdjY1NUhxR0NaYWFrbmk2ekVGalVoZ3phU0NYVjhoVlZaUS1HbHdOQkM0VFdpbEx4NjAzWDk1UzFSSHBVejhfLU9wWlJXTjZjVkhnWUs4RnU3OHl2S2tuZXFERks4RkpzM2hMZGVDX2p6QURGWEhUV3NpVHpYTXZTTXRmcDllc2VBZVhtYjFEa0RjdC1SN3pQZWpOeGttVTdzTDF3RnlFbG02TTJ3V2NUTGFqMTU5R2pyNXRPckNlelhSdkdSNE5idk81cXJrX1B3WGVhejZNdF9xNm5IbDM?oc=5,"4 chiến dịch nổi bật tuần qua: Sunlight Lau Sàn lấn sân sang lĩnh vực bất động sản cùng dự án “Nhà Kiểu Mẫu”, Vinamilk Probi ghi điểm với diện mạo mới đầy màu sắc  Advertising Vietnam",Vinamilk,"Vinamilk chiến dịch, Vinamilk quảng cáo"
Vinamilk: Doanh thu tăng trưởng thấp nhưng mạnh tay cắt giảm cả nghìn tỉ tiền quảng cáo sau 2 năm,3/28/2022,Brands Vietnam,news.google.com,https://news.google.com/rss/articles/CBMizAFBVV95cUxQVXVBejZyQUpCdjI0QTNkVmhkb1BlaTBaTU1kYktVRldRSWE1cGp1WDMtejVrVFhXaHNqRFlpZllGdVVLbVNsNGlPMmRTQVpGQXR0V1NMUlFFTEZqZ3o5U20tQi05RmwxRThDSDBMZ2FfT3psSzZ4XzZsWjRYT3l4bkFEUUJzdWR0dkZ2cDJ1VFF6enE3alBOQ0Q1Z0hrY2N1dGtDSFhubHJaQTh3eWJfSFE3c2c5ZGlwbDJkLXRxbnZzcUNtMkRSQVIyMWE?oc=5,Vinamilk: Doanh thu tăng trưởng thấp nhưng mạnh tay cắt giảm cả nghìn tỉ tiền quảng cáo sau 2 năm  Brands Vietnam,Vinamilk,Vinamilk quảng cáo
Vinamilk: Hai ngày ra một sản phẩm mới,12/30/2024,VnExpress,news.google.com,https://news.google.com/rss/articles/CBMifEFVX3lxTE0yR0h1YlUwSlU1aEJ3aGFONGV0YWIxTGNIUmppWDlIemd1MGVVQkV6YXFMQVRINk9ETFVvV1hpTEllckMxd1pFZ3JhQklxLXVqV2FtTkx1ZHJxcGU2MkRnWnZyZzhtZnEzUUtXc2JYWkZPcGNIUjRvUFNVRm4?oc=5,Vinamilk: Hai ngày ra một sản phẩm mới  VnExpress,Vinamilk,"Vinamilk chiến dịch, Vinamilk quảng cáo"
"Cạnh tranh khốc liệt, Masan, Vinamilk và Sabeco dành hàng ngàn tỷ mỗi năm cho hoạt động này",3/19/2024,Thế giới tiếp thị,news.google.com,https://news.google.com/rss/articles/CBMi6AFBVV95cUxQeE5xVEIxVzRacWJJRnRHUDIzUTJpTmJSaG9hWWxFVWxwUGhBZ3lHNVJHemw2YUJmazFwMXF5ajdCQ0UwRFdEeTlmSDBaM3ZMb1BkMmhSUzZvczRucURQSjYwb0dncFRPX0dVWHZsU0xkXzR3YVktX3BtcjJmSlNFNnNldXdBSy1jeU1nYVpSVUx1VVFrRmJTU1BCQU5OdTFCYy1zZWRWTlJrSlBqY1dwSkp4aTJXZVZpNGpZZGFMWFo2WHowSzVOVEZWSXZxUC0zVmdRSEFjS0l2ZTQ1eWxtS2RZODVQR2I0?oc=5,"Cạnh tranh khốc liệt, Masan, Vinamilk và Sabeco dành hàng ngàn tỷ mỗi năm cho hoạt động này  Thế giới tiếp thị",Vinamilk,Vinamilk quảng cáo
"Tiên phong xu hướng dinh dưỡng, Vinamilk “gặt” tăng trưởng hai chữ số quý I.2026",5/6/2026,Báo Văn Hóa,news.google.com,https://news.google.com/rss/articles/CBMiuAFBVV95cUxOQnJKekpCY000UDZoQW10UTQ2WUE0R2lqM3YwZFBDX29EcWZLTnJjNkI4MExRMklfOHJfOUl4ZUdVTldOWUxhMHAyclp2S2VfZTB4UXhEOEx1NmNpTjZ6LUY1cEE1ZjFUaHJQVnQ1S09oa3Q5UDRpOWlvY3Bzel9Jdl9Hb3ptVHpnek85SXdHdE1XSnRPWHhyYlFwV0dOR1dnVVFFMThHc3Z6alY2Rm41VHM5bjF5enF0?oc=5,"Tiên phong xu hướng dinh dưỡng, Vinamilk “gặt” tăng trưởng hai chữ số quý I.2026  Báo Văn Hóa",Vinamilk,Vinamilk quảng cáo
"Vinamilk (VNM): Thị phần có thể tiếp tục tăng thêm, đẩy mạnh các thị trường xuất khẩu ngách",10/5/2024,Tạp chí Công Thương,news.google.com,https://news.google.com/rss/articles/CBMixwFBVV95cUxORUNuOUo0ZG9tZ1I4OTBYMy03R251WnNUOE5qeElTUFk5cUx6RlAzZVdfV0Z0VlN1SzZzX2UzNDNtN0Z0OE1rLTZQNDQ1M1NrNUprcW1yeWtpS05PU1hXS1gtNmZjbG5mVjI2WWdCa0tMRndkMklUcmlVNzY1OFZydzg4RnV6Tlk2alp1YjBuMWtoYngyLW1ySWNVNWc1MHFUM1RqQTVLcmFJTmpnRmZhTnZ4X3dqM1FwVmh1RzdfXzNON2NrVkRr?oc=5,"Vinamilk (VNM): Thị phần có thể tiếp tục tăng thêm, đẩy mạnh các thị trường xuất khẩu ngách  Tạp chí Công Thương",Vinamilk,Vinamilk quảng cáo
Vinamilk: Câu chuyện di sản thương hiệu trở thành động lực sáng tạo,12/21/2025,reatimes.vn,news.google.com,https://news.google.com/rss/articles/CBMirgFBVV95cUxPYzlBYUpYTjJtWnBUbWs1RlNFcTBhM2d2VS1VMHhvSmVtSFdnSTdVcFYxdHA0Q2c2ZktoM0dTWDN1Q0hOZnVROF9YMUctUDZPRjN4amZCN0l1WkF0SV9GRGNqYy1SLWItMVNNdEFoempJQ2tjYVJtQ1Jhak1IQUJiaXZFbHREQXNIN2NxMDNiRXpOeFZZazRHMllvTG1SYld5UUVWTlY4S3EtWlhXNVE?oc=5,Vinamilk: Câu chuyện di sản thương hiệu trở thành động lực sáng tạo  reatimes.vn,Vinamilk,Vinamilk quảng cáo
Vinamilk chốt ngày chia cổ tức 20% bằng tiền mặt,5/2/2025,Báo Văn Hóa,news.google.com,https://news.google.com/rss/articles/CBMikgFBVV95cUxQb1IzSVR4SHY0b3B0bFowMEpZXzhmZ2ZNUW5vVUZaSHFhZXNZVHo0MVVVaDRWaEVzQms0dDlIdkQwNEtPaVU3OW9Xb3lIMGktak94SFUyOW0zVVVtd0lPbkpvdWlzSU1iTi1JWDUtaE9QT2hnUjE5MXJDLXhkUTJCRTlJN1hoR01wWFpMWFpUZjZwQQ?oc=5,Vinamilk chốt ngày chia cổ tức 20% bằng tiền mặt  Báo Văn Hóa,Vinamilk,Vinamilk quảng cáo
"Cứ 2 ngày làm việc, Vinamilk có một sản phẩm mới hoặc bao bì mới",12/30/2024,Nhadautu.vn,news.google.com,https://news.google.com/rss/articles/CBMimwFBVV95cUxPaF9sdC05d3RVUE80NUs2VFE3dF84TGhqbFZGRU0xQUFzYnpQbGR2MTFkQXZHdlNTaS1lbUQxNEdIY3RSNWpFcWxDUFAwTjZFZXdoNjNKeVVjcXUweDE2SHlQQ09WdE1MczJqbFpici1KamlVNVZBdFdXSXd0cVBPUFhDTHJKSGxpcG9vSDI2VXZkeGYxdk9ibVNQNA?oc=5,"Cứ 2 ngày làm việc, Vinamilk có một sản phẩm mới hoặc bao bì mới  Nhadautu.vn",Vinamilk,Vinamilk quảng cáo
"Vinamilk sau tái định vị, cứ 2 ngày lại có sản phẩm mới",12/27/2024,Báo Tuổi Trẻ,news.google.com,https://news.google.com/rss/articles/CBMimwFBVV95cUxQZXZXaXllQlV4TnhRQnFzVkJvYVUxbjVkWUtMMXRCZjl1OW16U19wbHVienFRVmhSOThqNW5nRERiU0dwa0xnMG5KQ3dxTnJzcmFRUTYyQ2Nvc1psRWstUmZ2TXRhU3haSmwyeXR3bEZaRDZ3WXFTbmdXMV9XbGhxYUVfcDdJaE9RbFQwMkpxdHd6VnlBZnBtNWZKNA?oc=5,"Vinamilk sau tái định vị, cứ 2 ngày lại có sản phẩm mới  Báo Tuổi Trẻ",Vinamilk,Vinamilk quảng cáo
"Cứ 2 ngày làm việc, Vinamilk có một sản phẩm mới hoặc bao bì mới",12/27/2024,Báo VietNamNet,news.google.com,https://news.google.com/rss/articles/CBMinwFBVV95cUxOSjFuVXBnc2hpX05DdmZIRFAwMlNmWjVzMk42M0g2eG5zZGhuS21kUWk2a2hfLS1BaUlKT2J5QkwtRllEM0ZFcC1IVl9jMnhVS29HbGhCVXh1M2xRRmswUmhUQ0N2TjJuU3NYaXBjLW5zX1l3MC02VW9aOTh5Wmt5MnBwTldzcWE3TXNOdDFvbmJqMDR3Y0ZmYzJrNlkwQmc?oc=5,"Cứ 2 ngày làm việc, Vinamilk có một sản phẩm mới hoặc bao bì mới  Báo VietNamNet",Vinamilk,Vinamilk quảng cáo
"Sắp nhận hơn 1.000 tỷ đồng cổ tức, cổ đông Vinamilk (VNM) vẫn còn cổ tức tỷ lệ tối thiểu 18,5%",12/8/2024,Tạp chí Công Thương,news.google.com,https://news.google.com/rss/articles/CBMizAFBVV95cUxNVGk3aXd2T292Y2tkYWVvMFpzN19CLTFQc0ZNT1FwRHpfT1VHczkyUDVuUzBYenRERXBPMTJuQU9GRHIxVWF6R2t1VnF0amR2SUVXandJbHUweHloUlUwSl9NcklFLTZWLURrOWcwOUMxX1U0bzZ3QVR2ZHNITHJoOHFQeE1mQk5aOXJSNHBmRzBSZDVUS0NTeC1uMmRnUkFab2lGYWFvUTkzbE1yOS04eXNiVEtoNU9EemZGdnBSeTRNOE1WRzdzaXZfMkI?oc=5,"Sắp nhận hơn 1.000 tỷ đồng cổ tức, cổ đông Vinamilk (VNM) vẫn còn cổ tức tỷ lệ tối thiểu 18,5%  Tạp chí Công Thương",Vinamilk,Vinamilk quảng cáo
"Năm 2024, Vinamilk cứ 2 ngày có một sản phẩm mới, nhiều ngành hàng tăng trưởng vượt bậc",12/30/2024,diendandoanhnghiep.vn,news.google.com,https://news.google.com/rss/articles/CBMiyAFBVV95cUxQUmMwZ0F6Z2ZuRTZNQTZXNGxwMHdEUmRFaTFUSVVCSE1uUVgwaTE2TXpKQkVmRkVTWUFTTEswUms1RF9IeW9iRUlYN2VzTTZnSXdnMTczTllYOHVEWldpNEFveVBoMHVkUWV1bllwYUZaTUlPdUZFSk0xUUJwUWZicWFHNlFOSm1GUi00YVlEUkE1OTREOGE1T0o4OEwwNkVTY0Z0MEdEY3N0bi1jZWZoWThLdWRZcVhJWTExSEo2d0UwNG5NaE9zOA?oc=5,"Năm 2024, Vinamilk cứ 2 ngày có một sản phẩm mới, nhiều ngành hàng tăng trưởng vượt bậc  diendandoanhnghiep.vn",Vinamilk,Vinamilk quảng cáo
"Cứ 2 ngày làm việc, Vinamilk có một sản phẩm mới hoặc bao bì mới",12/27/2024,CafeF,news.google.com,https://news.google.com/rss/articles/CBMipgFBVV95cUxOb3UtWVhaOUU1NVZxd0hodUM1T0F4QUdvamxBLTRpRFAxQ2xYSDllcEZ4NVE2b2lpU2dsR25mNU0zTzdLQUpLcWtueFJuN0NUUVJHX0V6X19mWVFvNGFwelpoYml2eHJjdFk3N0pWNEpHSG1paTYzZW01ZzdqbEdkRXZwX1FCeHlhS3RLcURLQnp5MUV0V3Z1YUoxS0lwYzRaVDJPaVVB?oc=5,"Cứ 2 ngày làm việc, Vinamilk có một sản phẩm mới hoặc bao bì mới  CafeF",Vinamilk,Vinamilk quảng cáo
Vinamilk một năm sau tái định vị thương hiệu: Vẫn đang ở “thời điểm lý tưởng để thay đổi”,6/12/2024,Nhịp sống kinh doanh,news.google.com,https://news.google.com/rss/articles/CBMixgFBVV95cUxPSmxuTDFJSGtROWJTUUhXWHJXbW9NSklGR1FELS1XZWZ1Skt6bFp2NHRFN2YyR2NSakl5c3AxVE10bmMydnJhNjBHQ3ZRNUVjR1A1RFR0M1FjVHpsME1ZSTV4SUxJWF8tOUxFQmxiakRoNWYwTkd1Y0VoMm9FU0tPekZrcXRybW01MHl4NGZ0V0cyQlRrTXJQT1NjczhnWjByT0dOVVRFTlFyVGdNTVRTWUFjNE95dzNlcEZGWnctTWVnbVFvVkE?oc=5,Vinamilk một năm sau tái định vị thương hiệu: Vẫn đang ở “thời điểm lý tưởng để thay đổi”  Nhịp sống kinh doanh,Vinamilk,Vinamilk quảng cáo
Điểm tin tuần: Vinamilk ra mắt bao bì nước ép mới; Grab thực hiện OOH real-time streaming kỷ niệm 10 năm hoạt động tại Việt Nam,8/26/2024,Advertising Vietnam,news.google.com,https://news.google.com/rss/articles/CBMigAJBVV95cUxQN0hzb1dhRkcwVkVuU2QxbjhiNGdob0lKcWxDa2FoQjdSNnNzRmhmTUNzLXVBTXljSGh3RF8xZGNETXFGVlZuQ1VPaDRqdlo5akJkYmpQdXB2SzNMdjBILVRMQUdQZ3BJTzF1M201dFIwdmlkbmtxZUJQaXV2dVlvN090TzA1b2ZLQWZWZ3p6QVZKOHMxZ01fcXkzdWVid1BQMHNtMTlIaUVPOWlKN2ZPa28zaFU0NUFDRzFHQzFwTG1FdFhCYWV4allYYkswRVJzbnVELVdSazN5Y3F3bHhGUTZDdmhlbHoyQUVIWDdmVmZDT2ZQWmxIdjJjVmxobUxu?oc=5,Điểm tin tuần: Vinamilk ra mắt bao bì nước ép mới; Grab thực hiện OOH real-time streaming kỷ niệm 10 năm hoạt động tại Việt Nam  Advertising Vietnam,Vinamilk,Vinamilk quảng cáo
Quảng cáo Vinamilk Phô Mai Tươi Susu 2014,5/29/2014,Znews,news.google.com,https://news.google.com/rss/articles/CBMihwFBVV95cUxQZGRnbDBYUUVHUG4wZXFpbUtkWDcxVTRpcFprNDBFWDZpbWpqcktTXzFnd1NLRHgwbnRIb05JQlpWM1J1eGtQWHpCdkFLTFJZNVZJTTZZd1NlMFJkeVpiYVdBVEJHazVPWHNQQkRvLXBsWjA4YnBrbmw4TUxIWFpQMGQ1a1pZakk?oc=5,Quảng cáo Vinamilk Phô Mai Tươi Susu 2014  Znews,Vinamilk,Vinamilk quảng cáo
Vinamilk và chiến dịch 40 năm Vươn Cao Việt Nam ý nghĩa,2/2/2026,MarketingAI,news.google.com,https://news.google.com/rss/articles/CBMilAFBVV95cUxOS0pLOTlmYmZWWkNWSWxYVy1LZ3EwTThiRmNuelpMbFg2cEVNbXpEdEdTM3hhV2FWZjVlRGtuejF3NTFDVUlEaU9UNnczQnlrb3o3ZVhxcjVYOG9MYi1SVUJlZGhRWDkzSEpwbnFRN0xqLUE3TmdiX1JMaGpzZDZLR0l6S296b1J4M1hUSjI1LUlVV0NX?oc=5,Vinamilk và chiến dịch 40 năm Vươn Cao Việt Nam ý nghĩa  MarketingAI,Vinamilk,Vinamilk chiến dịch
Lý do Vinamilk Green Farm nhận nhiều giải quốc tế,5/14/2026,VnExpress,news.google.com,https://news.google.com/rss/articles/CBMijAFBVV95cUxPU1ltVjFTSUI1NVE2d0djMHJhNTI0cWI2UmN5bEFlYVhSaWFUcTEzVHA4eXROU2Z3N1BVdHVmQ3lPWlRRa2d4MDJZUUpfUEVQZjJQem81OFFsd08xc0drdndVVGhLUGVyZHVIczJCb205WVg1TVRTQkItS1ZoZThEX2dPSU03MTNfZkpvQg?oc=5,Lý do Vinamilk Green Farm nhận nhiều giải quốc tế  VnExpress,Vinamilk,Vinamilk chiến dịch
"Vinamilk (VNM) bàn chiến lược 5 năm với cổ đông Thái, hướng tới tăng trưởng xuất khẩu 15% trong năm 2026",2/7/2026,nguoiquansat.vn,news.google.com,https://news.google.com/rss/articles/CBMi0gFBVV95cUxQN1Y3N2pzWVptUzJPV3BDWUo2UjBEbXJCZGlWanB2RHBHVUsyMW5BUk82eWVkbk1JUkVwRkFCZ1pwRGpLaFdpSTIzZS1PcHFZSE1GbTVfem9BejF4dWFtcktMYmVBVWdNUjRCZXZaZ29MdmEwdnozbEdRME00ZDV2bE1xcGtwMVJ6RlFfcVVxdExFUXlFVk1nTTMzUUtuVGlPS0VmNzJ5Z0M3ZXNReVRBSlVoVzdHMlNSQ0VzeEtnbW1JVTRBU2pScFIwSlZ4QXZYQWc?oc=5,"Vinamilk (VNM) bàn chiến lược 5 năm với cổ đông Thái, hướng tới tăng trưởng xuất khẩu 15% trong năm 2026  nguoiquansat.vn",Vinamilk,Vinamilk chiến dịch
"Hiệu quả chuyển đổi số, gia tăng độ phủ hệ thống cửa hàng giúp Vinamilk tăng tốc doanh thu trong quý 3",10/31/2025,VTV.vn,news.google.com,https://news.google.com/rss/articles/CBMi1gFBVV95cUxNdVhiTE5xbTFIT0xJSEdHWkdxb2pLaXFYQWNDc0JYaWhFNlF0UENzYmdoSk0zZ1ZsUFFWeGo3WkxXVVppTTBVa2pJbXFoNWhvQTQzSlRwczVDM25HVjFyRHczOXc5aE9tQ0RicXhCQklnbG5Ta0ktei1KcG93c002QVZwNWEwd01XZ2kzUFVVeXd3cEwtV1FPcjU1Y1hXZ2lrQVBvNkpZNWYtanlJY2NmVFlBNkt1V195dExVVFBsT2VOaWhyV0JVNzRuMkZ2SUl1ZlY2cUFR?oc=5,"Hiệu quả chuyển đổi số, gia tăng độ phủ hệ thống cửa hàng giúp Vinamilk tăng tốc doanh thu trong quý 3  VTV.vn",Vinamilk,Vinamilk chiến dịch
Chiến lược marketing của Vinamilk: Chinh phục thị trường sữa Việt,7/1/2025,MarketingAI,news.google.com,https://news.google.com/rss/articles/CBMiogFBVV95cUxOWVNVT2xxT3Z5YnJ0NXo3LUNpTWpJX1B4LUtFUjRDblBPUXJwcUZHS2o4OWQ5YXdyRzRRMVhtZlhDWGYwOHVhSUV0UlkzVHJ6S3pVUy1IY1FjVkVHLXNGUDhQZG95Wl9EQk1ZUEdwOXpSUi1zcmJQVEF5UzVFOFRJSm9oMkV3bHNScTF4a01CZlRzYm01RlBnZGptRVRpdktVRUE?oc=5,Chiến lược marketing của Vinamilk: Chinh phục thị trường sữa Việt  MarketingAI,Vinamilk,Vinamilk chiến dịch
Chiến lược Marketing của Dutch Lady - Đối thủ của Vinamilk có gì đặc biệt?,4/1/2026,MarketingAI,news.google.com,https://news.google.com/rss/articles/CBMiuAFBVV95cUxPNTVRazVidXhiV2h5YWpNV25GZjBGLXNVc0pXdmFDbDJIdVpMSE9XVnFZTDMyajNjZGxyY1dUMjRMNk9oRWdfNkwtVXJDMGZtbG5YQS1ZREdOZ0o2dWZQT3hlX0dNWnp0bklxMDVQY3pSWFVJX3dnRU1adXZCazk4SnA0Z2RCREozUVZmVnBYZWZwUlFyVGc4STQxeXJfYlF5WGpybGpVYVU2eWpWYWlyV2UxVDdyT2hK?oc=5,Chiến lược Marketing của Dutch Lady - Đối thủ của Vinamilk có gì đặc biệt?  MarketingAI,Vinamilk,Vinamilk chiến dịch
Doanh thu Vinamilk tiến sát 17.000 tỷ đồng trong quý III,10/31/2025,VnExpress,news.google.com,https://news.google.com/rss/articles/CBMilgFBVV95cUxNVnVPZWlhQ3BLek03X1Frc0Mxb3BIMUo1MUtObk1wNUlfUGxJTVdKcDkxdWdhb2pLVmJWNTBiWkpLU0JQUmQ2dG9KVXloN1ozVjJ4cUtZak1xRS0ybDRPZEFkVXRYSlBpRGtUbkhhVTl1UnhaWnZ0ZGdnT1NKaks0VXV0cTloWnpDRWwtQzgtMTFHYVllb2c?oc=5,Doanh thu Vinamilk tiến sát 17.000 tỷ đồng trong quý III  VnExpress,Vinamilk,"Vinamilk chiến dịch, Vinamilk doanh thu, Vinamilk sản phẩm"
Vinamilk tiết kiệm 3 triệu USD nhờ hệ thống điều phối đơn hàng tự phát triển,10/2/2025,Tạp chí Công Thương,news.google.com,https://news.google.com/rss/articles/CBMitgFBVV95cUxOOWlIVV9HWnpKUkdwdktHeUlzeUhMTVpjYjd2cEs3b2VCaERPcXlPVFYwN29oSzItS3lKLUxJbXZaYXVlWGVfV1pHWnlPUkxVZUlHLXVwcnJtUU9JajE4YTV0VTA5MExKX2JmVlh5bWtLbnRUWS1pVGJESmItNXVZVllhTEFwMHlmVE4wVlllaElGRXhaNjFoSHJhbkhLQnFOSEFlYXpBUmFHdUFObGtsaFlwRHBVQQ?oc=5,Vinamilk tiết kiệm 3 triệu USD nhờ hệ thống điều phối đơn hàng tự phát triển  Tạp chí Công Thương,Vinamilk,"Vinamilk chiến dịch, Vinamilk sản phẩm"
Dữ liệu: Toàn cảnh bùng nổ truyền thông sự kiện Vinamilk ra mắt bộ nhận diện thương hiệu mới,7/24/2025,MarketingAI,news.google.com,https://news.google.com/rss/articles/CBMixwFBVV95cUxOWUZiNlF0dVJvam5iN3BfQTFqTExZSHR2c2tYWllzR3p6MExuTVNDc2w1MVJCZ2NGbEJzRzRORTZHR21TbFhsOTczc2tJVTVGb3lpQVdoSk10enhTWmVGS0dHZ2d0dGRrakVOZEFzeXZuOTcybEJfR25GWkFTZHRyNUVuMmRJa2d6YndFclJLYi1mN1JQNGZ3QkRlNThFNXJaMm1EaXFkdUVxQjE1cHY5Vm0wd2dxRXFKY2xtY0ZfNEVhZmpxdDFz?oc=5,Dữ liệu: Toàn cảnh bùng nổ truyền thông sự kiện Vinamilk ra mắt bộ nhận diện thương hiệu mới  MarketingAI,Vinamilk,Vinamilk chiến dịch
"Lợi nhuận bật tăng hơn 30%, cổ phiếu Vinamilk vẫn bị “ghìm” khuyến nghị trung lập",2/26/2026,24HMoney,news.google.com,https://news.google.com/rss/articles/CBMiugFBVV95cUxPeWluNklxYml5Zkt2VnQ5US01RVRwVkFKRUk3OElzaW5QY1RQWmt3YTlaTDg5R2RzTnBoeUFOWHVVRHVMWTNqbzU0VWk0R0hhWnpkTGVUVTZUcFZlX0JFb3NPSzNOZHJ5a3JQNzltYVNOVE5mYVRhaFBkdTZTdktIVFp6QzNRRkFmY1ZiYmV5WWtTWGd3aU9tZ2l6SGxCeF80TWE5Nk55MGZWRmJOaGdibk96dmg1eTBlcVE?oc=5,"Lợi nhuận bật tăng hơn 30%, cổ phiếu Vinamilk vẫn bị “ghìm” khuyến nghị trung lập  24HMoney",Vinamilk,"Vinamilk chiến dịch, Vinamilk doanh thu"
"Lần đầu tiên, Vinamilk được xếp hạng sức mạnh thương hiệu xuất sắc, vượt trội toàn cầu",8/20/2025,baodautu,news.google.com,https://news.google.com/rss/articles/CBMiuAFBVV95cUxONzdjMGV0LWY2d2xvY01NTzY3ZERybEduLWYzcmVwb0QtY2ZOcXBleGk4bTMwUlp2NW5DY2l5R1JubDZCYXZnSDZoaUdBaUpOaDA1X2VZTlRybHVPVlJoYU81UG5JRWxBZFY0cU9jaTdrY2E0QjN0RVl4NGdTd3lmWnU0ZUozX2E0RWw4RS1hU2pfSUFMZ1dONE9GaG1DVjc4M2FYSDB2V2tDM0I5ZTlKeFBpLWMzRTRI?oc=5,"Lần đầu tiên, Vinamilk được xếp hạng sức mạnh thương hiệu xuất sắc, vượt trội toàn cầu  baodautu",Vinamilk,Vinamilk chiến dịch
Vinamilk Optimum đồng hành cùng 80 gia đình nữ chiến sĩ A80,9/2/2025,VnExpress,news.google.com,https://news.google.com/rss/articles/CBMimgFBVV95cUxQRUNtOUxKTllPVk9qTS1lSjFqQlFNRnM2NVBsb0NsUmtvbG1wb0Fib2JsV01FX3NGaWZQTTFGV1ZtekgtTEhteExwYUYxdjBDXy1UeS10U0pRTmJENFJ0SU9kc040b3E0T3dtS2pYbENXcGNtOVA0VTkwMXc0ZGtCeFZDcDN3RWFqRktrNFI5MnYyTlN3a2NCdGJn?oc=5,Vinamilk Optimum đồng hành cùng 80 gia đình nữ chiến sĩ A80  VnExpress,Vinamilk,Vinamilk chiến dịch
Vinamilk nói gì về khả năng tự chủ khi Tập đoàn của tỷ phú Thái tăng tỷ lệ sở hữu lên gần 25%?,2/8/2026,CafeF,news.google.com,https://news.google.com/rss/articles/CBMizAFBVV95cUxNS2hUemdOdUZRWEtBVlc0TThJSUpldTBDRnAyWi1ZbXN1enZPaDhrZ2Q5UFpKYUVRYmJySUppY01lNmlJTWtkWTlLc2ZfS3U5LW1FeDdYcU1xam53YWRETDNNVlpRdU54M0ZRazMzdlNZRnpaOUFCSUpWa0J1QTBkSXl4TVJpSThVdHVjdGZUbHdvZ2ppQmpvOTRxVDZINWo2Zm9ZVnpibnN0NzZWSDdVSm9vaTJLWU5WV2lTMUNJakVpZk5uUlA2UC0xQXk?oc=5,Vinamilk nói gì về khả năng tự chủ khi Tập đoàn của tỷ phú Thái tăng tỷ lệ sở hữu lên gần 25%?  CafeF,Vinamilk,"Vinamilk chiến dịch, Vinamilk doanh thu"
"8 chiến dịch FMCG nổi bật trên mạng xã hội cuối năm 2023 - đầu năm 2024: Vinamilk tái định vị thương hiệu sau gần 50 năm, Tiger Beer kết hợp với G-Dragon",5/1/2024,Advertising Vietnam,news.google.com,https://news.google.com/rss/articles/CBMioAJBVV95cUxPc0IwZFYyY0hIZnA2RkpBa3FGZUhKUHhBV0UzV2ViZ3NISWY5NmpfQjhBMnlPT09qSEtaUTdNMkxwQ2lsdkFudDliZ21Oc29mSi1ydDNxcW5zbnF6RHk1OHBMRExBT1ZoOURSRlVOLVctZndSWEJ3N0hDTkRoVk52TWlCb0M1R1VBZzMxaTFhQmdOOVJqZmxNbTlMZ2pMQzRTekpLZDByaDZZMTFGX3JLQnRQbE5WZFNZbDFRdkJsTzBtNmZucEx5VHFYVnhRSWtyTDUyak54bjFKWlZHS3ZZcUhCY0lQZlBnNFpkVzM3d28yRXZZVS15VnV6WFlnM0NpbkpGTFh4bVlHUWp6OHdjQ1ZPTDkyTWNzdlVQaTZURUM?oc=5,"8 chiến dịch FMCG nổi bật trên mạng xã hội cuối năm 2023 - đầu năm 2024: Vinamilk tái định vị thương hiệu sau gần 50 năm, Tiger Beer kết hợp với G-Dragon  Advertising Vietnam",Vinamilk,Vinamilk chiến dịch
"Nestlé, Vinamilk,… chiếm cảm tình khách hàng qua các hoạt động vì cộng đồng, thành công nhờ chiến thuật ESG",1/22/2024,Advertising Vietnam,news.google.com,https://news.google.com/rss/articles/CBMi4wFBVV95cUxOQUdUbk93RTc1VDl0WFVIQnFhYkVsZVZXVWdoalY3NTJIQ0VycHJ6LWtpdjd3dWJvdXB5WVhvWXdGYkJOaU1zdTNUNEMzd1hoUGJxeGdIa3N2OXI2STk1dDBTSlhOVUhqcE9QSXMtdXRtcmk3elljT21FSm0zVmNDaHJ3NFZDVUhJN0ZhSDZEY3Y3aVlGYXBZTl9TWVdLRUN5XzRqaDN3NGhMbTBJRTlqc3ZsZnlZcG1OWlFLQ3JGQUhFdldBNk1GWU1tcGg5WmlTLVhJUVVmVE1wVlZoREpKY0gybw?oc=5,"Nestlé, Vinamilk,… chiếm cảm tình khách hàng qua các hoạt động vì cộng đồng, thành công nhờ chiến thuật ESG  Advertising Vietnam",Vinamilk,Vinamilk chiến dịch
Chiến lược PR của Vinamilk: Cách xây dựng thương hiệu dẫn đầu,5/9/2024,MISA.VN,news.google.com,https://news.google.com/rss/articles/CBMiZkFVX3lxTE94UzRyQTFHNnUyd1JvNE15TDJvSW5NaHJQTFBvSXl1YklGV2M0aDRha2dDRVpaSjhXODhFYmtxOWNsYjMyMklDWk8yMHh5X1hQNDMwd3UxVk9VclVpam1LWWJ4Zm40QQ?oc=5,Chiến lược PR của Vinamilk: Cách xây dựng thương hiệu dẫn đầu  MISA.VN,Vinamilk,Vinamilk chiến dịch
"Đổi mới, sáng tạo làm nên chất “vàng” cho thương hiệu Vinamilk",1/9/2025,thitruongtaichinhtiente.vn,news.google.com,https://news.google.com/rss/articles/CBMiqAFBVV95cUxOVzl3UC1tS0xleE1zUjZuVTVJbEJwWXNkcDZOOWJyWmhHUi00b3A5WXFiZ3lIeU1lQkhSZFdXblNYcWhmRVVoaGJ5Um1XNGtlQ2NmYkYzbm9kaVdxMndWQ0VfYkNaaFpIaGpGWXBlWFhsbFZxcTFGQ1BHMFhNbTRWVEJJSXVqM3BZNzdFYWpsS1A1YWpxTzVramVRdTRkbnVjU3M0VkhfUXc?oc=5,"Đổi mới, sáng tạo làm nên chất “vàng” cho thương hiệu Vinamilk  thitruongtaichinhtiente.vn",Vinamilk,Vinamilk chiến dịch
Vinamilk: 6 triệu ly sữa,3/16/2024,Brands Vietnam,news.google.com,https://news.google.com/rss/articles/CBMia0FVX3lxTFA5VEFqclFUN05ESXFLaUVGVVFvYjBsVXluSWtrNXdwU3F1Rnl0dF9fd0hqLU5VMC1RZG9mYVN4bnhsN3ZEX0NBQXZoVUR6cXFmTkNhVXdyZVN1dHdCM2NuS2lqUmVFLTN2d0dV?oc=5,Vinamilk: 6 triệu ly sữa  Brands Vietnam,Vinamilk,Vinamilk chiến dịch
4 chiến dịch quảng cáo đánh vào insight người dùng dịp Noel và năm mới: Vinamilk mở triển lãm tương tác đa giác quan; Anlene nhắc nhở sức khỏe là điều ba mẹ cần nhất,12/21/2023,Advertising Vietnam,news.google.com,https://news.google.com/rss/articles/CBMiswJBVV95cUxPMFY4VkZsMXZ5SnFoUTZrSEMtZkVjbnowMnRmcHpzempIb3o3VFZTREZzRWRPQjA4NnNuSHRJOHRCUTc0WFBQLUxfSnRQT3FEX0NBdWgwT3c4ekpfQW00QkJOQkUtZHY3SXFxeFJLMTBvd3d6V1VmZUpZRGFQNlVmcHVhTlFkMk03RjlzTGl0cEItSW5SdEtwbXoyR0FObnBpODI4TTlJbndEd2UzSTdyeW1TM2Z1WWNmTEw5Q1U4clc3WDBlX3VpNzFZM1FpYmMyZXZXZWZORGViVWVfZXJCX2c3cnliLXpSblhOZmFLRjRBSlZwclIxRzRidjNVVmxaLUVtX0RYektPTGRsX2w4SzQwb0NLOFV0T3lTdTlPZXVoSk54QVF0RGE0OXN5V3lHeUtr?oc=5,4 chiến dịch quảng cáo đánh vào insight người dùng dịp Noel và năm mới: Vinamilk mở triển lãm tương tác đa giác quan; Anlene nhắc nhở sức khỏe là điều ba mẹ cần nhất  Advertising Vietnam,Vinamilk,Vinamilk chiến dịch
Màn tái nhận diện thương hiệu kết hợp UGC của Vinamilk; Samsung tung TVC kinh dị trước thềm ra mắt sản phẩm: 5 chiến dịch độc đáo nhất tuần qua,7/13/2023,Advertising Vietnam,news.google.com,https://news.google.com/rss/articles/CBMilgJBVV95cUxPdEc2SUFhcUJabXYtVGZGYU9CRk8ycXBKektoNHh0dUVqWlhlX3cwZHRmVzFmd3dLclB2eXhxYlpFRExKLXQ3bFZVZUJ0bDloRHFtbk9FTVQ0VXJSbk5BWWE2T01lZ3VUeXpDZWtPUnN0WUQzTTNEVFotT2FpZ1V3RnZ5eHJwRF9TZFJlelQ5REVtWkM1bkVnOVJnQ1dJdHlnZW5sQ1ZNTlNJZjgxRHIyeXlyLVFMbXpvWC1GZGo2UVF2eEFCMVRRUklWZzFmNEZ1LWN6OW1md3dNUXo0UGVDYnJaNzI0WEtBSHh4cloxUmhPa2RXZE04bWF3MExHVXFPdk01d2ptS0FYXy1NamN0M0d0Q0E2dw?oc=5,Màn tái nhận diện thương hiệu kết hợp UGC của Vinamilk; Samsung tung TVC kinh dị trước thềm ra mắt sản phẩm: 5 chiến dịch độc đáo nhất tuần qua  Advertising Vietnam,Vinamilk,Vinamilk chiến dịch
"Vinamilk 2025: Chiến lược đổi mới sản phẩm, công nghệ và tiếp cận người dùng",4/28/2025,Báo VietNamNet,news.google.com,https://news.google.com/rss/articles/CBMirgFBVV95cUxNNzV0MzZaV29oUWE0aHNhdFMxQ3BpVlZOXzVhZ2Y3dmNDejd0N0Z4Z09BM1J4NXd1TVpwa1FhaS1Oa09ZSHdZenhCWU1jTU9URU1UT3JLdnBJVzA5cEUyTl9GaDN0bG1uMFdjTVYwbENKY2J5NTNGZ1N4MzZfVEFNdzQ4Q2thVTFDOWo3WUpORUpleXVtcFVhWmpOUW1FS1d2YjJHVVE1WW1nVjdwZXc?oc=5,"Vinamilk 2025: Chiến lược đổi mới sản phẩm, công nghệ và tiếp cận người dùng  Báo VietNamNet",Vinamilk,Vinamilk chiến dịch
Vinamilk - Sự trở lại mạnh mẽ sau màn tái định vị thương hiệu gây sốt cộng đồng mạng,7/11/2023,Brands Vietnam,news.google.com,https://news.google.com/rss/articles/CBMizwFBVV95cUxOTHItZ0JPMkpsOER4bTRfeFNtakpHQXl0el9xOFJaR0JTemJlZEhQallHaVlIUTJHak1HSC1rNHpuU0FCSE1QdDcwLXNZOEtMcjJ6TzVkN1VCU0E4Y3ZtaTc2OG5ubjBPZDR5eXhhcGV0VXUwRzlhRnRXSmstQjNSQ2JKeXV2b19FX1dIcnZmZ1Uxcmh3a094bm5keUcyS3JDZDlMS0lyZHhaR21rTkE3V0lPbEs0N0JtSDR3c2sxQkp4VVZ4dWlwSU1va1N1dXc?oc=5,Vinamilk - Sự trở lại mạnh mẽ sau màn tái định vị thương hiệu gây sốt cộng đồng mạng  Brands Vietnam,Vinamilk,Vinamilk chiến dịch
Quỹ sữa Vươn cao Việt Nam và Vinamilk: 15 năm nhìn lại,11/23/2022,Báo Tuổi Trẻ,news.google.com,https://news.google.com/rss/articles/CBMimgFBVV95cUxPd0h2MFBfZmZnZEJ6M19ZMjd6bS1NbGpNcnFkMEoxZVpYQ0hCQ00wbE5oM3F1S1NFVWd5dkdsZ0hncUpGUk55QkRPYlo4R2JycFVqQ0lJOWR4SVRrME81OC16MElfNVN4bjNoRVZxZXJUdHBld1M4Z1ZqWFptMHhEUXlIM3N3V3laMHJ1MlNITE42LUUzX1JnY1Fn?oc=5,Quỹ sữa Vươn cao Việt Nam và Vinamilk: 15 năm nhìn lại  Báo Tuổi Trẻ,Vinamilk,Vinamilk chiến dịch
Chiến lược hướng đến Net Zero của Vinamilk - điểm nhấn tại Hội nghị Sữa Toàn cầu,6/27/2024,Báo Quân đội nhân dân,news.google.com,https://news.google.com/rss/articles/CBMiwAFBVV95cUxON3hYemgxaVhBdFZ3ZWlBckd6aDB3eC0taEZnSTVUeHFRdHdxTkpwQ241WTh2NURfMnlaMC1pV29PVVctc19TTWR0MXU2czQyaVNkU3hFM3BESFdZODFNUlFRemdCNGhlelhwSExkYTR0OFIzSTNLR3luYnBVZ3N4NUFSemVsMVZWZlZPVENIbTZ6eFBScnVrekNiRFVuOWI0SmdpdGkwdklESmEzZlBRRExJU1ZUV242eXR1TWRZd1M?oc=5,Chiến lược hướng đến Net Zero của Vinamilk - điểm nhấn tại Hội nghị Sữa Toàn cầu  Báo Quân đội nhân dân,Vinamilk,Vinamilk chiến dịch
"Theo đuổi chiến lược 'xanh', Vinamilk đầu tư như thế nào cho các trang trại?",9/18/2023,Báo Tuổi Trẻ,news.google.com,https://news.google.com/rss/articles/CBMiswFBVV95cUxNeEZ6akcwa0daOVV0UnJ1cnpLRHFTVGt4UEFpZVBrUEZOQkNKamdLU3Iyb25XMlFWdmNnTVFPelJCTERwYXJpN1FZZ1NOU0NMd0xPV3JpUjJNdE42OGZZYlF1Njktd2JQOXZvOEk0cnNYRE1wQy1lYm4tRnZWUElHZmNiNkdycGlqVi13aF9TMkt1WDJjQmV0ZXBha2dKOWduV0tpY0pvYzZ6T21KWG9VU1lFSQ?oc=5,"Theo đuổi chiến lược 'xanh', Vinamilk đầu tư như thế nào cho các trang trại?  Báo Tuổi Trẻ",Vinamilk,Vinamilk chiến dịch
"Đổi mới, sáng tạo làm nên chất “vàng” cho thương hiệu Vinamilk",1/9/2025,Nhadautu.vn,news.google.com,https://news.google.com/rss/articles/CBMilgFBVV95cUxNYXdOMTBZRlpGX0U5cmg1WjBJaTFwSXBLNDRPYkZEa0pjRzVDbmY3RjhXYkRvUi02UUdJeUFKcFFPLWExZndjWFRDa2VWTmc2RlBuRnZxYnV3NlRjbjVkS3BuVFZTMEpPcnYwY1RRMHFQOVY3bHJLeks5SDdMUWlsUE9oSmY3RlFLeUNJb3RGa3VfTVl6dVE?oc=5,"Đổi mới, sáng tạo làm nên chất “vàng” cho thương hiệu Vinamilk  Nhadautu.vn",Vinamilk,Vinamilk chiến dịch
"Hành trình nửa thập kỷ của Vinamilk: Hợp tác với nông dân thay thế nguyên liệu nhập khẩu, tái định vị để cạnh tranh với thương hiệu quốc tế",11/1/2023,Advertising Vietnam,news.google.com,https://news.google.com/rss/articles/CBMikAJBVV95cUxQZVV4TV9zOTJ2TVFKOFI1VlB6YThwMXdWRnZLYkh4R1VPTVJ1RGNuMkN3WnJydmZZWTJvcGhRXzh2RVphaEc2cWZkNW9peU53bVJGcWNoUlliMXZKZDNDRkhTRHFTQktYazZLcEttakRGc3U3RUVzb2ZvS2N6YlJnSlJBdGM4Sjh0WkhPSDNGVlRDazd3dmdEVUlkVjlCMlJ2M2RpLUNaVUNnNUVJMGV2SE44ai16d2NrbU9HWk4xTjlsajVRTVZwaXJpSmhnZExBYWNsTFQwWGw2Zkp5UG81TmZSRlRFS2hpT1JfZ0dhbGRFWURiSkNHM0FKd2NmX3VlcDJVTXMzbks3c1B6enl5NA?oc=5,"Hành trình nửa thập kỷ của Vinamilk: Hợp tác với nông dân thay thế nguyên liệu nhập khẩu, tái định vị để cạnh tranh với thương hiệu quốc tế  Advertising Vietnam",Vinamilk,Vinamilk chiến dịch
"Đổi mới, sáng tạo làm nên chất “vàng” cho thương hiệu Vinamilk",1/8/2025,Tạp chí Pháp Lý,news.google.com,https://news.google.com/rss/articles/CBMimgFBVV95cUxPNFYwTk00OHVBUGh3Rm05b1R3OHhldF9LeE53aGNCYlM1STRHTHFORmE3bkVGLW51TTRLbzVzZENfc0pEMHBiZkhPRWJSSUlCOTRXQ2lvN044ZDQ3RXZMUlYwbEhQRDdqZHhqbHJIUzF1OEpGZ3I5ZU43bGhyNHA1S2h6SHowMXFRWTRWUW41WVFlaTU1dlNnNWlB?oc=5,"Đổi mới, sáng tạo làm nên chất “vàng” cho thương hiệu Vinamilk  Tạp chí Pháp Lý",Vinamilk,Vinamilk chiến dịch
"Đổi mới, sáng tạo làm nên chất “vàng” thương hiệu cho Vinamilk",1/9/2025,Báo Dân Việt,news.google.com,https://news.google.com/rss/articles/CBMipAFBVV95cUxOQzJITlJvZzVGcVZXSFk3ZFRKMnhHajZYaFo1MFMtTy1rRGFHTnVtSE9yMU04ZzlpR1hSV08xVU1fU0gxRVA3N3FXRkNsYmdLZlEwQWJVT09uZW1BVElUVVpBQ0FOQ3c4UjdrQ1pWYXZCbm4zYmRqTlBlMUxuNm4zTW1BdkhyQlE0MnZnaVFKYlBvZmdDVjZGQVVNemNtTmd0SUdtNw?oc=5,"Đổi mới, sáng tạo làm nên chất “vàng” thương hiệu cho Vinamilk  Báo Dân Việt",Vinamilk,Vinamilk chiến dịch
"Vinamilk mở đầu năm 2025 với loạt giải thưởng về thương hiệu, đổi mới, sáng tạo",1/10/2025,Thời Báo Ngân Hàng,news.google.com,https://news.google.com/rss/articles/CBMitwFBVV95cUxNMzFTZW90T1Fhd1lCekZMUFBwT1R0UndhMk5sRExXU0VnUHhSa3FNVkYwTGg3R2VZOFdsOVhUMXdUSVBKRzMyeHFJMjBiVWtjUmhXSG9yM25DckZsazJRb1FJeUl1Z0hZZWlaaHQzX2RQdVA3aDdGbHBMZGFsaWlrUXBCNVh2blRoelhXVFV6S0k4TkpwY3NkQ0cwd3NYNFRpYTJuNy1KQzhfRGRRWGlKWXloeldjMjA?oc=5,"Vinamilk mở đầu năm 2025 với loạt giải thưởng về thương hiệu, đổi mới, sáng tạo  Thời Báo Ngân Hàng",Vinamilk,Vinamilk chiến dịch
Lý giải chiến lược đổi mới thương hiệu với trọng tâm “vì khách hàng” của Vinamilk,1/8/2025,VnBusiness,news.google.com,https://news.google.com/rss/articles/CBMiqgFBVV95cUxOZ05rcGlVZ0lUTmdPakl6eTBLbWdkQjd1Y2w2SkY4Z05XbkZqQkhZM2xYMUJ0Y3dzeDNoMU1GOGtBMm1ZUUptcXFsTkl5bWJnX0RmOXV1blBrMm9PUDNNWGNDbldrdFBOZ3hEd2ZtTHNibkxfcTVQcHNUc2pMc1lYZExWZTJfOEpieTVSNzc2Wjdwd05MTjk1VXk1V0dvZHZyTVRjR0pxQkU4dw?oc=5,Lý giải chiến lược đổi mới thương hiệu với trọng tâm “vì khách hàng” của Vinamilk  VnBusiness,Vinamilk,Vinamilk chiến dịch
Vinamilk - hành trình đưa thương hiệu Việt chinh phục thị trường toàn cầu,12/7/2023,BÁO SÀI GÒN GIẢI PHÓNG,news.google.com,https://news.google.com/rss/articles/CBMisAFBVV95cUxPQ0dKVld2TlA0aTdfTDVYa2cxZ1pSTVhCYjlrSzZfVjRjRXRoVEMxRC1YdXVkRDJEdHZpMHc4UTRnTkFha2NtdzVvUGVoQjNkbVd0dVpIX0M4OXU1Z2NjOE1vdm1iM0laMEREWXN4Y1ZDYkVGRnBjR2JIMHFTd2d5U0ZsMndRTUtLTWxyMmVmYm03S2dqanZyZVhUYS01Rnl5YTNjcWV5ZXJsNkV1aE1EZg?oc=5,Vinamilk - hành trình đưa thương hiệu Việt chinh phục thị trường toàn cầu  BÁO SÀI GÒN GIẢI PHÓNG,Vinamilk,Vinamilk chiến dịch
Vinamilk: Có thể kỳ vọng gì từ chiến dịch thay đổi nhận diện thương hiệu?,7/27/2023,diendandoanhnghiep.vn,news.google.com,https://news.google.com/rss/articles/CBMitgFBVV95cUxNVDNKSUc4VXZJX0lsc1NxVHNTYmRVR2RHX2YyVmN2WkR0V2s3aTZsTHBDNXZRLXBJLUFqS2M1Ui1QaVg4ZEJoU0twY1NoMVFMZVRlb1d5djFsQ3RWb0lmOGxFZXZQelVrVHprY0tWempMQkhLam1qcmtlRm9LWlQ0alppdWFCcEV5a3hXeDBVUDZUb1RWMHRaMU9WNnhGVmRfMVpkSEhTeFRQMjB0SEVlVUIxaVZ1Zw?oc=5,Vinamilk: Có thể kỳ vọng gì từ chiến dịch thay đổi nhận diện thương hiệu?  diendandoanhnghiep.vn,Vinamilk,Vinamilk chiến dịch
Chất lượng quốc tế - yếu tố giúp Vinamilk chinh phục người tiêu dùng toàn cầu,12/14/2023,Kiểm sát điện tử,news.google.com,https://news.google.com/rss/articles/CBMiqAFBVV95cUxOakI3amJRRTJwZFdhNGdsazJkV3FNOUwzanloNm1qS3czVmxlZVFOSDNERlhpcXhQQy1pT2dGdE5XY3lxUHdwSlhQbTh6SjRpSWtrRW00U29fZVp0bTNfd3NmR3BrN3NNSXlUQU1oU0k4azgtMl9XbWJ1YldiOXZYWDVGQnJNdFpnSHRkTkc0ZVNqeG1QaXdBeFVqT0xweVJJbFY5bGc4ODg?oc=5,Chất lượng quốc tế - yếu tố giúp Vinamilk chinh phục người tiêu dùng toàn cầu  Kiểm sát điện tử,Vinamilk,Vinamilk chiến dịch
"Vinamilk mở đầu năm 2025 với loạt giải thưởng về thương hiệu, đổi mới sáng tạo",1/8/2025,Báo điện tử VTC News,news.google.com,https://news.google.com/rss/articles/CBMirwFBVV95cUxQaDZ1R2xXRzV2Q2FrYlhsd1p6QXZGSmRMdnJWNTZXVlpOeEU1RDI3WjRpTjVKUmJhVWNKUTcyM0h5UnB0UmpVcDRKU2U3VWFaSGZ3S3Rac0dRX2RwSnJNZXVldXJzME9aZWZZR0NqeG5zdEdDeVlLV0pQbGk2Vk1qTHpqbGItZUR0SGQzRmlxRUVfX3hyanhUUFZKMWZwMEs1WGdfQWxSZHNqMXgzczFz?oc=5,"Vinamilk mở đầu năm 2025 với loạt giải thưởng về thương hiệu, đổi mới sáng tạo  Báo điện tử VTC News",Vinamilk,Vinamilk chiến dịch
"Vinamilk khởi động chiến dịch ''Triệu ly sữa yêu thương, triệu nụ cười hạnh phúc''",4/1/2021,hanoimoi.vn,news.google.com,https://news.google.com/rss/articles/CBMirgFBVV95cUxPSEVkcEhhY3JncTBUMDB0UFpQUzJvWTJuZzluOXUtckY2Q3lwaThiSkdMa2pIcnRGNHhfZFFZaTJCODV0X3dBeG5Cb0R0SDBMY1VZYlVkMGNEcXNzSktfb1Bhb1RBNklnbk90eTQ1NXNKNlNNMEkxRHVPc01teXo3NEhfT05uUlpJUmRXZUo3dkZENTljVEhGekhkTC00c3ZLSmxYc09jNU1zV2FpOEE?oc=5,"Vinamilk khởi động chiến dịch ''Triệu ly sữa yêu thương, triệu nụ cười hạnh phúc''  hanoimoi.vn",Vinamilk,Vinamilk chiến dịch
"7 chiến dịch tái định vị thương hiệu nổi bật trong năm 2023: Vinamilk, Pepsi, Nokia đề cao xu hướng tối giản; Mirinda truyền tải tinh thần năng động với 50 bảng màu khác nhau",7/8/2023,Advertising Vietnam,news.google.com,https://news.google.com/rss/articles/CBMivAJBVV95cUxQV25qTGJocXo0Zm5zOGNOR2JEcjBVUFdKd3k0RXRjUzA0MTd2ZmxKbF92XzVMeXUyaEFxRmVvRHAtdC1NQmdVNmhaRklCTEh0QjUyR3dMQlgwaW1LTmFkNjhwaGU5TmswQ292cm5pbXlJV2lPYWZtVmFMaVVhUThscVdDdTJlOWxvRkVQNXA2OGpQQWRHeFdRQlRpZ0FsUy10aXhrV2dERDQ1N2ZzWnNJWFNpbS1TYmVfaHhFS3FhRmp5T0ZPNi1PX3ZfYUxfZFNqd1lzaTVreTgxekNMVnBCbG5nYzJFUmNORDA4TkdvSEtQYjMwM2RpQXVMaUV6RjU5Y2JxcVVOWkJhdnBYQXhRWnJjcm1UQklZTVV1ZFAtQk91cDVRTG1wRnNyU21aQ0MxY3dYclNXNF9PSUdU?oc=5,"7 chiến dịch tái định vị thương hiệu nổi bật trong năm 2023: Vinamilk, Pepsi, Nokia đề cao xu hướng tối giản; Mirinda truyền tải tinh thần năng động với 50 bảng màu khác nhau  Advertising Vietnam",Vinamilk,Vinamilk chiến dịch
"Vinamilk về đích 2024: Doanh thu nước ngoài tăng trưởng cao nhất 5 năm, nội địa phục hồi, nhiều sản phẩm đột phá",1/24/2025,Thời báo Tài chính Việt Nam,news.google.com,https://news.google.com/rss/articles/CBMi6wFBVV95cUxPcUJlY2RsUVl6dEFQeHFYWW5TMFMwcHFDNERaNXFoOHlJbUhtM0lwX3c2ZmhqM2lPREFfbWVyODNJQmZoME1Ob1g2Nm9vYmRSS2JFamlnUXR4bWxDeHNJNEJNR21DYmZnbEN6UVRoX2ptNzg1cVAxVWNoZVV5WGkzTFVkYTNBOVo2LTE3R0VJTVNucWVCWkpzd3ZCWGFUSXlLZnVQTTRabVNPdkZPaWtZNk95NkpoVjhYSDZ6ZVhKd2l0c2VLTHF2ZGZBMnNSR2N2OXctR2kxWFFLdUMwSzBEeXVDUHpGWkg3bUNr?oc=5,"Vinamilk về đích 2024: Doanh thu nước ngoài tăng trưởng cao nhất 5 năm, nội địa phục hồi, nhiều sản phẩm đột phá  Thời báo Tài chính Việt Nam",Vinamilk,Vinamilk chiến dịch
Vinamilk đổi mới sáng tạo để bước vào kỷ nguyên vươn mình,1/27/2025,baodautu,news.google.com,https://news.google.com/rss/articles/CBMilAFBVV95cUxPNk5LMWx0QW9QZEZuZEE5bXlUMUw5MUxVbmduTXlIUHFvZGl0Zk5zWHlEc012UnAzcEtIckRFQ1RWU0xhdVVtblFscFl3TkFXUjFtVk5uTzlUcUZkczBmVTllLTFzRlBSOHQwMnBOcEE4S3pWOXRXZm94U2FOUlhJNjBIVnlsUTdqa25kT3F2NTQyam5t?oc=5,Vinamilk đổi mới sáng tạo để bước vào kỷ nguyên vươn mình  baodautu,Vinamilk,Vinamilk chiến dịch
Vinamilk một năm sau tái định vị thương hiệu: Vẫn đang ở “thời điểm lý tưởng để thay đổi”,6/12/2024,thitruongtaichinhtiente.vn,news.google.com,https://news.google.com/rss/articles/CBMizAFBVV95cUxNYXJKanFYbWxzazR1emQ3MllQV3Q1X2xNTno2dTIwUDRjZUQ5ck92SDhHY3RUY1djN3pWSEk5VzM5ODN6RGx3akNZaXFUS0hlakVVX1BiTnVIRkhFQXZndFhrZml2QlFzdjlBQVBmMTE4LU56TXMyQzZsQmpNRnd1OHNzX0pfRzZKMkE2RjZEODJEOXRNTHlheVd1N3FUNDdZSElQZk1YRDktR29MOE1lSDhiRUJSaGRqQUFOSms2M2ZlT1hTN2pkR2Y0TFA?oc=5,Vinamilk một năm sau tái định vị thương hiệu: Vẫn đang ở “thời điểm lý tưởng để thay đổi”  thitruongtaichinhtiente.vn,Vinamilk,Vinamilk chiến dịch
"Vinamilk ra mắt MV giáo dục trẻ em bảo vệ môi trường, Diana trình làng sự kiện 3D Mapping với trải nghiệm đa giác quan độc đáo: 4 chiến dịch ấn tượng tuần qua",9/6/2023,Advertising Vietnam,news.google.com,https://news.google.com/rss/articles/CBMiqgJBVV95cUxPUWpubi1qSU5xSkxCcVpVVEJuYU9RSzZiRGZIZU5UQjZsT01jamNCVmd4bGpocENZTHkwVm1NTGNWRDl3OXZIcHA2eGVNcnNQUG51QzBDdHJibXZxQlBFRGFwanZrTm5VNGpYWGg3Y3dDbWRSRUpFclc4YUl5STlGY05KRWVPSkIyenhFT2dQaUNEd0NPSWZwN0ZzQWVBU0dwTkhGNXFaR0Q2bmYzcnpFLXRLUVJoVkpFU0ZqOTZ5SXZyT2lKMl8yempUZ2JpVEQtdkhGM2EtOHJsXzFtbUZ0YW80Ml92bGszTWIwY3A2WVgxMXdoV1kteHJ4TlRwalpUUUh2S2VBZ0M0ZXlxbzJfbGtpdmhyd2wyZ2FjblkxWEFiOFNHcGhONWFR?oc=5,"Vinamilk ra mắt MV giáo dục trẻ em bảo vệ môi trường, Diana trình làng sự kiện 3D Mapping với trải nghiệm đa giác quan độc đáo: 4 chiến dịch ấn tượng tuần qua  Advertising Vietnam",Vinamilk,Vinamilk chiến dịch
Nước cờ thông minh của Vinamilk (VNM): Tái định vị để dẫn đầu thị trường,1/5/2025,nguoiquansat.vn,news.google.com,https://news.google.com/rss/articles/CBMiqAFBVV95cUxONGs0LUF3cS0yN0lXR1FXU3oydVU4dVZsbWMxdDcxMlJOM1g2SHRXWmVOR09Fb0lZM1lZYVp3eTFQckJiMEhmd0VocWhJRjdiOHhiT1FSaVNQMXpkOVA1WDJIMnM2Vy05MUJ2d0stbmFhZERvU1FsQzNYbnpGM3kzSDlIRXN1NTVHazlCMFdVcEVraURWR3o2TTBvXzkwT1JkdFo1ZXJKT0U?oc=5,Nước cờ thông minh của Vinamilk (VNM): Tái định vị để dẫn đầu thị trường  nguoiquansat.vn,Vinamilk,Vinamilk chiến dịch
Vinamilk: Có thể kỳ vọng gì từ chiến dịch thay đổi nhận diện thương hiệu?,7/27/2023,Báo Công an Thành Phố Hồ Chí Minh,news.google.com,https://news.google.com/rss/articles/CBMizgFBVV95cUxQZTVWQWMwNFdRVG5MRkI0Z19lbERNVTdTQ3JvdVMxSVF1cVctaEFGTEJOVWlIaVhZTlNJT3hkMmZyRFM0QTJoUzZDdTFiQU44Zk1FUnNhcXBidFRoN3RSOHNOYVhuNEdNeXZmWDJweXpFU0d6cnlxM0FOb1V4NVVFemY2WmU4dGkyRENYLUFtLWUyYmNrejRpTG5raFBFalhmZ25pSmZZZzNlQ05CRWRDMU1ZWEVKeGx1MDItRWhzT0VSWFIwVXhucmNaSVRLQQ?oc=5,Vinamilk: Có thể kỳ vọng gì từ chiến dịch thay đổi nhận diện thương hiệu?  Báo Công an Thành Phố Hồ Chí Minh,Vinamilk,Vinamilk chiến dịch
Động lực tăng trưởng của Vinamilk nửa cuối năm: Tái định vị thương hiệu sữa bột và kinh tế phục hồi,8/28/2024,Vietstock,news.google.com,https://news.google.com/rss/articles/CBMi2wFBVV95cUxQWnpCZWNCSTdkT3R2RG9LWUxieEg3U3BESlU2NDBDWHd0ZmdKY3JFY2hCVmV0LU9EckxDZ1BKeG4wcVo0b3dIRHRFaXc5aXR0NFptZVR0b2R2UFVmTWdKNW5XbV9Qb003NDRncXpQdlVWb29RSlpiT3dyUzFUNXhEdXZjTU1GNHhFN0lacXY0MVh4eHJLOWJrRllOdml0dzRoRjRMX21WX09mZ09kY3FBTk9XV01kc1FWUk9aM1hvaVlCRWNoMi12QW9fREprRWRQNWtQdlhnVnlheWs?oc=5,Động lực tăng trưởng của Vinamilk nửa cuối năm: Tái định vị thương hiệu sữa bột và kinh tế phục hồi  Vietstock,Vinamilk,Vinamilk chiến dịch
Vinamilk và câu chuyện “thay áo mới”,12/10/2023,hanoimoi.vn,news.google.com,https://news.google.com/rss/articles/CBMidEFVX3lxTE9RS1BBM1dWQmt0QXl4SUZham5aV0R0Mi11djBPTDdTaVlxYk5zeUcwRzRtTmIzUDRNVjA1TG1YRGg5QkhnenQ3LUszMmJwazM2OFNrd0JzSXR5NUhCdm4yYms5N3E0emZMdElCUmtraXVCNWY4?oc=5,Vinamilk và câu chuyện “thay áo mới”  hanoimoi.vn,Vinamilk,Vinamilk chiến dịch
Vinamilk và câu chuyện đằng sau thay đổi nhận diện thương hiệu,12/8/2023,Thế giới tiếp thị,news.google.com,https://news.google.com/rss/articles/CBMixAFBVV95cUxPZzRXT1RrOTRrNnlfOVZ3Yk5pcVAxQ3F5Rzl0STl6OWI5aWh4Zm93SkFrdzEwaWlIOG1KTTY0eDBjeE1LNHNjSTBQd25SZUozWXFxUk52dUpwX09Xa3p3ZkQ5S2ZWdzBTRDNHM05Cbk1DS085WnY5YjAycUxMQnljLVJ0TkotUFdwNHl1Wi04XzAxQ240cG1mZWZMa3pTR1RQbWdDV3FsUXRib1dJZzVpbWhDZTZzY1RuOWd0MWd3N3p3R05W?oc=5,Vinamilk và câu chuyện đằng sau thay đổi nhận diện thương hiệu  Thế giới tiếp thị,Vinamilk,Vinamilk chiến dịch
Lãnh đạo Vinamilk: 'Tiếp cận thị trường bằng chất lượng',11/24/2023,VnExpress,news.google.com,https://news.google.com/rss/articles/CBMikgFBVV95cUxPVm0zOU1LcnVlYUZUcjF2OUQyVENTNmdjOG1fcXRyX2xQQThJRTFFWGhQZmVrRklYZXhyUHR3ZEw2dnZoSklZM0xPR3pLOWhSU1BDX2xoZHdtQnJ0amhpbmg3bDgyLVVkWWgwZW16OU9QV21lTkZ6WHRNUkpGQm5reVp5RGkwcE1GamV6cllLTzFLQQ?oc=5,Lãnh đạo Vinamilk: 'Tiếp cận thị trường bằng chất lượng'  VnExpress,Vinamilk,Vinamilk chiến dịch
"Tốn hàng triệu USD đổi logo: Đằng sau chiến dịch ồn ào của Starbucks, Vinamilk",7/11/2023,VietnamFinance,news.google.com,https://news.google.com/rss/articles/CBMitAFBVV95cUxNZUxYMnBRSS1ZMGtuclE1X1NkSFZMQ1JTREJobXc0VVJKSGVWWjRrQjlRRUZBeFI5VDF6Sk01N1hWdE11MHNfdHlXTUw3bjg1OVJDUHMzbjhkNV8yc2VNM0pCbWFUY1ZnMmVrUTZ4UXEtWkdhR3RWUmE5QVpjOHh0aFNvRDlldXZ3NXdvYW5oNTNua2tCUy1xRXNSUGE4aWUxTW1SczlfMHI2NVE0MmJWWVBqOFU?oc=5,"Tốn hàng triệu USD đổi logo: Đằng sau chiến dịch ồn ào của Starbucks, Vinamilk  VietnamFinance",Vinamilk,Vinamilk chiến dịch
Tái định vị thương hiệu của Vinamilk không chỉ dừng lại ở “chuyện thay chiếc áo”,7/17/2023,MarketingAI,news.google.com,https://news.google.com/rss/articles/CBMitgFBVV95cUxNVmZIelFKemtlR2g4OTU1TTNpRjgyVlJoQ2tFbUgzTDYwZjlrS3Z2SUV3ZVliU0pxYnVHLWQ1TmIyM2VCNEZxdHp5ekRtOC1RNEJXQmpxZUNKNVV1cEpiSGtfcVRtbVFsdjUwTUo3UFExSEZPVUdtTi1hWkQ2ZUhTUjBjUWRiQU9vX2p6VUdLRnVscXBNRFh0N3VkRTBfZnZ4allqcTFTUFRIRDFveC1yNWlJSThoZw?oc=5,Tái định vị thương hiệu của Vinamilk không chỉ dừng lại ở “chuyện thay chiếc áo”  MarketingAI,Vinamilk,Vinamilk chiến dịch
Tổng Giám đốc Vinamilk Mai Kiều Liên: Nghị quyết 68 như 'Chiến dịch Hồ Chí Minh' thúc đẩy kinh tế tư nhân thần tốc,5/31/2025,nguoiquansat.vn,news.google.com,https://news.google.com/rss/articles/CBMi4AFBVV95cUxPSWRuTGJ4N0lTU20xY3pOaGVXbkhSUTBCYTAwbFF5SE45VjJzcGs2YnNZZ3dZa3lFZl9MdHhrOXhpTkUybDFSR0ZlS2oxNW9yeXNVcFV1ZTVWU1dqeTdTRXdNNm5sSmlKV2NQSXIxbXBjMWoweXQ0d0wyTzFCUGdpNWdJRVlPNER2OEU3YjloYlhFLUZtajFrbFByWGsybU0tOTdLaWRDT2FpVVNPY1VEVVgyN3RBNDhQaHFUQTl6bzJHQ2Y4YzR4bmFPcm5LNlNTazhIR2hRVy1nQ1NkWmRYcw?oc=5,Tổng Giám đốc Vinamilk Mai Kiều Liên: Nghị quyết 68 như 'Chiến dịch Hồ Chí Minh' thúc đẩy kinh tế tư nhân thần tốc  nguoiquansat.vn,Vinamilk,Vinamilk chiến dịch
VNM: Vinamilk (VNM): Hành trình ‘trẻ hóa’ ở tuổi 47 và chiến lược thích ứng trước ‘cuộc cách mạng’ mới - Chi tiết bài viết,3/8/2025,Vietcap Trading,news.google.com,https://news.google.com/rss/articles/CBMi3gFBVV95cUxQU050ZzZKT0lIQ0c3WTNWMkppc2RCMks2WkdHMEZYNm82WTktd0tkTUl1QVoyV2RRdTNTcmxLVW1ZZXM3M09NVjJBRElsd2NlVmJTVlpLUDhpUHRIekl5TEVOZUdVS1FrQmMtZ0hfU0dNemNQcUVCaWZmTVl5eTJVVzE4bjY1d2thUmE4bXhnanNVWWFGUC1Xci1vb1F3ZS16QnA5WnlkWHl1bURzVTFOWVIzay1ockhiWF9FVFhxUWF1WFBkbFFYY0JoNGZhMHBneWpiTXAzQnhiU1lpZ2c?oc=5,VNM: Vinamilk (VNM): Hành trình ‘trẻ hóa’ ở tuổi 47 và chiến lược thích ứng trước ‘cuộc cách mạng’ mới - Chi tiết bài viết  Vietcap Trading,Vinamilk,Vinamilk chiến dịch
Vinamilk: Có thể kỳ vọng gì từ chiến dịch thay đổi nhận diện thương hiệu?,7/27/2023,Thời báo Tài chính Việt Nam,news.google.com,https://news.google.com/rss/articles/CBMiuAFBVV95cUxQV2ZfWXJQYmwxLWkyUDFFVDJPc2JWNW41aWNtSXQzblRTc1I5cHBvc0gxUDhmWmVoZk11Rm9wYzZmckt6eTIwT011R2lGdjNNNU9OcDAwMkNuZEZBQndSVHNJX1NsXzlkXzdwelVRaUpRUXJ1eXMtR2JSbU04bTBxWGNHWGNOQmJBd2wySGFFR1RucUI5NngzQlhfTU44cG5mMVk0Y1VBb1V1UnJFWFNfSWN0VFZGRG9Z?oc=5,Vinamilk: Có thể kỳ vọng gì từ chiến dịch thay đổi nhận diện thương hiệu?  Thời báo Tài chính Việt Nam,Vinamilk,Vinamilk chiến dịch
"Vượt “gió ngược”, Vinamilk khôi phục thị phần nội địa",11/1/2023,Kiểm sát điện tử,news.google.com,https://news.google.com/rss/articles/CBMihwFBVV95cUxOUlZXbkV1Vnh1TmdCV3dTOUJKZUZyZHhoMEFJa2Y5YkJ4R1JLdlVmNVRpcUZiSmxYN1oyY1YxNFNvLXRUWnhYemc3cmZFZDhXQkJQMlJrbFk5TGZ4ZnBHOHg0Z2g1Mkk4bkVnTXRsQ1NEclVzdzFRb1g1b1F2RWtscjVMOHQ1VVU?oc=5,"Vượt “gió ngược”, Vinamilk khôi phục thị phần nội địa  Kiểm sát điện tử",Vinamilk,Vinamilk chiến dịch
"Cứ 2 ngày làm việc, Vinamilk có một sản phẩm mới hoặc bao bì mới",12/27/2024,Tạp chí Pháp Lý,news.google.com,https://news.google.com/rss/articles/CBMinwFBVV95cUxNczZzdXBzOGNUNXlWRFFHVDNBT0tuaEpxQ1FXdGl5OFhvcDBhZFlLLXZfVFBzNk9ReUN3N2gwTXN5QnZNY1dUUXRvZ3VSS0pNcTVYSHhQTVgxNHRfRFJpZ19Kc0xTekdvaFpnalhEbDdlVVBudHVfY1gtcms3dnZGUWZIejhGWkhzS0pHSjJPZWJEXy1zV3Z6bm1iaFNPU0k?oc=5,"Cứ 2 ngày làm việc, Vinamilk có một sản phẩm mới hoặc bao bì mới  Tạp chí Pháp Lý",Vinamilk,Vinamilk chiến dịch
Vinamilk về đích 2024: Doanh thu nước ngoài tăng trưởng cao nhất 5 năm,1/25/2025,Báo VietNamNet,news.google.com,https://news.google.com/rss/articles/CBMipwFBVV95cUxNd29mSm5iYUNBV1REZDBYVm1wQUFDYU1jVWF2X200ZFZsX2xXQWVySkdYNlhpQ01jZVZSU3lVT3NtZFFwdVgtRGpwcl9haDJhckp6ZXlHekF3ekRDVDcwNk1WcnExSXcyc1A1czdha2tMaDhBZ2Vra01mTVN5N1NMVWpfVzRWdmt0UTRDR1VUSGVENWw5RnJoaGNXSjA2aG5qcHJGcE14Zw?oc=5,Vinamilk về đích 2024: Doanh thu nước ngoài tăng trưởng cao nhất 5 năm  Báo VietNamNet,Vinamilk,Vinamilk chiến dịch
Chiến dịch “Triệu cây xanh” cho Việt Nam của Vinamilk thu hút cộng đồng mạng,11/26/2020,BÁO SÀI GÒN GIẢI PHÓNG,news.google.com,https://news.google.com/rss/articles/CBMitAFBVV95cUxPcEo4bHA1SENpdkhoSG5qMzBxcTJ4Z21sTENLNTNFSF9tSnNoRDNQZThmWXJRNkVoRldzYlQtUzBWYUdGSjVXNTVBaDJMQmtsYzA2T2N3cW9EU3U0OGEzMUdMNFhVZEZzTzJoZDlhSk9heURqSGZEcHFwQ0FESGFCUGozLXBxUzdjMGJxT0J2RmViSjBUZnFlOXlIaDFiTGJUZVhLU0p3M2Q5ck5JRGVuSlVlVGM?oc=5,Chiến dịch “Triệu cây xanh” cho Việt Nam của Vinamilk thu hút cộng đồng mạng  BÁO SÀI GÒN GIẢI PHÓNG,Vinamilk,Vinamilk chiến dịch
Vinamilk phá vỡ cách làm truyền thông truyền thống,12/6/2023,Báo Dân trí,news.google.com,https://news.google.com/rss/articles/CBMiqAFBVV95cUxPSmhSc2pWTm1BWGVHQ0pFYVQzeEtFRkticXpjSnA4cURKUTBldTU2bGNUNEVuRThaRkZzYXRZSy1lUUc5eUNqVl9nTkVJMGR0dHRBdFMxaWhDbDQ0anVRZDd0dkNRR1FzRWNCajVrS0JPeVpwLWNsR1JFMHd5OG40enRlemREYVZ2YmFobEI0RnpnNlBIMTFXU3ZPOFdOLVhjS2E3c0p3cEM?oc=5,Vinamilk phá vỡ cách làm truyền thông truyền thống  Báo Dân trí,Vinamilk,Vinamilk chiến dịch
"Vinamilk: Doanh thu xuất khẩu tăng trưởng 5%, thị phần nội địa được củng cố",10/31/2023,Doanh nghiệp và Tiếp thị,news.google.com,https://news.google.com/rss/articles/CBMiwwFBVV95cUxOOUV6YXdic0UzdFI3aHdzak9EWDlTV1RwT2VDLUJyRWZQdkxSYS04N2M5R0JFVXZMOFBuMldFbU8xSXRNM19HaGkwNk1PSXlFbmJGdDBraURiaXpmdnhjV2lpalNGTmY4eGowOGRya19lUEtVYkdrVzFwY0xpY3JjREJxdmpyZ1lMSWs5aDBEbk1iT3JwSHpyNzJlRDdLbEc5NmI4TmhRSWVlRFc4RmgySDJsemx2eHlFd05zeVdzVEU4cUU?oc=5,"Vinamilk: Doanh thu xuất khẩu tăng trưởng 5%, thị phần nội địa được củng cố  Doanh nghiệp và Tiếp thị",Vinamilk,Vinamilk chiến dịch
Vinamilk tặng 50.000 hộp sữa cho thiếu nhi TPHCM nhân kỷ niệm 50 năm thống nhất đất nước,4/11/2025,Báo Công an Thành Phố Hồ Chí Minh,news.google.com,https://news.google.com/rss/articles/CBMi4wFBVV95cUxQd1BrT2I4NF92ZzF4SldPamx6TU1CdTZhMUw2NjhsWjZNVGJKNnVCek5aOURHdWNnUWFXWnQtN18tMXVfOGN4TmtMR0paS2JDbmhpUTNsMHM3SmZfZkVGOGYydHhWQTRpZHV5NTU2OFYxcGVicmtnb1FhT1FnQUlVUERvZk5hbzR0ek5KRm1tZzBZbGNBYTFxOGNsekFQLVAzNTZPbTZVUkkzTmRFRGxYc3JNVklRV2twUHcyS2s3X3Rjem1fNTRKTTNuSnZWc3BuWE1UWWFGblZwSy1PdDFPY2Q2QQ?oc=5,Vinamilk tặng 50.000 hộp sữa cho thiếu nhi TPHCM nhân kỷ niệm 50 năm thống nhất đất nước  Báo Công an Thành Phố Hồ Chí Minh,Vinamilk,Vinamilk chiến dịch
'Chiến dịch trồng cây xanh' cùng Vinamilk lan tỏa trên mạng xã hội,11/10/2020,baonghean.vn,news.google.com,https://news.google.com/rss/articles/CBMioAFBVV95cUxQQmpncXVSRExibUJaVUZFd0g5RXRhek9fMktjeWxBTDI1SVlZTFRsQUNlRG5XRTVsd0ZDb0E5RnRLUlN5YVBVUngzR2tQSUhOMC12Z3I3V1RvTnlkLUJSTGNUMXpCZXNTdEtVeDMxckRqUzdaT2xoSTVFQ191UktnZE9HV1hUQTJQazJReHYtSGg3UF9TM2ZuM0ZGSF9RTEYw?oc=5,'Chiến dịch trồng cây xanh' cùng Vinamilk lan tỏa trên mạng xã hội  baonghean.vn,Vinamilk,Vinamilk chiến dịch
"Vinamilk ""phủ xanh"" mạng xã hội Việt",7/11/2023,Vietcetera,news.google.com,https://news.google.com/rss/articles/CBMibEFVX3lxTFBzdjFfbm9JY1AyaG5TQW5tQlp4QXA1eXFtSVFQQ3czQmIzREVPQjUxVm11WDF1QzRhMGd1eGZsRmZoMHRJclJqZkVtLTc1OWYyUERXNVhXc0h2SFpUUTMyS0R6dnM1RFMtYmtOOA?oc=5,"Vinamilk ""phủ xanh"" mạng xã hội Việt  Vietcetera",Vinamilk,Vinamilk chiến dịch
"Tây Ninh ủng hộ Vinamilk mở rộng trang trại, sớm triển khai nhà máy chế biến sữa",6/3/2026,thuonghieucongluan.com.vn,news.google.com,https://news.google.com/rss/articles/CBMixAFBVV95cUxQN0tnWm5qdTRiQ29nYnhUWEdMVWpUSXBNZ0g3clE3UGVVUTdKUTlZV1ZwMzN1OTFSYVRtbWhKQjJDRG0wSnNDcmxvNVlzZXRVSERzcHpMTXVOUUc1dVppenJJclhiWWlqQzhjYUZKMWZ6eFZzbEZtZy1ZSlllaDhqT29ZdnpDS1hmb1B3bUItblFQN0ktV3FWZG5Dc3ktVVF2RXN4V1RzTVFXWFJNRUdNSGhSRFFRVGJESkJSUFRncWF0UmFT?oc=5,"Tây Ninh ủng hộ Vinamilk mở rộng trang trại, sớm triển khai nhà máy chế biến sữa  thuonghieucongluan.com.vn",Vinamilk,Vinamilk doanh thu
"Vinamilk cùng chung tay vì một mùa hè hạnh phúc, an toàn cho trẻ em Việt",6/2/2026,Tạp chí Doanh Nhân Trẻ,news.google.com,https://news.google.com/rss/articles/CBMitAFBVV95cUxQdldMc0Z2UV9WTjZjWnlzRzhXdU0zeF80OVlqTllPN1Y0eF82Tm4xVW5WWmdWcDB5WmpybHVxb3JuX05IMURLMnFMdVdBN2pMVmdhSHM1YlQwOUxNSXZXMVBidTdKUlNQQnNNOEdpMzlvQ21CaUdlMjhYMHg4SXZhdS1HVnNTV1pPYzhXSXN2MzBXbWZnUHp3Nm9Xei1VVTFYNHVBWVlWdEtaekljVXN6Tm1JRWc?oc=5,"Vinamilk cùng chung tay vì một mùa hè hạnh phúc, an toàn cho trẻ em Việt  Tạp chí Doanh Nhân Trẻ",Vinamilk,Vinamilk doanh thu
Trải nghiệm đa giác quan giúp gian hàng Vinamilk trở thành tâm điểm triển lãm sữa 2026,5/30/2026,Laodong.vn,news.google.com,https://news.google.com/rss/articles/CBMixwFBVV95cUxQUmctZDQ1SkV6cmNtTkU4eG12UVBQYkRtTlRaam5CaXlLQ0RROFBEUlpEb2FGaWxwMDZiZnkzdDNNNzYybXJ0YUlSOS1uc052eHFrRmcyQldpaklFN1lPUkNzVHF0S2NMN2FJS2RWUUpVYXVRMHVBZGw0cTZpam1KYkMyRFhrY210cTRyb1puQzI4MXZjMGljTktCU0lZRUpDYUF5dUFnaG1jWkpuUm5kYTJVWjBOM3Z0bktLMG9oUmlGeVJZa0U4?oc=5,Trải nghiệm đa giác quan giúp gian hàng Vinamilk trở thành tâm điểm triển lãm sữa 2026  Laodong.vn,Vinamilk,Vinamilk doanh thu
Vinamilk cùng trẻ em tận hưởng ngày hội mùa hè tại Phú Mỹ Hưng,6/2/2026,baotintuc.vn,news.google.com,https://news.google.com/rss/articles/CBMi0AFBVV95cUxNYkxVUlk1b1ZXdkdQaDlHM2JJbFNCTVFsaF9jRGFXV01xR0RvUGVad2ozcnJjejRDRnJCV1VGZXViamk0S0hCYVVOVWlNQXRNRW56ZThaY1RiYWJ5MnloLVdSQjg1Y1F1VmRpSmt1bDRqT01Ua2p6TVczX2RTaFk0MTFLdlVodUVOc2c4X29ENnA1MzJYTDlGOGdHYXRkbnZjWHIzR0FmY3dqNmRDVW5pZGtIbmVCd3RfYThNdUc1UUcyOHRSbl9FT1dhQ0dsV1dF?oc=5,Vinamilk cùng trẻ em tận hưởng ngày hội mùa hè tại Phú Mỹ Hưng  baotintuc.vn,Vinamilk,Vinamilk doanh thu
40.000 sản phẩm dinh dưỡng Vinamilk tiếp sức chương trình “Tổ quốc bình yên”,6/1/2026,VOV,news.google.com,https://news.google.com/rss/articles/CBMiuAFBVV95cUxOdGcyM2F3c21ldHhNS3FHN3dlcFRSV0NEYjRfOVh0WFlYNnFDbmx2WWlMVmV0NkpmTUs4aExhaVk4ajE4aVhvUEJIODNwM2duQnJyWjlBNjM2VTRpaUhTTG40c2lXaVJsdS0tVGwzX1NLakM3d1JuWm1Xd0laM0p2WXRLX1gyT1lVR25pNkJhV3pMcFRUYWtTWU5LZFplV1Z0NDhZUWNpNFl3RHhuNXB4OW50UWs5SjZB?oc=5,40.000 sản phẩm dinh dưỡng Vinamilk tiếp sức chương trình “Tổ quốc bình yên”  VOV,Vinamilk,Vinamilk doanh thu
"Vinamilk lên kế hoạch doanh thu 2026 cao kỷ lục, trả cổ tức tối thiểu 50% lợi nhuận",4/2/2026,CafeF,news.google.com,https://news.google.com/rss/articles/CBMivgFBVV95cUxPdk0xQWZkOWlvbV9ubUgxNENwYzB6NF85UUROZnJ3ekoxRFFoQU9nX2lVMDQtYWF6R2pKdThkaUlxanZlVU1Femh1WXYxQVRkbW5kY0xxd2U2R2JlRFpVS3JVbWNKcm5MRElXUXpVZFE3cEl5QkF2T0xiSlBYMDE3Wl9QdS1GeThDN3BLZzZsY0VJNkJBTENLRk9JcGh6UlZQOTdKOGowajBacTJVYzZRelVQN0pTR2VUZzVDRml3?oc=5,"Vinamilk lên kế hoạch doanh thu 2026 cao kỷ lục, trả cổ tức tối thiểu 50% lợi nhuận  CafeF",Vinamilk,Vinamilk doanh thu
"Quý 4/2025 tăng trưởng hai con số, cổ phiếu Vinamilk lập đỉnh ngắn hạn",2/1/2026,Mekong ASEAN,news.google.com,https://news.google.com/rss/articles/CBMipAFBVV95cUxPTG1iV3hKbXR0a1AwSS1XeUxVbU45blcxbDFaN3NTRXZ5ZkFCakZ4c3kwMDNYT0M4MFpYZkhZU3lFdE9IZldhZmRnejNsZXF6UEQ3X01Zam5GbXRqQk81RTdxY1NBMlBjX21aRW5vWUV3T2JqbHplVmQwUlRzLUoxYnAycjZDclBXNndvR0Y0U1lFNnhrOUVpUy1RZmdNR1FwN2FueQ?oc=5,"Quý 4/2025 tăng trưởng hai con số, cổ phiếu Vinamilk lập đỉnh ngắn hạn  Mekong ASEAN",Vinamilk,Vinamilk doanh thu
"Doanh thu năm 2025 của Vinamilk (VNM) đạt 63.724 tỷ đồng, cao nhất lịch sử Công ty",2/1/2026,Tin nhanh chứng khoán,news.google.com,https://news.google.com/rss/articles/CBMixwFBVV95cUxQRHhiQ19EZGYydXZSNGszczNBTHNmeERxeTd5VWNVejkzbjU1NElXRlpIRExKOTlmemtmMk9CRlNVaWFvOTdHeF82dUtNYVlaQXpfWnJzYm5KY0JJeFdsRzFIWjMwVEl3WVZIVHVfNHNEWVdibnpHUHcweHJ0bjcxTXFhUnpWV2pPdFJlWGVkQlN3NU5uV0luUm9Md0ZqV2dUZFIxTUxLOWFwNkthNzNMcWdmbmhDX09ycDhoaVFvd1dGVjRQLXZ30gHDAUFVX3lxTFBEaDRyWnNpeXdnMVVlOV9VLUxVYUtIYTVKdjlTTlJNUEFjbDFlemNwY1lScE01Mzg4RXZKT0VhSlZQY1p6cGU2R211MHZSWFUtbHVFcFR1RUJwejg3YmxpQ1Y2NzJKckpSSzlTLThUZ2lFV3ZIbnY5SjVvWUJ5ZG1CRDczWW81YXNnSHB4UFB1WW11QjllWHdpQXFSRy11NEVPMVNESWViTDljaEw3NDdIZWxQZVp0OERXTzE4aXYxakU4QQ?oc=5,"Doanh thu năm 2025 của Vinamilk (VNM) đạt 63.724 tỷ đồng, cao nhất lịch sử Công ty  Tin nhanh chứng khoán",Vinamilk,Vinamilk doanh thu
"Vinamilk báo doanh thu quý I năm 2026 tăng 24,6% so với cùng kỳ",5/6/2026,Báo Bảo vệ pháp luật,news.google.com,https://news.google.com/rss/articles/CBMizgFBVV95cUxQQkh0V0xBemwtVGJaWmZWMHpqSnBELVI3RlJ4SVoyQlppOUZxby1fN2RSSmdha3ZSZHI0R3N3aGFSWTZGVXNjckZHUDRMRXJWbDg0OEJXTFctdmh0OXkxUG93QkYxMGdtTHk3bUwwMTh6WjJkYkVucVU1aFBIclFxN1R6MW9sb2gxaHhGdTRtaE80eTVyNkt0M2d1MVFQZU45MkpnQnhxWUQwSm83V2M2ejRKclhLWGxrV1poaGRoN1pyMDc1WHZ2X2V1ckhLUQ?oc=5,"Vinamilk báo doanh thu quý I năm 2026 tăng 24,6% so với cùng kỳ  Báo Bảo vệ pháp luật",Vinamilk,Vinamilk doanh thu
Tổng doanh thu hợp nhất quý III của Vinamilk tiến sát cột mốc 17 nghìn tỷ đồng,10/31/2025,baochinhphu.vn,news.google.com,https://news.google.com/rss/articles/CBMiwgFBVV95cUxPQ1BnMXRMUTF5a3NkOVZPcVNQb1dZX29NbzdkWm5ZZzN1S1N1OXdZR1dQeUl2SlNEMHZjb3NXLUE5bDR5NUs5M3A2M1BkUEZZN09EZGNleHpxN1FEZ2M3RGpIRTBNSC1NQV80ckg0YTEyUjRvZEFvaHdnVGhGOFhleEZKR3RvWlBwUGVzM1hNN0hkRVpZODdQRDR3YzFMazN2aVVFZnh6ekxUbmVuX3o4RjJfSHJVRVpOcEhOR0J6VkFuUQ?oc=5,Tổng doanh thu hợp nhất quý III của Vinamilk tiến sát cột mốc 17 nghìn tỷ đồng  baochinhphu.vn,Vinamilk,"Vinamilk doanh thu, Vinamilk sản phẩm"
Vinamilk vượt đỉnh doanh thu,2/2/2026,Znews,news.google.com,https://news.google.com/rss/articles/CBMib0FVX3lxTE02NGNSZHcydjNiM0VEQmZTOFpsWWpUbWNnOFloNUZzbFZXMUFhNUdxcERCdWR5dDRuMklBRGZyc2lXLUdMc3c3UTBRWEFQdmxQaTJON3RONFJGTWpTMGkwVzkzT2Z4TUxkV1VtbjRlNA?oc=5,Vinamilk vượt đỉnh doanh thu  Znews,Vinamilk,Vinamilk doanh thu
Bài toán xử lý bao bì sau tiêu dùng: Kinh nghiệm từ Vinamilk,5/27/2026,Laodong.vn,news.google.com,https://news.google.com/rss/articles/CBMiowFBVV95cUxOV0FoSHFKYTE5VFRmUWJOTERXMU5Sb0xUWW1yZU8waENpaGJ2RFdmMVVJaDl1bzFYRjRUUDgxTUFMd1JnSnRMSTBHSFZJYXNBMjJwMHJ1Z2hJeGdsaDlRZWFzZ0tXM1NvSUw1ZU5TZG1ucmY2LVVIbS1UWk95OEhyb0F3TzVnVjRvN0RNU3JBT0lheEpfYUFlVXNWTlFTd1pOanFB?oc=5,Bài toán xử lý bao bì sau tiêu dùng: Kinh nghiệm từ Vinamilk  Laodong.vn,Vinamilk,Vinamilk doanh thu
"Vinamilk đặt mục tiêu lãi hơn 9.800 tỷ năm 2026, cổ tức tối thiểu 50%",4/1/2026,Mekong ASEAN,news.google.com,https://news.google.com/rss/articles/CBMiogFBVV95cUxQTm9VTGh1ZERzcXZHbnY3eDZ0OURSREJBLXVJY2d3c3FIY1NWMGxHbWtFWHVEa2RPMU1DYTdFZkstcTJRXzFYYmxpc2VQdFZ1QzRsWDgzV2tmUkswRW5LSzFhUVVkUXBkRmludnh1TWtGZDFDY2RDXzRBQVZSa0ctY1hRYmlfZGlxRGtoZktyX21SSGtGa2pQclZDSVo2bFY1cGc?oc=5,"Vinamilk đặt mục tiêu lãi hơn 9.800 tỷ năm 2026, cổ tức tối thiểu 50%  Mekong ASEAN",Vinamilk,Vinamilk doanh thu
"Doanh thu quý I/2026 của Vinamilk tăng 24,6%",5/5/2026,congly.vn,news.google.com,https://news.google.com/rss/articles/CBMiggFBVV95cUxNQnVqWlZNSV95djQwYzlWb041VFlCaEVybFFCS3J0Z0tmc0dPUmRJYlJXbTlBU0d4OW9RNUFTWHVudkk5ZGZWeFRSYXJfQkp0cEQtdlpUbVRJc2Q1aE9GRnU1bm9Bd3FuWFN1WVdRdjI1N2l6WEJPT1BEX0k2ZUhlRzlB?oc=5,"Doanh thu quý I/2026 của Vinamilk tăng 24,6%  congly.vn",Vinamilk,Vinamilk doanh thu
Vinamilk đạt doanh thu kỷ lục,10/30/2025,Znews,news.google.com,https://news.google.com/rss/articles/CBMicEFVX3lxTE9GNGNlUVRka1p6OFNYNXpTc09HdkMtSVBBYnRyQkhld2locVF3ZDlOTmNseHpqUTZjV1QxWjZmWW1haHlGakpLTnN4V1g5bEFLM2FxTTJKa3BxT0tkTlJHOXNEaFhubjNoTnJ0a3Bza0E?oc=5,Vinamilk đạt doanh thu kỷ lục  Znews,Vinamilk,Vinamilk doanh thu
"Xuất khẩu tăng trưởng tốt, doanh thu của Vinamilk đạt cao nhất lịch sử công ty - Tạp chí Kinh tế",2/2/2026,Tạp chí Kinh tế - Tài chính Online,news.google.com,https://news.google.com/rss/articles/CBMivgFBVV95cUxNbEhkcGlSU1dScncwcHliSFpSZ1BEajdIY0dvcmRXaE1LaVNMcWdNczZUZFdYN0V3V1VuaTJQdjFIb1VJdFR4ZFU4VWxnNmpQOUdfazVwdjcwU2FudVRKX21VSkkyT2kyZmQybkRrRVg5RVJGU0hoYmQxbk5OOHhGNTdLN0hWQW1iQXdoeXFvdlNfamFMVERZa05DZF9MWlI2UXA4M1lOVG45cHNaN0dGNDdPazVyY2dLVzNiLTRR?oc=5,"Xuất khẩu tăng trưởng tốt, doanh thu của Vinamilk đạt cao nhất lịch sử công ty  Tạp chí Kinh tế - Tài chính Online",Vinamilk,Vinamilk doanh thu
"Quý 1-2026, Vinamilk đạt hơn 16.000 tỷ đồng doanh thu",5/5/2026,BÁO SÀI GÒN GIẢI PHÓNG,news.google.com,https://news.google.com/rss/articles/CBMilgFBVV95cUxOcU9ERjFYTENVdUxaZ2M0Ulk0YVg4OXRmWjFPa1VxMkJhWE14YlJVendCeXVQXy1pVEppbm1TS1R1LXZ1YjZTbG1yYkVDZlA3QzB4cHA0aUlkX25Sd1FKS1dTdnFTSFdBRTlXMWFXUjFzbGtOd0Jrb0M1NVpVVjNJcWJsYnliTkM4MmtVNXNyMEVNRXNSMFE?oc=5,"Quý 1-2026, Vinamilk đạt hơn 16.000 tỷ đồng doanh thu  BÁO SÀI GÒN GIẢI PHÓNG",Vinamilk,"Vinamilk doanh thu, Vinamilk sản phẩm"
"Doanh thu năm 2025 của Vinamilk đạt 63.700 tỷ đồng, cao nhất lịch sử",2/4/2026,theleader.vn,news.google.com,https://news.google.com/rss/articles/CBMioAFBVV95cUxPeC1uT1Z4Mm9GY3B2QU1EN0h0ZEJERXREQWQwd0tNMUdfMEpPdENCUzFfUlcxamFLZFlueWROZDNyZTBseThCNmxKY0hndVdXYmtRV216NGdVNVJjZFhnU2sxa3NRbVhUMFM4cGNjOEhtdFlUVVdKYXZRRURuS0pjVkRDbGs2bXhEdkRyeE5OVjViNHhPS0tSSTl4Z0JLWmpJ?oc=5,"Doanh thu năm 2025 của Vinamilk đạt 63.700 tỷ đồng, cao nhất lịch sử  theleader.vn",Vinamilk,Vinamilk doanh thu
Doanh thu quý của Vinamilk lần đầu vượt 17.000 tỷ đồng,2/1/2026,Báo Sài Gòn Đầu Tư Tài Chính,news.google.com,https://news.google.com/rss/articles/CBMimgFBVV95cUxQSmF2cEF4WXVBOWZSUGFmdGNmb0x1VG5MUGo2dGxNb21hZDVNNFhOOWxoVXJGWk9DMk8wMzhCQ2tlckJ2YVlaazNjUUNOVkc2VHQtbkg2TGdoUHhFS1F0Y2pNcjdZcS0xWXFpUnhLQnN4eTBlTGcyQXkyWFdSYVNPQmdQWFZIY3hPc19ZekM3UmhtZHJhSGI3dVlB?oc=5,Doanh thu quý của Vinamilk lần đầu vượt 17.000 tỷ đồng  Báo Sài Gòn Đầu Tư Tài Chính,Vinamilk,Vinamilk doanh thu
Doanh thu của Vinamilk đạt mức cao nhất lịch sử công ty,2/3/2026,congly.vn,news.google.com,https://news.google.com/rss/articles/CBMikgFBVV95cUxPMjFzcTJJMUxQTzZpZG5XczFTLXV4eEhPMnktYktnbHZWMk9ocnZzNDBGMnVCVmJuSS0xbGFhUTBsejhJX0hzRHEySjBKa1RMMm80Mi0tZDhEaXI2cFczSHpHa1JJSXlDd3pZWUNncU9ka09JQlV6UkMyOFU3dVJUWGppenlNNEZrbTZYNFcyUjNZdw?oc=5,Doanh thu của Vinamilk đạt mức cao nhất lịch sử công ty  congly.vn,Vinamilk,Vinamilk doanh thu
"Xung đột Trung Đông leo thang: ""Mỏ vàng"" chiếm 70% doanh thu xuất khẩu của Vinamilk (VNM) lung lay?",4/1/2026,CafeF,news.google.com,https://news.google.com/rss/articles/CBMizAFBVV95cUxPWWExNmV6WkJjUnlWdTYtZ1BNcnlhRWxGVUQxXzNnSHhxYVJpWFZPMjhGRnRydHNZYlhPTmFyVWxhN2xyRFZVUHNXeDhwMGphcG4tSWpfNzl0WmFWYk5QSk9hVGtncFRwdFFHeGpzTFJURlBwQ1IzU1psSEUtRUNPbEJmZUM4QmJhRU9NSWtiY3dBb2lVbzdpU2pHSzQ5WHlsd0hmTlN6SEFtZGVVY1J6RzJ1Tno2QlRndlNLVXQ1UElNS0hCMWg4ZzBfOUo?oc=5,"Xung đột Trung Đông leo thang: ""Mỏ vàng"" chiếm 70% doanh thu xuất khẩu của Vinamilk (VNM) lung lay?  CafeF",Vinamilk,Vinamilk doanh thu
"Vinamilk (VNM): Doanh thu quý I/2026 đạt hơn 16.100 tỷ đồng, xuất khẩu tăng mạnh",5/5/2026,Báo Pháp Luật Việt Nam,news.google.com,https://news.google.com/rss/articles/CBMitAFBVV95cUxQTGtwRWltazJBTG1pd3BQdld4ZmNTd3UyQUcwN0lvN2pkTmpNTEw2QlM5dW5QQ2JnS3oyaUpIaXNXUHB0TGZfaWJqUXVpVkxycl9rd25zcUpqZGRWN1ZmMWkycWs0cWdiNy1XcHFUckV3TVltSFJaX0VmaFNSa2U1bDFRNzNvUGxDbFRUVTFtcXJ4VU1VNWlvaHFUMC1aV0VJTjRsZFpwTGhjeXp1MzkyQzFhRUw?oc=5,"Vinamilk (VNM): Doanh thu quý I/2026 đạt hơn 16.100 tỷ đồng, xuất khẩu tăng mạnh  Báo Pháp Luật Việt Nam",Vinamilk,Vinamilk doanh thu
Vinamilk lập đỉnh doanh thu trong quý II,7/31/2025,VnExpress,news.google.com,https://news.google.com/rss/articles/CBMigAFBVV95cUxOZkdoSXpZc0ZMelZUOGdkU1NxYXVTa3ZRcHNoUVNyXzZxWTZnUnA5bU5wSDVzbzNaM1NlMUxtUEJ0TkpjUnZJcWJhdVV2TlZlUVpNOUpLVExTMl9rdkpBRjZOWjJiNDdFWXJtREpHWVh0Y1pheUp5RllNWHNyNXd5bQ?oc=5,Vinamilk lập đỉnh doanh thu trong quý II  VnExpress,Vinamilk,Vinamilk doanh thu
"Quý I/2026, Vinamilk lãi tăng 55% so với cùng kỳ, cổ tức tiền mặt tiếp tục duy trì mức cao",4/22/2026,diendandoanhnghiep.vn,news.google.com,https://news.google.com/rss/articles/CBMiywFBVV95cUxQOXAyanZ3c0NKZ0pzWVVXd04tTG9Cd25OMXpLLUotVlNrUV91dzFsMHF6UzlTaHVIaHJzNXFrWndvcVoxM1lnNDlCbk9oSFZxdjBKVE9UNXZfZ0xfWVlCMzFNTnppcndNUGNwTmk2NEFDVnJYSmpQV0FmeUdWSlRfYlVfcEs1blJPSk53elo5Mm1UUW5YbVVJLXdqaUlhT19nckxxeFhZODZWM0R1OUphWnU2T05iSC1HbncxNVR3OGdGdzJoNmJPZ2ZyYw?oc=5,"Quý I/2026, Vinamilk lãi tăng 55% so với cùng kỳ, cổ tức tiền mặt tiếp tục duy trì mức cao  diendandoanhnghiep.vn",Vinamilk,Vinamilk doanh thu
"Tăng trưởng quý I khởi sắc, Vinamilk vẫn giữ kế hoạch 2026 thận trọng",4/23/2026,Nhadautu.vn,news.google.com,https://news.google.com/rss/articles/CBMiowFBVV95cUxQNUhKdUMydTJIZ1ZONjdKdWI2aElMNVpkS2VjbXpRb1pyektUSno1aUp4TG1sZFFIcjBYeGRqdEpGamszTnUtcmhsT3pPYzRySlJURV91bnJ1MWUzN3dqRkRIOTdPZDRCU3RrUE5vSjZGVE1rYTdUYllpSHFPM3FhLU5lWDN6bFZUdjJOTWV2Y0NvanFyTFpTSDJ0OHpvbGNIb3Aw?oc=5,"Tăng trưởng quý I khởi sắc, Vinamilk vẫn giữ kế hoạch 2026 thận trọng  Nhadautu.vn",Vinamilk,Vinamilk doanh thu
Lợi nhuận quý 1 của Vinamilk tăng 53% giữa chiến tranh Trung Đông,5/6/2026,Bloomberg Businessweek Vietnam,news.google.com,https://news.google.com/rss/articles/CBMilAFBVV95cUxPMktDVllBaURVcTNlbHh6M1BPdTNWTjEyb203czI5eEZLSDltWE9jN2ViUGtrT0V3RzhBejNEc1AyNlQxUldXYUM0RjE3d0NTZ1ZobDc0SmMtd3o3eDdFOVdHQkk2SVdOQ0lac1BsZ2xmUWJULXMtbDR3Tjg3UVJyQ3lGTmJYM19uaTFuTzZNcEpOZTdJ?oc=5,Lợi nhuận quý 1 của Vinamilk tăng 53% giữa chiến tranh Trung Đông  Bloomberg Businessweek Vietnam,Vinamilk,Vinamilk doanh thu
"Vinamilk (VNM): Doanh thu lập đỉnh lịch sử gần 64.000 tỷ, xuất khẩu tăng trưởng dương 10 quý liên tiếp",2/2/2026,Báo Pháp Luật Việt Nam,news.google.com,https://news.google.com/rss/articles/CBMi0gFBVV95cUxNUzI1eXFNY3EyVF9IdUpTVzBUUG9XVmZpX0ZNajMzWlVGVG44ejliZDRnbVp2VUo3MFJFTy1aTGNMOFJxTHludFJ6bDI5VTZPSE9QeU81Zk5uaUF4cnlxY2RMUUhETW5qTjJncFZuWTJlZVJkZVZqRWlxSzd6YWlyS094aWxldDBhdjduX0xwcGlHMERUNDNTemFXVjhMSWRyYjNfNWZDUnJ5NGFBSWVHWFRNdjR5VC1rYnJOc1VQbTBxU0piRWdxNWhVOFFlZFQzaFE?oc=5,"Vinamilk (VNM): Doanh thu lập đỉnh lịch sử gần 64.000 tỷ, xuất khẩu tăng trưởng dương 10 quý liên tiếp  Báo Pháp Luật Việt Nam",Vinamilk,Vinamilk doanh thu
"Doanh thu năm 2025 của Vinamilk lập đỉnh mới, vượt 63.700 tỷ đồng",2/2/2026,Nhịp sống kinh doanh,news.google.com,https://news.google.com/rss/articles/CBMipwFBVV95cUxOdXhRcm9xb2JJa09nb3RCYzdYNlI4SjQ5eDlHUzhEOGFMWEF4Q3A3VGZ3QUFkQ2dxdGpzTFdwbjMxQmdsS1dmelhidW9lTXRnZzU4ZXZ2RFJPV2F0R3ZMTWZ2Rm96MWpBMTRNNWVzOS1PS3dDbDBRdWNDTl9FSU5QYnVuaThTT3hFblJ2UWo1VFdxMmdKb1JGVE5mUTNacl80MHdaMGpmNA?oc=5,"Doanh thu năm 2025 của Vinamilk lập đỉnh mới, vượt 63.700 tỷ đồng  Nhịp sống kinh doanh",Vinamilk,Vinamilk doanh thu
Vinamilk (VNM): xuất khẩu có thể ảnh hưởng 1 phần tại Trung Đông,3/3/2026,Cộng đồng Kinh doanh Việt Nam,news.google.com,https://news.google.com/rss/articles/CBMiqwFBVV95cUxNdzloQWxDcXIwSnd6Um56MzJ0N29PQ1VudTlyMXFQRzdwM3hXb1FDSDdMcTJhVHlWUEt4ajUxaC1tMjV4LUJsdG90d011RWFpZHdRUmlpZk5PWDBmWUo1M19MNDN2dGFUUFIxTjZPZVFkdW5XaFFoNTV4SFp0NDc0SXlBbmRhTzJZT3Rqb19YaDhnQVRfcXgydDdGSHRfcG1yaVUtZTA2LVlqaE0?oc=5,Vinamilk (VNM): xuất khẩu có thể ảnh hưởng 1 phần tại Trung Đông  Cộng đồng Kinh doanh Việt Nam,Vinamilk,Vinamilk doanh thu
"Tiên phong xu hướng dinh dưỡng mới, Vinamilk ""gặt” kết quả tăng trưởng hai chữ số trong quý 1/2026",5/5/2026,diendandoanhnghiep.vn,news.google.com,https://news.google.com/rss/articles/CBMi1gFBVV95cUxQZ0xQRllxUlB0eU1JcnJSdTVoZUM3eVU0V1pDb04wSFF4RVJ6MUxQYVJtamtqbmkzOWsxc3B1WHBwelM2NTJFR0tHRU9IVWNNRWpwWmw4ZmRfMW9ZblNEbXRfZDRHamdyZk04dXpwRlFDSVh6aXJ1cXBNZW1OR0pFaXFNSzVxaXoyYUNXRE13VjBzc241U0NOcGlzQmJwbmZwQkZEM0J0eS0tV1lzRnFPeHlxajVHamNGN25UcVREaW1uSnlXcFdZV1UtanJuSkk5c3dXTUdR?oc=5,"Tiên phong xu hướng dinh dưỡng mới, Vinamilk ""gặt” kết quả tăng trưởng hai chữ số trong quý 1/2026  diendandoanhnghiep.vn",Vinamilk,Vinamilk doanh thu
Tổng giám đốc Vinamilk Mai Kiều Liên: Bản lĩnh và tự chủ là nền tảng để doanh nghiệp Việt vươn tầm thế giới,3/8/2026,baodautu,news.google.com,https://news.google.com/rss/articles/CBMi1gFBVV95cUxQOXdrQmNPbTF3NFJ0eGpBVVdQdFdBMk1YREFrVnRjc3Q5eXVmY3RobmJDZXg0VkVJR3phcjBwQXBjb0dSWjRIWVU3VHBrZll4TFhrOThWcFJBWVNQQmlSSnlSNlo2QkoxcFl3Sm5qYk10c0NnOFBjTGs2R0hGUS1IbEpMc0hxc0t1YUpfaXFmbXR1T29WZlJUYnFIWDVtdy1RWGw2VFBWNXlIaUdJS3lhSFN2eTJVbS0tVFVuUjBtT2pmN3k3dWxZdzhDTzFkNVgxSmpwLUhn?oc=5,Tổng giám đốc Vinamilk Mai Kiều Liên: Bản lĩnh và tự chủ là nền tảng để doanh nghiệp Việt vươn tầm thế giới  baodautu,Vinamilk,Vinamilk doanh thu
"Vinamilk báo doanh thu Qúy 1 năm 2026 tăng 24,6% so với cùng kỳ",5/5/2026,Tạp chí Sở hữu Trí tuệ,news.google.com,https://news.google.com/rss/articles/CBMiowFBVV95cUxPamNaTTNjNlEwMEtRVWV2UExEQVJoNVh6WVUwc3hJM2JXV0RpSkdrTjBhdFVhcnowcVdlTmRiSlhpOXZnUldHT2piY2ZqTEVOejN5TEpqMER5MU1BdFF5TWV5YWZBZGtOOGF6VDBnMHd2V1RWYjBTd042aWhVbzBvbnhueGwtVWNXV2cxaWt1WHlpVmdQUjhMNWdRYU1OVTRSZThV?oc=5,"Vinamilk báo doanh thu Qúy 1 năm 2026 tăng 24,6% so với cùng kỳ  Tạp chí Sở hữu Trí tuệ",Vinamilk,Vinamilk doanh thu
Vinamilk: Tổng doanh thu hợp nhất quý III/2025 tiến sát cột mốc 17 nghìn tỷ đồng,10/31/2025,Báo Tuổi Trẻ Thủ Đô,news.google.com,https://news.google.com/rss/articles/CBMitAFBVV95cUxNM3ZUQzcwcVVnem53NlhmOUxNUkNHSE5ubUdqZzQyM0dmVjFmX24yUnRPRlEzcmtodGNaOTdpZXlTelFPaE0zc0pCWUNGaGxVbk93T2ZSMFRMeWF4cGo5LWRwMFdTSUhXOUc0d0lNNWZINjk3LTJHWlBjNE84bkVfSk5HYWhlNi1hc3JTbkp4ZEt1cWEycEpRWGVCOFBDVTV4TF9IRHF4a3RITmVtbkVXRjVsVzc?oc=5,Vinamilk: Tổng doanh thu hợp nhất quý III/2025 tiến sát cột mốc 17 nghìn tỷ đồng  Báo Tuổi Trẻ Thủ Đô,Vinamilk,Vinamilk doanh thu
Doanh thu quý IV/2025 của Vinamilk vượt mốc 17 nghìn tỷ đồng,2/2/2026,Báo Tuổi Trẻ Thủ Đô,news.google.com,https://news.google.com/rss/articles/CBMimwFBVV95cUxNQkhxMlJ2MlQ2SkRVYnRTYU5uaW9GczV0SnVHVFRQMVRQX0J6VzhOYmdXV2JhRE1lR0dMNXk0TTNwNnE2S1l4d3BaNkItQzg5LTFpVjlieFhnRlJOcFdsUm96UjVITjB5SFN2OVVxanc4YlE5aEtSTHAwVnQ4TnNUZXROQ3ZCTVBHQnd1Zk02MjM0a1ZKNUIzR3pHVQ?oc=5,Doanh thu quý IV/2025 của Vinamilk vượt mốc 17 nghìn tỷ đồng  Báo Tuổi Trẻ Thủ Đô,Vinamilk,Vinamilk doanh thu
Doanh thu Quý 4/2025 của Vinamilk vượt mốc 17 nghìn tỷ đồng,2/3/2026,Báo Thanh Hóa,news.google.com,https://news.google.com/rss/articles/CBMimAFBVV95cUxQN01Od2JaUTdsNGtfeTNnclNGYVVETnFvSjF6MVh5ZHpLSVR6SVc4eEpxSGVTOFk1dEFOaVk0ckhGUU1DSG1Gc0VsNWF2ZENsQVdCR0dKQmZHR3dLcWNFTTdvclNkMmVmQUVTMERuNk04QVcwT1MxSndIbUtpNDdIajE5TTFvM3RURV80dkw2VEV1aDFOd1VSMQ?oc=5,Doanh thu Quý 4/2025 của Vinamilk vượt mốc 17 nghìn tỷ đồng  Báo Thanh Hóa,Vinamilk,"Vinamilk doanh thu, Vinamilk sản phẩm"
Doanh thu Quý 4/2025 của Vinamilk vượt mốc 17 nghìn tỷ đồng,2/3/2026,Doanh nghiệp và Tiếp thị,news.google.com,https://news.google.com/rss/articles/CBMisgFBVV95cUxPLW55OHVCTWpodTNfaTRncjlzb2UzTnhSMFYxN1Vwdnc2QmQtSS04cWMzT01OeWtwZkZ6aTdMQlpId1czZjFLa1pSVzB1cUxsUXVCVlRYbDV1WUpiQ3ByWjBFZENqbDRhZ0lJWko1WHpvcEZUZ2Vsa21WOVM3NjlrUHRlc2t0Tk16UjNRQkVFczc3ckFqYmh3WmRUaUJCc1RBc2tyRmgydlVYX0VjdEctLUhB?oc=5,Doanh thu Quý 4/2025 của Vinamilk vượt mốc 17 nghìn tỷ đồng  Doanh nghiệp và Tiếp thị,Vinamilk,Vinamilk doanh thu
"Vinamilk: Doanh thu quý 2-2025 cao nhất từ trước đến nay, 16.745 tỉ đồng",7/31/2025,Báo Tuổi Trẻ,news.google.com,https://news.google.com/rss/articles/CBMirwFBVV95cUxPUTVEWDAyXzVhNnAybEZXUmNPaEluekJYTEc2WlBOVHBseTh5dF9NaTNUM0Vabl8wbjJFb1lYLVdCTVNLNWQ4TEVVSV9peFl3X1gxMVJvdERkTEdseVVNYXFDSmh6clRwNU0tNzg3MUZVeEVoX1pBVWNMTENFbG9TMWMwZEp2dDNrSmJ3Zk9TckV0UTQ2TDVWc0tYOG1KR1NxMUlwV1Rjd0xTSXljRjNB?oc=5,"Vinamilk: Doanh thu quý 2-2025 cao nhất từ trước đến nay, 16.745 tỉ đồng  Báo Tuổi Trẻ",Vinamilk,"Vinamilk doanh thu, Vinamilk sản phẩm"
Doanh thu Quý 4 2025 của Vinamilk vượt mốc 17 nghìn tỉ đồng,2/2/2026,Báo Bảo vệ pháp luật,news.google.com,https://news.google.com/rss/articles/CBMiygFBVV95cUxPa2lmaUc5YVo5c1phZzI4TC1xT0ZXcE1qS3VfZXg1UHJtSWxDSjdFcnhPZjYzUEJhbzR5SGlEb0RNNk5FQnhNRFc0ZHJCenI0Qml4Q2RZY2pWVXdnWDBQWGJFY1dTcms0TTBpakc2UTFTZks5OXQ0LUhFakJFcENVWFplR0xqNlFXQnJubXFSRkpuVE1xdXp4NmRWRW56M1pIczVKbXhzZHI2UUF0bTlRNFhKRU1XUXhuaXRCNW96eUxGQlRvSWpEeXp3?oc=5,Doanh thu Quý 4 2025 của Vinamilk vượt mốc 17 nghìn tỉ đồng  Báo Bảo vệ pháp luật,Vinamilk,Vinamilk doanh thu
"Vinamilk doanh thu quý I/2026 tăng 24,6% nhờ nội địa khởi sắc",5/5/2026,Nhịp sống nhà đất,news.google.com,https://news.google.com/rss/articles/CBMimwFBVV95cUxNTTBjLTRVaVZJNGJzbXBQNWdQNTZLbXc4RzVUT1ZDT2NOOF9JejU4RGt6cGxUVEl1aHBYNnpkalVyYlRVbjZ3cUtrdWoyUExfNVhTZ3h4bFNTMFV4Z1hhbjh1VW9yb2ZCMDQ5RVdrRXk2dUxicUxGNldCOFVDNjEzTTNRSDZQRlRSV2FhV1VGSGRRREdsajU5V0ZSRQ?oc=5,"Vinamilk doanh thu quý I/2026 tăng 24,6% nhờ nội địa khởi sắc  Nhịp sống nhà đất",Vinamilk,Vinamilk doanh thu
"Vinamilk khởi đầu năm 2026 tích cực, đặt mục tiêu tăng trưởng ổn định",4/29/2026,Báo Công an Thành Phố Hồ Chí Minh,news.google.com,https://news.google.com/rss/articles/CBMiswFBVV95cUxQX0o0Z2ZDSE5ESnh3a1ZmbFRabHNyUUd0QUljZWxkbGNtUEQ4NXhUQnJoMzVoc3FlOHlXQngwZDRUREdWVmRMWWdkZnV4QzZmMHFkYTVZM2lhdEczWUh4ckZrTHU5VTRLWXZBbXR3ZVhjbG5zeFdVcnN0NThRYjVIQ2paMGF0dTZ0U1QxVmxKelhxYnZXMnhkVnE0S0xxLW1BWXgwZWpLeDFCVzRJZm44Q2QtVQ?oc=5,"Vinamilk khởi đầu năm 2026 tích cực, đặt mục tiêu tăng trưởng ổn định  Báo Công an Thành Phố Hồ Chí Minh",Vinamilk,Vinamilk doanh thu
Động lực nào giúp Vinamilk vượt mốc 17.000 tỷ doanh thu trong quý 4/2025?,2/2/2026,24HMoney,news.google.com,https://news.google.com/rss/articles/CBMiswFBVV95cUxPZUhHaVdSbzh1QmNsVW1zRm9oZjk2TExaSTdsOUlyNU9sMzdOWUpYWmJORXczQTBiMk04ajhlbENpTzlPRjJ5RFRDbjZYQm5lekJqVUo0NHdZeW5kTDBfU19fb3ZqVEhNR2stSDF0QWNHWk0zeUVBWGFXLUNQMWdaajFfMUVCVTVjOV80TmFqdEFZUV9mUE9pN3h4eXZNMk05Wm5hZDFHbm1xRHo0a3RTd3pBcw?oc=5,Động lực nào giúp Vinamilk vượt mốc 17.000 tỷ doanh thu trong quý 4/2025?  24HMoney,Vinamilk,Vinamilk doanh thu
"Vinamilk bứt tốc quý 1 với lợi nhuận ròng tăng 55%, bình quân 27 tỷ đồng/ngày",4/30/2026,Fili.vn,news.google.com,https://news.google.com/rss/articles/CBMitAFBVV95cUxQazJwU0tITE95NjBoZ1lQMEFGXy1qZU80OTF1dERTSzQ4NGZRNzBld0FhZkdvZEtjZzJYWmdZSHVEMnE0WG9uSm80OTBfOVZkZnZ5YlZTazh2T1RRNk4xUGc2WnNpX3NWWEREMElCLURPMTgyOG11Z3RVQXRMakJBbzJUZW53VWNjcWNjSUxEbi1zVDd3LVBTRUtjSno0U3RhOU5mR3J1eVgxcE1tSmF0Y0o4b3c?oc=5,"Vinamilk bứt tốc quý 1 với lợi nhuận ròng tăng 55%, bình quân 27 tỷ đồng/ngày  Fili.vn",Vinamilk,Vinamilk doanh thu
"Vinamilk khởi đầu năm 2026 tích cực, đặt mục tiêu tăng trưởng ổn định",4/23/2026,Báo Công Thương,news.google.com,https://news.google.com/rss/articles/CBMipAFBVV95cUxOa1hRYl96R0JPeXM0WEhNMU9tZnRZZkdvXzhhel9LT2lfVngzekU2a2tWYWNrT3VSOFU5MzZ6NFlRTks2NTFURHVOUFdLQ1BnMVVOMk5mYlNVekRFRHp6XzFKUUkyMGVCNm1lS2dGQmVTblFkcWI5dEgwd1pFd1VUaE1KN1BrWjh4RjNyeVhNSjF2YkNjN0tUcWdua3RFWVo1WUctRQ?oc=5,"Vinamilk khởi đầu năm 2026 tích cực, đặt mục tiêu tăng trưởng ổn định  Báo Công Thương",Vinamilk,Vinamilk doanh thu
"Vinamilk: Doanh thu lập đỉnh, lợi nhuận bứt tốc",2/2/2026,BÁO PHỤ NỮ VIỆT NAM ĐIỆN TỬ,news.google.com,https://news.google.com/rss/articles/CBMilwFBVV95cUxQSHVtM0dxSE1YMHdXcWREajNPYnR4OU56UXNDR1AzSGRtMlZDWVlNNVVZYUQwcUtJQ2M2aTF1RWZuRzYzNzJfM2lJVWdPMWxwZ0NYVUJhM09ObVlnSWlJdXRaMzZwdnlhNE9JSGVyS3h0REw3ZEZYWmdxTTJiTDRxa2tjeG5SYy1Jb0ZyLWpJcHBOQjB5SUtF?oc=5,"Vinamilk: Doanh thu lập đỉnh, lợi nhuận bứt tốc  BÁO PHỤ NỮ VIỆT NAM ĐIỆN TỬ",Vinamilk,Vinamilk doanh thu
Bà Mai Kiều Liên: Điều mong muốn nhất là có chính sách ESOP trong kỷ niệm 50 năm của Vinamilk,4/22/2026,Fili.vn,news.google.com,https://news.google.com/rss/articles/CBMiogFBVV95cUxNVzkyVzJZXzY2aDg3bTdldExpSVBvYTVkNnJLWmdidVMtcXp1Z3F4ZzRWMlFjRTZGNVBFLTBQNFo4SzdXaVB5Z3BBMTBTUjZEcGxqbGlsc3NTMXZuYmN3RDhkREp1OWZMWWJzM3pQRzdlQ3FwdExlNlAzS1N2c2lXZ3o0SGRURloyVXI1MXVtZnpZS1c1NjJBM0hPOWoxZ3VRblE?oc=5,Bà Mai Kiều Liên: Điều mong muốn nhất là có chính sách ESOP trong kỷ niệm 50 năm của Vinamilk  Fili.vn,Vinamilk,Vinamilk doanh thu
"Bất chấp ""chảo lửa"" Trung Đông, Vinamilk báo lãi quý 1 tăng vọt 55%",4/22/2026,Chứng khoán DNSE,news.google.com,https://news.google.com/rss/articles/CBMisAFBVV95cUxOYURjSXEzMVNwdFI0THFvLWhxOWdudHdoRW1vbUFxWFdNWmh6VGFnOFhYcjBjOUVvSEFDdnE3cWota01PTEVsdUVuQWhpbkZxNVNnQUdLSmZpN0tuUG9vTEhSdzhnY1kyUWR2UUNWTUN1dFRFODNrMHVfbWRTU01oaGNsVGU4SV9DZmpVeW5tX1ctQTZfVEExOEVLN2lUUExaVUl0QjZFWE5FWm91c2xlQg?oc=5,"Bất chấp ""chảo lửa"" Trung Đông, Vinamilk báo lãi quý 1 tăng vọt 55%  Chứng khoán DNSE",Vinamilk,Vinamilk doanh thu
"Doanh thu năm 2025 của Vinamilk đạt 63.724 tỷ đồng, cao nhất lịch sử công ty",2/2/2026,reatimes.vn,news.google.com,https://news.google.com/rss/articles/CBMiuAFBVV95cUxPWTkzRDI4TGlrWXZOY3dlSUszcnJLc1hxdHcxOVRKMC1HSmdIUzBDdTkwc0hnZFVWc2d1aEJPV3VuVmN3SkdtR25iTXI2a1NsZk1VcEl5ZDVUNjM1N2hhZTdfNE04VF9IUGh6Zm95YVBMdkg1bkZJdHlVeHRQM2tjQ24xLWFweVlYYjZzYmwzRVpGbTcxZTZRTjd3OVJzY2tfbjlVNEVpMldyNmpQaVN2WDNCMmR4bzI1?oc=5,"Doanh thu năm 2025 của Vinamilk đạt 63.724 tỷ đồng, cao nhất lịch sử công ty  reatimes.vn",Vinamilk,Vinamilk doanh thu
Vinamilk: Doanh thu hợp nhất quý II/2025 đạt gần 17.000 tỷ đồng,7/31/2025,baochinhphu.vn,news.google.com,https://news.google.com/rss/articles/CBMiqwFBVV95cUxQMTE5dDNXaDRBSmRrVEFQZWdwUFJpWGgyX0JiTFlhblhaWHlqdEd2QldUcWxuSjZsVUtOc1FFMm9CemY3M2pMMmpjVjZHRTA3YTBMbEdoZmMtc1R6bUFlcU1jVEpONV9pTFUtUlNuMWRMMy1wYUdsdmx6S0pvUWM1djVURl9QMnBELXVoeTh3M1J1NVFtUEp3cWJPQUNFc0V2ZmVVNnVCSWdxX1k?oc=5,Vinamilk: Doanh thu hợp nhất quý II/2025 đạt gần 17.000 tỷ đồng  baochinhphu.vn,Vinamilk,"Vinamilk doanh thu, Vinamilk sản phẩm"
Vinamilk tiếp tục duy trì mức trả cổ tức trên 40%,4/22/2026,Báo Sài Gòn Đầu Tư Tài Chính,news.google.com,https://news.google.com/rss/articles/CBMikwFBVV95cUxNaGw3RkUwbHBWVTJfSlRaMXhremY4UWh0Smx2d1pubzRfWC1NT08xc0VLdlVmS1MtdjNaWEUyWG9ENWN2ZWxlejBFOVVrVlR3aGFwai14emR2R1hFRXBlX2VwWFoyM1haRVE4cExlWnBRU3lSV2w0bzVzdUdZXzBQZVNzUE1UellpSUJYN2JfYk9PWkk?oc=5,Vinamilk tiếp tục duy trì mức trả cổ tức trên 40%  Báo Sài Gòn Đầu Tư Tài Chính,Vinamilk,Vinamilk doanh thu
Vinamilk: Tổng doanh thu hợp nhất quý 3 tiến sát cột mốc 17 nghìn tỷ đồng,10/30/2025,thuonghieucongluan.com.vn,news.google.com,https://news.google.com/rss/articles/CBMiuwFBVV95cUxQSGc2RXZtVHBBbVQ3RjdFbmtjS3NGVlVSam9wN25ZNTdkSkFyY2VydHpDTzJQUXRUWThQTnpMVzA4YmtLNWJmOXAyeHU0TlJFeS1IU0szc3c1eVI3ckxmZXRON3M0YWI5Wmkzd2JEaHJ5VTVZSTdkY0JvRTZLQkZtSGl2aGhrejMzVDVLMld3S3hoSWFtbzFjcGdvTjdPSUFEUGltQmlPb0RqWTIxbm1oRnZObUV3bm5Jb2tJ?oc=5,Vinamilk: Tổng doanh thu hợp nhất quý 3 tiến sát cột mốc 17 nghìn tỷ đồng  thuonghieucongluan.com.vn,Vinamilk,"Vinamilk doanh thu, Vinamilk sản phẩm"
"Doanh thu năm 2025 của Vinamilk đạt 63.724 tỷ đồng, cao nhất lịch sử công ty",2/2/2026,24HMoney,news.google.com,https://news.google.com/rss/articles/CBMiwAFBVV95cUxPTHZwTlhOVFhrSjd6NkhxTjJjVjJWZUlMc2pTS1NIRThKdzZzM3V5aDlRSk5nX3NmaTdXdndnSkNZV0UtMWZUVUM3VzM3RFk4Nm9sb1pIQXZ6SGRhZ3NwaWJqWmdIb0xpUHNyQjVjRGh2Q2diU3RCSExOU0trZG5mb0Z4Y0ttSllZZzdKN3VackQ1TjRSMmRHcTVBbVFGNllmM21FWUUwTmNZYjNBa3RMd1NIZTNMdmtQeHE0TlA0Y1E?oc=5,"Doanh thu năm 2025 của Vinamilk đạt 63.724 tỷ đồng, cao nhất lịch sử công ty  24HMoney",Vinamilk,Vinamilk doanh thu
"Vinamilk (VNM): Doanh thu quý 3 tăng 9,1%, thị trường quốc tế bứt phá 32,6%",10/31/2025,Báo Pháp Luật Việt Nam,news.google.com,https://news.google.com/rss/articles/CBMisAFBVV95cUxQTEwtLVhURVNxZXBuaW9IMWlKSm4xNHdiUVJqUXVBTS1zakFVeThydU9pWGg2SUNuSHoyQ3hzYVROUHlCS3VGTlZiU0VMbHJ0NHZTcHNpaGo0ZkwyOTdaSnlrMFlldHdhUEJLY04wV1ZFd1R3SGdDc3lsdno0bk9YZVQyNktkUm5TalYzYzdtNHVtcXduWUU2QkVIanNNZFl3bENZX0d3NFB0ZXhsTmxNTQ?oc=5,"Vinamilk (VNM): Doanh thu quý 3 tăng 9,1%, thị trường quốc tế bứt phá 32,6%  Báo Pháp Luật Việt Nam",Vinamilk,Vinamilk doanh thu
Cổ tức Vinamilk mang về cho SCIC hơn 3.600 tỷ đồng trong năm 2025,1/27/2026,thuonghieucongluan.com.vn,news.google.com,https://news.google.com/rss/articles/CBMisgFBVV95cUxOWllUWG5DZjJNTUlob3o2MFhwRzljZ2VfNDFTMGFRQjd3YUpISjlNMHhvV2JCN0lxS0t2LVNUMnFpUkdPT1pWS01JVFVOTWM1c2JidGlIam0xQU5uSEJzcTNjOHlsT1BGRV9rUDg2UVh6OEFmZ0ZfSW9HV2paNGlGR0lQanNPd1gzV2ZyQmN3dGN0M0lmRGo0SE05Z1BHdzBIODFHc2c5TVNYU1ZCN05QanFB?oc=5,Cổ tức Vinamilk mang về cho SCIC hơn 3.600 tỷ đồng trong năm 2025  thuonghieucongluan.com.vn,Vinamilk,Vinamilk doanh thu
"Doanh thu năm 2025 của Vinamilk đạt 63.724 tỷ đồng, cao nhất lịch sử công ty",2/2/2026,nhaquanly.vn,news.google.com,https://news.google.com/rss/articles/CBMiqwFBVV95cUxPMWpKZ3FjeG9FTWdfX3JQaTVRRWtGVTIzbXZPdHF5V09ZcnBFUVVyTGRiVG93ZVQ4MnA3S1c5MUI5VUtpbmhpcWx6NlY5ZVZMRXJpUVJxeHBNQzBBZEozbUFwSkFLeG83SERYNnFWZ1NRNno4eU1RZzhndURJSXBLR0VURFFlbW83dWw2VnNsbkdVanR6dTI1Mnd4SkxOVXVCcHQxaXNkbVNTTHM?oc=5,"Doanh thu năm 2025 của Vinamilk đạt 63.724 tỷ đồng, cao nhất lịch sử công ty  nhaquanly.vn",Vinamilk,Vinamilk doanh thu
"Doanh thu năm 2025 của Vinamilk đạt 63.724 tỷ đồng, cao nhất lịch sử công ty",2/2/2026,24HMoney,news.google.com,https://news.google.com/rss/articles/CBMiuAFBVV95cUxQM2lUTXZvdnN1Y052NWZrcHRkWnpHbUZTVlpGWkNiSFZmaDFvcDhzeGhtN2ZmZHB5LUk3SHhRaVg3X3J1SDVVNml1YnRVSTZMTkk1dTBpMEZGbU5Kc1FGNDZrci1KWWRkY3FnRjV0ejBBVWVycy1WbmVBYjI3R1JaRzFkR3RHV3Q1QXdQcGFKWFFQN1k5bXpQQjlfNUszR0k1dUVOcWc0S0U2Y2Q1bVRpU0VqMlBaMktL?oc=5,"Doanh thu năm 2025 của Vinamilk đạt 63.724 tỷ đồng, cao nhất lịch sử công ty  24HMoney",Vinamilk,Vinamilk doanh thu
Khối ngoại mua ròng mạnh cổ phiếu Vinamilk,11/17/2025,Nhadautu.vn,news.google.com,https://news.google.com/rss/articles/CBMigAFBVV95cUxNRjFDSDBJMnBGSE84em15SWh4Z1JqZTRpeDRzLTc2dERzVk8zNmN0QlhrbTJvZS1GLWstTm10bnQyZlJlLUVlTERrMVNncFhfcHdyYVFBQ2ZVc3h5MXVoVFhWNXJWanpodklOaDZqcjhtUkRSSEZWZE1VX3duRnBrSQ?oc=5,Khối ngoại mua ròng mạnh cổ phiếu Vinamilk  Nhadautu.vn,Vinamilk,Vinamilk doanh thu
"Vinamilk (VNM) ghi nhận doanh thu quý II/2025 kỷ lục, đạt 16.745 tỷ đồng",7/30/2025,Tin nhanh chứng khoán,news.google.com,https://news.google.com/rss/articles/CBMiuAFBVV95cUxNNDc1X0d4WWhpWWg5enBfeGp5NXRnNU93QU5TMU5xTWlaRVFWVWxuaHg1OWFUcE82anRQRnJ4SXgzX2JQR1d2SDVrRk1Id2YwLXI4ZU0zS19UN0N0WC1Dd3ljWWQyaGdhcFZudHNGOVNrSll5d0xBRVpzZ0dmT2JCZnlsbldiQl9LdjExUjhORk82bWQxYVJiTjNBZk5taG9oWkhaS0Z1S2x4R1JsZTZMT1JwTi1BSWN20gG0AUFVX3lxTE5ZXzY5MGJVMlNlNFFxY04ydEsyLUZmckFBYWVLWkpJNWJhV1VtVUozektpVm5sdWFCOVNZcmtmYjN6ZXNRRHdwNy02dWhuM3JIX0R3ZHV2QzJSaWRIWVV3Y3RhbmZlaGRwYzdjanNqOHVOU2VBZkh1WF8wRDhJSmF6aTlvQU02ZV9sc2dlLVRHclpxRURGdHV4U19zR2t2MzlxNVo0N0hpM2p0WGpjOFZPNWsyZg?oc=5,"Vinamilk (VNM) ghi nhận doanh thu quý II/2025 kỷ lục, đạt 16.745 tỷ đồng  Tin nhanh chứng khoán",Vinamilk,Vinamilk doanh thu
"Vinamilk đặt mục tiêu lãi hơn 9.800 tỷ đồng, trả cổ tức tiền mặt tối thiểu bằng 50% lợi nhuận",4/1/2026,Nhịp sống kinh doanh,news.google.com,https://news.google.com/rss/articles/CBMiswFBVV95cUxOWVBvalN6bTVUVFNtSjVidnNOQ3ZCVWtnN3d4bkZBd3ZwV2E1S3NnYzJScm1XV2IwbnlzU1JQX1hHOWJMcUkycWJ1Z3VITndOVGVwWENhSloycEdNTGhmU2ZfN1hpRjRxNUllU084QlJpS2VXNHRGbHpFNjAxMW4xbGJaMC1uRUNEUUdnVWNreUtMM1JQWUROYWN5VWJoSFRpSTY0R19lRWwxUFVrX05aZTktWQ?oc=5,"Vinamilk đặt mục tiêu lãi hơn 9.800 tỷ đồng, trả cổ tức tiền mặt tối thiểu bằng 50% lợi nhuận  Nhịp sống kinh doanh",Vinamilk,Vinamilk doanh thu
Doanh thu quý II/2025 của Vinamilk ghi nhận tích cực ở thị trường nội địa lẫn nước ngoài,8/5/2025,Báo Nhân Dân điện tử,news.google.com,https://news.google.com/rss/articles/CBMivwFBVV95cUxQRUI2eHZJbnltUDlVNmVPR1Z2b25wdTZxS25HeWNEZnhtMzMwYURMelJTbExNbG1RbG4yRnJEOWZpU1p4d21FQ2ZHa2xacVZRajZpSnhuajRzaWlTdTFvd3d5akoyc21OdTVTN2RlRUFoeHZhY1BZMnVTeUxUQnVWa184SkRXSHlBMDd2T180N1poWTI2a0RNNnRqTVh5OENjOTZmcm1zdnZhX1FmQVB2UmV0bEdRVGcwSVBfRlczRQ?oc=5,Doanh thu quý II/2025 của Vinamilk ghi nhận tích cực ở thị trường nội địa lẫn nước ngoài  Báo Nhân Dân điện tử,Vinamilk,Vinamilk doanh thu
Vinamilk đặt kế hoạch lãi sau thuế hợp nhất hơn 9.8 ngàn tỷ,4/1/2026,Vietstock,news.google.com,https://news.google.com/rss/articles/CBMipgFBVV95cUxOVWVPVHBPUkhNRHpUMW9nNEFrQjI3WWVnaUdVMURScGJQQzVremI4MHhybnpxU1l4THNnS0M2cjFLT0dRVEw5YlJTVG12Ni10VkFxRG0zV3VmUHctMFl5SWJZU09sNXpnMlZGX202cDFiVkdBSUoyRDN0ZTJfaEhzbmZmYW05UzAwUnRsbDZ2Xy1FaG0zbVdlWmdGSHdtUjUyYUI3NWtR?oc=5,Vinamilk đặt kế hoạch lãi sau thuế hợp nhất hơn 9.8 ngàn tỷ  Vietstock,Vinamilk,Vinamilk doanh thu
Lợi nhuận ròng quý 4 Vinamilk tăng 33%,1/31/2026,Fili.vn,news.google.com,https://news.google.com/rss/articles/CBMigwFBVV95cUxPSW5DYTBnTThyQkt0U1hmc3pyUTExQlpYX0g1Yl9SZnlhVnBRc0doMW96UVFFQzNELTZNckJjaHdpdHBYa3V3ZWdmemRwVHZONFFwakdqY0xYOWZTbDNFSWdib0VCVUhqWFctTVc0YmpaLVpvRHhIaTlvRzd5TTM2TEtZVQ?oc=5,Lợi nhuận ròng quý 4 Vinamilk tăng 33%  Fili.vn,Vinamilk,Vinamilk doanh thu
"Xung đột Trung Đông leo thang: ""Mỏ vàng"" chiếm 70% doanh thu xuất khẩu của Vinamilk (VNM) lung lay?",4/1/2026,Chứng khoán DNSE,news.google.com,https://news.google.com/rss/articles/CBMi1wFBVV95cUxPYjlVQl9WTHpLRnZxeWRkYjQ1ZkQ4eVlnSnpEV0toSmlxVVppMlVvbGZ0N2xVbnpPS0FxMUhYZks5YXU3TTNKRkdOM1JEenNza1VWeTFfbVZBQlVvSllGbHpoQjNTMXdmRFNzSlg3Ti1ZWTI3RkNnbHNoM0p2bHR4U0hXeG42WnZyMFotVUUxYUpUTUZUUENvbEY5TWhNa21jeXVIWE0tamlBb0NoNU5MUUtkbXMyQjh2SjFXMi1GSjQ1elFLUklFWHVHWVpaQ2RBQWVEd0RkTQ?oc=5,"Xung đột Trung Đông leo thang: ""Mỏ vàng"" chiếm 70% doanh thu xuất khẩu của Vinamilk (VNM) lung lay?  Chứng khoán DNSE",Vinamilk,Vinamilk doanh thu
Vinamilk đạt doanh thu kỷ lục,10/31/2025,VietnamBiz,news.google.com,https://news.google.com/rss/articles/CBMifEFVX3lxTE1GUVY0SDFwcjFVUk4wZ09VczVuR1lwT3JvLWtvYXZDX0ZjVy1HWVo0clM4alE3YXIzNFBHNE9iYzE3VTNyRlpxX2phR0x6N19kN1FsUlNWM0JFYlhOQmNabFJOX2s4M1hEcTVwdmpkdTdWa3ZrTE51eE9hdWc?oc=5,Vinamilk đạt doanh thu kỷ lục  VietnamBiz,Vinamilk,Vinamilk doanh thu
"Vinamilk ghi nhận doanh thu quý 2.2025 cao nhất từ trước đến nay, 16.745 tỉ đồng",7/31/2025,Laodong.vn,news.google.com,https://news.google.com/rss/articles/CBMiuwFBVV95cUxPQ29FSkw0RDZ6ek5OSG84VnJkMnI5X21xeU9SQWE2QlphSE1XLWpjQi1zTnNfcWdBYWhnR2N2U29uWmJUMDFSLTI5NGg1T1ZKRXNhZzU2NTBUNEpKTWtoaXRIbXZzaFVHcmFQbVhuSEhxSi1MRGQ1cFY3M3NFZ1otNUpLUGNzUE1pVHFOcDJtZURJQk1vWWNjYUJmMU9tSmttVUNxV1hud3N2dGtRSDVDOGpzN1BkNFJDZFI4?oc=5,"Vinamilk ghi nhận doanh thu quý 2.2025 cao nhất từ trước đến nay, 16.745 tỉ đồng  Laodong.vn",Vinamilk,Vinamilk doanh thu
"40,000 sản phẩm dinh dưỡng Vinamilk tiếp sức chương trình “Tổ quốc bình yên”",6/2/2026,Vietstock,news.google.com,https://news.google.com/rss/articles/CBMiugFBVV95cUxPNXN0WG9WbEhLMnBzdGVvWUFab2dfeXZVT2xfdmloNTBOTnZyZmZmbjVZb3VOQktDek04bFgtVjhsX2h4M3FzbUtrREJGZ0c5QTZBX2g5V09US3V0aDhISVRSQkN2QVllZnJwa3FLdmh4bldkNDkxbmIwTWZXcllEbThfRTh5bWRGRXotZHFsNzlDRTBPNFJJV2hpc04wS3FDUmd5M2xocXpQX0xrZ1hUWkw4dkptTkFGcmc?oc=5,"40,000 sản phẩm dinh dưỡng Vinamilk tiếp sức chương trình “Tổ quốc bình yên”  Vietstock",Vinamilk,Vinamilk sản phẩm
Hàng nghìn trẻ em hào hứng “chơi để học” cùng Vinamilk tại Phú Mỹ Hưng,6/2/2026,Laodong.vn,news.google.com,https://news.google.com/rss/articles/CBMirwFBVV95cUxNbVdzTmNzX1RhVndmQ0lPSFE4c2tpNWp5ZzZuT0VhYk5JWUJzSko4czdrZ1phcTFEVkF5Szh6TFZSQ2VHRHJLMW9SVk9LSWUtSXRBZC1NLXJWSmZTVGE1a0Y1RU1HYzVXSktmcFdNQWlmZ0hyQ0FhTzhoZWNiTmRKU0R4Wmg1NzVIWjFseVlidXZrLXRRTFJNOVgyLWlGdlpTLXZvbnFWbndZRHI0V3Br?oc=5,Hàng nghìn trẻ em hào hứng “chơi để học” cùng Vinamilk tại Phú Mỹ Hưng  Laodong.vn,Vinamilk,Vinamilk sản phẩm
Vinamilk mang câu chuyện 50 năm đến triển lãm chuyên ngành sữa lớn nhất Việt Nam,5/30/2026,Báo Thanh Hóa,news.google.com,https://news.google.com/rss/articles/CBMitAFBVV95cUxNUV9OSzRsMzdLS2pocmVJLWRtV00tSVhTT1BYWFdpUTVfMkFRSVdGRGVvYzliOGtnbVEzNWJ3Y1dIOHRweEpWUnFTWFpkYWpqT3FmTjFQN09xRUlUd2VkTkZoSGFUeVdKa095Q1hUMmxxTVU1VFRuRTN4d3Nuc0hmbm1TZUpuRHlKX2IzSEtWUDZ4RC0yRFdja3RaWGFsdG1XVEdxNmVRT2RZa3l2VFgtUDhfeFc?oc=5,Vinamilk mang câu chuyện 50 năm đến triển lãm chuyên ngành sữa lớn nhất Việt Nam  Báo Thanh Hóa,Vinamilk,Vinamilk sản phẩm
Vinamilk chính thức ra mắt sản phẩm mới,1/11/2026,congly.vn,news.google.com,https://news.google.com/rss/articles/CBMieEFVX3lxTE5rSVhSX05HeVEya01mbjdGcDNmSWtkTzRHNTM2di1CYWh2U2EyZloxNUVWWm5fcmNIQU14OFUzZTVOX3RqdDJJNmRWd3NhbmM0TzA0TFdkd1Q0TXFMYU54dWVIMFhNOVNLWnhHVUVjelJVNzVZVXlEQQ?oc=5,Vinamilk chính thức ra mắt sản phẩm mới  congly.vn,Vinamilk,Vinamilk sản phẩm
"Vinamilk cùng chung tay vì một mùa hè hạnh phúc, an toàn cho trẻ em Việt Nam",6/2/2026,VietQ.vn,news.google.com,https://news.google.com/rss/articles/CBMiqAFBVV95cUxQNzNPdDdLMzNxcWdaUGh4Smx3YVNFOTl2QXRhR2lGRUIwTkdJaVIzSHpsdmdteXFmenl4SmZJUHd1TGRTb0tod1FJMmFacWx2M09VSktWTFp4cUlPOXVSTjJvakpGcVAybHYzTXU5QWVtOTB3LVNYMF9xd0ItUHhwd2FBRWdMSjFEbEZxaUM3RTRnQkVNeFNNRE1Bc0VJQjJWMGd1c1hRWlg?oc=5,"Vinamilk cùng chung tay vì một mùa hè hạnh phúc, an toàn cho trẻ em Việt Nam  VietQ.vn",Vinamilk,Vinamilk sản phẩm
Vinamilk hỗ trợ 48 tấn sản phẩm đến bà con vùng lũ miền Trung,11/24/2025,Báo Tuổi Trẻ,news.google.com,https://news.google.com/rss/articles/CBMipAFBVV95cUxQVXZYYkd5NjRLaGlPbkdmdmtpYzZmR0pqOWZELXpDTDFxa2xGNFNIaTJEU0FaWFJaMVdTLWhSZWUtbzUxRGdScEhPTlVYY3pudEt2VFJ5VmRkeVJSUTdfUFV2emQ3cE1qWXFFcTNwM2ZNRjZMVkdUdEtTZE1mUnFxTUZ3UFJWMkV3WjlYcG5JT05Gd0NpaEh5VExVd1UtUW9tN2pvNw?oc=5,Vinamilk hỗ trợ 48 tấn sản phẩm đến bà con vùng lũ miền Trung  Báo Tuổi Trẻ,Vinamilk,Vinamilk sản phẩm
"Tiên phong xu hướng dinh dưỡng, Vinamilk “gặt” tăng trưởng hai chữ số quý 1/2026",5/6/2026,CafeF,news.google.com,https://news.google.com/rss/articles/CBMiuAFBVV95cUxOT1RsQ3NiSVVmeXJjbm5hVF9ibVFxbno4Ul8zdndfTHJ5MTZrY0hvcm1vcVFjUkFnbWtFR2F4X3B5N0NqbFFwNTBfeEJ0eTNxRTA5UkIwb1EzODdqR0NRNGN2ZVotc3RpekNQX3h5azQxNDhiQUZGZ2FhY3NmM05kRDZLSzFXYTRrZFMwWWwtSVdwem1qU2dfLVBJRmJXcUgzQmRrVVNnOHFNYkgxYTlCS0NFV01xMGxZ?oc=5,"Tiên phong xu hướng dinh dưỡng, Vinamilk “gặt” tăng trưởng hai chữ số quý 1/2026  CafeF",Vinamilk,Vinamilk sản phẩm
Lý do Vinamilk Green Farm nhận nhiều giải quốc tế,5/19/2026,hanoimoi.vn,news.google.com,https://news.google.com/rss/articles/CBMiiAFBVV95cUxPdV9vcHBlbnV2dV9zaUtiWTJoT0JMbUhOSnJ5eld0SmRrVndHTllRZU5LM3MwTUdTMVpDN0JRZ09VcmVtcmZBQ21FWTgyQ3dUbTlwRG9PcHhCOGNJWXZndjFUZGw1NXlzVnVmTDUxSFdYZDd5U213ZUE3LW5ZUEt3eVhnWmlra1Ex?oc=5,Lý do Vinamilk Green Farm nhận nhiều giải quốc tế  hanoimoi.vn,Vinamilk,Vinamilk sản phẩm
Lộ trình giảm dần lượng đường trên sản phẩm Vinamilk,12/16/2025,Nhadautu.vn,news.google.com,https://news.google.com/rss/articles/CBMijgFBVV95cUxPM0VpY2pGSkFXdlBVak85TURtUlVqaWVYWG1HXzVSWk5NRUlVamZ6Z3FoTVoxcDNkZ3dKRVhjQk9SYVBDS3ZoX0g1SENRemI0VDEydTZObE9WZW4tVUxVSWoteFZvUlYzQWQ2bUNJZndQOHdQUXlLOGlKRW9JZjZSQXNEZFhWbmRpMWE3cld3?oc=5,Lộ trình giảm dần lượng đường trên sản phẩm Vinamilk  Nhadautu.vn,Vinamilk,Vinamilk sản phẩm
"Hãng sữa quốc dân Vinamilk đặt ""mật mã"" trên bao bì",3/14/2026,CafeF,news.google.com,https://news.google.com/rss/articles/CBMikwFBVV95cUxOWDJpNWZnd1h3QkI3VkNlZjQ2NlVEVlJxWHVFNlN5djY4Q0lkRC1PN0tKLTNwWHFHTzU2Y1pvY3hCUXdNM0hBTGpfWXVCclZJeEtXVHVSZG9TeV8tWTRpejIzazdzSGI3cy0xcmFyeGxWRFNxVi0wS09yY0ZvUE1oby11dkpiYS14QzVPQXNzWHU0TUU?oc=5,"Hãng sữa quốc dân Vinamilk đặt ""mật mã"" trên bao bì  CafeF",Vinamilk,Vinamilk sản phẩm
Vinamilk đưa 160.000 sản phẩm sữa và nước uống hỗ trợ đồng bào vùng lũ lụt,11/23/2025,baochinhphu.vn,news.google.com,https://news.google.com/rss/articles/CBMiuwFBVV95cUxPSmFyVE9LRXM3QUN1NVNiUmxvdzU1RlpFNXA4azJOdXJOZXZseU9ESnVWMFpTVTFlcUtRYUg0WTFzU3RlUEZTVE1INkRDSDZYUGVIelpkSmstTkg1WkwyY3dpd2tlYzE1REJCT0lZUEJqNlBEeWR1cVd5a185c3RrdXg4OEdHcGtFSUpxTEdDUVFZN2pKRFZ6ck5WZ28zeGZ2d3c0YXNqU0xrV3p2QTVpdXJjNEFFazlTa084?oc=5,Vinamilk đưa 160.000 sản phẩm sữa và nước uống hỗ trợ đồng bào vùng lũ lụt  baochinhphu.vn,Vinamilk,Vinamilk sản phẩm
Sản phẩm dinh dưỡng Vinamilk 'may đo’ cho người dùng Việt,10/2/2025,Báo VietNamNet,news.google.com,https://news.google.com/rss/articles/CBMilAFBVV95cUxNeUpqZW1IMEpyM3FxZVp1dElqZnF6SWVMUmY4cW9nREZDc0I4bE1rdGRJQWx3bTZ0OFIxRGVXT2t6U2E0dlhhR2IxU2JZT2pFcWxFU29rSjNnU2xiZi1WdHNVcElrTmRKaHpFdGNHQWx5akUwVlNnUERlTDZLTmc0aEVGVThReGwzSnM5OWZCYzREUlYw?oc=5,Sản phẩm dinh dưỡng Vinamilk 'may đo’ cho người dùng Việt  Báo VietNamNet,Vinamilk,Vinamilk sản phẩm
Vinamilk: Minh bạch và truy xuất nguồn gốc sản phẩm để bảo vệ niềm tin người tiêu dùng và khẳng định vị thế thương hiệu Việt,10/23/2025,Báo Nhân Dân điện tử,news.google.com,https://news.google.com/rss/articles/CBMi7wFBVV95cUxNQ0c1S0pjWmsxeTRaN1d6d1NfbkRzTm92RVFPYU1qM1h5dm04MzVYN1N4dzRpMFR2LWZ4ZUpLSEVGVkt4bTlWLVpMUUpSOUFPam9IWjNpbGFUSEVvVzRCSWN4U0V3cVl0YXFhYUpSbnBYVElmR3NVOXhYQkVWVzlSaTc0Z0Z6d1VYMGVQbC10WGt4dm5SbWZIcVNLOGRNc2ZUOVpUSVVoRUJSUDY2TUtRbEdjekc5MjdtelB3WFFfUkd3UUgtRDl5MW9FZC1mYkN4eXo1SFNoa0R3WDR5UkFHMmtuaHlIS0dpN0s2M2JURQ?oc=5,Vinamilk: Minh bạch và truy xuất nguồn gốc sản phẩm để bảo vệ niềm tin người tiêu dùng và khẳng định vị thế thương hiệu Việt  Báo Nhân Dân điện tử,Vinamilk,Vinamilk sản phẩm
Vinamilk khẳng định vai trò tiên phong chuyển đổi xanh trong nông nghiệp tại Hội nghị Khoa học quốc gia,3/29/2026,Tạp chí Công Thương,news.google.com,https://news.google.com/rss/articles/CBMi2gFBVV95cUxPcFV3SGp1bEtKRUdLZkhiTndGZ0tqVEFSWGNTVmxyLTJwV1RZczU1dy1PektUUHFtazJXOWl0NTBMLUVrNUpBVnBEUFVnUERjSFNWcVJWUEVmWlRVNTF3Z1VMM2RMRFRKZnp1clNrdWhLalpWb1VOaFgwY25raFdVdTlhYjZyUzNmMUg2cWNjazA1cFJPUTFJNExhcWd3bmVXOTBvQWhGVkJfTjg1U3JLcHhwdHVOTXIyT3pPMVNWNll5Q2dyY2p1X3VCbnlEWV90dnJBSXMwSVlPdw?oc=5,Vinamilk khẳng định vai trò tiên phong chuyển đổi xanh trong nông nghiệp tại Hội nghị Khoa học quốc gia  Tạp chí Công Thương,Vinamilk,Vinamilk sản phẩm
Vinamilk ra mắt sữa uống dinh dưỡng Optimum A2 Pro+,1/7/2026,VnExpress,news.google.com,https://news.google.com/rss/articles/CBMijgFBVV95cUxQMWpFZ1gyOUY0aGpDSFZyTUlMaXpIMTVQVWZhT2ltdmdLUi1qMDR2ZmdoNWR1am5VUXZHSm5hb3pRRXYwU2pUanNUeFFEb1FfUFBicjJJeWtHTGMwcERabFRadTROU2lrWkluNTVtTmhYbmZEMWpLZEl3QWhYSzlPTDlFZjVKNm1MRzBmU25R?oc=5,Vinamilk ra mắt sữa uống dinh dưỡng Optimum A2 Pro+  VnExpress,Vinamilk,Vinamilk sản phẩm
Bí mật đằng sau dòng sữa giành giải công nghệ Châu Á của Vinamilk,11/3/2025,Tạp chí Công Thương,news.google.com,https://news.google.com/rss/articles/CBMipwFBVV95cUxOMnpEbDM2RnBRSkhBX1FUMkFNbjhxSG1vNWdxWWRiUDFyQ05PbmZqUEhvNjQ4WjM5eGVWcG5UMUhGekRIY2ZaeXVhX1JIaURERDVRVzlwT3RiQ0tGeTIxblg0OVF6M1VnQzFhYy1NMVNjUG1pRTNjYXlnYWtTb0U0ZFEwVkNJSjh2SHpMRjFKbFFYeVd4QmdjczdYVER1MTVGaWtLN1N4Zw?oc=5,Bí mật đằng sau dòng sữa giành giải công nghệ Châu Á của Vinamilk  Tạp chí Công Thương,Vinamilk,Vinamilk sản phẩm
Vinamilk và dấu ấn 30 năm liền được người tiêu dùng bình chọn Hàng Việt Nam Chất Lượng Cao,4/2/2026,Báo Thanh tra,news.google.com,https://news.google.com/rss/articles/CBMi4wFBVV95cUxNUDM5VGhJTm92Nmp2aVBEcm9nN2xWNndQeVJ4Sk5oZ21nOEpGdk9zdTdCQVZ6WlViRWxGOXBJU1I1OFQ0ajRhUFVyX2JST2JpMVZlQkQ3dnZXaThXLXk4cGExekM1LVNJY1ZWUmFtOVllZXN1WTNJZ0djOU9MaktIUzF5cUhUa3A3a1dKU1N2QlpRdDFYMXdDWW81MGVOeHV4djRNUW5TeExXZzBZRXROeHJSMi0yZ0U3dDVjeEZiOTBQR0FhZ0c5QjE3UVdRMGZndzVObFd4Q0hKUHpVenctVE5rTQ?oc=5,Vinamilk và dấu ấn 30 năm liền được người tiêu dùng bình chọn Hàng Việt Nam Chất Lượng Cao  Báo Thanh tra,Vinamilk,Vinamilk sản phẩm
"Hàng trăm ngàn sản phẩm của Vinamilk đến với bà con vùng lũ Khánh Hòa, Gia Lai, Đắk Lắk",11/23/2025,Báo Thanh tra,news.google.com,https://news.google.com/rss/articles/CBMi2gFBVV95cUxPTWx4dTRTZHppQjBCWUVkMkhNcUtmZWZmcUxqRGhQVVc0eGlpYkFRV0dNUl9RNHZZdDgtWEp3STRjRmxMUjVRSGVJN2toaDdfZHNTMzJDa0IxMEczM183dEJ4Y1ZwVFZTYzhFX2xybUQxQjZHSFNFMWhBTzh4UU44T1I5ZWExekdqanVkR2tYRlJpWGppaXJkZ0s5Wnc4TG55eGxJdU9mdTdJRnk3Um54RW9YeTcwMUVnaU5zcnI1MHA4QXN1STZYYXBCbHZaSmoySk94QUpxLXdpZw?oc=5,"Hàng trăm ngàn sản phẩm của Vinamilk đến với bà con vùng lũ Khánh Hòa, Gia Lai, Đắk Lắk  Báo Thanh tra",Vinamilk,Vinamilk sản phẩm
"Quý 4/2025: Vinamilk tiếp tục lập đỉnh doanh thu mới, vượt mốc 17 nghìn tỷ đồng",2/2/2026,CafeF,news.google.com,https://news.google.com/rss/articles/CBMiuAFBVV95cUxOaHNtano5SGhuMFZMV1M4NlMxQ2JVbzBZQXBtTl84bHdsWjZsUGVlaS1hRW9lMklFRmVyUlQ3N1lJRWR2X1VwN2ktN04ydUU3dEY5c0xPd3Q3Znd3MmEzdkpzU3JUMXJONUtBclM0NWpYU0VLQlNEUmlrem5ScnZ4REZsRTlwWUxBdUdVbU5CMXYyUHNJdE9kQkZQNERydFRmbEp5R0ZQcV95Ui1xRkZQYjlJV1lhNUE2?oc=5,"Quý 4/2025: Vinamilk tiếp tục lập đỉnh doanh thu mới, vượt mốc 17 nghìn tỷ đồng  CafeF",Vinamilk,Vinamilk sản phẩm
"Giữ vững vị thế sữa “quốc dân”, Vinamilk “gặt” cùng lúc chứng nhận Tinh khiết chuẩn Mỹ và giải thưởng Vị ngon Thượng hạng",2/15/2026,Doanh nghiệp và Tiếp thị,news.google.com,https://news.google.com/rss/articles/CBMi_gFBVV95cUxPblRmcms4NEhlUVNHd1J0S1lscFFMR0x3Zm03OWx2QnlqZnNRN3Q3N0hPUXZiT0szMGQ4NEsxcjFfWVNZTVlfS1R0NkZkNW9ZYTFpelBEWXFvNzhkWi1HZ1czNGhhdGxrWUkycnMtZVF2R01CNjBrbi1tSjhOd0dsRnZvVmF1cEp3Zm1Ob2hjNzItSm1SaEYteTR2STE4UndBM2ItVDRjQTI1dkFXcUhlQ185RElINTdwZnFUaXBqd05tRXpOZVJtZk01VldXMkhYU0VVX0JkRFU0YlNzNXNvYnl5ckdXYy1KY1B1cmpJaUxGZWhCYUNOcHBNOTd0QQ?oc=5,"Giữ vững vị thế sữa “quốc dân”, Vinamilk “gặt” cùng lúc chứng nhận Tinh khiết chuẩn Mỹ và giải thưởng Vị ngon Thượng hạng  Doanh nghiệp và Tiếp thị",Vinamilk,Vinamilk sản phẩm
Gần một triệu sản phẩm Vinamilk tiếp sức tại đại lễ Quốc khánh,9/1/2025,VnExpress,news.google.com,https://news.google.com/rss/articles/CBMingFBVV95cUxPZy1penFHZEh6TlgtV2pyZWtHNFhpbWRVQmh3bGw3Zm5qQTZWMW5WZG5uRHB0SlJnYU9iTERnckJ4dm05Y2JVY1NYenhaQS1fQWxjblU1ekpBYTBMYk14c0ZJQVM1aTU4V3JfbEhMd2VtS29rSjhLS1FXUlF4Q1VuNkZ5eVdQMWMwMU0yY1RGQTEtd0JVNGpIUTBlZ2dTQQ?oc=5,Gần một triệu sản phẩm Vinamilk tiếp sức tại đại lễ Quốc khánh  VnExpress,Vinamilk,Vinamilk sản phẩm
Vinamilk ra mắt Optimum A2 pro+ từ đạm quý A2 - 6 HMO - MFGM & DHA,2/4/2026,Báo Thanh Niên,news.google.com,https://news.google.com/rss/articles/CBMipgFBVV95cUxPaFhBUVJUOWJnUDN1SDhTLVhwVkZSVS1LeVlxOGktSVJhZUhCY0ZoZ09XZFNjaHV6UjVNS21aM3dEVTFxR016ZlNEakUyWExDVzdfUHRGUjMwcUplckFGOERGQlZvM2pTcVdoczVHOEFsRUZMS3FrYklIeC1zZFVvUjdXbGQ1VmluSEdsdXQtXzJ6Q21SMFFPcVliWHNEZ3AycXhjOVR3?oc=5,Vinamilk ra mắt Optimum A2 pro+ từ đạm quý A2 - 6 HMO - MFGM & DHA  Báo Thanh Niên,Vinamilk,Vinamilk sản phẩm
Vinamilk hỗ trợ 48 tấn sản phẩm dinh dưỡng đến bà con vùng lũ miền Trung và Tây Nguyên,11/25/2025,BÁO SÀI GÒN GIẢI PHÓNG,news.google.com,https://news.google.com/rss/articles/CBMixAFBVV95cUxONnJwQjQwbWVxUHU4d0ZLOUF2OG4xX2FJQkR1S1gxa3hfcFIxZnF6Qm4zYkw1bTJKbzZDTkZ2V2toRFhyOWdfRjIzUWs2eDFEd2FBakYtRW9DOEszNTZ2SkwtV3hUZmdyTUY5UG1lSmpZWWdCM0Fjd0RlZE0yMXhIT2J3SG40OTVlYjRjYldmTFJFT3FXWWdRd3BfNTRRaTdJU0YtLVRkRjBBMm9oaElGQ25KWnVhSVJiWkxaU0lJeFo5WVQw?oc=5,Vinamilk hỗ trợ 48 tấn sản phẩm dinh dưỡng đến bà con vùng lũ miền Trung và Tây Nguyên  BÁO SÀI GÒN GIẢI PHÓNG,Vinamilk,Vinamilk sản phẩm
"Hơn 61.000 sản phẩm dinh dưỡng Vinamilk đến với thương binh, người khó khăn dịp Tết",2/15/2026,Doanh nghiệp và Tiếp thị,news.google.com,https://news.google.com/rss/articles/CBMizwFBVV95cUxNT2VLdnpVUk9nMEFzMTU4SVp6STJMcDg3aHlYRGJHY3B3UXByMlhUa09tWEdOOTRWdGdoMnppcTQxcDhIakQ3a2FtRzIzOUtvVGlTb28yaldybjU2N2VHZ3JQRjVvU3ZVb2M0VXdmb2NsX0Ezd21ETUFqbTVHendfOEQ0V21taV9HVkpDUTFUWjUwZXR5RFl1bTU0ako3Sk8yc3Z1aU5yU1FzbHFxLXhOTVJpM1lOMXJkZlJfMzFQemc2RGh1YWVSakhyU2o3blU?oc=5,"Hơn 61.000 sản phẩm dinh dưỡng Vinamilk đến với thương binh, người khó khăn dịp Tết  Doanh nghiệp và Tiếp thị",Vinamilk,Vinamilk sản phẩm
"Nhiều sản phẩm mới, đột phá của Vinamilk phục vụ người tiêu dùng tại Hội chợ Mùa Thu 2025",10/29/2025,Dân tộc và Phát triển,news.google.com,https://news.google.com/rss/articles/CBMi0wFBVV95cUxPR2ZfWmVSc1dQc0N5N1ZTWTBCakUzOFVGUmJqbEp1ZlVnZWVpcEZ6TGxENml6SHd5RUw4RmNjU3o3N204T0VIbl9mOHMtZjVYRE1UMFVkMDlzeVlVREl3SlBYUEJsT3pJajVRSW4tSjFWM3RIV241RXBKWGJxMTlqSk0zODExaEkzNnF2M1FhWkwtTDY5WFBRSms3V2FKSEZlUWhZT05NU1Uyd1l5MVdGLXhDcWl3Nm9WUktvdjhNMXYyODFZdHM5ekdkSEZwN0pMeG1z?oc=5,"Nhiều sản phẩm mới, đột phá của Vinamilk phục vụ người tiêu dùng tại Hội chợ Mùa Thu 2025  Dân tộc và Phát triển",Vinamilk,Vinamilk sản phẩm
VINAMILK: Được Bộ Công Thương trao Bằng khen Doanh nghiệp xuất khẩu tiêu biểu,12/19/2025,Tạp chí Công Thương,news.google.com,https://news.google.com/rss/articles/CBMitwFBVV95cUxOUlJybjFGbS1FVFJfalNnVWFTdW8yeW5CWEVFVjhJRTlLNTByb0QyTXN4emlLbEdQT0RPbU9KczNJcmY2emZ6UWZLdnQzU1Jheml6YzlJVmhKNWloZU9Bd1RtYkNNR2gtb3Nlbk8xNzRCLXRCT1FuUEZTYTZhYU0xUHdvdUNlRVlaVWV2TlN1Ny15bFFQS0VaVms5WDlvUlk3U1c1bF9DT0lOcjdfRVY2c0VBRzYwdUE?oc=5,VINAMILK: Được Bộ Công Thương trao Bằng khen Doanh nghiệp xuất khẩu tiêu biểu  Tạp chí Công Thương,Vinamilk,Vinamilk sản phẩm
'Bài kiểm tra' giúp Vinamilk Green Farm A2 đạt chứng nhận tinh khiết từ Mỹ,12/20/2025,VnExpress,news.google.com,https://news.google.com/rss/articles/CBMiqwFBVV95cUxNVjlqc0RTZGhqUGU2R3lTdG5QTkhZcVpLT0VTUTc5cFU1cUxrREZKbE8tOXM4RUpyNEExY0dRdldMR1ExUGdGdjFuODQ1YllfUERPNjFkSmdZVHVIeEhUdURxOTlXVlRsdmdhalgxZmtTVjlFRHVXV21VbHQ2ZGhDTF9PQVhLUXhiT25jbTVQYUtSUkRCOVhIOEJmdmFabXN3c1Q4cnJoMUF1UHc?oc=5,'Bài kiểm tra' giúp Vinamilk Green Farm A2 đạt chứng nhận tinh khiết từ Mỹ  VnExpress,Vinamilk,Vinamilk sản phẩm
Vinamilk Green Farm Cao Đạm: Giải pháp dinh dưỡng giúp chăm sóc sức khỏe chủ động,10/31/2025,Báo Thanh Niên,news.google.com,https://news.google.com/rss/articles/CBMiwgFBVV95cUxQYWlIT2UzWVlkdi1iUWlCMTRLTVVJTWk0bXFlX3JDNklWbzZKMGNwRHV0b2NIZWp5ci1vTVV1MmNjYUxPN1R6VWdOTjV3cUZqUktuQTVCd2pycjIwQ1RXeUZXLVVqcUd5ckxHa1U2YkZQZjFOTEhOOWxVM3dJYXU2bWVQbUl0MmhJaHRuQVdvNV9RS2hnS1owSnl1Z00xam9XSm1jeWhTOFRoT3hsY21VWFFxV3NLZkQxUzQ4WnktVlpNZw?oc=5,Vinamilk Green Farm Cao Đạm: Giải pháp dinh dưỡng giúp chăm sóc sức khỏe chủ động  Báo Thanh Niên,Vinamilk,Vinamilk sản phẩm
"Nhiều sản phẩm mới, đột phá của Vinamilk phục vụ người tiêu dùng tại Hội chợ Mùa Thu 2025",10/29/2025,Báo điện tử Tiền Phong,news.google.com,https://news.google.com/rss/articles/CBMiwwFBVV95cUxQRlg2OXNVYkVZeEV0VmVTTW5XQk9VMUZlOVRoTTBTa1FWekwycGRGQ1NqTlFyTEVtWjlnQ0Qza3ozSWpRa0FZTEVnV3lfMFlEX2o5M1QyR29VLTJZUUMxSlg2MWVHWmZybE9DdzViaVdITmJpbi1EUkVEMlE2YkdWZGZEQTJuemhqY0dlMmd2ZkFIN1BfdDA5SGVMZ3YwTWRyQzN0eTRLaTFEb2NIbFZLdm9PWXM2dGhzN2JWS1doUnd6VTg?oc=5,"Nhiều sản phẩm mới, đột phá của Vinamilk phục vụ người tiêu dùng tại Hội chợ Mùa Thu 2025  Báo điện tử Tiền Phong",Vinamilk,Vinamilk sản phẩm
Gần 1 triệu sản phẩm Vinamilk tiếp sức cho đại lễ,9/1/2025,Báo Tuổi Trẻ,news.google.com,https://news.google.com/rss/articles/CBMilAFBVV95cUxQN1JIRTFhalNGWUY0dU5PMDV6LVZseGFRT0FYak9FM1E3RF95SHI2cUgtT01TSEQ0R01KYUs3TjRPcFE2dldpOHNtODN3alRONWNIR1lxYXBCY0xaWWI5amtCUTBmQ3haRlA5SFdyaVlTZkc5WUppLTlJWDVJR19xenVGcTBMSFllUmhOeFpnRTdnSGIw?oc=5,Gần 1 triệu sản phẩm Vinamilk tiếp sức cho đại lễ  Báo Tuổi Trẻ,Vinamilk,Vinamilk sản phẩm
"Hàng trăm ngàn sản phẩm của Vinamilk đến với bà con vùng lũ Khánh Hòa, Gia Lai, Đắk Lắk",11/24/2025,Tạp chí Người Hà Nội,news.google.com,https://news.google.com/rss/articles/CBMiugFBVV95cUxPaFI0NnU1M0pVTXM2QTRqNjhER1A4Tkw4MmFrYW1iZ282NkJjNjhDMl9mWWhvZGRjcDdyYVNhbTdvMlpLOFBweXB0V21vMVNxRWlTVGxSS20xOTd1dFRsbW1wRHFWT3ZZM2dib2xmMTlOOTJoXzBGX1drYmhYRFdGWFV2cXBqTms0Z3hfaE1BTkV4aGNlMDlDTzZNcTRFdnhvdHdwcXNib181R2R0S2hlTXZCSWJPSEpuWFE?oc=5,"Hàng trăm ngàn sản phẩm của Vinamilk đến với bà con vùng lũ Khánh Hòa, Gia Lai, Đắk Lắk  Tạp chí Người Hà Nội",Vinamilk,Vinamilk sản phẩm
"Vinamilk: Minh bạch và truy xuất nguồn gốc sản phẩm là bảo vệ người tiêu dùng, cam kết phát triển bền vững",10/14/2025,Tạp chí Công Thương,news.google.com,https://news.google.com/rss/articles/CBMi3gFBVV95cUxOQnlJczNnX0hodm40Vnk3QTFLOFdhXzl2ZkI2S2x0SkxMNHM5M2MyeFVuOEI2aGNQbXkyem9DeEhLRy1zN19BYzRvVjdxb1RSTVJRMGpVTlZSUERONFZubUdBM1lZVXV5NERpOVd0MzhvM2tweF92VVg1aFhTZWU4UU1fdVB0YVBuQlR0Q3lVd2hZRXhFbXgtWlBoRTM3anFfZjNGbU41RWwyb3JnQlB1bTZtelAxb280UHpiWTVrODlXR0sydjlHYnBLTXdoMmJBUl9aUVdCV1Z2TmQzeHc?oc=5,"Vinamilk: Minh bạch và truy xuất nguồn gốc sản phẩm là bảo vệ người tiêu dùng, cam kết phát triển bền vững  Tạp chí Công Thương",Vinamilk,Vinamilk sản phẩm
"Hơn 61.000 sản phẩm dinh dưỡng Vinamilk đến thương binh, người khó khăn dịp Tết",2/17/2026,vov.gov.vn,news.google.com,https://news.google.com/rss/articles/CBMirwFBVV95cUxQaHdnR0E5Q3FLZ09MQ0V1ajJweWhXSktEbGtXUURad01RXzVCQjBaX2Nvd3hySFlQS0xySWpGY3MyOWF0cFVYVkxLWFVjOHdSb3J6anJQV0ZUc18ySXhUT29lc2s2V2t0RW1LQjhBSzNxdGI0YUFMODlfcmhmRjRWZXZwSHRoNXYzR3hBbUhCcF93Z2xOaXZSMXVXdEVhQzFPWnJxWklrU0ZzblZIWGRz?oc=5,"Hơn 61.000 sản phẩm dinh dưỡng Vinamilk đến thương binh, người khó khăn dịp Tết  vov.gov.vn",Vinamilk,Vinamilk sản phẩm
Vinamilk lần đầu vào nhóm 5% thương hiệu mạnh toàn cầu,10/21/2025,VnExpress,news.google.com,https://news.google.com/rss/articles/CBMikgFBVV95cUxQS1U2Z0Z2SlhWWDVkRFowYWgwSzM1blphemZtVENMVzk0cmZnUHhLRUdLbmU1bk5fZHZZNGNKbmRFVlZzaXRkR05qX1FrZ1RydFRNMUdINEZjVlRrc2luTXNjLUVpT182WXBNenBGRnJ0TDZhaUhMaEFtUHJuQWpwY3prOF9FZFdSc0xCZnh1MnpZdw?oc=5,Vinamilk lần đầu vào nhóm 5% thương hiệu mạnh toàn cầu  VnExpress,Vinamilk,Vinamilk sản phẩm
Gần 1 triệu sản phẩm Vinamilk tiếp sức cho đại lễ kỷ niệm 80 năm Quốc khánh 2/9,9/1/2025,tapchitoaan.vn,news.google.com,https://news.google.com/rss/articles/CBMirwFBVV95cUxQZl9uOWVzUFNuWVUyNzR0REdMajBZUVR1X0JhTjZETnphVGxOMHp6SUxOeTJkMVpCOG82ekJudHNUVWg3VVpSLU56VTBSWG9qSHlXYU9MZjNqVUJiMjhpYzNFeEZFaUJvZEJPN1hUWGJEYjQ2Z21vc1RvTHB1cmhUbVpKa0l3U1V1cGlybDVvdHRoSXdTMTJDV2VLejBKUFVJUFpXRDZOUW5XTlhqNXp3?oc=5,Gần 1 triệu sản phẩm Vinamilk tiếp sức cho đại lễ kỷ niệm 80 năm Quốc khánh 2/9  tapchitoaan.vn,Vinamilk,Vinamilk sản phẩm
Vinamilk được vinh danh là thương hiệu sữa tiềm năng nhất thế giới,8/20/2025,Tạp chí Công Thương,news.google.com,https://news.google.com/rss/articles/CBMiqAFBVV95cUxQVzUwaDV4VkE0SEJJVWZOQzQxYkFxZEhReFFyYnFQQVZKYi1NOTZZM3lteEk1Sm9ZNEZveWtCRE5KcjFqN0o5dVBlOEhlRzAtalRvdERFSERLbFc5ZkV2d3cxbmRYX3NtNWJnUFZ6UmdtS2gzdXM4Sm1TajVpSmRsQi1ETTB4eElDTlRRRHY1cUZCZjZOMFEyZ1hCNnFrSkZYMkM0YXlfS2U?oc=5,Vinamilk được vinh danh là thương hiệu sữa tiềm năng nhất thế giới  Tạp chí Công Thương,Vinamilk,Vinamilk sản phẩm
Vinamilk minh bạch và truy xuất nguồn gốc sản phẩm để bảo vệ người tiêu dùng,10/14/2025,Báo Nông nghiệp và Môi trường,news.google.com,https://news.google.com/rss/articles/CBMivAFBVV95cUxNdUNSLUUwcklEZVU4djhGZXFGcU0wQmpTaS1JZV8zZnZPbXFYVGdrd25UVXFOUHlMVVNGTUhRMEJQYldzR1ZkUVpPSVNYeHRHSGNKT3hRQ3I0OHBGWHFsY1JwQmQ1Z280NVUwM2JrcFhxQlFVZVBqT28wNVBCanJnOFhQNXFCYjdhc2tvemo2azBiRllBR1luNDlSY1ZFOXlLeEp4SDZhdWM0NEVDQ3hZQTVkRFZoTjdJLTdNTA?oc=5,Vinamilk minh bạch và truy xuất nguồn gốc sản phẩm để bảo vệ người tiêu dùng  Báo Nông nghiệp và Môi trường,Vinamilk,Vinamilk sản phẩm
"Vinamilk báo doanh thu quý 1-2026 tăng 24,6%",5/5/2026,Báo Tuổi Trẻ,news.google.com,https://news.google.com/rss/articles/CBMiiwFBVV95cUxNVkJ3a3o2Rm1hWUd3Nmp5Rms1RVVCWThSRnRDWVozckZFQmJYOXBvalpYUGFPbHE2Q3k3dEtiQ3dtaGdOQVhqS3pOS3JDVldqV2VySm50MldETzhTUW1NNkR3OTNyZ3ZsNFNPOWxIMVdmQTFlQ1dzUWszVy1razhiVlhXcjZkZEdfdTV3?oc=5,"Vinamilk báo doanh thu quý 1-2026 tăng 24,6%  Báo Tuổi Trẻ",Vinamilk,Vinamilk sản phẩm
Hàng trăm nghìn sản phẩm dinh dưỡng Vinamilk được trao tặng cho bà con vùng bão lũ,10/22/2025,Báo Công an Thành Phố Hồ Chí Minh,news.google.com,https://news.google.com/rss/articles/CBMi3AFBVV95cUxQY3NqVEVOMEtmNjc5WTRDaHFqZXVVYWtFRDdRUmNrS3dZdzNnN3ZDb09RelVBbUJreWxVWXhLbWhkMDNhY0lRdTVXcHhoNDhGUXZqVVpyZXA2MTBmZ0Ywa084QjBkTjlaYlJiT1VidkpxeWFYbDRGTmhFN0FXTG9NUC1aMjBidDN3bzJvdGhPZGlieWVZNjRQYi14UkNjVTNWcTdzdUJOdmRpZ3QzM0xSY0dEOEVNOEdscHF0MjQ3aWdwMEtYeGhERU9aUS1jZVp2anF6TWRqYVpiZ293?oc=5,Hàng trăm nghìn sản phẩm dinh dưỡng Vinamilk được trao tặng cho bà con vùng bão lũ  Báo Công an Thành Phố Hồ Chí Minh,Vinamilk,Vinamilk sản phẩm
"Vinamilk đưa 160.000 sản phẩm cứu trợ đến Khánh Hoà, Phú Yên và Bình Định",11/23/2025,VOV,news.google.com,https://news.google.com/rss/articles/CBMirgFBVV95cUxQOU1EUW5PSEpvUDQxTjZHMkp3cThVMEY2ajBZdWJoTTFXcDBLRjF2VWkxbXQ3NTR2dWlIcEJWLWd5YzBXOHRoSE5SS25maDR2SzBfMkVSRjRFZDB0UG5xbVRrRFp6UXpvRmF2SmxIQUFHelNxSU9MUUZjV3pDbGRkRTd4NHoteHFMcVVWdWR3UFFaM1FJaXc0N25Zc25GaUJ1ZF9LTXkyQ0NTZmswTUE?oc=5,"Vinamilk đưa 160.000 sản phẩm cứu trợ đến Khánh Hoà, Phú Yên và Bình Định  VOV",Vinamilk,Vinamilk sản phẩm
"Nhiều sản phẩm mới, đột phá của Vinamilk phục vụ người tiêu dùng tại Hội chợ Mùa Thu 2025",10/29/2025,VnBusiness,news.google.com,https://news.google.com/rss/articles/CBMitgFBVV95cUxOd1dNS3ZkU2diQUIwM1FTakhSZDBCVTFvYnQycW5hSk1raHB3ZmlISEtuRlh0MmMyWV9rdW1CeWZySTdXMWpUOXVHV1hMdXJLNE0tTlkxZng1Mlp5WDk1Y2g2TTdlM2prYVM2ZkRRQWNqMDJTSDVDOW14STRuTTZoZExmRXZxRTlYMnRIdmpPVEVvZnFUbFZPX1ZOd1pmbU1mdXdZUzBudlc4UTBkOEFnYlZPM0hxUQ?oc=5,"Nhiều sản phẩm mới, đột phá của Vinamilk phục vụ người tiêu dùng tại Hội chợ Mùa Thu 2025  VnBusiness",Vinamilk,Vinamilk sản phẩm
Vinamilk Green Farm - dòng sữa mới mở ra lối đi độc đáo: Dinh dưỡng thông minh - tinh chỉnh đúng ý,11/13/2025,hanoimoi.vn,news.google.com,https://news.google.com/rss/articles/CBMiwwFBVV95cUxQUC1NSGlLUUtNWG1SbTB4b2o3Y25XbDlta2Q3XzlKWlpGVWpWMVVJQmExOGp0SVJyWDI4UHJWeS15b1pVWGd5SU1uOHQ1eE9vbWtkTDloNWlIcDRoc3hGcTltVTEtWXhGcnM1U091bG9HcUpnRW5WeXNJRVZxbDI5enYtbnFMMlRMTEU2anY0ZzQ3M3FaWUFpOER1UldWb1l6enZJRU1qMF9xV1lJOWRBN3VWNFRwLU9tMjRQcGw1Q0JWQUU?oc=5,Vinamilk Green Farm - dòng sữa mới mở ra lối đi độc đáo: Dinh dưỡng thông minh - tinh chỉnh đúng ý  hanoimoi.vn,Vinamilk,Vinamilk sản phẩm
Vinamilk mang công nghệ và các sản phẩm tiêu chuẩn quốc tế đến Triển lãm Thành tựu đất nước 80 năm,8/29/2025,Báo Tuổi Trẻ,news.google.com,https://news.google.com/rss/articles/CBMi1gFBVV95cUxNOUxHZURzMVo2OXBXS09zR2I4WVdKWFMzbkRWczczMzNHcFhORWpXSklGMDAtYXZ4dE0xZ3ZDZWlxaTFycUsxdVFfMmhiWWdQaHNaU3lsbjhRcmx2OGs0SWUwOUI3QlJMemVZRUR5RHYyajZBRjM3QVByQkZ1cHloMHYxVFBzWjNXU2tNV3N4R21SejFub29LRUk5bUMtNFRmbDg1Y1pOZmRxekxNYUFNeW81VUsyVl9kMFBKNlRheDVScWk2WVRBcklwQ0xrcEV6UHZ1VG9n?oc=5,Vinamilk mang công nghệ và các sản phẩm tiêu chuẩn quốc tế đến Triển lãm Thành tựu đất nước 80 năm  Báo Tuổi Trẻ,Vinamilk,Vinamilk sản phẩm
Vinamilk hỗ trợ 48 tấn sản phẩm dinh dưỡng đến bà con vùng lũ miền Trung và Tây Nguyên,11/24/2025,VietnamFinance,news.google.com,https://news.google.com/rss/articles/CBMiwwFBVV95cUxQMkQ5bGFJaXRieG9VVFhlaDhTSEFWQnNQOGFhelJGamU0cmZIS1Z0UzBtM1JqX1JrRjd4VEtyRFl0NlktSG1NaENEblhaZTFSSkpkVUs2c1ZWaHJzalJhVHhRb053amZ4dlJzU1JfNkRsRzhQT3ZvaGpZRVAtQXpVMHBnS0s5RVoxTXRBS0ttZmE3Q29sVDRLQlBTMklZWWE0Y09EOElQV1ZoMkxaa19oajM4ekhOLXFla29FS0w2SHdLWlU?oc=5,Vinamilk hỗ trợ 48 tấn sản phẩm dinh dưỡng đến bà con vùng lũ miền Trung và Tây Nguyên  VietnamFinance,Vinamilk,Vinamilk sản phẩm
Gần 1 triệu sản phẩm Vinamilk tiếp sức cho đại lễ kỷ niệm 80 năm quốc khánh 2/9,9/1/2025,Báo Thanh tra,news.google.com,https://news.google.com/rss/articles/CBMi1wFBVV95cUxOVk9uSjFDSlQ5b2lTdy1DdDJiTnhoanRRV0padk9WazhHUFQ3Wk1BNEo2THhqSHhLT3BZLVBVei15YXdmVjZ3dVZlNWZMaFhxcVpZc1J6R0ZPTTFzU0FMSTVTNjFuei1HTWNQVnpwdkYya19BR0dKZW1CVkU5emFJSVpQbkoySGpTWjI1RWxTTDdUMm9VdVloalpNWnUyS0Z4c0N6elMtX19FZUxfOGNiNDhuaXhvREJUdkNVRkNnQk4zdEVNTTNNTjNjRlVzMDdtR24tVExmZw?oc=5,Gần 1 triệu sản phẩm Vinamilk tiếp sức cho đại lễ kỷ niệm 80 năm quốc khánh 2/9  Báo Thanh tra,Vinamilk,Vinamilk sản phẩm
Vinamilk và hành trình chia sẻ với người dân hậu thiên tai,10/22/2025,baochinhphu.vn,news.google.com,https://news.google.com/rss/articles/CBMipwFBVV95cUxQRXN0dkdFdE9RaDFiSnRCcDcyUUkzT3hXRXJna242eTUyc1hzcTNPLV9GQWNxM2RkdTRIOVE1Z201RHJabjdINHZmdWdBamc3ZFdkcFhTamNBOFluSVN3aXo1dFNYOG9wcUhWN3hHYlpTUjN5Y25FU25NS2ZNTlV5Q2w4endNY3hRUGI3Mlh2bVZpdHk2Q04tZE1vS0NWY0xEMmdCaUp6RQ?oc=5,Vinamilk và hành trình chia sẻ với người dân hậu thiên tai  baochinhphu.vn,Vinamilk,Vinamilk sản phẩm
Vinamilk: Minh bạch và truy xuất nguồn gốc sản phẩm là bảo vệ người tiêu dùng,10/14/2025,bnews.vn,news.google.com,https://news.google.com/rss/articles/CBMiqAFBVV95cUxQVkNfYVhNQnJiZmlIc0EzT1lLbW1EMnpnMGtPT2FpVW5CalhIRFpIelpoWk1sbzBhZWpLcDQ0MFdndEtkdkUxcDFvRkZpcGdqUXQzRkYxYXdONURJZ3Jid2w3bUJZWHhGWF83M3JUQjlnaTZIODhCUkRHdEYxOFYzTVVNZUhzbmVrZUVlTUM1d1EwRzItd3UwbUhuY2RYVnVSOVh3d0FNM2g?oc=5,Vinamilk: Minh bạch và truy xuất nguồn gốc sản phẩm là bảo vệ người tiêu dùng  bnews.vn,Vinamilk,Vinamilk sản phẩm
"Vinamilk - 50 năm tiên phong, khẳng định tầm vóc Việt trên bản đồ sữa thế giới",10/12/2025,Báo Thanh Niên,news.google.com,https://news.google.com/rss/articles/CBMiuwFBVV95cUxPRWdnWHBqOUNPYXBDbmM3WUlZaW5iNHZaQkZDU0poYzBVWUFfSEZxRGFaTjhfZHJ0Nnljam5UZ3B5QTlnOGMtdC1aVFJrWndjYkM5QlJoNTFIakFZbVdkd3ZWLWF4RHlkQ0xKUzVxSF9PTzFtUXRBSGxQSjBEbEdtWFRHMmV0VnV4eFR2VFE1WkVQbmY0UFpOQXc2elFHVUVJektxak82VDhoUlRaWk5fbHIzVEVkR2hMcWxj?oc=5,"Vinamilk - 50 năm tiên phong, khẳng định tầm vóc Việt trên bản đồ sữa thế giới  Báo Thanh Niên",Vinamilk,Vinamilk sản phẩm
Gần 1 triệu sản phẩm Vinamilk tiếp thêm niềm tự hào Đại lễ 80 năm Quốc khánh,9/1/2025,Báo VietNamNet,news.google.com,https://news.google.com/rss/articles/CBMisAFBVV95cUxOZkJLR3lWYmgweTB4Y0c2andyc19wUHlmWmNfeHJoYllNbmU4VU85TFQtVUFjMnFuY0ZpX3V5SVluWlVJX0JablB0TXMtRFZ0VC0tZW9MTmpKbXR5eVhBTmRZRENTQzM5bFVQakV3VURpal9LUzNUUEllcXV5SE84RGpDT0VuODFoMEs4SHJjam5taWMxNG53c1VGTlN4VFpDaVYtbFV5Tm1ObURkNWhYcA?oc=5,Gần 1 triệu sản phẩm Vinamilk tiếp thêm niềm tự hào Đại lễ 80 năm Quốc khánh  Báo VietNamNet,Vinamilk,Vinamilk sản phẩm
Gần một triệu sản phẩm Vinamilk tiếp sức tại đại lễ Quốc khánh 2-9,9/1/2025,Báo Quân đội nhân dân,news.google.com,https://news.google.com/rss/articles/CBMirAFBVV95cUxPRnhxQTc2T3owQjNWeV8weElMdFJYQjVsRklqeFNIVzAydS1aY2ZNeG1pa1ZlN2hOMTFqLS1wYkhkTVBjaXlFYU5nUEZPd1l3bTNLY0s1ZkZ2WUNXbWpiVFZTYVpLTFVkTXF6SFh3dGRLS0JyY0hDUVYwck9CRV9zSjUzcU1vZ25Qam5yai1sb05nclF0RmNRUGNnbTk1QVhsYktteU5Fd0gzSHJQ?oc=5,Gần một triệu sản phẩm Vinamilk tiếp sức tại đại lễ Quốc khánh 2-9  Báo Quân đội nhân dân,Vinamilk,Vinamilk sản phẩm
Vinamilk – Doanh nghiệp F&B duy nhất được vinh danh Top 10 Thương hiệu mạnh Việt Nam 2025,10/6/2025,tapchitoaan.vn,news.google.com,https://news.google.com/rss/articles/CBMiyAFBVV95cUxQdVRDVlc2U1JNcVREUkZ5LUcxbWdpYzNUOFM3b0huQmlaekUwWnhSR1JCcUpWR2pDUzFldTZYdkpBOHl0Rm8zMUxNcm9IUjBpWUFrX1hZZTFHUF9mUmNSYkxCSFBzT1NWTV9YMEJ2TS1xQ2ZCQ2ZfNFcyekJ0OUstUnBvVVVURWZSQk5xQ1NDbkNaZlNqNER6SFZWUUJ4TmQzTVFlaUNjQzZhc0VrYnVQOGl6WUJBeFhFeUJQZGg5TUlpcWhRWW5nZw?oc=5,Vinamilk – Doanh nghiệp F&B duy nhất được vinh danh Top 10 Thương hiệu mạnh Việt Nam 2025  tapchitoaan.vn,Vinamilk,Vinamilk sản phẩm
"Gần 1 triệu sản phẩm của Vinamilk tiếp thêm dinh dưỡng cho các lực lượng, người dân trong đại lễ 80 năm Cách mạng tháng Tám và Quốc khánh 2/9",8/31/2025,baochinhphu.vn,news.google.com,https://news.google.com/rss/articles/CBMilAJBVV95cUxPVGIyU3g0dVY3TU9EWXc1NTJ3QmYwNGEyOUxsTldra01WVkxxaUIwbHI1VnEyX0VkbDdTd1hDUnZ5em5BM0hKYXFqakVtajc3aHZZMTN4RGo2N3A1aFMzR3pKNktKdkt5Zkp5dktUWXVscy1jRDl4aF84N1BZWDNHN0VrYnhHaXE3bkVNYjR1X015b05keTZSYWVjT0xQZThFUU1ueWpYMmNoemREZVNwR21NcGtkM3p2TnQxZHlfQzdlajlvMlRFYlc2UGU5ZHgwRzdVRjZSUTZXNnVBeTRqT21LbW56dktzbWFqN1JXLWhBY3A5M1hYeEFwdEZkeldkRERwMkI4S1BkVEc3VEJqS1l4Yk0?oc=5,"Gần 1 triệu sản phẩm của Vinamilk tiếp thêm dinh dưỡng cho các lực lượng, người dân trong đại lễ 80 năm Cách mạng tháng Tám và Quốc khánh 2/9  baochinhphu.vn",Vinamilk,Vinamilk sản phẩm
"Ồ ạt tung sản phẩm mới, Vinamilk đón lượng khách kỷ lục, dự kiến tăng số cửa hàng từ 600 lên 800 ngay trong năm nay",8/7/2025,CafeF,news.google.com,https://news.google.com/rss/articles/CBMi6AFBVV95cUxQLU5wUldpQXVrZDU1ZEdlRnBIX1JRcWFhOWZrS0tkNUdObEhJV3hOTzUxU1RnNE1ZZkJRckFwZXVMcnIzTmRoOWFCRlFBWUxhUmZWdVZJeHdoT2NVWFJfbE1WSUZSd0RkNE5jWVpRaXRCbWxVN08wVkQwUmVodlZ5d1N4bnFYTWhjeUhQMUFwM1JteW1mbUNEcGFzckw0N3BkN0FVVGlndm9VRVhtbG1zeFZaREVtMy1aaHlKb2FuMkh4Z25NeXhaQ01qVGFaUXREVDBzSW5lLWp3Mm9QSHJOYmowVllERXFp?oc=5,"Ồ ạt tung sản phẩm mới, Vinamilk đón lượng khách kỷ lục, dự kiến tăng số cửa hàng từ 600 lên 800 ngay trong năm nay  CafeF",Vinamilk,Vinamilk sản phẩm
Gần 1 triệu sản phẩm Vinamilk tiếp sức cho Đại lễ Kỷ niệm 80 Quốc khánh 2/9,9/1/2025,Dân tộc và Phát triển,news.google.com,https://news.google.com/rss/articles/CBMiwgFBVV95cUxQYkw1SjdBZGhsZGhnVS1RdWJwM09ha1MwVFhodnBxT293ajA3NTYwR0QwVTJsckhxMTdVb19SOFVUa1N2NEdHVEtMWlhRYXlVZTBRSDNQY3ZjMWJRWm04VzgycGgxaFRfbkI0anNWdzJ5LTYwOUpaeTVOUUpUWThvV25IRU5NMnNzeC1CSjFtMlo5cF9WZmFZZkJpVC1JQTVNVXBHMGVTLWpPRXo0eXBCUlRmcG5NVHJuVzJza3d5TjVEdw?oc=5,Gần 1 triệu sản phẩm Vinamilk tiếp sức cho Đại lễ Kỷ niệm 80 Quốc khánh 2/9  Dân tộc và Phát triển,Vinamilk,Vinamilk sản phẩm
Vinamilk gia nhập nhóm 5% thương hiệu mạnh nhất toàn cầu,10/20/2025,Tạp chí Công Thương,news.google.com,https://news.google.com/rss/articles/CBMimwFBVV95cUxNUVJiRk5RVFU3X3NMTXNkS0pPb2JPR09GS3Fwdzl1NHg4UFp6YU80WUNNSXo1WG95T2JaSzRJOVBCZlgzSHhNeVlTZDRyMnVLVFhnMF9FandkTEFGSGx0VmRnNmNGQ29USzV1cXZwTTYzZTk1SzdPazdSX2phYU1NUF9ralNwUldiNHRXMnkzbmJTTVYtYlVCRUFFdw?oc=5,Vinamilk gia nhập nhóm 5% thương hiệu mạnh nhất toàn cầu  Tạp chí Công Thương,Vinamilk,Vinamilk sản phẩm
Vinamilk và bài học biến chi phí xanh thành sức mạnh thương hiệu,9/14/2025,Báo Nhân Dân điện tử,news.google.com,https://news.google.com/rss/articles/CBMioAFBVV95cUxPdHRxeWZ5cy0yY0ZJNmZmaXBRdlo4RkhaZm9LaXQ4cV9mdWRObjRBSEJQOFJjV0RfUExvWGtab09ON3NSODZLNFBaWFBBVFZtRmpockJ6NjdjMnlXMTZLdGp5MENIOG5DQ0JsTGMwMGU5UC1wOXB4enNDdDFpV3RnUE1sOS1lSThiRFlHMExrRmtWcUR5TUFUWktfOVowUDlJ?oc=5,Vinamilk và bài học biến chi phí xanh thành sức mạnh thương hiệu  Báo Nhân Dân điện tử,Vinamilk,Vinamilk sản phẩm
"Vinamilk lan tỏa “Bản lĩnh Việt Nam”, vươn tầm quốc tế",10/31/2025,Báo VietNamNet,news.google.com,https://news.google.com/rss/articles/CBMijwFBVV95cUxPY0JjVzdqaURwLTA0RTZzM3Rwam1XRnpiYWdwbjlwNjlFQUNSVVlFYl8tNWJIdGlIZ3lVMVpPQnJuUGRyVkFUWmdDekFCbXJiVUNkbl96VmVNd3BuMnpnVmdaMHk2V3Z0VFUyZy1EU0lxaGthRU9OWmFaWm81VTk5RXYtRGFVczRBamI1azlGWQ?oc=5,"Vinamilk lan tỏa “Bản lĩnh Việt Nam”, vươn tầm quốc tế  Báo VietNamNet",Vinamilk,Vinamilk sản phẩm
"Brand Updates W32/2025: Vinamilk trình làng sản phẩm Kombucha, Giao Hàng Nhanh ra mắt thương hiệu Giao Hàng NẶNG",8/12/2025,Brands Vietnam,news.google.com,https://news.google.com/rss/articles/CBMiogFBVV95cUxNbXk0MnlYTndrLWtIaHRYMkNxUVVtMWxsUDFzYlhRa0wtTjNXVUh1TVNhdWdhVTBsVzFFcWU1YXpLTWhRdWUxYXUzTnZldURGM2RJNkM5TVNwT2J1R2VqYTNsWHZtd1NJQkE5aWRndzNSSDlzYzZBTnFnZFJXUFlhWDJza1VmM213TjZoeFdQYVdwOXladXI3VWFIdWcxeWRBckE?oc=5,"Brand Updates W32/2025: Vinamilk trình làng sản phẩm Kombucha, Giao Hàng Nhanh ra mắt thương hiệu Giao Hàng NẶNG  Brands Vietnam",Vinamilk,Vinamilk sản phẩm
Vinamilk đạt doanh thu hợp nhất gần 17.000 tỷ đồng trong quý 3/2025,11/3/2025,Báo VietNamNet,news.google.com,https://news.google.com/rss/articles/CBMipAFBVV95cUxNUTVDYkt1dnhqYTdkZDBoRkR1ckpDZjdCXzJJMm9CSlZOeHpBM1M1QVY3TDlNSjM1Tm9qUjJub2pRVjJ6UDYwWldlTXJCM2VwUzRWVWZNdHpCXzU1aGk5dUVvcXZ5dEdVRm8ybU1XTWlUZFRrTTdzcl9tQ0c4bDM2UGZDVFVwR3FuSEZkM1NzSTRGbEQxV2xsVldvT0FFX1BHQ2xRcw?oc=5,Vinamilk đạt doanh thu hợp nhất gần 17.000 tỷ đồng trong quý 3/2025  Báo VietNamNet,Vinamilk,Vinamilk sản phẩm
48 tấn sữa và nước uống của Vinamilk đã đến rốn lũ miền Trung và Tây nguyên,11/24/2025,baodautu,news.google.com,https://news.google.com/rss/articles/CBMirAFBVV95cUxNRHptZW5ld0FPOUZBTVZIejd4d0x4U194SEZ0dWJPQWJKd3NwMEZHT2s1bzM1eGZrdTBncko5Qy1hc01CdzZySl8wX2g2dFlwY3cxU2d2VjdFcmtTa0puaG85Zk9HaVp6emJLZWFBdV9TQkU0MncycE9Bd2VXSXUtanB3dmFVRkJIN1YwcnpfR0FDcGVKVVRWcVRCLXN0RTVOMUdxZE9IYngzWWxk?oc=5,48 tấn sữa và nước uống của Vinamilk đã đến rốn lũ miền Trung và Tây nguyên  baodautu,Vinamilk,Vinamilk sản phẩm
Gần 1 triệu sản phẩm Vinamilk tiếp sức cho đại lễ kỷ niệm 80 năm Quốc khánh 2-9,9/1/2025,Báo Người Lao Động,news.google.com,https://news.google.com/rss/articles/CBMivgFBVV95cUxPRFUtd0U1WTVqZnEtdUdwb1FlNlpVSG9tendYSGhNZjZVTUhRMFRPYV9TNEgxU2FOSjJoQm1kZ0l1b291Y1d6YWliSmo2dEROdnc4MjQxVjNaZUlBbDhVbW50ZmN3QXpJbUdRMUxYRk9LTmNWcHNjeWdvbUZPQWpCMlhPZWtoenJTeXpSNFdiS3V4NUM1X2xTaXVWd2gydWwyeW9JSWVfYjFtWFBCcWdSZElfN0l2TzljQ1JDa1RB?oc=5,Gần 1 triệu sản phẩm Vinamilk tiếp sức cho đại lễ kỷ niệm 80 năm Quốc khánh 2-9  Báo Người Lao Động,Vinamilk,Vinamilk sản phẩm
Chiến lược “2 ngày tung sản phẩm hoặc bao bì mới” có mang lại quả ngọt cho Vinamilk trên TMĐT?,7/8/2025,Brands Vietnam,news.google.com,https://news.google.com/rss/articles/CBMi0gFBVV95cUxQOGU5MWVuRzhTY1ZwWmRzdVFEMlRmVkJDZUxEZlFiZ0ZwbVUtY1VDVFZEekxwd1VVVTlYd3BodXphTzd6Z05xSEtxbVBHbDJ0ckJaX2t4UjlXYXBGWGstMHlmSnhSY2N0OFpUcWtzb2pWZ0xoNUF1XzJvVXVFMnVoUi1JZlozcnc3V0R5Rk9TS0JsUGJwUlFMaS15a3JJQTZILXl3NGxsYzdhTHYya2otaGdlZUFxbnMtZXpBN2M1N1UxNGYyLVFyYWJJVzdnUHg3OHc?oc=5,Chiến lược “2 ngày tung sản phẩm hoặc bao bì mới” có mang lại quả ngọt cho Vinamilk trên TMĐT?  Brands Vietnam,Vinamilk,Vinamilk sản phẩm
Gần 1 triệu sản phẩm Vinamilk tiếp sức cho đại lễ kỷ niệm 80 năm Quốc khánh,9/2/2025,Báo Thanh Niên,news.google.com,https://news.google.com/rss/articles/CBMiuwFBVV95cUxOa2tSd3ZSUC03d283UVBxZmtXZUJrMXRCUE1MVWw4Yi01ODkzS3lDcEVsalp1eDViVG1OWE5hOXZzR1kwUVY4S19nLUNZTkRaOUUwb1FkZ2hMS2xSY056XzBzS3A0NzJfMkFqMW5ZQ1c1NzNlc212U2IybVp6dHlZRTFtQmsyWmdMV0l4T3dUWEpTMzNnX3FYTFFMRWs0djdWdzB5dzlwREJ4WFYxS0RVTi1rUGlkZGtLbWd3?oc=5,Gần 1 triệu sản phẩm Vinamilk tiếp sức cho đại lễ kỷ niệm 80 năm Quốc khánh  Báo Thanh Niên,Vinamilk,Vinamilk sản phẩm
Một ấn phẩm tài chính thường niên bất ngờ “viral”: Vinamilk đã làm gì?,11/17/2025,Brands Vietnam,news.google.com,https://news.google.com/rss/articles/CBMiuwFBVV95cUxNVDROdEZVMmtnMzZ6cFBPQmJWOUkyNHprM0dfNFRmMDdBTEFfNlBMUkQydVkydmdidHlhNTNsYnMzU0Z0U1NqUzNlVG1qTG5nTlU3YlV0UHZBOC0tS2pkWm5aYnFCY1JOcXVBU3FBblhadzNmWks2WVFnYmJwdnozeUE3VkI4bk5LWURJVDVvdTRNOEpmd05YbC0xZzNiaGd0YVlTbHk4R1ZYLVhUeXlGS3hlX01QbkxYaTVv?oc=5,Một ấn phẩm tài chính thường niên bất ngờ “viral”: Vinamilk đã làm gì?  Brands Vietnam,Vinamilk,Vinamilk sản phẩm
Nhìn lại những khoảnh khắc “cực cháy” của Vinamilk tại V-Concert & V-Fest cuối tuần qua,8/13/2025,Laodong.vn,news.google.com,https://news.google.com/rss/articles/CBMivwFBVV95cUxQQTFPUklNYlVnak1mZmhVcXE4cmlyZWYtS3lnNTZvMUtSaS1RYnQzT25DMDFzYmExZEFnUUxoOEdFZjhqVVM5SjJabHd3UFAyb2d6VlR2WE0zV01rWE5aMEJlaW9Nc2c5ZzlVWDRlN0JEdWROdFM0bjBESHg5VmpHR2gyTHl3WWFlcElfRmcyNGdPZmZXcnhaVGN3eThRazg1LVZGVHpQclNVRFZEV3hQVzMya3h3WUd0aGxQeUVnVQ?oc=5,Nhìn lại những khoảnh khắc “cực cháy” của Vinamilk tại V-Concert & V-Fest cuối tuần qua  Laodong.vn,Vinamilk,Vinamilk sản phẩm
Sự hiện diện của Vinamilk giúp Việt Nam vào top 5 thế giới về giá trị thương hiệu ngành sữa,8/19/2025,tapchitoaan.vn,news.google.com,https://news.google.com/rss/articles/CBMiwgFBVV95cUxOejZJamhxVS1YYTBBQloxZ0FyaTlKbGtrVXlJc2V3c0tZSm4wMGswQVN6bzBLX1ptM0g1OGk4cEViaUR2ZGNOMjdfaVh5SVhJX3NTZWNXVVUtNTc0R3NuZ3dWQXNxYXZvTFRvcVhSdG8yVEdoUEJ5Y0hlV2VkTDR2OUpoWGtZejNrRzNRaGxqVTVzN2lNUllac1YzRGd1V1hqYWJjVmI5czhsSVlnRVFteHFWczdpelFyallId3hpQU1tdw?oc=5,Sự hiện diện của Vinamilk giúp Việt Nam vào top 5 thế giới về giá trị thương hiệu ngành sữa  tapchitoaan.vn,Vinamilk,Vinamilk sản phẩm
"Lần đầu tiên, Vinamilk được xếp hạng sức mạnh thương hiệu xuất sắc, vượt trội toàn cầu",8/18/2025,Laodong.vn,news.google.com,https://news.google.com/rss/articles/CBMixAFBVV95cUxQNkNfNVJGQm5FQVpMbndtaDlVRnpEUGFVMjV6RmxyVGxZcFh5ZzA0cENiTGhHeGhRSVl2dHZzM0cwVVZJcjVBcTFsMjdVOFE3TTR5bzdhNk53bkc4RHhHcWh2TkEyT0lkZm5TV3c1VVZfeW1ha2RmQ2RaRklCUm44c1NpU3pxT2VRdndSN25MVXFzOXBLV3c0Wk9teHdoLVEzc0Vxa2FBUlJ3SV9LdVVOd2lJX2g5R0VXeFlUOEx6T3Z4Q1l6?oc=5,"Lần đầu tiên, Vinamilk được xếp hạng sức mạnh thương hiệu xuất sắc, vượt trội toàn cầu  Laodong.vn",Vinamilk,Vinamilk sản phẩm
Gian hàng của Vinamilk tạo dấu ấn nổi bật tại Triển lãm Thành tựu đất nước,8/27/2025,Báo Dân trí,news.google.com,https://news.google.com/rss/articles/CBMiyAFBVV95cUxNQVduMkMwclFxeXctWFVVVmF5SDB2TmQ4VmVFT0V5NnQzYWw2V1cxVk1XekdlN2hBSkR6MEJhTUlWT1o5Tjlra2FfcEoxR3NOT3M0Y19zQ25SbHFGQ2ZrZkhicmtjUzFmWVp2TmdHVm9mWlRuME11UFVlZVlVMkVTdEdzNFhiWHEyUV9YdlRSSUgwWkR6RzZDdlZRcFdTZWhEZDZjQlNtb2ppS2hpRnpxQmFyQy1qaU9VQjB1YnU5cXFYUlRMdEpxQQ?oc=5,Gian hàng của Vinamilk tạo dấu ấn nổi bật tại Triển lãm Thành tựu đất nước  Báo Dân trí,Vinamilk,Vinamilk sản phẩm
"Vinamilk giành cú đúp giải thưởng quốc tế về cả “nội dung” và “hình thức”, sản phẩm “quán quân” có gì đặc biệt?",7/2/2025,Laodong.vn,news.google.com,https://news.google.com/rss/articles/CBMi3gFBVV95cUxPd0ZLZjdqWDFvVE5rT2xjRG84NlNCNkFmNXlLNXJGT1BVTzRUTEZiMjdsdUtSclVtRk8yZnpCTzZLRHVuS28zTlR2cHR5X19QelpyWjNGUjVyOE9fekhpVmRFc1FGSG9vMnNFUkZmWlZaZW4zcWRDX1pGclktNTdPWWNhazdtR3RaMXVHTUJMX2dHT21kQ0Fwbnh5cFV3ZUs0emdNWXhsaHhORml4dDBCb19wV2VJdVhwS0lrVUY5VE1MaHlQZU9RWnlWcGMyeHJKQVNpTFBwdGxBV1pPVEE?oc=5,"Vinamilk giành cú đúp giải thưởng quốc tế về cả “nội dung” và “hình thức”, sản phẩm “quán quân” có gì đặc biệt?  Laodong.vn",Vinamilk,Vinamilk sản phẩm
Vinamilk: Minh bạch và truy xuất nguồn gốc sản phẩm để bảo vệ niềm tin người tiêu dùng và khẳng định vị thế thương hiệu Việt,10/14/2025,Tuổi trẻ và Pháp luật,news.google.com,https://news.google.com/rss/articles/CBMi_AFBVV95cUxPLUZtY29tbXQ0aV84eXdzMWdmR05qN1AyYm1qMG9hUTRKTlBuTHVNZU5DdHh2a0lyODZ2dENCZUFoTnRBNkp1N2lRLXJWenlSWkNvVG4wUzNqeWRmUFNLYW4yRTBOR0xOdUpMZDZwanl1VXMyRGg5Umd4Q25oRFhIX2NGX1NjQm9QdTBrTWlqV05NOFh1OVZpWG5BZHJua2Z3UG9XeU9FT19maTNlMVFIUjloaU1UeDBTbzhicGVBYWgtVjdHRjBtZ1M4dmFkYlpBS0JXQ3dfSnBELWd2b2xwUUQzbS1WZllEVW42bHJkbmlQUDcyUVVTakgybkU?oc=5,Vinamilk: Minh bạch và truy xuất nguồn gốc sản phẩm để bảo vệ niềm tin người tiêu dùng và khẳng định vị thế thương hiệu Việt  Tuổi trẻ và Pháp luật,Vinamilk,Vinamilk sản phẩm
