title,published_date,source_name,source_domain,url,snippet,brand,keyword_matched
Công thức dinh dưỡng FDI của Nutifood được Mỹ cấp bằng sáng chế,2026-06-03,Báo VietNamNet,news.google.com,https://news.google.com/rss/articles/CBMinwFBVV95cUxNM2cta1ZRcWFfQ2NmNXY3Nmh0QUZqYTlYS0NCWWVRUGl3ZTBDczN1U3l0c0h1MDZ4SFFqQjhXamZFdGszdENFN3ZPOVI2ZXdsa3lxbXV1RDlQRzRVWlBxeWFGczBFT05qQ0V2OWNXLU9TT3FoNjFlRFNCWTAxRnhQNExHYTRLRDFkbFZhdUU0TzZocjJSd2J2Nk95Q2lEbEE?oc=5,Công thức dinh dưỡng FDI của Nutifood được Mỹ cấp bằng sáng chế  Báo VietNamNet,Nutifood,Nutifood
Giải mã khoa học dinh dưỡng trong công thức Nutifood FDI vừa được mỹ cấp bằng sáng chế,2026-06-03,SkyDoor News,news.google.com,https://news.google.com/rss/articles/CBMingFBVV95cUxQLU1teW9yQUNsSjZZQU5oVlNkdzI1UTN6STBEX0RFYUxUM3F6QWRraktHaTFYWG9MQ3A1RGFQTHJjRElwVUVpTjFiNFpCVk1BV0M4c2VQVDNwSHJFNjZhRGgwRDZQSEZLWHhkQmdQbmlOVjdBd1dnRVhWSTY0RVVDLWpaRGdZQ2RmVEpfcTBVNnV1dXhiZ0lLLU5hZnVXQQ?oc=5,Giải mã khoa học dinh dưỡng trong công thức Nutifood FDI vừa được mỹ cấp bằng sáng chế  SkyDoor News,Nutifood,Nutifood
NutiFood muốn tài trợ luôn màn nhạc nước đỉnh cao trên cầu đi bộ vượt sông Sài Gòn,2026-06-03,Báo Thanh Niên,news.google.com,https://news.google.com/rss/articles/CBMixAFBVV95cUxPOFR0X01DcVh6SlEzU2JZZWFMQlpIdk5teW96TkNGcGNHak43a0EtekJNNkVOMGxYdklvUzlaUnVOTGtmQmRzblVLeWZvUHdnZVZUYmVJSmFvaENRdVc2UmFCTmtvT09ZcnRPYkMwZEFodVRiOXRqSVdyM2R1cm1kUmFLSUg3LTlNVDZYR1dmMXlrbmxHeHRMU2dhSE9lU1VDN2pJVkYtMURPMVBVUGc5YUZ4MmdhYWxJM0xRZTVwM3Y1bGRh?oc=5,NutiFood muốn tài trợ luôn màn nhạc nước đỉnh cao trên cầu đi bộ vượt sông Sài Gòn  Báo Thanh Niên,Nutifood,Nutifood
Giải mã khoa học dinh dưỡng trong công thức Nutifood FDI vừa được mỹ cấp bằng sáng chế,2026-06-03,CafeF,news.google.com,https://news.google.com/rss/articles/CBMixAFBVV95cUxOR25ERXY2MERaZDRocEg0ZWZvVngtR3RXaXA5NnNLNjVFQmFfYktzWTFsX01YZ280dmhRelpMZHZDb3dsbkVSM1VaRXc1WF9UYkdlZzdBemoybnJuazFwU1FEcEVFRHFHaHdrYzhyU3h4bDVZOW9ueVVHTjhwNHYzeHgzaWlNb3NKMDlfZFd5V0pGWUpTMnljVmM3TzdSekFTUXJpQVlSNmtuTnRuaDA2TW5lMmRWU0FfYXFSVjNpWHZiRDB6?oc=5,Giải mã khoa học dinh dưỡng trong công thức Nutifood FDI vừa được mỹ cấp bằng sáng chế  CafeF,Nutifood,Nutifood
Nutifood được cấp bằng sáng chế của Mỹ,2026-05-16,VnExpress,news.google.com,https://news.google.com/rss/articles/CBMifkFVX3lxTE9MWlFhUHZHNDlrTTJROU41ZVVzRFVwejVrYWhndDI3OGhZVGlFZ1JBUGkxWGZnemppczc3OWMzNTNwZkxzNy1fc0pPRmZLRldFNFJIMU8wWGs2dTYwQTdWRERsSXVKbHBTanJzZl81YVhIamZnUl9CWkIwUElMUQ?oc=5,Nutifood được cấp bằng sáng chế của Mỹ  VnExpress,Nutifood,"Nutifood, Nutifood chiến dịch, sữa Nutifood"
NutiFood ønsker å sponse det spektakulære fonteneshowet på gangbroen over Saigon-elven.,2026-06-03,Vietnam.vn,news.google.com,https://news.google.com/rss/articles/CBMirAFBVV95cUxQX0tvamRjaFVNX29ZcllzVklGYi04d1VJZ3Z4ZnQzOHA5dUdXU3JILUVDWkJfTFlUTWNnWnJkdmRKTDdJYzZJaERmTFVaWTF3bFY4LXVRX3ByNjRBS18wbExoV3VUSHpqWGtYZ3dKemJkMDVNOHpWX2pQemRVaWxqeVJKMkt5N0NYb3ZGVDRZQ3dZaGFueHVBa0dvcDhfdTdUcEJ2cUNNWHU1WnJZ?oc=5,NutiFood ønsker å sponse det spektakulære fonteneshowet på gangbroen over Saigon-elven.  Vietnam.vn,Nutifood,Nutifood
"Công thức FDI của Nutifood - khởi đầu từ Việt Nam, vươn tầm thế giới với bằng sáng chế Hoa Kỳ",2026-05-30,diendandoanhnghiep.vn,news.google.com,https://news.google.com/rss/articles/CBMizwFBVV95cUxNTW1yd1BCRm00cVI3RFdTT2FkdV9HT1NrYnEtUzAzYlR6WU1LNHozY0RqUVE0b2FOSEtPMlNCbnFQcm1LVUhwX1VVN1ZJelhTV3NnSE9PRjhPTjBWc3VWLURIRVkxcFpyZTBxYmtqWlo1eDdDMlZHVm9naUkwRmZLWW5JQUxQNGNITGwyZEN3M2sycUtRRTVteW85NlJISWpPVlZLT3M1WjVyOEhtSmN3N2VLZUlHT0N3Q2FCcDVhMGxMTmZPM1RCZE9PUHFpZ3c?oc=5,"Công thức FDI của Nutifood - khởi đầu từ Việt Nam, vươn tầm thế giới với bằng sáng chế Hoa Kỳ  diendandoanhnghiep.vn",Nutifood,Nutifood
Công thức dinh dưỡng FDI của Nutifood được Hoa Kỳ cấp bằng sáng chế,2026-05-15,baochinhphu.vn,news.google.com,https://news.google.com/rss/articles/CBMiswFBVV95cUxNX2JkY0Q3Xzl0VzNZd3FGOXdtZnRVSW1sSzkxdW12eUVNR0xNMnIyZ05objlta3lGTHFRSTQ0RXBpcDJWM3c4cHE3ckVZbFlFdzlLZ3lpN0ZtU0t6Q1JhUm9Ma3RoQjF5WHdJTmxWVHE4cjNFYzhvQWpIOEpRMTNRaDdpQ2x0bGxxV0JCcGJtNkZycndwYm9jVERIRXFDR3RZcTJ0WWJJYW9ZcDVFMEpfRS0xNA?oc=5,Công thức dinh dưỡng FDI của Nutifood được Hoa Kỳ cấp bằng sáng chế  baochinhphu.vn,Nutifood,Nutifood
Nutifood tham vọng thâu tóm Đường Quảng Ngãi: Không dễ nuốt trọn 1 'đế chế',2026-05-22,VietnamFinance,news.google.com,https://news.google.com/rss/articles/CBMilAFBVV95cUxPLW90dGl1MUNyeEl6WTAwUU5EekxkVlBlYkV6TGpWWWgyZ201WVZWT3lMODZfZnFWaHRlaGtjNmNxd0Y3emIxMU03d29fUmZoVHFJQ3RpVkQzbmtKTWhlYWdiSWIyTmRGY1hURm1WejRuTDBiS0R2N3FPYkVmY2ZsbnZjOG9QbGY4bnlCWUNRTDN5YjZv?oc=5,Nutifood tham vọng thâu tóm Đường Quảng Ngãi: Không dễ nuốt trọn 1 'đế chế'  VietnamFinance,Nutifood,"Nutifood, Nutifood chiến dịch, Nutifood quảng cáo"
Nutifood ghi dấu ấn quốc tế với bằng sáng chế Hoa Kỳ cho Công thức FDI,2026-05-28,Báo Tuổi Trẻ,news.google.com,https://news.google.com/rss/articles/CBMisAFBVV95cUxQTzlINHdyV296YXJpWG9IMVNKN2ZiU3Q0UnQ1VzVqTUdweGxPVFBQNlNsbGs4MW1aZW9rOHJIbXlvMDRMUlg2cm9TQWhNVHN4eWVYMEdMbkRqS21iQ043Y2RNcG5PTnJ3UkhxZjdFSVI4SzdidkpvUVM0WWJaZXFQdlBweGdudkpMWlNxZDF6TElxaFFNVDBuZWtURjQwaHJOUW56ai1zYWFBNlFtYUNLVw?oc=5,Nutifood ghi dấu ấn quốc tế với bằng sáng chế Hoa Kỳ cho Công thức FDI  Báo Tuổi Trẻ,Nutifood,Nutifood
Bằng sáng chế USPTO - cột mốc lớn của trong hành trình phát triển của Nutifood,2026-05-29,Báo Dân trí,news.google.com,https://news.google.com/rss/articles/CBMiyAFBVV95cUxNRy01YnBTRTZSNmRXMzM5eHF2Tk9RRURvbXk4WkwzSTZ6YVl3b2JQaWhpQndOMk9jdWJZOVhOVkxFcEJzSDBMeU04bWsxdkliYUtWUjllRjBZd01WRm5qMnFxYXVLTWtYRzV2NWhsb2otRFBsSXFtWVpXV3BVVEtMVXh1WEdoN0F5Z1pyc1VfUTYybFN0TzUtQV9sZDZuZDRyRmxzTktlU1ZZLXhRRnZVdldhV2loa29HYUxTM2lvU0hfdXNoZTlxQw?oc=5,Bằng sáng chế USPTO - cột mốc lớn của trong hành trình phát triển của Nutifood  Báo Dân trí,Nutifood,Nutifood
"Kido dự thu tới 800 tỷ đồng từ Nutifood, chuẩn bị nguồn tiền cho kế hoạch mua 14,5 triệu cổ phiếu quỹ",2026-06-03,CafeF,news.google.com,https://news.google.com/rss/articles/CBMi1gFBVV95cUxQMWJfUFI0dDR1UWRDdlU5NllNaUNwZGhUQm81OEpxUHdxdjlvRTBqYWlmRU5rb0RpUERLRkdLYlptM3dMSVNMcjBSMHl3UFNLNkxCdWhOQ0lkclQtZWxuVzg1Tk9XRllHUTNQYnNWdXh4Qy1KNTQ0TGQzQUhrWi05em1ET0hCRXkyYWx2Y2dHU0c1R0xNZWxxV25TTmpBZUo3QXlSazl6MXdlMDAzaUJ1Zl9Gc2wyQkc0MTIwVHo1RGNLRnJVRFJjUWR6bXp4Z25VdUs4Q2Fn?oc=5,"Kido dự thu tới 800 tỷ đồng từ Nutifood, chuẩn bị nguồn tiền cho kế hoạch mua 14,5 triệu cổ phiếu quỹ  CafeF",Nutifood,Nutifood
Nutifood GrowPLUS+ và hành trình theo đuổi khoa học dinh dưỡng bền bỉ,2026-05-19,Znews,news.google.com,https://news.google.com/rss/articles/CBMipAFBVV95cUxQd0h4VE14NzV4VDJSaW9vakMzOHA5NTZFX3dQZmdLZTdnb19xMkszVVNpdzV1LXdteVVfazBZZU84OG4xTVktVVktWEUwMFlHcFJDMmpQcnhzS0FhSjdnVmc5SG9tMmhpeFFlTkMxTl9CbnRmNWI5MzZwaHgxTTEzS0MxWlc0Njdud29MUXhyWmNHbGxYaWx3TjY5U1ZYOTNiMEZTNg?oc=5,Nutifood GrowPLUS+ và hành trình theo đuổi khoa học dinh dưỡng bền bỉ  Znews,Nutifood,"Nutifood, sữa Nutifood"
Hành trình theo đuổi khoa học dinh dưỡng của Nutifood GrowPLUS+,2026-05-22,VnExpress,news.google.com,https://news.google.com/rss/articles/CBMingFBVV95cUxQd0hOcFFMT1ItRFo5a1RQYllXVDJkeGk4cUtVbFR4OE5BMVVERXBWWVhQZ0RuVEFjbEZNdDh4N0tjS2w5cWplVjVzR3l2Vkl0QV9TVVUzRU9mdUg0cERYY25VQUdkMXVPN1dxcldNdWJiY3ZldDEydEV6YU9JdlJ3c1hLRXA3VE0xbUhpaFBXb0dkUFZmb09IZHZ1OVBwdw?oc=5,Hành trình theo đuổi khoa học dinh dưỡng của Nutifood GrowPLUS+  VnExpress,Nutifood,Nutifood
NutiFood wants to sponsor the spectacular water fountain show on the pedestrian bridge over the Saigon River.,2026-06-03,Vietnam.vn,news.google.com,https://news.google.com/rss/articles/CBMirAFBVV95cUxNLXhtWDdvY3NlUHlZS2gxR2p6Y3Nxd0Y4UlNuXzF5ZDNmdktCdTJNQ0dpZWxxY1V2SEczVHdTSjJ6dnFqQ1RNVHNhVHZTS3VjN2FSdFBINl9ONXZfWnpIcGlwd3RZcDhZTWctQnpRMkhFMHM4cVFIbW1qTHV3RG4yTUtyZHV1eW8wZ2htR0JqUGNKSnVpaGdmeWJ0cFZ0UnBveTdnNlloTU5Sam1u?oc=5,NutiFood wants to sponsor the spectacular water fountain show on the pedestrian bridge over the Saigon River.  Vietnam.vn,Nutifood,Nutifood
What makes the USPTO patent a major milestone for Nutifood?,2026-05-29,Vietnam.vn,news.google.com,https://news.google.com/rss/articles/CBMimgFBVV95cUxPVzdoc25OallOMzFMTXdmalJtZUdUd25rYmw0cmdCTVptSG02eHc0eUkwYWFVYnQ5NEd2NFRpT1JpTFctdXZFNGJVejJDdUdwMWJjczRyZVZ6MjExZm9QRzNmVkFvN1lINVgyR3BNVFdna29EREo2eTJtMlBBcTZkbkNUSUVTRnJQSHY0SXFwaDg5dFU1R0VnOW5B?oc=5,What makes the USPTO patent a major milestone for Nutifood?  Vietnam.vn,Nutifood,Nutifood
Nhóm Nutifood thành cổ đông lớn nhất Chứng khoán Rồng Việt,2026-03-19,VnExpress,news.google.com,https://news.google.com/rss/articles/CBMimAFBVV95cUxQNV94OTl2eUI2N1g2bnY1aHV4YUlJTDVpTy1Ld1hzbTBNLVpyV2V3U3FFZnVnMEc0RzVocUlqOWVQYnBSdVF4TFdpUXVxTzdVRWpteGlzSTM1NlB0Yk90dmRGLTJBTzM4X3lTQUpqX0wwNFBsQ3FJNndhSUl5Y2RxUllfMjlSalBtMmVLTGZST1A4X28zRkM4Tg?oc=5,Nhóm Nutifood thành cổ đông lớn nhất Chứng khoán Rồng Việt  VnExpress,Nutifood,"Nutifood, Nutifood quảng cáo"
Nutifood chuẩn bị tổ chức Ngày hội Bóng đá nhí 2026,2026-05-07,Laodong.vn,news.google.com,https://news.google.com/rss/articles/CBMilgFBVV95cUxOTk0ycVgzU25LQXJLUGEtVWpRdmUwZ2VSeVNTQXRrb3BTNThMUTQ1RVM0dDN3TlJ0T1BVUEpYREU0ckg2aXVxcDVqbHozdnZDQjhXaVE1TjQzWDYtZ25ET2JrTDVDV0dERS1kaGFBaG9QUWZhNURxUkVoSXR0WE01ZFdoVldVQTlZLXA1VlpQTWY3cTNLR0E?oc=5,Nutifood chuẩn bị tổ chức Ngày hội Bóng đá nhí 2026  Laodong.vn,Nutifood,Nutifood
HSBC thu xếp tiện ích tín dụng cho dự án cầu đi bộ của Nutifood,2026-05-19,Thời Báo Ngân Hàng,news.google.com,https://news.google.com/rss/articles/CBMipAFBVV95cUxNVF82dXFqQnY0TlhhdFExdXdRa1luS05wT0FUWUJpV2owc255TjVSRmpOZllxdlo3UTM4ZF9naHRXaXY1SlVGSVBPbHdkWFlLbTdDTEJrcVl6SVdWUV84WlpQTjdSbkZibFFxMWNWMTliVlMwc2J0aUQySEhHMWxZendLbFdJZGNMb2VfMU0yd1pLcXBKRm91UmkwdEU4eW5mSG5NYw?oc=5,HSBC thu xếp tiện ích tín dụng cho dự án cầu đi bộ của Nutifood  Thời Báo Ngân Hàng,Nutifood,Nutifood
"Bán toàn bộ mảng kem cho Nutifood, Kido dự kiến thu 2.500 tỉ đồng",2025-12-19,Báo Tuổi Trẻ,news.google.com,https://news.google.com/rss/articles/CBMipwFBVV95cUxQVkllZjdwRkV3Qk9adjViLTR5ZHVPRGdMQlhvM25HaEx0NzNKNWRrZVRBOFdGODZ0UzJLSVNkX29uek1FVXE4MDdDMVdyTmxIMW9mVWVyTkNzN1pzaUZiYzFsTk1HZzUtRFNxMVZTTDh6UjNiaXRXZ0t2Wm9jUkE3czJKZDlqdXZfU1puVDB2Rm9jakpwUVlHSEtoSlZ2aGZ2ZW9yeF9tZw?oc=5,"Bán toàn bộ mảng kem cho Nutifood, Kido dự kiến thu 2.500 tỉ đồng  Báo Tuổi Trẻ",Nutifood,"Nutifood, Nutifood doanh thu, Nutifood quảng cáo"
Ông lớn sữa Việt Nutifood muốn đầu tư vào Mỹ,2026-05-19,Vietstock,news.google.com,https://news.google.com/rss/articles/CBMikwFBVV95cUxPakMxR3F4SnJINmlfalJleGtuMHhnWFdQNlpfdkl0cGc4MU9OR3psWTRDeERSaWRRVC1qbkpNQkU2SmhEc0Q5SmpoTHVLbjNaRWtNdV9Hdm9CNTZhRVNXT183aFpFNk05Q2djZDU3d2xCd0JOR0V3S1RaZVRBRGhWb2pRQWNrQlUxbV8xQkpCb2xLVDg?oc=5,Ông lớn sữa Việt Nutifood muốn đầu tư vào Mỹ  Vietstock,Nutifood,"Nutifood, sữa Nutifood"
Lộ trình bành trướng chuỗi cung ứng xuyên lục địa của NutiFood,2026-05-19,24HMoney,news.google.com,https://news.google.com/rss/articles/CBMipgFBVV95cUxQWk9rV1FYbUsxWXdnWTJXVWVTa0FndmdDY200SXp2emlEb1BoNFUxYTh4WGRIUHZEWTBnY0ZCcnFnX0ZUeDJLTFRNbUtGT3pGMmRwcUI2MER6WHdWY0FWd1laV1dYWWU4VGxYZ19IOV8tcEVNOUQ0b0FOTW42N1Y3S085UE1yQkN1cWZSay1GR3hRLTA1Vjk2Zy1wZ19RdG1VdU16SU5n?oc=5,Lộ trình bành trướng chuỗi cung ứng xuyên lục địa của NutiFood  24HMoney,Nutifood,"Nutifood, sữa Nutifood"
Nutifood nhận khoản vay 31 triệu USD để tài trợ xây cầu đi bộ,2026-05-19,Mekong ASEAN,news.google.com,https://news.google.com/rss/articles/CBMimwFBVV95cUxOeGFZOGZKd0VfZ0RyOVpQUzVmR3BNb013a1hTR2RmRkx6T0FvcUVETjBuMlh1S0hnZjB5VUE4UkVVcVh6Znp3TGtuZGJsTkhNc3I4T0NIcWhIS0hlckltdHRyVGtWMmljZUl5bk5tNWZORVNjTnM0aXJKTXFoTHFVN3c0aVNWN1ljNmN0Z2FQR3FMZ0N2M0ctSThabw?oc=5,Nutifood nhận khoản vay 31 triệu USD để tài trợ xây cầu đi bộ  Mekong ASEAN,Nutifood,Nutifood
"Nutifood lập công ty, chi 3 triệu USD để chăn nuôi bò sữa tại Mỹ",2026-05-16,CafeF,news.google.com,https://news.google.com/rss/articles/CBMipgFBVV95cUxPdFF2enFHVmQ5VnJRVzQ5OWJ3Q0RYNkpjWjE4TE81UTRudFBJdG8xWEVhQ1hoQ1BXNVA0RUJ5Y25VZFlmWlVpX09mSkNoS0x2LXNpSEpEd3V1ZnVlcEVPV2NpZFYtaFRCTmtLVm1acFNJZ29NSkY2ZGNhd1JhNTNIcGJxQnZOQUxSV0dZcnhpd2dzQWFvYmdNUmtTSjYyV2RxM2tvSjl3?oc=5,"Nutifood lập công ty, chi 3 triệu USD để chăn nuôi bò sữa tại Mỹ  CafeF",Nutifood,"Nutifood, Nutifood doanh thu, sữa Nutifood"
"Học viện Nutifood tuyển sinh khóa 4, khát vọng đào tạo thêm nhiều nhân tài mới cho bóng đá Việt Nam",2026-02-05,Báo Thanh Niên,news.google.com,https://news.google.com/rss/articles/CBMi2gFBVV95cUxQXzRfWTVVazFtb1BRdE9yRFhxeTVjNHBWdUZlcElSNkZTMEpCNk5QU3JtN01idFdrX05jQUtNY0lYTnhpNGhsZkt1Wk55dmhwdG40SGJDQmpGWngwTkhTN1dFZWJsUHd3RFlFQ3Bhc0pra2FqMVYyQlVubXFlSjl3OXc1WDRKbmtRcTU3ak4tNGdxOVk4b2x2VkJsdkFZRWk4Qjd0c0k2VzJVai13cE05TU1qR3EzNDRsbVA2emU3YktMdFNOSEFRbndOenFLUmU2VFI3Z3VQOUk0QQ?oc=5,"Học viện Nutifood tuyển sinh khóa 4, khát vọng đào tạo thêm nhiều nhân tài mới cho bóng đá Việt Nam  Báo Thanh Niên",Nutifood,Nutifood
"Công thức dinh dưỡng của Nutifood nhận bằng sáng chế từ USPTO Hoa Kỳ, khẳng định giá trị khoa học dinh dưỡng toàn cầu",2026-05-17,Báo Sức khỏe & Đời sống,news.google.com,https://news.google.com/rss/articles/CBMi-AFBVV95cUxOdkRQOUJQOFdWSHlzbkJIdS16dDkxTGRUblVHODNxVnZCTzlSVmJnY1BWR3Z5UF9YSTZWMkljUUwtY1ZTQXhhSXN6TUVicEtvWVRGUTZNZG1YdnhlZDB5eU5ScFdfVlhpUC14RGxZdUFFdEVwTUx3bmd3c2tDU2JVcW1WaHRhTWdlVnJQc3RUQUdYWGtlTExwQ1F2NkJLM1IxV2Q2a043RXNscXVONU1iU1pVSm1OVExjS1I3bWxpQjhYMTI5S3N3bFBNQlVQcXZ0NjVPQjRSRGdNczVnZU1NTmh3bHhUeHZxUmFFV28zOHFVaGVubmpvYw?oc=5,"Công thức dinh dưỡng của Nutifood nhận bằng sáng chế từ USPTO Hoa Kỳ, khẳng định giá trị khoa học dinh dưỡng toàn cầu  Báo Sức khỏe & Đời sống",Nutifood,Nutifood
"Phó chủ tịch thường trực UBND TP.HCM Nguyễn Lộc Hà thăm, chúc Tết Nutifood và Kumho",2026-02-25,Báo Tuổi Trẻ,news.google.com,https://news.google.com/rss/articles/CBMiwAFBVV95cUxPWGp4SGppNjNKSnVFS084MDBIV1ZkcjB1YjNZRlVLZnNXNlpQblRuVmQyNU5MZ0k5UXJlR3lPYzF2SmZCZ2VReF9VekxwaUc3TWV0MVVrX1NhUXZKakE2SUNaVk5lOGp0ZWNtX0ZDLVl2SDJvRVJVSFIzelhoYkFZLW43clhtTFo5SU5EVzZpR09KUFNWejVrRm8tbzVZYXkzYkpWeFJyaTFCaHZnT1BOSHdGa1FxMEhXNGdaTDdmVEs?oc=5,"Phó chủ tịch thường trực UBND TP.HCM Nguyễn Lộc Hà thăm, chúc Tết Nutifood và Kumho  Báo Tuổi Trẻ",Nutifood,Nutifood
Dây chuyền sản xuất sữa công thức pha sẵn Nutifood đạt chứng nhận hữu cơ ACO,2026-02-16,Báo VietNamNet,news.google.com,https://news.google.com/rss/articles/CBMisAFBVV95cUxQeXFTWFBuNmx1NHFoOVM1TVVZSmpEanhiVmFuWVJ5WkZLc1Vqc2IybElWd1ZyZy1zVW1jSzNOSmNNLV9ZSXZrSVFjNllLb3dXekQyOG1BV0R2UzgzMzhEbDNxczBvUjZnVUZMck5scDFrQ011U29xcVJuWk5na1lOYzMxc19CdUY5Q25EbW8yd1dBRy01eWU0MW5EcW9SMHVPRlBRUmJ4Z0p6bFI4cnVjcA?oc=5,Dây chuyền sản xuất sữa công thức pha sẵn Nutifood đạt chứng nhận hữu cơ ACO  Báo VietNamNet,Nutifood,Nutifood
"Nutifood tài trợ khủng 9,3 tỉ đồng, cú hích lớn đưa bóng chuyền nữ TP.HCM trở lại đỉnh cao",2026-05-06,Báo Thanh Niên,news.google.com,https://news.google.com/rss/articles/CBMiygFBVV95cUxObWxseF9CX3lWXzlpV1ZwOEZ6eDI4dHlmMFRDNDlGTVg0YUp3UnBwcUFibVQtV1kwQ1Z0dGUwOGE5ZTRQQjA4NnNTU091RW9MQmFkckNCSjN4clE3NUZPOXdjcnZ0VHc3S05EUGNBb0xxZFdtU3RQcy1aYUVoZE1KMjN6QU5reHJDQ0tPaDFtSzRBTUNqVDRfdVo3MVhrWVNnWjQ3M3VqeXRZaHUxd0sySkF2RkVzMnpGUFVFbmFKeVVlakFlaWg4ZFlB?oc=5,"Nutifood tài trợ khủng 9,3 tỉ đồng, cú hích lớn đưa bóng chuyền nữ TP.HCM trở lại đỉnh cao  Báo Thanh Niên",Nutifood,Nutifood
Đội tuyển bóng chuyền nữ TP.HCM được Nutifood tiếp sức,2026-05-06,Laodong.vn,news.google.com,https://news.google.com/rss/articles/CBMiqwFBVV95cUxNT1ZZOGV1T1hjSzliVkFEZlNMOTQ2QVNldXJXQ0dCYnZQdEZEVTZLa2dxelFSeWtoVFpJMXR0bFZ5cDJ5V3FMZ0NmbmlmM25Ocm5wZ3AxcUtPUmdYNWx3Nm1LR2NsanV0cWY5emlGc0xlbzhMT0xGSGhIcmc1WmpUSnNiWndmc0d1WTFJc0JkNGJXT0pxRGZiUXlRb2Ffdm95T0RRaTVRWDhSaTg?oc=5,Đội tuyển bóng chuyền nữ TP.HCM được Nutifood tiếp sức  Laodong.vn,Nutifood,Nutifood
Dự án Cầu đi bộ qua sông Sài Gòn tài trợ bởi Nutifood,2026-02-06,wechoice.vn,news.google.com,https://news.google.com/rss/articles/CBMiwwFBVV95cUxQb1VwWGcxbmVtZU1SeVR0R0ZrMzk0NnNPdU8xZlNUdmh0YnByZ3dJcTBxYlRWNVAzZGlpUHF0MDdIWHVGMUlXOE1FcWFuOVZ1M1dWS0pOaC1uT0NwSU5TM1VtWTlZbk5kQm9GY2N1YW8zWkg0bUZaZU03WXg0cVhBRmxaM3Y1YkJDT2xuYlFUVXV6dHVjd3BHa0ljWm1PakZJVVJjOURPSmhGWC1sRzVDUWhxeHd3UkhkaDR3cXUtV21sT0k?oc=5,Dự án Cầu đi bộ qua sông Sài Gòn tài trợ bởi Nutifood  wechoice.vn,Nutifood,Nutifood
Nutifood được USPTO Hoa Kỳ cấp bằng sáng chế cho Công thức FDI,2026-05-16,Znews,news.google.com,https://news.google.com/rss/articles/CBMinAFBVV95cUxNRVJmVlVDeTdzWDdqN0p3U1VsNmE2N0lyZGlHUmxKVHhyZGNEMTFCdTY5ZlRHMUdWbWo0ZzRDWmdqb243YWFTX0tFX2JId2QwTDhGRjVoWWFNZ08zcFpBZkMtV1RxZW5Uc1ZIRzFBWUxDMk5VMmttNmQ5aFd3YTVBalVSQ2ozcWlRN0VQVjY1dTJtNU5vQjR0SVpHYWU?oc=5,Nutifood được USPTO Hoa Kỳ cấp bằng sáng chế cho Công thức FDI  Znews,Nutifood,Nutifood
Nutifood được trao danh hiệu Doanh nghiệp xanh TPHCM năm 2025,2025-12-25,baochinhphu.vn,news.google.com,https://news.google.com/rss/articles/CBMiqgFBVV95cUxPREVEWnRmYnRUYm4wN1JVMUU0WDFHbDQyakhLeEpzQ25obHdFTGVOdkdiZTBaUGkxSktybm1fM1JXZW9sbHQ1dFd6UUhtQkxwSVpQaVZqYU9rQlFoNElfSlV5QmlXWS1CS3B4QnVaVFM4amU5MDZrbnM0QzQxOGQwX0ZnWXdNVjBGOXRiRWVvSDM1NGJiUWs3QnNNUHowU2YxNHM3SnBJNkxCUQ?oc=5,Nutifood được trao danh hiệu Doanh nghiệp xanh TPHCM năm 2025  baochinhphu.vn,Nutifood,Nutifood
Công thức dinh dưỡng FDI của Nutifood được USPTO Hoa Kỳ cấp bằng sáng chế,2026-05-15,Báo điện tử VTC News,news.google.com,https://news.google.com/rss/articles/CBMiqwFBVV95cUxOV2NiU1ZxSGZQWGdYZjBBQW9KckdqaU5sZTczbXJxNVhudGhGOUtucFpqVDVYSkJsbkNleVZTYm1TRkhyZ3ZzZkVKY2h0cWs5aWhyb3lrNkVPWGNUQUpLQktLSEtoWE1OVjFqRmhzRGZqZG5RdE01Um9HQjJRUTREY2ZPWkd1WmtIeldwdmlFVk9kSHQzNExyS2ZQcDBGcElEMm9tSkFGYnN4b1k?oc=5,Công thức dinh dưỡng FDI của Nutifood được USPTO Hoa Kỳ cấp bằng sáng chế  Báo điện tử VTC News,Nutifood,Nutifood
Học viện Bóng đá Nutifood: Lò đào tạo toàn diện từ gốc,2026-05-11,Báo Thanh Niên,news.google.com,https://news.google.com/rss/articles/CBMingFBVV95cUxNVDVEXzBDV2h3MzJZMjlmRjRVZ1hwVVdaZG1qbFIwUDBpWmVHU2pLVEkwbGNrQlA4RS1scHJCRFpwYllqWXVRREh2YXI3M1RfR1ZOb0UxV0o2WHhULXVwc2QySWI4S1RlTmJvcGZpZzNpazJIN3ZRX3NuWjhhckJ4MXJPQTJJcWxkcTRjbzdvQWJwQ1NrdUtWcDNXLU5jZw?oc=5,Học viện Bóng đá Nutifood: Lò đào tạo toàn diện từ gốc  Báo Thanh Niên,Nutifood,Nutifood
Học viện bóng đá Nutifood làm điều đặc biệt,2026-05-07,Báo Tuổi Trẻ,news.google.com,https://news.google.com/rss/articles/CBMijAFBVV95cUxQLXpOZld5ZWw5MTFWeThCcTEtSW9nSncySGxBUjZXbW5lUEstOVlMTUEyLW5zQS1acmZxcU04NTlTdzZ2My1KOFNmVlJkb0drUGlia2k5WWNqUldUcmNNZjJ1NXliMWxwMFd4dzZETWptczN4UXNQd3dyNGN1SGU3eWJJSnotM3lxYjFlcg?oc=5,Học viện bóng đá Nutifood làm điều đặc biệt  Báo Tuổi Trẻ,Nutifood,Nutifood
Nhóm Nutifood thành cổ đông lớn nhất Chứng khoán Rồng Việt,2026-03-19,Báo Tuổi Trẻ,news.google.com,https://news.google.com/rss/articles/CBMioAFBVV95cUxNSXhuMW5GVzF4Z3NBeUt6SlhIbmhibF9Ia0hLTlZ1a09lZWQtaERNaXNpdHB4YU85Y3RSblVqN21OR25ENHRhbUh1R1BIZExGa0owbmt3dUlZYjQ1M2RRaTMzcmdhQWpVdGhIZkJ0Q3pBYUFyVzdZNnFZWEFYcFJGNUJld19tVTJZaDdtZGlQOWR1ZW5iZzllQVhERk5HaGd4?oc=5,Nhóm Nutifood thành cổ đông lớn nhất Chứng khoán Rồng Việt  Báo Tuổi Trẻ,Nutifood,Nutifood
Nutifood ra mắt hai dòng sản phẩm Gippsnature & Nutifood Australia tại Việt Nam,2025-11-11,Báo VietNamNet,news.google.com,https://news.google.com/rss/articles/CBMisgFBVV95cUxPUVJBN2M1RHlCR3FsNXY2LXJNWnVfOFFHSFlEdnFpT1RhQVZGd0RPYWRGRkN0RmRlZTlPV2pFWFNPSnQtQkpsTlFWdVVoRlRRU3hUWGEzN21yRWRtYWpkVWMyRWg3M2FNYlBPVmpENFNyMG43V1JtNFVOQ1ZXREo3eEprN3pLSV9WMjYtTF9hQ3Z0dW5zREVsRnd2T2RfcXRUdTE1ZzYtYTdxbi12Qld1YWpn?oc=5,Nutifood ra mắt hai dòng sản phẩm Gippsnature & Nutifood Australia tại Việt Nam  Báo VietNamNet,Nutifood,"Nutifood, sữa Nutifood"
Công thức FDI của Nutifood được USPTO Hoa Kỳ cấp bằng sáng chế,2026-05-16,Tạp chí Sở hữu Trí tuệ,news.google.com,https://news.google.com/rss/articles/CBMipAFBVV95cUxQRXRJQnl5bGx6SnM0Y3h5NWNaQVJOLVhBbkJzaVJUVTRkcGphYnBqQ2NFQVBHMG1zWXB6blhmX1hDMXg0YUZuSUdmRmpTZ0ZTTGt4a2Q3MFp5NVVJUTRHNjUxd0d2UDJ0dnZmalF6ODQ3aVJocHlXc2xWMzY0TGM1VjVQZ0RHd3Rla3BsTVdzQ0Jpa0E2dm81T1FsZk5VWURlZmFxeQ?oc=5,Công thức FDI của Nutifood được USPTO Hoa Kỳ cấp bằng sáng chế  Tạp chí Sở hữu Trí tuệ,Nutifood,Nutifood
Nutifood ghi dấu ấn quốc tế với bằng sáng chế Hoa Kỳ cho Công thức FDI,2026-05-28,SkyDoor News,news.google.com,https://news.google.com/rss/articles/CBMimAFBVV95cUxPcHNqbXhMcm5yZzNpYThuV05tbWJsai1KYVZrOWtpX203Vk0zVTVkeG1TcFFlSHh3NzZPZW1sRko4cWdBdGxacG1ObDRmQjBpY3pkRHRKMS10dy1KZmVmVWJzOHpQTlV1SmJad1doLV9mdHUwdmNzU0dfQlc5NlVXeHE3dEE4dHpuUnQtT2FVd3RHNTZWZEZxdQ?oc=5,Nutifood ghi dấu ấn quốc tế với bằng sáng chế Hoa Kỳ cho Công thức FDI  SkyDoor News,Nutifood,Nutifood
Nutifood ủng hộ Gia Lai 10 tỉ đồng khắc phục hậu quả bão số 13,2025-11-15,Báo Tuổi Trẻ,news.google.com,https://news.google.com/rss/articles/CBMipgFBVV95cUxQODN2MDRhWnVqc21Lbk4yWUFKQngxSWFHWmlBcm5PNUh1emg3TlNad0tGME9ZSWRpbVpfcjVMdTd4aG9aZWxaSkJjaEpubU9vOVhLVjBJMTMzLTVwVTFDMlRhSkhvR2xBQ0ZsZ3hMSGczcTIydGRqUDdvWVNfM0NwUXlhOFROTlF3alpfSGNPcEJJdGh1dVhqRUNuX2c1MXRzRElPRktB?oc=5,Nutifood ủng hộ Gia Lai 10 tỉ đồng khắc phục hậu quả bão số 13  Báo Tuổi Trẻ,Nutifood,"Nutifood, Nutifood doanh thu"
Học viện Nutifood tuyển sinh cầu thủ năng khiếu khóa 4,2026-03-18,Báo Gia Lai điện tử,news.google.com,https://news.google.com/rss/articles/CBMimwFBVV95cUxQa2dvYklUb1pvekkxaWp3Xy1GRmRuRncyNFNBY2htVl9QU0lzeXB2Zl9MTnRXczJzemJTTkwwNFZHUkdrZVBKd3Q4Z2h4aDVrZ0ZycHVXRkxfMlN4c1QzRDBpaEM5cFN6UW8yY0xfMDRWXzMzZ3Z4TkNJbk9qRHhzTno4dEFYUW5JNmd4eXdtN2NVTFZvS25nX0ZYZw?oc=5,Học viện Nutifood tuyển sinh cầu thủ năng khiếu khóa 4  Báo Gia Lai điện tử,Nutifood,Nutifood
Nutifood: Doanh nghiệp sữa đứng sau dự án cầu đi bộ nghìn tỷ bắt qua sông Sài Gòn,2026-05-20,Tạp chí Doanh nghiệp và Hội nhập,news.google.com,https://news.google.com/rss/articles/CBMivwFBVV95cUxPb1I3S2Z5T2MzNFFsSUhDTHprRXZDSDRfQ1lYY0wzTy12dmEyQlRoYXRIQURfbi1sYWVkS0h6UkphSFEtMFVoZF9NZUc0RVlTMVlvOWRYLVdDZWpQZE5NcUNwaUlrZklTN0JQQ2FyMUdNdXRUN2xfMlRoNXZDLXF4YWgwNXFhcmsxMGZJYkdhUURRMWRZM1ZDVTZYaHQ4LWkzQ2FERVZoM3JfRm5rdE04dExrSEgxdzAwaEllNjhfYw?oc=5,Nutifood: Doanh nghiệp sữa đứng sau dự án cầu đi bộ nghìn tỷ bắt qua sông Sài Gòn  Tạp chí Doanh nghiệp và Hội nhập,Nutifood,"Nutifood, Nutifood doanh thu, sữa Nutifood"
"Nutifood tài trợ 9,3 tỉ đồng, tiếp sức cho bóng chuyền nữ TP.HCM",2026-05-05,Báo Pháp Luật TP. Hồ Chí Minh,news.google.com,https://news.google.com/rss/articles/CBMilwFBVV95cUxOMUdWTE1JQkpPUEZYb3FreVcwWEFXUFBZcTl2cVYtS0VCOGpONkZYSjM4NW43aEtfYzNadHNBbEM0N3VaMXFfck04MGFETHRiREJCUnF4SGxBd3dWc25GUkxKZTNPWDVIcldYU21GNGl2MHVIcFRYYm1pczJKQVJwLTFiSXYzUnZ1eXpKU0RIU2RUemRUUVJr0gGWAUFVX3lxTE9ndHl2cFNEeWVKR2JrTUpPTWw4ZEhKU2FjcGFOa0VOWnZJNG5MWGZPSEQ1T0hzbGM1LTVlSWhVMXlMTm1KVGltMHMtWFVaZi1ONkR0aXZqcVEwS3JJeUU0SkRJbTNYSmkzSTBuRHJURGR4Rlo0SEt0UmQzOXJYSFVwTmtmdF9wNHZmSUVUdGRvM3BZVlRQZw?oc=5,"Nutifood tài trợ 9,3 tỉ đồng, tiếp sức cho bóng chuyền nữ TP.HCM  Báo Pháp Luật TP. Hồ Chí Minh",Nutifood,Nutifood
Nhóm Nutifood trở thành cổ đông lớn nhất nắm gần 25% vốn của công ty chứng khoán 4.000 tỷ,2026-03-19,CafeF,news.google.com,https://news.google.com/rss/articles/CBMixgFBVV95cUxPWW1CU3lJbVlGaklCeEQxV18zS05LWVJGem1OODMzV2Y5YjBqYms4Vk9OV3FlQTZwbEpZQUlFZS1MWHVhWklESm5EVzFxTGdydWZkbTk2WWJwX2J4WTJKUXdVOGMxYWJRcUh3SmRZd3NVVjVuWEhmMVpjT2RYVjJKbGszclZEejNqbE1EeVlYRWpxRUxXZHlnNmF0eHlyTjZ4MkVkYURWUGhhbjZEakJMRlNxY0hPWnA3dl9iTzR1OFllM3hJMEE?oc=5,Nhóm Nutifood trở thành cổ đông lớn nhất nắm gần 25% vốn của công ty chứng khoán 4.000 tỷ  CafeF,Nutifood,Nutifood
Nutifood đầu tư thêm 6.000 tỉ đồng cho trang trại bò sữa và nhà máy tại Gia Lai,2025-08-29,Báo Thanh Niên,news.google.com,https://news.google.com/rss/articles/CBMivwFBVV95cUxQRUQ1MWdjXzRTQnNQelE4b2NBVzNqZGJReHNFQkVqbnB6UXY0VWt2czFfUlVoQ2dKekl4bTFyQ0FYVFFvR0FDbE9ucHM3MkpVdkFrb0xJN184RWk1cmpQT3RtRFFub0dGOGc0MHg0THM1VVkteU1rbGZnakt2dXRKUUsxdWhlMWZpcWxzYmtBa2VRMDh3ZTJBWmtRSnZzNW12YkdWNm95SmctdTgwZGhUNUVjQ1J4eTlTVW5IRTg0Zw?oc=5,Nutifood đầu tư thêm 6.000 tỉ đồng cho trang trại bò sữa và nhà máy tại Gia Lai  Báo Thanh Niên,Nutifood,"Nutifood, sữa Nutifood"
Nutifood rót thêm 6.000 tỷ mở rộng trang trại Gia Lai,2025-08-30,VnExpress,news.google.com,https://news.google.com/rss/articles/CBMikgFBVV95cUxPdk5kaDBybVNCbjY4cW8yZng0TnRrUDNuZDBPaHo3Q0hnSFUyOFN4S012eHpmYnZCVk5zVFhiVUlTT1ktWHZUM1hfbzNHNmxPVVF5VmxEb0ZmcFJDNkJORF9HeDV1Zm5QUTVVVlYtclV2dmdwT0gxNHV4NDIycWQ4MHhhZ1dhRWhrM0ZDTFFFWHF1dw?oc=5,Nutifood rót thêm 6.000 tỷ mở rộng trang trại Gia Lai  VnExpress,Nutifood,"Nutifood, sữa Nutifood"
Nutifood tăng sở hữu tại một nhà môi giới chứng khoán,2026-03-12,Znews,news.google.com,https://news.google.com/rss/articles/CBMikAFBVV95cUxQSzhVU0N0Z3pCQWJWVTZPckZhcHNKaHdrRlJRMG54ZXFHR0F6bXVXQ3ozU0JSd2F6TjN0bWhqSkhCcTc5QlVyRkx0VmxyQTVfeHVLXzFralhXQ29qLXNaV1l4M0c4RVFRRHRTYUxVYm1jUnVVM2hjVHRWTXBuTGV2Qm9ONjItY19yVHV4azBOSW4?oc=5,Nutifood tăng sở hữu tại một nhà môi giới chứng khoán  Znews,Nutifood,"Nutifood, Nutifood doanh thu"
Học viện bóng đá Nutifood tuyển nhân tài khóa 4,2026-02-05,Laodong.vn,news.google.com,https://news.google.com/rss/articles/CBMijwFBVV95cUxQSkV1SnJJS2RzYTZ3cnRPZEpjVjg0NTFFSy1CekdUekJ4REpkNEp0S0UtVjF0emdmU2tUTDJIbnQ4WWg2Um1CQlVTdE1CVnhLUkQ3dXNfRlZGZzd6MkFXMERVRjRHRWhVRXRyMkFtODJucE9QUUNSMVN4WGZ0NVd1WXJrdWgxS0tFMnlGclg3Zw?oc=5,Học viện bóng đá Nutifood tuyển nhân tài khóa 4  Laodong.vn,Nutifood,Nutifood
Ngắm công trường xây dựng cầu gần 1.000 tỷ là món quà của Nutifood tặng TP.HCM,2025-12-21,CafeF,news.google.com,https://news.google.com/rss/articles/CBMitwFBVV95cUxNZVkteDR1Ty15UmhTUjlRQWtKXzczYVpsR04zVUI4Q1R1dlpHSWZCSmNlWFcxWlFDRlFiUmY5NWU0VTI0Q21ma3dEX19TQ1Zfby03eWFDdEZJNVROZXZfVUQ2eFlOVW5UTENnbE5LbGlyR0Y3OEcyZUZUcnVFbkRZU1VJNzBtbGwtMjJLbXJpMVlzdzZvTTVHNlJXU3h4TFF1S3k0a2FrWG85MWI0OC05aGNFSE44OXM?oc=5,Ngắm công trường xây dựng cầu gần 1.000 tỷ là món quà của Nutifood tặng TP.HCM  CafeF,Nutifood,"Nutifood, Nutifood quảng cáo"
Học viện bóng đá NutiFood khởi động ngày hội bóng đá nhí,2026-05-10,Laodong.vn,news.google.com,https://news.google.com/rss/articles/CBMioAFBVV95cUxORkZvRmNTNkd2ZzRmeTA5S1hHUXI0VW85UHM0azZqd0tWYkxwVnllb3FWenZDN0VaWXhxQm9FT2pGbFdpalhJdjdwNVlwRDVzSmZJdGQ3c0NnYkJoTWdlVkxuanYtZlF6Q0RLaEtyeXBmRTU2aTR2SklKSDk1SFhHWktuR0twQkVRZ1pyVldRTUR3RFZtQTZNOE9yUXRmZVpJ?oc=5,Học viện bóng đá NutiFood khởi động ngày hội bóng đá nhí  Laodong.vn,Nutifood,Nutifood
"Vừa nhận bằng sáng chế, Nutifood rót 3 triệu USD đầu tư tại Mỹ",2026-05-19,nguoiquansat.vn,news.google.com,https://news.google.com/rss/articles/CBMingFBVV95cUxNVkFvN2xlTjliMFNfWVJJdG1kcW5jSHpOSkVKTzR4Y3VuQ2hwSjNZaWNndmpZUHBaNU1sQ2R3VjdFaVBxb1E1TUp2UXhKVUp0R0tSTHJqN3dFMlJ0TEVXTnJrSW14Mjg1RkpZTWpJSHpzR0VpcDYxNjlkY2R2NU9mOUQ3MDVjRFlXanpudTdpdFhtMGt2MWllM1ROZDdYdw?oc=5,"Vừa nhận bằng sáng chế, Nutifood rót 3 triệu USD đầu tư tại Mỹ  nguoiquansat.vn",Nutifood,Nutifood
Công thức Nutifood FDI được USPTO hoa kỳ cấp bằng sáng chế,2026-05-16,SOHA,news.google.com,https://news.google.com/rss/articles/CBMingFBVV95cUxNd2xqdUd4cDVOdmE0ZXhqbndncmNUWGJVeEI3bl84cFZkZFhvdFM0UHc4OEdaTE1ILXp4NzVSd1ZPMl9OSmhTc1hBNFlqb2lIdW5MblBCeVE4dW5CMlVTQVVpc3hpLUI1UmJvMy1mb3hoM04yaDRDM0Faa05yY0otVUY5MzJFR3NoN181aEpWWGwyVmxuM3F3ai1FdnV3UQ?oc=5,Công thức Nutifood FDI được USPTO hoa kỳ cấp bằng sáng chế  SOHA,Nutifood,Nutifood
​Nutifood GrowPLUS+ Suy Dinh Dưỡng ra mắt bao bì mới,2025-09-25,VnExpress,news.google.com,https://news.google.com/rss/articles/CBMijgFBVV95cUxNVzJnNWxzQldrN0YwOW9FazE5aGtqQTgxN242WTB5b255dnRKSFp2WUwtWVlXVmpTMG8ta210emdLcEMtenZYTVVlOGk3Wk5lMmszR3JXSlVZWmRmNzZkVnlFR2ZfSXBSclJ1c1dLSFp3YzdDM1pKYnNZMTZ4S3F6REFVdy1JN1JBN2dXNkd3?oc=5,​Nutifood GrowPLUS+ Suy Dinh Dưỡng ra mắt bao bì mới  VnExpress,Nutifood,"Nutifood, Nutifood doanh thu, Nutifood quảng cáo, sữa Nutifood"
Hva gjør USPTO-patentet til en viktig milepæl for Nutifood?,2026-05-29,Vietnam.vn,news.google.com,https://news.google.com/rss/articles/CBMimgFBVV95cUxOSTFLOHlfVUxQbmtxdE00Wjk5Z1RSN1o2dExTOTRxMWVrUTdHMjdGX2tEOUZDRWJJUDlldUR6U3NDQjNBN0xwdWtGekxFc1p6c2labjlXWjQ3RFNlelVTanZIMWxRcF9pN3YxelZNNVpDdFd4RzJ0RWVxTDRBOEI4Z0hobG96bzk4MWRPVkU1OW1DR2NaazNxbkVn?oc=5,Hva gjør USPTO-patentet til en viktig milepæl for Nutifood?  Vietnam.vn,Nutifood,Nutifood
GippsNature và Nutifood Australia đồng hành cùng Taste of Australia 2026,2026-04-21,Báo VietNamNet,news.google.com,https://news.google.com/rss/articles/CBMiqwFBVV95cUxONDI5U3QzZHFObUJyaFY2SHRweG9FV1FfZVpWaHJxdEFoSFVfZ0pWbUxIQW9zaHVDODZneFNHeFBXN1dDczctdFdRN3hhRUhubl9rRHFreDZIQ2pONDdYNUFYdUFRMVVCWXp1UFBpTnZucjJYbFp2THBKRWJuMnZ4TnZxNzVGTmtsTmV4eWhYZUVIVjRablN1em9DNE9ZaFdEZFdrVzNPdng2Yzg?oc=5,GippsNature và Nutifood Australia đồng hành cùng Taste of Australia 2026  Báo VietNamNet,Nutifood,Nutifood
Học viện bóng đá Nutifood săn tìm “ngọc thô” khắp Việt Nam,2026-02-04,Báo Pháp Luật TP. Hồ Chí Minh,news.google.com,https://news.google.com/rss/articles/CBMikAFBVV95cUxPUjN0M3Bsa3Y2MVMwZ19ma2ZZZE5XQTRCbDlmRDFZVzVnU2I5cmVnSC1lZHlrdWhTVndrbWRUUEdmU3FJdFJVSTlBRTVMTFpjdkRlTEtXSE4wVGVsdklBbU1aWHp4UlEzNW1tUzZZQWRFcXRLTVAwX3lJT0ItZmYtNG1xcUV3RTlwN2dhQ09GOGvSAY8BQVVfeXFMUEd0b19JWnpMc3NqdjlzRDB4Q0MwWEdnS1MyUHBzQUg1MTZfXzBUU2hzOVFNOWRJYWNTaEtJbXExRWFtTWZTbVY4MzJxZnVvMEdrcnB5Tk9LVGZ0TFEycGk1Nk9yOWtScmhseXB6dGhtXzlXWjA1WG5ZbFdPNmRsNmtBN0s2OU5nRkx4aHZESUU?oc=5,Học viện bóng đá Nutifood săn tìm “ngọc thô” khắp Việt Nam  Báo Pháp Luật TP. Hồ Chí Minh,Nutifood,Nutifood
Nutifood nhận danh hiệu doanh nghiệp xanh TP.HCM 2025,2025-12-23,Báo Thanh Niên,news.google.com,https://news.google.com/rss/articles/CBMinAFBVV95cUxQT0Z2VUVUU2RBdEVfWGFJUHJiTkN1emZTSTRDTGRuWEdTM3JsRVpuZHVwQXh2ZDJrTjUtRGljaHZhV0VpUzRMN0NXQndsOUNLcGg2ckw5MktZNHd3U1FrUjlGN0liY0RZcWF1YUIzdVpKY3B2UGl2OGtXM2ZjVF9YZjh2WVBZTkJNOVhlcnBYZnc0Y1JaeHJvMXJKdlI?oc=5,Nutifood nhận danh hiệu doanh nghiệp xanh TP.HCM 2025  Báo Thanh Niên,Nutifood,Nutifood
Học viện Nutifood đi tìm Lý Đức mới,2026-02-05,Báo Tuổi Trẻ,news.google.com,https://news.google.com/rss/articles/CBMiggFBVV95cUxNUU1NUkNzWFNWSDFGM29zblBCbC1EcGRIdjRZOURQNFhvM1RIbDZ4M0stR1gxaG1sV292MFNhdUJka2hSeDVLNWVSY3NVZTJXN19rNXlTeFNvR3Q0Um55VVlKYUhXajN0aDhXY0l2NTdoU0JaZHByOHFjazJVVU1HdTBB?oc=5,Học viện Nutifood đi tìm Lý Đức mới  Báo Tuổi Trẻ,Nutifood,Nutifood
Nutifood nhận giải thưởng “Dự án CSR truyền cảm hứng” với dự án cầu đi bộ nghìn tỷ,2026-02-11,Báo Dân trí,news.google.com,https://news.google.com/rss/articles/CBMizgFBVV95cUxNdFV5em1LU0VKYjBkeTdsdnVOMHRSMGM4U0ZONVR6UXJVOWJOQ1JJYTNhcFVSRDRqazh2SkRrUXVhM0h0eGY4MlB3RUZ2SHpZRDFlLXlrODkxdGZrOUtOREd5V2Z5bTFKcFJsQmVaN2pEZ25yS0JObXhtMFJXc3Y2cFVtWVpIS1pHSzlPMVV4bVlDdXUzQTdPTzFKYTd0WVRGR1JhVWl5V2w3V1BjdU9lQi0tb2pZMi1TY0l5NGdFQUZsLVF1RkFrTjg1WVY0dw?oc=5,Nutifood nhận giải thưởng “Dự án CSR truyền cảm hứng” với dự án cầu đi bộ nghìn tỷ  Báo Dân trí,Nutifood,Nutifood
NutiFood thi công đổ bê tông trụ chính cầu đi bộ qua sông Sài Gòn,2026-05-11,Znews,news.google.com,https://news.google.com/rss/articles/CBMiqAFBVV95cUxQT0tOV2lmbm9DTjJ5T2xsOVJhZUtHM1ZPQWI4dURkcndnSEx6c0lIX0plUVU3bDQ0bFRGTWI1b3FhS0J2M0oyOXI2WE1YOF9fYi00cVEtM0hUeTBsbTdCNm80VTBFTWlwZEdvR09BN1E4LWFlQjgxVVpKeS1UNVd3Um9kajVGM014X3RibUZnTVRfSDNPQ3JLRm93NWxiRzVkekV3dHNfYXg?oc=5,NutiFood thi công đổ bê tông trụ chính cầu đi bộ qua sông Sài Gòn  Znews,Nutifood,Nutifood
"Học viện bóng đá Nutifood tuyển sinh khóa 4, HLV Graechen nhận Kỷ niệm chương từ LĐBĐ Việt Nam",2026-05-17,BÁO SÀI GÒN GIẢI PHÓNG,news.google.com,https://news.google.com/rss/articles/CBMi0wFBVV95cUxPOTFaUnN0R1JpRzR3NUF1bWJ1dEUybDI5VGlpMl9MLWhKWUQwdjNsZXlxVFExSkhBNUg2cW1ROTZMXzNLWXZkb0xIWTRzdl9mblpabkhrczlJQS1qTVhTc3cyMllXYUppT3JTQkstQ0hGQWdtV3Fyc0RyTFBJREpGUUtxdHpYQ0Z4d20zQ0pVMmVaUHBvTlF6MG1LVjVIbVJyMEtuYTZYSU1SZWJfWVF0VW5IOHZWdnJsNEtoNXJJUzFMZU9iWklBQXRNYU5ZQlB6c0N3?oc=5,"Học viện bóng đá Nutifood tuyển sinh khóa 4, HLV Graechen nhận Kỷ niệm chương từ LĐBĐ Việt Nam  BÁO SÀI GÒN GIẢI PHÓNG",Nutifood,Nutifood
Sản phẩm Nutifood đạt chứng nhận hữu cơ Australia,2026-02-17,VnExpress,news.google.com,https://news.google.com/rss/articles/CBMijAFBVV95cUxQak1FdVdMYTNhR2czRmdCcjhLMGJMYjNHQnBTOWVpX3dqbzV6WGp5NnlTUGtwc2dKdXpvX2FHby1xbEM2RTRneWRDNHlrRVM5QkRuR00xMXFxUkJ5Zm9WeUQtZVlCcFVKZENuRFJlMFFyc0NRazdDbHhXOUpoaTB3SDBqczBWRzEybmVLNw?oc=5,Sản phẩm Nutifood đạt chứng nhận hữu cơ Australia  VnExpress,Nutifood,"Nutifood, sữa Nutifood"
Nutifood nhận giải WeChoice với dự án cầu đi bộ nghìn tỷ,2026-02-11,Laodong.vn,news.google.com,https://news.google.com/rss/articles/CBMirwFBVV95cUxOVkRnMXlFaDk4X2hmcV9rYVc2VXRoQzJqamNTSXdsODNlOXN3WVctdmowODNUSWZPbzlyWU5xWXgwV3NvcDNWRlZvRHdwcTRtdWNzQ1NqSDBhZTN4cjhnSHljV1llVmRHSGZRZmExelkxQ0w2VVBFNlVtTjdXN3FCeUk2SndqWkthYjBRLW04X2pQVjE1Q0NmSFJNMXJHOUlSR2htdU14MGNManRNUm9v?oc=5,Nutifood nhận giải WeChoice với dự án cầu đi bộ nghìn tỷ  Laodong.vn,Nutifood,Nutifood
Nutifood ra mắt dòng sản phẩm sữa uống dinh dưỡng mới,2025-11-01,Báo Lao động thủ đô,news.google.com,https://news.google.com/rss/articles/CBMikwFBVV95cUxPbF9sbUJmX0k1WnJNbV8tZ1psY0hpLVBjU0N2TTBSakU5R3FOVTk1UVM5WU1HVkhoM1hGMXFyczhmNzNmcFpLQnphN2VXQmUwWXdDc21EdjhYSGstUUpKR1VfQzNZelZ4UG50ZHBaYVFFXzFHNE5LbXVMdFVCWUhUdXk2TS0xMktqaE5mZF9VNlJ0d0k?oc=5,Nutifood ra mắt dòng sản phẩm sữa uống dinh dưỡng mới  Báo Lao động thủ đô,Nutifood,"Nutifood, sữa Nutifood"
Nutifood đồng hành cùng đội tuyển bóng chuyền nữ TP.HCM,2026-05-05,"Bộ Văn hóa, Thể thao và Du lịch",news.google.com,https://news.google.com/rss/articles/CBMiiAFBVV95cUxOYmhvRndLT2s1ZmRJWFpKT1hnLXg4WFZiWFFyUHpERDZIWVN2dkJWYlA4NFVYNUI0VUNTcnZ4YWo5X3FGcVZIcWFUSDdCYkowT1I3UHk2MGlLeEktQVRjUGVtZXBKWUtSNzVtN25iRE1wSkRuaXNoWWNORDJfVE5QZzBlUWM2SUR2?oc=5,"Nutifood đồng hành cùng đội tuyển bóng chuyền nữ TP.HCM  Bộ Văn hóa, Thể thao và Du lịch",Nutifood,Nutifood
Nutifood GrowPLUS Suy Dinh Dưỡng (Đỏ) ra mắt bao bì mới và công thức cải tiến đột phá,2025-09-23,thanhnienviet.vn,news.google.com,https://news.google.com/rss/articles/CBMiywFBVV95cUxQalhUN21iTHhGMFFzODduUG9ObTZiQTlVcDlTOXUyZ29ReVFydUoxTXhtUmNQV0tfazRkRzhVMUoyZS1aalBGSmxwV0VSb1lKRm5wbkgydGJhV1lhZUY0cVM3bTZFbmpXU0lGUDV0TEhERTF3RDhFcFBuSWdHUjd0V2N3XzNSbUZhTE03YVdwTFRESWZvUUVadDAxczgzdTdxX3dybVYyXzlkZHF0LTdhSnlSRUpXOFYwS0tLNjBfZmNnaW9fZno3akxTaw?oc=5,Nutifood GrowPLUS Suy Dinh Dưỡng (Đỏ) ra mắt bao bì mới và công thức cải tiến đột phá  thanhnienviet.vn,Nutifood,"Nutifood, sữa Nutifood"
"Kido chốt bán mảng kem cho Nutifood, giá dự kiến 2.500 tỷ đồng",2025-12-17,Báo Dân trí,news.google.com,https://news.google.com/rss/articles/CBMitgFBVV95cUxOaU1DenNmenBOYXJrMGNzYjVpTDBmckR2OXgwaFJsUzNkcXpRWHlud3loY05RbDNlcVRLSlVoM0ZDS1BOOEIza0xiWkhPbVJYa2Y0cFI2T3hIS1pDX0hSb3ZnZmczUEg2VGwxSUhDWjlwVDhnRWZvYmdGUzh0eUNyV2pDRDRUMEpXSC0tN1Y4S1p5ckpSZmk2WF8tRmJ2STVfcGMyTVlUeEdsdDh2VlNSRGxIMV9mUQ?oc=5,"Kido chốt bán mảng kem cho Nutifood, giá dự kiến 2.500 tỷ đồng  Báo Dân trí",Nutifood,"Nutifood, Nutifood doanh thu"
Chủ tịch VDS nói về mối quan hệ với Nutifood,2026-04-16,Fili.vn,news.google.com,https://news.google.com/rss/articles/CBMijAFBVV95cUxOOU1sSlotRHRXbFZhekFOS0tFbnRTd3JrbG9IOW8tS3lJV3k4Vkp3WVBPNlBadGpWMjFHYzJwckFCMkhITDR4bWlyalh1NWh2eTNoV0FfYnQ1aGtfZkN5ekotYldOTjNfYmVjekxFLUhNUkhPenl6SFFYXzlsSXVDZVppUjNyOFV3MTQ0NQ?oc=5,Chủ tịch VDS nói về mối quan hệ với Nutifood  Fili.vn,Nutifood,"Nutifood, Nutifood doanh thu"
VFF vinh danh HLV Guillaume Graechen vì những đóng góp cho bóng đá trẻ Việt Nam tại Ngày hội bóng đá nhí Nutifood 2026,2026-05-18,Báo Bảo vệ pháp luật,news.google.com,https://news.google.com/rss/articles/CBMijwJBVV95cUxNUk56WGdVa3JXbEFtcGI1Z1BreEdrUG01cXpaODQ3TGpWX2lONWItMWRidzVxQkQzNGhWbWp5RWI5NkVNRl9CS3NiM3BmelB6Qlgtb3Z5VllEX2t4ZFpvV292OUh4VGY3Z0ZsdmtqeGQ3OGRhUVBYZWNKamFrWlZ2ZlhGQm5ENWxnemE5Y3kzV1NFa1YtcS1ST1dQOVlyekltUzRISnFwZ0lDaU5NRnRKQjlqZzVybjVMSlgzTTVZa21DV1BMcnZYb1l6MmpLaEFycHNhNzVtNm42VXRnWEhqQlB3Um1CNFlqaml2U05XSmZDYXpjakVHUlN2czI4dy1FSzBESHMzSFlTQzBCWlZB?oc=5,VFF vinh danh HLV Guillaume Graechen vì những đóng góp cho bóng đá trẻ Việt Nam tại Ngày hội bóng đá nhí Nutifood 2026  Báo Bảo vệ pháp luật,Nutifood,Nutifood
Thu về 14.225 tỷ đồng năm 2025: Nutifood đang kiếm tiền thế nào khi liên tục thực hiện các thương vụ M&A?,2026-03-04,VietnamBiz,news.google.com,https://news.google.com/rss/articles/CBMi2gFBVV95cUxOd1lzQU5sWnRRLURMMHF5TmFRWjVvaGxGWVlDZ1B3Qmk4U0NnaGg2RHZ6eTRnZmhsS3l5TFUySU1TSmNFV0R5UG5NZjRqUm9fZFNYdjJPOHQ5MTZ6Nk0tUGlvOTYzelNvU0dZSldJaFlCSXlXSjV6UkhINnAzVC1QZlVBbVlsUjI3R052U0I4cTNCQlBWRUNpR2xwS2lhemdzY3V0a29TV01DbUdLV3hZUE9RSzB5NktSLVliemhNOUtMdFJVQ1BISl8xbDdRcEthYWV2a0dWS19Ydw?oc=5,Thu về 14.225 tỷ đồng năm 2025: Nutifood đang kiếm tiền thế nào khi liên tục thực hiện các thương vụ M&A?  VietnamBiz,Nutifood,"Nutifood, Nutifood doanh thu, Nutifood quảng cáo, sữa Nutifood"
KIDO chốt chuyển nhượng mảng kem cho Nutifood với giá 2.500 tỷ đồng,2025-12-17,CafeF,news.google.com,https://news.google.com/rss/articles/CBMiqgFBVV95cUxOVjlWeWRWdjJtUm5UbVFGOHdGd1cxTkNHZm41OEs3TFNEcFJ4WkhYc2NvRjlyMFFPVXQzYXFlajJmVV9TZDVpOVI3SVZXcDA1cldabzkzazNRQTdOQkQ2azhkbkctdlk1ZmVBUEZ2a0FOazdZZWhsd3dxbTJ6LTJ3VEQwR2QzbUJlVXNFdzg5NUdxYkZ3LXI4dUs2eDZSaGVjOUpuNEVJTHFZUQ?oc=5,KIDO chốt chuyển nhượng mảng kem cho Nutifood với giá 2.500 tỷ đồng  CafeF,Nutifood,"Nutifood, Nutifood doanh thu"
GippsNature và Nutifood Australia khẳng định chất lượng chuẩn Úc tại Taste of Australia 2026,2026-04-24,VTV.vn,news.google.com,https://news.google.com/rss/articles/CBMiygFBVV95cUxNZGM1dlA5RDJyZ20xRUZKbTh0eHUtNG9tTlZES2FNUnUzYU5Wd3M4WWFKRlF0RmVCOHZGak04Tnpxd0FqNjhiN3hWQ28zMWtsTk9FYUdhY0cxMjlXREVjVi1ISlVyc3N5aVhuSUwwMEVoY0xUdlh0OVZxbmZVNGEwRnBJY0tiUThmOFJCenhwZFFod3VIMENVaDZyRVVUQ0poYUtfSnZBd2t5ZlRaZjhXQVU5UTZxZVNKQUpQNXFQb2xqX0szaEx4dTVn?oc=5,GippsNature và Nutifood Australia khẳng định chất lượng chuẩn Úc tại Taste of Australia 2026  VTV.vn,Nutifood,Nutifood
Nutifood GrowPLUS+ celebrates its big birthday: A journey of persistent pursuit of nutritional science.,2026-05-18,Vietnam.vn,news.google.com,https://news.google.com/rss/articles/CBMirwFBVV95cUxOdnBrTm5uci1tZUtqNHB0Zy1yN1dTSGRCX0RhSkZyZFFKV1ZyUnRqT043TzBTX05Ba2EtWUNMNEx1VFYwUTNDanJDalVOM2NvOHN2em1GZnQ1aHo3YTdfWjZmNDJ2WmhzVVF1ZUlITHNxcGtMYko4NGgzMHZTMmlQRnhfQ3Ryb0FtTXFmb3BURVNKNTZMWjRHZWVHak5ibEttNE0xX3lXS0c1QmJtWkxJ?oc=5,Nutifood GrowPLUS+ celebrates its big birthday: A journey of persistent pursuit of nutritional science.  Vietnam.vn,Nutifood,Nutifood
Học viện bóng đá Nutifood tuyển nhân tài khóa 4,2026-02-05,BÁO SÀI GÒN GIẢI PHÓNG,news.google.com,https://news.google.com/rss/articles/CBMilgFBVV95cUxOaDlOUi1ycUZtcmI5SGhVY21IV0dRMmxKLUpvMUlkNVNhT2VEUjcxc0RrNENkU29hcGF0V0RXSVBKc1F0ZlhSaWN2OTJkU1VhbVFQQmRLZFRlYTQ0Q1hsTklmMHU3VTlYMWI2VnllbjVYNmV5SGE1OGRYYXpRb0ppMERuTU9uRjQxTjdCbmE4dHU3Q0pmaGc?oc=5,Học viện bóng đá Nutifood tuyển nhân tài khóa 4  BÁO SÀI GÒN GIẢI PHÓNG,Nutifood,Nutifood
Nutifood chính thức ra mắt hai dòng sản phẩm mới tại Việt Nam,2025-11-03,Brands Vietnam,news.google.com,https://news.google.com/rss/articles/CBMiqgFBVV95cUxNU3Z6aWYtNUFlU1ZHWHdNRVpDeVBQbHVkUnU4U1o2MEQzbXZHTDM4ZWZlLUJuQlZTUlZ6YjNScXdaY19zdk9BRGozbUhLNzZfbTh2UmhMZlQ3QkNwakJfRnp2THd5SmdTcXM1WWszSFYyZ1EyX0ZybFBDUGN2dnFsNmJwb25UQi1mRmh5dG9fVnBPcm04OWFOY1F5WGhOdGthaUk2VkNPY1N1dw?oc=5,Nutifood chính thức ra mắt hai dòng sản phẩm mới tại Việt Nam  Brands Vietnam,Nutifood,Nutifood
"Thầy của Công Phượng, Lý Đức, Nhật Minh nhận vinh danh đặc biệt từ VFF tại Ngày hội bóng đá nhí Nutifood 2026",2026-05-18,Báo Pháp Luật Việt Nam,news.google.com,https://news.google.com/rss/articles/CBMi3gFBVV95cUxPTC1mTU0zZVVfMU43QzY4eG9kUUxOa2E3RklrbnAweEIzVzBoVW0wS1lLTkEtUVc3RFp4aHZlZUpwT0JvbFprQ1B3NzdKN1ZlbzQ0YkYyNGZjQld6a0xBemxmdnpfUklIUDFjQlA0X3QtdVBiVXhKcG51Q1NqN0R4WWpWOTh5UHppX2JHcXFmNmZ4UnZNWFhCSnpvZDFVX1BIekJ3bHQ2NzNhOTRHY1BJT2RjeTZpTWZva1NrNGtaR3RKNGF1RVhrUjE4Q3pYbktXazlyZU95Q2I1dEZQWXc?oc=5,"Thầy của Công Phượng, Lý Đức, Nhật Minh nhận vinh danh đặc biệt từ VFF tại Ngày hội bóng đá nhí Nutifood 2026  Báo Pháp Luật Việt Nam",Nutifood,Nutifood
"Công thức NutiFood FDI nhận bằng sáng chế từ USPTO Mỹ, Khẳng định giá trị khoa học dinh dưỡng toàn cầu",2026-05-15,VietnamBiz,news.google.com,https://news.google.com/rss/articles/CBMi2wFBVV95cUxNekxseTJ3WXhsOVNBc1ZEQWVZczIzWVo2NUw1emV0WlVraV9oRXRiVnM1NTlxcEpreDliMGhsb1FPZldBSTRuVWR2YTZ2MGFxMWJpak5WalJSNENtV2N0RzFfT3BRSTdGYVpqQmVHZlRpU1BGMldZUnBKOVBOdDNzMkFLWVVPTl9MOXhuQnNMWm9fck1PeWhOdXhOVHJ0NThWdzdadTViekE1akRZZFRlWktIakFhNjlfRjg1UFAyUUlwc2xWTk5pa2ptNTFDNWdOVy1UYVBUMXZfYzA?oc=5,"Công thức NutiFood FDI nhận bằng sáng chế từ USPTO Mỹ, Khẳng định giá trị khoa học dinh dưỡng toàn cầu  VietnamBiz",Nutifood,"Nutifood, sữa Nutifood"
Nutifood vay 800 tỷ đồng từ HSBC để xây cầu đi bộ nối Bến Bạch Đằng với Thủ Thiêm,2026-05-19,nguoiquansat.vn,news.google.com,https://news.google.com/rss/articles/CBMiuAFBVV95cUxOZVhfZ0pVb0taWnJJM2VWSVJ1aWZ2M1pCM3BBNkJHN01kUkM1Qi01S0stRnFJckd2THdmY18tc2RTM1llUUZxcXdhbDMxYzJJeEdKZ3VfaDV3aktkUXliVi1WRDF4azZiZEY2ZWVXV2g3XzVzVkFPTHo1eWZxOWJBcmdud0JNVjlvNzB1WVlOakh2VmExUFhzek9HV0xwejRsemxJNkVHa04xT09Na3RLMDhfdGNuR0FL?oc=5,Nutifood vay 800 tỷ đồng từ HSBC để xây cầu đi bộ nối Bến Bạch Đằng với Thủ Thiêm  nguoiquansat.vn,Nutifood,Nutifood
Nutifood ra mắt sữa dinh dưỡng GippsNature Organic A2,2025-11-01,VnExpress,news.google.com,https://news.google.com/rss/articles/CBMikgFBVV95cUxObnFrQkZPSl9JV0xHb3kya3ZaSzZJc2JuUXEyeEcyeU5TaU5oUHl4MXlWcEMyQzBHT1puLWNxclZTZm1lLXA2T3pBaGs2Nk9BYl9YWkJRdUtBc0tqVjlCWVZMTlBIakY3anVvaWs1ZmdVNllSM2IzSDJMX19oWTQwSUtIT1o3SDhNOVNmVFdOLXFzZw?oc=5,Nutifood ra mắt sữa dinh dưỡng GippsNature Organic A2  VnExpress,Nutifood,"Nutifood, Nutifood quảng cáo, sữa Nutifood"
Nutifood hỗ trợ tỉnh Gia Lai 10 tỷ đồng khắc phục hậu quả bão số 13,2025-11-16,baochinhphu.vn,news.google.com,https://news.google.com/rss/articles/CBMiswFBVV95cUxPN2JiRWwzRUlTaUJLRmJUSnRwSm1YalpVWXdsbExJa3J5VklKOVREWWdnbzVxTzh0N1Jld01IbzdOQV9KaUNpdzZHSXZKN1lyWHpPU1llaVhWbmJCLXROM0d1WUlUUnFYX1g1b2xCRkRJTHV1aDJpOG9UREZVMDhXUGNBcnBFazNHb190Vllqc1pBT1VUUDVkelZIWThReWxoWF95VUtMS0U1MFJKT2NURF9BZw?oc=5,Nutifood hỗ trợ tỉnh Gia Lai 10 tỷ đồng khắc phục hậu quả bão số 13  baochinhphu.vn,Nutifood,"Nutifood, Nutifood quảng cáo"
Nutifood bắt tay ViPlus Dairy (Australia) ra mắt thương hiệu sữa cao cấp quốc tế,2025-11-01,Báo Pháp Luật Việt Nam,news.google.com,https://news.google.com/rss/articles/CBMiqgFBVV95cUxPYnpnamlWVENNc29Qbk4tS2szNE9SNGNiUXF1cXhrTVIxUFBPYUw4WFoxc2ItOTVNczF0aFRHX0o5bV9UZm9ncDVFVHZUTGlqbHdQUFFTRjNTaHlyR25PdnAxVzhCbk12QjNjN2ljaE1xMjYwMnFWOEthSVhidGxnZ0VVTXRENkJVWWctUUJadzFCcy1TS1o2ZVNqb1NNeXlpVk1mNXQ4MUN4QQ?oc=5,Nutifood bắt tay ViPlus Dairy (Australia) ra mắt thương hiệu sữa cao cấp quốc tế  Báo Pháp Luật Việt Nam,Nutifood,Nutifood
"Kido bán đứt mảng kem cho Nutifood, dự kiến thu 2.500 tỷ đồng",2025-12-18,Znews,news.google.com,https://news.google.com/rss/articles/CBMimAFBVV95cUxNOERUREdINnVmcnlwNkJWRzdQSl9rM29XUWM3aU9rYnQ4OXQ4dXZDVVl5b281d3NvV0VwQ3FNVnVjdlJFenpnellIMzhOazY3Ul84OHZyNkVCQk1BSmZza2tmZFNqVkotV09EYk1OZG5yTTJfT0tWaS1venZpODVXSTNtc19IVnRvVm8zZkQwV3pkbEd5Ny1MRw?oc=5,"Kido bán đứt mảng kem cho Nutifood, dự kiến thu 2.500 tỷ đồng  Znews",Nutifood,"Nutifood, Nutifood quảng cáo"
Nutifood tại Triển lãm A80: 25 năm kiến tạo dinh dưỡng và khát vọng vươn tầm thế giới,2025-08-31,Laodong.vn,news.google.com,https://news.google.com/rss/articles/CBMi1AFBVV95cUxNUWRaRzRqd2pUN0VwRkI2d2E1ejF4Z2JUQ2V6V3lPNENUb1RrdGJCZk9BTE9hNU00QW9ReWNmQnMxSTVkZTFzZ0JTdzZVNVVNZHhyM3JneVZEaUxrSUFoSXRvaTd1OG94cm1abkcyRDRUZTFpRjN2b2NtTUNqaTZBN0VrT1duTzhIZlJ3eDlLdDMtOThDV2NfTVo4UzZLQW1OUmdKUFhOUGFqYnRXcEp6aDRXbTdCMTA0emhzM25RQjR6UVg2Z3J4SXE5LVJ5TDhEcU5Caw?oc=5,Nutifood tại Triển lãm A80: 25 năm kiến tạo dinh dưỡng và khát vọng vươn tầm thế giới  Laodong.vn,Nutifood,Nutifood
Ngày hội bóng đá nhí Nutifood chính thức khởi động chào hè,2026-05-11,Báo điện tử VTC News,news.google.com,https://news.google.com/rss/articles/CBMilwFBVV95cUxPM2xzbF9UUFY2Q1R2ZW9fN25TUnVJejU3TEduWDRkTWdzWW1XN1V5WWxoRW5MWHA2eG1FY3N1aHQzUXhma1FqMnJQSnc3T2VDUWVTd3ppUlhZTHRJQXhGS2ktZnhZOG1Sc0lqMkNidVFfeGFHQVdoQWg3czdnLVU2UlAteG9pcUt6TTZLaU1kQ2lIY2RPYjZr?oc=5,Ngày hội bóng đá nhí Nutifood chính thức khởi động chào hè  Báo điện tử VTC News,Nutifood,Nutifood
Nutifood GrowPLUS+ giữ vững vị thế hàng đầu về sữa dinh dưỡng trẻ em,2025-08-07,VnEconomy,news.google.com,https://news.google.com/rss/articles/CBMilwFBVV95cUxNbVRvTndRcGd5Yk5zbTgwSG56TFVhMDRBb1dyZFhXQndOTElpNXVDYnB5amE0ZGRqdTNhWVNxSHcxMmhGaFh6cVRwSHhZY1pMMHJCajBPXzVTNllQeDdxQjQtTC03RE5YMDMwUXR4R3lWRmlNcXAyWDVReUFkYW1iWW1xWGdSSi1Yb0x2M2IydXJoSnotTDJJ?oc=5,Nutifood GrowPLUS+ giữ vững vị thế hàng đầu về sữa dinh dưỡng trẻ em  VnEconomy,Nutifood,"Nutifood, Nutifood doanh thu, sữa Nutifood"
Chủ tịch Chứng khoán Rồng Việt nói về mối quan hệ với Nutifood,2026-04-16,Znews,news.google.com,https://news.google.com/rss/articles/CBMinAFBVV95cUxNZmNCTHJ0b0oxVjZhazZ2dlo0OFhFbnMwNDFxb2xObXYwZ0Z0N0ozc3ROMVhzTFhOQS1vWVNfQlRLcmhteXJWZlc1Q3Z1UWpLYjhFUjViZnZjWUthZGhIRWo2Y1pHbDFOLThWcGdyOU9RN2Y4cUJRcjAtajU5NmdOZlE5dlRZLXJmWVJ5S2w3MTU4akNzUnBwVS1yX3g?oc=5,Chủ tịch Chứng khoán Rồng Việt nói về mối quan hệ với Nutifood  Znews,Nutifood,"Nutifood, Nutifood doanh thu"
"Sau cuộc tranh chấp thương hiệu với NutiFood, KIDO chính thức công bố bán toàn bộ 49% cổ phần tại công ty kem, định giá 5.100 tỷ",2025-10-16,CafeF,news.google.com,https://news.google.com/rss/articles/CBMi9wFBVV95cUxQSGVPZGRYVmozTkkxcjR0M3hxLVBWcU10SWpiX0pHa0lIVWlZOXNfaExRQVVEVVM3VDUzLXdNMmtsY1hLMmx4TFBUQUZjMkpuT1JDZS1UWFZNVXg2Y1RwUjl2bWpITDNPUVBlS04zVWhhZTFrczRZV2dHaTlhTUgzMXVrM3pjVHIwTFNhU1hkZnNCN3dPSUNJWUlLamlza1d2ekNUTjlHU0FXZnk4UGxiVXphTGVrcDdSa0s4SzlSRFN0TXY5NFZEMGRmMkFIOEQtNmp4eFpjVkVFSFp1LUt5QW80eU5VbXh6elpocUFVbnNpNDVzUlE4?oc=5,"Sau cuộc tranh chấp thương hiệu với NutiFood, KIDO chính thức công bố bán toàn bộ 49% cổ phần tại công ty kem, định giá 5.100 tỷ  CafeF",Nutifood,"Nutifood, Nutifood chiến dịch, Nutifood doanh thu, Nutifood quảng cáo"
Nutifood đồng hành tuyển bóng chuyền nữ TP HCM dự giải A1 quốc gia,2026-05-05,Báo Người Lao Động,news.google.com,https://news.google.com/rss/articles/CBMirAFBVV95cUxNOWxDYWRZa0hta3IxVlVYb213TmtVbGRST21Qb0pmbkY4ZTZHeUR6MEZZdTlEQUd5OTNkdmpjS1JnWnVvVl9OaVd2UjJCTll1NzZPMnJ3cVlpOHMzWFFoM3U3SnJ2cTBmbXo4VUlqaHkzcmg0amNOUnoyU0ktQzNnaEl1Z3UyZm1uRWlFOXJweFJfeXZQd1FlX0ZEeTRRQUlXRzlXNzJNTEJpQURN?oc=5,Nutifood đồng hành tuyển bóng chuyền nữ TP HCM dự giải A1 quốc gia  Báo Người Lao Động,Nutifood,Nutifood
"Nhóm Kido Foods, Nutifood trở thành cổ đông lớn tại Chứng khoán Rồng Việt",2026-01-28,Vietstock,news.google.com,https://news.google.com/rss/articles/CBMiuAFBVV95cUxPNDFvNTJxanB4djUySTRMaTVGWko3LXU1ZUJIVklNMVRRaEtsOFhtQW5QR214YzNUa1NzQ0VaQ2NOZFhxVkFSS1VQNndaZC02YW9VeThQN09EYVlQbDF4LXRuVHZZdDdBZzhvdnh6dk43SjYwbVdabDNUbmZienNJMHo1OFFYUFRnR1FGY3M5VThCNzJxWExCZnVnWXVNT1ROd3BRZ0FwNkNCQmJ1QlJ3MWoteUNyNnNo?oc=5,"Nhóm Kido Foods, Nutifood trở thành cổ đông lớn tại Chứng khoán Rồng Việt  Vietstock",Nutifood,Nutifood
"Công thức Nutifood FDI nhận bằng sáng chế từ USPTO Hoa Kỳ, khẳng định giá trị khoa học dinh dưỡng toàn cầu",2026-05-15,thethaovanhoa.vn,news.google.com,https://news.google.com/rss/articles/CBMi5wFBVV95cUxOVkQ5ZUd4MkV5Wl9oMDZiVnF2ZzRiRzNpZ0dHbGg4Wk13WHBGTmdacnUxVDEyX0Z6MWhDQXJ3RW1KSGs3S2RJR3l3R0pmMmtoandEc0JlcXl6S3gwR0ItV0xfRGU3LUZUbFhaVnROVmJEMTMxX3R4R1VncnhYTHBHWDh6ZmRsakUwME16Mk1MOWZJLUJITjdGQkF0cGNDWjI4b2VTVmJRV25QU0cxTUJEY0hlZHJlV3A0MDFlWHVUZGViZWppdFFyVVhhejY5Wm4wRUVFb3Z2YXBCWTFhd2tTRzhCZHprNmM?oc=5,"Công thức Nutifood FDI nhận bằng sáng chế từ USPTO Hoa Kỳ, khẳng định giá trị khoa học dinh dưỡng toàn cầu  thethaovanhoa.vn",Nutifood,Nutifood
"Công thức Nutifood FDI nhận bằng sáng chế từ uspto hoa kỳ, khẳng định giá trị khoa học dinh dưỡng toàn cầu",2026-05-15,Eva.vn,news.google.com,https://news.google.com/rss/articles/CBMi6gFBVV95cUxPVmQySnVISUFDVkN1V2VsYzdySDg4VkczeFpndlpaTHlGSndKOVAxYk5SdU9fSzJNWnlOa1lyLUdVMkxDT3BmWTE1RWxrVTFSN1BBZTlzNFRMcVlEc0l3TWN5S0lmQXBzc1pCdWg5QVNFSGxOampvZmg1T19DMTBZbnNJeXJVbXpRZFNad2hhcDZoZmUxSjU5eVNLbE82WG9oZTFxNmNGZHZQdnpGd1FhZlZqM1hlczZfSnhfank4SDNxODZEbXk5UzFHcURrS3dKQjkxa3hBNUh2WUUxN0loVTVWSWJnVjhtdHc?oc=5,"Công thức Nutifood FDI nhận bằng sáng chế từ uspto hoa kỳ, khẳng định giá trị khoa học dinh dưỡng toàn cầu  Eva.vn",Nutifood,Nutifood
Học viện Nutifood tuyển sinh khóa 4: Tìm kiếm thế hệ kế cận sau chiến tích châu Á,2026-02-06,Báo Lâm Đồng,news.google.com,https://news.google.com/rss/articles/CBMitAFBVV95cUxNeVdDbWhJRlgyZmw1WFU2My0yaWhyU1pzYUtmOWpfWUdfUTNwZG5FaXk5LTh5V0RGR2JtT1Jwemw4WkhJUFp2QTZELWE5VU9nNE5xVGVPNXltSE9yWXU0YjFTaUdWR1ZzSk5Pc2xELVdaNWpQS0tlelFnSHZSRDBRQmwxV2ZrZUtldWhDV0h1cFlRaTdCTjd6X2pPU2daN1IzNXFQaUczd21YU1NsVTNBSmpFZHI?oc=5,Học viện Nutifood tuyển sinh khóa 4: Tìm kiếm thế hệ kế cận sau chiến tích châu Á  Báo Lâm Đồng,Nutifood,"Nutifood, Nutifood chiến dịch"
Nutifood công bố thương hiệu dinh dưỡng quốc tế GippsNature,2025-11-10,Báo Thanh Niên,news.google.com,https://news.google.com/rss/articles/CBMipgFBVV95cUxNbTBjZGFVbmdsWE1oQjA0eGdzaEdRRUpDZkstUXMyUDZUTk5EWFdHYXFyQS14MHQ4TnlJdm5ucUFJN0dVSlo2LVlrUktzVjRPM3VlT25qYm5FQ0JkRG5Id2syM1p3SEdqbDBiczR4Zkl0MDktMkZVdERhTU9tOTFLMTM1aFlwVXRtQnNTOGpLVnpDSlp4M2xQcENvdGtLZlg3eFJ1bzRR?oc=5,Nutifood công bố thương hiệu dinh dưỡng quốc tế GippsNature  Báo Thanh Niên,Nutifood,"Nutifood, sữa Nutifood"
Công ty Cổ phần Thực phẩm Dinh dưỡng Nutifood hỗ trợ tỉnh Gia Lai 10 tỷ đồng khắc phục hậu quả bão số 13,2025-11-15,Báo Gia Lai điện tử,news.google.com,https://news.google.com/rss/articles/CBMi3gFBVV95cUxQYWR4RG1zdi1EaDZmZ1VQYy1SRUlNOEtuNTRRUC1qdTRGQmlGVFB0MURWdjhDYl8yNVpLN3VFVVk4ZUFZVFhmQW0tbFB4MHJjTktTUUFUcG90STFWNEVpS3J1UmRZc2FYMmxqbHhGQzlKS3hOSDRaNGtCNGVTaWp2bTg0dGR6WnB0TjVkaFdNT0tlNnQ3RjFuVnFqaUd1SDU4bTJlMVhKa1ZsNnBpTFpBdGNsQzVxMExRc3VYeEJKQ2YtdGFDT3B4WWFDX3hNd3ZPR2RsVkx4YTB6d1dMeEHSAdwBQVVfeXFMTmJhN0hIMWdwTWF3VHlKQlVqTFdneWhQM0pHZXRRZndhTVpNQk8yNlpIWkt6VFZXYVNSLW9Id3Z0MXVfTHhKRFhhLTFIWktOSHA0bjNjTXdDRkw1aGJfUTc4V2Q5YmZFdnFiNElwZzdza21pZzl3RjZWNzA4R3V1TVFyUWVuY1Z3QkNsakxlN0phNDdRaE83cm9JQTY2ZDZtc2NLNUFtWmozZlNFVkZOZXZkU0FGTkppNmpUY2w0RUtCbDladE9GSTR2bTFWaDUtV05pOFNyOEdHT2ZQUw?oc=5,Công ty Cổ phần Thực phẩm Dinh dưỡng Nutifood hỗ trợ tỉnh Gia Lai 10 tỷ đồng khắc phục hậu quả bão số 13  Báo Gia Lai điện tử,Nutifood,Nutifood
GippsNature và Nutifood Australia ghi dấu tại Taste of Australia 2026,2026-04-19,Báo điện tử VTC News,news.google.com,https://news.google.com/rss/articles/CBMipgFBVV95cUxNZ3JiOXhFWXY2ZDZPeUdjaVlmWnVCb3ZqOVQyN2wxLVNyZHZrWEg2UEszM3JoTFBXTnBUYzg1X25lVV9FVG9oYkxTTmVYY1JWa04ta205bE1RdXNHUVRGeXlfOGk1NUo5eUktZmJmX3ZsTW5nX254UHRjUHNYclBUMlU2TVcyQjgyZWptNXRZRnZ3ZkZvUWowS1hOclBMVTJVejducTdn?oc=5,GippsNature và Nutifood Australia ghi dấu tại Taste of Australia 2026  Báo điện tử VTC News,Nutifood,Nutifood
Nutifood trao 10 tỷ đồng hỗ trợ Gia Lai sau bão,2025-11-17,VnExpress,news.google.com,https://news.google.com/rss/articles/CBMiigFBVV95cUxPcklCN0ZJdWFBLU05X1llZG5hNGRrdUxjQkxlTWUzWm1Nd0x5ZWxPbjAza1BNemw2NGotZnpOSG1CdXdkTE0wQTBKYU5Zanp4Z3pBTDgyT25MSG9lMUlGZk92Z2tQLWxVLWFRLW1UNDIxcW9zb0FhVnFOalZoZVpIbHhMRWU1LW1Sc1E?oc=5,Nutifood trao 10 tỷ đồng hỗ trợ Gia Lai sau bão  VnExpress,Nutifood,Nutifood
Nhóm Kido Foods – Nutifood đầu tư gần 600 tỷ vào Chứng khoán Rồng Việt,2026-03-12,CafeF,news.google.com,https://news.google.com/rss/articles/CBMirAFBVV95cUxOZ2dFWTZyOFdZdDFnWGhyakU1YzFxVW8tN3hfZlJpMVYyRGx5YTE3V3d3d1EzVXZBNWN6eDRIMkZ4em9CSjB0ME1RV05Fd0pqcjVzNFFuUURUWDBZaVVhRWpVS2JhS3M2cDRNMXZKbFBJbFQ4bWFDbmtleGQ0VUEtV1RCM3U0dU9ka0dBY2xieUUxVi1LbkdsR2VFQjZSalozNVBwZGJBMUJvaGwx?oc=5,Nhóm Kido Foods – Nutifood đầu tư gần 600 tỷ vào Chứng khoán Rồng Việt  CafeF,Nutifood,Nutifood
Nutifood công bố nhà thầu lắp đặt kết cấu thép cầu đi bộ qua sông Sài Gòn,2025-08-26,Laodong.vn,news.google.com,https://news.google.com/rss/articles/CBMiuwFBVV95cUxNSGlxcnk0bkN3TGx6bjVkeDRCOWZfU3FVdFBoNmZqLVBFSFRTOTNWZ1Z5bXVBTVFLVmREV2hGRURicGRHTVhkd2I1d01OWG9QSTluR016QXA2TDZBVUFNb1BpZHlvY25RanV0aFpTRUkweEtfSGJvVk1WanVJanh2STZvMDZKalpLR2FCdXc1UnJwZGk3WTBscGkwNFhpak5EczQ5Ukx5eXF3UEw4eFZmYllwNDl0OGZzS1BJ?oc=5,Nutifood công bố nhà thầu lắp đặt kết cấu thép cầu đi bộ qua sông Sài Gòn  Laodong.vn,Nutifood,Nutifood
"Chiến lược Marketing của Nutifood: ""Big 4"" của ngành sữa Việt Nam",2025-10-27,MarketingAI,news.google.com,https://news.google.com/rss/articles/CBMinwFBVV95cUxNMGxaelZjRDA0UTlZSXdjUmszNHhNOUhBYUVVSE51WDE1Q1RoYTZVUVpPQVA2dFk3MTBvVVNpZzFDd3VCd2diZTV1NnoyNWhmVERFSG1RWjRfOUVFY1ktSWFyay1jNGt5ZGZTTy1ILUhPbDVZRnI0Q0Z3YU0yamtUN0t3ZDlQWHc2WFA2MUJmdVhabHJhV0F0UHh3dlRPWkk?oc=5,"Chiến lược Marketing của Nutifood: ""Big 4"" của ngành sữa Việt Nam  MarketingAI",Nutifood,"Nutifood chiến dịch, Nutifood doanh thu, Nutifood marketing, Nutifood quảng cáo, sữa Nutifood"
Nutifood và chiến lược chinh phục khách hàng ngành sữa,2024-01-18,Brands Vietnam,news.google.com,https://news.google.com/rss/articles/CBMiqgFBVV95cUxOR0JxSDBxRDI4S1A3TFNwMTMxN0M1SzFvRVRyUHZHUXYxbkVtRDRhcnpVcHlXLWZZaGtocnhpX24zcGs4QWxTX1YtT0pTdnBqQXgxZEU4TEh2NWFyRVAwYmJtUHM2OHJWX2l4V2FOSEo4NlhueVh4Z3EwNlBpTVM5U0Q1UWVTUVlVd2lHVHgyUFc2RGFaUHkycWtpY3NWeVR5bXl1TzNnYnV0dw?oc=5,Nutifood và chiến lược chinh phục khách hàng ngành sữa  Brands Vietnam,Nutifood,"Nutifood chiến dịch, Nutifood doanh thu, Nutifood marketing, Nutifood quảng cáo, sữa Nutifood"
“Phù thuỷ marketing” Trần Bảo Minh tung chiêu mới với NutiFood: Tạo mô hình “ngôi nhà dinh dưỡng” có bác sĩ và chuyên gia dinh dưỡng tư vấn thăm khám trực tiếp,2021-12-11,Doanh nghiệp và Tiếp thị,news.google.com,https://news.google.com/rss/articles/CBMisAJBVV95cUxNb0xVZzNmaXNZLURnWjU3eUdFNzBNS3FTVHR0c0tyeUkxMEszdzdOenN4WnQ2Qm1LS2hOakZEekRkOVVUcDNjZ204SFpFV3piNGo1SnM5N1BaYS1tRFpiN3pIb3Z2WEY5V3dMVU1ZVEp1UE5nRUFFaUxYYjl5SmZuM3FCdnBpN19NdG1DdHNrZU1oVzRFaGlma1U3NzB3T0hNMW9IUXJsaFVFWGd6dlhNcFpPWnhEMXd6YXR2VEoxTHRObVVzZlZDclhXOVdBR0JkUndBLXUtMkM5Ny1nZERYdWpNWTJxSVZ1S3Fsal9nWnNGdnplRWQtMHlubC1XNmNaWUp6aVYzbmJ4SFhjS20zWkJjdkplR1pXcU5DOUtRQUEwZGtSMFlNVnZNbVNtR1lv?oc=5,“Phù thuỷ marketing” Trần Bảo Minh tung chiêu mới với NutiFood: Tạo mô hình “ngôi nhà dinh dưỡng” có bác sĩ và chuyên gia dinh dưỡng tư vấn thăm khám trực tiếp  Doanh nghiệp và Tiếp thị,Nutifood,Nutifood marketing
"VNM: Vững ngôi vua hơn 600 cửa hàng, á vương TH Milk có 300, Nutifood có làm nên chuyện nhờ phù thủy marketing? - Chi tiết bài viết",2024-07-30,Vietcap Trading,news.google.com,https://news.google.com/rss/articles/CBMi7wFBVV95cUxPYlZpZFhxMTJJY09FOHNkZ3dtZXlSbnVPSWFYZk5OMC1MdjBNdDB5SXRBbUFheFQ1U3FDOTVQYllNOEJ1Skc1VGd5UERsUFJXdVptQWlKeGl3Tk5feGd6ZFFJU0JrQjlGTlc1YWEzS2d5WndOU0lVcVBYQ0x3N2VKLU83WkdMb1lISzBnN0ZzQVlWYzZ4ZHd5WGNHUjhaVjlwQkxEaUNfRUZ2RUg3Z3N5VkU5SlZxWS1sTHZIS3NMZC1tVndkMWY5aWJseE9LdlZfdUFvMVNhWUdIV2FyY1lFTXVCUTNfZndkWG5VcDB1dw?oc=5,"VNM: Vững ngôi vua hơn 600 cửa hàng, á vương TH Milk có 300, Nutifood có làm nên chuyện nhờ phù thủy marketing? - Chi tiết bài viết  Vietcap Trading",Nutifood,Nutifood marketing
Sếp Nutifood nói về hành trình chuyển đổi số: Mất 2 năm trả học phí và sẽ chi 40% tổng chi phí marketing trên nền tảng digital,2018-08-25,CafeF,news.google.com,https://news.google.com/rss/articles/CBMi9gFBVV95cUxOVm5UdDB4d2drSTJudndtTEx4MGFlcE5WM1dfb1I4ZnFfVXNDLXg2OFhFczlSTHBuN3B1QW9wSnhCTWl5d2hhSWRPWWQzbmpoOUg1X1JvMkE5eEtEb1FtaW1QcVZMYXRiWExsaHhmY0YxQ2JlWWJ2ZlBqbks4X2g0dnJrVzZGZkVRbEVYUm1RMlY1eGVjTGN3MzA5aEpxZW8yN3ZrdWpkM3p6RUJUb3dLa3pvNWNwQ3dERlJGMWs2dHRGMk9MTHlrMGxVeW5Wb05Jd3BNdm5SSnZhaUVzcENpODhKNUZ3WGlkcmFIMGVzMmVRcXZ3b1E?oc=5,Sếp Nutifood nói về hành trình chuyển đổi số: Mất 2 năm trả học phí và sẽ chi 40% tổng chi phí marketing trên nền tảng digital  CafeF,Nutifood,Nutifood marketing
Chiến lược Marketing Đột phá của Nutifood: Từ Thương hiệu Nông thôn đến Nhà lãnh đạo Thị trường Sữa,2024-06-30,quangcaodantri.vn,news.google.com,https://news.google.com/rss/articles/CBMiwgFBVV95cUxPWUd5UDE5aGd3MnJ5X2k2b3NuRG5hdlVHeWRERWlyVEwwcnZyaUVpbnNzQnZ1UmtHYndsdkk5TV9mYl9MeTNDYy0zaDVqMmU4czRKYVJNUUFXR29sZTY0NXNQckdVWi1GTE96MkFWQ3ZiTXFFVlByd2RUUHFrbXpuN0ZxdERaTjlfUXRGUFYyWUwzU1RISjdBTGdGcTBwT2hfQWZUcnQyNENPQy1NUWx1TE1IZzBxVDZVWUFpU0x4MkwxQQ?oc=5,Chiến lược Marketing Đột phá của Nutifood: Từ Thương hiệu Nông thôn đến Nhà lãnh đạo Thị trường Sữa  quangcaodantri.vn,Nutifood,Nutifood marketing
"Từ việc NutiFood “xách cặp” đi học digital đến chuyện làm marketing, thương hiệu trên nền tảng số của doanh nghiệp Việt",2018-08-27,CafeBiz,news.google.com,https://news.google.com/rss/articles/CBMi7gFBVV95cUxOcDU4SzVKbllGZFI2THp5bVNUNndZRDBkY21ZTTZ3UzBkODVvUVZKeFBLcWlMczk5OFp2RVFZQlNuaEhaZWJyQW9BUTBfZGpxM1ZjUWRaakF4YU8zRnNHOV9sNWRhcjJnTUcwNU16MjdVanNRRjRXWUE4eXZhTU4xLW5FWjgtamdydkVVTmk5aG1SX1o1NjVBb3Nwbms0c2YxcmM3ZTA4WU9aMXdhcl96Z0szdkU3bjhlV1RwbnppeW5pVGRPNjdkbUhLMUlzdWVGSTVGU1ljZGlWQ3pzbkVHWlpOSGlzY01pREdNTTNn?oc=5,"Từ việc NutiFood “xách cặp” đi học digital đến chuyện làm marketing, thương hiệu trên nền tảng số của doanh nghiệp Việt  CafeBiz",Nutifood,"Nutifood chiến dịch, Nutifood marketing"
Người hùng NutiFood với dấu ấn marketing 3.0,2013-12-24,Brands Vietnam,news.google.com,https://news.google.com/rss/articles/CBMihgFBVV95cUxOc0otSXF0YUZHaXN6blFwTldnWGM4OFBfU2syNlNHN1ZaREx4Mmhjc2ZUQ29NZnFGdXNnOTUwNGtwWnp4WjhiaUxaZEd1VDdoLUl3cThMUlJKOXpZZEhSLTM2czV1cmlpZ0NiTzFkNjRvSDhoRjkwZFkwNkVwOHNtb3o5anhlQQ?oc=5,Người hùng NutiFood với dấu ấn marketing 3.0  Brands Vietnam,Nutifood,"Nutifood chiến dịch, Nutifood marketing"
"Nhập 3.300 con bò thuần Mỹ, tung tiền tỷ xây NuVi World để lấn sân mảng sữa nước, NutiFood đang đặt kỳ vọng lớn vào ""phù thuỷ"" marketing Trần Bảo Minh?",2021-11-11,CafeF,news.google.com,https://news.google.com/rss/articles/CBMikgJBVV95cUxOX2tCbzBrTEtiUGlFNkcyNG5xR19QRzdQR3MxUHQtYloxMzE5UzFuMGU0cmRiQ09EMndlcnNlNDdNOUJKbTFrcFJvVTlQVnJuMzlPcmJpVzlFaGFkVEdsQVZJMUhOa25MQjl1ZURLSkpqQVdwano4WGp1d1pBMWs5S1NCel9IWkxyeDFtbDZtanc3ckFuR3NZa2NOUTlLLXp5Y2NQRkh5M0oxMnFBM3g5aHFRTjU2empqVktsVDdMWUdYVWxQOWwwSER5d0VFb3RHRE9YQkZQNWx1UGRJcHk1VG93VkIzLUEtMTdTMW84R3ZGMVNJb1liYWhnbFQ5Y2FaZl9vX2JHanY2NVVFOGdnUEpB?oc=5,"Nhập 3.300 con bò thuần Mỹ, tung tiền tỷ xây NuVi World để lấn sân mảng sữa nước, NutiFood đang đặt kỳ vọng lớn vào ""phù thuỷ"" marketing Trần Bảo Minh?  CafeF",Nutifood,"Nutifood chiến dịch, Nutifood marketing"
"Ads Station W43/2025: Motorola “xin chào” Việt Nam, chuỗi quảng cáo theo thời tiết của Lavie, Nutifood GrowPlus hợp tác cùng bộ 4 anh trai",2025-10-30,Brands Vietnam,news.google.com,https://news.google.com/rss/articles/CBMinwFBVV95cUxQeUkzZUFrMmd2VjRYcGlWQWp1X2ZYN0RrS2NxSHNvYVg4VUt3VEhVN0pRM20zNWtGWjFCSVN6aEY3SnJKZXZUWkROOXNEMnpPN0F5cEl5V3lmYVBkV2MyOHJfdzlFTWl2SXpwekZBRTdCUkpKaUpMXzhjR090bU9PQ1R5UnBHTEN3SUNaRjljSW5rMTRzQ0hJemlTZHVEYUk?oc=5,"Ads Station W43/2025: Motorola “xin chào” Việt Nam, chuỗi quảng cáo theo thời tiết của Lavie, Nutifood GrowPlus hợp tác cùng bộ 4 anh trai  Brands Vietnam",Nutifood,Nutifood quảng cáo
"Chân dung ""phù thuỷ marketing"" hàng đầu Việt Nam: Từ nhân viên bán dầu nhớt đến người đứng đầu chiến lược tại Unilever, Pepsi, Masan, FPT, Nutifood, Viettel…",2021-10-22,CafeBiz,news.google.com,https://news.google.com/rss/articles/CBMiowJBVV95cUxNaXd1TjJRdUxoYVdZQXk0aFpwSFNvbDRFcVNxbHQ4ZlJtSmo0eDZmVzdscFg0Q0VoU0tPbG9MXzNMZDZYUkRCRUxubEpSQVlOVHdmT1RWTDBzRDRVblYxdDRqUVZpOG5QbmZDTndlOW12RWItUWEySEx1enp0cDFBbEJkZzR3WnJzb2NXX2pTT2t2cEFqdW1kOFAxbEE5N0FKZlI3aVBuakJwbDZxcWptc2hEVDZES21UYmg2VzRMandrWnl3eExKVXVkV1o4S0RVLW1CeXg4WnhqSVZpX0FpcWFjckd4SVNRVHE4a1JoVWtPRk5UZm9HMjdtN0dKblc3T3dJdGlpMUFtbDlKazFQQWxRQXFaaGVTV2RaczhSSEM4dHc?oc=5,"Chân dung ""phù thuỷ marketing"" hàng đầu Việt Nam: Từ nhân viên bán dầu nhớt đến người đứng đầu chiến lược tại Unilever, Pepsi, Masan, FPT, Nutifood, Viettel…  CafeBiz",Nutifood,Nutifood marketing
"4 chiến dịch nổi bật tuần qua: MONO, ISAAC khuấy động đại tiệc âm nhạc KFC Zestival, Nutifood và Anh Tú Atus hợp tác trong hành trình xây dựng đề kháng khoẻ cho bé",2025-07-24,Advertising Vietnam,news.google.com,https://news.google.com/rss/articles/CBMirwJBVV95cUxQNUpMZEQwMHg1X05qZFVscTdJY0Y2ZmJSMHgxWTJuNXIwWGhpM0JyelEyR2kxTDVmbnBobXdRbGlKalBibm4wSEdibHNYcFZHdXZyc2EzRjg2TVMzalNkTWtlVTlKWmxZeVMwQm5VM3pIRGpBSkRpSkpqU0plT3dXbDBsaHctNUJnZjgwcm9kYjlNcUNpbmNjbzljRFZXVWNxR0l3UU1kUDU4dzdUWllYYnI0c3lSQW1FeDAwM0pNdi1nclM0OUVfWi1uQi1vRlp1UEw5MHVJbnhZQUhZaTl6T0ZybjJqWnh5eEkwZXNXaU9fN3hFNzFySzEyYURLVkFvSHA4T1NjQi1HaHZNQy15cUt5dW9vSVNzZU1Mdy1tMm5jODNER2pWM09lV2h2Zlk?oc=5,"4 chiến dịch nổi bật tuần qua: MONO, ISAAC khuấy động đại tiệc âm nhạc KFC Zestival, Nutifood và Anh Tú Atus hợp tác trong hành trình xây dựng đề kháng khoẻ cho bé  Advertising Vietnam",Nutifood,"Nutifood chiến dịch, Nutifood quảng cáo"
Những “va đập” theo thời gian của Nutifood: Từ sự cố sữa học đường đến các phản ánh chất lượng và áp lực niềm tin,2026-04-13,thuonghieusanpham.vn,news.google.com,https://news.google.com/rss/articles/CBMi1gFBVV95cUxQdGlTQ1FzWWw3OURpVHAtZWdxcjZzRkc2bVBWbnNvR1VGUnVqWU14LWJiWHk3LVBsMENSZTU0WHQ0bTF1UVA0UFprWWY4UEhGaWlNTGdUSV9Pekc2QmR5MEhKQV85eldpV2tKdU9LLTdTREJMNlBQNjNUelctSHdZTVZfazZPTHkyeWNfRU54bE1QMzJkTFBSMGFkN2pzZmFuNFZLRUgwUm11NVhqblVOVkFCQnR4djNhbm1CVGZIZ0pVdDJRYW9vZDVKbVVBNFRfdVZIR3Z3?oc=5,Những “va đập” theo thời gian của Nutifood: Từ sự cố sữa học đường đến các phản ánh chất lượng và áp lực niềm tin  thuonghieusanpham.vn,Nutifood,"Nutifood quảng cáo, sữa Nutifood"
Nutifood ghi dấu ấn quốc tế với bằng sáng chế Hoa Kỳ cho công thức FDI,2026-05-29,MSN,news.google.com,https://news.google.com/rss/articles/CBMirAJBVV95cUxOM1NFZ2JCUnRTdVRRdTRBLWNOWWJLbkRqOXkzSzgtTHJORnRVOU94aTJQM0VwUWdSQjNjaWRNWmZRS244S1E3NTlsSUhuUWxhX2l3TE9hMXAzMHBiWThJYmt0bEpHYm5Ndk1iSkpNTFpTcnNNSjZpVXUyVVJJeXdVY0xKeUVIeU9jTW5GVm5CelQyT25uaFlxdEw2bk9Bak9fTmJpeGVrVk9LUkE4SS1NWm9nb3dlclA4RjFwV0gwR2lFWnltdXhTWm5DYzhHdVR6elp2MWdOa3hEaDVtLUJQMnlBVEk2dlZ0dHo0a0ptZ0puemhGX1FmNnBVaVZJNmJQclZEY1c2NzFPbjNGZDFOV2VDY0oway1QbGEwZkRnQVFpRGthTHhPZ2FKakY?oc=5,Nutifood ghi dấu ấn quốc tế với bằng sáng chế Hoa Kỳ cho công thức FDI  MSN,Nutifood,Nutifood quảng cáo
"""Khát vọng kép"" của Nutifood: Khi lý tưởng dân tộc song hành với tầm nhìn toàn cầu",2025-10-20,reatimes.vn,news.google.com,https://news.google.com/rss/articles/CBMivwFBVV95cUxOdjhMNDQ5bnFNUkt2MmJRYnMzMzlySFJMb1JrLTFJOW5PSnItOTRaYWk5SGYwQlpVZUgxb3B0NVZhR2xUbzdDeUlWLWpBZjBmMWpRNHJxU21DQUNUSDlBakQ1SFM2eF9xTUtTSE85Q0ZBeDVkLTY5Z05kQ3ZEM1R2RnJOaGFMZk05ckRrU0ZjbXNvQ2tyc1RVMEJpSW5JLXhtZlF4RHd4aE1DaW9sUW90cXlOVWd6MHhBa1o4WkY1SQ?oc=5,"""Khát vọng kép"" của Nutifood: Khi lý tưởng dân tộc song hành với tầm nhìn toàn cầu  reatimes.vn",Nutifood,"Nutifood quảng cáo, sữa Nutifood"
"Nutifood đổi tên, gỡ quảng cáo sản phẩm sữa tươi trái cây tươi sau phản ánh vi phạm",2024-03-11,kinhtemoitruong.vn,news.google.com,https://news.google.com/rss/articles/CBMivAFBVV95cUxNTmxkTGpId0xOLU94TXoyenZNbHdOaDJIaHIyQmkzMUxZX0NydEVIVmZ6d1hUdzcyT3BWV19fRVpJQWRPT2FXVGJuUU0yYmEtS29pTG5waEpmcGpsRHBYX0R4NzJ4YVdrSkpUV1FQVkJIZ3JlSVFjSFE5N3Uzc1RmWDAzcjM4cEFTRlN1S0lGLUQ0Vm5kV3JxZi1VSnJYX1NqNzc3NmNIREVINzBFOHUzTG11U1VmOUItcmNPaw?oc=5,"Nutifood đổi tên, gỡ quảng cáo sản phẩm sữa tươi trái cây tươi sau phản ánh vi phạm  kinhtemoitruong.vn",Nutifood,Nutifood quảng cáo
Nutifood tiên phong triển khai máy bán kem tự động,2025-08-11,Báo Pháp Luật Việt Nam,news.google.com,https://news.google.com/rss/articles/CBMihAFBVV95cUxNRFprY2R2RVF6V0hOZmdMMkRtb3JNb3RHOVFTbjN4aHhsaHQ1RE15NGRONHVXWHNuWFVhalYzb0RINzF4MnN6LVVDcHROWEpKYVY3ZjcyNkVtRjJza1AwZmJ0VDVxSEZTWkFLT1RfMEdDNTNocG9lcURsbC1OdFpnVzRWZFQ?oc=5,Nutifood tiên phong triển khai máy bán kem tự động  Báo Pháp Luật Việt Nam,Nutifood,Nutifood quảng cáo
"GippsNature và Nutifood Australia tham gia Taste of Australia 2026, khẳng định vị thế ""chuẩn Úc”",2026-04-19,Tin tức 24h,news.google.com,https://news.google.com/rss/articles/CBMi5gFBVV95cUxOR052SGduR3Bkc3JSUUFhTTZwd2pIZ3hiazgtRjVraF93b0hpLWRRY3MwcjdLWVhPbTN1VjdwQzhzdVJZWEJsRkI1VkpyX3d3cldvaEtkbVlXam11b0ZwZVlUdWlNckFaTW1keEJfSktJR3BvV29OVjd1YlZMS0hmTGs1alJMUnp3OEVtWUdSZUVZWi03Wkw2eTBwN3lNVmd3MkRLb0Z5ZHZnQ3lRdmQzZC1Idm12MmtOMDEtYWxSMm5yTWlPZE14TV90UWVwOXNFSFJhQW9oR3FxVnMzRkpIRGlSYWpRdw?oc=5,"GippsNature và Nutifood Australia tham gia Taste of Australia 2026, khẳng định vị thế ""chuẩn Úc”  Tin tức 24h",Nutifood,Nutifood quảng cáo
"Khủng hoảng truyền thông của Nutifood - nghi ngờ nhỏ, sự vụ to",2024-10-08,MISA.VN,news.google.com,https://news.google.com/rss/articles/CBMidEFVX3lxTFB0SVBydF8tRjEzZFpKYmRKcHNGUEdzZXFPdTNmc195UHdNVzNHZHEtanB3bEY5blBOcmk5VnJoSU9qcFhReEZVd3RTOUZiM2xrY1FoLWlxU2trT0lBY3ZkTFBEeXUtN3BEQXBtbDJxX0trUVUt?oc=5,"Khủng hoảng truyền thông của Nutifood - nghi ngờ nhỏ, sự vụ to  MISA.VN",Nutifood,"Nutifood chiến dịch, Nutifood doanh thu, Nutifood quảng cáo"
TVC Nutifood GrowPLUS+ Suy Dinh Dưỡng: Team Bé Tấn – Thể trạng tấn tới,2025-11-24,Brands Vietnam,news.google.com,https://news.google.com/rss/articles/CBMifEFVX3lxTE1kNnlUZUszOFV5ZncxeEhGR2F1ODlPQUExd0stMXVySXpoNjVSS0psOWtRQ0U4dl9XWkFZejg1OHhLeEFfTVZzeS03YW9vZXlKZFdlTEZzQnlhNzFrMFRkZTVwZWNnRUFxdkNBTjZkbzExbUlYcGtLLVVnM0w?oc=5,TVC Nutifood GrowPLUS+ Suy Dinh Dưỡng: Team Bé Tấn – Thể trạng tấn tới  Brands Vietnam,Nutifood,Nutifood quảng cáo
Nutifood tài trợ hơn 1.000 tỉ đồng xây dựng cầu đi bộ bắc qua sông Sài Gòn,2023-11-23,Báo Thanh Niên,news.google.com,https://news.google.com/rss/articles/CBMiuAFBVV95cUxPcHAwMl9PeWFRSG5TYWxrVk91LTZJRFByVWVNaDlHZUJuNm05NXFYbzdRbmllNVhfZDlsQWVPUndSdUMwOEwya0Y1dk5pRmxGa2phUXUyV19YZmw3Z3M5R0EwZGNJY2ZpM0JSbFJiNG81S0FrdFhoOHZkUzJ6a0FUcktyZjlLN1NZMU12bVp2bWxmNXp0OXMwQkcwdDdjZTJWYWRUT1FrdmdJS01ibUo4U3lzZHlVdUZj?oc=5,Nutifood tài trợ hơn 1.000 tỉ đồng xây dựng cầu đi bộ bắc qua sông Sài Gòn  Báo Thanh Niên,Nutifood,Nutifood quảng cáo
Nutifood: Sản phẩm gắn mác sữa trái cây bị tố vi phạm nhãn hàng hóa,2024-02-20,Tạp chí Doanh nghiệp & Đầu tư,news.google.com,https://news.google.com/rss/articles/CBMiswFBVV95cUxOV1IzalNRQkNpS1NGZm1uYXZoTnd2OHNoOUk5WTZZNlFsd2xDMXNyZWNXcjl2bF9ManRjMmtwNWpUX0s4NTNURkpWRjQ2TG44RnpVUUxRRzJ6ZHM1ZHpsZURzTjVoSDdlajYxVWN0MEw2TnRFTXBWUi1EcG00aU5vcW15Vmpud0Viekh5VURrNVZtRzl2dURzRU1ORkhrbDE4RWxTMThVZE53M2tScEhHa21qcw?oc=5,Nutifood: Sản phẩm gắn mác sữa trái cây bị tố vi phạm nhãn hàng hóa  Tạp chí Doanh nghiệp & Đầu tư,Nutifood,Nutifood quảng cáo
Cách Nutifood gây dựng niềm tin tiêu dùng qua 25 năm,2025-05-19,VnExpress,news.google.com,https://news.google.com/rss/articles/CBMikAFBVV95cUxOWHZydXNzMzJvODQzNnVQbUdXdHh2MDZXckV3WDlTakthZlVwdDB3M3R1QzlDbGNmb3RUa0J1TXFSTU51NWQtdDkxRk05blhoNE84anNBR2dIb0hoNVp3MDZUOU9XZFFJNmowWkRoZUlrMlU5bVlraU5wbWYxYlVLYTAwc0hqQktXZTJ1SGYtNTc?oc=5,Cách Nutifood gây dựng niềm tin tiêu dùng qua 25 năm  VnExpress,Nutifood,"Nutifood chiến dịch, Nutifood doanh thu, Nutifood quảng cáo, sữa Nutifood"
Công ty Nutifood nêu lý do tài trợ 1.000 tỉ đồng xây cầu đi bộ qua sông Sài Gòn,2023-11-23,Báo Người Lao Động,news.google.com,https://news.google.com/rss/articles/CBMixgFBVV95cUxNQ085LWxURGxtNm9xNlk2MlNMU0RDZEpZWXBkaUZ1WktQd2IydktOWUdoRUEyeWJCSGswemI1UnJCZDZRenVSSFVOdHlVWC04dXU0NVBHR3NXNFJrNk1XdzVDbVV3ZXNKMFpzTndkczk0eVVhRVprYzNRdjBDQTM4eWVOM1BDTy12ZktGd3lEUnlhaE5vY2dhWEdkSXRoNUFnUFA0Q1hBNFhfNnlSNGplMUtxRm5ZUVg3bUtqaWRmanI4MXB3d3c?oc=5,Công ty Nutifood nêu lý do tài trợ 1.000 tỉ đồng xây cầu đi bộ qua sông Sài Gòn  Báo Người Lao Động,Nutifood,Nutifood quảng cáo
Nutifood tăng đầu tư thêm 6.000 tỉ đồng mở rộng trang trại và nhà máy tại Gia Lai,2025-08-29,Laodong.vn,news.google.com,https://news.google.com/rss/articles/CBMizwFBVV95cUxNaFo5QUNiR3k0LXV0RFpnUmVNblhJek9XTnFOTy05ZUx1R0h4ck10LTQwUGs5T3ZubHc1VmZWVzlwbTFRaWlNbjUxaXRFaDlRSlhUVVpFaHhONUQ5dWgyQWdyV3ZVbVNLSkJsbVNFUU1BbkFrQ0E5bHRMWERWYzR5TEJrQUV4RGJKb3QtQmtRdGVPTXZuRGxnbUNpbmUxVGJYRk14Y1NCTXVLRG1qSk4wVm1HSkJHY01aVkdrZzN5cnNfLUhrV0RtUG9WN09EbW8?oc=5,Nutifood tăng đầu tư thêm 6.000 tỉ đồng mở rộng trang trại và nhà máy tại Gia Lai  Laodong.vn,Nutifood,Nutifood quảng cáo
"Brands Updates W34/2022: Nutifood dần thâu tóm công ty mẹ Vinasoy, Masan tiếp tục rót vốn vào Phúc Long",2022-08-30,Brands Vietnam,news.google.com,https://news.google.com/rss/articles/CBMi6AFBVV95cUxQWGFsWWgxZmtERUtYR3pRWDJwVUcwNzlraURNMXRsUEFraDAxRERRUHB0OHkwU3pwcjFMeFl2X1o5YlVNaDlaVVlLNVVhY3NmQXpTV1JQMldiNHJIbE1vdnZRek5IQWY0alVqN3hMWkNnMm1qVFJkalctcjBiYkVIOWloa3NzUFd4SVVzYUFtNW1qNG1mVjh5aXJ0SjNVRG5XaWlVT2pxZHBYUDNWamdGODJ5RkFQQmVISFI2Y1hwX1ZfdjBIRUNSeTNyTXNrLWt4a1FxMzFGcFFvU0ludjF4bzhEQ3JiTWh4?oc=5,"Brands Updates W34/2022: Nutifood dần thâu tóm công ty mẹ Vinasoy, Masan tiếp tục rót vốn vào Phúc Long  Brands Vietnam",Nutifood,Nutifood quảng cáo
Nutifood ‘chào sân’ dòng nước giải khát bổ dưỡng mới,2021-12-20,Báo VietNamNet,news.google.com,https://news.google.com/rss/articles/CBMijAFBVV95cUxQNllYbS1qVmdSRmJ5SmhCN1l1SEMtakxIZ3JHZ3dsOFI3bEpTRUFZNURSQXlqeGN2VkJ6STQtYUNyUFFmZWw4TUNtdzlCTm9vQkJQWnBXMXBPWmRITXk2SmliUzBsbkFHclMxaXBMOVRuaURhci1UMS1wczZ5U1lvV0kxemVHSGdTcUZCNQ?oc=5,Nutifood ‘chào sân’ dòng nước giải khát bổ dưỡng mới  Báo VietNamNet,Nutifood,Nutifood quảng cáo
Nutifood khởi công dự án xây dựng cầu đi bộ qua sông Sài Gòn,2025-03-31,Báo Pháp Luật Việt Nam,news.google.com,https://news.google.com/rss/articles/CBMioAFBVV95cUxNYzBTbTZRcVM3X0hBWmd2WTBKbmhUMEtvYmFKaC1vanBncWZkREdvWjJSNFpUaklPVzhlQk9zcWNTeEswaUMydFRkQVFMQmVZdXM4SVRmUWZSVmZOZ3I1eEt5cFNuTWlGaDBjYURnMFR5Z0ZRVnhyZmFUTlNrRFJweUdLRVZuWXVCcUZZMXRBS3dpX21Ickh6ZnpsVUxtNGhK?oc=5,Nutifood khởi công dự án xây dựng cầu đi bộ qua sông Sài Gòn  Báo Pháp Luật Việt Nam,Nutifood,Nutifood quảng cáo
Nutifood đứng đầu doanh số sữa bột pha sẵn trẻ em tại Việt Nam,2024-08-22,Báo Tuổi Trẻ Thủ Đô,news.google.com,https://news.google.com/rss/articles/CBMinwFBVV95cUxONEI0TFlRbHNjaURzM2pZenRReUhuUjlzTEx5UEc4NE9LZHRhM0NtaVdqUjBjSGRRbF8tRUZ5YWdxTTd2ay1MWmJJM3RNS3M5Nmd3OWRCVDB2ODQ5c2drVU91TWkyNWJRdGVvRGdVYWlTam1Db2pRR1Fmd2lZajNsdXpJQ2tIcFk2ZjcxaUc3U2VFcHhZSWpkZjZFOHp1Q2s?oc=5,Nutifood đứng đầu doanh số sữa bột pha sẵn trẻ em tại Việt Nam  Báo Tuổi Trẻ Thủ Đô,Nutifood,"Nutifood doanh thu, Nutifood quảng cáo"
Nhóm Nutifood nắm gần 25% vốn Chứng khoán Rồng Việt,2026-03-19,Nhadautu.vn,news.google.com,https://news.google.com/rss/articles/CBMiiwFBVV95cUxQWi1fVW14cVVuRHREM0dlbTJsV3IwOWQzZ3pXNTkzYWl1RVo3Y1ZYbHBmdzczb3JzMlVLY3ptSFJHVC1GVzNWNnRkdmJSRWNDZEJWVnV3VXBXVjk5cEZ3THZEY2UwRUlxMlFiblI5cnNSVnI4V1NlQVdhenRpUXc4bW9Eem1MMDFJNHQ0?oc=5,Nhóm Nutifood nắm gần 25% vốn Chứng khoán Rồng Việt  Nhadautu.vn,Nutifood,Nutifood quảng cáo
Loạt hoạt động ghi dấu ấn Nutifood sau 25 năm,2025-06-13,VnExpress,news.google.com,https://news.google.com/rss/articles/CBMihwFBVV95cUxQemxNU0pyT19TU3Y3U3pTQnlfTkVSdlZqdk9WVTR5M190WnNNYkZySFNTZ2hFbnYyb3kxVGpoalFUVXZxRUwxeE13ZU4xaHlna1N4YmRTMHJNeDVaYVJZUUxYUHQzcHp5RnVIbTRyYXBMZ01wMmxqTnM5MFhteTY5Mnk3bWFoNGM?oc=5,Loạt hoạt động ghi dấu ấn Nutifood sau 25 năm  VnExpress,Nutifood,"Nutifood chiến dịch, Nutifood quảng cáo, sữa Nutifood"
Nutifood đăng ký khởi công cầu đi bộ qua sông Sài Gòn vào ngày 26-4,2025-01-15,Báo Tuổi Trẻ,news.google.com,https://news.google.com/rss/articles/CBMirAFBVV95cUxPS042aFJsLW9GVnZ6Nklqd19DUjR6SFZvdjY5RC03bVVpbnh2RXhzT21CdG9QTjdNaldwZ09URGQ2QlVqdVM1MTJzRTlYRDU4SkwtdzV3UWNIcWttUjlhT2phQ19nTkRaNDZSNFFDdUNLcmFBXzIycmo1TFppRERoa1dSNnBKbTFpMUtXZHJ0TmlVY1FadEszeUxyMGxPWUxHREpKS09EWG9OTUdZ?oc=5,Nutifood đăng ký khởi công cầu đi bộ qua sông Sài Gòn vào ngày 26-4  Báo Tuổi Trẻ,Nutifood,Nutifood quảng cáo
Thương vụ M&A nghìn tỷ của Nutifood và KIDO Foods chưa “thuận buồm xuôi gió”,2025-01-07,Brands Vietnam,news.google.com,https://news.google.com/rss/articles/CBMirwFBVV95cUxOeTJuZnh5OElMVkRwQTdkZEdQd0lBSlhnU0V2THZOR1QtSU5UUzRGalJqQWFIY1lPNnNodDdvX01YRnlDX3IwMDVvRzEwQXQ3NnFyOFhYaUVRck5UeHMxbDJWWF9fb2RDS01SNXJYZWVwNTlZSFVFd0VkY0tEbUZ5anA4WVRrVVAtOU4zaFhnUmJLdkRubzJjR0J0VGlmVHlkRFcyN0xUUWllYTlydjRv?oc=5,Thương vụ M&A nghìn tỷ của Nutifood và KIDO Foods chưa “thuận buồm xuôi gió”  Brands Vietnam,Nutifood,Nutifood quảng cáo
Nutifood và Lera Việt Nam bị nêu tên vì dấu hiệu cạnh tranh không lành mạnh trong kinh doanh sữa non,2024-09-30,VietQ.vn,news.google.com,https://news.google.com/rss/articles/CBMipwFBVV95cUxQb0x1bVFXbTFZSkxvR1lQMGw5NlBRUkltcXJYT0pCTjY2QXJvakllYTl0VEpCTllvSnBtb2VjTUxQQ1FrYU5zdkpreGNBaDFJRjV0dXFDTmZBVmxHakpFbk4wZzUzSE9qMnI1R21Kc3FhbTdFUEdoNGt1MUJ3dTZoYzVSQXNUeFc0TGVRbUdhRzJuc0hOcDlKZnl2QWVBYnNhdHg0a0FPUQ?oc=5,Nutifood và Lera Việt Nam bị nêu tên vì dấu hiệu cạnh tranh không lành mạnh trong kinh doanh sữa non  VietQ.vn,Nutifood,Nutifood quảng cáo
Nutifood đề xuất khởi công cầu đi bộ qua sông Sài Gòn sớm hơn một tháng,2025-02-05,Báo Tuổi Trẻ,news.google.com,https://news.google.com/rss/articles/CBMisgFBVV95cUxQZExyVkdYZWRwWGJHc0xzTERNOW5EY2x0S3hhOVAybHhWblRsZnlTYTZQZElsb05sVi1JTXZMZ2ZXZlAzQW16MDZ3bk5FeWtPTk45UEljMW9Fd2lhYmRHaHlpdm1ETFdSaUxPM2psb2puQVhCQ0lqQi1sTkoweEJaV2VkeG43QlhkRnVvQUx2Z1U5dEtBaUN2UWlHUzVzRUo4NFRxdm8zdkVYMkVqeGhyOXJ3?oc=5,Nutifood đề xuất khởi công cầu đi bộ qua sông Sài Gòn sớm hơn một tháng  Báo Tuổi Trẻ,Nutifood,Nutifood quảng cáo
Cầu đi bộ ngàn tỉ qua sông Sài Gòn do Nutifood tài trợ chính thức khoan mũi cọc đầu tiên,2025-04-28,Báo Tuổi Trẻ,news.google.com,https://news.google.com/rss/articles/CBMiyAFBVV95cUxOZXhCMnRmMGhuYkJUNGtRLXZkNlhZc2o3VzJ1U1EwNFBxVUJyYThTa0FubUFmUmMyU2ZpR0xkQzJxZGRsMzdoNm5lbXNVOVFoWVJzRXl0NmhPeEpfVlhmcXkxUmtsV1NjS01PMmt1R09yMTFnYkROay1OWkVvNzB6aldOWVFZYUNva21Nal9QNWpKVHlhd1Y2Q3RBanF4UC10S1QwLVJJZ0NUUkJOQks1QnNFNHVNV0dtQXhxelZZdzZYWUNmNUZIaw?oc=5,Cầu đi bộ ngàn tỉ qua sông Sài Gòn do Nutifood tài trợ chính thức khoan mũi cọc đầu tiên  Báo Tuổi Trẻ,Nutifood,Nutifood quảng cáo
"Nutifood đồng hành cùng chương trình “Vinh quang Công an Nhân dân Việt Nam"", góp phần lan tỏa tinh thần yêu nước",2025-06-13,Kenh14.vn,news.google.com,https://news.google.com/rss/articles/CBMi5AFBVV95cUxQMWFRdENuZmVjZWpWc3ZsU21Fczk4aE1fblhLaXdiSW03aXlPZmhkWmZscFNWNHlLVHRhaW9WdlV4cWUtZTZtZ01BZ0NrZGwzekRmV2ZyYkdTSDlOVGp1eG5kN1M5SHFPYzBWbTR3LXJBRElBUENsSHhrN2o3LTJ1T1N5enpDdlFONDBSNFhmdUpZTDI5TmRTbDBrLTRVNVQwc292NC02WGRydjktREkwc3VvRXJ1MTBRc1l6bEl5N1V2RjNpSG9kcG1JOW12bFpuN0lUSHN5Zld0Y1ZNMHRuZ1o2NGs?oc=5,"Nutifood đồng hành cùng chương trình “Vinh quang Công an Nhân dân Việt Nam"", góp phần lan tỏa tinh thần yêu nước  Kenh14.vn",Nutifood,Nutifood quảng cáo
Nutifood nắm giữ 51% cổ phần của Kido Foods,2024-09-23,Laodong.vn,news.google.com,https://news.google.com/rss/articles/CBMiigFBVV95cUxPQzRpdU9qNTFZbXEwbVkyUVFra3lXdlpOeG9aNzdUSC10dGlWSmpIZ2pZRm1OVmdGc0ppTHd5ck1uQVFtVXMtQjhIc294ZFdEbWY0VFJ4ZDdUbFh6ejVnYnhhQjNEOXBCcDFIbTh5ckxLb1hTQ1FOQXB1b1pUNHJHOHpoNFRGZkNzWFE?oc=5,Nutifood nắm giữ 51% cổ phần của Kido Foods  Laodong.vn,Nutifood,"Nutifood doanh thu, Nutifood quảng cáo"
Nutifood Thuỵ Điển ra mắt sản phẩm sữa cao cấp Värna Elite chắt lọc tinh hoa quốc bảo sâm Ngọc Linh và đông trùng hạ thảo,2023-05-10,Báo Tuổi Trẻ Thủ Đô,news.google.com,https://news.google.com/rss/articles/CBMi7gFBVV95cUxQN1VRcVpTWGRJc3l0NUVBeFI2R2xuSk55MnNIUXAzWHdHd1VDcHBuWFV0YkxGcUxDUmNxamJqZEYyWE1EMEtja3YtYWpFS3lkSW9hamNMRXZtU3dvVkh5OWFEY1JJNElQempqTGVvSmlwTm9tRmk3ek0wbjI4aU5OZ1AtU3NLYXp0NUk4aTBNSllGeGZaRDRjbTBRa251VFhyNkx1UHhJTjMySVVTbWNLT0NiWnM5Rm5RdW9DbERqOWREOGtJZjh3bHpVdl9RaEtLclR1S0I3VVRvcTZJY3dyLXFheDNvSURER3dwMU1R?oc=5,Nutifood Thuỵ Điển ra mắt sản phẩm sữa cao cấp Värna Elite chắt lọc tinh hoa quốc bảo sâm Ngọc Linh và đông trùng hạ thảo  Báo Tuổi Trẻ Thủ Đô,Nutifood,Nutifood quảng cáo
NielsenIQ: Nutifood đứng đầu doanh số sữa bột pha sẵn trẻ em tại Việt Nam,2024-08-21,CafeF,news.google.com,https://news.google.com/rss/articles/CBMisgFBVV95cUxPWEt0OVpPWm04NGhtcGs2TEE4MV9WajhqRjdKZElITGlwcl9QblhzZkJpcWV4VkN4YlI2SnN1MFFUQWxtLW51aDR3MWhsNEhJSGp6MHRvLTROOHE3bDh0X2l4M3NJYmNZcXExLXBobVdQdVdRM3F4WmhiU0FSeVRWTTcyN25acU4wdWdHSndYdVZiS3VJUmhPS0xvcjU1T0huZXVhLU8yazViQUlob2pPLWp3?oc=5,NielsenIQ: Nutifood đứng đầu doanh số sữa bột pha sẵn trẻ em tại Việt Nam  CafeF,Nutifood,Nutifood quảng cáo
Diễn viên Hồng Diễm: Ngưỡng mộ chương trình nhân văn của Nutifood,2022-04-08,Laodong.vn,news.google.com,https://news.google.com/rss/articles/CBMipwFBVV95cUxPUlNpdUhfRlhzdFJGOHFrOXpzU0pwZW1aamc0bHYyVTVyMThSZkZSc2hvLVlZNVBOX3pkaE1yaldrS0NIMDN3SUYzQ3hZMnhsVC1vUGtKd3ViTnJuelFyNER2a1djQlBaR3RHWTRhUXptMlRoQUxnMWw0aTdhX3c5bS10bUZObTFadkxuX3ZDaG1XUmUzWTA2alYzaUpRaDBxckdQVW1EOA?oc=5,Diễn viên Hồng Diễm: Ngưỡng mộ chương trình nhân văn của Nutifood  Laodong.vn,Nutifood,Nutifood quảng cáo
"Nutifood thâu tóm Kido Foods: Sở hữu pháp nhân “rỗng”, doanh thu giảm, lợi nhuận tăng bất thường, rủi ro bủa vây",2025-05-28,Báo Công Luận,news.google.com,https://news.google.com/rss/articles/CBMi6AFBVV95cUxQeGlqQjhkeHM0WG5nU3dNbUFMLUNmbXRrUWpoVl9TeHRFc05CTUt1SU56X2pjblpUSHctUWtkNG9GTHFMbWY4UTFDTTJvOXZuVEJXeFotMzRaZ1pDZ1RNTUdlRFJmaHg4eFYya0lkUE5PU19vVmR3S3F3RXBTMWhlbzlYeXBMcUFzSXlDNk9jMjhMYXlCRnR1UzhaNG5FY1JmRDJDcWRRQVJPX0NKSFBMT1dKUE1rTXJFYUpsWUZadklUWUNRNUZkenNsU0V2anRjNGc4MnJET1NuZG5Cc2MxTGtxM0x2bGVY?oc=5,"Nutifood thâu tóm Kido Foods: Sở hữu pháp nhân “rỗng”, doanh thu giảm, lợi nhuận tăng bất thường, rủi ro bủa vây  Báo Công Luận",Nutifood,"Nutifood doanh thu, Nutifood quảng cáo"
Chân dung Bầu Hải: một 'tay ngang' đưa Nutifood trở thành công ty sữa đứng Top 3 trên thị trường,2023-05-05,Cộng đồng Kinh doanh Việt Nam,news.google.com,https://news.google.com/rss/articles/CBMi1gFBVV95cUxPRXZQUU9OdzJSMU5hRXhNUU9icV9zdFVmNFBncGsxbU9fNkFPMlo3TEUwQjJfTExXU0NJWU44UUZkMWFfNTlEQmlHLUxaaFhray00cHhKemxwZnBQRGp0Z2ZGUUwzbW1xVGd4bXlyRkFGMURMZGFpdU9DVW1ObUE3OGRaU3VFUnRRWFpsWEk5Y29Oa1hDVHdOc0JDNVhxNnEyZXJvUTdvVGduaXo2a0tlRzdNSk9WNjBxY1liV0J4SC1heFpuV1FMN2Z4MlNlT0ZfZFFwTjZB?oc=5,Chân dung Bầu Hải: một 'tay ngang' đưa Nutifood trở thành công ty sữa đứng Top 3 trên thị trường  Cộng đồng Kinh doanh Việt Nam,Nutifood,"Nutifood doanh thu, Nutifood quảng cáo"
Nutifood đứng đầu thị phần sữa bột pha sẵn cho trẻ tại Việt Nam,2024-08-21,VnExpress,news.google.com,https://news.google.com/rss/articles/CBMinwFBVV95cUxPdF9TeEhyQ050bzdxdlU2ZkFYU3hDR19oZHktd09ZbUFWcUg0S1poSDA5MXZHT1UtcW5XaXpYaGNUZ2ZDZU1PVGU1bG4wT1lUcjZjdkdWaEpRR3FwYXVHRmdwYWxCSENlcnJyUDM1eklYTDdZeElKRTNHTnZwZ1kydnVTSlVuMzRNdGpobjh3T1pUQWstMzJaVWRKS3pOVkU?oc=5,Nutifood đứng đầu thị phần sữa bột pha sẵn cho trẻ tại Việt Nam  VnExpress,Nutifood,"Nutifood doanh thu, Nutifood quảng cáo, sữa Nutifood"
Đối tác nào sẽ cùng Nutifood làm cầu đi bộ nghìn tỉ tặng TP.HCM?,2024-03-07,Báo Thanh Niên,news.google.com,https://news.google.com/rss/articles/CBMiqAFBVV95cUxPQzFIRWNoRmQyYV9ER3czX2JseDkzdTNxcmhxWWRJeWM2NHhZYjF1ZjY3VkJBMGtwUURiTnVmYmt0RU1rb05ldDZKV3FqQ2VRQ0FRNDlzd0w4ZG5DTnV4NXB2MXBZaHhGNGxScWNYcXVqdlp2azB0djhwN0V6ajZXenJBZzA5MkI2ZHpqMEtXajBsZ1dFQVdSc29GU29lcTZCOFUyaUdRcnk?oc=5,Đối tác nào sẽ cùng Nutifood làm cầu đi bộ nghìn tỉ tặng TP.HCM?  Báo Thanh Niên,Nutifood,Nutifood quảng cáo
"“Vì tầm vóc Việt - không chỉ là slogan, đó là lời cam kết thiêng liêng"" - Phó TGĐ Nutifood Việt Nam.",2022-01-26,Vietcetera,news.google.com,https://news.google.com/rss/articles/CBMiugFBVV95cUxOcnBBejBaMUxqcDZmU0tzVnBNLUtUT3hhaGNFbXBLNmVWOXpSZHFwbXRrZEdXRURmU2owLTRZRmx1RDlRNWhjQlVDekpKUDgwb2stcF9HN3lUVFNzTTY2b04yZ2lTN1JjRllreUZiczQta3JqWHlRTm10WmNDTjgyS2g0eUlHcGpVT3htcWhhVFlUTHdzR3Bla3llcUtWUHFrb2x5MlpBWGlKcV9ST2V2dTRRaXZEeXpMQXc?oc=5,"“Vì tầm vóc Việt - không chỉ là slogan, đó là lời cam kết thiêng liêng"" - Phó TGĐ Nutifood Việt Nam.  Vietcetera",Nutifood,Nutifood quảng cáo
Công bố sản phẩm sữa mới dưới sự hợp tác giữa Viện Nghiên cứu Dinh dưỡng Nutifood Thụy Điển và Công ty Sterling Technology (Mỹ),2023-09-24,Báo Văn Hóa,news.google.com,https://news.google.com/rss/articles/CBMi9AFBVV95cUxNNlJXVXBRbFBTRUxrVU9zblNmVmx0Nk5qNV9DQWhpRmZCR0NZWDQ3M2FCd0FMNzZzbmdiOW9fZUQ4dkdnQ0N1dHJKNWFNeHBuX3ZKU09IbHlLZjhWY2N1c3FkOU43OWN0SkJFRkhlM3I1eG5CSXZnVGdYSl9qYTl6T18yRFcwSTgyYlZaZF9vVEstUjlFWVNCdTcwYVRVSGNicm5EalZZaVR4T0NNVHNiMHFHOGh0TkRFbWphQW52OGZBZ1BXcUphd1FwVnZUTnFka2Y3TDVSRC1MNjFfQk5HODNOSGNnMHRpdl9mOEEyc0xJZFRs?oc=5,Công bố sản phẩm sữa mới dưới sự hợp tác giữa Viện Nghiên cứu Dinh dưỡng Nutifood Thụy Điển và Công ty Sterling Technology (Mỹ)  Báo Văn Hóa,Nutifood,Nutifood quảng cáo
Nutifood chung sức cùng mẹ Việt chăm lo đủ sữa cho con với chương trình trợ giá 40%,2022-01-20,Laodong.vn,news.google.com,https://news.google.com/rss/articles/CBMivgFBVV95cUxOWUhodmw3X2g5SVh3S3RoOGdMM1d1N1ptS25EWU1iSy1iWVZsdEFVQXlrTzItYlVxQ0RVeE9kWTdDN1lRNDJBWjVyTkw0Nkpud0FpTzFIVXZMU1huVDU5eG1Nc3JKQ0xGb0NOb0prLUJXeHZoaW9JbWtpeC1xQWJJcUxiQUlHeDZPYXVWVno2TWVXcDVlN256UXBsQmNwSjJOODFid3BPUFBkQktiT3pVT0hXd05GeGpKblBaRlpB?oc=5,Nutifood chung sức cùng mẹ Việt chăm lo đủ sữa cho con với chương trình trợ giá 40%  Laodong.vn,Nutifood,"Nutifood chiến dịch, Nutifood quảng cáo"
Nutifood đầu tư hàng triệu USD vào sâm ngọc linh,2021-11-18,Báo Thanh Niên,news.google.com,https://news.google.com/rss/articles/CBMihgFBVV95cUxNdFhlT0FCaHdrVUNpWndJTmFSMnJtTi1VajNVWE0xYThIQnlzRGtETEdoYWZLSjBKOE4ydUx2WFQ4QmJ3YzhNSmxKOFlyS3pENENmVUtRVmR0MXFpVHpKejdWMW9sbjllVlFfZmRWRjMtX3AzUHhUcEhQb2RnMUhFSWc1czFQdw?oc=5,Nutifood đầu tư hàng triệu USD vào sâm ngọc linh  Báo Thanh Niên,Nutifood,Nutifood quảng cáo
Ngôi nhà Dinh dưỡng Nutifood - mang giải pháp dinh dưỡng của các chuyên gia đến từng khách hàng,2022-06-03,Báo Dân trí,news.google.com,https://news.google.com/rss/articles/CBMi3wFBVV95cUxOVXgtakl4LUtMeHhaeEFyOV9majdBME1TODZ0SllST01iRzFzTDhPZFp2akVkMC0xOWY2ZzJXYk1TTS1SV0NseUF5VUJLTTY0U3lOSERISktpckpSSHlQRnBuNkdOQXpEa3p6am5mYzVLeHp1c1dsdlZteXhzNHp5d1l2QVZrYkpNNnM0OU1rVUhscUdQb1dtaWtOeHdGLVZFWWRWWVQtcFBLclNmXzV1bkdHWWd6QTROT3FyY0hKOTZleUtUeFRWalYyeTd1RHJfb2NZaHlnVHVLQkRwekdV?oc=5,Ngôi nhà Dinh dưỡng Nutifood - mang giải pháp dinh dưỡng của các chuyên gia đến từng khách hàng  Báo Dân trí,Nutifood,Nutifood quảng cáo
Kem Celano và Merino về tay Nutifood,2024-09-24,Báo Dân trí,news.google.com,https://news.google.com/rss/articles/CBMilgFBVV95cUxOaUFrSEdvTlh4bFVwcHBpbWxGNWFfaUV2RkRLTmlvZTZDNHFoQlJzZ2hVcUs3Z1NkN1hma3dzcFVNVVFVSFJCd0JTQVdZaXUzaWpRdktoQnJWU0JNVU9EbmI2OGdETTFaQVZCSGNWbzBnVEFZXzdvREFNUTVJc2Y3TEtKeVhVUE9ObHR4UFB3M2h3eURYRnc?oc=5,Kem Celano và Merino về tay Nutifood  Báo Dân trí,Nutifood,"Nutifood doanh thu, Nutifood quảng cáo"
M&A Đường Quảng Ngãi: Nutifood quyết giành lại thị phần phân khúc cao cấp,2022-08-16,Tin nhanh chứng khoán,news.google.com,https://news.google.com/rss/articles/CBMivgFBVV95cUxPSWNqcExzVENIMXJKcWhmNjVMVUdBSFlrblRTMFRIRUlvMS1ZSWt0MGhGV2pRUm8xTVdaMnA1bVFMVUVfWFExNndCWFFZN1JLWUhIUXB2aUJKRDhfRURkbHFNa2VSSjdIZlIwZDlpZ09zOC1hVHRxSkZWNjNBdkthWlI5UkZkdzF6bkdiTU5tM0RHeVN5bEQtRVY0NHpET1pZN002V2hfanhGRDYycWVvS0xkQ0F6MHprOFpTMVJn0gG6AUFVX3lxTE1LVTJmcUtOQVFZVG55QzZRajJlSVlfY1Z2T3BkUXR1NTJNcUpqY1RxZ2sxejE0MW1jMFQ5MTMybEdJMDdCUUJzSGp6MVA2aXZfZTJRMWpBMXBIODMwbURqWldheGQwUHhPZGN2Z0lkOUhiUTYzbUktZ2pWbjJMSm5sWENWX3ZEZFZmR0ZaQ3haMnFIb2RwQmNGdWxhU1ZWeERIZEFNQ205RVJVb1BWLWxMV3lySzFtZEthQQ?oc=5,M&A Đường Quảng Ngãi: Nutifood quyết giành lại thị phần phân khúc cao cấp  Tin nhanh chứng khoán,Nutifood,"Nutifood doanh thu, Nutifood quảng cáo"
Toan tính của NutiFood ở Vinasoy,2022-08-16,m.nhipcaudautu.vn,news.google.com,https://news.google.com/rss/articles/CBMihAFBVV95cUxPS2NXYS05V0NFd3BtTEdOdV9kSHRFZVJ3emlYU2liTnVpSVJwUlB2M1J5QlZJSUxiU3cybzRJTk9nMlNETVhKWGRWb2cwenFjZ0s0c2UwU2xSUU1rNzBMTVpYeVluYU9yR05sQlBySUxYd1Zvcm9jdkx5dUZZbUhrU203aVI?oc=5,Toan tính của NutiFood ở Vinasoy  m.nhipcaudautu.vn,Nutifood,Nutifood quảng cáo
"Gập ghềnh đường bán cà phê của các ông lớn F&B: NutiFood thoái vốn cà phê Phước An sau 5 năm gian khó, Hi!Cafe của Vinamilk ""lặn mất tăm""",2022-12-27,CafeF,news.google.com,https://news.google.com/rss/articles/CBMi_wFBVV95cUxNbVJmaUtGQlFTcmdYdDVPaWdXM3VOaWFPM1paU09ydm5qVWNpRTdpSVFId0dadnV4akdqZWhrQVQ3SUVfOE11Y1VYdG0zTVBQYmEwalgxU2JSZUMtTDhKXy1aZWdZMDE2TjhTRGRMWU1NQlF3cVVMaEFJMTdDUTVsbGZRaWlEUTRfb3FlcFFDaExkbk9LOEhVZEQ2clFjOGJzUG5xMXdIVnVzNkFnSmU3cDZsN2lhdTFoWEZ5UjJiSDU2OHpxS2J4UkdGYUtpaXB1MFNaNXQwZGNYcHU1b0lJTkxtS29iU3c0SWZmWk1icWpQYV95c3B2aHgtV3dmYjg?oc=5,"Gập ghềnh đường bán cà phê của các ông lớn F&B: NutiFood thoái vốn cà phê Phước An sau 5 năm gian khó, Hi!Cafe của Vinamilk ""lặn mất tăm""  CafeF",Nutifood,"Nutifood chiến dịch, Nutifood quảng cáo"
"Chủ tịch NutiFood: Doanh nhân bất động sản rẽ ngang, tạo ""cú nổ lớn"" trong ngành sữa",2018-08-23,doanhnhansaigon.vn,news.google.com,https://news.google.com/rss/articles/CBMiuwFBVV95cUxNSDVXUG13XzRQVl9Pa1Q3S0ZoRm5WUEkwQUpwVFdpNzE4d2g3SUJNRDBPRTY5Z1RXNWlNUXJ6RzFHemJ3ejZWZWxEaGI1LWZ5NkpzRHlOQjlJWThoYUwtS0xoWmNYR1diWW01Rnd5SW1RY3BOdzUzaWF1dnlzY2pwVzhvLXZBTlFVLUVpZ0xoNmNldElydnhVM2xudzhUVVVfZHMxMVdMOFp0VkF1b3MxblYyNHUyZERJbkE0?oc=5,"Chủ tịch NutiFood: Doanh nhân bất động sản rẽ ngang, tạo ""cú nổ lớn"" trong ngành sữa  doanhnhansaigon.vn",Nutifood,"Nutifood doanh thu, Nutifood quảng cáo"
Tham vọng của Nutifood khi thâu tóm Đường Quảng Ngãi?,2022-08-09,diendandoanhnghiep.vn,news.google.com,https://news.google.com/rss/articles/CBMinAFBVV95cUxNQ3AzOU1OTVZfOGVCemk5aFhrZUY4cGZlcHJld3p3cHNnX0FQUlhqX1VvOGtzYzlBMW5OQjJOcmxITkZRZEUyZnU3UzVGOV9CNDVwZzNUeXI3enlVcWlPdDVTWkVPRDhTT3YxeWduU0M3NEpVTlk3bUdUclZDZm9CUWJzM2dPNjcwYWFZZ3NyRFFOOEp2T19abFdZcTc?oc=5,Tham vọng của Nutifood khi thâu tóm Đường Quảng Ngãi?  diendandoanhnghiep.vn,Nutifood,"Nutifood doanh thu, Nutifood quảng cáo"
Nutifood thành cổ đông lớn của chủ sở hữu Vinasoy,2022-08-07,VnExpress,news.google.com,https://news.google.com/rss/articles/CBMijAFBVV95cUxPbmp1SDA1RkcyVVhHQlZ1d0xsQW9rYWFQbm5sZ0dGb2VBWHhadFpvdFZtM3pMWS1KR3BtWlFoRWNfZHg3a1BjYWpodGhnOGRPRUhsTWoyNFA2UUlma011RW5JVkRLQnFKM3VIWU1LSExlVFludDU2Mi13QWZROWdZRHZ4RlRsTU03eEpBeA?oc=5,Nutifood thành cổ đông lớn của chủ sở hữu Vinasoy  VnExpress,Nutifood,"Nutifood chiến dịch, Nutifood doanh thu, Nutifood quảng cáo"
Nutifood ra mắt nước giải khát bổ dưỡng '2 trong 1',2021-12-20,VnExpress,news.google.com,https://news.google.com/rss/articles/CBMijAFBVV95cUxNZ0ZkNmNJb1oyUXNEYXNGSDgyck5IWWFQREIzWGl0RzgwUFRMaFF6VjRuQm9PTTFsMkNrZWZPTDdkOEtfZ204SGcyM3dKVmVHSk1QLU5nb3BaYlNaUHBydS1TS25sZEltLW5qSkdhdTZ2d1B3emYyeVdBNEtOYlU3YXhjTUNWRE15dUVUdA?oc=5,Nutifood ra mắt nước giải khát bổ dưỡng '2 trong 1'  VnExpress,Nutifood,Nutifood quảng cáo
Nutifood - Doanh nghiệp đề xuất tặng cầu đi bộ nghìn tỷ bắc ngang sông Sài Gòn có tiềm lực tài chính ra sao?,2023-11-24,CafeBiz,news.google.com,https://news.google.com/rss/articles/CBMi4AFBVV95cUxQN2pDTURiTGoyVHRVUF8xYkFyS0xqNmxNbXlFVUJrWXFGMTV6b1RYVjBHZFY1R2lwQVZXZ2x1Wm9BQ0cySm8xeXp3V2k0OF9Ba0Jtcm5LbDNDRnd4aWg3QmJJbmduVjFSUl9RSGRBSXp6RlVNTEpRaldJTTdOcnJwSThKT3FjSFJTWWNKbTIwSGJqc2xJM0wtRldoVlN1b0YwbUhHVUEyam5MTDBud3ZzQ0dyb0hTaTl5ZTNfdVhoV1dnSHNISlBrb0U1enRsYzVpT0pPd2tpSFByUVc4VVZfTg?oc=5,Nutifood - Doanh nghiệp đề xuất tặng cầu đi bộ nghìn tỷ bắc ngang sông Sài Gòn có tiềm lực tài chính ra sao?  CafeBiz,Nutifood,"Nutifood doanh thu, Nutifood quảng cáo"
Nutifood đầu tư vào Sâm Ngọc Linh,2021-11-18,bnews.vn,news.google.com,https://news.google.com/rss/articles/CBMib0FVX3lxTFAtMTJzSUJTaW85d3JpTU02ck9RU091aWUtRk9JM1NRUlhNb1BJNjFGa1ktdVdaM05LSmpWRC01MFNVaVBFLUNoYUJSaDRocG5MOERyYTlaSnpvYlI2eHJxM09PTDVxN1NoNHo0eXRpTQ?oc=5,Nutifood đầu tư vào Sâm Ngọc Linh  bnews.vn,Nutifood,Nutifood quảng cáo
Chủ tịch NutiFood Trần Thanh Hải : Khát vọng viết lại câu chuyện cà phê Việt,2020-06-27,Báo Thanh Niên,news.google.com,https://news.google.com/rss/articles/CBMirgFBVV95cUxPdXZ3cFR3MDZuVGhZaGtmdlpMZDhPdWFrSlpKZ0Y1YnNiTHNwVVl2OXpKaGhKMTRRU3dCYmRiS0lfMi1tREJCMGhMR29vczhKcWxzYmFkXzFVYzlqYzNvY3UtNTdTYVpCVmpxUXFPUDdnY1lKbUw4U25LSGlLVkNmZlZfVVgyRHp6a0hyVS04TEdCQWNxaFUtanB5QWRsVUVtRndqSWZVcUFQQy1MR3c?oc=5,Chủ tịch NutiFood Trần Thanh Hải : Khát vọng viết lại câu chuyện cà phê Việt  Báo Thanh Niên,Nutifood,Nutifood quảng cáo
"Nutifood bỏ triệu đô mua lại 51% cổ phần Cty sâm Ngọc Linh lớn nhất Quảng Nam, đưa ông Trần Bảo Minh lên làm Chủ tịch",2021-11-19,CafeBiz,news.google.com,https://news.google.com/rss/articles/CBMi7AFBVV95cUxQS3JzT2lZZ2lTNXhyZzdvNnFzalkwcFRnbzA0NldjRmxDRVpBal9vd1paTktsbnJ1aW5vRDk1VWJIcU11clVTQ3R6SU1HbzVSaFlXNXZOOG9RLVk5bUUzMzA3SldCQk4tUUZQR2FwVVJmTWJxMGpfMnJZTHNiLWswbWNMRUNnR0FCaGg0N2FoRWZqQWljX2t3aG4yNGZLSVdKMWQ0cDJzZlNmZGwzay1xWVo4UWtjemYwV2tRUlF3OGhQNTQ1U3J4YVJGcXZyRzZlQ3VsNHFvWGdpMzcwSEdEdjNfVTR2WXZBdkFLbQ?oc=5,"Nutifood bỏ triệu đô mua lại 51% cổ phần Cty sâm Ngọc Linh lớn nhất Quảng Nam, đưa ông Trần Bảo Minh lên làm Chủ tịch  CafeBiz",Nutifood,Nutifood quảng cáo
"Sau nhiều đồn đoán, Nutifood chính thức xuất hiện tại cuộc đua thâu tóm Vinasoy",2022-08-06,CafeF,news.google.com,https://news.google.com/rss/articles/CBMiuAFBVV95cUxQZHNnaUVNR2d4WkFNMGsyTWpTTHhtTmVWVWtXelhrVEJER0lEREFseVZRTHliTTBQS3Mtd3gzcDd2QzNoNTZvdWJMdkVRODAzb3JNdTN6YktlLTA2UlNoQkJHVXhUTXE4amJnR3FBVjhWbDFPQ0FGX0tTd1FBMVNla2daVklCYXYyZ242SHBwZWVZSnpLQ2g5SUZ1dG9vdktaNzVJWlNUV25WeVJXWTNOeTlES0M3Mjk0?oc=5,"Sau nhiều đồn đoán, Nutifood chính thức xuất hiện tại cuộc đua thâu tóm Vinasoy  CafeF",Nutifood,"Nutifood doanh thu, Nutifood quảng cáo"
"Nutifood nhập bò Mỹ phát triển sữa nước, chi triệu USD mua công ty sâm Ngọc Linh và lấn sân cả thị trường giải khát với dòng thảo mộc",2021-12-21,CafeF,news.google.com,https://news.google.com/rss/articles/CBMigAJBVV95cUxNSFYzR1JVeHV4SUd5c3pFbi1sSG5PUmNmLVE1dExEUzRnU1J5TzVEbDc1bTUzZlhDWDM0RG55OHYwdUdJNkVPRHBZcGh3amowMzRHMXJLcVZZTUdqLXlYZVVWWEZpOG95LWpfYnRkeWFiZXl2ZWxQZ3Y3bmM0cTBNc21TalV3Z1ZDY3dZbE90clNZMkMtN3NuTVFwNWkzbVFVYWtnSEoxQWs4bmFOaTYzUHlfV1hZRk9XUmdjU25oNGt2N3RtZnFrQzZ3X1RVY1FoeFN1UmFIb3NLT0R5Vm55ekRvOTNGM0dDY2ozeFJtOEZHekNta01JYmlCY1R4VUky?oc=5,"Nutifood nhập bò Mỹ phát triển sữa nước, chi triệu USD mua công ty sâm Ngọc Linh và lấn sân cả thị trường giải khát với dòng thảo mộc  CafeF",Nutifood,Nutifood quảng cáo
"Nutifood, Abbott Việt Nam vi phạm về lưu mẫu, nhãn mác trên sản phẩm",2017-07-06,Báo VietNamNet,news.google.com,https://news.google.com/rss/articles/CBMiqwFBVV95cUxQMzZ2bURjc3JfaFpzbWZwaXNQRzdvSVNUQjAzVERZeUZHalJKbGdIVGN0Q3BHa0Y4MzZYZVRQcmp3YVBuVFVONi0zRzlka3FVeHBTTVhfUUVBc2pmbHh5elJ3blRETWdQNWZCejd0NUlsdUZSYk1VTXpqYnJ2TS1ZcTI5aVJ3Q09OTlFndXM3MURXVjdjRXl0amFFQU92amlBTXNzb0ZCOGVVMEE?oc=5,"Nutifood, Abbott Việt Nam vi phạm về lưu mẫu, nhãn mác trên sản phẩm  Báo VietNamNet",Nutifood,Nutifood quảng cáo
Cùng NutiFood 'rước Thần tài' về nhà,2019-12-25,VnExpress,news.google.com,https://news.google.com/rss/articles/CBMigwFBVV95cUxOejhWMlNhNFhMZkZDeHU4WVgwa3draDRkeFFEQzhRZ3dDdkJJUE5ISmZGOFR0ZmVsMFVKYS1ibVoyak5PTWJhQU1ITjZGWkh3dFREX21jVktaZU8wZGhmemlkODZ0UGlCZnM5aVhMTzVTTmRBU0N3WWxBeWZSSlVhN2VGOA?oc=5,Cùng NutiFood 'rước Thần tài' về nhà  VnExpress,Nutifood,Nutifood quảng cáo
NutiFood tại Diễn đàn thương mại Việt – Mỹ: phải tìm hiểu kỹ thị trường,2018-05-21,Gia đình & Xã hội,news.google.com,https://news.google.com/rss/articles/CBMiwwFBVV95cUxQVlhJYzJsTm5IQjlBc1dGUHE3VTdkY2J0d3MyT0RodVlDUmswT0R5UnJtOUd5eU0yMjluZ09ObElrczRGdmlxSFItX01iYk9oNVFJam1RQ0NVQ0ZwcDE5VHhxNXA0cTh5bkJjbGpvRHBPQkhiYUxfNTh4N2hxRE9mQWlTSDdyWnlTTU9VdWMwN1VEc0xiVVVkOFVMVFg5anV3bzFQVkp4X2ZrZ3RXaEJZTGd1SHB4YjZGd3FtOW9ENHZLZk0?oc=5,NutiFood tại Diễn đàn thương mại Việt – Mỹ: phải tìm hiểu kỹ thị trường  Gia đình & Xã hội,Nutifood,Nutifood quảng cáo
Hành trình làm nên thương hiệu nghìn tỷ NutiFood,2018-01-04,Gia đình & Xã hội,news.google.com,https://news.google.com/rss/articles/CBMiqAFBVV95cUxNclloa29WcmxIS0RRYUczS09NNjA0c0cwR0lhZTlieUpnX3ViQm1QY2x0YUpSQ2g0a2x3V0pNYjYwVEJuWlN3MFdLZlhwR3BfOHpkT05ZYm11UUlBZ0x0Ynlfa3NkaHdtaUFYQ2VNX3UwejJiVWRhdGtsYzkxc3lkbW9ENmw0ejVDOExNQkRiRmhXUGZiX2cyWkRLaU9QZHlSb3VORWtHZEs?oc=5,Hành trình làm nên thương hiệu nghìn tỷ NutiFood  Gia đình & Xã hội,Nutifood,"Nutifood doanh thu, Nutifood quảng cáo"
"Bị ‘tố’ biến chất, sữa Grow Plus+ của Nutifood ‘ế dài’",2016-06-28,VietQ.vn,news.google.com,https://news.google.com/rss/articles/CBMigwFBVV95cUxNQmVWWEJXU1VyZ3NoUDdUQUpaQTVqTnhRcjVabkJSWmZCU294OWx3cENudlBQcnUxeWZjdXRaOHR6V2ZoeEdQODVlVXR4RnF3T0ZBVmItTG11SFZ1SFlpeUlodEh0S2NKM2x2Nm5iUS16NW41R1BzWlcwdlVkVzRSdnJPSQ?oc=5,"Bị ‘tố’ biến chất, sữa Grow Plus+ của Nutifood ‘ế dài’  VietQ.vn",Nutifood,Nutifood quảng cáo
Từ dinh dưỡng cộng đồng đến dự án CSR nghìn tỷ của Nutifood,2025-05-22,Báo Dân trí,news.google.com,https://news.google.com/rss/articles/CBMitAFBVV95cUxPdU1HYjQzQWNnSzZXVmlMbkpxWjRaZllFMjZwNGFCVXQ4ZmhZc3JLU2pRam8zQUVka1c1Sjc5Sl91TlJxVl9rNVNuYWtUUmNJLU8zZ1NNbjFxLWo1cDBFMTNkYkRVSTItOURGOXdiZ1BPSlVwM21lZFlIWkE3TU9Ya055THJaQnh0WlRIQXE3eVNEbFhSYnd6bFlKWGRDNlBndGNnZ0w1WDJfTXp2R1MxWU1LOWo?oc=5,Từ dinh dưỡng cộng đồng đến dự án CSR nghìn tỷ của Nutifood  Báo Dân trí,Nutifood,Nutifood chiến dịch
Nutifood GrowPLUS+ triển khai chiến dịch tri ân cửa hàng xuất sắc,2022-08-17,Znews,news.google.com,https://news.google.com/rss/articles/CBMinwFBVV95cUxNbnFXVTFuZWpoWmNEWGlJeUR6bEQyeDRIcDMtQjUtVzdRa3dNSGk1SzhNRzJPOV9qV3A5RDFvVVRBcDZWTXZQa3hSVzBiUHFUUzc4eGVCYWtXYXplV19TLU9lWUlRdmxXaEFPSC1XZWN0czJBVjB4TXFLaUl2ampxa1VyaXBXMzN6YVRBZ3ZtT0Z4azZWUGthTHNDN2dUN2s?oc=5,Nutifood GrowPLUS+ triển khai chiến dịch tri ân cửa hàng xuất sắc  Znews,Nutifood,Nutifood chiến dịch
Hannah Olala: Tự hào đồng hành cùng Nutifood trong việc xây dựng 'biểu tượng' mới của TP.HCM,2025-04-01,Báo Thanh Niên,news.google.com,https://news.google.com/rss/articles/CBMizAFBVV95cUxNa1NndlR0VWVLNzM4QnRJYVNPcXloSzNlNTZCeXpSbkdRY1JnVHJPWFE1QXNEMVN5UEhoN3FFQkhBU0lXLXBDMW15YlUzS3Q5cDh4MDByZHdGRTUyR05MS0VYeGlKeVZBZDJjTDh6UzAtZ3RxS0FnQkhpM2RnUW13cTljSWtGTmFQTDhhZnFfUlJsS2FPN1hJbzhBc3Jod25NdnR2N3NlS2k5djNNWTFNOU9KSmdHMUY1V2haUEhGcFUyUEF1NG5ZZVcxZFY?oc=5,Hannah Olala: Tự hào đồng hành cùng Nutifood trong việc xây dựng 'biểu tượng' mới của TP.HCM  Báo Thanh Niên,Nutifood,Nutifood chiến dịch
Nutifood và hành trình 25 năm chăm sóc sức khỏe cộng đồng,2025-04-01,VnExpress,news.google.com,https://news.google.com/rss/articles/CBMilwFBVV95cUxNZDZFWHFmWl9VTkcxT1FqcWlrT3Z4QUhVTFZRT2xUeEVtN0tkaDZLUDl3T3JzdWNBOURfMEx3Njk4U1ZVVlltOExZdmxhTE1YeE9wbjZ3TU1vclREUFVHNEJxeldsUVVqcVB0UHBCX283c1FTZTlKeUIyd19ic3UzR1p2a0FsLTRoVndQbkxmUmRBOUJtVnBR?oc=5,Nutifood và hành trình 25 năm chăm sóc sức khỏe cộng đồng  VnExpress,Nutifood,Nutifood chiến dịch
"""Nutifood yêu Việt Nam"" cùng mẹ Việt san sẻ nỗi lo gánh nặng tài chính trong cơn bão giá mùa dịch",2022-03-30,Laodong.vn,news.google.com,https://news.google.com/rss/articles/CBMi0AFBVV95cUxNcFJpOXRQZFJIOE9JNjVDMTM1TmhKOXdWaVFtOGJUU085d3M5VnJ3dHVJdWRpMGxMYlVyd1h0LTVRUU5KeGVaMkNxWmRLV0ZZUWZsM0tLLWtFR2ItZ2ZVZWNLQ3hqaWlqblp5bml5STZ0dXRzX1lGNy1BdVQyRDVsbVVSb3VNNDVCd3ROVlg0ZWNPekhHYmpyWVdBWTRLYWR3dTNpWHdaZ2ZTT1dwZGJHLWpqdGVuMnNFYUR5RjdubDZKSnJUcS1xSmpidWhDSm9Z?oc=5,"""Nutifood yêu Việt Nam"" cùng mẹ Việt san sẻ nỗi lo gánh nặng tài chính trong cơn bão giá mùa dịch  Laodong.vn",Nutifood,Nutifood chiến dịch
Nutifood tặng 80.000 sản phẩm dinh dưỡng y học cho 10 bệnh viện dã chiến,2021-09-14,Laodong.vn,news.google.com,https://news.google.com/rss/articles/CBMiwwFBVV95cUxPRXo4b2NqR25Dbk5aeEZJcE4xQk4zVDRwNVZ4VlRZc2t3Q3B5LXE3R1otRVpuSHV3ODdNQXdaMG5FTGxncVBoenlLeVlocEp4VmNPQV9yaFlRY3BrcGJ1aFBPR1NTZ29XQWdHWGhBaDh6aUNkVWxnZkMwal80eldaWm9JT0RNMnBsNFZEY3lYRjVZQ2Q1dndycUw4Z3pUcXJPSHZUUG9BYjBualJ3N05TQ2FpZjQ4alh5Z19laDI2Z1dPWm8?oc=5,Nutifood tặng 80.000 sản phẩm dinh dưỡng y học cho 10 bệnh viện dã chiến  Laodong.vn,Nutifood,Nutifood chiến dịch
Làm PR sữa cho người trưởng thành dễ hay khó? Trường hợp của Värna Elite từ Nutifood Sweden,2023-08-16,Brands Vietnam,news.google.com,https://news.google.com/rss/articles/CBMixgFBVV95cUxPbE5icHo0WmIycVFwaGVERm1KdWZnSmpha3ZWRGVXWlpKWHhHOUN0TmRVaXVmelpiUmdDVUZrQVBqc1B6ZWJ5QnBTcXZYVXhOU3FBOE9DU0hVNXNXRVJlVFdBa044NjRvR0VtOGxXQzN3aVhDWk9vVjVHVDhYblV0dHZ1SVpGdjFfLU1QYTM5RjQzMFN2VFZDWVdWcmJjTDZNbGp6cU1HU25Kc1I1OVE4bE5VcC0wRjFQRUZKSzVsZ21IR2E0Rnc?oc=5,Làm PR sữa cho người trưởng thành dễ hay khó? Trường hợp của Värna Elite từ Nutifood Sweden  Brands Vietnam,Nutifood,Nutifood chiến dịch
NutiFood nhận bằng khen nhờ đóng góp vào chiến lược dinh dưỡng,2017-08-15,VnExpress,news.google.com,https://news.google.com/rss/articles/CBMingFBVV95cUxQTEMtaHdfd2M3LTVtVGZpaG1UVXNLOTBOLXpQaXNyT005NktROFFsOEg4NHM1d1BxX1Z5ZHUyMm1aTlpPRXhRcHhfektvWXBWZTBSNmRndE5UWUduSGI2WHV1azdEeGduZ24zNkxKM19DcmRpSjlWRWg0LUN6SFhkTC1nS2Yxd0NDa1VXZllmRVdjZTVEUDI0X3RidHctZw?oc=5,NutiFood nhận bằng khen nhờ đóng góp vào chiến lược dinh dưỡng  VnExpress,Nutifood,Nutifood chiến dịch
NutiFood với chiến dịch tái chế chai nhựa rỗng thành áo phao,2024-10-04,Brands Vietnam,news.google.com,https://news.google.com/rss/articles/CBMinAFBVV95cUxNQ1NINVhQU24xaFR2WE92Y1JSME90MndQZTlHT0tnRUxlR2FyUzJIajNHRmZYUTdKQWFBR1AtWVNWOHV1M2VrRzRjUXViWTUwS1pVanVpVmVqTnJVcDVYQm0wRGZ6S3FHclFBU1pSTTcwaGpFN2oyNEVjckVFM0swRHpvTGJ2R1M2dW5uUFZpVnBMQUFyaUpiTkY0MXI?oc=5,NutiFood với chiến dịch tái chế chai nhựa rỗng thành áo phao  Brands Vietnam,Nutifood,Nutifood chiến dịch
NutiFood trao quà tặng dinh dưỡng trị giá 10 tỷ đồng cho Bộ đội Biên phòng,2020-08-20,Laodong.vn,news.google.com,https://news.google.com/rss/articles/CBMiswFBVV95cUxQNjJyTjRJbm1NdVVuekhhTUNYVTF2bHNzYUc5cWtxd1ZKVncwcVlsWm9GM1k3RTBBM1JxVENJcFBOTE1tVF90dzVTN3RzR3R2MlppX2xGbDhCdlZORW44MGM5aDZxQjlmX0FZS1Z5THhvdEJuQi1wVHhGT1Nfb05uN2s5S3A3MTZLaGlSYnFiQU1ZMjRjSHNFNXJUMGVmQTZ4NGVuMzhoUWZXVHNoTmR5RnZkQQ?oc=5,NutiFood trao quà tặng dinh dưỡng trị giá 10 tỷ đồng cho Bộ đội Biên phòng  Laodong.vn,Nutifood,Nutifood chiến dịch
Học viện Nutifood tuyển sinh khóa 4 sau thành công tại giải U23 châu Á 2026,2026-02-06,Báo Hà Tĩnh,news.google.com,https://news.google.com/rss/articles/CBMirwFBVV95cUxOa2h5QXZmeFR3b2RJMlZLSTcydmtiRFBkT1ZLTmxRZ0I0SmU3TlJBRGROVHBLZkpOX01EQXN5QThYa1g3X2FINmI1eGM1enpFejhDaWowWVdzZm8yYkdrdUd5VTA1eUVWa2ZnYVZHajFzM3hiNFR2S0YzZnNxQ2FNMnltR3c1RHUyd040UHhtTWZ1M2ltN244OVl4a2NfM1JOS2dDZk9walZSMkI1b204?oc=5,Học viện Nutifood tuyển sinh khóa 4 sau thành công tại giải U23 châu Á 2026  Báo Hà Tĩnh,Nutifood,Nutifood chiến dịch
Ông lớn sữa Việt Nutifood muốn đầu tư vào Mỹ,2026-05-19,Fili.vn,news.google.com,https://news.google.com/rss/articles/CBMijAFBVV95cUxQRHJNQVpyeHJzSTkyWkp3LVNfTlYwV01yLVgyNjlXWEh1VUZ3dTNySVVjbkVNRl9TaVd4cHUzckZTV3o5eU9hSlp5LU9sZXFPTEQ3cXhsNDBvUzcwRTNXLVBHT0VUb3dneld1ZWN6RUxiU2xRQ2hzalh6WG5BMGItVlhJUlNENE5mdkZhZg?oc=5,Ông lớn sữa Việt Nutifood muốn đầu tư vào Mỹ  Fili.vn,Nutifood,Nutifood chiến dịch
Sản phẩm Sữa non “Nutifood Yêu Việt Nam” chia sẻ khó khăn cùng mẹ Việt,2022-01-21,diendandoanhnghiep.vn,news.google.com,https://news.google.com/rss/articles/CBMisgFBVV95cUxPbDEwc19BMzltejlQQVdMWFdKX1Z1cWhKZjUzQ0ppTmgyTW5WeV93eUlfdUlSOGdXWUdNLUJaTU13ZlNsaTQtMlE3QU10YlJDNk53SEJNUVFETU9hU3JvNFR1b2N4dUJzbzNhUW1zcGQ3MWJYNEczS2hKNi1QbUZwWFl6NnFiblBfTmlSTXBPLUJTUVFzRC1kN216bmR0aFQ5U2dYSWt1eENkeHg0MHFzbHB3?oc=5,Sản phẩm Sữa non “Nutifood Yêu Việt Nam” chia sẻ khó khăn cùng mẹ Việt  diendandoanhnghiep.vn,Nutifood,Nutifood chiến dịch
NUTIFOOD tặng sữa và thức uống dinh dưỡng cho 3 bệnh viện tại Đà Nẵng,2020-07-30,Laodong.vn,news.google.com,https://news.google.com/rss/articles/CBMirAFBVV95cUxPeExNY1l1eFhwcXJHUWpJY1o4QmJYX2FMVThpanpVQ1B0UzQydTUyMmxneGhvN1pJbC1keUh4ZV9XNHBUZFMxbkt5dnY5M0l0NnVJVGdsdGJSTEQzQWJ0NlJzQk1OMW8wT3dRaTdEalRjWVY3Nmp5Z0pCSUtkcHFKSE56dWNrV0RNbGpLc3gzQTQxN3RoZzNQTGMtOXc5NVgtRmdBcEFKUHd4WEVw?oc=5,NUTIFOOD tặng sữa và thức uống dinh dưỡng cho 3 bệnh viện tại Đà Nẵng  Laodong.vn,Nutifood,Nutifood chiến dịch
​Nutifood trợ giá sữa 50% tại tâm dịch TP HCM và Bình Dương,2021-08-23,VnExpress,news.google.com,https://news.google.com/rss/articles/CBMilwFBVV95cUxOaTJ0bUxOcEdvZFJyMGZDRzh3M3RYa05ZRVZQMWdza2RoZVk0bzBtdjd3dU9OdHljcmphVklBZGprVWpNTUx4M3lsTEpjODRYa0xnN3UxRGIwNUtfWmdHY3B1VW5ncVg4V3JaVDNVRl9UczJpd0xKaWFRRGE4Rk5jcUJBV0NJbjh6NWI1ckhFQ0xEaTJIcXZZ?oc=5,​Nutifood trợ giá sữa 50% tại tâm dịch TP HCM và Bình Dương  VnExpress,Nutifood,Nutifood chiến dịch
"Thắng lớn với sữa bột cho trẻ thấp còi, NutiFood tổng tiến công mảng sữa tươi: Sữa hàm lượng đạm và béo cao ngang sữa ngoại, xây thành phố giả lập cho trẻ em",2021-03-16,CafeF,news.google.com,https://news.google.com/rss/articles/CBMinAJBVV95cUxPQXIzNWxaQzNKUFgzN3NNYzRwSExjNzZpNWdVZzQtbnFHd2pBT3lmNUoxMXh3MDBLVllOd1gzZzJpSjdFeWduelZyR3JQc2F6UHMwTnhzUDZ0a0ItcEltd0FxMFgzM1FiQk5CY3pCYkhDc2tkQ3dfUGdZMUNySVpuTHFWT3pyY0U2ZVhubE1sekw2elBmS2FOOEtLdTYzd0pvMXVJd1VDNTVMem9UQXB3ZlBES2JuU3RKTjRvV094YXFQcmtSWGJDTjNKV1AxelN0ZUlkcmZFcFVRNC1kc2dqbEt6NDFOYlFReUd4YXBtVTAtcTJqd0pfb0t6Q0RCZWlsSTc3a2toUDVEYURiSWFFeVVERktIN0U0Sk9tWg?oc=5,"Thắng lớn với sữa bột cho trẻ thấp còi, NutiFood tổng tiến công mảng sữa tươi: Sữa hàm lượng đạm và béo cao ngang sữa ngoại, xây thành phố giả lập cho trẻ em  CafeF",Nutifood,Nutifood chiến dịch
CEO NutiFood: 'Tôi ở phòng nghiên cứu nhiều hơn phòng họp',2020-08-05,VnExpress,news.google.com,https://news.google.com/rss/articles/CBMilAFBVV95cUxPSEh2RzhONEdJa3FhbFlRRC03cTJBQlhnSFgydGNDTUlKcmlnd0JGb3JzUFhUVGZ4OS1pd0t0VW9QTW5nOFh1aldWYkFPNXRNWkVJMzJCMVdsRUJMOERLam5Ib0xRVHktOWpWTFNzbXFSaFA2M0pBQzB3UU0tNWRUM3pjV1ktNGZabmFmcUFYMzAyTklu?oc=5,CEO NutiFood: 'Tôi ở phòng nghiên cứu nhiều hơn phòng họp'  VnExpress,Nutifood,Nutifood chiến dịch
"Nutifood trợ giá sữa 50%, đồng hành cùng Tp. Hồ Chí Minh và Bình Dương vượt dịch",2021-08-23,bnews.vn,news.google.com,https://news.google.com/rss/articles/CBMiqgFBVV95cUxQRXlDSDgtb19xTk5IVkdlY0ExUmY4U2xwZjdXdGtocWI1ODZNNkdjMElUX0lMbTRxeUFlUjhsSkFsSWpsYW45Ry1nNGN2MmtkX3RjTFNXTEtpWWkyM0VPS3FER3BKU29XbXFtRHptYzFLajI5YjZocGg2Y1lCNlpXX1ZIYWpES1k2MGZzNTBaeTF6TVY3UDI3am5iaDlnZ0ppemNodVkxZXZiZw?oc=5,"Nutifood trợ giá sữa 50%, đồng hành cùng Tp. Hồ Chí Minh và Bình Dương vượt dịch  bnews.vn",Nutifood,Nutifood chiến dịch
"Nutifood đồng hành cùng chương trình 'Tiếp sức y bác sĩ tuyến đầu, đẩy lùi dịch COVID-19'",2021-08-20,Báo Tuổi Trẻ,news.google.com,https://news.google.com/rss/articles/CBMixgFBVV95cUxPZ1JaU281cVd5b3FKZXJhRDFrRVFoUFVTSWtzYmJId3NEdTZwR2V0MzVYY2hsVnNZdm9Td21JUFY3MzlJV09xU3VIZmhPaE5yLS1LbDRTXzdxOGhfSXpvX0JQam1mdGhPbVltVUIwWS04NlBDUmtTNlNqWlgxVnRmTkh5ZUVjaVRsTFZkSmNHdG4zdWJqX0FYN2UwRENoMjJDY25rRWJiN3NLSlhOOGNxMzV0RlNISF8yT2JtbjBidEgtaFdsWkE?oc=5,"Nutifood đồng hành cùng chương trình 'Tiếp sức y bác sĩ tuyến đầu, đẩy lùi dịch COVID-19'  Báo Tuổi Trẻ",Nutifood,Nutifood chiến dịch
U21 Học viện Nutifood bất ngờ vô địch giải U21 quốc gia,2021-12-28,Laodong.vn,news.google.com,https://news.google.com/rss/articles/CBMimAFBVV95cUxOMXJrcjhLeENiTnEwcGtsdDJnWkQ2aEN2YktzZ0FYblhVd1RsbXRldnRGOHpUd1VEazVGdWdKWlBJWGN6d2x5Ri1ZbXZTV3BWZ1ZTeTlzNldrbTZuc195UDhlSHJvbUJTOVZzOWdHZks5S0lxLXBNdkpia00xTEJpXy11WmdmX3c5OGc4SFRGOTdjT0VqeWNjeg?oc=5,U21 Học viện Nutifood bất ngờ vô địch giải U21 quốc gia  Laodong.vn,Nutifood,Nutifood chiến dịch
Nutifood GrowPlus+ được sự tin tưởng của người dùng hơn một thập niên vì sao?,2023-02-23,baodautu,news.google.com,https://news.google.com/rss/articles/CBMirAFBVV95cUxPaUtENGJwVHNtaVRpUUcxcEo2X0lXc1ZlTXFQQ2gtdU1tbEJTby1rRUlSZ3l0TEFFMldYVk1Yc01BZVVqT2JsbUdzdXhDY1FWejB4emlVb0h6RUJyb3FxZFFMNVJJMzZEZDNmMldxWFdWcW9fMUhJQzVwam4zQzBCLVQ0aWxodnF6enhhdVNkUS1iNEFhcXVlcm8zUVlUZFE2dlViT1lCRExtYW1F?oc=5,Nutifood GrowPlus+ được sự tin tưởng của người dùng hơn một thập niên vì sao?  baodautu,Nutifood,Nutifood chiến dịch
"Đánh bại U17 Học viện Nutifood, U17 SLNA lần thứ 8 vô địch Quốc gia",2020-09-27,Đài Phát thanh truyền hình Nghệ An,news.google.com,https://news.google.com/rss/articles/CBMiwgFBVV95cUxOOGF3b05jc0VscjNCc1c3dExtX0VpMTl5T1E4V0E4UjVZak5BMjMxQ2hobnNvVzZjbFRXUFk1ZDNxZF83VnFqaW9sd1lnOHBzWXI0WEMzQnJhbkNPdEI1bEV6d04zaUZKQkhTOWdFOG12X2tjUWJsYzJzeHpKMVdYb256OVBNUnk2S3hzZGRDQ04yMFVTRjM0WlFXVXRNbzFYRW8xWTBER1pZRU1UaDhrZ0dlRkF6NTMyRGRXTjIyNU1RZw?oc=5,"Đánh bại U17 Học viện Nutifood, U17 SLNA lần thứ 8 vô địch Quốc gia  Đài Phát thanh truyền hình Nghệ An",Nutifood,Nutifood chiến dịch
"Đánh bại U17 Học viện Nutifood, U17 SLNA vô địch Quốc gia 2020",2020-09-27,VOV,news.google.com,https://news.google.com/rss/articles/CBMinAFBVV95cUxPRTM3V0ZjWkQ2a0JWTWpyN2wwS3Jwc0R3bXlPX1BoY1pVM213U0pnVkpUeGVYeE55cHNGWE1qb0tIX2w1YVNIRjZoSnMwSVF3b3FBLVhjdVpXZTdmUy13SFFUUTJ5N3Boa2xxSGdsYUlRMi1vUm5nbWVRaTRoR25uX1REbTc4RDh5S1dYOVQ2ODk2dFJDNTRYQjFkQkE?oc=5,"Đánh bại U17 Học viện Nutifood, U17 SLNA vô địch Quốc gia 2020  VOV",Nutifood,Nutifood chiến dịch
NutiFood đồng hành cùng bộ đội Biên phòng chống dịch COVID-19,2020-08-03,Laodong.vn,news.google.com,https://news.google.com/rss/articles/CBMiogFBVV95cUxNN3VVNXBTbVEwWXJBS1NremM4OFdOTzFtbXk4Z0FJdk9MY0lpV1VkNG9GVWdoVEVHNHoxWmFrVmhiRll6ZWdrb0oxVkZ5VGRjU0pOZnFsME1aTFBQWjdzOGdiaVlTSU1oelhUbVN2MW5JMVNUaFhaYU4zRThsdUYyS3ZCOS1sUTdFell1TU93N2FrNFllSFJNT0lkZDJRUWp2aVE?oc=5,NutiFood đồng hành cùng bộ đội Biên phòng chống dịch COVID-19  Laodong.vn,Nutifood,Nutifood chiến dịch
Học viện Nutifood tuyển sinh khóa 4: Săn tìm tài năng nhí sau kỳ tích châu Á,2026-02-06,Báo Đà Nẵng,news.google.com,https://news.google.com/rss/articles/CBMirgFBVV95cUxNZnpnNWh0RU52dkxUT0dxTTZHZ005ZnJvSXpmaExRbTRnTXZ5a2t6a2lTdldRcjVTLXBLV2VxZlFENEg5WWJndHhwQW9DTFcza2FTaHpwLWRmTk0zYTUyNjBrcWwyRDQxMF9GanVSRmlicUZ5M0ExUVZXYTZ1YzFnTUw1ZkdDanY3cmE2c1JkYWg3cFVtR3FiTjNtNi1NQ3pBTEI3X3ZGa1NCVDBYRmc?oc=5,Học viện Nutifood tuyển sinh khóa 4: Săn tìm tài năng nhí sau kỳ tích châu Á  Báo Đà Nẵng,Nutifood,Nutifood chiến dịch
NutiFood đồng hành cùng chương trình “1 triệu ly sữa” cho trẻ em nghèo trong dịch Covid - 19,2020-04-24,Báo Dân trí,news.google.com,https://news.google.com/rss/articles/CBMi2AFBVV95cUxOUUotdWRWdldEY2psb2pTTzVfM3JWN0RneHdoVmZsalIydklhcFZBNTNfRUFwTHJmd2pjMWZNS0pIRE44SG1zVVhLS0pTM0k2aGxTRDZBbUtXZnRvZ1RpVGJFMHRIajJ6SkxxUE9IWEo5R0M2MExZWXRDRTFCVUdkVk5GbkphbGtUYWlnaER0NFJtd1RSQUpSVzI5QmVlNEU5WlhxcnVhQjUtSnpCcDlQbjgycFJ6ZmpnYmZCbG9WTDBZb1lrRDhUSHJ0T1N0MnZWSU5nblJvWGU?oc=5,NutiFood đồng hành cùng chương trình “1 triệu ly sữa” cho trẻ em nghèo trong dịch Covid - 19  Báo Dân trí,Nutifood,Nutifood chiến dịch
VCK Giải VĐ U21 QG Thanh Niên LT 25 năm 2021 (26/12): Hà Nội và HVBĐ Nutifood tranh ngôi Vô địch,2021-12-26,VFF,news.google.com,https://news.google.com/rss/articles/CBMiuAFBVV95cUxPU3NRbVowY0pzUEFPODZjVWVXeHoxc1l6bDh4WHp0NFpGNEU3Z3lVVUcwS2ZnMFRDQVJGZU53ZHJsMFp1cWZSaUpYRk5KZjdUZUY4aC1DbFdfdlZyMF9XRWpfZWg5YThWZFItTVdlSVFzSDFNSTF1cnU3TmdhNExtVXVNUy1SNlNNZmtfbFAxSmpBa21HR1NNcEVWZWtrWDB4NFUtYzl5dDNvZVVzOUNJT0l1ZjZGV1J1?oc=5,VCK Giải VĐ U21 QG Thanh Niên LT 25 năm 2021 (26/12): Hà Nội và HVBĐ Nutifood tranh ngôi Vô địch  VFF,Nutifood,Nutifood chiến dịch
CLB TP.HCM tăng cường lực lượng ở Học viện Nutifood,2022-11-21,Báo Pháp Luật TP. Hồ Chí Minh,news.google.com,https://news.google.com/rss/articles/CBMiiAFBVV95cUxQOHFuazdVa19SX3VZbk9COXhsSTV1YkF1MkhlTU5lbmYxeng5eW9rVlJEUmh4cVNBLVBaa0JrMVVEa3l0Mm85YlA1T01hSnAwb3RBVzRHbHhMU0ZweU9kMUVFTThFZ0k4OUVBLXZEUTNLNzBiZy1Nd1U2TGlZSjVmZ0lzVjhyYWZK0gGHAUFVX3lxTFA4bzNWRHpjV3BRMG5BSTk5OTlvTXIxNW9XT1lIUmlrcE9lTlNYeGdKYnlzdlM2WFViZ1lDNXphcGd0OThSZVEzRFVRRVNNTXYwT0lpeDhYOFRKTjVHdmJ1Zkx0WnY3Qk01OUZVOXRYU2UxVENmeG51RXFOM05CNzU2c3VuOGtDVQ?oc=5,CLB TP.HCM tăng cường lực lượng ở Học viện Nutifood  Báo Pháp Luật TP. Hồ Chí Minh,Nutifood,Nutifood chiến dịch
Học viện Nutifood tìm kiếm thế hệ vàng khóa 4 sau kỳ tích U23 châu Á,2026-02-06,baonghean.vn,news.google.com,https://news.google.com/rss/articles/CBMipgFBVV95cUxOa1c1aS0zTG5OTE9ZeHMzbk9XUE9sSmFZaE1vVnhzMS1UNGh4OWI4a3hHTFZQeDE0VnpmQlZJT1NuNm4xTDVPalU5UWxWY0RtMkpRcVR0aktPajBLVmZJeFVVZEJwWWJQNVhGTlYxUEJ0NE9URnBSX21CaWZvR3lEWmtKc28xNUdBUEN3dUJaOGplT1pvby1aM2t1THY0LWdzVlJMeThR?oc=5,Học viện Nutifood tìm kiếm thế hệ vàng khóa 4 sau kỳ tích U23 châu Á  baonghean.vn,Nutifood,Nutifood chiến dịch
"Chân dung phù thuỷ marketing hàng đầu Việt Nam: Từ nhân viên bán dầu nhớt đến người đứng đầu chiến lược tại Unilever, Pepsi, Masan, FPT, Nutifood, Viettel…",2021-10-22,CafeF,news.google.com,https://news.google.com/rss/articles/CBMilgJBVV95cUxQN1dnNjd3UzBBUU5FbzZ2cnBrMWlTcDkyRXVqNTRhZG43YUhIeEstbHFUZ1h1UHE1UWJnOUVmVms0dFVERWNUTm1nVmR6MUdFVV94Q2R3bzJ4aFl2NzV0MkxQN3FSNmplZDMxYVZhOFJldHA2QlZPYnNUdk1KT0J6QXFhMjl3anRVTENrbWlJYmx1YzE1MFMwRzdnZ2I2RVYyWGkxZFA0SFdWWjRybTNJRGoxMW5Ia1gxMnJ3TzdpNFZ1UGFxNHlQcTg4ZVdEcno0bHpLWVI5dEh0dXVxX1RnYmV2eWZEeXRNbm5oV19WUGhCVjh1WElxN2NnSlZ2MkhuVmlkc09ubDFaVW00NEZkeXhhakIyUQ?oc=5,"Chân dung phù thuỷ marketing hàng đầu Việt Nam: Từ nhân viên bán dầu nhớt đến người đứng đầu chiến lược tại Unilever, Pepsi, Masan, FPT, Nutifood, Viettel…  CafeF",Nutifood,Nutifood chiến dịch
"Đánh bại U17 NutiFood JMG, U17 SLNA vô địch U17 Quốc gia",2020-09-27,Laodong.vn,news.google.com,https://news.google.com/rss/articles/CBMimAFBVV95cUxQWi00dkI1ZmYyTkIyZWJGcHdTNERRVTBSX2g1WVlNOWx1ekZSWlNqRkplWWdlazktVGlGR3RnVXR6bWhhaDMwUE42NXVxQ0UyX3ZkbGdhdXR3SE85YWtXWUM3OGFZTXBaX0JBTTdJUkhMRXJRdjg2WWNsWEI4VmhJUXhObkdybmh1a3VkSF9nSjhNdWZVclhWMw?oc=5,"Đánh bại U17 NutiFood JMG, U17 SLNA vô địch U17 Quốc gia  Laodong.vn",Nutifood,Nutifood chiến dịch
Nutifood tặng hơn 5 tỷ đồng cho các bệnh viện tuyến đầu chống dịch Covid-19,2020-04-07,Báo Dân trí,news.google.com,https://news.google.com/rss/articles/CBMixwFBVV95cUxQS24yZ2hCakt1Y1Y0LXhPNEYtT3pKaEpNOUxYcmZHQndsN1hlUlhkRFdFWHNTcmttaGZ0QTZjR3RjdEQtVDBYc3JHQU4zQ0xGV1lHLU8zWERvVGV2RFhJeGJ6WWRWeUItdmNhWmdCOEsxeHpsRXRWUjhMaHJmQ1VXRFdzRnZxUjNNcG1sWHljSUNBZ0pjeDI2R3pHM2NwSGlESlBpU2RheVNOYm9mZFNhZ0hSNERxakdYWnFFWjdoRDM1NmdFb180?oc=5,Nutifood tặng hơn 5 tỷ đồng cho các bệnh viện tuyến đầu chống dịch Covid-19  Báo Dân trí,Nutifood,Nutifood chiến dịch
'Nữ tướng' NutiFood: Triết lí kinh doanh của chúng tôi là luôn đặt chữ 'Tâm' lên đầu,2020-07-11,VietnamBiz,news.google.com,https://news.google.com/rss/articles/CBMivwFBVV95cUxOMHN2NHNaNktNQm5XVUtkUmxYSjlmSUR2TEJRbi13czdYaFBiWXVXTlpxeG9aSHhLeDV3c09lS1k0UC1Wc0FFSXhWUmowVnlmcUNPLVo2dXJVZ184eHJrX2trR1h3UFZ0MHN2aG4wVWpoSUEwemFidHJiUE1fQS1kMG1EeHlUclIzSVA5LV9VcTVxLXlEMlRSXzEyNnl2b0d5Y215UUxKbzYtMXNsVVYwRlRobTVlRUFidmplaVVhcw?oc=5,'Nữ tướng' NutiFood: Triết lí kinh doanh của chúng tôi là luôn đặt chữ 'Tâm' lên đầu  VietnamBiz,Nutifood,Nutifood chiến dịch
"Thương vụ M&A nghìn tỷ của KIDO Foods chưa “thuận buồm xuôi gió”: Nutifood chỉ kiểm soát về cổ phần, KIDO tuyên bố vẫn là chủ sở hữu các thương hiệu Celano, Merino",2025-01-07,CafeF,news.google.com,https://news.google.com/rss/articles/CBMiowJBVV95cUxPa1N1ZjlLbkQ4eUQySTIzV1NUMkc3VVREOVY4TDhNeEJzZVQzVjdIaGV2R2t5bUc0cDBsWVhZY0o5ajM5NFJ0S0tpbTZBQjNwWWlzNFB0ODZwaEFRdGNyaU9MaUsxU0tEOEZJZUIwaDRzMVdWQ0hYR2lWVG9RY19OODc1Y2ljUjNBYkJtWTNMbTlKbEdZa2U0RjE3dXVjbm1XWWQ0a050UFphSFJoSk1kQ0lwSWl1Vi1mNlRhZVFuS1hTVElvdXZiaFFVcjJfbGl2cDdoQVNxZ3FPVjVFUDhibE5tTkk1eHN1bXdEeGRtSFFPdmtmNE1Jd0NYRWRDdGZHb2p3RzlpR0ZEN3BadGlkeXUwcFRnTjZWMFN1VFJBbEx5LTQ?oc=5,"Thương vụ M&A nghìn tỷ của KIDO Foods chưa “thuận buồm xuôi gió”: Nutifood chỉ kiểm soát về cổ phần, KIDO tuyên bố vẫn là chủ sở hữu các thương hiệu Celano, Merino  CafeF",Nutifood,"Nutifood chiến dịch, Nutifood doanh thu"
U21 Học viện Nutifood JMG thắng trận 6-0 tại vòng loại U21 quốc gia,2021-12-07,Laodong.vn,news.google.com,https://news.google.com/rss/articles/CBMiqAFBVV95cUxOaWM2b01MSE4yR285eU5JbnZBLXFnNW9iWUV5aUZEakJCd3kxTW9yRUhnNlNFNXdWRkl1T0dUOU0zZmZXR3Z1WTM4UmkzWWFtTHVqZmFsOU9uRHE0dy1LUUx5SmZJUUQzUm9CRXFKYVc0NUlReG1Ncnk0dE1oWlpoRENDZkpfbU5sTTdvaWhaV002U1dZR0JCenVVTENEMnlVaXBiZ0JuTFo?oc=5,U21 Học viện Nutifood JMG thắng trận 6-0 tại vòng loại U21 quốc gia  Laodong.vn,Nutifood,Nutifood chiến dịch
U21 Nutifood vô địch giải U21 quốc gia 2021,2021-12-28,Báo VietNamNet,news.google.com,https://news.google.com/rss/articles/CBMigwFBVV95cUxQZ011VGp6aGo1Qld4RmJiRkU3MnFQM18zbUJIR04wS2x1RGVzNTFzbHlPdWR3X29MM2pnWnJRUXlKSHkxYVhRRmFxR2l1YlpkRFYycnljVnVER2VRaW9lNW9JNW1jT2dsSUdvZ2k5Ul9FZ2oxcXBGYVF3SEEtcENuRlZrYw?oc=5,U21 Nutifood vô địch giải U21 quốc gia 2021  Báo VietNamNet,Nutifood,Nutifood chiến dịch
"Đánh bại U17 Học viện Nutifood, U17 SLNA vô địch Quốc gia 2020 - Báo và Phát thanh",2020-09-27,Báo và Phát thanh - Truyền hình Ninh Bình,news.google.com,https://news.google.com/rss/articles/CBMilAFBVV95cUxQeVdqd2I5cVBBSkpIblo0el9kTkF5dDBnd1pOT2JuVnA1ZGZDczlhc3JTeWhqdkRDTVlkUjA3QlJzMWk0d0RTT3dTOWpLT0ZvaFYzcGd6czFCU1lIdi1YNDIxUUVOZ2RuOVJzRHp6ZWtWUkVtekw1cFlSNVZxNG1pUkYzbmxIZHNVQlF3QkpBYnR4bUtm?oc=5,"Đánh bại U17 Học viện Nutifood, U17 SLNA vô địch Quốc gia 2020  Báo và Phát thanh - Truyền hình Ninh Bình",Nutifood,Nutifood chiến dịch
Top 4 sữa non Colostrum của NutiFood đang được ưa chuộng nhất thị trường 2022,2022-02-18,Websosanh.vn,news.google.com,https://news.google.com/rss/articles/CBMizAFBVV95cUxQaUJjSXE4TC1OelNBR3lRc1MzanRiemhMSVRkXzNSX1piemloZmE5VFFzYlFVeFVHREtfMHF1ZmE3Y1ZLTVhqbkNzQlBETFVFRmtMZEFXWWhfajBDTElRUlBUbXBwTjhST2lHMGprYmZ2T1BiZ2w0NWpYTUF0eVhoWXJHdF8yZHo1c09uM1dXY0FKcWphbG5XMW91dVh3S05qaXdBeHFyR3AxS0pNd3ZUOTlsZTJPZmwySDF6cUdtN1RJcFlFdzdOVkU3MTM?oc=5,Top 4 sữa non Colostrum của NutiFood đang được ưa chuộng nhất thị trường 2022  Websosanh.vn,Nutifood,Nutifood chiến dịch
Nutifood theo bầu Đức đổ tiền nuôi bóng đá,2013-10-06,VnExpress,news.google.com,https://news.google.com/rss/articles/CBMigwFBVV95cUxOaW1hWFhxcXMtNGFhWjM2WWkweDVlX1dkZUpOZFJENm91NEQtQUl4Nnp0SFRQaWFRYi1UZkdhSDl5WElXOGVXTUUta2xHeUxRTFpXUGw5R0dBNFFyVjZRZW9nNGplaHp2X2Foc3lYT1dZUUhfb1U3NlNvODh0UHpCeWxyaw?oc=5,Nutifood theo bầu Đức đổ tiền nuôi bóng đá  VnExpress,Nutifood,Nutifood chiến dịch
Giải vô địch bóng đá U19 Ðông - Nam Á - Cúp NUTIFOOD 2014: Thành công bước đầu của đội tuyển U19 Việt Nam,2014-09-15,Báo Nam Định điện tử,news.google.com,https://news.google.com/rss/articles/CBMi5AFBVV95cUxQV1NWdUV2SjNlTzdfMk1RQTM2cklrWjZwNzlkRnFwSzBBMm9GbDF2X1ltSzdQTndteVVKVXN1aHRmQkVqTGhKRENod0ticW00RlNCWWktSnAzc2piQXFsdmFuYW5oa0hyQjBvRVhlYTBLbWVfSHVKM0ZOZDZsUnk4cnpORnNkVUNJWG1yUEItaldfQTZXem5qbnJQLVpiakFWMzFHV2x4cEQtZlVFSmNWNE8xbHhhSjBLaG9XUU00UUZmOVlnQWdxNFZ0OFBCVVd0YlFjNWliSEJCdUl3TW1QUW12Vmg?oc=5,Giải vô địch bóng đá U19 Ðông - Nam Á - Cúp NUTIFOOD 2014: Thành công bước đầu của đội tuyển U19 Việt Nam  Báo Nam Định điện tử,Nutifood,Nutifood chiến dịch
"Khép lại tranh chấp, KIDO bán nốt cổ phần KDF cho Nutifood với giá 2.500 tỷ?",2025-11-27,VietnamFinance,news.google.com,https://news.google.com/rss/articles/CBMisgFBVV95cUxOTnQ0VEkwQTU3VGxPMkYzOHkwNjRCa2ZuYU1PMURtcElqRW9zRFEzeUF1NXdlVC15cjN5ZGVFQ0xrNEJfQWRRVEdSVF9JdDY4NjQzenVGWDJaaHFnZFZ3cHpZb2V6SEV6M2lOcjlFSDFDZFRleUpHdG9sc3hKSkVUVG1uUEVIcWlJOERYTDVLRnpkM0NJNWloUkRVcHh2WkFocGVwZlV0RFRBc1hsRWp5c0p3?oc=5,"Khép lại tranh chấp, KIDO bán nốt cổ phần KDF cho Nutifood với giá 2.500 tỷ?  VietnamFinance",Nutifood,Nutifood doanh thu
Động thái mới: Nhóm Kido Foods - Nutifood trở thành cổ đông lớn tại một công ty chứng khoán,2026-01-29,Cộng đồng Kinh doanh Việt Nam,news.google.com,https://news.google.com/rss/articles/CBMizwFBVV95cUxNQUtyWmhkcW9IRkdYTGFXd0U5UVI1am5FT0lfeUI0VGRHMjB3RHVKc0pKLVpvblRja3BzUEJ5Qm1XSGtOV19fQ25iTkdtdnNRb0FCckpwRXhMQS1RbkZuX1NMSGJWQmp5cDBCOFRDX1AzaXc4WVJ5YV9HV1ZMeGVpTjBZQlBkVUtDMlNKZC1hSFdhdERveGlKR216ZEQweFJFSXhxSnQwb2xXY3Y1eGUzaXlFUGppUVUwZ2hXNzJzRHQ2bmVUOVZ5NkZsb2tsRDA?oc=5,Động thái mới: Nhóm Kido Foods - Nutifood trở thành cổ đông lớn tại một công ty chứng khoán  Cộng đồng Kinh doanh Việt Nam,Nutifood,Nutifood doanh thu
"Kido chốt bán mảng kem cho Nutifood, ước 2.500 tỉ đồng",2025-12-18,Tạp chí Kinh tế Sài Gòn,news.google.com,https://news.google.com/rss/articles/CBMihwFBVV95cUxOMGFrbEVhbzNSaXJDb1lKeFNXX0JXNUFjSkhaRWs4MmpIZmo3Z2M3VkIyMzU0c3RwQ3VMX1ktRnZRZ09zOFVmSlZXWGJ1UnYxN29TbUlEWTVueGpKYzhEZmZsVkE3VVRRUW14bWFBUkZBY1dzQ0gxdUwtZXlBUWg3cWJ1Y1J4Njg?oc=5,"Kido chốt bán mảng kem cho Nutifood, ước 2.500 tỉ đồng  Tạp chí Kinh tế Sài Gòn",Nutifood,Nutifood doanh thu
"Tập đoàn KIDO (KDC) chốt bán sạch mảng kem cho Nutifood, dự thu về 2.500 tỷ đồng",2025-12-18,Báo Pháp Luật Việt Nam,news.google.com,https://news.google.com/rss/articles/CBMivAFBVV95cUxQRmNzeHZJcW12aXVfU25QMFNyTnBYN3psdUtmMF9laXB3cmczQTNZTEJLSVo1VnNLUHhWejhHUnhhYW1abnBaZ1FMeGF6WjZGUHlxUG9UZF85NGptRHVXNGlWZWIyMlluNllNZUZfWDd0ZG9uVnB0ck4tcjNZeGktd2cxX3ZDdm1tSUFLVHZBc1htUTYyUW1ZdzlDUGRwNVVMYnJCM2ZvaVJMb1BiMF9sdTRUZEhmOFRSajJXbg?oc=5,"Tập đoàn KIDO (KDC) chốt bán sạch mảng kem cho Nutifood, dự thu về 2.500 tỷ đồng  Báo Pháp Luật Việt Nam",Nutifood,Nutifood doanh thu
Nutifood tiên phong triển khai máy bán kem tự động,2025-08-11,Laodong.vn,news.google.com,https://news.google.com/rss/articles/CBMipwFBVV95cUxNNGNNNW4ya0QtYzMyeXExNmg3dWdtaFhBY2hEaE9ySDVYLXBlNTFSRmdEdHZTcElnbWUwb3JYaFp4b3djbWFDc3RTLUZJaFpPMllfOHRaUWhZQWVtRUc2cVJBVkJPQTYxcWhOblYyeC1zel9LTjRmQ1JvR2VNNzJ0X0FwVGVlekdKTlZtSmRLamxISllrRzZXZlNqOXZzaXJvUXRXZXdzSQ?oc=5,Nutifood tiên phong triển khai máy bán kem tự động  Laodong.vn,Nutifood,Nutifood doanh thu
Kido - Nutifood: Nhùng nhằng một cái bắt tay,2025-11-27,nguoiquansat.vn,news.google.com,https://news.google.com/rss/articles/CBMigwFBVV95cUxNd3l6aC0yYnktZTF6ZjlLYy1SX3JuWmxlaVh0al9lR2FOR0hlUjRtMkZ3am1aZllfcUJ0VTJwLVJDZThyTjhyS1l1eE9EZ1JGV1VJdjZjYTctTGp4TzZqUkhXZERQdXhHcm05ZHFGc3RCbU0tV0gwWFpFMXh1MTdWM09GSQ?oc=5,Kido - Nutifood: Nhùng nhằng một cái bắt tay  nguoiquansat.vn,Nutifood,Nutifood doanh thu
Sếp Nutifood tiết lộ tham vọng vươn ra toàn cầu,2025-11-12,Znews,news.google.com,https://news.google.com/rss/articles/CBMiiAFBVV95cUxOUENLS1g0aDJtZFhLQ2taUS0wVmNUTDdYZ21tQUNuVk9jRDZkQkN0bkxOMTZzdWJUQ1o5ckdZYUtDek1hN09JVzFtWTFkUTlzNHVwNkxncU04Z0V0bUdVVTBDVHp5eXA5Vk8zOXVKY2pycUxzeXdLMzhQUnRKT1BITG9leGhKWHBi?oc=5,Sếp Nutifood tiết lộ tham vọng vươn ra toàn cầu  Znews,Nutifood,"Nutifood doanh thu, sữa Nutifood"
Nutifood chính thức ra mắt hai dòng sản phẩm GippsNature và Nutifood Australia tại Việt Nam,2025-10-31,baodautu,news.google.com,https://news.google.com/rss/articles/CBMiwgFBVV95cUxNS1NuRW5aZ2xtam1RX3NkNjZmSVB2T3hHaWNFdmRjUUgxRnNKVWI3Y0hiWjlyaURIYW9zN1hrNGdMZWdnS3NtQkpOdm1vZkxFMjI2c0E2RWo1ZHhhZVpITDExbExOU2FueE4xeFJQLW1Qbll6V3ZSY2I3cUZ0VFl6YU4zazFLODkwd3A2UkMwLTRGVXIybklZSjZoVGN4VktLM1gzb3FKeG5VdDVfR1J5blhEY0xrUFduWXdjZzFpV1YtZw?oc=5,Nutifood chính thức ra mắt hai dòng sản phẩm GippsNature và Nutifood Australia tại Việt Nam  baodautu,Nutifood,Nutifood doanh thu
KIDO chuyển nhượng mảng kem cho Nutifood với giá 2.500 tỷ đồng,2025-12-16,VIETTIMES,news.google.com,https://news.google.com/rss/articles/CBMinwFBVV95cUxNTGRhOVNEZmRvX0k4LXQtWHVGTWFJODZDRzhJUXppc19Sb2kyOVp4bmN0VVVCT1FkdnB2MlhkMURTVzhQVXBCdmZvX0pRUDJYdEREM3Z4WE81TFkzR0I0WUhxdlhTWUxrcktYRjByWHJ5VTdfejhOQ2YwSTJnaUdfSkJ2eDAzd0N5QkN4MWtJb3ZtbFplM0lWdVozdVF1NDQ?oc=5,KIDO chuyển nhượng mảng kem cho Nutifood với giá 2.500 tỷ đồng  VIETTIMES,Nutifood,Nutifood doanh thu
Nutifood và 25 năm “giải bài toán” cộng đồng,2025-05-22,VnEconomy,news.google.com,https://news.google.com/rss/articles/CBMidkFVX3lxTE9TLXdVNDlLaElwMU9TVi1xRXduUy1xS1ZmZmdaX2RrNFRoa2RvMVNWWVNPTmpoazQ2d21idG84cmF5UlVrblpxUWpqRDBaUlVfV25fQXU0d0I0b2pPVlBxOE9SME1fb1oxSEJrSzlraUUzRE1YQXc?oc=5,Nutifood và 25 năm “giải bài toán” cộng đồng  VnEconomy,Nutifood,Nutifood doanh thu
Doanh số Nutifood dẫn đầu thị trường sữa bột pha sẵn trẻ em tại Việt Nam,2024-08-21,Báo VietNamNet,news.google.com,https://news.google.com/rss/articles/CBMiqwFBVV95cUxQaEk2WUVzeVV1R3FPSFgtVnh3REY1dmdYOWhfbnNNRG9OV1UxeHZJeVhNNjhLcnpfQXVsUnZ0SGJSMjJZU2VRUkxzUno1cXF5dXBwZWMyQzhSNm1YdTNMWDllUEdSOW9fWDhNcGlFcGxFTUV3amY1cldlMDVkTU03R2tHNzlGNFdIY1V2ci1xS1ZzODNwclZncEhHMFdXbnpXakFIM0o0RW9tYzA?oc=5,Doanh số Nutifood dẫn đầu thị trường sữa bột pha sẵn trẻ em tại Việt Nam  Báo VietNamNet,Nutifood,"Nutifood doanh thu, sữa Nutifood"
Nutifood: Thương hiệu sản phẩm từ sữa nổi tiếng liên tục gây chú ý với các thương vụ thâu tóm và thoái vốn,2023-01-04,Báo Thanh tra,news.google.com,https://news.google.com/rss/articles/CBMi9gFBVV95cUxNaWFmZF9JNlNHeGkyZlZJY05xdUVPN1dXYVRaem5PR0J6SWREYnJOejVUbml6eW9NVG1iZGVOc29mVE13cGhSalp6Y1l1eVhEUk9GMlM1T1U0RGVCVjVYaHdveklMU1N5ZUR3R0cxQlJjNC1TaG1WaEVyVE9rZWxOYVVZejloQXh5WFlQSzhZSGIydTFQLUZEUGkzYlVGc3ZRYlkxZC1zY3FNVVUybWs5dndqRkxvM1I0UWRkeURiemlkQlR5dHJlMG5KN2VPWlUxRmxZX3dEcHoyMjB4VzBCTFJfSkhuMTc1NnpLZ201SzkyeTVpU0E?oc=5,Nutifood: Thương hiệu sản phẩm từ sữa nổi tiếng liên tục gây chú ý với các thương vụ thâu tóm và thoái vốn  Báo Thanh tra,Nutifood,"Nutifood doanh thu, sữa Nutifood"
Nutifood được Forbes vinh danh Top 25 Thương hiệu F&B dẫn đầu thị trường 2022,2022-11-01,baodautu,news.google.com,https://news.google.com/rss/articles/CBMirgFBVV95cUxNLVp5ZktRN25Ud2QzWlpJZm9mcnhLb2NDdjVKVXVvc01pRU1XMUJHOU1zSHE1N0dwdnIyR0ZiRkZBX1FFbk9BTEl3dkFHTGNFTnV3VDg2VW1oUDhndEcySUNUaTcwenhQQVpyR2RNanlJVkQ5c0ViWXBuOXdscEUzX1ljTFNZaHo0Z1h0RmRJZGJvVl9FdkNHakZUZVFhcE1XMFZpYjlsdkx3ZFlRTEE?oc=5,Nutifood được Forbes vinh danh Top 25 Thương hiệu F&B dẫn đầu thị trường 2022  baodautu,Nutifood,Nutifood doanh thu
Nutifood được vinh danh đứng đầu thị trường sữa bột pha sẵn trẻ em tại Việt Nam,2024-08-21,Báo Công an Thành Phố Hồ Chí Minh,news.google.com,https://news.google.com/rss/articles/CBMiqwFBVV95cUxQa0pGR2JmUEVjcmZKVk9TNS1vdDlISGRUS2R5UE5qSENOYWtUT1J3YUFidndwcEp4VmtSMFBaYjFfWk01dzJtbWMtQThfTDhyUzIzQktKUzktbzUzOUxwemhOc0haYXpoazVFYk1UN09MdkpYQWVFZ1k1S2F2UkowbFJsNHBPeE9nSEliTUkxeGhWQ2JyNTY1T2kxaVBOYVZ0T2hWN2M3Z1VRWDA?oc=5,Nutifood được vinh danh đứng đầu thị trường sữa bột pha sẵn trẻ em tại Việt Nam  Báo Công an Thành Phố Hồ Chí Minh,Nutifood,Nutifood doanh thu
"Vì sao Kido bán ‘gà đẻ trứng vàng’ nắm giữ 50% thị phần ngành kem, lãi 5 đồng trên mỗi 10 đồng doanh thu cho Nutifood? - Chi tiết bài viết",2025-01-22,Vietcap Trading,news.google.com,https://news.google.com/rss/articles/CBMi9wFBVV95cUxPQTNPQXJ4c0ZqNGRFbVVuTU5FUnc1bjdDTUEyTFMxVl9pMFNwWU1GTlVHVXJYN1BuMndPTjFuQjl3ZEdXbmVQMnFPckdaU0VYSTA2SmFqaXdVZmNLWmZsNnN6S3lHdHdhZm96d3pYNFBfMFZWUmc3QllzMk5jcWloNU53amU2SGJpZE9xUEV5Sm9HNHFIelVRY1ZUalJ2QkZpd25sVDJfaThMMEVLTVVJdklNODRZa09uWERPM3NqbXlkbnFNQUp6NVczZ2k0WmI5OVNUZUVNU2dBU3ZaSDQ3d2dsUG56c2xfOWhXb1U4M1k1Sm12SUc4?oc=5,"Vì sao Kido bán ‘gà đẻ trứng vàng’ nắm giữ 50% thị phần ngành kem, lãi 5 đồng trên mỗi 10 đồng doanh thu cho Nutifood? - Chi tiết bài viết  Vietcap Trading",Nutifood,Nutifood doanh thu
Hành trình sữa Nutifood GrowPLUS+ nhập khẩu đến tay người tiêu dùng,2025-05-21,VTV.vn,news.google.com,https://news.google.com/rss/articles/CBMivAFBVV95cUxPQTV1UHM1TmRhR0ZYRXV4VkxWZGVQeUJaeVBkeVNaUEN3cS1FUkRnSDZFNUxBbXEyRDVkQlpyT0JKSVRoOG9uMnNydExDQm42dzZtZjJWY3pXbDBvbmFfWEFUeFhOX3lKSTRDN2tneG1RRmJsU0RnaDViMkJSMUs3WEVZSmxydmtla3hRRGVrR1lRTGx3UjNRdmlGMFpwZV94ZHZNV3JDejY3N0hWQU9hNnFfckRBMkNXR3BEUw?oc=5,Hành trình sữa Nutifood GrowPLUS+ nhập khẩu đến tay người tiêu dùng  VTV.vn,Nutifood,"Nutifood doanh thu, sữa Nutifood"
Nutifood vào Top 50 doanh nghiệp - đơn vị tiêu biểu của TPHCM,2025-04-16,Báo Công an Thành Phố Hồ Chí Minh,news.google.com,https://news.google.com/rss/articles/CBMivgFBVV95cUxPU3drTHNFS2N4U2lGUTVWNTV2YnVBdlpUSnVQSjZTVDZuOHFXeUF6V0Q5NTB6N1QyWF9mcGtwWnZCQ1lOSmsxVVg0c0xkOHpMRERYdlF2eFJnOWl4LU5Ydnc2U2E2SE9LTDVKUWRrOTk4S1psNXU4SVpvbi1pYmF4djVtbzliTFEyZzRJclppNy1xdVlBbzN3aW1nNE9fOVNQdFh4NTNNQVZBUUVfeWxFbWMyS0loTmEycndTaTF3?oc=5,Nutifood vào Top 50 doanh nghiệp - đơn vị tiêu biểu của TPHCM  Báo Công an Thành Phố Hồ Chí Minh,Nutifood,Nutifood doanh thu
Nutifood GrowPLUS+ 3 năm liên tiếp đứng đầu doanh thu sữa trẻ em tại Việt Nam,2022-03-21,Báo Dân trí,news.google.com,https://news.google.com/rss/articles/CBMiyAFBVV95cUxObEtmaWtPY1dvNGFkMk5IcTEtaDF5TTRBOWFoeE9Idl9mOGlhYVhYTDgtUWVQMGd6Z0xmZlVrV1ZOY1hnS3hQZUJxSFlIUEV2MTQwWlBPdlptV0ZKdUNHSzhBUElJVXlhM1RDTF9KaWRySGVyU1dYM3lXVE8yYl9uY0hPTWxORUNxWS0wTm9hQm5VUUJuU25Gb0dUWGFScjBkVk51NmNSYnpST18xZFhwb0ZaMjhvVDNIRlRJRFQxZXhKWEY5Y2lXcA?oc=5,Nutifood GrowPLUS+ 3 năm liên tiếp đứng đầu doanh thu sữa trẻ em tại Việt Nam  Báo Dân trí,Nutifood,Nutifood doanh thu
"‘Ông lớn’ ngành kem được định giá 4.450 tỷ đồng, nắm giữ gần 50% thị phần trước khi về tay Nutifood: Cứ 10 đồng doanh thu thì lãi 5 đồng",2025-01-22,nguoiquansat.vn,news.google.com,https://news.google.com/rss/articles/CBMi-wFBVV95cUxPV2VFaGNaYmc5ZnlsVGt5aXdjR0R0VWh2MnRXZHJJcWRjenVjQ0tLZi1sLVB3SW5BeS12cmU4WXRjMjJpbllEWFJ0UFNlSXNsenVCdFF3a1hIbUNIampNLUs4a0hGWFdEZ0REX3B6d1Jmd2xXQU5CSERnaFFaSktFR0h0c09lRWxuREEtWngxN0xLajc4eTBfNUVyMTVFaGlYRThOY0RfNlVNUlk1RklKZjZPVlZ5WUx6R2ZNQlFHRXFLdFFoZ0RfVXV4dHBuWU15NTIzdnhiTkVJSEN5RzU4RzFhWkdZbmxyVGh5WDJ1WEVPZERRSjAtNXU0bw?oc=5,"‘Ông lớn’ ngành kem được định giá 4.450 tỷ đồng, nắm giữ gần 50% thị phần trước khi về tay Nutifood: Cứ 10 đồng doanh thu thì lãi 5 đồng  nguoiquansat.vn",Nutifood,Nutifood doanh thu
Nutifood liên doanh hãng sữa hơn 130 năm của Australia,2025-05-10,VnExpress,news.google.com,https://news.google.com/rss/articles/CBMikwFBVV95cUxOS2dVMVZ5RlM1N1hjUEpYZVVDNFlCVFdvQkNaS3M3Ri1uSVJmRkhwUXpqN3gwY1VodlBMeDN2ZmpJc3hQWENOcjlqaV9kNUYtdTQ5NXZJdzA1SFNjNnVGMkQxMmhMbkd6TG1iTHY1aVJLN3NWbkM4MlFXVkFhMlMycElmV1lBMFFpVVRWV29saS1LRm8?oc=5,Nutifood liên doanh hãng sữa hơn 130 năm của Australia  VnExpress,Nutifood,"Nutifood doanh thu, sữa Nutifood"
Nutifood được vinh danh là 'Nơi làm việc tốt nhất châu Á' lần thứ 4 liên tiếp,2023-08-08,Báo Thanh Niên,news.google.com,https://news.google.com/rss/articles/CBMiuwFBVV95cUxPVFRqSHVVblA3cmd2WVFldzdvS2FDSm90eVpXREVQb2tyck9rWG44c18zdWVQVlVfWjJjY1p2OGpTcFF0QVYycG5aM3ZQTjg2UlZBR3BPVWNaVVJjOUFKZy0yVWdQNkhkNXNUWDN3S0g1ckk2c25Ga1puTnJoOTI4cDFwZmxUcWpOaVlGcUYyQVRTc052bkE5MEl5QWlRNmNMZU1lUVk3ZVNnSUotQzlPOHVYLUMtZnVBbHVr?oc=5,Nutifood được vinh danh là 'Nơi làm việc tốt nhất châu Á' lần thứ 4 liên tiếp  Báo Thanh Niên,Nutifood,Nutifood doanh thu
Nutifood đứng đầu doanh số sữa bột pha sẵn trẻ em tại Việt Nam,2024-08-23,Eva.vn,news.google.com,https://news.google.com/rss/articles/CBMiowFBVV95cUxNMkZ6bDFfbE1fSXhyWHpGMjU1bHdpUElMOGVpR3lPZ1M1UElpOGI5RGp2alhsbVFabldjSGpxR3FkQnF2YVlzc3R2eVFIYmtoeEtyQWo4dUJzckxMLVVNX0kzQ1Q0ZERBajhWbzhZRDRmd1RUN0twRDFWMDBmQTNEOUp2VWZkemVhQjRrdXdmenAtNFVIQVBJR28yVnN2SHZsRzc0?oc=5,Nutifood đứng đầu doanh số sữa bột pha sẵn trẻ em tại Việt Nam  Eva.vn,Nutifood,Nutifood doanh thu
Nutifood được vinh danh là “Nơi làm việc tốt nhất châu Á” lần thứ 4 liên tiếp,2023-08-12,baodautu,news.google.com,https://news.google.com/rss/articles/CBMirAFBVV95cUxOZzZxSnVsYVE5Wm0tNjVJcHFKX0NaN2g2R1dqdXNlRlM3WWJRRUJsSWMzRkpSQ0dCVF9ydlotMzlSV3Z6SnpiSXJ5a2xQd1RZcnZ5Uk1seEIzaHJCUE5KaE9INlhtWjdNcUtaQ2p3RDAydUtNN2RJSi1YMXNxQWpXT2puMjAtYXpoOERSWFR2RlV2ODJXYTZRLXZ6Q2pTcnVLV1RnYTliMXZGSklR?oc=5,Nutifood được vinh danh là “Nơi làm việc tốt nhất châu Á” lần thứ 4 liên tiếp  baodautu,Nutifood,Nutifood doanh thu
Cách Nutifood GrowPLUS+ giữ vị thế hàng đầu về sữa trẻ em,2022-03-21,VnExpress,news.google.com,https://news.google.com/rss/articles/CBMilgFBVV95cUxNMUNyVmM0RDZZQjNTa0J1V1gzOUdINERHa2dGUnRIdmNKM3dXRDFxbTI2OWFrd19VNWtVRjBHNDU4cjNwX2x6alNkVWI5QmtsTzdyS0xVUkRJc3hWdWN2NzVQVG54OTFGQlByNzQzV044QzVfRkh3NHdKQXlwU3ROOHRHazFFWnBoM1hZOTdzQndWaVFLLWc?oc=5,Cách Nutifood GrowPLUS+ giữ vị thế hàng đầu về sữa trẻ em  VnExpress,Nutifood,Nutifood doanh thu
NielsenIQ: Nutifood đứng đầu doanh số sữa bột pha sẵn trẻ em tại Việt Nam,2024-08-21,Tạp chí Nhịp sống thị trường,news.google.com,https://news.google.com/rss/articles/CBMiqgFBVV95cUxQWFMxMnBNTmg1Mmlwd2VueEwyWjVON0JqVHhDcDgxUTR1WF8xOUxrV2RtempPeHlsWEtQZXAxeGxCQ0ZNaGpvR1ZiTk92TThmNWdoNTA5ZEdJWU5VQXRHMktiYWQyeTNXZUdwd29WallPWnlXaEQwQjhWOEROSnRLU0tNUUw5b3MyRzVfRDVXOXo3YkRtempHOVBsLVJfUUI4c0NjdUN3MzVpZw?oc=5,NielsenIQ: Nutifood đứng đầu doanh số sữa bột pha sẵn trẻ em tại Việt Nam  Tạp chí Nhịp sống thị trường,Nutifood,Nutifood doanh thu
"Chủ hãng kem Merino, Celano trước khi “về tay” Nutifood: Bán 10 đồng lãi 5 đồng, từng được định giá 4.450 tỷ đồng",2024-09-28,Chứng khoán DNSE,news.google.com,https://news.google.com/rss/articles/CBMi5AFBVV95cUxNaXVnd2kyaUt6MVNEZVBZWVBjZ0xYUlMxMS1zOTdjdmR2SnplSU92Y2tQM0NjbENkMFlQODVzMW5ZdkRJRWtuSVZua3hxMUV6UU5fWk9JWVdyazVEYlg1Sno0TlNQZ0VuNDlDREV2elEyZ2U2LTg2bnJaRmNCTERta1dDTTNiYmRaQ19zYmdUd0JPdTVILXR4YWc3U01lLUdUemtRUnprOWNtT2dXSGhsa0w2N0VoVlJSY21iVXp1RTlKNFQ3TnVUMVFrUnZQYVlfTTRjWEtaUXU4R1luYWV5U2ViaVI?oc=5,"Chủ hãng kem Merino, Celano trước khi “về tay” Nutifood: Bán 10 đồng lãi 5 đồng, từng được định giá 4.450 tỷ đồng  Chứng khoán DNSE",Nutifood,Nutifood doanh thu
Nutifood và KPMG tại Việt Nam nâng tầm chuyển đổi số với dự án GrowHigh,2023-08-16,baodautu,news.google.com,https://news.google.com/rss/articles/CBMipwFBVV95cUxNVGIzUmVCc1hRM2FsQm5JbmZON2NMQnRTdC1WMnhDR254dU15bGdSVmFIMFRHUy1ONHFyd2NJdUhydU9vclBiLTFCWm5KTzZJOVdDWkFjSEpLX3JFblNZU19GcGdFWmg3cUREdzE3YVFSU2xWemVQa3VJZ1pxQzcyeFNPNWgzakh4NlF3ZktWVWVvVHN4NHJqVEZ2aWMydS1jVXFLZEVydw?oc=5,Nutifood và KPMG tại Việt Nam nâng tầm chuyển đổi số với dự án GrowHigh  baodautu,Nutifood,Nutifood doanh thu
"Chủ hãng kem Merino, Celano trước khi “về tay” Nutifood: Bán 10 đồng lãi 5 đồng, từng được định giá 4.450 tỷ đồng",2024-09-28,CafeF,news.google.com,https://news.google.com/rss/articles/CBMi4AFBVV95cUxOMWxhTDNVMGZOQnkyc0k1VktwN2xNUkNRcnh3cmxlME1Nb0ZDR19jcVlsanFNQUYwOVR4YllJY3hQb1hGazNKdjMxOEg4dFc5dlBXWXdQTXlXc3hnNnQxMHhJWmZhQklzMExMRDBMSFoyTGhFLUdvRWJoNVh1S3BqNWhPNkpTMTltaVE3WGZqOTdSM1RwQTh2NGJkMmpKQjE0T3I5em1YdEdJTkRFQzBaNzV0RDlqUUhfWFNFdTQ2T0Q0LXFaaUpwWGVGY2xSSGFMRDZSdjM5S2tyQ09MMXpPQQ?oc=5,"Chủ hãng kem Merino, Celano trước khi “về tay” Nutifood: Bán 10 đồng lãi 5 đồng, từng được định giá 4.450 tỷ đồng  CafeF",Nutifood,Nutifood doanh thu
"Vì sao Kido bán ‘gà đẻ trứng vàng’ nắm giữ 50% thị phần ngành kem, lãi 5 đồng trên mỗi 10 đồng doanh thu cho Nutifood?",2025-01-22,Chứng khoán DNSE,news.google.com,https://news.google.com/rss/articles/CBMi7wFBVV95cUxOc3BYNVFrVnVZaUQ1OTJuaTZ6MVpNZG9ySVZheF8yOFBVb0VoYkhSQ1VxTXlHUjdCUktCeTBWN091NHlrTTM2UENLak9CNmNocWVQcU1aZ0ZBOGhObElPOGFKZWRacUEwcHdSeDZXUFVaU3ZxZWF4cjc2dG5JM01SNnBEZjUxMHJsQXU5cm94dll2TW5kdThDeE5Bb1NDd2puUFFXV2ZWQVRLeW5XSGJBUmRLNklicEJqa3BuYUlaVUVUeTVjb1VrN3hxMGZKbllqbUNTX0FzTW1SY05ZQWRvcHlmcWdLLXBlQ0FwYjNwMA?oc=5,"Vì sao Kido bán ‘gà đẻ trứng vàng’ nắm giữ 50% thị phần ngành kem, lãi 5 đồng trên mỗi 10 đồng doanh thu cho Nutifood?  Chứng khoán DNSE",Nutifood,Nutifood doanh thu
"Tiếp nối M&A công ty Thụy Điển, Nutifood bội thu loạt giải thưởng uy tín châu Á",2022-10-10,Doanh nghiệp và Tiếp thị,news.google.com,https://news.google.com/rss/articles/CBMiygFBVV95cUxORUU4UkpzYmhQUVluNkRyOXNfU1BEYWNnX0N3YTR3MW1CSjA0NktmbG1SSDdRT1EtRGR6eS1Ea3hnM2tRSkJ3eFdNRl82bldIdE9SUVU0bG5oeGx2RzItU05JOEdDSjRlN3RfTnh0bGxWdVRhV014QXhUalZkZ1RGRHd5bnU0OVNhbkd6dFRvVlFwSDR4c0c4bENmN2lCNlFWejk2UmdrbE1lekp2Njczd1VwVEd5cFhPS1BJamlTQzIwRVhKS2tIVjdB?oc=5,"Tiếp nối M&A công ty Thụy Điển, Nutifood bội thu loạt giải thưởng uy tín châu Á  Doanh nghiệp và Tiếp thị",Nutifood,Nutifood doanh thu
Nutifood công bố hoàn tất đầu tư 51% doanh nghiệp Châu Âu,2022-09-17,Laodong.vn,news.google.com,https://news.google.com/rss/articles/CBMipAFBVV95cUxQT0hmNVBoNVdCSEkxM3hfNElOa2JXZVV4ZlFyMnk3UWJNamdRcDNSdlZQT0JQSGRaMjh3alVfdmdoSWtKTE93SC00TWpMd3AtVE92YzRGc0ZiV0xnZjI2dTZ1RXRPYkUtb1BSNHNzNlBVYW1rNzItUHRRY1VsdWtKVUhtWlZLM1FuZGIwWjNESVpoNTRaU0VHUzJNbTNtdFZ4Tm1tZQ?oc=5,Nutifood công bố hoàn tất đầu tư 51% doanh nghiệp Châu Âu  Laodong.vn,Nutifood,Nutifood doanh thu
Nutifood muốn thoái toàn bộ hơn 77% vốn một doanh nghiệp cà phê thua lỗ triền miên,2022-12-26,CafeF,news.google.com,https://news.google.com/rss/articles/CBMivAFBVV95cUxOUTVWS0ZyaUdSRjVLZnYtUE9jcTJRVDNUMmFxT25MVHBBUHVMYzZXT2x0NEM4TFA1R0NyU3J0WWJxQy1VNVFmbmhob0E4N2lDMVlGWEtqVnFYRnVONWcwTTVjOUkyZnpPUzFfZW1hYTAzZ2RmUE8zTS1TalhiUUJiekVWc3lqTUhTVFJQSkRhZDdMYWpSM3ltdG13dkpLQ1V5X1FSQzhrRWxmWXlDODFnd2FyOXlYUXRSM0RIYw?oc=5,Nutifood muốn thoái toàn bộ hơn 77% vốn một doanh nghiệp cà phê thua lỗ triền miên  CafeF,Nutifood,Nutifood doanh thu
"Chiếm 22% thị phần, NutiFood là 'Nhãn hiệu sữa trẻ em số 1 Việt Nam'",2020-07-12,Znews,news.google.com,https://news.google.com/rss/articles/CBMinwFBVV95cUxPd0JLYV9EbFZjQjFPVEZmVG1oWmNPTzQwbU1TR29QWURyZ0U4YU1XaXFLRDdtZElTVnZTdzU4aVpiTFlVb2NiazJxb015UjE0czFvVUpOajk1MGxDeDloT0daR280OXlxMmJ2dkpIV01DZXJjbUtnYS13Smpoczc1THZXUTB2d3YzWnc5dnhNd2NEbmtDdDA1cFFYOWpkZ3M?oc=5,"Chiếm 22% thị phần, NutiFood là 'Nhãn hiệu sữa trẻ em số 1 Việt Nam'  Znews",Nutifood,Nutifood doanh thu
Nutifood ra mắt dòng sữa công thức mới,2022-04-22,VnExpress,news.google.com,https://news.google.com/rss/articles/CBMifkFVX3lxTE9ieGk2bi1DT0JHMmZKX3Rud3pQWEt5cGRoajM0N2h1OEZZbm5JNFN2ZVdIX2ZVQVpnVVlBUDg3X2lKbGExbE1pSWEzR3pTTkM1Q205NGFDc2xfdFh3QVFBRi1UbzE0U21KNXBFZUZjVXc5azk5dndaWkFoUXdWUQ?oc=5,Nutifood ra mắt dòng sữa công thức mới  VnExpress,Nutifood,Nutifood doanh thu
"NutiFood tăng tốc hợp tác, vươn tầm quốc tế",2019-01-13,BÁO SÀI GÒN GIẢI PHÓNG,news.google.com,https://news.google.com/rss/articles/CBMiigFBVV95cUxObkc4N3NKc2VLVndZTFF1VmsybFR5MzhQOFA2bmN4clBobmtIUVBpU04tNWF0YXdhbW5iVzBuZmotOGNVOGRUVEF1NVNjdlF4NkFXRFpwRi1wdk50MFFBZFl1ZXZ3eXhLQzVjbkZ3LXlkb3RwNUEzbDBldmxZRGpBYWdNQ0hTSXRMM0E?oc=5,"NutiFood tăng tốc hợp tác, vươn tầm quốc tế  BÁO SÀI GÒN GIẢI PHÓNG",Nutifood,Nutifood doanh thu
Nutifood dần trở thành đối thủ đáng gờm của Vinamilk trên thị trường sữa bột,2018-06-29,Thương gia,news.google.com,https://news.google.com/rss/articles/CBMiugFBVV95cUxPZnVJRlNVN2QyeDU0S3F5N3lwZUZCaUl3Q2VJZXptZXVWdnktWEpOX1FkM2Q3V0ZHbk1PakNMS2JoWmV1UXRGNndXMEZkNzVCTk5qYlBhTF9jbVZLZ2lYOXQ2WVFSNGJXUnBQbjRaNU1MSDR3aG9uWnRLanpMVnpqbkEtcF83ZExiQmg0d2lDQmZOUUMzSzVvYlFwb1BsbFcxWFBUby1iQmZLZnNYaDNNdGRmRVlNRl9sQ3fSAbgBQVVfeXFMTjZzMU81R1ZrM0xUYWNBbkNILTdnMFhwSUo5RV9RQUxqaG9uQ2xacDAyQVo4S29YR3RHTTdtRkpoRmUxWXMxMzMzdlpqZTg2SHBoV293Vk1xYXh5dnRFa3ZBeUNOS1pVOW5IY2pTQzRsV3hsd096NXlILVI3UElUOXlaSDBlY1pLemJuS20tOFFGc054cjQ3bk5rcTVGUm56SUJ4blVHX0Z4S1h3WnlVVkYwWUNMbDlMXw?oc=5,Nutifood dần trở thành đối thủ đáng gờm của Vinamilk trên thị trường sữa bột  Thương gia,Nutifood,Nutifood doanh thu
Bà Nguyễn Thị Phương Thảo và CEO NutiFood Trần Thị Lệ lọt top 25 nữ doanh nhân quyền lực nhất châu Á,2019-09-24,VietnamFinance,news.google.com,https://news.google.com/rss/articles/CBMi1AFBVV95cUxQZGtzcWdkeEs1ZkFlVFFZRG11Tk1YdVNVRklfUVZjWXlEZGZ1QmhkTlVmbFBEaHhBUlRmUHpoLVJsVXdfX0RYZ1lEMjFsVDBLeTV0MGVjWHVvaWlzdUR4VzRkWjNKZTlvOVdKTEsxM19LQS1BNlU4b1U3ZVM5WEFlUXBtMlpzYklNUzVCYl9zcEVLNEE5QmVvLW83anJOSmY3S0t3VGFlU052WGlUVVBaUTZrUW5LMUFSVjh5dlJJUWpMeHNVYUxSM2tvdXNhbUNzWUlOOQ?oc=5,Bà Nguyễn Thị Phương Thảo và CEO NutiFood Trần Thị Lệ lọt top 25 nữ doanh nhân quyền lực nhất châu Á  VietnamFinance,Nutifood,Nutifood doanh thu
Nutifood sở hữu dây chuyền sữa công thức đạt chứng nhận hữu cơ Úc,2026-02-16,Báo Tuổi Trẻ,news.google.com,https://news.google.com/rss/articles/CBMiqgFBVV95cUxNeE1nQnNQTEVTaDRsMmhUcTRJTk9fS3BHNGdpOVhEWTduR2JfRU5BLWwwMlZlakxuRGhhNEVnenpTSjNfXzkxWlFOZWhDRUZPS1liTEZwOVJ2MjRsVWVwaGVoOFR6NjViOWFwdVYzRXhqeXJYY2s0T04tcHQyZm91YU9RNlZCdUQ3ZnJVU2JITmtjTzNsWnhfSkVtZEltajFGRUJsUmt6amNxQQ?oc=5,Nutifood sở hữu dây chuyền sữa công thức đạt chứng nhận hữu cơ Úc  Báo Tuổi Trẻ,Nutifood,sữa Nutifood
"Công thức Nutifood FDI nhận bằng sáng chế từ USPTO Koa Kỳ, khẳng định giá trị khoa học dinh dưỡng toàn cầu",2026-05-15,thuonghieucongluan.com.vn,news.google.com,https://news.google.com/rss/articles/CBMi5wFBVV95cUxQOHlteUlVR2tuN3pIXzI3bWd5VlZITG1MV3RpWkk1ZEhrS1B2R3BJUmlhTmg4QlBsd1JGU0pRZDFSSUpreEZJX2JmcjViYWlHRF8yNjlDME9qTHFVWU95c25mVVozd2lCTFlNQ1R0S2dhcmpsNTRnUFVra1YzTEEzVVJ1bDZBdXN4RFRnSjBBQUFFTlczekhxMmVfWVE5UmZnaHR1OFJ5NmFWYkVFOUFXMjF2cXpad3d2UHYwWkhiSUZNWGN0UnhFRXR0RkJWUVB3LVJKbXRqTkllUU1jemp0MVBTZUJLeUE?oc=5,"Công thức Nutifood FDI nhận bằng sáng chế từ USPTO Koa Kỳ, khẳng định giá trị khoa học dinh dưỡng toàn cầu  thuonghieucongluan.com.vn",Nutifood,sữa Nutifood
Ra mắt dòng sản phẩm sữa Úc cao cấp-Gippsnature & Nutifood Australia tại Việt Nam,2025-11-01,baodautu,news.google.com,https://news.google.com/rss/articles/CBMiswFBVV95cUxOZ3ljOER1YldFdnROU0lkbXJsclFJV3pURDNnLS1EQ1BpV3hWbFkwR0JOLWYwVm9oX1I0N05XM193WkRWZlNOX3FZbVY0Y21DQ3pEbmd3VGRXUTZFb2RHdWVjVGkzMVlRVVpGcXR0SWViSFpUVDRMLUlqOXhKYk1mYThmMUx3UzlLUmFCOW9fZENpUjdLcjlpRmVvd054anFQOUIxUmJ5QW1VNnBqalFQZzRGTQ?oc=5,Ra mắt dòng sản phẩm sữa Úc cao cấp-Gippsnature & Nutifood Australia tại Việt Nam  baodautu,Nutifood,sữa Nutifood
Ngày hội Bóng đá nhí Nutifood 2026: Từ sân cỏ nhỏ vươn tới giấc mơ lớn cùng,2026-05-07,thuonghieucongluan.com.vn,news.google.com,https://news.google.com/rss/articles/CBMivgFBVV95cUxNLWhKZDZ4QVZVXzc2R04zSEYzSWlUaVFoNFBMRWZSLW41Wm5yWllHeHZmLWExMVIxVW1qVlZOQUp6ckNTUUNaN2VocXlaRUh6RHZFWm14ckQxNUx4TDZTT1dwX0g3TXpCa0NQS1RLRElwVERzNTdrck1adXp2NzZHSkZhd3NuVkVpOTlQcDZHMkVsZTV2dmlsR1VzU2E5ejkwdnIzcEthN3laejE2dEFLNWVXLWJoWmZLWUZ6OEh3?oc=5,Ngày hội Bóng đá nhí Nutifood 2026: Từ sân cỏ nhỏ vươn tới giấc mơ lớn cùng  thuonghieucongluan.com.vn,Nutifood,sữa Nutifood
Nutifood rót thêm 761 tỷ đồng vào nhà máy chế biến sữa tại Gia Lai,2025-08-27,baodautu,news.google.com,https://news.google.com/rss/articles/CBMioAFBVV95cUxONWJvcTBIRkFzNTdraGE4V21BUGIzQjVvNHlSZmRLMlRpV2ptTmdBQnA1MVRRT0FYTFhacDc1TlVscUJsYzlYQWRjLU1qc1RidV9OaGdMZEI4XzhDbVQ5THJNTkduSlF1U0tlSGxYT2FCVDQ5MUIxblgxQy1Fb0VtNlZnalMtOHBzYUhLOE5PUU5iVi1BclZyNnRTQkJGd1Vu?oc=5,Nutifood rót thêm 761 tỷ đồng vào nhà máy chế biến sữa tại Gia Lai  baodautu,Nutifood,sữa Nutifood
Nutifood ra mắt dòng sản phẩm sữa Úc cao cấp Gippsnature Organic A2 tại Việt Nam,2025-10-31,diendandoanhnghiep.vn,news.google.com,https://news.google.com/rss/articles/CBMiwgFBVV95cUxQV2g2Mks5OW9JN3c0eFFyTXdlREJIUG9Idzl4N1dYZWE5SkVQLXI3OGFodDgxaGZBdW13akR0UWtUcVFpRmZ6Tm9EVDA3Q0N6VUxiSWhDZW5WV293cHZkSWtoREpwcFV0QXl3Nlhkc2d3LWdUdDMyUzdNcV9zZWFQenJpZjhkZGZDc0d0RHZDSmFPT1VreTd6am84b1hBeklwV0h2NXp4LUpMUk1UMnV0cGRPOVl0Q09HZ3BEZlpkOU9tQQ?oc=5,Nutifood ra mắt dòng sản phẩm sữa Úc cao cấp Gippsnature Organic A2 tại Việt Nam  diendandoanhnghiep.vn,Nutifood,sữa Nutifood
"Nutifood chi 3 triệu USD đầu tư chăn nuôi bò sữa tại Mỹ, tăng tốc chiến lược toàn cầu hóa",2026-05-19,Tạp chí Doanh nghiệp & Kinh tế xanh,news.google.com,https://news.google.com/rss/articles/CBMizgFBVV95cUxOVk9yRjJYZnMtQVY1c2dTSnBzWHJKeTBZQlZxSHN5U05ETmdzTW9OZTJQMDlpdFdUd0VxbkRqRHQ1WlVWcmdnR18wMk9GTHhjbTZLbVF1QUc4YjNWM1F1c3BNRFFNa1R2WG5mcHRIcEkweDNvR2VWWVMtcEdpMWs5UllKNU81bDlueEJMZVBwZTFvOEE4ekhYdUs2bExNS1pFbTR3WDl5SGhxSzR1MmFJcG1iNEVLY0ZveFllNHU2Tm9NNEFyREZWdWV6M2J1dw?oc=5,"Nutifood chi 3 triệu USD đầu tư chăn nuôi bò sữa tại Mỹ, tăng tốc chiến lược toàn cầu hóa  Tạp chí Doanh nghiệp & Kinh tế xanh",Nutifood,sữa Nutifood
"Khát vọng phía sau khoản đầu tư mới 6.000 tỷ đồng của Nutifood: xây dựng thương hiệu sữa tươi Gia Lai, tạo dấu ấn trên ""bản đồ"" thế giới",2025-09-07,CafeF,news.google.com,https://news.google.com/rss/articles/CBMigAJBVV95cUxOZFE3aVRITmNwakpzZjQzOU9DUU9LZE1NZ3g1ZVU5WnYxa3FsQ3ZuRVkxTUZPT00wM1JnTXZUdHgwLTN3M051SnhHNUdHeEYxWmhTd205LTkzRmNreElxaFp1V21IcWstQVIwb09CTk9ObHJxb1QzQzN6dlRQTU9rVFREMm1XNVQ2dW81czlfend4SENMVmVGUW5zZkVxM242eTEtOWJmRVVqaTc2MWNZdGtlYk5lVkxLRjZGVUI0Sk9xa0xWVmdTbGNPZ29OS1lWQkt1T0tEdUd3Yl9JUkp4X19qOU5hRlRoYlFiMjRnRVlyMENtY3YzSDV3emtORWZn?oc=5,"Khát vọng phía sau khoản đầu tư mới 6.000 tỷ đồng của Nutifood: xây dựng thương hiệu sữa tươi Gia Lai, tạo dấu ấn trên ""bản đồ"" thế giới  CafeF",Nutifood,sữa Nutifood
Nutifood bắt tay ViPlus Dairy phát triển thương hiệu quốc tế GippsNature,2025-10-30,VnEconomy,news.google.com,https://news.google.com/rss/articles/CBMingFBVV95cUxQSGt2SWlINWFhWlp6VGFyTldRa3A2eWJVbXhURmdmb1hTeGZYVEdlS2d2RnZCVV9lR3lzQmdsbHZyaV9ybTA2ZXpMTnU2RUJMeUhVN1dsQXpxZ19vdVppV2otMGVrSlk4YlZsdXl3WUNPaTRtd3NqUVJoUkg1MGRRdGhtTko3TWRwTHFSek1PQ0xjQmhEZmI1eldXckxmdw?oc=5,Nutifood bắt tay ViPlus Dairy phát triển thương hiệu quốc tế GippsNature  VnEconomy,Nutifood,sữa Nutifood
Nutifood rót thêm 6.000 tỷ vào trang trang trại bò sữa ở Gia Lai,2025-08-30,Znews,news.google.com,https://news.google.com/rss/articles/CBMingFBVV95cUxOd1JsX05COERRNG5vb1Q0ODJlcnh2VDRuc09SMkxxQWd5R05kUXpKa29tQXFqbU9Xd2E3M1lEMkR5ZXF5NkhJZzJORGFFd0tFRGVFRlNFcHd6b2JDVllUeVFQQXRVM19MZFRYRkFSTE13NzhsU0pzM1Jsb0piYTdiZUdrekJFa0ZiY0Nmc2FJa0lUZEZMcGQ5MkQ1bHFnUQ?oc=5,Nutifood rót thêm 6.000 tỷ vào trang trang trại bò sữa ở Gia Lai  Znews,Nutifood,sữa Nutifood
Nutifood: Hành trình xây dựng thương hiệu sữa từ “bài toán dinh dưỡng” của người Việt,2026-04-13,thuonghieusanpham.vn,news.google.com,https://news.google.com/rss/articles/CBMisAFBVV95cUxPVEJzNFE3ZnBNS0ZXbVAtM2d6MF9CYXpCYUotTlNscXNqVHpMRDFERXd0aU9IOXMzUGJjZTNoWFNTRzFRTDVkVGVaVmR0X09BZmhvaWx3aUZGRnVKMllLR2d1b2ZVblZCUDNReFRvZE92TUN0REJWN3ZzSUJaVUV3eG9icTNmVlVhVk9mM2I1RkJsTkhzeXlyS1RSeFlXZkVxNTJlM2VvdHhCbXZEM0p4eg?oc=5,Nutifood: Hành trình xây dựng thương hiệu sữa từ “bài toán dinh dưỡng” của người Việt  thuonghieusanpham.vn,Nutifood,sữa Nutifood
Chính thức ra mắt dòng sản phẩm sữa Úc cao cấp GippsNature và Nutifood Australia,2025-10-31,aFamily,news.google.com,https://news.google.com/rss/articles/CBMivgFBVV95cUxNY1BTamJDMzFkSkFtQ2lTOEgzQ2JBTkJQejVwMXhMVjVRN3h3di1mMFZIM2VTVDdJdnlDNUVZRDlVd1NJVVdqX2V3Wk9qNEVhQkVvRjF4QnF0cWxOZnZwWjE3S2NBdmE0MEhpV2dvZ2lwTi1jdlp5THZFaHR3UmZlZjZkZHpfNHVLcWJJUm9sT2tzaVd3bmMzUjQyM29FdkM1V05uQ0pDWEZIQjlhWjBOemszNGppcGJoQXA0TXFn?oc=5,Chính thức ra mắt dòng sản phẩm sữa Úc cao cấp GippsNature và Nutifood Australia  aFamily,Nutifood,sữa Nutifood
"GippsNature chính thức ra mắt, khẳng định bước tiến toàn cầu của Nutifood",2025-11-05,VTV.vn,news.google.com,https://news.google.com/rss/articles/CBMirgFBVV95cUxNbGo0cXpuUGJWX3RPWVV1ZVFHXzFKN2hMX1J0UG1qU2c4ZmthSktRUkxvRmVOaWdHdl8zMHJnaWFNVnBtYmpBcjhvY2NoSDcyTk9YNXVwYlc5bE1GMms5X2hBWXZoa05vOWJuT1dnWFVSRkxSUk9STS0wU1RrUlhoaXRlRHZ0emE2MDd1YTRVQXFIR3lJdm1VUDZxcW1HVDk4UlVXN2ZGQ29JLVRDRkE?oc=5,"GippsNature chính thức ra mắt, khẳng định bước tiến toàn cầu của Nutifood  VTV.vn",Nutifood,sữa Nutifood
Nutifood GrowPLUS+ tạo dựng niềm tin nơi người tiêu dùng từ đâu?,2025-08-08,Báo Thanh Niên,news.google.com,https://news.google.com/rss/articles/CBMiqgFBVV95cUxPaWJMREtvcWpqdGgyeUlQMDBDRk4yckdDQXQ2Ty1pU2NzaVJvUV9kQjNtdnFZaGF4cjRhSDFmdTNiZmpiTU50VnpzUG95Ti1vbnE1WVNwRkM3N0trcVp2b2hnY292Z0lSWkViRU1YVXB4N2xiWEtQOVc5NngxZVRkNnNTYTBFWUNkMDJTenlaOW92VVVWNmswZjR5R0cxLVJTRjV5SjJTVjY0QQ?oc=5,Nutifood GrowPLUS+ tạo dựng niềm tin nơi người tiêu dùng từ đâu?  Báo Thanh Niên,Nutifood,sữa Nutifood
Nutifood ra mắt thương hiệu sữa quốc tế GippsNature tại Việt Nam,2025-10-31,Znews,news.google.com,https://news.google.com/rss/articles/CBMipwFBVV95cUxNS3lVYXg2dzJHc3ZxcWlWdzBqRVN2RVR4ZlhsUS1YNUpNYzZZVkNxQ1dtcHJRMGZXSHRoVExCV1cyV09UTV95UXJhdmtMV0IzWjhfTXQzRVB4WmRPQzR0S3g0bkdiT0VnSEdFTjFla2dONlVyZ2ROS3RqRzFKMEF6QXJRYjVtS2xWVi1hcjJJZnY5ckEwWXVlXzR6dGk3eUh3QXpVX0Q3Zw?oc=5,Nutifood ra mắt thương hiệu sữa quốc tế GippsNature tại Việt Nam  Znews,Nutifood,sữa Nutifood
"GippsNature chính thức ra mắt, khẳng định bước tiến toàn cầu của Nutifood",2025-11-03,Báo Thanh Niên,news.google.com,https://news.google.com/rss/articles/CBMitwFBVV95cUxPcEM4UFluQ1pEeWdKQnRSc2dEb040RXFrMzdrWGFNYjVvbnJKUW1oajNXa0lEQXMxRnlLdzFNU1lkT0JNcEhURFNuazRGcEJ1R1BTOXMyY0phUHgxcHNiWEVLdWprUWVUT1FzTzZqUWVOc29PNTBubnZuSExJd01DQjZzaUpCb1ZVTnhIU3VRMDNsLWpSUldEOHcwcDVnc0NWcElLM0JvalZUSVlybkZzSlRob01SOGc?oc=5,"GippsNature chính thức ra mắt, khẳng định bước tiến toàn cầu của Nutifood  Báo Thanh Niên",Nutifood,sữa Nutifood
Nutifood mở rộng quy mô trang trại bò sữa Gia Lai lên 30.000 con,2025-08-30,Tạp chí Chăn nuôi Việt Nam,news.google.com,https://news.google.com/rss/articles/CBMikgFBVV95cUxQTU9UZHhnWmVRZWJYeXdGR2o4RGRGa0EtYTdXeUhTUHJMRzI4bTFCTWhycmgyM25CR1QtUzJkVjdqWVkwQzBFNGMwUDhINlctZUlzZjVzSlVjcDZqbHBOYXBfc2U1dTlYRWM0S25Hc1d6ZGU1aFRYeThOc1R1aTFiXzcwZDhaOWZsS3BpYllwNzlLZw?oc=5,Nutifood mở rộng quy mô trang trại bò sữa Gia Lai lên 30.000 con  Tạp chí Chăn nuôi Việt Nam,Nutifood,sữa Nutifood
Nutifood mở rộng trang trại và nhà máy tại Gia Lai,2025-08-29,Báo Người Lao Động,news.google.com,https://news.google.com/rss/articles/CBMilwFBVV95cUxQVko4OGp3VEV0b05jamEzdmNkS2pfVXdnX2IyaGw0TG9WMWVESlZDTjh2U0JGZ1ZWSW5kR1BhOFlMcFlmUUVnak01Yl8zdlZQdlg1cGZOSDN6TUl3cTdnWnM5SWVCVmhSMVdidWRiVC14X2dnLVp2WjFJU0xoSnVmSkVKemwxanp6TEJqMmU3eVcxSzBGOFFF?oc=5,Nutifood mở rộng trang trại và nhà máy tại Gia Lai  Báo Người Lao Động,Nutifood,sữa Nutifood
Nutifood sở hữu dây chuyền thực phẩm bổ sung sữa uống dinh dưỡng đầu tiên tại Việt Nam đạt chứng nhận hữu cơ Úc (ACO),2026-02-15,Kenh14.vn,news.google.com,https://news.google.com/rss/articles/CBMi7AFBVV95cUxPekg1SFVlbkVGdHBoNWd1TEF0WFVhdmtwdm45T3g2aWJYSUFzckhVQ1l0OEJrQmtlMHlnTDdiMkxPbWF0dmh4Ql96Y1pjUlZYeHo2M2xfRGRHSWFWNFhYR0IwZldfNGdmbzZXcUJkcV84NG8zZ0VXaFVURi0zREVhQjh6Z25iaHU0dWhBRUlUYzIyOC1XRjN1bnFTMDFHRjVvR0hQVVZGUmRsSjlsREJ3Y3BiRGIzWkRoZjQ0aXdLX3g4VmZKR3lhU0FobkVfMC1pRmNGZnhBSjhucF9JVkZHQkNMTWtYbllsaUUzSg?oc=5,Nutifood sở hữu dây chuyền thực phẩm bổ sung sữa uống dinh dưỡng đầu tiên tại Việt Nam đạt chứng nhận hữu cơ Úc (ACO)  Kenh14.vn,Nutifood,sữa Nutifood
Nutifood GrowPLUS+ mãi chuẩn đòn bấy cân nặng đồng hành cùng mẹ giúp con vững vàng chạm chuyện lớn,2025-09-19,Eva.vn,news.google.com,https://news.google.com/rss/articles/CBMi3AFBVV95cUxNTlFvVTF0MGhlLWd6SjRtbHo5YmNjQUplMkcwQ1A1Zmw4N0p3SXRQT1BVek5Eei1wZHlpak5jdEVZODl1WjV1N3Z6VV9YdTl1eTQ3MHlaR29Fc2hId3JybXNYZDJoRFJIMEFwcWhjMVJUWHNlVFdlcmljb25qTF84aEE2NldpNWJxNDFBUWJSM2xBbE9ReDJfaTRrZDI3S25LRVdXQjU5QUhHY0ZybnlmLXp2bFpXTHlLVW9JdFFPZHY0b1JHT2txYlRJWEd4NzMtTzFQcVZDX1ZXN0VS?oc=5,Nutifood GrowPLUS+ mãi chuẩn đòn bấy cân nặng đồng hành cùng mẹ giúp con vững vàng chạm chuyện lớn  Eva.vn,Nutifood,sữa Nutifood
Nutifood sở hữu dây chuyền sữa công thức pha sẵn đầu tiên tại Việt Nam đạt Chứng nhận Hữu cơ Úc (ACO),2026-02-12,Người Đưa Tin,news.google.com,https://news.google.com/rss/articles/CBMi4wFBVV95cUxPVW9KbFJoMjNVa256X05FSVluSHVaSnhIdmI3UHlJN2l2S24zQlBHYXVLNEpCRGNxTHZwZXFWamkwN3R1Wi1mNjRFdUJoUk1mVU5zclhUNkM3cTJFZU10MHpfVUxBWl8yYXZ0blVNRmlRTEJmT2stY2htaGJfdktheDZsT3Jzd0ZMcHVrSmZHNUI3SUJzX0xzQktSNi1KUVdRTDlzM2wyUnFBZmFBSEpBOGNxSGhEdjJpWjV6WTE1TTZWLVhJaWlHdEl4Rm1CMUNLckxzY2RVUUJxcW12WndPWG9hQQ?oc=5,Nutifood sở hữu dây chuyền sữa công thức pha sẵn đầu tiên tại Việt Nam đạt Chứng nhận Hữu cơ Úc (ACO)  Người Đưa Tin,Nutifood,sữa Nutifood
Những bước đi đầu tư định hình hệ sinh thái Nutifood,2026-04-13,thuonghieusanpham.vn,news.google.com,https://news.google.com/rss/articles/CBMiiAFBVV95cUxOV1gzcUV2RUhRNmtKYXZFbTBHMkJiU0RDS1lGdEhlT0EzMW1YYXJjUmM1MXNzVktIS0VJVlNOZ0hCTXdWaUZIem5NemtmakZXYk5PdzVETUhhMENBZHhldmRkd0Z1dHd5bXpEay11SGN5RWVyOEM0cFlhSHB5am1zWl8zVWVrRHB1?oc=5,Những bước đi đầu tư định hình hệ sinh thái Nutifood  thuonghieusanpham.vn,Nutifood,sữa Nutifood
Nutifood chính thức ra mắt hai dòng sản phẩm GippsNature & Nutifood Australia tại Việt Nam,2025-11-01,thethaovanhoa.vn,news.google.com,https://news.google.com/rss/articles/CBMi0AFBVV95cUxNVVBhUGtZdVV0dVFSREpOdDNtRUJUNkhvN0k0cFZuRUFpRXVxVjFvYUwzSnVQdVE2amVabTV1T2p2TGhZRER1bEhxTWptQ2hBaGVQaDhyQ2pWeUxMemV1R3I3aUJHanY0Yk5IcmpSZnZWTVNraXpsSjlPUW5neFVXREFBUmx0TTh6Njc3c2JNaVNrTUZSaTdiOTc5MGFudUJza0lEU045Ykg5MTJhYlBadVU2ZEVHX1pFSGNsS1VmS3pzUEZTS0VfNk92R01OSG9C?oc=5,Nutifood chính thức ra mắt hai dòng sản phẩm GippsNature & Nutifood Australia tại Việt Nam  thethaovanhoa.vn,Nutifood,sữa Nutifood
"Nutifood GrowPLUS+ Suy Dinh Dưỡng giới thiệu phiên bản mới: công thức vượt trội, diện mạo bứt phá",2025-09-30,thuonghieucongluan.com.vn,news.google.com,https://news.google.com/rss/articles/CBMi2AFBVV95cUxQMmMtcVNIZ1NTcDA4RTljMjlRb2xQUkQxOFlIazgzR2VyRzBUMUNjSnVxQloyRHhoUmRDdjlXZHFTNXFnSVBJeFVmWWpJRjVzRTFoRHJWLTd3VkxqSG96MG9sZTdTUVU4MkprVTRqZUl4bnE0azI0MThQcGhSVk11VTdySkE5VFlmWkI4bVNOa0F4TTJUUDB0ekR2Y0ZyemNJbTk3a0JkbWhFaG5SeUhtc1RtZWk0elpkQUxTS2xTcmdHT0VQMnhDOEhKa0VOa1dpRjQ2NFJUaEs?oc=5,"Nutifood GrowPLUS+ Suy Dinh Dưỡng giới thiệu phiên bản mới: công thức vượt trội, diện mạo bứt phá  thuonghieucongluan.com.vn",Nutifood,sữa Nutifood
Nutifood GrowPLUS Suy Dinh Dưỡng (Đỏ) ra mắt diện mạo mới cùng công thức cải tiến đột phá,2025-09-22,aFamily,news.google.com,https://news.google.com/rss/articles/CBMixwFBVV95cUxNMlVHRk5abUFRbWtXRTd0VE1Ta2RuaTlqaDlUUGJqRFY2VmlpRXhUeXdqbkxFR19aV1FHM0NRSU1mY1ROdU1VeEZBdXRTbjVqbENTcWFZMWZUUjdZX2daOE96dTdaODdadjc1UlFFRGVYY29hN0gzakE0RnltVGdxQVdOaEl5OXREYjBNSzNOM2JfQmRpVno2NlRpQUxCUmZCY0JXVVVzRjk5VzBWOWRac0FWTy1UampXOVVnY2ZhRjdYS2Y2NGVZ?oc=5,Nutifood GrowPLUS Suy Dinh Dưỡng (Đỏ) ra mắt diện mạo mới cùng công thức cải tiến đột phá  aFamily,Nutifood,sữa Nutifood
GippsNature: Hành trình nâng chuẩn dinh dưỡng vươn tầm quốc tế của Nutifood,2025-11-11,diendandoanhnghiep.vn,news.google.com,https://news.google.com/rss/articles/CBMiugFBVV95cUxNYkV5VDM2TFBTRU1jNUUxUlRhaDVocFQtWW0wbXkwUThjb2hPUUlzQ29hX0RKMV8zbHlTVjd0Zk1pT2llcmRRaGJ2NHpLcVNtS1pnZHV4RUlmZFlPRGNDWlhLRU1sUEV6QUpPU1dwTnNscGMtYkUyU19uVHJuV2dELXdteDhTVWxEUFBBRGNxOGw5RHdPVFo4a0RYSHhwSGhld3ROdWRGdk5fMllQUjBBRGJ5eVRtNW1EOWc?oc=5,GippsNature: Hành trình nâng chuẩn dinh dưỡng vươn tầm quốc tế của Nutifood  diendandoanhnghiep.vn,Nutifood,sữa Nutifood
Nutifood tăng đầu tư thêm 6.000 tỷ tại Gia Lai,2025-08-29,VietnamFinance,news.google.com,https://news.google.com/rss/articles/CBMijAFBVV95cUxQRVo2U3YxMnhlVGJJdGxkcEotR1ZFTW51Q2hXXzhnTTBOUEhCRlNKMTF3ZlN6SkF0djJaUTdqXzRXdmI3T28zb0VSajRCMWlEdXd1UGFJTWtVOE5sZUxqaDJsMVU5WjBSRnF2dFZ2MjFvUFlRRXdfX0Fucmhrd3VfeE5ic1hJQTJxV000aw?oc=5,Nutifood tăng đầu tư thêm 6.000 tỷ tại Gia Lai  VietnamFinance,Nutifood,sữa Nutifood
Nutifood tiên phong triển khai máy bán kem tự động,2025-08-11,thuonghieucongluan.com.vn,news.google.com,https://news.google.com/rss/articles/CBMingFBVV95cUxPTWZtMjFNemI1N2xjTzRDOVV0OXFITzMyRlNaZHdodGF6WndfaFJFVnllNENsRXRWZTF3N1ZmdENucHZaajdIQmd0UWFuWGowTXRBSGxnQUhKQ3oyTnpLdG9Ld2xoUWJ4dkVRb2liN0NOOVdsaUpwbDEydTdweEFHYUlESktJSDlvbGpDb1dkMTZid3U1aGNEU0JqaFpsUQ?oc=5,Nutifood tiên phong triển khai máy bán kem tự động  thuonghieucongluan.com.vn,Nutifood,sữa Nutifood
Nutifood chính thức ra mắt hai dòng sản phẩm Gippsnature & Nutifood Australia tại Việt Nam,2025-10-31,Eva.vn,news.google.com,https://news.google.com/rss/articles/CBMi0wFBVV95cUxOVVlPX3NQazNldFhXSVFwLWJlZFNkcEpMS1hxR3h5Q0hJeVJiZjJBYUJ4RkRSenV4Vl93dkYzLWlXRWI4V3hZUHhWRVJmcUNZcFZYNm12dlpUMzJBTG1UNEVmNXg5VHZjcW9TcGtNenZfNmZxYXloYkJ2bEhJUkZ5a2laWnlWTE1PNU1yNmN6cTFlNUFCVTFzWVhvc2Zkb3d3QzBORHFyUlh5MHEwY284VHI3YXNmcUMwTDdSeThVWVRub2EzVTRVNGdUc0ZFR0VOS0Vr?oc=5,Nutifood chính thức ra mắt hai dòng sản phẩm Gippsnature & Nutifood Australia tại Việt Nam  Eva.vn,Nutifood,sữa Nutifood
Nutifood chính thức ra mắt hai dòng sản phẩm GippsNature và Nutifood Australia tại Việt Nam,2025-11-01,VietnamBiz,news.google.com,https://news.google.com/rss/articles/CBMizgFBVV95cUxQd0duYW5zWHJRaWpEQnFsLXV2WE5PVWpJVldrM1hPM3RxZ0NQbkJ1Ti0yajI3X1FldmhGazRCQVRYekNkUW1lTDVjaktCT2xsRjV0MmhQVzVQajM0dzExeHN2THlOWEpwM25VVUI5dVI0UVZ2QkJ1NU14Q3p2dUVfN0RXd0NCc3hjVi16MUN3NXE1MUVMUDdWd0xMSktGLW9HblZWclZKOG5xNGhMcEtqOS1qdUlZNkU4MUQ3b2haV0tRTkhpZmVwNnhjUFdQUQ?oc=5,Nutifood chính thức ra mắt hai dòng sản phẩm GippsNature và Nutifood Australia tại Việt Nam  VietnamBiz,Nutifood,sữa Nutifood
Nutifood bơm thêm vốn mở rộng sản xuất tại Gia Lai,2025-08-29,Tạp chí Doanh nghiệp & Đầu tư,news.google.com,https://news.google.com/rss/articles/CBMiogFBVV95cUxNQ0xqRkg5b2pkdzBXVEV3ZW9uY1BTcE54ejNkVUFqX1AxNkVLODlsTHFIVDRNM0xEMWc3MTQ2dEVRak5JTURPd0xXVXV5Z0ZGTFo1ekRpWENhbE1jUm15elFqblRIMjFfa1UteUJhRGk1ZklzR01Cd2REMlhYejE3UjlhaC11bVVOTmxia2RhMjhGVzNIbEliQ3NwTlZtOW1EVUE?oc=5,Nutifood bơm thêm vốn mở rộng sản xuất tại Gia Lai  Tạp chí Doanh nghiệp & Đầu tư,Nutifood,sữa Nutifood
"Nutifood ra mắt hai dòng sữa Úc cao cấp, đánh dấu bước ngoặt hợp tác quốc tế",2025-10-31,Người Đưa Tin,news.google.com,https://news.google.com/rss/articles/CBMiwwFBVV95cUxOMVg0SzItbXhNbnpmZ2s4Y0JxRFdQMGZoWU4zQjVmQzNtS0YwcmNmQUZNaVdHTTRyNVlkbnQzZjMzNkJsYnZ6TklTTzB1b05NNjUtWmRYWE1sLWJzQ0M0Snd4V2wwbGlkeEpnbmNwa2w2WXlZU2VmUEZyUjY3V1laR05lbllITWtiYW9xcXN5VExTLUVKbjdXRFdSdUg0N1RRRzBBWGVTdzE2Rlh3UnB1dnQ1QWd0VDZaVS00c1BvV0lMRTDSAcABQVVfeXFMT1RDS3Iyc2xNRG5kUWN0OHJfZENSeFZTTy1tQklyaHJCZmY4OEJSVHN4eVozRDM3RERFYWZXejR0cXAyNS10WHVYRU96WUI4SHRZbmhvN1BLS0U1c2JGUGRGaERkTFBuX01WZVVEdks4V2lhMFlHd0JTckx5ZnY1cFc5TXhGODJUWl9jUjdNeGNVM2JQVGdGQmxxcm5xZ0hUN29zNU1jVWZVeGs1MUxkUmlRN016dmk1TmFIcUNhWk85?oc=5,"Nutifood ra mắt hai dòng sữa Úc cao cấp, đánh dấu bước ngoặt hợp tác quốc tế  Người Đưa Tin",Nutifood,sữa Nutifood
Ra mắt dòng sản phẩm Úc cao cấp thương hiệu GippsNature và NutiFood Australia tại Việt Nam,2025-10-31,Báo Tuổi Trẻ Thủ Đô,news.google.com,https://news.google.com/rss/articles/CBMixAFBVV95cUxOOXNoWlBYUEtJZi0wb0g1azF5aWFXWkp0NTJYSXFxTFMzcGlKQXlEZ1NGRkh6a1RIUjNUbFY5ZDNRa1R1U0ZNMFdjVndOVFJEUzJfOFZoeTFYS1p4WDdBdEJETDFtMnFhYUVsdFd4YjVpTTItZ1RJQmxWRmVJTHpMenhIT2JyY0VpUFgxTmRCaUQ4X242b3M1aEgybDl0SjNBRFZ6bUxpMnNxUXJHM0JMYUMzRC11Z2RaUmdlRUV6R01QWDlJ?oc=5,Ra mắt dòng sản phẩm Úc cao cấp thương hiệu GippsNature và NutiFood Australia tại Việt Nam  Báo Tuổi Trẻ Thủ Đô,Nutifood,sữa Nutifood
Nutifood GrowPLUS+ Suy Dinh Dưỡng (Đỏ) ra mắt diện mạo mới,2025-09-30,CafeF,news.google.com,https://news.google.com/rss/articles/CBMimgFBVV95cUxNZ28yWUEyRE9MNFpTTzhQWkJtWUdPUVBFQXNVdU10TXo3OThzRHBDT0hJNE1ZVnFfOHMwNE5faExjalJhdVVmUHNBRjNiVnpIVlh6MkdCLVd2aG5LN3I4RjdzakpNS1RHQ2ItenoxTlRkZXJ6T3BpQUp6ZW01MktEdm9rV2VCQVdRR3NYNU9ZMzFCeFc1c1p5eWx3?oc=5,Nutifood GrowPLUS+ Suy Dinh Dưỡng (Đỏ) ra mắt diện mạo mới  CafeF,Nutifood,sữa Nutifood
Nutifood đứng đầu thị trường sữa bột pha sẵn trẻ em tại Việt Nam,2024-08-21,Laodong.vn,news.google.com,https://news.google.com/rss/articles/CBMipwFBVV95cUxQc3QwRGk5RFhGMUt1OEdXRzZYY0NISm8zc0FWWkMwOTRpTVUtamE0MUNWNTBmbmYtQ3lDT3VsNDBhRnBxOWdvOS1WZE5HWjF4N0RzZHRSOHI5VEVhLUV5TWxtTVRwaEE5R250M2hienNQVG9WNnpIZTVqN2daUXQ0X1ExR214bnNLTTBweGxIV2k2eTViNldYU0MzOXVMVUlCakFxRmtzSQ?oc=5,Nutifood đứng đầu thị trường sữa bột pha sẵn trẻ em tại Việt Nam  Laodong.vn,Nutifood,sữa Nutifood
Nutifood hỗ trợ sữa dinh dưỡng cho người lớn tuổi khó khăn,2024-08-26,Laodong.vn,news.google.com,https://news.google.com/rss/articles/CBMinwFBVV95cUxQXzRtNGFmMXFzZTRPWXJjZ1Q2a1NjY2RIeXRadWRpSHp6SnRMeXFPSF9JVk5RRUR1N3JaSFBfOHpoWTM3Z2liNURkWk81UW9nUjFMYVdNaE1LcmNmLTFEN05mQmlsSDRWTGZhMzJ0OGJLTTJLMkJuV1lSUGNQTVJMelVtSFZiUkZ0TVVCQS1wVlVXbDJLaEQxRUN1OEgwN2M?oc=5,Nutifood hỗ trợ sữa dinh dưỡng cho người lớn tuổi khó khăn  Laodong.vn,Nutifood,sữa Nutifood
Nutifood 'thống lĩnh' thị trường sữa bột trẻ em pha sẵn,2024-08-21,Báo Thanh Niên,news.google.com,https://news.google.com/rss/articles/CBMingFBVV95cUxQeTk3bXJpdGVOODl5dHozbHdJZ0d5cmg1RDFhUnBQUlJiYkV0NVk3V1llN0w5SU53OEl5OWtpNG9PYVhDdXVEM1ZRdVpXbFQ4dVFvOHl1a2I3dHVWYU1SVl9WX0xKLWR5UG5abGRSY3NmbFF3bXc1N0Q5NVRjMG8xZDVNcGpabmxpRWVYdlpKcElidmVWaG9RV0RfV3Ntdw?oc=5,Nutifood 'thống lĩnh' thị trường sữa bột trẻ em pha sẵn  Báo Thanh Niên,Nutifood,sữa Nutifood
"Nutifood liên doanh hãng sữa 130 tuổi, cho ra đời thương hiệu sữa cao cấp chuẩn Úc",2025-05-26,Báo Thanh Niên,news.google.com,https://news.google.com/rss/articles/CBMiwwFBVV95cUxPdDJNN2xETW1rS0dEYmRtZE9xMUVMLTNXa0ZURFJYQWQ2ZklhZWkzMXZldlVVenZPNWV0STJLblhtR1pLTmRIdkcxZ1Y5ckZOT2xPd2FxUThNeW1EUXhzVkRsNDUycU9OVktndUpmN1drSWxtSE1SbEVRRW9TT29kQ2R1ZmpPR2J1b0tjSl9zY1NtU25zVndreTlCcFZoSk5GcFVQYldTTUZwTVpvZHduNnBYOU5MR2xXemFDX241WWhNcVE?oc=5,"Nutifood liên doanh hãng sữa 130 tuổi, cho ra đời thương hiệu sữa cao cấp chuẩn Úc  Báo Thanh Niên",Nutifood,sữa Nutifood
Trang trại bò sữa Nutifood đã làm thay đổi Mang Yang và lan tỏa các địa phương,2024-04-16,Báo Thanh Niên,news.google.com,https://news.google.com/rss/articles/CBMivwFBVV95cUxNMEJpTUZkUm4zZ2dLMnd5VXNxeXp0WDJ6bUhXRFBlUW1VTHRhT3pmUEdDZEFKRmstWC1Cd1JXd2x1VDZzOEhHNXNEVUViTzNCZ0hmZXRhZ25palZFcmVRX3dHWkt2RUtaTm5fY3Npd0xwNFFublV4VEYxUmgwaU1oS0w0UzlldmFwTEJDSDZkcDRNVkVTbHNxY1U1SHpxTE1pd0dwbFljdHB4M05sdU1fcEN6TFYxanp2bHJGT2h0bw?oc=5,Trang trại bò sữa Nutifood đã làm thay đổi Mang Yang và lan tỏa các địa phương  Báo Thanh Niên,Nutifood,sữa Nutifood
Nutifood đứng đầu thị trường sữa bột pha sẵn cho trẻ em tại Việt Nam,2024-08-21,Báo Lao động thủ đô,news.google.com,https://news.google.com/rss/articles/CBMipwFBVV95cUxNVE14aEE3QURxdm5RclFxOGxiWVVnbWYxZ0EzbmhrZnZseE9OU1YwTWJuUV82OXlzOFB2dHk1TURrcjFJeUxCRG56TGdRdzJnYzdkb2JNNTJIU0plUEUyc1M0NDIteDVJX3RiUld0bHlKckg4bVpsQkZPSXVZYzhHeXhEaXhxRE5vaUxzd25IZkRHcm9NVkNVbThFZzAtLUNXcURobVpYaw?oc=5,Nutifood đứng đầu thị trường sữa bột pha sẵn cho trẻ em tại Việt Nam  Báo Lao động thủ đô,Nutifood,sữa Nutifood
Nutifood khẳng định vị thế quốc tế khi đồng sáng lập thương hiệu sữa toàn cầu tại Australia,2025-05-13,VTV.vn,news.google.com,https://news.google.com/rss/articles/CBMi0gFBVV95cUxOWjdoUV9TZzhnN0s3cjVpWGJSWlBfbnppaC10SEFPR1MtRkJVNktBd2VaQXl3X0RCVXJLSWhvMjdGRC16OVZhSGdENTFadXRsc1F4eV94S1ZLYkJRRTltUk5hMnBtSWRPOEtUQW9QNzdFVE5XZHNVVmVxZkJZR2RaaVNteFV4eG5WdldkT1ZGRERBZXhvY09KenVsRjNDeG40RzdhbXY2c2ZRc0JINHgzR3l4UU1OenNNLTQ1ME94ZmlzUkk1MG5IUDczd2kwVk9LMnc?oc=5,Nutifood khẳng định vị thế quốc tế khi đồng sáng lập thương hiệu sữa toàn cầu tại Australia  VTV.vn,Nutifood,sữa Nutifood
'Giải mã' lý do Nutifood GrowPLUS+ là nhãn hiệu sữa trẻ em 'quốc dân',2023-02-23,Báo Pháp Luật Việt Nam,news.google.com,https://news.google.com/rss/articles/CBMipgFBVV95cUxPR2EtSjBzblNNbjVKMzl0UlhucTZ0M1NaVUI4bEUzaE9Pa2NaRVhkdVV4OXZ1M3NiRzRvQ29qeVRrYXhFLWc0SGcyWUpUdnVtOEx2QXQ2bkRBM3B2RXA2QmR3ZmtZcDhYQUtqVTZIVmpmMThodTFhZHpxaUl3TUNEaHpDWjExX241RGdmbndTcEVpSGd4eE1rY29XbUpENEc4RnZ5cU9R?oc=5,'Giải mã' lý do Nutifood GrowPLUS+ là nhãn hiệu sữa trẻ em 'quốc dân'  Báo Pháp Luật Việt Nam,Nutifood,sữa Nutifood
Nutifood đứng đầu doanh số sữa bột pha sẵn trẻ em tại Việt Nam,2024-08-22,Báo Dân trí,news.google.com,https://news.google.com/rss/articles/CBMiuAFBVV95cUxPcVF2dzVZeEpGUFZRZHdPZnlweWtTRUhuczZVeGI1SFFpa3pZaEhiM2lPXzIwYUlNRlJzTXdfM0J5S2F0aERIcjJIeUtnU3hqUHBYOU1sVHZveDgyQXBMZjhINnRJQkQ2VmQ3Sm54aHZiVEJMdG43anI2NDc4d1pDM0RnVVNwekg3TThuaG9Ic2NVODg0cG5ZTVAxTHlQR1EtMGlOT3VIVHpXZnZ1X0czclloMG5EejNL?oc=5,Nutifood đứng đầu doanh số sữa bột pha sẵn trẻ em tại Việt Nam  Báo Dân trí,Nutifood,sữa Nutifood
Nutifood GrowPLUS+ Colostrum Lactoferrin – Bí quyết giúp trẻ nâng cao đề kháng,2025-05-29,Laodong.vn,news.google.com,https://news.google.com/rss/articles/CBMitwFBVV95cUxOa09nSXc0ektTX0dQZXFZLUVhOEkzRXFJZmcxcXlxeWV2M2hqMzJIb1JpamdmcEhMNHFrNUs4Q0FyaVR6RGtJNmEzWWkxSlBJcHUzdEJUTWU0aWpKYy1wbVFycnBNcGdPUFh1YVVfUG12d0ItU09hSkN2cFg1MUc1eGd6VFp2eUZicTRjRHlZazJXLWdiVFJVNG5KVjlDanpMclI3WFBqTU9GR0dGUzd2a1lLVFhUMEE?oc=5,Nutifood GrowPLUS+ Colostrum Lactoferrin – Bí quyết giúp trẻ nâng cao đề kháng  Laodong.vn,Nutifood,sữa Nutifood
Nutifood trao hàng ngàn quà tặng dinh dưỡng đến trẻ em vùng cao,2023-12-25,Laodong.vn,news.google.com,https://news.google.com/rss/articles/CBMipgFBVV95cUxOSHM5LTA3UGFCbHduWGJLSEw5enpQYll3VlNOR3l3RmhmVlg2NXZsRXFtQ2RqMzByQ3QxVFJGQURsWXFaSXRsWEZudExsQUlUTW1RSGdrUHpRc3c3N1pxSUUxWlA0a0hpLVhCbU1yZXdoQzZfZ3BwanB0VTFWNWpjWG5qaXRwWW82S1E5OTNPOWNqTU42Yl9kWFNaZE1Nc2RJZTdia2pR?oc=5,Nutifood trao hàng ngàn quà tặng dinh dưỡng đến trẻ em vùng cao  Laodong.vn,Nutifood,sữa Nutifood
"Ra mắt trang trại bò sữa, NutiFood công bố sữa tươi đạt chuẩn châu Âu",2020-08-20,Báo Thanh Niên,news.google.com,https://news.google.com/rss/articles/CBMipgFBVV95cUxPc0UxSE1jZ1BmOG9jMjRyeFFPanlRNjZZMGRGMTBxN001S3Z5alJROGVqbGw0WG1yNjlZVGxnN3VIRXlQc0EyX2FHcTlUMDFYd0pXUDR3bjF0ZkQ4M0ZfNGhwajBLZHM3Tk9oS011UTRnTnAwNXQwNDFqRWRwdWRDNlVSVFNJUmVoSEdDRDVocExlN1RqSTNSYU9JSmthMndvUGhjUXdn?oc=5,"Ra mắt trang trại bò sữa, NutiFood công bố sữa tươi đạt chuẩn châu Âu  Báo Thanh Niên",Nutifood,sữa Nutifood
"Nutifood giảm sâu giá sữa, tới 50% tại Hà Nội",2021-09-11,Báo Thanh Niên,news.google.com,https://news.google.com/rss/articles/CBMilAFBVV95cUxPaXppS2dpM2d4aUJWQnRsTHR1Tk1wTHhKTnMxSTkxMjBKcmNYdGlnYkRCaUlzbHA2WkM5NWd6QVhpRkZIV1JOcU85eXhmdFpUZ2xzTzlBVE95M1UzeHVDTlJHUWhaRm9Qc3JEYnppTFRRY2xkRDY0MDJETEMyR2tqVzB6RkVjZzZHNE9NNm9HOUF6eVVV?oc=5,"Nutifood giảm sâu giá sữa, tới 50% tại Hà Nội  Báo Thanh Niên",Nutifood,sữa Nutifood
