post_url,post_text,likes_count,comments_count,shares_count,publish_time,post_type
https://www.facebook.com/reel/994689609783263/,"ĐẾM NGƯỢC 9 NGÀY – ĐÓN CHỜ WORKSHOP VỎ HỘP TÁI “XINH” 5 TẠI NGHỆ AN! ✨

Các “đồng xanh” Nghệ An ơi, bạn đã sẵn sàng cho một ngày Chủ Nhật ngập tràn sắc xanh và những trải nghiệm ý nghĩa chưa?

Chỉ còn ít ngày nữa, Workshop Vỏ hộp tái “Xinh” 5 sẽ chính thức về tới Nghệ An. Đây là workshop ý nghĩa để các ba mẹ cùng các bé biến những vỏ hộp sữa giấy đã qua sử dụng thành những vật dụng nhỏ xinh, gửi gắm thông điệp bảo vệ Trái Đất.

Đến với workshop, TH đã chuẩn bị sẵn những bất ngờ dành tặng bạn:
✨ Check-in nhận ngay “Mầm Xanh” - Tặng 01 chậu cây tái chế xinh xắn để cùng bé trồng cây xanh (*)
✨ Nhận thêm 01 túi vải canvas (*)
✨ Tự tay định sáng tạo, trang trí và làm nên những món đồ dễ thương từ vỏ hộp sữa giấy 

Hưởng ứng Ngày Môi trường Thế giới 05/06, TH mong muốn cùng cộng đồng lan tỏa lối sống bền vững từ chính những hành động nhỏ nhặt mỗi ngày. 

 Hãy gom những vỏ hộp sữa sạch ngay hôm nay và lên lịch hẹn với TH true mart vào cuối tuần tới nhé!
______
 THÔNG TIN CHI TIẾT SỰ KIỆN:
⏰ Thời gian: 08:00 – 17:30 | DUY NHẤT MỘT NGÀY Chủ Nhật, ngày 31/05/2026
 Địa điểm: Cửa hàng TH true mart – Số 115 Quang Trung, Phường Thành Vinh, Tỉnh Nghệ An.
‍‍‍ Đối tượng: Khách hàng mọi lứa tuổi đều có thể tham gia.

 Hoạt động nằm trong chuỗi chương trình “Thu gom vỏ hộp – Lan tỏa sống xanh 2026” diễn ra từ 01/03 – 31/12/2026 tại 45 cửa hàng TH true mart.

 Thông tin chi tiết xem tại: https://thugomvohop.thmilk.vn/   

(*) Số lượng túi canvas và chậu cây có giới hạn – chương trình quà tặng đặc biệt này sẽ kết thúc khi quà được trao hết tại sự kiện",18,0,2,2026-05-23 15:19:12,Video
https://www.facebook.com/thmilk/posts/pfbid02Vgc76Bnpe6BbsdHpcAr35eYatmcRmNosp9SJGrrWP4Q1LfjU9GZqWimBiHXCBXZUl,"WORKSHOP VỎ HỘP TÁI “XINH” 5 – LAN TỎA HÀNH TRÌNH SỐNG XANH VỀ VỚI NGHỆ AN 

Workshop tái chế vỏ hộp sữa giấy sẽ được tổ chức tại Nghệ An - Nơi những hộp sữa sẽ tiếp tục được tái chế thành những vật phẩm dễ thương và chậu cây xinh xắn trong Workshop Vỏ hộp tái “Xinh” 5

Đến với workshop lần này, bạn sẽ:
✨ Check-in workshop nhận ngay 01 chậu cây tái chế để cùng trồng cây xanh và 01 túi vải canvas(*)
✨ Tự tay sáng tạo những món đồ đáng yêu từ vỏ hộp sữa giấy tái chế
✨ Cùng gia đình và bạn bè lan tỏa lối sống xanh qua những hành động nhỏ và ý nghĩa

Hưởng ứng Ngày Môi trường Thế giới 05/06, TH mong muốn tiếp tục lan tỏa tinh thần tái chế và sống xanh đến cộng đồng – bắt đầu từ những điều gần gũi mỗi ngày ♻️
 Workshop diễn ra trong 1 ngày duy nhất!
 Vào ngày 31/05 này, ghé ngay TH true mart để không bỏ lỡ chương trình tái chế mang theo thông điệp sống xanh đầy ý nghĩa và nhận về thật nhiều món quà từ TH nhé!
________

 THÔNG TIN SỰ KIỆN
 Thời gian: 08:00 – 17:30 | Chủ Nhật, ngày 31/05/2026
 Địa điểm: Cửa hàng TH true mart – Số 115 Quang Trung, Phường Thành Vinh, Tỉnh Nghệ An
 Đối tượng: Khách hàng mọi lứa tuổi tham gia tại cửa hàng

 Hoạt động nằm trong chuỗi chương trình “Thu gom vỏ hộp – Lan tỏa sống xanh 2026” diễn ra từ 01/03 – 31/12/2026 tại 45 cửa hàng TH true mart.

Thông tin chi tiết xem tại: https://thugomvohop.thmilk.vn/

(*) Số lượng túi canvas và chậu cây có giới hạn – chương trình quà tặng đặc biệt này sẽ kết thúc khi quà được trao hết tại sự kiện.",30,7,0,2026-05-08 10:20:42,Photo
https://www.facebook.com/reel/937128145898814/,"Workshop Vỏ hộp tái ""xinh"" lần thứ 4 đã diễn ra đầy cảm hứng với sự tham gia của đông đảo các ""đại sứ xanh"" tại Hải Phòng. Cùng TH nhìn lại những khoảnh khắc rạng rỡ và những thành phẩm tái chế độc đáo nhé! 
—
THU GOM VỎ HỘP – LAN TOẢ SỐNG XANH 2026
 Thời gian: 8:00 – 17:30 mỗi ngày 01/03/2026 – 31/12/2026
 Địa điểm: 45 cửa hàng TH true mart tại Hà Nội, Hải Phòng, Hưng Yên, Bắc Ninh, Ninh Bình, Thanh Hóa, Nghệ An, Đà Nẵng, Hồ Chí Minh.
 Danh sách cửa hàng True mart: https://bit.ly/TH-stores-list-2026. 
 Website: https://thugomvohop.thmilk.vn/",48,47,2,2026-04-23 05:22:12,Video
https://www.facebook.com/reel/2418866718537217/,"Hưởng ứng tinh thần Ngày Trái Đất, hành trình Lan tỏa sống xanh 2026 của TH đã ghi dấu những con số ấn tượng từ Workshop Vỏ hộp tái ""xinh"" 4.

Cảm ơn Quý khách hàng đã cùng TH chọn lối sống bền vững và kéo dài vòng đời cho từng vỏ hộp sữa giấy. 

Đừng quên hoạt động thu gom vỏ hộp sữa vẫn bền bỉ diễn ra mỗi ngày!
—
THU GOM VỎ HỘP – LAN TOẢ SỐNG XANH 2026
 Thời gian: 8:00 – 17:30 mỗi ngày 01/03/2026 – 31/12/2026
 Địa điểm: 45 cửa hàng TH true mart tại Hà Nội, Hải Phòng, Hưng Yên, Bắc Ninh, Ninh Bình, Thanh Hóa, Nghệ An, Đà Nẵng, Hồ Chí Minh.
 Danh sách cửa hàng True mart: https://bit.ly/TH-stores-list-2026.
 Website: https://thugomvohop.thmilk.vn/",23,1,0,2026-04-22 13:50:43,Video
https://www.facebook.com/thmilk/posts/pfbid02QfZVv5RSXrR4jEKSstxMZG9LU6SXgWSqoNHUJoDNRbCY8xiXgFPKUpKiALSLwUV6l," HÀNH TRÌNH XANH: CÁN MỐC THU GOM 1 TẤN VỎ HỘP SỮA GIẤY

Bắt đầu triển khai từ ngày 01/03, hoạt động thu gom vỏ hộp sữa giấy thuộc Chương trình Thu gom vỏ hộp - Lan tỏa sống xanh 2026 của TH đã nhận được rất nhiều sự hưởng ứng từ các ""đại sứ xanh"". Tính đến ngày 20/04/2026, tổng lượng vỏ hộp sữa giấy thu gom được đã chính thức chạm mốc 1 TẤN(*)! 

Hành trình vẫn đang tiếp tục! Hãy mang ngay vỏ hộp sữa giấy đã làm sạch tới các cửa hàng TH true mart đang triển khai chương trình để thu gom và đổi lấy những phần quà xinh xắn nhé!

Cảm ơn bạn đã cùng TH lan tỏa lối sống bền vững! Cùng nhau, chúng ta sẽ làm Trái Đất xanh hơn mỗi ngày! 

(*) Báo cáo từ hệ thống Lagom Việt Nam tính từ 01/03 đến 20/04/2026.
—
THU GOM VỎ HỘP – LAN TOẢ SỐNG XANH 2026
 Thời gian: 8:00 – 17:30 mỗi ngày 01/03/2026 – 31/12/2026
 Địa điểm: 45 cửa hàng TH true mart tại Hà Nội, Hải Phòng, Hưng Yên, Bắc Ninh, Ninh Bình, Thanh Hóa, Nghệ An, Đà Nẵng, Hồ Chí Minh.
Danh sách cửa hàng TH True mart: https://bit.ly/TH-stores-list-2026. 
 Website: https://thugomvohop.thmilk.vn/",156,43,24,2026-04-21 02:04:34,Photo
https://www.facebook.com/reel/659223457285785/,"Hưởng ứng Ngày Trái Đất 
Workshop “Vỏ hộp tái ‘xinh’ 4” đã phủ xanh không gian bằng những chậu cây tái chế nhỏ xinh và thật nhiều hành động hướng về môi trường 

Gần 200 người tham gia – hàng nghìn vỏ hộp được thu gom và tái sinh chỉ trong một ngày duy nhất ♻️

Cảm ơn những ""đại sứ xanh"" đã cùng TH tạo nên những khoảnh khắc đáng nhớ và hãy cùng nhau tiếp tục hành trình lan toả sống xanh nhé!",37,4,2,2026-04-19 14:18:25,Video
https://www.facebook.com/thmilk/posts/pfbid02JrRsCSZAf95nMv2JAazCyiN1w9AY4FfiCVCUtLxbrMt8NzcMWKhxoSTnAcKZ6jdql,"TH MISTORI đồng hành cùng Language Link Academic mang đến chuỗi sân chơi học thuật sôi động tại các trường Tiểu học & THCS, thu hút sự tham gia hào hứng của đông đảo học sinh 

Từ những màn “đấu trí” kịch tính tại Ring the Golden Bell, đến không gian sáng tạo tại Nextgen Robotics STEAM Day… mỗi hoạt động đều mở ra một môi trường học tập năng động, giúp các bạn học sinh vận dụng kiến thức tiếng Anh, phát triển tư duy logic, kỹ năng làm việc nhóm và sự tự tin thể hiện bản thân.

 Đồng hành cùng Language Link trong chuỗi sự kiện, TH MISTORI mang đến những món quà dinh dưỡng hoàn toàn từ thiên nhiên, tiếp thêm năng lượng cho các bạn học sinh chinh phục mọi thử thách!

  Cùng TH MISTORI nhìn lại những khoảnh khắc ấn tượng và chờ đón thêm nhiều hành trình ý nghĩa phía trước!",25,0,2,2026-04-17 21:40:53,unknown
https://www.facebook.com/thmilk/posts/pfbid0gf5oYZHWcJBtKh6Hgo3hAnuezer8FHQvoBFC8ASmv6nd8rqt7Vr6LGF7gNm1H6iQl,"Cùng nhìn lại những khoảnh khắc đáng nhớ tại Workshop Vỏ hộp tái “xinh” 4 

Một Thứ 7 thật xanh, thật vui tại TH true mart Hải Phòng — nơi mọi người cùng nhau trồng cây, cùng sáng tạo, và biến những vỏ hộp sữa quen thuộc thành những chậu cây xinh xắn 

Cảm ơn những “đồng xanh” đã có mặt và mang theo thật nhiều năng lượng đẹp và tích cực ✨

Hẹn gặp lại bạn ở những hành trình xanh tiếp theo nhé! ",63,0,0,2026-04-16 05:03:22,unknown
https://www.facebook.com/reel/3535158886641455/,"WORKSHOP VỎ HỘP TÁI ""XINH"" 4 – LAN TỎA SẮC XANH TẠI HẢI PHÒNG!

Cuối tuần này hãy cùng gia đình tham gia ngay hoạt động Vỏ hộp tái “Xinh” đầy ý nghĩa và mang về nhà nhiều quà xinh cùng TH nhé!

Thông tin sự kiện: 
 Thời gian: 8:00 – 17:30 | Thứ Bảy, 18/04/2026 
 Địa điểm: 49BH1 - 13 lô OTM - 5 Vinhomes Imperia, P Hồng Bàng, TP. Hải Phòng
 Đối tượng: Khách hàng mọi lứa tuổi tham gia tại cửa hàng",52,8,1,2026-04-14 12:25:51,Video
https://www.facebook.com/thmilk/posts/pfbid02yLFJCAKSpQkasMdQRjKnTbntwi78vuR6kGdeKaS9k2KG6LnXQBsg1NTo8h9sTY5rl,"WORKSHOP VỎ HỘP TÁI ""XINH"" 4 – LAN TỎA SẮC XANH TẠI HẢI PHÒNG 

 Lần đầu tiên, workshop tái chế vỏ hộp sữa chính thức có mặt tại Hải Phòng – nơi những vỏ hộp quen thuộc được “ươm mầm” thành những chậu cây xinh, mang theo thông điệp sống xanh đầy ý nghĩa 

Đến với workshop, bạn sẽ:
✨ Check-in và nhận ngay Bộ mắc áo Eco Hanger hoặc Túi vải canvas (*)
✨ Tự tay sáng tạo chậu cây từ vỏ hộp sữa 
✨ Mang về một chậu xanh xinh xắn 

Hưởng ứng Ngày Trái Đất 22/04, TH mong muốn lan tỏa những hành động nhỏ nhưng bền bỉ – để mỗi chúng ta đều có thể góp phần tạo nên một môi trường xanh hơn mỗi ngày! 

 Sự kiện diễn ra một ngày duy nhất! 
 Cuối tuần này hãy cùng gia đình tham gia ngay hoạt động Vỏ hộp tái “Xinh” đầy ý nghĩa và mang về nhà nhiều quà xinh cùng TH nhé!
____
 Thông tin sự kiện: 
 Thời gian: 8:00 – 17:30 | Thứ Bảy, 18/04/2026 
 Địa điểm: 49BH1 - 13 lô OTM - 5 Vinhomes Imperia, P Hồng Bàng, TP. Hải Phòng
 Đối tượng: Khách hàng mọi lứa tuổi tham gia tại cửa hàng 

 Hoạt động nằm trong chuỗi chương trình “Thu gom vỏ hộp – Lan tỏa sống xanh 2026” diễn ra từ 01/03 – 31/12/2026 tại 45 cửa hàng TH true mart. Thông tin chi tiết xem tại: https://thugomvohop.thmilk.vn/

(*) Số lượng túi canva và bộ mắc áo Eco hanger có giới hạn – chương trình quà tặng đặc biệt này sẽ kết thúc khi quà được trao hết tại sự kiện.",62,16,2,2026-04-10 22:00:14,Photo
https://www.facebook.com/reel/3883838641917529/,"Được làm hoàn toàn từ sữa tươi trang trại, sạch, nguyên chất theo chuẩn của trang trại TH, sữa tươi sạch TH true MILK giữ vẹn nguyên dưỡng chất và tinh túy từ thiên nhiên, tốt cho sức khỏe cả gia đình.
Mua ngay tại:
► Hệ thống cửa hàng TH true mart: https://www.thmilk.vn/he-thong-cua-hang/
► Website: thtruemart.vn
► ShopeeFood: https://bit.ly/THtruemart-ShopeeFood
► Grabmart: http://bit.ly/THtruemart-GrabMart
► Shopee: https://shopee.vn/th_truemart_officialstore
► TikTok Shop: https://bit.ly/THtruemart-TikTokShop",87,27,14,2026-04-07 07:34:38,Video
https://www.facebook.com/reel/1474347510942746/," THAM GIA NGAY CUỘC THI ""TH TRONG TÔI – NGÀY ẤY VÀ BÂY GIỜ"" VỚI NHIỀU PHẦN THƯỞNG HẤP DẪN❤️☀️
Link: https://forms.gle/BCTQGXcoHK4CkR5d8

Một hành trình 15 năm của TH đã đi qua biết bao câu chuyện đẹp, biết bao kỷ niệm đáng nhớ và những dấu ấn không thể quên trong lòng khách hàng, đối tác và những người luôn yêu mến TH.
Nếu bạn từng đồng hành cùng TH, từng yêu thích sản phẩm TH, từng có một kỷ niệm đẹp với TH, hoặc đơn giản là luôn dành cho TH sự tin yêu đặc biệt, thì đây chính là lúc để bạn kể câu chuyện của mình qua Cuộc thi Sáng tạo nội dung “TH trong tôi – Ngày ấy và Bây giờ”.

Bạn có thể tham gia bằng nhiều hình thức:
✍️ Bài viết/Thơ
 Vẽ/Minh họa
 Sáng tạo nội dung Media như video, MV ca nhạc, podcast, audio, photo story, motion graphic, animation...

Đây không chỉ là cơ hội để bạn lưu giữ những cảm xúc đẹp với TH, mà còn là dịp để nhận về những giải thưởng vô cùng giá trị và hấp dẫn. Những phần quà đặc biệt đang chờ đón những tác phẩm sáng tạo, chân thành và truyền cảm hứng nhất.

⏰ Thời gian nhận bài đã được gia hạn đến hết ngày 15/04/2026
Vì vậy, đừng chần chừ nữa — hãy nhanh tay tham gia ngay hôm nay để không bỏ lỡ cơ hội tỏa sáng cùng TH.

❤️ TH trân trọng chào đón tất cả những câu chuyện, những góc nhìn và những tình cảm đẹp mà quý khách hàng, đối tác và những người yêu mến TH dành cho hành trình “Ngày ấy và Bây giờ”.

Chúc tất cả những người yêu mến TH sẽ gặp thật nhiều may mắn, nhiều cảm hứng và có những trải nghiệm thật đẹp cùng cuộc thi lần này!

#THtrongtoi2026 #THNgayAyVaBayGio #TH15nam #THTapTheAnhHungLaoDong",85,21,14,2026-03-25 08:46:53,Video
https://www.facebook.com/reel/906345335624093/,"CHƯƠNG TRÌNH THU GOM VỎ HỘP SỮA ĐÃ TRỞ LẠI♻️

Chương trình Thu gom vỏ hộp – Lan toả sống xanh 2026 đang nhận thu gom vỏ hộp sữa giấy tại hệ thống các cửa hàng TH true mart.

Sau hành trình bền bỉ với hàng chục tấn vỏ hộp được thu gom và tái chế, năm nay chương trình đã mở rộng phạm vi hoạt động tại 9 tỉnh thành với 45 cửa hàng, giúp việc sống xanh trở nên dễ bắt đầu hơn!

Bạn chỉ cần:
Rửa sạch – Gấp gọn – Mang đến TH true mart gần nhất

Một hành động nhỏ, nhưng có thể giúp vỏ hộp sữa bắt đầu một vòng đời mới và cùng lan toả lối sống xanh mỗi ngày!

 Xem ngay danh sách 45 cửa hàng nhận thu gom tại fanpage TH.
____
THU GOM VỎ HỘP – LAN TOẢ SỐNG XANH 2026
 Thời gian: 8:00 – 17:30 mỗi ngày 01/03/2026 – 31/12/2026
 Địa điểm: 45 cửa hàng TH true mart tại
Thành phố Hà Nội, Hải Phòng, Hưng Yên, Bắc Ninh, Ninh Bình, Thanh Hóa, Nghệ An, Đà Nẵng, Thành phố Hồ Chí Minh",1318,84,12,2026-03-16 07:42:07,Video
https://www.facebook.com/thmilk/posts/pfbid0JbMoqhJRyW9DqKfCnYNpXQqiqtiZJeFwkdhELmha79P4q1Pn6VyXmddH5u2uExJTl,"Tập đoàn TH khởi công Nhà máy chế biến thực phẩm sạch TH Bình Dương.

Ngày 09 tháng 03 năm 2026, tập đoàn TH chính thức khởi công Dự án Nhà máy Chế biến Thực phẩm sạch TH Bình Dương tại Khu công nghiệp Sóng Thần 3 (phường Bình Dương, TP. Hồ Chí Minh). Với tổng mức đầu tư hơn 6.000 tỷ đồng, trên diện tích 10 ha, tổng công suất thiết kế gần 1 triệu tấn/năm, đây là nhà máy chế biến sữa, đồ uống, sản xuất thực phẩm sạch lớn và hiện đại hàng đầu của cả nước, ứng dụng tinh hoa khoa học công nghệ và khoa học quản trị trong thời đại AI trên nền tảng phát triển bền vững.

Dự án Nhà máy được chia làm 2 giai đoạn. Giai đoạn 1 đầu tư hơn 4000 tỷ đồng, mục tiêu hoàn thành và đưa vào vận hành trong quý 1/2027, tập trung chế biến các sản phẩm từ sữa tươi sạch của các trang trại TH. Nhà máy được tư vấn thiết kế bởi Công ty cổ phần Tư vấn Thiết kế Xây dựng Sagen, Tổng thầu là tập đoàn toàn cầu Shimizu (Nhật Bản), các đối tác công nghệ như Tetra Pak (Thụy Điển) và SIG (Thụy Sĩ) đều là những nhà cung cấp giải pháp công nghệ chế biến và đóng gói đứng đầu thế giới. Nhà máy có hệ thống 20 dây chuyền sản xuất tự động hóa hoàn toàn. Đặc biệt, Nhà máy tiên phong áp dụng công nghệ rót vô trùng Aseptic hiện đại bậc nhất thế giới trong ngành thực phẩm - đồ uống. Với công suất lên tới 66.000 sản phẩm/giờ, công nghệ vượt trội này cho phép sản phẩm hoàn toàn không sử dụng chất bảo quản, giữ trọn vẹn hương vị và dưỡng chất tự nhiên từ nguồn nguyên liệu tươi sạch.",830,65,38,2026-03-09 07:42:03,unknown
https://www.facebook.com/thmilk/posts/pfbid029a8fMVU2iwft3boMwQGwvEUkVoa9z3qXUFvFnQM1uFvoePqf7mRsu2YT7Goy5aBkl,"KHÁM PHÁ 12 THIẾT KẾ THẺ ĐỘC ĐÁO TRONG CHƯƠNG TRÌNH “TOPPING” NĂNG LƯỢNG KHÁM PHÁ, MỞ KHOÁ HƠN 200.000 QUÀ TẶNG

12 tấm thẻ độc đáo, sẵn sàng “đốn tim” cộng đồng fan Detective Conan, đã lộ diện. Từ Conan với ánh nhìn suy luận sắc bén, Kaito Kid lịch lãm đầy cuốn hút, đến các cặp đôi và những màn đối đầu kịch tính, bộ sưu tập thẻ khiến bạn không thể rời mắt  
Đừng để bộ sưu tập Card của bạn còn thiếu mảnh ghép nào! Nhanh tay sưu tầm đủ 12 thẻ nha! 
 
—----
“TOPPING” NĂNG LƯỢNG KHÁM PHÁ, MỞ KHOÁ HƠN 200.000 QUÀ TẶNG
 Zalo miniapp: https://zalo.me/s/1548195261093669734/
 Website: https://quatangyogurt.thmilk.vn/",30,0,1,2026-03-02 07:42:00,unknown
https://www.facebook.com/thmilk/posts/pfbid02A6vvjswaN1CfdB7jvfMd3dcXMvo2yNo16HYaDUE5ECTzp9DpXcJ7vqE9Dx85PcAwl," CHƯƠNG TRÌNH THU GOM VỎ HỘP LAN TOẢ SỐNG XANH 2026: VIẾT TIẾP HÀNH TRÌNH VỎ HỘP TÁI “XINH”!

Chương trình Thu Gom Vỏ Hộp được tổ chức bởi TH cùng đối tác chiến lược Tetra Pak đã trở lại, ghi dấu một hành trình bền bỉ với hàng chục tấn vỏ hộp sữa đã được thu gom và tái chế, nhờ sự chung tay của hàng ngàn người tiêu dùng.

Năm nay hành trình sống xanh hứa hẹn sẽ càng gần bạn hơn và dễ bắt đầu hơn bao giờ hết, khi phạm vi thu gom được mở rộng lên 45 cửa hàng trên phạm vi 9 tỉnh thành trên cả nước!

Để tham gia chương trình, bạn chỉ cần thu gom những vỏ hộp sữa đã qua sử dụng tại gia đình, làm sạch và gấp gọn lại, rồi mang tới các điểm thu gom tại các cửa hàng TH true mart gần nhất. Với mỗi vỏ hộp thu gom, bạn đã cùng TH ""nối tiếp vòng đời"" vỏ hộp sữa thành những sản phẩm ý nghĩa!
_____
Thông tin chi tiết chương trình:
 Thời gian thu gom: 8:00 – 17:30 mỗi ngày, từ 01/03/2026 đến hết 31/12/2026
 Địa điểm: 45 cửa hàng TH true mart, tại 9 tỉnh Hà Nội, Hải Phòng, Hưng Yên, Bắc Ninh, Ninh Bình, Thanh Hóa, Nghệ An, Đà Nẵng, TP. Hồ Chí Minh",193,136,48,2026-02-23 07:41:56,unknown
https://www.facebook.com/thmilk/posts/pfbid02MiRq4VkbnEaP9To2RU3XNr6Vs9zB6gkZ9ttHHV6wRfeMoC57dThUw9Yyxcv7ceASl,"Chúc mừng năm mới Bính Ngọ 2026.

TH chúc bạn và gia đình một năm mới dồi dào sức khoẻ và thật sự hạnh phúc!",184,29,1,2026-02-16 07:41:53,Photo
https://www.facebook.com/thmilk/posts/pfbid02x4e4BZdM6efjKM9TjpAidqy9RB6GUdKp6eB5Mi7sFty1cfZiPffLCrdN2mJVVpbyl,"GIA HẠN CHƯƠNG TRÌNH “TOPPING” NĂNG LƯỢNG KHÁM PHÁ, MỞ KHÓA HƠN 200.000 QUÀ TẶNG

Chương trình “TOPPING” NĂNG LƯỢNG KHÁM PHÁ, MỞ KHÓA HƠN 200.000 QUÀ TẶNG sẽ tiếp tục diễn ra đến hết ngày 31/03/2026.
Khi mua 01 lốc (04 hộp) TH true YOGURT hoặc TH true YOGURT TOPPING 180ml sẽ được tặng 01 thẻ dự thưởng. Quét mã QR trên thẻ hoặc truy cập Zalo Mini App “TOPPING năng lượng khám phá cùng TH true YOGURT” để tham gia chương trình quay thưởng và tích thẻ đổi quà với hơn 200.000 quà tặng hấp dẫn từ TH true YOGURT. 

 Quà tặng chương trình Quay thưởng:​
10 Điện thoại iPhone 17 256GB
150 Tai nghe bluetooth Apple Airpods 4 
150.000 Thẻ điện thoại 10.000 VNĐ

 Quà tặng chương trình Tích thẻ đổi quà:​
25.000 Bộ dụng cụ học tập Conan
25.000 Bình giữ nhiệt Conan
Mỗi mã in trên thẻ tương đương với 01 lần tích điểm, 12 điểm đổi 01 Bộ dụng cụ học tập Conan hoặc 01 Bình giữ nhiệt Conan.

Lưu ý: Chương trình kết thúc khi hết quà tặng.
Tham gia ngay tại:
Zalo miniapp: https://zalo.me/s/1548195261093669734/
Website: https://quatangyogurt.thmilk.vn/",38,19,2,2026-02-09 07:41:49,Photo
https://www.facebook.com/thmilk/posts/pfbid0foPkNLt4CdzSgqMN7PvRvWT2PtUmsXWQfEqr6g8qkZnih7AZdnHiyjZNpNhUJkPbl,"LỘ DIỆN KHÁCH HÀNG MAY MẮN TIẾP THEO NHẬN ĐƯỢC IPHONE 17 & AIRPODS 4

Chúc mừng những khách hàng đã săn được iPhone 17 & AirPods 4 từ chương trình “TOPPING"" NĂNG LƯỢNG KHÁM PHÁ. Cuộc chơi vẫn chưa dừng lại rất nhiều phần quà hấp dẫn khác chờ đón bạn!
Từ nay đến hết 31/03/2026, mua 01 lốc (04 hộp) sản phẩm Sữa chua uống tiệt trùng TH true YOGURT hộp giấy 180 ml hoặc Sữa chua uống tiệt trùng TH true YOGURT TOPPING hộp giấy 180 ml có gắn thẻ dự thưởng sẽ nhận được 01 mã số để tham gia quay thưởng và tích thẻ đổi quà của chương trình.

Đừng bỏ lỡ cơ hội rinh bộ tặng quà Conan cùng TH true YOGURT nhé!
Tham gia ngay tại:
- Zalo miniapp: https://zalo.me/s/1548195261093669734/
- Website: https://quatangyogurt.thmilk.vn",33,23,0,2026-02-02 07:41:46,unknown
https://www.facebook.com/thmilk/posts/pfbid02RAij8BwGQhwZk5KsXyzKVofgdEtvXFCGVyArz4SdyPD3eZaPsDw5am9f4MvNPhHrl,"“TOPPING” NĂNG LƯỢNG KHÁM PHÁ, MỞ KHÓA HƠN 200.000 QUÀ TẶNG – KHÁM PHÁ BỘ DỤNG CỤ HỌC TẬP CONAN VÀ BÌNH GIỮ NHIỆT CONAN!

Chỉ cần tích đủ 12 thẻ, bạn có thể đổi ngay:
  01 Bộ dụng cụ học tập Conan gồm 6 vật phẩm cực ngầu
  01 Bình giữ nhiệt Conan siêu chất
⏳ Lưu ý:
Số lượng quà tặng có giới hạn. Chương trình có thể kết thúc sớm khi hết quà. Mỗi khách hàng được đổi tối đa 03 lần trong suốt thời gian diễn ra chương trình.

 Vui lòng nhấn nút Đổi quà trước 23h59 ngày 31/03/2026
Đừng bỏ lỡ cơ hội rinh bộ tặng quà Conan cùng TH true YOGURT nhé!
Tham gia ngay tại:
- Zalo miniapp: https://zalo.me/s/1577030352993405429/
- Website: https://quatangyogurt.thmilk.vn",47,23,6,2026-01-26 07:41:42,unknown
https://www.facebook.com/thmilk/posts/pfbid0gd7neuhZu6GH1ob2s7Smw5vSQ3uYetpcoBygihfsgj31khjk4kmhBa3J7X3hTfg1l,"LỘ DIỆN KHÁCH HÀNG MAY MẮN TIẾP THEO NHẬN ĐƯỢC IPHONE 17 
Chúc mừng những khách hàng đã săn được iPhone 17 từ chương trình “TOPPING"" NĂNG LƯỢNG KHÁM PHÁ. Cuộc chơi vẫn chưa dừng lại rất nhiều phần quà hấp dẫn khác chờ đón bạn!

Từ nay đến hết 15/02/2026, mua 01 lốc (04 hộp) sản phẩm Sữa chua uống tiệt trùng TH true YOGURT hộp giấy 180 ml hoặc Sữa chua uống tiệt trùng TH true YOGURT TOPPING hộp giấy 180 ml có gắn thẻ dự thưởng sẽ nhận được 01 mã số để tham gia quay thưởng và tích thẻ đổi quà của chương trình.

---------------------
Ghé thăm hệ thống siêu thị toàn quốc, hệ thống cửa hàng TH true mart hoặc đặt hàng online ngay:
► Website: https://www.thtruemart.vn/
► Danh sách cửa hàng toàn quốc: https://www.thmilk.vn/he-thong-cua-hang/
► Shopee: https://shopee.vn/th_truemart_officialstore
► Lazada: https://www.lazada.vn/shop/th-true-mart
► Grabmart: http://bit.ly/THtruemart-GrabMart
► ShopeeFood: https://bit.ly/THtruemart-ShopeeFood",201,41,13,2026-01-19 07:41:39,Photo
https://www.facebook.com/thmilk/posts/pfbid02ogDcc7gFyeA6byMzUm5YVJV2RYKnWLSjv1mcYqaeQvLA5dF8FzWfVnfUvcKoyePql,"Gần 11 tấn vỏ hộp sữa – hơn 13.000 hành động, và một hành trình ý nghĩa sẽ được tiếp tục ✨

Hơn cả những con số, chúng tôi tự hào hơn về lối sống xanh đã được hình thành và lan tỏa trong cộng đồng. Mỗi lựa chọn nhỏ, khi được duy trì một cách nhất quán, sẽ góp phần tạo nên những thay đổi tích cực cho môi trường và xã hội!

TH trân trọng cảm ơn bạn đã chọn đồng hành cùng chúng tôi bảo vệ môi trường. Hẹn gặp lại trong hành trình năm tới – nơi những con số tiếp tục lớn lên, và niềm tin vào tương lai xanh ngày càng bền vững.",120,41,6,2026-01-12 07:41:35,unknown
https://www.facebook.com/reel/1950548979214595/,Workshop Vỏ hộp tái “xinh” lần thứ 3 đã thu hút được đông đảo khách hàng trải nghiệm. Cùng xem lại những khoảnh khắc ấn tượng nhé!,35,24,2,2026-01-05 07:41:32,Video
https://www.facebook.com/reel/1366865821306903/,Trải nghiệm tái chế vỏ hộp sữa thành những món đồ trang trí Tết ý nghĩa tại Vỏ hộp tái “xinh” lần 3.,34,13,2,2026-01-05 01:24:20,Video
https://www.facebook.com/thmilk/posts/pfbid05wFS4bcVKDks2qC7kUPeJwqDPqTpGUPXhaFUxgAxyk1oQiHKbmCrzXbdhqq4Q9Kcl,"Chủ nhật ý nghĩa cùng các con tại workshop Vỏ hộp tái “xinh” lần 3 tại TH truemart 06 Tràng Tiền. Chương trình vẫn tiếp tục diễn ra đến 17h30 hôm nay, hân hạnh đón chào những “đồng xanh” nhé! ",91,12,0,2026-01-01 16:39:36,unknown
https://www.facebook.com/thmilk/posts/pfbid0owcmcgMYUPHAoFGbRF74NrpwgLp9BJDtwd8srebjbiC6VNJ7PuApVTTxidsLuKqJl,"Ngay lúc này, sự kiện VỎ HỘP TÁI ""XINH"" lần 3 dang diễn ra sôi nổi tại cửa hàng TH truemart 06 Tràng Tiền, Hoàn Kiếm, Hà Nội. Trải nghiệm hô biến những vỏ hộp sữa đã qua sử dụng thành những món đồ trang trí Tết ý nghĩa vẫn đang chờ đón bạn đến tham gia.
------------------------------------------
Chi tiết chương trình:
- Địa điểm: TH truemart 06 Tràng Tiền, Hà Nội
- Đối tượng tham gia: Dành cho mọi lứa tuổi, khách mang vỏ trực tiếp tới cửa hàng TH true mart Tràng Tiền.
- Thời gian: 8h-17h30 hôm nay Chủ nhật ngày 28/12.",43,9,2,2025-12-29 07:54:53,unknown
https://www.facebook.com/thmilk/posts/pfbid02guprkhGvWK5TfVec1yeRrKpRcddjGRQ7VDu6nnK2UKNSkXYth5fZ4mHHN8KUY6nTl,"Tại Đại hội Thi đua yêu nước toàn quốc lần thứ XI với chủ đề “Thi đua đổi mới, sáng tạo, tăng tốc bứt phá đưa đất nước vào kỷ nguyên phát triển hùng cường, văn minh, thịnh vượng”, Tập đoàn TH với đại diện hạt nhân là Công ty Cổ phần Thực phẩm sữa TH đã được Đảng và Nhà nước phong tặng danh hiệu Anh hùng Lao động - ghi nhận những đóng góp đặc biệt xuất sắc của TH trong sự nghiệp phát triển kinh tế - xã hội, bảo vệ và nâng cao sức khỏe cộng đồng, góp phần xây dựng nền tảng thể lực, trí lực cho thế hệ tương lai đất nước.",389,28,17,2025-12-25 23:10:10,unknown
https://www.facebook.com/thmilk/posts/pfbid025gqG4d65LZq2q5KLgem9tPBnqGgU8suaJNHnfAHbTe9fPi72qVvrjVrsfFQzzN14l,"Cánh đồng hoa hướng dương tại Trang trại TH – Nghĩa Lâm, Nghệ An sẽ tạm đóng cửa đón khách tham quan trong hai ngày 03–04/01/2026 để phục vụ công tác tổ chức ""Run to the Sun” – giải chạy gây quỹ từ thiện dành cho trẻ em.

Sau thời gian này, cánh đồng sẽ mở cửa trở lại từ ngày 05/01/2026. Và để chúng ta đều có thể đón một mùa hoa luôn đẹp, TH mong bạn không ngắt hoa, bẻ cành và cùng giữ gìn vệ sinh chung.

Cảm ơn bạn đã dành sự quan tâm cho cánh đồng hoa hướng dương của TH!",3622,342,76,2025-12-22 14:25:27,Photo
https://www.facebook.com/thmilk/posts/pfbid03ERWvLB2LMrSuroBKeq37yRcy2grzB2rFKZQxkaFEwdeU7XtVVxu4iUdV8PLTjnol,"WORKSHOP VỎ HỘP TÁI “XINH” 3 - SÁNG TẠO MÓN ĐỒ TRANG TRÍ TẾT

Workshop Vỏ Hộp Tái ""Xinh"" 3 chính thức trở lại với trải nghiệm mới cùng hoạt động tái chế từ vỏ hộp sữa. Đặc biệt, các bạn sẽ tự tay làm những món đồ trang trí Tết ý nghĩa, biến vỏ hộp sữa quen thuộc thành niềm vui ngày xuân.

Tham gia ngay để cùng sáng tạo và mang những món quà “xanh” về nhà dịp Tết này nhé!
—-------------------------------------------
Workshop Vỏ hộp tái “Xinh” là hoạt động nằm trong chương trình “Thu gom vỏ hộp, Lan toả sống xanh 2025” do tập đoàn TH và Tetra Pak phối hợp tổ chức nhằm mục tiêu khuyến khích khách hàng thực hiện các hành động tích cực, thu gom và tái chế vỏ hộp sữa đã sử dụng, chung tay góp phần bảo vệ môi trường và lan tỏa lối sống xanh.

Chỉ cần bạn đem vỏ hộp giấy đã được làm sạch, số lượng bất kỳ đến sự kiện
Bạn sẽ được
-  Tham gia miễn phí workshop sáng tạo
- Trở thành Đại sứ Xanh lan toả tinh thần thu gom - tái chế
-  Tự tay “hô biến” vỏ hộp giấy thành đồ trang trí Tết
-  Có một buổi cuối tuần ý nghĩa, trọn vẹn và xanh hơn cùng các “đồng xanh”

Bạn có sẵn sàng tham gia Tái “Xinh” vỏ hộp giấy cùng TH chưa nào!!

--------------------------------
Thông tin sự kiện:
Thời gian: Từ 08h đến 17h30 Chủ Nhật, ngày 28 tháng 12 năm 2025
Địa điểm: Cửa hàng TH true mart - số 6 Tràng Tiền, Hoàn Kiếm, Hà Nội.
Đối tượng tham gia: Dành cho mọi lứa tuổi, khách mang vỏ trực tiếp tới cửa hàng TH true mart Tràng Tiền
Hoạt động nằm trong chương trình “Thu gom vỏ hộp lan tỏa sống xanh 2025” diễn ra từ 8h00 - 17h30 hàng ngày đến hết 31/12/2025 tại 45 cửa hàng TH true mart trên toàn quốc. Chi tiết xem tại: https://thugomvohop.thmilk.vn
#TH #Tagom #Thugomvohop #Lantoasongxanh2025",88,17,2,2025-12-19 05:40:44,Photo
https://www.facebook.com/thmilk/posts/pfbid0jZp9QuzQnHC6izEAmSs4haEvEx85FEyzFW5qiuXdrf2PjwCBNayYvYdWasaLmBQEl,"Cánh đồng hoa hướng dương tại Trang trại TH – Nghĩa Lâm, Nghệ An đã chính thức mở cửa đón khách tham quan tự do.

Hãy cùng TH chung tay giữ gìn cảnh quan để mùa hoa này được trọn vẹn và có những trải nghiệm đáng nhớ, mang về nhiều khung hình đẹp tại nơi đây.",9170,1921,803,2025-12-15 20:56:01,unknown
https://www.facebook.com/thmilk/posts/pfbid0WH7mXTBmSHHAktCjGvm8QsrXDoE73A4cz2TsKx2HoCCRp5u1N6ttYrzXzFeYymBcl,"Cánh đồng hướng dương tại Trang trại TH sẽ mở cửa sớm từ ngày 16/12/2025 để khách tham quan tự do. Đây cũng là thời điểm hoa nở rộ đẹp nhất và dự kiến vẫn tỏa sắc qua Tết Dương lịch, tạo điều kiện cho đông đảo du khách ghé thăm.

Năm nay, hoa được trồng ở cánh đồng C10, nằm đối diện khu vực giữa hai trang trại bò sữa số 1 và số 3. Bên cạnh những góc check-in ngập sắc vàng, TH còn quy hoạch bãi đỗ xe, bố trí nhân sự hướng dẫn vào bãi, ngay tại cánh đồng cũng có gian hàng TH true mart để bạn tiện ghé mua sắm.

Khi ghé thăm, mong bạn chung tay giữ gìn vệ sinh chung, không ngắt hoa, bẻ cành. Hãy cùng TH làm nên một mùa hoa đẹp.",948,177,106,2025-12-12 12:11:18,unknown
https://www.facebook.com/thmilk/posts/pfbid0t3odWhS1FBzSrXeG6qppZ9DvSwBUhToaFnNYk2vcxkXoJxFT6ZN5RQrm52kzE5cTl,"TH true FOOD ra mắt bộ sản phẩm Bữa Ăn Tiện Lợi
Giải pháp cho bữa ăn ngon – đủ dinh dưỡng – không tốn nhiều thời gian chuẩn bị, đồng hành cùng nhịp sống hiện đại bận rộn.
Gồm 5 món quen thuộc chuẩn vị cơm nhà:
- Cá trắm kho riềng TH true FOOD 
- Cá lóc kho tiêu TH true FOOD 
- Thịt kho tàu TH true FOOD 
- Thịt ba chỉ kho tiêu TH true FOOD 
- Sườn xào chua ngọt TH true FOOD
 Tiện lợi, chuẩn bị chỉ 5 phút làm nóng – không cần rã đông vẫn có ngay bữa ngon
 Không dùng chất bảo quản, an toàn cho sức khỏe
 Chuẩn vị gia đình  – đậm đà, đưa cơm
❄️ Công nghệ cấp đông nhanh QF (Quick Freezing), giúp giữ trọn độ tươi ngon & dinh dưỡng.
 Đến ngay cửa hàng TH true MART để mua và trải nghiệm trọn bộ sản phẩm Bữa Ăn Tiện Lợi TH true FOOD!
Nhanh tay dùng thử và mua hàng tại:
► Website hệ thống TH true mart: https://www.thtruemart.vn
► Grabmart: https://grb.to/THtruemart
► ShopeeFood: https://bit.ly/THtruemart-ShopeeFood
► Ứng dụng: TH eLIFE",104,9,5,2025-12-09 03:26:35,unknown
https://www.facebook.com/thmilk/posts/pfbid02nvRafcPXs7XHBgBtJ9eTmbuzann1qWG8Eexz937rytQP9ctTMfuPxFjKH3aXvQQfl,"Những bông hoa hướng dương đã bắt đầu hé nở tại trang trại TH - Nghĩa Lâm, Nghệ An. Chỉ khoảng 1 tuần nữa, toàn bộ hoa hướng dương trên cánh đồng này sẽ nở rộ. 

Từ hơn 10 năm trước, Tập đoàn TH đã trồng hoa hướng dương với mục đích ban đầu để làm thức ăn cho đàn bò sữa, tuy nhiên những cánh đồng rực rỡ này đã nhanh chóng trở thành địa điểm check-in hấp dẫn, thu hút hàng trăm ngàn lượt khách tham quan mỗi lần ghé qua Nghệ An. 

Vườn hoa năm nay dự kiến mở cửa đón khách từ ngày 20/12/2025. Nếu có dịp ghé Nghệ An trong thời gian này, đừng quên ghé thăm cánh đồng hoa hướng dương tại trang trại TH - cụm trang trại tập trung ứng dụng công nghệ cao với quy trình sản xuất khép kín quy mô lớn nhất thế giới để lưu lại những khoảnh khắc thật đặc biệt giữa mùa hoa đẹp trong năm bạn nhé!",9091,3783,1225,2025-12-05 18:41:52,unknown
https://www.facebook.com/reel/4398411530405729/," “TOPPING"" NĂNG LƯỢNG KHÁM PHÁ, MỞ KHÓA 200.000 QUÀ TẶNG
Giải thưởng “Quay thưởng”
 10 iPhone 17 256 GB
 150 Tai nghe Bluetooth Airpods 4
 150.000 Thẻ điện thoại 10.000 VNĐ
Giải thưởng “Tích thẻ đổi quà”
 25.000 Bộ dụng cụ học tập Conan
 25.000 Bình giữ nhiệt Conan
---------------------------------------
Từ 01/12/2025 - 15/02/2026, khi mua 01 lốc (04 hộp) sản phẩm Sữa chua uống tiệt trùng TH true YOGURT 180 ml hoặc Sữa chua uống tiệt trùng TH true YOGURT TOPPING 180 ml có gắn thẻ quay thưởng sẽ nhận được 01 mã quay thưởng.
Khách hàng truy cập trực tiếp ứng dụng của hệ thống Zalo (“Zalo Mini App”) “TOPPING năng lượng khám phá cùng TH true YOGURT” hoặc quét mã QR trên thẻ tham gia chương trình để có cơ hội trúng nhiều quà tặng hấp dẫn từ TH true YOGURT.
(*) Tích 12 thẻ đổi 01 quà tặng. Khi một trong hai loại quà hết, Khách hàng vui lòng chọn đổi loại quà còn lại. Quà tặng có giới hạn.  Chương trình có thể kết thúc sớm khi hết số lượng quà tặng. 
(*) Lưu ý: Mỗi mã quay thưởng chỉ được tham gia chương trình một lần duy nhất và chỉ có thể trúng 01 trong các giải thưởng Quay thưởng trong cơ cấu giải thưởng của chương trình.
---------------------------------------
Ghé thăm hệ thống siêu thị toàn quốc, hệ thống cửa hàng TH true mart hoặc đặt hàng online ngay:
► Website: https://www.thtruemart.vn/
► Danh sách cửa hàng toàn quốc: https://www.thmilk.vn/he-thong-cua-hang/
► Shopee: https://shopee.vn/th_truemart_officialstore
► Lazada: https://www.lazada.vn/shop/th-true-mart
► Grabmart: http://bit.ly/THtruemart-GrabMart
► ShopeeFood: https://bit.ly/THtruemart-ShopeeFood",166,62,31,2025-12-02 09:57:09,Video
https://www.facebook.com/thmilk/posts/pfbid037zwZF3N472eGH9k84b2ZuCmG1FgQLicVw6cTEya5AbuTmVsiswCTXtYfp47gWJTol," “TOPPING"" NĂNG LƯỢNG KHÁM PHÁ, MỞ KHÓA 200.000 QUÀ TẶNG
Giải thưởng “Quay thưởng”
 10 iPhone 17 256 GB
 150 Tai nghe Bluetooth Airpods 4
 150.000 Thẻ điện thoại 10.000 VNĐ
Giải thưởng “Tích thẻ đổi quà”
 25.000 Bộ dụng cụ học tập Conan
 25.000 Bình giữ nhiệt Conan
---------------------------------------
Từ 01/12/2025 - 15/02/2026, khi mua 01 lốc (04 hộp) sản phẩm Sữa chua uống tiệt trùng TH true YOGURT 180 ml hoặc Sữa chua uống tiệt trùng TH true YOGURT TOPPING 180 ml có gắn thẻ quay thưởng sẽ nhận được 01 mã quay thưởng.
Khách hàng truy cập trực tiếp ứng dụng của hệ thống Zalo (“Zalo Mini App”) “TOPPING năng lượng khám phá cùng TH true YOGURT” hoặc quét mã QR trên thẻ tham gia chương trình để có cơ hội trúng nhiều quà tặng hấp dẫn từ TH true YOGURT.
(*) Tích 12 thẻ đổi 01 quà tặng. Khi một trong hai loại quà hết, Khách hàng vui lòng chọn đổi loại quà còn lại. Quà tặng có giới hạn.  Chương trình có thể kết thúc sớm khi hết số lượng quà tặng. 
(*) Lưu ý: Mỗi mã quay thưởng chỉ được tham gia chương trình một lần duy nhất và chỉ có thể trúng 01 trong các giải thưởng Quay thưởng trong cơ cấu giải thưởng của chương trình.
---------------------------------------
Ghé thăm hệ thống siêu thị toàn quốc, hệ thống cửa hàng TH true mart hoặc đặt hàng online ngay:
► Website: https://www.thtruemart.vn/
► Danh sách cửa hàng toàn quốc: https://www.thmilk.vn/he-thong-cua-hang/
► Shopee: https://shopee.vn/th_truemart_officialstore
► Lazada: https://www.lazada.vn/shop/th-true-mart
► Grabmart: http://bit.ly/THtruemart-GrabMart
► ShopeeFood: https://bit.ly/THtruemart-ShopeeFood",109,23,14,2025-11-27 09:52:30,Photo
https://www.facebook.com/thmilk/posts/pfbid02szCYQndHBEBD5bMkFCCCpvR1TE5BeJoozhwq9QhQ527NdunUZ8Zdw29t3sZhSyq5l,"HƯỚNG DẪN CÁCH CHƠI ĐỒNG ĐỘI - BỘ THẺ TH MISTORI   
Hãy cùng TH MISTORI tìm hiểu luật chơi đồng đội để tăng cường sự gắn kết và học cách phối hợp thật ăn ý!

Trong phần chơi đồng đội, các bạn sẽ cùng nhau tiêu diệt quái vật và bảo vệ hành tinh tươi đẹp. Đây là lúc mỗi thành viên phát huy vai trò của mình để hoàn thành mục tiêu chung và chinh phục mọi thử thách!

Sưu tầm thẻ, chơi board game siêu vui cùng với TH MISTORI nhé! 
Tham khảo thông tin về chương trình tại: https://www.thmilk.vn/uong-mistori-rinh-qua-xin-san-the-boardgame-vui/",59,10,5,2025-11-22 09:47:52,unknown
https://www.facebook.com/thmilk/posts/pfbid02DXFouvYJHMQQe6naJzh1Yy8KsvQaJEk9Y1wZcnUhMc43XTTQcKLjP2zsGWEyTELql,"HƯỚNG DẪN CÁCH CHƠI ĐỐI KHÁNG - BỘ THẺ TH MISTORI   
Hãy cùng TH MISTORI tìm hiểu luật chơi đối kháng để rèn luyện kỹ năng và sẵn sàng bước vào mọi thủ thách!  

Những trận đối kháng không chỉ giúp các bạn tăng cường tư duy chiến thuật, mà còn là bước khởi đầu để hiểu nhau hơn trước phần chơi đồng đội sau này!   

Sưu tầm thẻ, chơi board game siêu vui cùng với TH MISTORI nhé! 
Tham khảo thông tin về chương trình tại: https://www.thmilk.vn/uong-mistori-rinh-qua-xin-san-the-boardgame-vui/",71,32,6,2025-11-17 09:43:14,unknown
https://www.facebook.com/thmilk/posts/pfbid02jziFnfXmB8G6uGMbBfJA81YNQCUK2TqYXJmmaKbAiv7CaP2sTwosWFV2JnmDMr92l,"Tính đến hết tháng 10, chương trình ""Thu gom vỏ hộp - Lan tỏa sống xanh 2025"" đã chạm mốc gần 7 tấn vỏ hộp sữa được thu gom - tăng thêm 1,3 tấn vỏ hộp sữa so với tháng 9.

Cảm ơn quý khách hàng đã cùng TH chung tay góp sức bảo vệ môi trường, lan tỏa lối sống xanh đến với cộng đồng.

 Thông tin chi tiết chương trình:
- Thời gian thu gom: 8:00 - 17:30 mỗi ngày, từ 01/03/2025 đến hết 31/12/2025
- Địa điểm: 45 cửa hàng tại Hà Nội, TP. Hồ Chí Minh, Nghệ An, Hải Phòng, Đà Nẵng và Khánh Hòa
- Để biết thêm thông tin chi tiết, vui lòng xem tại: https://thugomvohop.thmilk.vn 

Chương trình thu gom vỏ hộp vẫn tiếp tục diễn ra, hãy cùng TH tham gia chương trình ngay hôm nay, chung tay bảo vệ môi trường và lan tỏa lối sống xanh! ",134,64,9,2025-11-12 09:38:35,Photo
https://www.facebook.com/thmilk/posts/pfbid0V8cGqGC7uAfvCxvtAiwTqZYsmAaLJHhiN8MMDsnEr5N8onxW7dRphQe5omcNMGgVl,"ANH HÙNG LAO ĐỘNG THÁI HƯƠNG VINH HẠNH ĐƯỢC TỔNG THỐNG NGA VLADIMIR PUTIN TRỰC TIẾP TRAO HUÂN CHƯƠNG HỮU NGHỊ TẠI ĐIỆN KREMLIN

Vào Ngày Thống nhất Toàn dân, Tổng thống Nga Vladimir Putin đã trao tặng các huân chương nhà nước và giải thưởng của Tổng thống cho những đóng góp vào việc củng cố khối đại đoàn kết dân tộc Nga.

Nhân kỷ niệm ngày lễ trọng đại này, chiều ngày 4/11/2025 tại điện Kremlin, Việt Nam vinh dự và tự hào có Anh hùng Lao động Thái Hương, Nhà Sáng lập – Chủ tịch Hội đồng Chiến lược Tập đoàn TH, Tổng Giám đốc Ngân hàng TMCP Bắc Á được đích thân Tổng thống Liên bang Nga Vladimir Putin trực tiếp trao tặng Huân chương Hữu nghị vì những đóng góp nổi bật củng cố và phát triển quan hệ hợp tác giữa Việt Nam và Liên bang Nga trong an ninh lương thực.

Nói về bà Thái Hương, Tổng thống Putin chia sẻ: ""Bà Thái Hương, lãnh đạo tập đoàn nông nghiệp lớn nhất Việt Nam, đang triển khai những dự án triển vọng trong lĩnh vực nông nghiệp tại Nga. Những dự án này phục vụ cho việc bảo đảm an ninh lương thực và tăng cường hơn nữa sự hợp tác chiến lược giữa hai nước chúng ta"".

""Phần thưởng này tôi sẽ giữ trọn trong tim. Tôi nguyện sẽ phát huy tốt hơn nữa những thành quả đã đạt được. Đất sẽ nở hoa và tình hữu nghị được củng cố. Những nhà khoa học, những người nông dân, công dân Việt - Nga sẽ trở thành những người bạn trên những cánh đồng màu mỡ, đời nối đời sẽ ấm no hạnh phúc"", Anh hùng Lao động Thái Hương phát biểu trong buổi lễ.

Đặt ra chiến lược Trân quý mẹ thiên nhiên, con người là chủ thể trên nền tảng phát triển bền vững và triển khai xây dựng thương hiệu, hệ thống phân phối tại liên bang Nga. TH sẽ trở thành thương hiệu quốc gia của Liên bang Nga mang tầm quốc tế, góp phần vì một nước Nga hùng cường và thịnh vượng.

#TH #THtrueMILK",1036,66,79,2025-11-07 09:33:57,unknown
https://www.facebook.com/reel/1191541982855563/,"Sữa Chua Kem Ngậy Tự Nhiên TH true YOGURT Creamy Mới – Vị Ngon Ngất Ngây 

Mang đến trải nghiệm thưởng thức mới lạ với kết cấu sánh mịn, ngậy thơm cùng Sữa Chua Kem Ngậy Tự Nhiên hoàn toàn mới - sản phẩm thuộc dòng sữa chua cao cấp, mang đến vị ngon ngất ngây, là món tráng miệng dinh dưỡng, lành mạnh cho cả gia đình. 

Sản phẩm được lên men tự nhiên từ sữa tươi sạch, cung cấp 4g đạm/ hũ 100g, ~X2 năng lượng* và các chất dinh dưỡng từ sữa tươi tốt cho sức khỏe. 

 Cùng TH trải nghiệm TH true YOGURT Creamy hôm nay tại hệ thống cửa hàng chính thức TH true mart trên toàn quốc nhé:

*so với Sữa Chua Vị Tự Nhiên TH true YOGURT
#THtrueYOGURTCreamy #ViNgonNgatNgay #ViNgonThatSuThienNhien
—-----------------------------
► Website: https://www.thtruemart.vn/

► Danh sách cửa hàng: https://www.thmilk.vn/he-thong-cua-hang/

► Grabmart: http://bit.ly/THtruemart-GrabMart

► ShopeeFood: https://bit.ly/THtruemart-ShopeeFood",594,83,60,2025-11-02 09:29:19,Video
https://www.facebook.com/reel/1818816035507419/,"Workshop Vỏ hộp tái ""xinh"" lần 2 có gì đặc biệt?",1892,7,4,2025-11-01 11:24:00,Video
https://www.facebook.com/reel/1796320184341908/,"Những con số ấn tượng tại workshop Vỏ hộp tái ""xinh"" lần 2 đã được ghi lại. Cảm ơn quý khách hàng đã đồng hành cùng hành trình Lan tỏa sống xanh cùng nhà TH.
Đừng quên hoạt động thugom vẫn diễn ra hàng ngày từ 8h-17h30 đến 31/12/2025 tại 45 cửa hàng TH truemart ở Hà Nội, Hồ Chí Minh, Nghệ An, Hải Phòng, Khánh Hòa và Đà Nẵng.
Chi tiết chương trình tại: https://thugomvohop.thmilk.vn",9364,7,11,2025-11-01 06:38:03,Video
https://www.facebook.com/reel/672058829022592/,"[MỚI] Sản phẩm Thức Uống Sữa Trái Cây Có Thạch TH true JUICE milk MISTORI 180 ml bổ sung thạch dừa giòn ngon, tạo trải nghiệm nhai thú vị khi thưởng thức
Bộ sản phẩm sử dụng sữa hoàn toàn từ sữa tươi đạt chuẩn của TH, kết hợp với nước ép trái cây tự nhiên và bổ sung bộ vi chất tốt cho sức khỏe: Vitamin B6, B12, acid folic giúp tăng cường trao đổi chất và chuyển hoá năng lượng

Ghé thăm hệ thống cửa hàng TH true mart toàn quốc, và gian hàng TH true mart trên kênh thương mại điện tử mua ngay:
►Danh sách cửa hàng: https://www.thmilk.vn/he-thong-cua-hang/
► Website hệ thống TH true mart: thtruemart.vn
► Ứng dụng: TH eLIFE
► ShopeeFood: https://bit.ly/THtruemart-ShopeeFood
► Grabmart: http://bit.ly/THtruemart-GrabMart
► Shopee: https://shopee.vn/th_truemart_officialstore
► Lazada: https://www.lazada.vn/shop/th-true-mart",2903,82,95,2025-10-30 04:57:34,Video
https://www.facebook.com/thmilk/posts/pfbid02gMicD7PBZozX8a9XBh6R6U8K5zzxjrdcaWpgwWUzrynkrNBtWftMfTCh3DjqUZpQl,"[MỚI] ✨TH MISTORI nay có thêm sản phẩm mới Thức Uống Sữa Trái Cây TH true JUICE milk MISTORI 180 ml và Thức Uống Sữa Trái Cây Có Thạch TH true JUICE milk MISTORI 180 ml  

Bộ sản phẩm sử dụng sữa hoàn toàn từ sữa tươi đạt chuẩn của TH, kết hợp với nước ép trái cây tự nhiên và bổ sung bộ vi chất tốt cho sức khỏe: Vitamin B6, B12, acid folic giúp tăng cường trao đổi chất và chuyển hoá năng lượng
Sản phẩm Thức Uống Sữa Trái Cây Có Thạch TH true JUICE milk MISTORI 180 ml bổ sung thạch dừa giòn ngon, tạo trải nghiệm nhai thú vị khi thưởng thức

Ghé thăm hệ thống cửa hàng TH true mart toàn quốc, và gian hàng TH true mart trên kênh thương mại điện tử mua ngay:
►Danh sách cửa hàng: https://www.thmilk.vn/he-thong-cua-hang/
► Website hệ thống TH true mart: thtruemart.vn
► Ứng dụng: TH eLIFE
► ShopeeFood: https://bit.ly/THtruemart-ShopeeFood
► Grabmart: http://bit.ly/THtruemart-GrabMart
► Shopee: https://shopee.vn/th_truemart_officialstore
► Lazada: https://www.lazada.vn/shop/th-true-mart",148,24,23,2025-10-28 09:29:50,Photo
https://www.facebook.com/reel/842754881572305/,"Ngày hôm nay, workshop Vỏ hộp tái “xinh” 2 đã diễn ra trọn vẹn, thu hút khoảng 150 lượt khách hàng tham gia. Những vật phẩm tái chế vô cùng đáng yêu đã được làm ra từ những vỏ hộp tái chế.

Cùng nhìn lại những khoảnh khắc đáng nhớ ngày hôm nay nhé!",67,8,1,2025-10-26 14:02:07,Video
https://www.facebook.com/thmilk/posts/pfbid02KhuH3V6B3ntroaDhwqAxwy8ACX5jfB6c1cYzSwCG4ewM8VbRzAbL8Za92XyKQVDZl,"Cùng ghi lại những khoảnh khắc đáng yêu của các cặp mẹ con đến với workshop Vỏ hộp tái “xinh” 2.

Đừng quên workshop vẫn tiếp tục diễn ra đến 17h30 ngày hôm nay 26/10 tại cửa hàng TH truemart 34 Hoàng Quốc Việt nhé ",102,10,0,2025-10-25 01:18:50,unknown
https://www.facebook.com/thmilk/posts/pfbid029eW46qJ7hZNcxbbMsYEYnHPRGUMACNf5Gq6cTUysGXoRt7qPKXChpuavM8QojvFGl,"Workshop VỎ HỘP TÁI “XINH” 2 đã sẵn sàng!!!
Rất nhiều hoạt động thú vị và hấp dẫn đang chờ đón bạn tại workshop lần này. 

Sự kiện sẽ diễn ra từ 8h-17h30 ngày hôm nay tại cửa hàng TH truemart 34 Hoàng Quốc Việt. 

Cùng tham gia ngay nhé ",85,18,1,2025-10-23 12:35:33,unknown
https://www.facebook.com/thmilk/posts/pfbid02uRXYvf8RMxFHHm2VF11ceEqgzmUqKZw7GF1MHSCNALNrpvHPK3j2WV5cuy7iPcetl,"Workshop VỎ HỘP TÁI “XINH” CHÍNH THỨC QUAY TRỞ LẠI!!!
 4600 vỏ hộp sữa được thu gom để tái chế, 150 phần quà xanh được trao tay tại Workshop Vỏ Hộp Tái Xinh lần thứ nhất là minh chứng cho sự quan tâm đặc biệt lớn của cộng đồng trong hành trình chung tay “Thu gom vỏ hộp, Lan tỏa sống Xanh”.

Vì vậy, ngày 26/10 sắp tới đây, Workshop Vỏ hộp tái “xinh” lần thứ hai đang nóng lòng chờ bạn cùng những chiếc vỏ hộp sữa sạch xinh và đầy háo hức được tái chế!
—-------------------------------------------
Workshop Vỏ hộp tái “Xinh” là hoạt động nằm trong chương trình “Thu gom vỏ hộp, Lan toả sống xanh 2025” do tập đoàn TH và Tetra Pak phối hợp tổ chức nhằm mục tiêu khuyến khích khách hàng thực hiện các hành động tích cực, thu gom và tái chế vỏ hộp sữa đã sử dụng, chung tay góp phần bảo vệ môi trường và lan tỏa lối sống xanh.

Chỉ cần đem vỏ hộp giấy đã được xử lý sạch số lượng bất kỳ đến sự kiện
Bạn sẽ được trải nghiệm miễn phí workshop hô biến vỏ hộp giấy thành những bức tranh 3D và Bookmark độc đáo do chính mình sáng tạo nên.

Nếu bạn đã bỏ lỡ workshop lần 1, hãy nhanh tay lên lịch “hẹn hò” cùng TH  vào ngày 26/10 tới nha!!
--------------------------------
Thông tin sự kiện:
⏰ Thời gian: Từ 08h đến 17h30 Chủ Nhật, ngày 26 tháng 10 năm 2025
   Địa điểm: Cửa hàng TH true mart - số 34 Hoàng Quốc Việt, Phường Nghĩa Đô, Hà Nội.
  Đối tượng tham gia: Dành cho mọi lứa tuổi, khách mang vỏ trực tiếp tới cửa hàng true mart Hoàng Quốc Việt
 Hoạt động nằm trong chương trình “Thu gom vỏ hộp lan tỏa sống xanh 2025” diễn ra từ 8h00 - 17h30 hàng ngày đến hết 31/12/2025 tại 45 cửa hàng TH true mart trên toàn quốc. Chi tiết xem tại: https://thugomvohop.thmilk.vn

#TH #TetraPak #Tagom #Thugomvohop #Lantoasongxanh2025",77,30,6,2025-10-21 23:52:16,Photo
https://www.facebook.com/reel/2373027609795837/,"Được làm hoàn toàn từ sữa tươi trang trại, sạch, theo chuẩn của Trang trại TH, trang trại bò sữa tập trung ứng dụng công nghệ cao lớn nhất thế giới (*), sữa tươi sạch TH true MILK giữ vẹn nguyên dưỡng chất và tinh tuý từ thiên nhiên, tốt cho sức khoẻ cả gia đình. 

Mua ngay tại: 
► Hệ thống cửa hàng TH true mart: https://www.thmilk.vn/he-thong-cua-hang/ 
► Website: thtruemart.vn 
► Ứng dụng: TH eLIFE 
► ShopeeFood: https://bit.ly/THtruemart-ShopeeFood 
► Grabmart: http://bit.ly/THtruemart-GrabMart 
► Shopee: https://shopee.vn/th_truemart_officialstore 
► Lazada: https://www.lazada.vn/shop/th-true-mart 
► TikTok Shop: https://bit.ly/THtruemart-TikTokShop

(*): Cụm trang trại bò sữa tập trung ứng dụng công nghệ cao với quy trình sản xuất khép kín quy mô lớn nhất Thế Giới được xác lập bới World Records Union (2020)",1475,13,15,2025-10-20 11:09:00,Video
https://www.facebook.com/reel/1864150517645015/,"Được làm hoàn toàn từ sữa tươi trang trại, sạch, theo chuẩn của Trang trại TH, trang trại bò sữa tập trung ứng dụng công nghệ cao lớn nhất thế giới (*), sữa tươi sạch TH true MILK giữ vẹn nguyên dưỡng chất và tinh tuý từ thiên nhiên, tốt cho sức khoẻ cả gia đình. 

Mua ngay tại: 
► Hệ thống cửa hàng TH true mart: https://www.thmilk.vn/he-thong-cua-hang/ 
► Website: thtruemart.vn 
► Ứng dụng: TH eLIFE 
► ShopeeFood: https://bit.ly/THtruemart-ShopeeFood 
► Grabmart: http://bit.ly/THtruemart-GrabMart 
► Shopee: https://shopee.vn/th_truemart_officialstore 
► Lazada: https://www.lazada.vn/shop/th-true-mart 
► TikTok Shop: https://bit.ly/THtruemart-TikTokShop

(*): Cụm trang trại bò sữa tập trung ứng dụng công nghệ cao với quy trình sản xuất khép kín quy mô lớn nhất Thế Giới được xác lập bới World Records Union (2020)",1717,10,16,2025-10-20 10:46:45,Video
https://www.facebook.com/thmilk/posts/pfbid02PZ1zgJNdsLsAJHUquUZB3iK7xfqcAXPQoYCE1ahdmLvBD516A73zZufUKnMEbazGl,"TH true FORMULA đã mang đến thật nhiều niềm vui và trải nghiệm dinh dưỡng cho các bé tại Festival Mẹ & Bé KidsPlaza Hà Nội – sự kiện lớn nhất dành cho mẹ và bé năm 2025! ✨

Ba mẹ và bé đã cùng thưởng thức sữa tươi công thức thơm ngon, tham gia trò chơi nhận quà hấp dẫn và tận hưởng không khí lễ hội rộn ràng. 

 Tiếp nối hành trình tại Hà Nội, TH true FORMULA sẽ gặp lại ba mẹ và bé tại TP. Hồ Chí Minh!
 Thời gian: 08 – 09/11/2025
 Địa điểm: Trung tâm Cung ứng Dịch vụ Văn hóa – Thể thao phường An Hội Đông, số 5A Nguyễn Văn Lượng, phường An Hội Đông.

 Hẹn gặp lại ba mẹ và bé tại gian hàng TH true FORMULA và TH true FOOD – cùng lan tỏa nguồn dinh dưỡng sạch, chuẩn thiên nhiên cho thế hệ tương lai khỏe mạnh và hạnh phúc!""",97,11,5,2025-10-16 10:54:20,unknown
https://www.facebook.com/thmilk/posts/pfbid0Rx3UTX3u7atghwag8N2a5dRv9V918wio7N8rqrXv9qSPutB4W7fasfog1YTKU576l,"♻️ Chương trình ‘Thu gom vỏ hộp - Lan tỏa sống xanh 2025’ hiện đang diễn ra tại 45 cửa hàng TH true mart thuộc 6 tỉnh/thành phố: Hà Nội, TP.Hồ Chí Minh, Nghệ An, Hải Phòng, Đà Nẵng và Khánh Hòa.

Hãy tìm ngay cửa hàng gần bạn nhất và mang theo những vỏ hộp sữa để cùng TH ""nối tiếp vòng đời"" vỏ hộp sữa thành những sản phẩm ý nghĩa. Đó là cách chúng ta cùng nhau vẽ nên bức tranh xanh, vun đắp vẻ đẹp bền vững cho hành tinh này.
--------------------------------
 Thông tin chi tiết chương trình:
 Thời gian: 8:00 - 17:30 mỗi ngày, từ 01/03/2025 đến hết 31/12/2025
 Để biết thêm thông tin về chương trình, vui lòng xem tại: https://thugomvohop.thmilk.vn 

Hãy cùng TH tham gia chương trình ngay hôm nay, chung tay bảo vệ môi trường và lan tỏa lối sống xanh! ",117,88,10,2025-10-12 11:01:55,unknown
https://www.facebook.com/thmilk/posts/pfbid0364TLxHzBt8c19AaTKkFSVYrvhKyyLSXaBJXL9KAnYmD1tjcPc6xQzL2QLiBWninsl,"Sau hơn 7 tháng diễn ra, chương trình ""Thu gom vỏ hộp, Lan tỏa sống xanh 2025"" đã thu gom gần 5,7 tấn vỏ hộp sữa. Những vật dụng được tái chế từ vỏ hộp sữa như mắc áo, chậu cây, bàn ghế,... sẽ bắt đầu vòng đời mới tới tay người tiêu dùng.

 Cảm ơn các bạn đã đồng hành cùng chương trình ""Thu gom vỏ hộp - Lan tỏa sống xanh 2025"" trong thời gian vừa qua. Với mỗi vỏ hộp thu gom, bạn đã cùng TH vẽ nên bức tranh xanh, vun đắp vẻ đẹp bền vững cho hành tinh này.

 Thông tin chi tiết chương trình:
- Thời gian thu gom: 8:00 - 17:30 mỗi ngày, từ 01/03/2025 đến hết 31/12/2025
- Địa điểm: 45 cửa hàng tại Hà Nội, TP. Hồ Chí Minh, Nghệ An, Hải Phòng, Đà Nẵng và Khánh Hòa
- Để biết thêm thông tin chi tiết, vui lòng xem tại: https://thugomvohop.thmilk.vn 

Chương trình thu gom vỏ hộp vẫn tiếp tục diễn ra, hãy cùng TH tham gia chương trình ngay hôm nay, chung tay bảo vệ môi trường và lan tỏa lối sống xanh! ",187,103,8,2025-10-08 11:09:30,Photo
https://www.facebook.com/thmilk/posts/pfbid0yQ55ViGparUHjonVbfM7WA1myZTWiAcmMKnbBa9nckj7TheF5zZggNTDpLtkVTxMl," THÔNG BÁO KẾT QUẢ MINIGAME: ĐOÁN TỈNH NHANH – NHẬN QUÀ XANH CÙNG THU GOM VỎ HỘP - LAN TOẢ SỐNG XANH 2025 

 Đáp án đúng là: 1. Nghệ An - 3. Đà Nẵng - 4. TP. Hồ Chí Minh - 5. Khánh Hòa - 6. Hải Phòng - 8. Hà Nội

Xin chúc mừng 05 khách hàng có câu trả lời đúng và may mắn nhất đã rinh về 01 combo quà tặng thân thiện với môi trường từ TH, bao gồm 01 Bộ mắc áo Eco Hanger TH và 01 Chậu cây vuông Eco Pot TH :
01. Út Nhung Rùa: https://www.facebook.com/matcuoi.mtc 
02. Hoàng Ryo: https://www.facebook.com/hoangryo989 
03. Nguyễn Thị Thủy: https://www.facebook.com/thuybaby99 
04. Lê Trang: https://www.facebook.com/le.trang.141005 
05. Thanh Đậu: https://www.facebook.com/thanh.au.166873 

  Các bạn vui lòng gửi đầy đủ thông tin ""Họ tên"", ""Số điện thoại"" về Fanpage TH true MILK trước 18h00 ngày 05/10/2025 để nhận giải thưởng. Nếu quá thời gian quy định trên thì phần quà sẽ bị hủy. Trong trường hợp có vấn đề phát sinh, mọi quyết định thuộc về BTC.

Chương trình thu gom vỏ hộp vẫn tiếp tục diễn ra, đừng quên tham gia để cùng TH   chung tay bảo vệ môi trường và nhận những phần quà ý nghĩa từ TH nhé!

 Thông tin chi tiết chương trình:
- Thời gian thu gom: 8:00 - 17:30 mỗi ngày, từ 01/03/2025 đến hết 31/12/2025
- Địa điểm: 45 cửa hàng tại Hà Nội, TP. Hồ Chí Minh, Nghệ An, Hải Phòng, Đà Nẵng và Khánh Hòa
- Để biết thêm thông tin chi tiết, vui lòng xem tại: https://thugomvohop.thmilk.vn",63,10,1,2025-10-04 11:17:06,Photo
https://www.facebook.com/thmilk/posts/pfbid0fE5pcXgo3p5h8ov9cP9xFetNUpoiQnsJYNBVsqu26P9TKe85cMCQXnPX7c3zkcnml,"Ra mắt Sữa Chua Kem Ngậy Tự Nhiên TH true YOGURT Creamy Mới – Vị Ngon Ngất Ngây 

Mang đến trải nghiệm thưởng thức mới lạ với kết cấu sánh mịn, ngậy thơm cùng Sữa Chua Kem Ngậy Tự Nhiên hoàn toàn mới - sản phẩm thuộc dòng sữa chua cao cấp, mang đến vị ngon ngất ngây, là món tráng miệng dinh dưỡng, lành mạnh cho cả gia đình. 

Sản phẩm được lên men tự nhiên từ sữa tươi sạch, cung cấp 4g đạm/ hũ 100g, ~X2 năng lượng* và các chất dinh dưỡng từ sữa tươi tốt cho sức khỏe. 

 Cùng TH trải nghiệm TH true YOGURT Creamy hôm nay tại hệ thống cửa hàng chính thức TH true mart trên toàn quốc nhé

*so với Sữa Chua Vị Tự Nhiên TH true YOGURT
—-----------------------------
► Website: https://www.thtruemart.vn/

► Danh sách cửa hàng: https://www.thmilk.vn/he-thong-cua-hang/

► Grabmart: http://bit.ly/THtruemart-GrabMart

► ShopeeFood: https://bit.ly/THtruemart-ShopeeFood",501,131,78,2025-09-30 11:24:41,Photo
https://www.facebook.com/thmilk/posts/pfbid02zKUSDbST82VmBXQYxMtCApBSBYJbBpKegwbcoEbbyqJE2NDUH2RpPRXu7qBLPvBFl,"Tập đoàn TH cùng Quỹ Vì Tầm Vóc Việt đã trao tặng bàn ghế và chậu cây được tái chế từ vỏ hộp sữa cho các em học sinh tại 5 điểm trường thuộc huyện Yên Châu, Sơn La:
 Trường TH Tủ Nàng – điểm trường Nong Pết
 Trường TH Chiềng Đông B – điểm trường Huổi Siểu
 Trường TH Chiềng Đông A – điểm trường Keo Bó
 Trường TH&THCS Tà Làng – điểm trường Hua Đán
 Trường TH&THCS Yên Sơn

Từ những vỏ hộp sữa đã qua sử dụng, bàn ghế và chậu cây được tái chế ra đời, mang đến vòng đời mới và trở thành những sản phẩm đầy ý nghĩa – biến điều nhỏ bé thành giá trị bền vững. Đây cũng là thông điệp mà chương trình ""Thu gom vỏ hộp - Lan tỏa sống xanh 2025"" muốn gửi gắm. 
--------------------------------
Thông tin chi tiết chương trình:
 - Thời gian thu gom: 8:00 - 17:30 mỗi ngày, đến hết 31/12/2025
 - Địa điểm: 45 cửa hàng tại Hà Nội, TP. Hồ Chí Minh, Nghệ An, Hải Phòng, Đà Nẵng và Khánh Hòa
 - Để biết thêm thông tin chi tiết, vui lòng xem tại: https://thugomvohop.thmilk.vn 

Hãy cùng TH tham gia chương trình ngay hôm nay, chung tay bảo vệ môi trường và lan tỏa lối sống xanh! ",128,16,6,2025-09-26 11:32:16,unknown
https://www.facebook.com/thmilk/posts/pfbid02XKqYL9ZQ1zSD3AwqF9PcX4wuWKdzCqLxkWkWPi2QbZMsv2FRhsUfzjVR35MhFyKCl," MINIGAME ĐOÁN TỈNH NHANH – NHẬN QUÀ XANH CÙNG THU GOM VỎ HỘP - LAN TOẢ SỐNG XANH 2025 

 Cách tham gia:
Bước 1: Like bài viết bằng tài khoản Facebook cá nhân
Bước 2: Comment các đáp án kèm hashtag #THUGOMVOHOP #LANTOASONGXANH2025

 Giải thưởng:
05 phần quà đặc biệt bao gồm Bộ mắc áo Eco Hanger TH và Chậu cây vuông Eco Pot TH sẽ dành cho 05 người chơi may mắn nhất thực hiện đúng và đầy đủ các bước!

⏰ Thời gian tham gia: Từ 22/09/2025 đến hết 23:59 ngày 30/09/2025
  Công bố kết quả: Dự kiến vào ngày 03/10/2025 trên fanpage TH true MILK

 Thể lệ:
- Mỗi người chỉ tham gia 1 lần với 1 tài khoản Facebook cá nhân.
- BTC không chấp nhận các comment đã chỉnh sửa.
- Mọi tranh chấp, quyết định cuối cùng thuộc về BTC.

Hãy tham gia ngay để có cơ hội nhận về những món quà tái chế siêu xinh, siêu xanh từ TH true MILK nhé!",196,213,43,2025-09-22 11:39:51,Photo
https://www.facebook.com/thmilk/posts/pfbid0vAzckYQtHcfSnQ38F4QQvXkn9TjbmZUKpEKqPwguCJedNL6p2Eu3iN6LMV66UM4ol,"TH true MILK - Nhà tài trợ đồng hành cùng Đại nhạc hội V-Fest, cùng bạn lan tỏa nguồn năng lượng tích cực và tận hưởng niềm vui âm nhạc trọn vẹn.

Ngày 20/9/2025 tại Trung tâm Triển lãm Việt Nam, khán giả sẽ được trải nghiệm một đêm nhạc hội đa sắc màu với sự góp mặt của dàn nghệ sĩ hàng đầu. Sự kiện hứa hẹn mang đến những màn trình diễn ấn tượng và những khoảnh khắc khó quên.

#TH #THtrueMILK #VTV #VFEST #VIETNAMTODAY",253,32,4,2025-09-18 11:47:27,Photo
https://www.facebook.com/thmilk/posts/pfbid0297A9EfgoFiG98Bo6cp2BryZGbF2DfUqyq3mXWzAZs6cW5R9ukgvsMSSdARY2sk16l," HÀNH TRÌNH “THU GOM VỎ HỘP – LAN TỎA SỐNG XANH 2025” TIẾP TỤC ĐƯỢC MỞ RỘNG!

Từ ngày 16/09/2025, chương trình ‘Thu gom vỏ hộp – Lan tỏa sống xanh 2025’ chính thức triển khai thêm 15 điểm thu gom tại các cửa hàng TH true mart ở 3 tỉnh, thành phố:
 Thành phố Hải Phòng: 05 cửa hàng
 Thành phố Đà Nẵng: 05 cửa hàng
 Tỉnh Khánh Hòa: 05 cửa hàng

Như vậy, cùng với 30 cửa hàng đã triển khai từ tháng 03/2025 tại TP.HCM, Hà Nội và Nghệ An, đến nay chương trình đã có mặt tại 45 cửa hàng TH true mart trên toàn quốc. 

 Thông tin chi tiết chương trình:
- Thời gian: 8:00 – 17:30 hằng ngày, đến hết 31/12/2025
- Địa điểm: 45 cửa hàng tại Hà Nội, TP.HCM, Nghệ An, Hải Phòng, Đà Nẵng, Khánh Hòa
- Để xem danh sách chi tiết 45 cửa hàng tham gia chương trình, vui lòng xem tại: https://thugomvohop.thmilk.vn 

Ghé ngay cửa hàng TH true mart gần bạn để tham gia chương trình ngay hôm nay, chung tay bảo vệ môi trường và lan tỏa lối sống xanh! ",1380,96,15,2025-09-14 11:55:02,Photo
https://www.facebook.com/thmilk/posts/pfbid02L294Y6VSFMiUGB6GbYgfGMGUW1LV7koAR5Y4wXdKh5kxztG2EpovZQ4Q4ioMJT3il,"✨ HÉ LỘ 10 MẪU MANCHAO FANTASY TOWN TRONG CHƯƠNG TRÌNH “TOPPING” NĂNG LƯỢNG ĐÓN HÈ, NHẬN HƠN 170.000 QUÀ TẶNG

 Bộ sưu tập gồm 8 thiết kế dễ thương và 2 thiết kế bất ngờ đang chờ bạn sở hữu khi tích đủ 24 thẻ.
 Thời gian: Diễn ra đến hết ngày 22/09/2025 hoặc khi hết quà tặng
 Áp dụng toàn quốc tại các cửa hàng tạp hóa, siêu thị, TH true mart & các sàn TMĐT có triển khai chương trình

 CÁCH THỨC THAM GIA CHƯƠNG TRÌNH:
- Bước 1: Mua 01 lốc sữa TH true YOGURT hoặc TH true YOGURT TOPPING 180 ml có gắn kèm thẻ in mã tích điểm.
- Bước 2: Tìm mã tích thẻ được in trên thẻ
- Bước 3: Quét mã QR hoặc truy cập ứng dụng Zalo Mini App “TOPPING năng lượng đón hè cùng TH true YOGURT” để tham gia tích điểm.
- Bước 4: Khi tích đủ 24 mã, khách hàng nhấn “Đổi quà” để nhận 01 Hộp bí mật Đồ Chơi Nhồi Bông Manchao Fantasy Town.

 CÁCH NHẬN QUÀ:
- Khách hàng tại Hà Nội hoặc TP.HCM: Nhận quà tại cửa hàng TH true mart đã đăng ký đổi quà
- Khách hàng ở tỉnh khác: Nhận quà tại địa chỉ khách hàng đã đăng ký

⚠️ LƯU Ý:
- Chỉ nhận thẻ tích điểm do TH phát hành cho chương trình
- Mỗi mã chỉ tích 1 lần duy nhất
- 1 số điện thoại đổi quà tối đa 3 lần trong suốt chương trình
- Quà được giao ngẫu nhiên trong bộ sưu tập 10 mẫu Manchao
- Quà tặng không quy đổi tiền mặt
- Chương trình có thể kết thúc sớm khi hết quà
 Tham gia ngay tại:
 Zalo miniapp: https://zalo.me/s/1577030352993405429/   
 Website: https://quatangyogurt.thmilk.vn/",113,23,3,2025-09-10 12:02:37,unknown
https://www.facebook.com/reel/786320670667231/,"[MỚI] Sữa tươi tiệt trùng Hương Chuối Tự Nhiên TH true MILK sử dụng hoàn toàn sữa tươi trang trại, sạch, nguyên chất theo chuẩn của trang trại TH kết hợp kết hợp với hương chuối tự nhiên tạo nên thức uống tươi ngon, thơm ngậy.

- Thành phần hoàn toàn từ thiên nhiên. Không sử dụng chất bảo quản, không sử dụng chất tạo màu tổng hợp, không sử dụng hương liệu tổng hợp.
- Cung cấp các dưỡng chất thiết yếu như chất đạm, chất béo,... và các vitamin (A, B2,...), khoáng chất (calci, magnesi,...) có sẵn trong sữa tươi tốt cho sức khỏe.
Ghé hệ thống cửa hàng TH true mart, các gian hàng thương mại điện tử của TH true mart để mua ngay
► Hệ thống cửa hàng TH true mart: https://www.thmilk.vn/he-thong-cua-hang/
► Website: thtruemart.vn
► Ứng dụng: TH eLIFE
► ShopeeFood: https://bit.ly/THtruemart-ShopeeFood
► Grabmart: http://bit.ly/THtruemart-GrabMart[
► Shopee: https://shopee.vn/th_truemart_officialstore
► Lazada: https://www.lazada.vn/shop/th-true-mart
► TikTok Shop: https://bit.ly/THtruemart-TikTokShop",24786,163,103,2025-09-06 12:10:13,Video
https://www.facebook.com/thmilk/posts/pfbid0cmg3SFWgTKcMPJt5Rrzd77fcNydfmKiXS8H2t2J4E9VbDD4eK5EpwLcSumg8eHPpl,"Nhân ngày lễ Vu Lan, Tập đoàn TH xin gửi lời tri ân và chúc các bậc cha mẹ luôn khỏe mạnh, an yên và hạnh phúc bên gia đình.",288,17,9,2025-09-03 19:43:00,Photo
https://www.facebook.com/thmilk/posts/pfbid0qgCZBLTyVsGtTqHWaFVX2oo2zic7FKr515uBime3CFs2LwURc9ac6bJQ21SNXG2nl,"Hòa cùng niềm tự hào dân tộc trong dịp kỷ niệm 80 năm Cách mạng tháng Tám thành công và Quốc khánh 2/9, Tập đoàn TH đã đồng hành cùng đại lễ bằng một chiến dịch đặc biệt: trao tặng hơn 1 triệu sản phẩm sữa tươi và đồ uống tốt cho sức khỏe tới lực lượng diễu binh, diễu hành và người dân khắp nước tụ hội về Thủ đô trong những ngày lịch sử này.",130,4,3,2025-09-01 03:15:47,GenericAttachmentMedia
https://www.facebook.com/thmilk/videos/1495066335136764/,"Cùng khám phá gian hàng của Tập đoàn TH tại Khu trưng bày ""Khởi Nghiệp Kiến Quốc"", đừng quên ghé trải nghiệm nhé!",2605,49,33,2025-08-29 10:48:34,Video
https://www.facebook.com/reel/813679011089803/,"[MỚI] Sữa tươi tiệt trùng Hương Chuối Tự Nhiên TH true MILK sử dụng hoàn toàn sữa tươi trang trại, sạch, nguyên chất theo chuẩn của trang trại TH, kết hợp với hương chuối tự nhiên tạo nên thức uống tươi ngon, thơm ngậy",12515,205,111,2025-08-29 10:28:45,Video
https://www.facebook.com/thmilk/posts/pfbid02Q1StkafCNYuBxSwnRZbdnB4tuA8RR9f5iMSCZ3Qqy88EJVJfgvgimHubDHMKnyWBl,"Hướng tới Kỷ niệm 80 năm Quốc khánh Việt Nam, Tập đoàn TH không chỉ là đơn vị tiên phong tham gia hỗ trợ các lực lượng tập luyện và nhân dân theo dõi sự kiện diễu binh diễu hành A80, mà còn hiện diện nổi bật tại Khu trưng bày ""Khởi nghiệp kiến quốc."" Đây là hoạt động quan trọng thuộc khuôn khổ Triển lãm các thành tựu kinh tế-xã hội toàn quốc với chủ đề “Rạng rỡ Việt Nam - 80 năm hành trình Độc lập-Tự do-Hạnh phúc”.

Với diện tích 216m², khu vực triển lãm của Tập đoàn TH kết hợp giữa trải nghiệm thực tế và không gian số, mang đến cho khách tham quan chuỗi hoạt động hấp dẫn:
✅ Dùng thử các sản phẩm đồ uống hoàn toàn từ thiên nhiên của TH
✅ Trải nghiệm truy xuất nguồn gốc sản phẩm
✅ Khám phá mô hình kinh tế tuần hoàn  
✅ Tìm hiểu quy trình 12 bước sản xuất sữa tươi sạch
✅ Chiêm ngưỡng những dấu mốc nổi bật trong 15 năm phát triển của TH
✅ Ghé TH true mart, tìm hiểu và mua sắm trọn bộ sản phẩm TH
--------------------------------
Thông tin chi tiết sự kiện:
 Địa điểm: Hall 4 - Khu công nghiệp nhẹ, thực phẩm đồ uống, dịch vụ, công nghệ và đổi mới sáng tạo - Trung tâm Triển lãm Việt Nam, Cổ Loa, Đông Anh, Hà Nội
 Thời gian: Từ ngày 28/08/2025 – 05/09/2025  

 Hãy ghé thăm khu trưng bày của Tập đoàn TH để trải nghiệm những điều thú vị nhé!",300,25,10,2025-08-27 04:12:15,unknown
https://www.facebook.com/thmilk/posts/pfbid02Z3DdFLjCzgEcAh3shT77vtDGx3oc9p2JtmJUbWn4ih1vKSCCpccFyFi6A3VY7zPol,"GIA HẠN CHƯƠNG TRÌNH “TOPPING” NĂNG LƯỢNG ĐÓN HÈ, NHẬN HƠN 170.000 QUÀ TẶNG
 ""Hè"" này chưa hết vui! Chương trình “TOPPING” năng lượng đón hè, nhận hơn 170.000 quà tặng sẽ tiếp tục diễn ra đến hết ngày 22/09/2025.

Khi mua 01 lốc (04 hộp) TH true YOGURT hoặc TH true YOGURT TOPPING 180ml sẽ được tặng 01 thẻ dự thưởng. Quét mã QR trên thẻ hoặc truy cập Zalo Mini App “TOPPING năng lượng đón hè cùng TH true YOGURT” để tham gia chương trình quay thưởng và tích thẻ đổi quà với hơn 170.000 quà tặng hấp dẫn từ TH true YOGURT:

 Quà tặng chương trình Quay thưởng:​
50 Máy chơi game Sony PlayStation 5 Slim
100 Đồng hồ thông minh Garmin Vivoactive 5
150.000 Thẻ điện thoại 20.000 VNĐ
 Quà tặng chương trình Tích thẻ đổi quà:​
20.000 Hộp bí mật đồ chơi nhồi bông Manchao Fantasy Town
Mỗi mã in trên thẻ tương đương với 01 lần tích điểm, 24 điểm đổi 01 Hộp bí mật đồ chơi nhồi bông Manchao Fantasy Town.

 Lưu ý: Chương trình kết thúc khi hết quà tặng.

 Tham gia ngay tại:
 Zalo miniapp: https://zalo.me/s/1577030352993405429/   
 Website: https://quatangyogurt.thmilk.vn/",71,6,1,2025-08-24 21:55:45,Photo
https://www.facebook.com/thmilk/posts/pfbid0we4vXBiDeWuq6tEp1GfXJjQAMcJoiP8bdUGQpAqdvBbn3pGkYPrd7njW5UTPkra3l,"CÁC ĐIỂM TẶNG SẢN PHẨM TH TỚI NHÂN DÂN VÀ LỰC LƯỢNG DIỄU HÀNH THAM GIA ĐẠI LỄ

10 booth (gian hàng) của Tập đoàn TH sẽ được bố trí trong suốt quá trình tổng hợp luyện (21, 24/8), sơ duyệt (27/8), tổng duyệt (30/8) và trong ngày chính thức diễu binh - diễu hành (2/9), để trao tặng sản phẩm nhằm tiếp thêm năng lượng cho các chiến sĩ và người dân tham gia Đại lễ. Các booth bắt đầu phục vụ từ khi chương trình chính thức diễn ra.

 Các booth được đặt tại nhiều điểm dọc lộ trình diễu binh - diễu hành, bao gồm:
1. Cung Thể thao Quần Ngựa
2. Vườn hoa Nhà hát Lớn
3. Nhà hát Chèo Kim Mã
4. Cổng Công viên Thống Nhất
5. Cổng Công viên Bách Thảo
6. Vườn hoa Lý Tự Trọng
7. Sân vận động Hàng Đẫy
8. Nguyễn Thái Học giao Hùng Vương 
9. Hoàng thành Thăng Long
10. Sân vận động Mỹ Đình

✨ Đừng quên ghé qua các gian hàng của TH để được tiếp sức trong những ngày đặc biệt này nhé.",350,31,39,2025-08-22 15:39:15,Photo
https://www.facebook.com/thmilk/posts/pfbid042qa3haLjMKER1MLAPqWNCpjhMFWGZrbz1aQ2YDdvj1m5TwLEKA1Rkx6fGDRKRFEl,"10 gian hàng của TH sẽ được bố trí trong suốt quá trình tổng hợp luyện, sơ duyệt, tổng duyệt và trong ngày chính thức diễu binh - diễu hành, để trao tặng sản phẩm nhằm tiếp thêm năng lượng cho các chiến sĩ và người dân tham gia đại lễ.",138,18,3,2025-08-20 09:22:45,GenericAttachmentMedia
https://www.facebook.com/thmilk/posts/pfbid02abRgsyn9ff57Hc4ysTvxEM3J37q1uycTkaHK9gZ2jQUA2GGDX4J6LAeEqG3BHGsVl,"Tập đoàn TH tự hào khi được đồng hành cùng các lực lượng diễu binh, diễu hành, hướng về Lễ kỷ niệm 80 năm Cách mạng Tháng Tám và Quốc khánh 2/9.",990,73,88,2025-08-18 03:06:15,unknown
https://www.facebook.com/thmilk/posts/pfbid02jQK1e4Rraf6HGmoEJVeNVz92Kg92gTZcMrFqE2RSmkspSUcn3eNKoSWfk3UpkY8pl,"TẬP ĐOÀN TH TIẾP SỨC CHO “MỘT TỶ BƯỚC CHÂN” - CÙNG VIỆT NAM TIẾN BƯỚC
Sáng 16/08, hơn 1 triệu người dân trên khắp cả nước khoác áo cờ đỏ sao vàng thực hiện hành trình đi bộ “Cùng Việt Nam tiến bước”. Chương trình do Báo Nhân dân phối hợp Bộ Công an tổ chức với thông điệp “1 tỷ bước chân tiến vào kỷ nguyên mới”.

Hơn 500 cán bộ nhân viên Tập đoàn TH trực tiếp tham gia chương trình, góp bước chân vào bức tranh đoàn kết toàn dân. Bên cạnh đó, tại các trạm tiếp nước, hàng trăm nghìn sản phẩm TH (TH true WATER, TH true JUICE milk, TH true TEA…) đã được trao tận tay người dân, góp phần bảo đảm thể lực và sức khỏe cộng đồng, đúng với tinh thần “Vì sức khỏe cộng đồng, vì hạnh phúc đích thực”.

Tập đoàn TH khẳng định sẽ tiếp tục đồng hành cùng những chương trình, sáng kiến vì cộng đồng, đóng góp bằng năng lực cốt lõi về dinh dưỡng và đồ uống tốt cho sức khỏe; tham gia tích cực vào những hoạt động lan tỏa lối sống lành mạnh, thân thiện môi trường; cùng các cơ quan, tổ chức, địa phương trên cả nước kiến tạo những giá trị bền vững cho hôm nay và cho thế hệ mai sau.

Nguồn: Báo Nhân Dân",181,5,6,2025-08-15 20:49:45,unknown
https://www.facebook.com/thmilk/posts/pfbid0B81ksWWiCnHd6thBfCd2snRs2ZRXBz1z7xpCbStfdg9kjmSiKFL5bJ394Xe1fy6cl,"[MỚI] TH true MILK ra mắt sản phẩm Sữa Tươi Tiệt Trùng Hương Chuối Tự Nhiên 180 ml. 

☀️ Sữa tươi tiệt trùng Hương Chuối Tự Nhiên TH true MILK sử dụng hoàn toàn sữa tươi trang trại, sạch, nguyên chất theo chuẩn của trang trại TH, kết hợp với hương chuối tự nhiên tạo nên thức uống tươi ngon, thơm ngậy:
- Thành phần hoàn toàn từ thiên nhiên. Không sử dụng chất bảo quản, không sử dụng chất tạo màu tổng hợp, không sử dụng hương liệu tổng hợp.
- Cung cấp các dưỡng chất thiết yếu như chất đạm, chất béo,... và các vitamin (A, B2,...), khoáng chất (calci, magnesi,...) có sẵn trong sữa tươi tốt cho sức khỏe.

 Ghé hệ thống cửa hàng TH true mart, các gian hàng thương mại điện tử của TH true mart để mua ngay
► Hệ thống cửa hàng TH true mart: https://www.thmilk.vn/he-thong-cua-hang/
► Website: thtruemart.vn
► Ứng dụng: TH eLIFE
► ShopeeFood: https://bit.ly/THtruemart-ShopeeFood
► Grabmart: http://bit.ly/THtruemart-GrabMart",487,95,80,2025-08-13 14:33:15,Photo
https://www.facebook.com/reel/2580774658928726/,"Cùng TH điểm lại các con số ý nghĩa tại Workshop Vỏ Hộp Tái “Xinh” vừa qua. Hãy cùng TH ""Thu gom vỏ hộp, Lan toả sống xanh"" để giảm thiểu rác thải và bảo vệ thiên nhiên từ mỗi vỏ hộp sữa đã qua sử dụng. 
#THtrueMILK #Thugomvohop #Lantoasongxanh",12372,99,18,2025-08-11 08:16:46,Video
https://www.facebook.com/thmilk/posts/pfbid0eUHp7G3Ami6gFPh8rhoZCUe8HE8qVEim5duvfk32wJgFQ9396BiCBGJvudtt6NLxl,"TRẢI NGHIỆM TRÀ TỰ NHIÊN TH true TEA TẠI SỰ KIỆN ÂM NHẠC CUỐI TUẦN NÀY

- Ngày 9/8 sự kiện V-Concert tại Trung tâm triển lãm Việt Nam 
- Ngày 10/8 sự kiện V-Fest tại Trung tâm triển lãm Việt Nam 
- Ngày 10/8 sự kiện “Concert Quốc gia” Tổ quốc trong tim tại Sân vận động quốc gia Mỹ Đình

Ghé liền gian hàng, làm một ngụm trà mát lạnh TH true TEA nhé!",81,5,4,2025-08-09 00:02:12,unknown
https://www.facebook.com/thmilk/posts/pfbid09vmtB21bcr1hgHMCkbPmJ8mxQ3CbX19ThV2fjYaX2qWhAT4RQxmBTh6D16aFZsBBl," “Ngày hội gia đình – Tuần lễ sữa tươi sạch 2025” đang diễn ra vô cùng sôi nổi tại Viện Nghiên cứu Chiến lược, Chính sách Công Thương – 193 Vĩnh Hưng, Q. Hoàng Mai, Hà Nội.

Sự kiện mở cửa tự do từ 08:00 đến 17:00 – kéo dài đến hết Chủ Nhật tuần này (10/08/2025). Hãy tranh thủ ghé ngay để cùng gia đình vui chơi, nhận nhiều phần quà hấp dẫn và lưu giữ những khoảnh khắc đáng nhớ nhé!",140,19,3,2025-08-06 15:47:38,unknown
https://www.facebook.com/reel/1060354679587395/,"Một ngày xanh tươi và sáng tạo tại Workshop Vỏ Hộp Tái ""Xinh"" có gì? 
#THtrueMILK",81,24,0,2025-08-04 07:33:05,Video
https://www.facebook.com/thmilk/posts/pfbid02VqD4XU27QTa8sTBJcZywdN1hRPmvTP9XGhiPsuvw7Z7dcPs1a98ztm7rfkf6bCCl,"CÙNG TH TRUE MILK THAM GIA SỰ KIỆN “NGÀY HỘI GIA ĐÌNH – TUẦN LỄ SỮA TƯƠI SẠCH 2025”

Sự kiện nằm trong chuỗi hoạt động do Bộ Công Thương chủ trì, nhằm nâng cao nhận thức của người dân về vai trò của sữa và các sản phẩm sữa trong Chiến lược quốc gia bảo vệ, chăm sóc và nâng cao sức khỏe nhân dân. TH true MILK tự hào là đơn vị đồng hành cùng chương trình, mang đến cho bạn một không gian vui chơi – trải nghiệm – khám phá đầy thú vị:
✅ Trải nghiệm các sản phẩm TH mới nhất, tươi – ngon – bổ dưỡng, tại khu vực TH true mart và TH true FOOD
✅ Tham gia các hoạt động giải trí vui nhộn: nhà bóng, nhà hơi, tô tượng, vẽ mặt henna, nghệ thuật bong bóng, đố vui có thưởng, trò chơi dành cho gia đình… 
✅ Khám phá quy trình tiêu chuẩn 12 bước tạo nên ly sữa tươi sạch, từ nông trại ứng dụng công nghệ cao đến bàn ăn gia đình.
✅ Chiêm ngưỡng triển lãm ảnh của Quỹ Vì Tầm Vóc Việt, truyền cảm hứng về yêu thương và gắn kết gia đình.
--------------------------------
Thông tin chi tiết sự kiện:
 Địa điểm: Viện Nghiên cứu Chiến lược, Chính sách Công Thương – 193 Vĩnh Hưng, Q. Hoàng Mai, Hà Nội
 Thời gian: Từ ngày 05 – 10/08/2025 (Mở cửa tự do từ 08:00 đến 17:00 hàng ngày)

 TH true MILK hy vọng đây sẽ là dịp để bạn cùng gia đình có những khoảnh khắc thư giãn, gắn kết và lan tỏa những giá trị sống xanh – sạch – lành mạnh.",119,21,9,2025-07-31 21:31:45,unknown
https://www.facebook.com/thmilk/posts/pfbid036wnQsYiGDae2DWzRHF6o2ueiRQTUoS58pkCc28czPe8xqU4A5mqzde2Eh92D4zeel," Sữa Tươi Thanh Trùng TH true MILK – Chọn sữa chuẩn sạch, cả nhà khỏe mạnh! 
 Sữa Tươi Thanh Trùng TH true MILK được làm hoàn toàn từ sữa tươi trang trại, sạch nguyên chất theo tiêu chuẩn của trang trại TH.
 ✅ Công nghệ thanh trùng giúp giữ trọn dưỡng chất
 ✅ Bao bì chuyên dụng 6 lớp, tiện lợi, bảo quản lạnh tươi ngon đến 39 ngày
 ✅ Hương vị thơm ngon, thanh mát, phù hợp với khẩu vị cả gia đình 

Ghé ngay hệ thống cửa hàng TH true mart, chuỗi siêu thị, cửa hàng hay các sàn thương mại điện tử toàn quốc để rinh về những sản phẩm Sữa tươi thanh trùng TH true MILK dinh dưỡng cho gia đình nhé.
► Danh sách cửa hàng TH true mart: https://www.thmilk.vn/he-thong-cua-hang/
► Website: https://www.thmilk.vn/san-pham/
► Shopee: https://shopee.vn/th_truemart_officialstore
► Lazada: https://www.lazada.vn/shop/th-true-mart
► Grabmart: http://bit.ly/THtruemart-GrabMart
► ShopeeFood: https://bit.ly/THtruemart-ShopeeFood
#THtrueMILK #SữaTươiThanhTrùng",273,32,28,2025-07-28 11:30:25,unknown
https://www.facebook.com/thmilk/posts/pfbid023j9M8Qmb4jnNNckVaYLZSgEvVRPAHwkj3fktGVEAuAvNTC8TtfSfPgMJSNZfLRL2l,"GIẢI ĐÁP VỀ CHƯƠNG TRÌNH ""THU GOM VỎ HỘP – LAN TỎA SỐNG XANH 2025""

Chương trình “Thu gom vỏ hộp – Lan tỏa sống xanh 2025” vẫn đang diễn ra sôi nổi và nhận được rất nhiều câu hỏi từ những người đang quan tâm và muốn góp phần vào hành trình sống xanh cùng TH.

 Để giúp bạn hiểu rõ hơn về chương trình, TH đã tổng hợp lại các câu hỏi thường gặp cùng phần giải đáp cụ thể ngay trong bài viết này.
 Nếu vẫn còn băn khoăn chưa được giải đáp, bạn có thể để lại bình luận ngay dưới bài viết - TH sẽ phản hồi trong thời gian sớm nhất.

Cảm ơn bạn đã cùng chúng tôi lan tỏa lối sống xanh – bền vững từ những điều nhỏ nhất 

Thông tin chi tiết chương trình:
☘️ Thời gian thu gom: 8:00 - 17:30 mỗi ngày  đến hết 31/12/2025
☘️ Địa điểm: 30 cửa hàng tại Hà Nội, TP. Hồ Chí Minh, và Nghệ An
☘️ Để biết thêm thông tin chi tiết, vui lòng xem tại: https://thugomvohop.thmilk.vn 

Hãy cùng TH tham gia chương trình ngay hôm nay, chung tay bảo vệ môi trường và lan tỏa lối sống xanh! ",73,30,6,2025-07-25 01:29:05,unknown
https://www.facebook.com/thmilk/posts/pfbid02Ux88caqbLpZbeLTpPihJZ7uTquftD61imYVteXxGSYsSZgKQoPWKuJYodRkF3jKkl,"Cập nhật những hình ảnh mới nhất tại workshop VỎ HỘP TÁI ""XINH""

Các hoạt động tại workshop VỎ HỘP TÁI ""XINH"" đang diễn ra vô cùng sôi nổi với nhiều trải nghiệm thú vị. Chúng mình có hẹn cùng trồng cây và sáng tạo thêm nhiều chậu cây xinh xắn vào buổi chiều nay tại cửa hàng TH true mart số 34 Hoàng Quốc Việt, Hà Nội nữa nhé.

Số lượng vé tham gia Workshop và quà có hạn, bạn hãy qua sớm để được trải nghiệm trọn vẹn các hoạt động nha!!!
#TH #TetraPak #Thugomvohop #Lantoasongxanh2025",184,27,1,2025-07-21 15:27:45,unknown
https://www.facebook.com/thmilk/posts/pfbid0Px4ZvHXFBiCfcJpeqjCKQWuMjgqakZfwvLoVmm6c86cwviuTCBtDC1vcAHrriZ9Al,"CHÚNG MÌNH SẼ LÀM GÌ TẠI WORKSHOP VỎ HỘP TÁI “XINH” 20.7

Nếu bạn có trong tay những chiếc vỏ hộp sữa, bạn sẽ làm gì? Chỉ cần làm sạch và mang tới cửa hàng TH true mart - 34 Hoàng Quốc Việt, Hà Nội, bạn sẽ có cơ hội tham gia vào workshop Vỏ Hộp Tái “Xinh” với nhiều hoạt động trải nghiệm hấp dẫn và thú vị
1. Trồng cây ngay trong chậu tái chế từ Vỏ Hộp Sữa của TH khi thu gom từ 50 vỏ hộp sữa
2. Hoặc trồng cây trong chậu cây xinh xắn từ Vỏ Hộp Sữa do tự tay mình sáng tạo khi thu gom ít hơn 50 vỏ hộp sữa

 Workshop chỉ diễn ra trong 1 ngày DUY NHẤT, cả nhà cùng lên lịch “hẹn hò” cùng TH vào ngày 20/07 này nha!!!
--------------------------------
Thông tin sự kiện:
Thời gian: Từ 08h đến 17h30 Chủ Nhật, ngày 20 tháng 07 năm 2025.
Địa điểm: Cửa hàng TH true mart - số 34 Hoàng Quốc Việt, Phường Nghĩa Đô, Hà Nội.
Đối tượng tham gia: Dành cho mọi lứa tuổi, khách mang vỏ trực tiếp tới cửa hàng true mart Hoàng Quốc Việt
Hoạt động nằm trong chương trình “Thu gom vỏ hộp lan tỏa sống xanh 2025” diễn ra từ 8h00 - 17h30 hàng ngày đến hết 31/12/2025 tại 30 cửa hàng TH true mart trên toàn quốc. Chi tiết xem tại: https://thugomvohop.thmilk.vn

Lưu ý:
Số lượng vé tham gia Workshop và quà có hạn, bạn hãy qua sớm để được trải nghiệm trọn vẹn các hoạt động nha!!!

#TH #TetraPak #Thugomvohop #Lantoasongxanh2025",122,17,2,2025-07-18 05:26:25,Photo
https://www.facebook.com/thmilk/posts/pfbid0BnEkHgJvyNig5HU4tJis5GivdmQxqdpj7bQX62y9Ybg6W7TeuA1dCV1yonp7aUDdl,"Cùng TH tham gia Workshop VỎ HỘP TÁI “XINH” 

Workshop Vỏ hộp tái “Xinh” là hoạt động nằm trong chương trình “Thu gom vỏ hộp, Lan toả sống xanh 2025” do tập đoàn TH và Tetra Pak phối hợp tổ chức nhằm mục tiêu khuyến khích khách hàng chung tay góp phần bảo vệ môi trường và lan tỏa lối sống xanh. TH và TAGOM vô cùng tự hào khi đồng tổ chức chương trình để đem đến cho cả nhà một workshop vô cùng thú vị và đầy hấp dẫn, qua đó trao cuộc đời mới cho những chiếc vỏ hộp giấy đã qua sử dụng.

Chỉ cần đem vỏ hộp giấy đã được xử lý sạch đến sự kiện và tham gia thu gom, bạn sẽ được trải nghiệm miễn phí workshop hô biến vỏ hộp giấy thành chậu cây độc đáo và tham gia trồng cây trên chính những chiếc chậu do mình tạo nên.

Workshop chỉ diễn ra trong 1 ngày DUY NHẤT, cả nhà cùng lên lịch “hẹn hò” cùng TH vào ngày 20/07 này nha!!
--------------------------------
Thông tin sự kiện:
Thời gian: Từ 8h đến 17h30 Chủ Nhật, ngày 20 tháng 07 năm 2025
Địa điểm: Cửa hàng TH true mart - số 34 Hoàng Quốc Việt, Phường Nghĩa Đô, Hà Nội.
Đối tượng tham gia: Dành cho mọi lứa tuổi, khách mang vỏ trực tiếp tới cửa hàng TH true mart Hoàng Quốc Việt 
Hoạt động nằm trong chương trình “Thu gom vỏ hộp lan tỏa sống xanh 2025” diễn ra từ 8h00 - 17h30 hàng ngày đến hết 31/12/2025 tại 30 cửa hàng TH true mart trên toàn quốc. Chi tiết xem tại: https://thugomvohop.thmilk.vn

⭐Lưu ý:
- Số lượng vé tham gia Workshop và quà có hạn, bạn hãy qua sớm để được trải nghiệm trọn vẹn các hoạt động nha!!!
#TH #Thugomvohop #Lantoasongxanh2025",222,36,4,2025-07-14 19:25:05,Photo
https://www.facebook.com/reel/1263909171753599/,"Biệt đội TH SQUAD phải đối mặt với một quái vật lửa muốn thiêu rụi Tinh Cầu Chocomalt. Càng cố dập tắt, quái vật lửa càng cháy mạnh hơn, bành trướng thành một Hung thần lửa khổng lồ.

Cùng đón xem nhóm bạn ngăn chặn con quái vật và cứu Tinh cầu Chocomalt vào 19h ngày 17/7 trên kênh YOUTUBE TH OFFICIAL bạn nhé.",140,9,0,2025-07-11 09:23:45,Video
https://www.facebook.com/thmilk/posts/pfbid0F6fZMYWivPzU48fwSxzWnNWdqYQwzUU4BkG66RkdV2NU4WfwexVTWGBfZVUXWHzrl," THÔNG BÁO KẾT QUẢ MINIGAME: NHẬN QUÀ TÁI CHẾ CÙNG THU GOM VỎ HỘP – LAN TOẢ SỐNG XANH 2025 

 Đáp án đúng là: C. Chậu cây vuông Eco Pot TH

Xin chúc mừng 05 khách hàng có câu trả lời đúng và may mắn nhất đã rinh về 01 combo quà tặng thân thiện với môi trường từ TH, bao gồm 01 Bộ mắc áo Eco Hanger TH và 01 Chậu cây vuông Eco Pot TH :
01. Nguyễn Định: https://www.facebook.com/ngvandinh90 
02. Nguyễn Nhân Nhân: https://www.facebook.com/profile.php?id=61560023548050 
03. Minh Hiếu: https://www.facebook.com/minh.hieu.336359 
04. Dang Mai: https://www.facebook.com/aronadeline 
05. Hồ Thị Thu Ngân: https://www.facebook.com/ngan.hothithuy.520 

  Các bạn vui lòng gửi đầy đủ thông tin ""Họ tên"", ""Số điện thoại"" về Fanpage TH true MILK trước 18h00 ngày 12/06//2025 để nhận giải thưởng. Nếu quá thời gian quy định trên thì phần quà sẽ bị hủy. Trong trường hợp có vấn đề phát sinh, mọi quyết định thuộc về BTC.

Chương trình thu gom vỏ hộp vẫn tiếp tục diễn ra, đừng quên tham gia để cùng TH   chung tay bảo vệ môi trường và nhận những phần quà ý nghĩa từ TH nhé!

 Thông tin chi tiết chương trình:
- Thời gian thu gom: 8:00 - 17:30 mỗi ngày, từ 01/03/2025 đến hết 31/12/2025
- Địa điểm: 30 cửa hàng tại Hà Nội, TP. Hồ Chí Minh, và Nghệ An
- Để biết thêm thông tin chi tiết, vui lòng xem tại: https://thugomvohop.thmilk.vn",172,43,3,2025-07-08 21:05:31,Photo
https://www.facebook.com/thmilk/posts/pfbid02om8dQ111v4nEetHT1qfhjnRMg6G217cjzcSmEAdZrqr673QvzFEBW7zmG9iiRCDMl," “TOPPING” NĂNG LƯỢNG ĐÓN HÈ – SĂN NGAY HỘP BÍ MẬT ĐỒ  CHƠI NHỒI BÔNG MANCHAO CỰC ĐÁNG YÊU!

 Tích đủ 24 thẻ – Đổi ngay 01 hộp bí mật Đồ Chơi Nhồi Bông Manchao Fantasy Town cùng TH true YOGURT
 Thời gian: 27/05/2025 – 31/08/2025 hoặc đến khi hết quà tặng
 Áp dụng toàn quốc tại các cửa hàng tạp hóa, siêu thị, TH true mart & các sàn TMĐT có triển khai chương trình

 CÁCH THỨC THAM GIA CHƯƠNG TRÌNH:
- Bước 1: Mua 01 lốc sữa TH true YOGURT hoặc TH true YOGURT TOPPING 180 ml có gắn kèm thẻ in mã tích điểm.
- Bước 2: Tìm mã tích thẻ được in trên thẻ
- Bước 3: Quét mã QR hoặc truy cập ứng dụng Zalo Mini App “TOPPING năng lượng đón hè cùng TH true YOGURT” để tham gia tích điểm.
- Bước 4: Khi tích đủ 24 mã, khách hàng nhấn “Đổi quà” để nhận 01 Hộp bí mật Đồ chơi nhồi bông Manchao Fantasy Town.

 CÁCH NHẬN QUÀ:
- Khách hàng tại Hà Nội hoặc TP.HCM: Nhận quà tại cửa hàng TH true mart đã đăng ký đổi quà
- Khách hàng ở tỉnh khác: Nhận quà tại địa chỉ khách hàng đã đăng ký

⚠️ LƯU Ý:
- Chỉ nhận thẻ tích điểm do TH phát hành cho chương trình
- Mỗi mã chỉ tích 1 lần duy nhất
- 1 số điện thoại đổi quà tối đa 3 lần trong suốt chương trình
- Quà được giao ngẫu nhiên trong bộ sưu tập 10 mẫu Manchao
- Quà tặng không quy đổi tiền mặt
- Chương trình có thể kết thúc sớm khi hết quà

 Tham gia ngay tại:
 Zalo miniapp: https://zalo.me/s/1577030352993405429/ 
 Website: https://quatangyogurt.thmilk.vn/",136,13,4,2025-07-06 08:47:18,unknown
https://www.facebook.com/thmilk/posts/pfbid02SwNrxhPR5Vkja2CtoHHHsgeqMcsmdWFwbr9MpCWzZSz714KUY1B6VnUikZ3eKgGHl," Bạn hỏi, HILO trả lời
✨Là một trong những sản phẩm cao cấp thuộc dòng sữa tươi tiệt trùng của TH, TH true MILK HILO vị tự nhiên chinh phục người tiêu dùng nhờ công thức dinh dưỡng tối ưu: tăng khoảng 70% calci, giảm khoảng 60% chất béo và không chứa lactose – phù hợp với nhiều nhu cầu thể trạng khác nhau.
Với những ưu điểm vượt trội, TH true MILK HILO nhận được sự quan tâm đặc biệt cùng nhiều câu hỏi từ người tiêu dùng mong muốn hiểu rõ hơn về sản phẩm.
Cùng TH giải đáp những thắc mắc về sản phẩm TH true MILK HILO để bạn thêm an tâm và tin tưởng lựa chọn nguồn dinh dưỡng giá trị này nhé!",217,101,32,2025-07-03 20:29:04,unknown
https://www.facebook.com/thmilk/posts/pfbid0KXCZZcPKfCFVfMc3EeSNuZXkfNxjnFnjaU4v52LmbyRTM2qGQVXYRYQn585AkUYMl," TH true YOGURT – Tự hào thương hiệu Việt trên đấu trường quốc tế! 

Ngày 13/6/2025, tại lễ trao giải Global Brand Awards (Anh quốc) tổ chức tại Dubai, 3 dòng sữa chua TH true YOGURT đã xuất sắc được vinh danh với các giải thưởng danh giá trong ngành Thực phẩm & Đồ uống:

 TH true YOGURT TOP CUP – Sản phẩm xuất sắc trong Đổi mới Sáng tạo ngành Sữa
 TH true YOGURT PROBIOTICS – Sản phẩm xuất sắc trong Giải pháp Tăng cường Sức khỏe 
 TH true YOGURT – Sản phẩm Sữa Tự nhiên xuất sắc nhất

 Những giải thưởng này là sự ghi nhận quốc tế dành cho chất lượng, sự sáng tạo và cam kết ""Hoàn toàn từ thiên nhiên"" mà TH luôn theo đuổi – vì sức khỏe cộng đồng Việt Nam và thế giới.

#THtrueYOGURT #GlobalBrandAwards2025 #VịNgonThậtSựThiênNhiên",243,64,57,2025-07-01 08:10:51,unknown
https://www.facebook.com/thmilk/posts/pfbid0vyqxYFZ6iYDUJN3dqUCXtCpqETxb6gzM8e673EiMr7avZ8Hem8usTpn7KZ9yDzxel," MINIGAME  CÙNG THU GOM VỎ HỘP - LAN TOẢ SỐNG XANH 2025 
 Cách tham gia:
Bước 1: Like bài viết bằng tài khoản Facebook cá nhân
Bước 2: Comment đáp án (A/B/C) kèm hashtag #THUGOMVOHOP #LANTOASONGXANH2025
 Giải thưởng:
05 phần quà đặc biệt bao gồm Bộ mắc áo Eco Hanger TH và Chậu cây vuông Eco Pot TH sẽ dành cho 05 người chơi may mắn nhất thực hiện đúng và đầy đủ các bước!
⏰ Thời gian tham gia: Từ 26/06/2025 đến hết 23:59 ngày 07/07/2025
  Công bố kết quả: Dự kiến vào ngày 10/07/2025 trên fanpage TH true MILK
 Thể lệ:
Mỗi người chỉ tham gia 1 lần với 1 tài khoản Facebook cá nhân.
BTC không chấp nhận các comment đã chỉnh sửa.
Mọi tranh chấp, quyết định cuối cùng thuộc về BTC.
Hãy tham gia ngay để có cơ hội nhận về những món quà tái chế siêu xinh, siêu xanh từ TH true MILK nhé!",691,1001,101,2025-06-28 19:52:37,Photo
https://www.facebook.com/reel/1063792295697602/,"CÙNG TH TOPKID ""SĂN"" NGAY BỘ BÚT MÀU CỰC CHẤT TRONG HÈ NÀY
 Ghé ngay hệ thống cửa hàng TH true mart, chuỗi siêu thị, cửa hàng hay các sàn thương mại điện tử toàn quốc để nhận ngay bộ bút màu siêu chất khi mua 01 thùng sữa TH TOPKID nhé.",956,23,3,2025-06-26 07:34:24,Video
https://www.facebook.com/reel/1262017365634976/,"CÙNG TH TOPKID ""SĂN"" NGAY BỘ BÚT MÀU CỰC CHẤT TRONG HÈ NÀY
 Ghé ngay hệ thống cửa hàng TH true mart, chuỗi siêu thị, cửa hàng hay các sàn thương mại điện tử toàn quốc để nhận ngay bộ bút màu siêu chất khi mua 01 thùng sữa TH TOPKID nhé.",7020,18,7,2025-06-26 07:31:04,Video
https://www.facebook.com/thmilk/posts/pfbid0ruJ7PGoFsDFpRxbXLBcd7UuRAL9oLTfqgUnPhannraiNu38EdAp15WLWCPFkgaaxl,"TOP THU GOM VỎ HỘP - LAN TỎA SỐNG XANH GỌI TÊN AI?

Hãy thử xem bảng xếp hạng để biết liệu mình có đang góp mặt trong TOP 20 người thu gom tích cực nhất không nhé!

 Cách thực hiện:
- Bước 1: Truy cập Zalo Mini App, gõ “Thu gom vỏ hộp - Lan tỏa sống xanh 2025” trên điện thoại hoặc quét mã QR trên ảnh.
- Bước 2: Truy cập mục “Vinh danh”.
- Bước 3: Xem bảng Vinh danh Top 20 người tham gia có số lượng thu gom cao nhất theo từng mốc thời gian (tháng - quý - năm) và kéo xuống dưới để xem xếp hạng thu gom của bản thân.

 Thông tin chi tiết chương trình:
- Thời gian thu gom: 8:00 - 17:30 mỗi ngày, từ 01/03/2025 đến hết 31/12/2025
- Địa điểm: 30 cửa hàng tại Hà Nội, TP. Hồ Chí Minh, và Nghệ An
- Để biết thêm thông tin chi tiết, vui lòng xem tại: https://thugomvohop.thmilk.vn

Hãy cùng TH tham gia chương trình ngay hôm nay, chung tay bảo vệ môi trường và lan tỏa lối sống xanh! ",103,17,5,2025-06-25 09:22:03,unknown
https://www.facebook.com/reel/2541063152920602/,Cùng đón xem hành trình phiêu lưu của Cậu Bé Thần và Biệt đội TH Squad tại Tinh Cầu Chocomalt – 17h ngày 25/6 trên YouTube TH Official Channel,60,6,3,2025-06-24 11:13:03,Video
https://www.facebook.com/thmilk/videos/1371126587477130/," CÙNG TH TOPKID ""SĂN"" NGAY BỘ BÚT MÀU CỰC CHẤT TRONG HÈ NÀY
----
 Từ nay đến hết 31/07/2025 hoặc đến khi hết quà tặng, Khách hàng khi mua các sản phẩm TH TOPKID sẽ nhận ngay 01 bộ bút màu cực chất:
- Tặng 01 bộ 24 bút màu khi mua 01 thùng Sữa Chua Uống Tiệt Trùng TH true YOGURT TOPKID 110 ml
- Tặng 01 bộ bút 36 màu khi mua 01 thùng Sữa Chua Uống Tiệt Trùng TH true YOGURT TOPKID 180 ml hoặc Sữa Tươi Tiệt Trùng TH true MILK TOPKID 180 ml
Lưu ý: Chương trình chỉ áp dụng cho các sản phẩm có in thông tin khuyến mại trên màng co mỗi lốc.
 Ghé ngay hệ thống cửa hàng TH true mart, chuỗi siêu thị, cửa hàng hay các sàn thương mại điện tử toàn quốc để nhận ngay bộ bút màu siêu chất khi mua 01 thùng sữa TH TOPKID nhé.
► Danh sách cửa hàng TH true mart: https://www.thmilk.vn/he-thong-cua-hang/
► Website: https://www.thmilk.vn/san-pham/
► Shopee: https://shopee.vn/th_truemart_officialstore
► Lazada: https://www.lazada.vn/shop/th-true-mart
► Grabmart: http://bit.ly/THtruemart-GrabMart
► ShopeeFood: https://bit.ly/THtruemart-ShopeeFood",10000,199,111,2025-06-12 11:05:56,Video
https://www.facebook.com/thmilk/posts/pfbid02hn4aqvTFZMB12z26w8gjGXQYxYN7Untz9uXAUHFAkBVf8VByYQQzADvjKyhdHfoJl,"CÓ HẸN CÙNG VIETBABY FAIR HỒ CHÍ MINH! 
Cuối tuần này, ba mẹ hãy cùng TH true FORMUA và TH true FOOD khám phá dinh dưỡng toàn diện và tiện lợi tại sự kiện Viet Baby Fair Hồ Chí Minh!
✨ Gian hàng: F21,22 
 Thời gian: 05-08/06/2025
 Địa điểm: Trung tâm Hội chợ và Triển lãm SECC, Quận 7, TP.HCM.
Đến ngay gian hàng TH true FORMULA và TH true FOOD để:
 Nhận ngay 01 hộp Sản phẩm dinh dưỡng công thức từ sữa tươi TH true FORMULA cho trẻ trên 2 tuổi khi mua sắm tại gian hàng.
 Thử vị cháo tươi ngon, dinh dưỡng và tiện lợi cho bé

Đừng quên ghé và trải nghiệm những sản phẩm chất lượng từ TH tại Vietbaby Fair HCM 2025 nhé! 
——————————————————
Viet Baby Fair lần thứ 12 - quy tụ hơn 350 thương hiệu trong nước và quốc tế, với quy mô hơn 250 gian hàng trưng bày đa dạng sản phẩm và dịch vụ.",142,38,5,2025-06-09 00:18:22,unknown
https://www.facebook.com/thmilk/posts/pfbid025qTdsQ5AqfuoYparZgP99mUMLPisWPXbXYo23xwUrKPq4VKCxJ6RA6ja47zaohSWl,"THU GOM VỎ HỘP - LAN TỎA SỐNG XANH 2025 HƯỞNG ỨNG NGÀY MÔI TRƯỜNG THẾ GIỚI 

 Ngày Môi trường Thế giới (05/06) là sự kiện toàn cầu nhằm nâng cao tinh thần trách nhiệm, lan tỏa ý thức bảo vệ môi trường và thúc đẩy những hành động thiết thực vì một hành tinh xanh, sạch và bền vững.
Hòa chung không khí đó, trong tháng có Ngày Môi Trường Thế Giới (01/06 - 30/06), khách hàng tham gia thu gom từ 30 vỏ hộp sữa TH trở lên trong chương trình “Thu gom vỏ hộp - Lan tỏa sống xanh 2025” sẽ nhận ngay 01 túi vải Canvas xinh xắn từ TH.
Với mỗi vỏ hộp thu gom, bạn đã cùng TH ""nối tiếp vòng đời"" vỏ hộp sữa thành những sản phẩm ý nghĩa. Đó là cách chúng ta cùng nhau vẽ nên bức tranh xanh, vun đắp vẻ đẹp bền vững cho hành tinh này.

Thông tin chi tiết chương trình:
- Thời gian thu gom: 8:00 - 17:30 mỗi ngày, từ 01/03/2025 đến hết 31/12/2025
- Địa điểm: 30 cửa hàng tại Hà Nội, TP. Hồ Chí Minh, và Nghệ An 
(Danh sách 30 cửa hàng TH true mart tham gia thu gom xem tại: https://thugomvohop.thmilk.vn/danh-sach-cua-hang)

Để biết thêm thông tin chi tiết, vui lòng xem tại: https://thugomvohop.thmilk.vn 

Hãy cùng TH tham gia chương trình ngay hôm nay, chung tay bảo vệ môi trường và lan tỏa lối sống xanh! ",151,61,17,2025-06-05 13:30:49,Photo
https://www.facebook.com/reel/4029163767402027/," CÙNG TH TOPKID ""SĂN"" NGAY BỘ BÚT MÀU CỰC CHẤT TRONG HÈ NÀY
----
 Từ nay đến hết 31/07/2025 hoặc đến khi hết quà tặng, Khách hàng khi mua các sản phẩm TH TOPKID sẽ nhận ngay 01 bộ bút màu cực chất:
- Tặng 01 bộ 24 bút màu khi mua 01 thùng Sữa Chua Uống Tiệt Trùng TH true YOGURT TOPKID 110 ml
- Tặng 01 bộ bút 36 màu khi mua 01 thùng Sữa Chua Uống Tiệt Trùng TH true YOGURT TOPKID 180 ml hoặc Sữa Tươi Tiệt Trùng TH true MILK TOPKID 180 ml
Lưu ý: Chương trình chỉ áp dụng cho các sản phẩm có in thông tin khuyến mại trên màng co mỗi lốc.
 Ghé ngay hệ thống cửa hàng TH true mart, chuỗi siêu thị, cửa hàng hay các sàn thương mại điện tử toàn quốc để nhận ngay bộ bút màu siêu chất khi mua 01 thùng sữa TH TOPKID nhé.
► Danh sách cửa hàng TH true mart: https://www.thmilk.vn/he-thong-cua-hang/
► Website: https://www.thmilk.vn/san-pham/
► Shopee: https://shopee.vn/th_truemart_officialstore
► Lazada: https://www.lazada.vn/shop/th-true-mart
► Grabmart: http://bit.ly/THtruemart-GrabMart
► ShopeeFood: https://bit.ly/THtruemart-ShopeeFood",10000,153,56,2025-06-02 02:43:16,Video
https://www.facebook.com/thmilk/posts/pfbid0E4pT1iZL1mnRKTEk7yZUzqbynZi92oVfJXtPDP7Yb1EQqFQyJDpUyqdEPE6Vz7gVl," CÙNG TH TOPKID ""SĂN"" NGAY BỘ BÚT MÀU CỰC CHẤT TRONG HÈ NÀY
----
 Từ nay đến hết 31/07/2025 hoặc đến khi hết quà tặng, Khách hàng khi mua các sản phẩm TH TOPKID sẽ nhận ngay 01 bộ bút màu cực chất:
- Tặng 01 bộ 24 bút màu khi mua 01 thùng Sữa Chua Uống Tiệt Trùng TH true YOGURT TOPKID 110 ml
- Tặng 01 bộ bút 36 màu khi mua 01 thùng Sữa Chua Uống Tiệt Trùng TH true YOGURT TOPKID 180 ml hoặc Sữa Tươi Tiệt Trùng TH true MILK TOPKID 180 ml

Lưu ý: Chương trình chỉ áp dụng cho các sản phẩm có in thông tin khuyến mại trên màng co mỗi lốc.

 Ghé ngay hệ thống cửa hàng TH true mart, chuỗi siêu thị, cửa hàng hay các sàn thương mại điện tử toàn quốc để nhận ngay bộ bút màu siêu chất khi mua 01 thùng sữa TH TOPKID nhé.

► Danh sách cửa hàng TH true mart: https://www.thmilk.vn/he-thong-cua-hang/
► Website: https://www.thmilk.vn/san-pham/
► Shopee: https://shopee.vn/th_truemart_officialstore
► Lazada: https://www.lazada.vn/shop/th-true-mart
► Grabmart: http://bit.ly/THtruemart-GrabMart
► ShopeeFood: https://bit.ly/THtruemart-ShopeeFood",128,40,6,2025-05-27 06:03:32,Photo
https://www.facebook.com/thmilk/posts/pfbid035A9GbDU9CF7hpx6N75e1GPe2WJXiJdyMHFc5FfCrCHZQJdYpd8RtpaRVxiC76aQbl," CHUNG TAY THU GOM VỎ HỘP, LAN TỎA SỐNG XANH 2025 - NHẬN NGAY TÚI VẢI CANVAS 

Chương trình ""Thu gom vỏ hộp - Lan tỏa sống xanh 2025"" vẫn đang diễn ra đầy hứng khởi, đừng quên tiếp tục thu gom vỏ hộp sữa mỗi ngày bạn nhé!

Đặc biệt, TOP 20 khách hàng thu gom nhiều vỏ hộp nhất mỗi tháng sẽ nhận được 01 chiếc túi vải Canvas xinh xắn từ TH – món quà nhỏ thay lời cảm ơn cho những đóng góp xanh đầy ý nghĩa của bạn trên hành trình bền vững này.

Với mỗi vỏ hộp thu gom, bạn đã cùng TH ""nối tiếp vòng đời"" vỏ hộp sữa thành những sản phẩm ý nghĩa. Hành trình ""sống xanh"" bắt đầu từ những điều tưởng chừng nhỏ bé, nhưng sức mạnh của chúng lại dần phủ xanh hành tinh của chúng ta.

 Thông tin chi tiết chương trình:
 - Thời gian thu gom: 8:00 - 17:30 mỗi ngày, từ 01/03/2025 đến hết 31/12/2025
 - Địa điểm: 30 cửa hàng tại Hà Nội, TP. Hồ Chí Minh, và Nghệ An
 - Để biết thêm thông tin chi tiết, vui lòng xem tại: https://thugomvohop.thmilk.vn 

Hãy cùng TH tham gia chương trình ngay hôm nay, chung tay bảo vệ môi trường và lan tỏa lối sống xanh! ",132,33,12,2025-05-21 09:23:48,Photo
https://www.facebook.com/thmilk/posts/pfbid02eVpRzshrLVghtdFWF3vLDBFb2QGUNSGzSuNqY8sP26jH1FpoHAhoKryKsboTx3gal," THÔNG BÁO KẾT QUẢ MINIGAME: TRẢ LỜI ĐÚNG - TRÚNG 01 CẶP VÉ CGV
Ban tổ chức xin công bố đáp án chính xác của Minigame là 35. Xin cảm ơn tất cả các bạn đã quan tâm và tham gia giải đố cùng TH true YOGURT TOPKID.
 
 Xin chúc mừng 02 bạn có câu trả lời đúng và may mắn nhất nhận được 01 cặp vé CGV áp dụng tại tất cả cụm rạp toàn quốc.
1. Lâm Duyên: https://www.facebook.com/lamduyen1509
2. Nguyễn Thu Hằng: https://www.facebook.com/nguyen.thu.hang.447530

  Các bạn vui lòng gửi đầy đủ thông tin ""Họ tên"", ""Số điện thoại"" về Fanpage TH true MILK trước 18h00 ngày 01/06/2025 để nhận giải thưởng. Nếu quá thời gian quy định trên thì phần quà sẽ bị hủy. Trong trường hợp có vấn đề phát sinh, mọi quyết định thuộc về BTC.",99,11,1,2025-05-15 12:44:04,Photo
https://www.facebook.com/thmilk/posts/pfbid057xhscAyVPvGvcyBXaaYD5ztjaLunjxaESiLgwGirHhzxLxYztLhb7wQUhAFM8i2l," Minigame Giải đố: Trả lời đúng - Trúng 01 cặp vé CGV​ 

Cùng tham gia Giải đố thử thách trí thông minh cùng TH true YOGURT TOPKID để rinh ngay 01 cặp vé CGV áp dụng tại tất cả cụm rạp CGV toàn quốc. ​

 Thể lệ trò chơi:​
Bước 1: Like và Share bài viết ở chế độ công khai​
Bước 2: Comment đáp án đúng nhất bên dưới bài viết, kèm hashtag #THtrueYOGURTTOPKID #THTOPKID​

 Giải thưởng: 02 cặp vé xem phim tại CGV dành cho 02 người thực hiện đầy đủ các bước theo thể lệ, có câu trả lời đúng và may mắn nhất (01 cặp vé/khách hàng)​.

 Lưu ý:​
- Minigame sẽ bắt đầu từ ngày 27/05 đến 18h00 ngày 29/05. Kết quả sẽ được công bố trên fanpage vào ngày 30/05​.
- BTC sẽ không nhận kết quả của các bình luận/comment đã được chỉnh sửa/edited.​
- Trong trường hợp có tranh chấp xảy ra, quyết định cuối cùng thuộc về BTC.​

Chia sẻ minigame tới bạn bè để cùng nhau nhận những phần quà từ TH true YOGURT TOPKID bạn nhé!",800,1406,458,2025-05-09 16:04:20,Photo
https://www.facebook.com/thmilk/posts/pfbid02f15zbByT91eLQ1TE8XjD2q9q3nLukrj5LNSqrzKKU68ZkCPJQtC2FNh3HDgSUVyol,"TẬP ĐOÀN TH KHÁNH THÀNH NHÀ MÁY CHẾ BIẾN SỮA CÔNG SUẤT HÀNG ĐẦU LIÊN BANG NGA

Ngày 11/5/2025 tại huyện Borovsk, tỉnh Kaluga - Liên bang Nga, Tập đoàn TH tổ chức lễ khánh thành Nhà máy chế biến sữa tươi sạch TH có công suất lớn hàng đầu nước Nga. Buổi lễ đặc biệt này vinh dự có sự chứng kiến và động viên của Tổng Bí thư Ban Chấp hành Trung ương Đảng Cộng sản Việt Nam Tô Lâm và đoàn đại biểu cấp cao Việt Nam, cùng với Phó Thủ tướng Liên bang Nga Dmitry Chernyshenko.

Diễn ra cùng ngày với diễn đàn Doanh nghiệp Việt Nam-Liên bang Nga tại thủ đô Moskva - một trong những hoạt động của Tổng Bí thư Tô Lâm trong chuyến thăm chính thức đến Liên bang Nga theo lời mời của Tổng thống Vladimir Putin, Lễ khánh thành tại Kaluga được truyền hình trực tiếp tới Diễn đàn như một biểu tượng về thành quả hợp tác giữa 2 nước.

Tại đây, các lãnh đạo cấp cao của Đảng, Nhà nước Việt Nam và Liên bang Nga đã nhấn nút khánh thành Nhà máy chế biến sữa tươi sạch TH, hoàn thiện mắt xích quan trọng trong chuỗi sản xuất khép kín ""từ đồng cỏ xanh đến ly sữa sạch"", sản xuất các sản phẩm sữa tươi sạch mang thương hiệu TH true MILK.

Các dự án nông nghiệp mà Tập đoàn TH đang triển khai ở Nga là bằng chứng của thế hệ doanh nhân mới của Việt Nam trong lĩnh vực mới, thể hiện năng lực tổ chức triển khai dự án khoa học, chuyên nghiệp, bài bản và nghiêm túc. Theo bà Thái Hương, nông nghiệp là nền tảng của một quốc gia, là ngành gắn liền với sinh kế của hàng triệu người dân. Liên bang Nga có lợi thế to lớn về nông nghiệp, đủ điều kiện đảm bảo an ninh lương thực và an toàn thực phẩm. Đi trên lợi thế thực chất đó sẽ đem lại những giá trị không giới hạn mà thế giới đang mơ ước và hướng tới – đó là nền nông nghiệp sạch hữu cơ phục vụ cho đời sống con người.

Ứng dụng khoa học công nghệ, khoa học quản trị để tạo ra một nền sản xuất tiên tiến, hiện đại, Dự án sữa của TH đạt năng suất và chất lượng sữa đứng top đầu Liên bang Nga và thế giới. Lễ Khánh thành nhà máy cũng truyền đi thông điệp ""Hãy làm ly sữa thắm tình hữu nghị Việt - Nga"" - lời cam kết của TH trong việc mang lại giá trị bền vững, góp phần vun đắp mối quan hệ đối tác toàn diện giữa hai nước.",1019,102,196,2025-05-03 19:24:36,unknown
https://www.facebook.com/thmilk/posts/pfbid0sKYKoVzKog2goj7hKfRrspxHGpVL4bF58QoUSe8xjhpmn7PJTG3RniWRe1JpWf8yl," Sản phẩm dinh dưỡng công thức từ sữa tươi cho trẻ trên 2 tuổi TH true FORMULA phù hợp QUY CHUẨN KỸ THUẬT QUỐC GIA QCVN 11-3-2012/BYT.

Từ 6 đến 36 tháng tuổi là thời kỳ vàng phát triển của trẻ. Với cam kết khắt khe về chất lượng, TH true FORMULA đáp ứng các quy định kỹ thuật của theo QCVN 11-3:2012/BYT – Quy chuẩn Kỹ thuật quốc gia đối với sản phẩm dinh dưỡng công thức cho trẻ từ 6 – 36 tháng tuổi.

 Dinh dưỡng toàn diện cho trẻ nhỏ: từ nguồn sữa tươi cùng công thức CARE ADVANCE giúp cung cấp các dưỡng chất tốt cho sức khỏe của trẻ theo từng giai đoạn:
- Hỗ trợ phát triển não bộ - MFGM, DHA, ARA
- Hỗ trợ tăng cường đề kháng – HMO (2’-FL), Nucleotide, Vitamin & khoáng chất
- Hỗ trợ tiêu hóa và hấp thu – FOS, GOS

 Nguyên liệu được tuyển chọn, rõ nguồn gốc xuất xứ và theo quy trình kiểm soát chất lượng nghiêm ngặt.

 Được chuyên gia dinh dưỡng xây dựng trên cơ sở khoa học về dinh dưỡng
TH true FORMULA là lựa chọn tin cậy, đồng hành cùng ba mẹ trong việc xây dựng nền tảng sức khỏe vững chắc cho bé ngay từ những năm tháng đầu đời.

Tìm hiểu thêm về sản phẩm tại: https://formula.thmilk.vn/",297,144,36,2025-04-27 22:44:53,Photo
https://www.facebook.com/thmilk/posts/pfbid02egJWkLADTjAYNNuZYzYYFBdDk8yTFy6ZyY1JxjQE1cSDYAi4G59GixrEc8PH6Bn8l," TH true MILK tiếp sức cùng các chiến sĩ, sẵn sàng mừng đại lễ

 Nhằm tiếp sức cho các lực lượng, Tập đoàn TH đã trao tặng hàng chục ngàn hộp sữa tươi sạch TH true MILK đến tận tay các chiến sĩ ngay trên thao trường luyện tập cho diễu binh, diễu hành chuẩn bị cho Đại lễ 30-4 tại TPHCM, góp phần cung cấp dinh dưỡng, năng lượng cho các chiến sĩ.

 Về chế độ dinh dưỡng, bữa ăn của các chiến sĩ được xây dựng theo thực đơn khoa học nhằm bổ sung chất đạm, bù nước và canxi cho các chiến sĩ có sức khỏe luyện tập. Ngoài chế độ tiêu chuẩn của Nhà nước, các khối tham gia diễu binh, diễu hành đều nhận được sự quan tâm, chăm lo từ nhiều đơn vị ngoài xã hội. Song, chỉ huy các khối đặc biệt lưu ý tiếp nhận sản phẩm nguồn gốc rõ ràng và có chất lượng.

 “Hôm nay chúng tôi tiếp nhận sản phẩm sữa tươi TH true MILK thì anh em trong khối rất yên tâm. Đây là sản phẩm thương hiệu quốc gia và cũng là lựa chọn được ưu tiên ngay trong gia đình mình”, Trung tá Vương Huy Dũng chia sẻ.

 Các em cứ động viên nhau, tham gia nhiệm vụ lần này vô cùng thiêng liêng, tự hào, “Việc đảm bảo sức khỏe, thể lực cho các em được quan tâm đặc biệt, thực đơn hàng ngày bổ sung đầy đủ dinh dưỡng, ngày nào cũng có thêm sữa tươi TH true MILK hoặc là sữa chua TH true YOGURT, chúng tôi lựa chọn rất kỹ sản phẩm đưa vào bữa ăn cho chiến sĩ”, chị Đặng Thị Thu Hằng chia sẻ.

 Đến hôm nay, các chiến sĩ đều sẵn sàng cả tinh thần và thể chất cho nhiệm vụ Đại lễ sáng ngày 30-4, không khí giờ giải lao đầy phấn chấn, rộn ràng, chị em chia sẻ với nhau hộp sữa, chai nước, rôm rả kể chuyện người thân sẽ đi xem diễu binh như thế nào.

 Nguồn: Báo Sài Gòn giải phóng",487,30,52,2025-04-22 02:05:09,unknown
https://www.facebook.com/thmilk/posts/pfbid0Hd1NK7riwF9sUp95EoPp16QiWGve7Z41MHKcCm37CvqAw2LLFtExjVp4816PwVkHl," CÙNG HƯỞNG ỨNG NGÀY TRÁI ĐẤT VỚI THU GOM VỎ HỘP - LAN TỎA SỐNG XANH 2025 
Ngày Trái Đất (22/4) không chỉ là dịp để nhắc nhở chúng ta về tầm quan trọng của việc bảo vệ môi trường, mà còn là lời kêu gọi hành động thiết thực vì một hành tinh bền vững. Hưởng ứng tinh thần đó, trong tháng có ngày Trái Đất (từ 01/04-30/4), khách hàng tham gia thu gom từ 30 vỏ hộp sữa TH trong chương trình Thu gom vỏ hộp Lan tỏa sống xanh 2025 trở lên sẽ được nhận ngay 01 túi vải canvas xinh xắn.
Với mỗi vỏ hộp thu gom, bạn đã cùng TH ""nối tiếp vòng đời"" vỏ hộp sữa thành những sản phẩm ý nghĩa. Không chỉ là hành động nhỏ, mà là một phần của hành trình lớn vì một tương lai xanh hơn cho thế hệ mai sau.

Thông tin chi tiết chương trình:
☘ Thời gian thu gom: 8:00 - 17:30 mỗi ngày, từ 01/03/2025 đến hết 31/12/2025
☘ Địa điểm: 30 cửa hàng tại Hà Nội, TP. Hồ Chí Minh, và Nghệ An
☘ Để biết thêm thông tin chi tiết, vui lòng xem tại: https://thugomvohop.thmilk.vn
Hãy cùng TH tham gia chương trình ngay hôm nay, chung tay bảo vệ môi trường và lan tỏa lối sống xanh!  ",161,64,11,2025-04-16 05:25:25,Photo
https://www.facebook.com/thmilk/posts/pfbid02CgL4ytnAXxwYqyi9YykNTXQtLVKGpGkQrBbrPJtLZTrrtw8Fxe9JaXETq9gxQtJhl,"Tự hào 2 đơn vị thành viên thuộc Tập đoàn TH đạt chứng nhận quốc tế Trung hòa Carbon.

Sáng 4/4, hai doanh nghiệp sản xuất chủ lực của Tập đoàn TH là Công ty cổ phần Sữa TH và Công ty TNHH Nước tinh khiết Núi Tiên đã chính thức được Control Union, tổ chức chứng nhận quốc tế độc lập và uy tín, trao chứng nhận đạt trung hòa Carbon theo tiêu chuẩn PAS 2060:2014.

Báo cáo cho thấy Công ty Cổ phần Sữa TH đã trung hoà được 26.670,14 tấn CO2 trong khi kết quả tại Công ty TNHH Nước tinh khiết Núi Tiên là 11.631,68 tấn CO2.

Để đạt trung hòa carbon, Công ty Cổ phần Sữa TH và Công ty TNHH Nước tinh khiết Núi Tiên đã đẩy mạnh các hoạt động giảm phát thải khí nhà kính thông qua giải pháp hiệu quả giảm sử dụng năng lượng, chuyển đổi sang năng lượng xanh, cải tiến trang thiết bị, công nghệ; quản lý hiệu quả chất thải. 

Bên cạnh những nỗ lực từ hoạt động nội bộ, Tập đoàn TH cũng tham gia hỗ trợ, đồng hành với các dự án giảm phát thải, tăng hiệu quả sử dụng năng lượng được chứng nhận theo các tiêu chuẩn quốc tế, để bù đắp những phần trung hoà carbon còn thiếu.

Tại buổi lễ, Tổng Giám đốc, Chủ tịch Ủy ban Phát triển Bền vững Tập đoàn TH, khẳng định Tập đoàn thực thi mô hình kinh tế xanh, kinh tế tuần hoàn theo hướng phát triển bền vững ngay từ khi thành lập. Tập đoàn tư duy ngay từ đầu về việc cần sử dụng các công nghệ hiện đại để thực hành những hoạt động sản xuất với phát thải thấp.",165,43,5,2025-04-10 08:45:41,unknown
https://www.facebook.com/thmilk/posts/pfbid0HH2DG2jy3QeLn6ZwKV3UfiRqUtt4SdbPK9d6yiLaenZYxSUCSLkwPW23ek7vvyTZl,"Chung Tay Bảo Vệ Môi Trường Và Nhận Túi Vải Canvas Khi Tham Gia Chương Trình Thu Gom Vỏ Hộp Lan Tỏa Sống Xanh 2025

Từ ngày 01/04 – 30/04/2025, nhân tháng có ngày Trái Đất (22/04/2025), khách hàng khi đem tối thiểu 30 vỏ hộp sữa TH đến mỗi cửa hàng nằm trong danh sách 30 cửa hàng thu gom sẽ được tặng 01 (một) túi vải Canvas.
Khi tham gia chương trình “Thu gom vỏ hộp - Lan tỏa sống xanh 2025”, bạn đã đóng góp một phần trong việc giảm thiểu và tái chế các rác thải ra môi trường tự nhiên. Với mỗi vỏ hộp thu gom, bạn đã cùng TH ""nối tiếp vòng đời"" vỏ hộp sữa thành những sản phẩm ý nghĩa.

Thông tin chi tiết chương trình: 
☘ Thời gian thu gom: 8:00 - 17:30 mỗi ngày, từ 01/03/2025 đến hết 31/12/2025
☘ Địa điểm: 30 cửa hàng tại Hà Nội, TP. Hồ Chí Minh, và Nghệ An
☘ Để biết thêm thông tin chi tiết, vui lòng xem tại: https://thugomvohop.thmilk.vn

Hãy cùng TH tham gia chương trình ngay hôm nay, chung tay bảo vệ môi trường và lan tỏa lối sống xanh! ",239,83,28,2025-04-04 12:05:57,Photo
https://www.facebook.com/thmilk/videos/1323884245530618/,"Hoàn toàn từ sữa tươi trang trại, sạch, theo chuẩn của Trang trại TH, trang trại bò sữa tập trung ứng dụng công nghệ cao lớn nhất thế giới (*), Sữa Tươi Tiệt Trùng TH true MILK giữ vẹn nguyên dưỡng chất và tinh tuý từ thiên nhiên, tốt cho sức khoẻ cả gia đình.
Mua ngay tại:
► Hệ thống cửa hàng TH true mart: https://www.thmilk.vn/he-thong-cua-hang/
► Website: thtruemart.vn
► Ứng dụng: TH eLIFE
► ShopeeFood: https://bit.ly/THtruemart-ShopeeFood
► Grabmart: http://bit.ly/THtruemart-GrabMart
► Shopee: https://shopee.vn/th_truemart_officialstore 
► Lazada: https://www.lazada.vn/shop/th-true-mart
► TikTok Shop: https://bit.ly/THtruemart-TikTokShop
(*): Cụm trang trại bò sữa tập trung ứng dụng công nghệ cao với quy trình sản xuất khép kín quy mô lớn nhất Thế Giới được xác lập bới World Records Union (2020)",10000,111,34,2025-03-29 15:26:14,Video
https://www.facebook.com/thmilk/videos/522669063954090/,"Hoàn toàn từ sữa tươi trang trại, sạch, theo chuẩn của Trang trại TH, trang trại bò sữa tập trung ứng dụng công nghệ cao lớn nhất thế giới (*), Sữa Tươi Tiệt Trùng TH true MILK giữ vẹn nguyên dưỡng chất và tinh tuý từ thiên nhiên, tốt cho sức khoẻ cả gia đình.
Mua ngay tại:
► Hệ thống cửa hàng TH true mart: https://www.thmilk.vn/he-thong-cua-hang/
► Website: thtruemart.vn
► Ứng dụng: TH eLIFE
► ShopeeFood: https://bit.ly/THtruemart-ShopeeFood
► Grabmart: http://bit.ly/THtruemart-GrabMart
► Shopee: https://shopee.vn/th_truemart_officialstore 
► Lazada: https://www.lazada.vn/shop/th-true-mart
► TikTok Shop: https://bit.ly/THtruemart-TikTokShop
(*): Cụm trang trại bò sữa tập trung ứng dụng công nghệ cao với quy trình sản xuất khép kín quy mô lớn nhất Thế Giới được xác lập bới World Records Union (2020)",108,22,10,2025-03-29 15:22:03,Video
https://www.facebook.com/thmilk/posts/pfbid0YQJjL4XYdxrauNTGMHYTLTPL3KoY9Uoge6NGvELM8w4eUKwVysyDD3fV2symD7yxl,"Mỗi ngày thấy con vui chơi, tự do khám phá thế giới là niềm hạnh phúc của ba mẹ . TH true FORMULA với công thức Care Advance từ Viện Dinh dưỡng TH đồng hành cùng con phát triển toàn diện:

✅ Phát Triển Não Bộ: MFGM, DHA, ARA, Choline và Taurine giúp con thông minh, nhanh nhạy, học hỏi tốt hơn.

✅ Tiêu Hóa Khỏe Mạnh: Chất xơ FOS, GOS hỗ trợ tiêu hóa, giúp con hấp thu dinh dưỡng tối đa, thoải mái vui chơi.

✅ Tăng Cường Đề Kháng: HMO (2'-FL) cùng các dưỡng chất thiết yếu như Vitamin C, E, Kẽm và Selen bảo vệ con khỏi tác nhân gây bệnh, để con luôn khỏe mạnh.
Con vững bước trên hành trình khôn lớn, tràn đầy năng lượng và niềm vui!

Mua ngay tại:
► Hệ thống cửa hàng TH true mart: https://www.thmilk.vn/he-thong-cua-hang/
► Website: thtruemart.vn
► Ứng dụng: TH eLIFE
► ShopeeFood: https://bit.ly/THtruemart-ShopeeFood
► Grabmart: http://bit.ly/THtruemart-GrabMart
► Shopee: https://shopee.vn/th_truemart_officialstore 
► Lazada: https://www.lazada.vn/shop/th-true-mart
► TikTok Shop: https://bit.ly/THtruemart-TikTokShop",114,25,4,2025-03-26 11:05:04,Photo
https://www.facebook.com/thmilk/posts/pfbid02oj4H89fJGy8LFZxLoZgHKKjfdLUSgZRf2wxGqYnGAYAExRfQanMiVaxLTDCEgKQpl,"Sữa Uống Lên Men Ít Đường TH true YOGURT PROBIOTICS Mới ✨

Bảo vệ sức khoẻ cả gia đình với sản phẩm Sữa Uống Lên Men Ít Đường TH true YOGURT PROBIOTICS 85 ml hoàn toàn mới, được làm từ sữa tươi trang trại, sạch, theo chuẩn của trang trại TH, cùng hàm lượng lợi khuẩn cao khoảng 18 tỷ lợi khuẩn/ chai - 72 tỷ lợi khuẩn/ lốc, đặc biệt giảm 29% hàm lượng đường bổ sung và không sử dụng chất tạo ngọt tổng hợp, giúp hỗ trợ tăng cường đề kháng và sức khoẻ đường ruột, cho gia đình vui khoẻ mỗi ngày.

► Website: https://www.thtruemart.vn/
► Danh sách cửa hàng: https://www.thmilk.vn/he-thong-cua-hang/
► Grabmart: http://bit.ly/THtruemart-GrabMart
► ShopeeFood: https://bit.ly/THtruemart-ShopeeFood",178,37,18,2025-03-23 06:48:05,Photo
https://www.facebook.com/thmilk/videos/1370093107686705/,"Sữa Uống Lên Men Ít Đường TH true YOGURT PROBIOTICS Mới ✨

Bảo vệ sức khoẻ cả gia đình với sản phẩm Sữa Uống Lên Men Ít Đường TH true YOGURT PROBIOTICS 85 ml hoàn toàn mới, được làm từ sữa tươi trang trại, sạch, theo chuẩn của trang trại TH, cùng hàm lượng lợi khuẩn cao khoảng 18 tỷ lợi khuẩn/ chai - 72 tỷ lợi khuẩn/ lốc, đặc biệt giảm 29% hàm lượng đường bổ sung và không sử dụng chất tạo ngọt tổng hợp, giúp hỗ trợ tăng cường đề kháng và sức khoẻ đường ruột, cho gia đình vui khoẻ mỗi ngày.

► Website: https://www.thtruemart.vn/
► Danh sách cửa hàng: https://www.thmilk.vn/he-thong-cua-hang/
► Grabmart: http://bit.ly/THtruemart-GrabMart
► ShopeeFood: https://bit.ly/THtruemart-ShopeeFood",1214,86,166,2025-03-20 02:31:07,Video
https://www.facebook.com/thmilk/videos/431328436738213/,"Sữa Uống Lên Men Ít Đường TH true YOGURT PROBIOTICS Mới ✨

Bảo vệ sức khoẻ cả gia đình với sản phẩm Sữa Uống Lên Men Ít Đường TH true YOGURT PROBIOTICS 85 ml hoàn toàn mới, được làm từ sữa tươi trang trại, sạch, theo chuẩn của trang trại TH, cùng hàm lượng lợi khuẩn cao khoảng 18 tỷ lợi khuẩn/ chai - 72 tỷ lợi khuẩn/ lốc, đặc biệt giảm 29% hàm lượng đường bổ sung và không sử dụng chất tạo ngọt tổng hợp, giúp hỗ trợ tăng cường đề kháng và sức khoẻ đường ruột, cho gia đình vui khoẻ mỗi ngày.

► Website: https://www.thtruemart.vn/
► Danh sách cửa hàng: https://www.thmilk.vn/he-thong-cua-hang/
► Grabmart: http://bit.ly/THtruemart-GrabMart
► ShopeeFood: https://bit.ly/THtruemart-ShopeeFood",1596,86,290,2025-03-20 02:31:08,Video
https://www.facebook.com/reel/1824097998441383/,"Sữa Uống Lên Men Ít Đường TH true YOGURT PROBIOTICS Mới 

Bảo vệ sức khoẻ cả gia đình với bộ sản phẩm Sữa Uống Lên Men TH true YOGURT PROBIOTICS 85 ml Ít Đường hoàn toàn mới, được làm từ sữa tươi sạch nguyên chất của trang trại TH cùng hàm lượng lợi khuẩn cao khoảng 18 tỷ lợi khuẩn/ chai - 72 tỷ lợi khuẩn/ lốc, giảm 29% hàm lượng đường, giúp hỗ trợ tăng cường đề kháng và sức khoẻ đường ruột, cho gia đình vui khoẻ mỗi ngày.

► Website: https://www.thtruemart.vn/
► Danh sách cửa hàng: https://www.thmilk.vn/he-thong-cua-hang/
► Grabmart: http://bit.ly/THtruemart-GrabMart
► ShopeeFood: https://bit.ly/THtruemart-ShopeeFood",2039,90,44,2025-03-19 18:31:06,Video
https://www.facebook.com/reel/2844269465755325/,"Sữa Uống Lên Men Ít Đường TH true YOGURT PROBIOTICS Mới 

Bảo vệ sức khoẻ cả gia đình với bộ sản phẩm Sữa Uống Lên Men TH true YOGURT PROBIOTICS 85 ml Ít Đường hoàn toàn mới, được làm từ sữa tươi sạch nguyên chất của trang trại TH cùng hàm lượng lợi khuẩn cao khoảng 18 tỷ lợi khuẩn/ chai - 72 tỷ lợi khuẩn/ lốc, giảm 29% hàm lượng đường, giúp hỗ trợ tăng cường đề kháng và sức khoẻ đường ruột, cho gia đình vui khoẻ mỗi ngày.

► Website: https://www.thtruemart.vn/
► Danh sách cửa hàng: https://www.thmilk.vn/he-thong-cua-hang/
► Grabmart: http://bit.ly/THtruemart-GrabMart
► ShopeeFood: https://bit.ly/THtruemart-ShopeeFood",2056,50,36,2025-03-19 18:30:28,Video
https://www.facebook.com/reel/1315786479532375/,"Sữa Chua TH true YOGURT - Vị Ngon Thực Sự Thiên Nhiên

Cho cả gia đình vui khỏe mỗi ngày với sản phẩm  TH true YOGURT 100 G – sử dụng hoàn toàn sữa tươi trang trại, sạch, theo chuẩn của trang trại TH, lên men tự nhiên , cung cấp các chất dinh dưỡng từ sữa tươi và tốt cho sức khỏe.
---------------
Ghé thăm hệ thống siêu thị toàn quốc, hệ thống cửa hàng TH true mart hoặc đặt hàng online ngay:
► Website: https://www.thtruemart.vn/
► Danh sách cửa hàng: https://www.thmilk.vn/he-thong-cua-hang/
► Grabmart: http://bit.ly/THtruemart-GrabMart
► ShopeeFood: https://bit.ly/THtruemart-ShopeeFood",1295,34,11,2025-03-19 11:05:54,Video
https://www.facebook.com/reel/1024827382841827/,"Sữa Chua TH true YOGURT - Vị Ngon Thực Sự Thiên Nhiên

Cho cả gia đình vui khỏe mỗi ngày với sản phẩm Sữa Chua TH true YOGURT 100 G – sử dụng hoàn toàn sữa tươi trang trại, sạch, theo chuẩn của trang trại TH, lên men tự nhiên , cung cấp các chất dinh dưỡng từ sữa tươi và tốt cho sức khỏe.
---------------
Ghé thăm hệ thống siêu thị toàn quốc, hệ thống cửa hàng TH true mart hoặc đặt hàng online ngay:
► Website: https://www.thtruemart.vn/
► Danh sách cửa hàng: https://www.thmilk.vn/he-thong-cua-hang/
► Grabmart: http://bit.ly/THtruemart-GrabMart
► ShopeeFood: https://bit.ly/THtruemart-ShopeeFood",2581,64,22,2025-03-19 11:03:08,Video
https://www.facebook.com/reel/2118998731872559/,"Sữa Chua TH true YOGURT - Vị Ngon Thực Sự Thiên Nhiên

Cho cả gia đình vui khỏe mỗi ngày với sản phẩm  TH true YOGURT 100 G hoàn toàn mới – sử dụng hoàn toàn sữa tươi trang trại, sạch, theo chuẩn của trang trại TH, lên men tự nhiên , cung cấp các chất dinh dưỡng từ sữa tươi và tốt cho sức khỏe.
---------------
Ghé thăm hệ thống siêu thị toàn quốc, hệ thống cửa hàng TH true mart hoặc đặt hàng online ngay:
► Website: https://www.thtruemart.vn/
► Danh sách cửa hàng: https://www.thmilk.vn/he-thong-cua-hang/
► Grabmart: http://bit.ly/THtruemart-GrabMart
► ShopeeFood: https://bit.ly/THtruemart-ShopeeFood",2891,69,41,2025-03-19 10:57:21,Video
https://www.facebook.com/thmilk/posts/pfbid02BoYfyepxqogBjYTBrvHKHMb3cv8ahwvfJ4d1bGVfBt9SXueFswQ79MfujAzb2Hokl," Thời tiết đợt này hết lạnh lại nóng ẩm, mưa phùn khiến bé phải hạn chế hoạt động ngoài trời. Nhưng mẹ đừng lo, vẫn có nhiều cách để con khám phá thế giới và phát triển tư duy ngay tại nhà! 

 Gợi ý mẹ một số hoạt động cho bé con:
- Đọc sách cùng con: Khơi gợi trí tưởng tượng và tư duy ngôn ngữ.
- Chơi trò chơi trí tuệ: Xếp hình, giải đố, giúp bé rèn luyện khả năng tập trung và sáng tạo.
- Đừng quên bổ sung dinh dưỡng với TH true FORMULA để hỗ trợ não bộ của bé phát triển toàn diện:
✅ MFGM: Hỗ trợ phát triển nhận thức và tư duy.
✅ DHA & ARA: Giúp tăng cường trí nhớ và khả năng học hỏi.

Dù thời tiết có thay đổi, bé yêu vẫn luôn khỏe mạnh và thông minh!

Mua ngay tại:
► Hệ thống cửa hàng TH true mart: https://www.thmilk.vn/he-thong-cua-hang/
► Website: thtruemart.vn
► Ứng dụng: TH eLIFE
► ShopeeFood: https://bit.ly/THtruemart-ShopeeFood
► Grabmart: http://bit.ly/THtruemart-GrabMart
► Shopee: https://shopee.vn/th_truemart_officialstore 
► Lazada: https://www.lazada.vn/shop/th-true-mart
► TikTok Shop: https://bit.ly/THtruemart-TikTokShop",57,23,8,2025-03-15 16:48:27,Photo
https://www.facebook.com/thmilk/posts/pfbid02C5iA4tAi5duQSAHiXTc2mpuwBhfUoxGDYBW3q2wLnexDPPm4mLDGhDHWERMzESMnl,"Thời tiết giao mùa, nồm ẩm miền Bắc hay nắng nóng miền Nam đều là thách thức lớn với sức khỏe của bé. ️

Chăm sóc hệ tiêu hóa cũng là cách để mẹ có thể gia tăng đề kháng cho con. Mẹ hãy ghi chú lại mẹo giúp con vừa có chiếc bụng khỏe, vừa có đề kháng tốt, không ngại bệnh vặt nhé:
- Giữ ấm cơ thể bé khi trời lạnh, đặc biệt vào ban đêm
- Vệ sinh môi trường sống sạch sẽ, diệt khuẩn thường xuyên, tránh ẩm mốc
- Tiêm chủng đầy đủ theo lịch và hướng dẫn của nhân viên y tế
- Xây dựng chế độ dinh dưỡng hợp lý, bổ sung nhiều rau củ quả

Sản phẩm dinh dưỡng công thức từ sữa tươi TH true FORMULA bổ sung dưỡng chất như HMO (2'-FL) & Nucleotide đã được nghiên cứu giúp hỗ trợ hệ tiêu hóa khỏe mạnh và tăng sức đề kháng cho trẻ.

Bé miễn dịch khỏe, ba mẹ không lo bệnh vặt ""ghé thăm"".
Mua ngay tại:
► Hệ thống cửa hàng TH true mart: https://www.thmilk.vn/he-thong-cua-hang/
► Website: thtruemart.vn
► Ứng dụng: TH eLIFE
► ShopeeFood: https://bit.ly/THtruemart-ShopeeFood
► Grabmart: http://bit.ly/THtruemart-GrabMart
► Shopee: https://shopee.vn/th_truemart_officialstore 
► Lazada: https://www.lazada.vn/shop/th-true-mart
► TikTok Shop: https://bit.ly/THtruemart-TikTokShop",61,14,9,2025-03-11 22:39:34,Photo
https://www.facebook.com/thmilk/posts/pfbid0byG1k7kTtzjiSYwspKaDdQ8KtgibQ4U8ME6J11etK8sZbKeXgRRjwPP7DGYEvGs4l," HAPPY INTERNATIONAL WOMEN'S DAY 8-3 

Mỗi người phụ nữ vốn là một loài hoa với vẻ đẹp và hương sắc riêng. 

Nhân dịp đặc biệt này, TH xin gửi tới một nửa thế giới, những người phụ nữ thương yêu  lời chúc tốt đẹp và ý nghĩa nhất. Chúc các bà, các mẹ và chị em luôn mạnh khỏe, hạnh phúc và tỏa sáng theo cách riêng của mình.

#THtrueMILK #WomenDay",78,6,8,2025-03-08 04:30:41,Photo
https://www.facebook.com/thmilk/videos/630221723047578/,"Hoàn toàn từ sữa tươi trang trại, sạch, theo chuẩn của Trang trại TH, trang trại bò sữa tập trung ứng dụng công nghệ cao lớn nhất thế giới (*), Sữa Tươi Tiệt Trùng TH true MILK giữ vẹn nguyên dưỡng chất và tinh tuý từ thiên nhiên, tốt cho sức khoẻ cả gia đình.

☀️ Từ 01/03 - 30/04/2025, nhận ngay 1 sản phẩm cùng loại khi mua 12 sản phẩm Sữa Tươi Tiệt Trùng TH true MILK. Danh sách các sản phẩm áp dụng:
• Sữa Tươi Tiệt Trùng Nguyên Chất TH true MILK (110 ml, 180 ml, 220 ml)
• Sữa Tươi Tiệt Trùng Ít Đường TH true MILK (110 ml, 180 ml, 220 ml)
• Sữa Tươi Tiệt Trùng Có Đường TH true MILK (110 ml, 180ml, 220 ml)
• Sữa Tươi Tiệt Trùng Hương Dâu Tự Nhiên TH true MILK (110 ml, 180 ml)
• Sữa Tươi Tiệt Trùng Sô Cô La Nguyên Chất TH true MILK (110 ml, 180 ml)
Mua ngay tại:
► Hệ thống cửa hàng TH true mart: https://www.thmilk.vn/he-thong-cua-hang/
► Website: thtruemart.vn
► Ứng dụng: TH eLIFE
► ShopeeFood: https://bit.ly/THtruemart-ShopeeFood
► Grabmart: http://bit.ly/THtruemart-GrabMart
► Shopee: https://shopee.vn/th_truemart_officialstore 
► Lazada: https://www.lazada.vn/shop/th-true-mart
► TikTok Shop: https://bit.ly/THtruemart-TikTokShop
(*): Cụm trang trại bò sữa tập trung ứng dụng công nghệ cao với quy trình sản xuất khép kín quy mô lớn nhất Thế Giới được xác lập bới World Records Union (2020)",3261,98,30,2025-03-04 10:21:48,Video
https://www.facebook.com/thmilk/posts/pfbid0WEw5sQ6GsLs6TaQJvfvry2XJYNKZ4MjptHMq4BL7dB19prycj559baTtCsK2ENYVl,"☀️ Từ 01/03 - 30/04/2025, nhận ngay 1 sản phẩm cùng loại khi mua 12 sản phẩm Sữa Tươi Tiệt Trùng TH true MILK. Danh sách các sản phẩm áp dụng:
• Sữa Tươi Tiệt Trùng Nguyên Chất TH true MILK (110 ml, 180 ml, 220 ml)
• Sữa Tươi Tiệt Trùng Ít Đường TH true MILK (110 ml, 180 ml, 220 ml)
• Sữa Tươi Tiệt Trùng Có Đường TH true MILK (110 ml, 180ml, 220 ml)
• Sữa Tươi Tiệt Trùng Hương Dâu Tự Nhiên TH true MILK (110 ml, 180 ml)
• Sữa Tươi Tiệt Trùng Sô Cô La Nguyên Chất TH true MILK (110 ml, 180 ml)
Sữa Tươi Tiệt Trùng Nguyên Chất TH true MILK được làm hoàn toàn từ sữa tươi trang trại, sạch, nguyên chất theo chuẩn của Trang trại TH. Đến ngay hệ thống cửa hàng, siêu thị, hệ thống cửa hàng TH true mart hoặc các sàn thương mại điện tử trên toàn quốc để tận hưởng ưu đãi hấp dẫn từ TH true MILK!
► Danh sách cửa hàng TH true mart: https://www.thmilk.vn/he-thong-cua-hang/
► Website: https://www.thmilk.vn/san-pham/
► Shopee: https://shopee.vn/th_truemart_officialstore
► Lazada: https://www.lazada.vn/shop/th-true-mart
► Grabmart: http://bit.ly/THtruemart-GrabMart
► ShopeeFood: https://bit.ly/THtruemart-ShopeeFood",1973,143,23,2025-02-19 23:07:20,Photo
https://www.facebook.com/thmilk/posts/pfbid0QeMucJfBbLwy7ufkMneySUcVVg9h2rfc5iitJFnjNCXFkfjr193tmd3N1fFhLCoRl," THU GOM VỎ HỘP, LAN TỎA SỐNG XANH 2025 
Tiếp nối thành công từ các năm trước, chương trình “Thu Gom Vỏ Hộp, Lan Tỏa Sống Xanh 2025” chính thức được triển khai với mục tiêu khuyến khích lối sống xanh bền vững và bảo vệ môi trường. Được tổ chức bởi TH cùng đối tác Tetra Pak, chương trình nhằm thu gom và tái chế vỏ hộp sữa đã qua sử dụng, đóng góp vào việc giảm thiểu rác thải và bảo vệ thiên nhiên.
Để tham gia chương trình, bạn chỉ cần thu gom những vỏ hộp sữa đã qua sử dụng tại gia đình, làm sạch và gấp gọn lại, rồi mang tới các điểm thu gom tại các cửa hàng TH true mart gần nhất. Với mỗi vỏ hộp thu gom, bạn đã cùng TH ""nối tiếp vòng đời"" vỏ hộp sữa thành những sản phẩm ý nghĩa.
Thông tin chi tiết chương trình: 
☘ Thời gian thu gom: 8:00 - 17:30 mỗi ngày, từ 01/03/2025 đến hết 31/12/2025
☘ Địa điểm: 30 cửa hàng tại Hà Nội, TP. Hồ Chí Minh, và Nghệ An
☘ Để biết thêm thông tin chi tiết, vui lòng xem tại: https://thugomvohop.thmilk.vn
Hãy cùng TH tham gia chương trình ngay hôm nay, chung tay bảo vệ môi trường và nhận những phần quà ý nghĩa từ TH! 
**Số lượng quà tặng có hạn, chương trình đổi quà kết thúc khi hết quà tặng",348,191,237,2025-02-07 11:52:53,Photo
https://www.facebook.com/thmilk/posts/pfbid0V1qZ6hQ6LdKxMWpbTDQVQTTetbw4tFbfKWxxc9qbXtwBhHddv2CEoXweVa9MCMZdl,"Sau gần 1 năm phát động chương trình Thu gom vỏ hộp - Lan tỏa sống xanh 2024, TH đã ghi nhận hơn 13.400 lượt tham gia với 4,2 tấn vỏ hộp sữa, đóng góp 300.000.000 đ cho ""Dự án giám sát bảo tồn rạn san hô tại Vườn Quốc gia Cát Bà"" trong năm 2024.​

Cảm ơn các bạn đã đồng hành cùng chương trình ""Thu gom vỏ hộp - Lan tỏa sống xanh 2024"" trong thời gian vừa qua. Mỗi một sự thay đổi nhỏ ở hiện tại góp phần hình thành nên những điều lớn lao trong tương lai.​

Chương trình sẽ quay trở lại trong năm 2025 và hứa hẹn sẽ lan tỏa hơn nữa nhiều giá trị tốt đẹp đến cộng đồng. Cùng chờ đợi những thông tin cập nhật mới nhất về chương trình trên fanpage của TH true MILK.",134,41,3,2025-01-26 00:38:26,unknown
https://www.facebook.com/thmilk/posts/pfbid02h1ca3SGyiH5Tnjy4DLp7UXLjtqDAJaStAsuTPJvjTLEyRjgyrUpcHeTz25mh4ow1l," CHÚC MỪNG NĂM MỚI ẤT TỴ 2025 
TH xin gửi lời cảm ơn chân thành nhất đến quý khách hàng, đối tác đã đồng hành cùng chúng tôi trong thời gian vừa qua.
Năm mới kính chúc các bạn an khang thịnh vượng, vạn sự như ý, sức khỏe dồi dào và niềm vui trọn vẹn!",109,20,2,2025-01-13 13:23:59,Photo
https://www.facebook.com/thmilk/videos/570151142529048/,TH true MILK chúc bạn và gia đình một năm mới luôn bình an và hạnh phúc.,104,16,6,2025-01-01 02:09:32,Video
https://www.facebook.com/thmilk/videos/585150564152648/,"Bé thêm đề kháng khỏe cùng sản phẩm dinh dưỡng từ sữa tươi TH true FORMULA. Được làm hoàn toàn từ sữa tươi trang trại sạch, nguyên chất theo chuẩn của trang trại TH, kết hợp với bộ công thức Care Advance, TH true FORMULA hỗ trợ bé:
- Phát triển não bộ cùng bộ dưỡng chất MFGM, DHA, ARA
- Tăng cường sức đề kháng với HMO (2’-FL), Nucleotid, Vitamin và khoáng chất
- Tiêu hóa hấp thu khỏe cùng bộ đôi Probiotic và Prebiotic.
Ghé thăm hệ thống cửa hàng TH true mart toàn quốc, và gian hàng TH true mart trên kênh thương mại điện tử mua ngay:
►Danh sách cửa hàng: https://www.thmilk.vn/he-thong-cua-hang/
► Website hệ thống TH true mart: thtruemart.vn
► Ứng dụng: TH eLIFE
► ShopeeFood: https://bit.ly/THtruemart-ShopeeFood
► Grabmart: http://bit.ly/THtruemart-GrabMart
► Shopee: https://shopee.vn/th_truemart_officialstore
► Lazada: https://www.lazada.vn/shop/th-true-mart",127,36,2,2024-12-28 00:22:12,Video
https://www.facebook.com/thmilk/posts/pfbid02Gy11dNJzRsFBLr24enJBfVHTUU2AQzJSUvyNsStfDj7uaL5ZUhaLeWVCFVTpoCGNl," Lộ diện những khách hàng tiếp theo đã trúng thưởng từ chương trình ""Chào mùa tựu trường cùng bé với hơn 50.000 giải thưởng may mắn""
 Chương trình vẫn đang diễn ra từ nay đến hết 30/11/2024. Tham gia ngay tại webiste https://khuyenmaiformula.thmilk.vn để có cơ hội trúng hàng chục ngàn quà tặng hấp dẫn: 
 Ipad Pro 11 inch M4 256GB
 Máy lọc không khí Dyson Purifier Cool Gen1 TP10
 Giải thẻ nạp điện thoại mệnh giá 20.000 đồng
 Giải thẻ nạp điện thoại mệnh giá 10.000 đồng
Đặt hàng ngay tại: https://khuyenmaiformula.thmilk.vn/",155,11,2,2024-12-26 05:04:47,unknown
https://www.facebook.com/thmilk/videos/469183422881222/,"[MỚI] Thức uống Sữa Lúa mạch TH true CHOCOMALT MISTORI nay có thêm Thạch dừa giòn ngon.

Sản phẩm sử dụng sữa từ sữa tươi trang trại, sạch, nguyên chất theo chuẩn của trang trại TH kết hợp chiết xuất lúa mạch và cacao tự nhiên, bổ sung thạch dừa giòn ngon tạo trải nghiệm nhai thú vị, cuốn hút khi thưởng thức.

Sản phẩm bổ sung các vitamin và khoáng chất tốt cho sức khoẻ:
– B6, B12, Acid Folic giúp tăng cường trao đổi chất và chuyển hoá năng lượng
– Calci hỗ trợ phát triển hệ xương chắc khoẻ

Ghé thăm hệ thống cửa hàng TH true mart toàn quốc, và gian hàng TH true mart trên kênh thương mại điện tử mua ngay:
►Danh sách cửa hàng: https://www.thmilk.vn/he-thong-cua-hang/
► Website hệ thống TH true mart: thtruemart.vn
► Ứng dụng: TH eLIFE
► ShopeeFood: https://bit.ly/THtruemart-ShopeeFood
► Grabmart: http://bit.ly/THtruemart-GrabMart
► Shopee: https://shopee.vn/th_truemart_officialstore
► Lazada: https://www.lazada.vn/shop/th-true-mart",462,286,8,2024-12-24 09:47:23,Video
https://www.facebook.com/thmilk/videos/9066591413401118/,"[MỚI] Thức uống Sữa Lúa mạch TH true CHOCOMALT MISTORI nay có thêm bữa nhẹ năng động với yến mạch dạng hạt.

Sản phẩm sử dụng sữa từ sữa tươi trang trại, sạch, nguyên chất theo chuẩn của trang trại TH kết hợp chiết xuất lúa mạch và cacao tự nhiên, bổ sung yến mạch dạng hạt tạo trải nghiệm nhai thú vị, cuốn hút khi thưởng thức.

Sản phẩm bổ sung các vitamin và khoáng chất tốt cho sức khoẻ:
– B6, B12, Acid Folic giúp tăng cường trao đổi chất và chuyển hoá năng lượng
– Calci hỗ trợ phát triển hệ xương chắc khoẻ

Ghé thăm hệ thống cửa hàng TH true mart toàn quốc, và gian hàng TH true mart trên kênh thương mại điện tử mua ngay:
►Danh sách cửa hàng: https://www.thmilk.vn/he-thong-cua-hang/
► Website hệ thống TH true mart: thtruemart.vn
► Ứng dụng: TH eLIFE
► ShopeeFood: https://bit.ly/THtruemart-ShopeeFood
► Grabmart: http://bit.ly/THtruemart-GrabMart
► Shopee: https://shopee.vn/th_truemart_officialstore
► Lazada: https://www.lazada.vn/shop/th-true-mart",2051,944,114,2024-12-24 09:46:17,Video
https://www.facebook.com/reel/1111704023946945/,"Sữa chua uống Full TOPPING Nha đam - TH true YOGURT TOPPING hoàn toàn mới.

Sữa chua uống tiệt trùng TH true YOGURT TOPPING được lên men tự nhiên từ sữa tươi trang trại, sạch, nguyên chất theo chuẩn của trang trại TH kết hợp cùng miếng nha đam mát lành mang đến trải nghiệm nhai thú vị, cuốn hút.
Thành phần hoàn toàn tự nhiên. Không chất bảo quản. Không hương liệu tổng hợp. Gồm 03 hương vị hoàn toàn mới: Nha Đam Tự Nhiên, Hương Dứa Tự Nhiên, Hương Me Tự Nhiên

 Ghé thăm hệ thống cửa hàng TH true mart toàn quốc, và gian hàng TH true mart trên kênh thương mại điện tử mua ngay:
►Danh sách cửa hàng: https://www.thmilk.vn/he-thong-cua-hang/
► Website hệ thống TH true mart: thtruemart.vn
► Ứng dụng: TH eLIFE
► ShopeeFood: https://bit.ly/THtruemart-ShopeeFood
► Grabmart: http://bit.ly/THtruemart-GrabMart
► Shopee: https://shopee.vn/th_truemart_officialstore
► Lazada: https://www.lazada.vn/shop/th-true-mart",6036,116,62,2024-12-11 13:38:41,Video
https://www.facebook.com/thmilk/posts/pfbid02V6eB3A4uv6T4MJB9zhmSdRVuvnbxbRCdqF8gUHB7LXfEbga4dd71XfxYEz3dhzzHl,"[MỚI]✨ Thức uống Sữa Lúa mạch TH true CHOCOMALT MISTORI nay có thêm Thạch dừa giòn ngon và Bữa nhẹ năng động với yến mạch dạng hạt.

 Sản phẩm sử dụng sữa từ sữa tươi trang trại, sạch, nguyên chất theo chuẩn của trang trại TH kết hợp chiết xuất lúa mạch và cacao tự nhiên, bổ sung thạch dừa giòn ngon/yến mạch dạng hạt tạo trải nghiệm nhai thú vị, cuốn hút khi thưởng thức.

 Sản phẩm bổ sung các vitamin và khoáng chất tốt cho sức khoẻ:
– B6, B12, Acid Folic giúp tăng cường trao đổi chất và chuyển hoá năng lượng
– Calci hỗ trợ phát triển hệ xương chắc khoẻ

Ghé thăm hệ thống cửa hàng TH true mart toàn quốc, và gian hàng TH true mart trên kênh thương mại điện tử mua ngay:
►Danh sách cửa hàng: https://www.thmilk.vn/he-thong-cua-hang/
► Website hệ thống TH true mart: thtruemart.vn
► Ứng dụng: TH eLIFE
► ShopeeFood: https://bit.ly/THtruemart-ShopeeFood
► Grabmart: http://bit.ly/THtruemart-GrabMart
► Shopee: https://shopee.vn/th_truemart_officialstore
► Lazada: https://www.lazada.vn/shop/th-true-mart",226,50,14,2024-12-04 18:13:20,Photo
https://www.facebook.com/thmilk/posts/pfbid02e7sHVNeFaDyErqjX5bSGQyBoJUUHrrb4vBqnfnmabprDYMHSiWahLMMKmRM3D4EZl," Lộ diện những khách hàng tiếp theo đã trúng thưởng từ chương trình ""Chào mùa tựu trường cùng bé với hơn 50.000 giải thưởng may mắn""

 Chương trình vẫn đang diễn ra từ nay đến hết 30/11/2024. Tham gia ngay tại webiste https://khuyenmaiformula.thmilk.vn để có cơ hội trúng hàng chục ngàn quà tặng hấp dẫn: 

 Ipad Pro 11 inch M4 256GB
 Máy lọc không khí Dyson Purifier Cool Gen1 TP10
 Giải thẻ nạp điện thoại mệnh giá 20.000 đồng
 Giải thẻ nạp điện thoại mệnh giá 10.000 đồng

Đặt hàng ngay tại: https://khuyenmaiformula.thmilk.vn/",194,89,7,2024-11-27 22:48:00,unknown
https://www.facebook.com/thmilk/posts/pfbid02jSH2Xi1oHrHQWobCff5fi43JaeUs8m7c6Tv4oqjvyHs3jkjWThqpm987gJkN5xVul,"TH và Tetra Pak hân hạnh đồng hành cùng Alumni Green Business Showcase 2024, triển lãm hàng năm do RMIT Vietnam Alumni tổ chức, nhằm tôn vinh các sáng kiến trong ngành công nghiệp phát triển bền vững!

Điểm độc đáo của triển lãm năm nay là các gian hàng được thiết kế theo concept GREEN và REUSED - Thiết kế tuần hoàn. Các gian hàng có thể dễ dàng lắp ráp và tháo dỡ theo các cấu hình khác nhau, đồng thời có thể tái sử dụng cho các sự kiện trong tương lai.
Đăng ký tham quan tại link này https://alumninetwork.rmit.edu.vn/green-business-showcase/
#RMITVietnamAlumni #SachSanhSanh #GreenBusinessShowcase2024 #Sustainability #ESG #AlumniShowcase2024",186,28,1,2024-11-21 03:22:39,unknown
https://www.facebook.com/thmilk/posts/pfbid022tYdnDuswPSbxPAhGCd7E46QtxxTgUby7bUuM9eSiiLak2vDksN45ck5jHzKuoA3l," Đã có kết quả minigame Săn balo sành điệu cùng TH true YOGURT TOPPING

TH xin chúc mừng 3 khách hàng may mắn nhất có tên dưới đây, đã nhận được 01 Balo TH true YOGURT cực cool.
- Trần Tiến Mải: https://web.facebook.com/maitrimun137 
- Xuân Quỳnh Vũ: https://web.facebook.com/xuanquynh.vu.3 
- Thom Duong: https://web.facebook.com/duongthihongthom 

 Các bạn có tên hãy nhanh chóng inbox Fanpage thông tin cá nhân (Họ tên, Số điện thoại, Địa chỉ) trước ngày 18/11 để nhận được phần quà nhé. Lưu ý ghi rõ: khách hàng trúng thưởng minigame TH TOPPING",163,32,4,2024-11-14 07:57:19,Photo
https://www.facebook.com/thmilk/posts/pfbid0BC4831SNZ2j1APcufq7w1avMBn5bQbBYMigNwStGxpabzNbgcumM364U9aoNhCQWl," Chúc mừng các khách hàng đã trúng thưởng từ chương trình ""Chào mùa tựu trường cùng bé với hơn 50.000 giải thưởng may mắn""
 Chương trình vẫn đang diễn ra từ nay đến hết 30/11/2024. Tham gia ngay tại webiste https://khuyenmaiformula.thmilk.vn để có cơ hội trúng hàng chục ngàn quà tặng hấp dẫn: 

 Ipad Pro 11 inch M4 256GB
 Máy lọc không khí Dyson Purifier Cool Gen1 TP10
 Giải thẻ nạp điện thoại mệnh giá 20.000 đồng
 Giải thẻ nạp điện thoại mệnh giá 10.000 đồng

Đặt hàng ngay tại: https://khuyenmaiformula.thmilk.vn/",148,35,6,2024-11-07 12:31:59,unknown
https://www.facebook.com/thmilk/posts/pfbid02Lmw53N94XDz3WcUNL9nPS2bj17CVmhKdRbCG74fZpqyhc542XXrSn3mobErk12bql," Minigame săn Balo cực cool cùng Sữa Chua Uống Tiệt Trùng TH true YOGURT TOPPING

Cơ hội sở hữu balo TH true YOGURT cực chất đang ở ngay trước mắt nhưng đâu mới là con đường chính xác để đưa bạn tới phần quà này? Cùng TH true YOGURT TOPPING tìm ra đáp án đúng nhé!
Minigame diễn ra từ ngày 3/11/2024 đến hết ngày 10/11/2024. Tham gia ngay để có cơ hội nhận 01 Balo cool ngầu từ Sữa chua uống tiệt trùng TH true YOGURT TOPPING.

 Thể lệ trò chơi:
Bước 1: Like và Share bài viết ở chế độ công khai 
Bước 2: Comment đáp án chính xác nhất và tag 2 người khác cùng tham gia

 Giải thưởng: 3 balo TH true YOGURT dành cho 3 bạn may mắn nhất
Lưu ý:
- Kết quả sẽ được công bố trên fanpage vào ngày 14/11/2024
- BTC sẽ không nhận kết quả của các bình luận/ comment đã được chỉnh sửa/ edited.
- Trong trường hợp có tranh chấp xảy ra, quyết định cuối cùng thuộc về BTC.",1588,4356,2129,2024-10-31 17:06:38,Photo
https://www.facebook.com/thmilk/posts/pfbid0ZEMmmEcP7ozZkg9csrDRobmhnAs3M1bXBZ3qiKPRbWmH2DvnLUmM2pJFLa48ZPD3l,"Tính đến nay, 3 tấn vỏ hộp sữa tương đương với 300 triệu đồng đóng góp cho ""Dự án giám sát bảo tồn rạn san hô tại Vườn Quốc gia Cát Bà"" mà chương trình ""Thu gom vỏ hộp - Lan toả sống xanh 2024"" ghi nhận được sau hơn 9 tháng phát động. 

Chương trình tặng 01 cuốn sổ tay tái chế cho mỗi lần đổi 10 vỏ hộp sữa bất kỳ tại danh sách 20 cửa hàng TH true mart vẫn đang diễn ra đến hết ngày 31/12/2024. Tham gia ngay để nhận những phần quà xinh xắn nhé. 
 
Hành động nhỏ, ý nghĩa lớn – mỗi một vỏ hộp được thu gom là thêm một bước hướng tới môi trường sống trong lành hơn. Hãy cùng nhau lan tỏa lối sống xanh này vì một cộng đồng bền vững! 
 
 Thời gian thu gom: 8:00 - 17:30 mỗi ngày, từ ngày 01/02 đến hết 31/12/2024 
 Địa điểm: 20 cửa hàng TH true mart tại Hà Nội và TP. Hồ Chí Minh (chi tiết xem tại https://bit.ly/TH-stores-list-2024) 
 Để biết thêm thông tin chi tiết về chương trình, vui lòng xem tại: https://thugomvohop.thmilk.vn/",211,67,15,2024-10-24 21:41:18,Photo
https://www.facebook.com/thmilk/posts/pfbid0zVrDcqQ6uic1n7ve6ph9RgAZfc5BcHE1soaKGw7khs5wXrGxdPRgjBYjikWva2DLl," Chúc mừng các khách hàng đã trúng thưởng từ chương trình ""Chào mùa tựu trường cùng bé với hơn 50.000 giải thưởng may mắn""

 Chương trình vẫn đang diễn ra từ nay đến hết 30/11/2024. Tham gia ngay tại webiste https://khuyenmaiformula.thmilk.vn để có cơ hội trúng hàng chục ngàn quà tặng hấp dẫn: 

 Ipad Pro 11 inch M4 256GB
 Máy lọc không khí Dyson Purifier Cool Gen1 TP10
 Giải thẻ nạp điện thoại mệnh giá 20.000 đồng
 Giải thẻ nạp điện thoại mệnh giá 10.000 đồng

Đặt hàng ngay tại: https://khuyenmaiformula.thmilk.vn/",187,41,13,2024-10-18 02:15:57,Photo
https://www.facebook.com/thmilk/posts/pfbid02xMnXHP7xrMKvLPYQ2mdfYLpMSAopqRQrmJiTMoSfhC4AELLprSsNJ9Y4k5bkuw4Tl,"[HOÀN TOÀN MỚI] Sữa chua uống tiệt trùng TH true YOGURT TOPPING được lên men tự nhiên từ sữa tươi trang trại, sạch, nguyên chất theo chuẩn của trang trại TH kết hợp cùng miếng nha đam mát lành mang đến trải nghiệm nhai thú vị, cuốn hút.
✨ Thành phần hoàn toàn tự nhiên. Không chất bảo quản. Không hương liệu tổng hợp.
 Gồm 03 hương vị hoàn toàn mới: Nha Đam Tự Nhiên, Hương Dứa Tự Nhiên, Hương Me Tự Nhiên

 Ghé thăm hệ thống cửa hàng TH true mart toàn quốc, và gian hàng TH true mart trên kênh thương mại điện tử mua ngay: 
►Danh sách cửa hàng: https://www.thmilk.vn/he-thong-cua-hang/
► Website hệ thống TH true mart: thtruemart.vn
► Ứng dụng: TH eLIFE
► ShopeeFood: https://bit.ly/THtruemart-ShopeeFood
► Grabmart: http://bit.ly/THtruemart-GrabMart
► Shopee: https://shopee.vn/th_truemart_officialstore
► Lazada: https://www.lazada.vn/shop/th-true-mart",565,85,101,2024-10-11 06:50:37,Photo
https://www.facebook.com/thmilk/videos/8342039562588162/,"[MỚI] Thức uống Sữa trái cây TH true JUICE milk MISTORI được làm hoàn toàn từ sữa tươi trang trại, sạch, nguyên chất theo chuẩn của trang trại TH kết hợp với nước ép trái cây tự nhiên mang đến hương vị thơm ngon, hấp dẫn đồng thời cung cấp nguồn năng lượng hoàn toàn từ thiên nhiên cho trẻ.
Sản phẩm bổ sung các vitamin và khoáng chất tốt cho sức khoẻ:
– B6, B12, acid folic giúp tăng cường trao đổi chất và chuyển hoá năng lượng
– Calci hỗ trợ phát triển hệ xương chắc khoẻ
Ghé thăm hệ thống cửa hàng TH true mart toàn quốc, và gian hàng TH true mart trên kênh thương mại điện tử mua ngay: 
►Danh sách cửa hàng: https://www.thmilk.vn/he-thong-cua-hang/
► Website hệ thống TH true mart: thtruemart.vn
► Ứng dụng: TH eLIFE
► ShopeeFood: https://bit.ly/THtruemart-ShopeeFood
► Grabmart: http://bit.ly/THtruemart-GrabMart
► Shopee: https://shopee.vn/th_truemart_officialstore
► Lazada: https://www.lazada.vn/shop/th-true-mart",241,84,22,2024-10-04 11:25:17,Video
https://www.facebook.com/thmilk/posts/pfbid02Qvjx8FL7aYPFdXEH9ewo82uVHvToXGuGhujQmZVcLJwwPtYsrqQgNDKbvsyKi7Ktl,"TH true FORMULA ĐỒNG HÀNH CÙNG SỰ KIỆN FESTIVAL MẸ VÀ BÉ LỚN NHẤT NĂM 2024 TẠI KIDSPLAZA

Nhãn hàng TH true FORMULA tiếp tục đồng hành cùng Kidsplaza trong chuỗi sự kiện Festival Mẹ và Bé năm 2024.
Bật mí những hoạt động thú vị và ý nghĩa tại sự kiện lần này:
⚡ 16.000 phần quà checkin miễn phí 
⚡ 1.100 mẹ bầu đồng diễn Yoga nhận quà trị giá 2 triệu
⚡ 1.300 mẹ bầu tham gia Hội thảo tiền sản nhận quà trị giá 1,5 triệu
⚡ ĐẶC BIỆT: Kidslympic Iron Kids với  chiến binh nhí tham gia nhận quà tới 1,5 triệu
⚡ 2.000 bé tham gia đường đua Kidslympic bé bò nhận quà tới 1,5 triệu
⚡ 1.000 bé tham gia “Đêm hội cổ tích” nhận quà trị giá 200.000đ
⚡ Mở cửa xuyên suốt hoạt động “Khơi nguồn sáng tạo”
⚡ Deal sốc tới bến - quà xịn ngập tràn tại   lớn nhất năm

Tại Hà Nội:
- Thời gian: 5 - 6/10/2024
- Địa điểm: Cung thể thao Quần Ngựa - 30 Văn Cao, Liễu Giai, Ba Đình
Tại TP Hồ Chí Minh:
- Thời gian: 9 - 10/11/2024
- Địa điểm: Trung tâm VH - TT Quận Gò Vấp - 05 Nguyễn Văn Lượng, P.16, Q. Gò Vấp

 Đừng bỏ lỡ cơ hội tham gia và nhận nhiều quà tặng hấp dẫn. Đăng ký ngay tại: https://bom.so/phMciy",213,53,6,2024-09-30 12:47:20,unknown
https://www.facebook.com/thmilk/posts/pfbid0TNVnUXsk2xLAEGzSHTKdpbR9AwBJjZiJ4nxhsSXX4yBhM4DLDtJYGPTsNK7hvSdGl,"Ghé thăm hệ thống cửa hàng TH true mart toàn quốc và hệ thống đặt hàng online của TH từ nay đến 15/11 để nhận khuyến mại khi mua các sản phẩm Sữa chua ăn và Sữa chua uống TH true YOGURT.

Thông tin chi tiết chương trình xem tại: https://www.thmilk.vn/chuong-trinh-khuyen-mai-cuoi-nam-sua-chua-th-true-yogurt/",290,49,7,2024-09-26 14:09:23,Photo
https://www.facebook.com/thmilk/posts/pfbid02UsY6Y594MFuV89MsVMw4SrxwxDo8N5EB3ebEYCwRYGeV1oBNoa4zaEh7yPrF4Qobl,"[MỚI] Thức uống Sữa trái cây TH true JUICE milk MISTORI được làm hoàn toàn từ sữa tươi trang trại, sạch, nguyên chất theo chuẩn của trang trại TH kết hợp với nước ép trái cây tự nhiên mang đến hương vị thơm ngon, hấp dẫn đồng thời cung cấp nguồn năng lượng hoàn toàn từ thiên nhiên cho trẻ.

Sản phẩm bổ sung các vitamin và khoáng chất tốt cho sức khoẻ:
– B6, B12, acid folic giúp tăng cường trao đổi chất và chuyển hoá năng lượng
– Calci hỗ trợ phát triển hệ xương chắc khoẻ

Ghé thăm hệ thống cửa hàng TH true mart toàn quốc, và gian hàng TH true mart trên kênh thương mại điện tử mua ngay: 
►Danh sách cửa hàng: https://www.thmilk.vn/he-thong-cua-hang/
► Website hệ thống TH true mart: thtruemart.vn
► Ứng dụng: TH eLIFE
► ShopeeFood: https://bit.ly/THtruemart-ShopeeFood
► Grabmart: http://bit.ly/THtruemart-GrabMart
► Shopee: https://shopee.vn/th_truemart_officialstore
► Lazada: https://www.lazada.vn/shop/th-true-mart",7064,401,151,2024-09-22 15:31:26,Photo
https://www.facebook.com/thmilk/posts/pfbid02meALMoAnaAEBP8unhTXSHzWcnXG8o89nGNG7Bu351td2DfZ71UuebvfmnSrfbKETl,"[26-29.09] Hội chợ VIETBABY Hà Nội đang diễn ra vô cùng sôi động với nhiều trải nghiệm hữu ích và khuyến mại hấp dẫn chỉ duy nhất có tại sự kiện: 
- Thời gian: 26.09 - 29.09.2024
- Địa điểm: Trung tâm triển lãm quốc tế ICE, 91 Trần Hưng Đạo, Quận Hoàn Kiếm, Hà Nội.
- Vị trí gian hàng: K7-K8
 Tại đây, ba mẹ có thể cùng bé:
- Trải nghiệm hương vị sản phẩm.
- Nhận hơn 500 phần quà check-in.
- Giải đáp câu hỏi về sản phẩm phù hợp với bé và nhận quà tặng chỉ có tại triển lãm.
Đặc biệt, ngoài TH true FORMULA, Cháo tươi TH true FOOD cũng ""trình làng"" với chương trình ưu đãi hấp dẫn.
 
Ba mẹ hãy sắp xếp thời gian cùng bé đến tham quan tại triển lãm ngay nhé!
--
► Danh sách cửa hàng TH true mart toàn quốc: https://www.thmilk.vn/he-thong-cua-hang/
► Shopee: https://shopee.vn/th_truemart_officialstore
► Lazada: https://www.lazada.vn/shop/th-true-mart
► Grabmart: http://bit.ly/THtruemart-GrabMart
► ShopeeFood: https://bit.ly/THtruemart-ShopeeFood
►  TikTok Shop: https://bit.ly/THtruemart-TikTokShop",250,22,2,2024-09-18 16:53:29,unknown
https://www.facebook.com/thmilk/posts/pfbid0eYDqtZD4CB4GBtPb7ccJmjFtg5AwAwdEVDbodhEevb5PC3SaQZnc9BCsK3DJqigel,"Từ nay đến hết ngày 31/12/2024, mỗi khách hàng khi đem đổi từ 10 vỏ hộp sữa bất kì tại 20 cửa hàng TH true mart trong danh sách, sẽ được tặng 01 cuốn sổ tay tái chế.​

Khi tham gia chương trình ""Thu gom vỏ hộp - Lan tỏa lối sống xanh 2024"" bạn không chỉ góp phần hạn chế lượng rác thải mỗi ngày, mà còn trực tiếp chung tay ủng hộ cho ""Dự án giám sát bảo tồn rạn san hô tại Vườn quốc gia Cát Bà"" với số tiền 100.000 đồng cho mỗi kilogram vỏ hộp sữa giấy thu gom được.​

 Thời gian thu gom: 8:00 - 17:30 mỗi ngày, từ ngày 01/02 đến hết 31/12/2024​
 Địa điểm: 20 cửa hàng TH true mart tại Hà Nội và TP. Hồ Chí Minh (chi tiết xem tại https://bit.ly/TH-stores-list-2024)​
 Để biết thêm thông tin chi tiết về chương trình, vui lòng xem tại: https://thugomvohop.thmilk.vn/",598,144,49,2024-09-14 18:15:33,Photo
https://www.facebook.com/thmilk/posts/pfbid02YzGbusMHvgyuU3JPZxWUdknD2BbW357s9i7rMvLcC226PSS77hWVAnsSL4t5VEb7l,"Tập đoàn TH chung tay hỗ trợ đồng bào khắc phục hậu quả sau bão Yagi

Tính đến 13.9, tổng giá trị hỗ trợ của Tập đoàn TH và các đơn vị dưới sự dẫn dắt của Anh hùng Lao động Thái Hương dành cho người dân các tỉnh phía Bắc chịu thiệt hại do bão Yagi đã lên tới 6 tỷ đồng, gồm tiền mặt và hàng trăm nghìn sản phẩm sữa tươi, đồ uống, nước tinh khiết.

Ngay trong sáng 10.9, Nhà sáng lập Tập đoàn TH – Anh hùng Lao động Thái Hương đã trực tiếp lên đường, có mặt tại Yên Bái trao tặng 1 tỷ đồng và 30.000 sản phẩm, sát cánh cùng chính quyền hỗ trợ người dân nơi đây khắc phục hậu quả của thiên tai.

Cán bộ, nhân viên TH và Bac A Bank cũng phối hợp với các đơn vị như Đoàn Thanh niên của Đài Truyền hình Việt Nam, dưới sự hướng dẫn của các lực lượng công an, quân đội, đi cứu trợ trực tiếp, đưa nguồn nước sạch và hàng hóa thiết yếu, nhu yếu phẩm vào các địa bàn khó khăn nhất của tỉnh Phú Thọ, Yên Bái, Lào Cai, Hà Giang…

Hi vọng rằng, sự hỗ trợ về tinh thần cũng như vật chất của tập đoàn TH lần này, sẽ góp sức phần nào giúp đồng bào vượt qua mất mát và sớm ổn định cuộc sống.",1143,82,128,2024-09-10 19:37:36,unknown
https://www.facebook.com/thmilk/posts/pfbid02NNDTWctczjVDiMrTBE6BtvhKcq9Ts6TPoGZ2fUPehqiAdpvb88xnyoXFF1uBqWFGl," Nhân dịp khai giảng năm học 2024 - 2025, Nhà máy sữa TH phối hợp cùng Quỹ Vì Tầm Vóc Việt trân trọng trao tặng 20 suất quà ý nghĩa đến các em học sinh trường Tiểu học Nghĩa Thành (Nghệ An), động viên tinh thần dành cho những em học sinh hoàn cảnh khó khăn, nỗ lực vươn lên trong học tập. 

Nhân dịp này, chương trình cũng gửi tặng Trường Tiểu học Nghĩa Thành 7 thùng sữa tươi TH và 2 máy lọc nước hiện đại, nhằm góp phần cải thiện điều kiện học tập và sinh hoạt cho thầy cô cũng như các em học sinh.

Hy vọng rằng, những món quà này sẽ tiếp thêm động lực cho thầy cô và các em học sinh hoàn thành xuất sắc các mục tiêu trong năm học tới, cùng hướng đến những thành tích nổi bật hơn nữa trong tương lai.

Nguồn: Hà Trương",177,3,1,2024-09-06 20:59:39,unknown
https://www.facebook.com/thmilk/posts/pfbid02FTJgfru4nsgyMXuGqEaGna2HqKprjoLzPzhXzGcURDan5oEYfkzJvCTsVDLwtmmNl," Hòa chung không khí vui tươi chào đón Tết Độc lập, Tập đoàn TH xin gửi lời chúc đến quý đối tác, khách hàng và toàn thể đội ngũ nhân viên có một kì nghỉ lễ trọn vẹn và ngập tràn niềm vui bên gia đình và những người thân yêu. 

Trân trọng.",229,22,2,2024-09-02 22:21:42,Photo
https://www.facebook.com/thmilk/posts/pfbid02zKFk1xHoRikYTDYiv21tJGaqoCpVptmPmMJ1tZnBSXqVQU4VoRHnp21nuoc3jhTnl,"Mỗi ngày, cửa hàng TH true mart ghi nhận về hàng nghìn vỏ hộp sữa từ khách hàng và con số này đang không ngừng tăng lên. Với mỗi kilogram vỏ hộp sữa giấy thu gom, bạn đã chung tay cùng tập đoàn TH đóng góp 100.000đ* vào “Dự án giám sát bảo tồn rạn san hô tại Vườn Quốc Gia Cát Bà”. 

Chương trình thu gom vỏ hộp vẫn tiếp tục diễn ra đến hết ngày 31/12/2024, tiếp tục chung tay và lan tỏa lối sống xanh đến cộng đồng nhé! 

Thời gian thu gom: 8:00 - 17:30 mỗi ngày, từ ngày 01/02 đến hết 31/12/2024 

Địa điểm: 20 cửa hàng TH true mart tại Hà Nội và TP. Hồ Chí Minh (chi tiết xem tại https://bit.ly/TH-stores-list-2024) 

Để biết thêm thông tin chi tiết về chương trình, vui lòng xem tại: www.thugomvohop.thmilk.vn",271,48,5,2024-08-29 23:43:45,unknown
https://www.facebook.com/thmilk/posts/pfbid02D9Qwv9xGmZyGhRUjwmLKLAqRS4EkrsJrdHmvWsZXQu8fGc8rg4xyv3G4P923h3yel,"[MỚI] Bộ sản phẩm Sữa Yến Mạch TH true OAT
Đem đến nguồn dinh dưỡng từ thực vật, Sữa Yến Mạch TH true OAT là sữa thực vật lành mạnh dành cho cả gia đình. Nay càng thêm thơm ngon với Sữa Yến Mạch Hương Dừa Tự Nhiên và Sữa Yến Mạch Sô Cô La mới!",387,84,19,2024-08-26 01:05:49,unknown
https://www.facebook.com/thmilk/posts/pfbid02JNULdnyxqFsxxiibJmWABKGm186GKxGb2pmPNaGta5MPyjHFEuAGXNdT6Nj6oTAKl,"Nhân ngày lễ Vu Lan, kính chúc mọi người cha, người mẹ luôn mạnh khỏe, bình an và hạnh phúc.",153,10,1,2024-08-22 02:27:52,Photo
https://www.facebook.com/thmilk/posts/pfbid02WSWUQtqKgWUQKc1W3oZuuqKYGpWKaoGcPMpdJENZKwR3cHfwQKjYfSsWkQT9tq8Jl,"[HOÀN TOÀN MỚI] TH true JUICE milk MÃNG CẦU TỰ NHIÊN
 Thưởng thức ngay TH true JUICE milk Mãng cầu tự nhiên để cảm nhận hương vị đầy mới mẻ nhé!",277,31,16,2024-08-18 03:49:55,unknown
https://www.facebook.com/thmilk/posts/pfbid02tnWEiidiogP18AHu6pUrPo3NSoEjjyQB6iXTvaTPZmMpubQEtspPMcWH4696itg6l,"Mùa Vu Lan sum vầy, hãy cùng chăm sóc sức khỏe mẹ cha mỗi ngày với sữa tươi TH GOLD 6 lợi ích. 

Sản phẩm được bổ sung bộ dưỡng chất hỗ trợ cải thiện sức khỏe tổng thể với 6 nhóm lợi ích, đặc biệt: 
- Bổ sung GABA giúp hỗ trợ cải thiện chất lượng giấc ngủ 
- Bổ sung Calci, vitamin D3, K2 và collagen tốt cho xương khớp. 02 hộp TH GOLD mỗi ngày đáp ứng hơn 50% nhu cầu Calci và vitamin D3 (*). 

(*): Theo Bảng Nhu Cầu Dinh Dưỡng Khuyến Nghị cho người Việt Nam (Ban hành kèm theo Thông tư 43/2012/TT-BYT ngày 24/11/2014 của Bộ Trưởng Bộ Y Tế) 

► Danh sách cửa hàng toàn quốc: https://www.thmilk.vn/he-thong-cua-hang/
► Shopee: https://shopee.vn/th_truemart_officialstore
► Lazada: https://www.lazada.vn/shop/th-true-mart
► Tiki: https://tiki.vn/cua-hang/th-true-mart-official-store
► Grabmart: http://bit.ly/THtruemart-GrabMart
► ShopeeFood: https://bit.ly/THtruemart-ShopeeFood",139,11,7,2024-08-14 05:11:58,unknown
https://www.facebook.com/thmilk/posts/pfbid0uZB1C4ronE1TRVMtwTDWreQUuJHmZpcBPgWS8U2XZdwK71jRBKczh2CZ5MLYJG7Zl,"KẾT QUẢ MINIGAME THU GOM VỎ HỘP - LAN TOẢ SỐNG XANH 2024

Xin chúc mừng 3 Khách hàng may mắn đã rinh về combo túi vải Canvas và sổ tay TH thân thiện với môi trường từ minigame chương trình “Thu gom vỏ hộp - Lan tỏa sống xanh” của TH:

1. Hoàng Thanh Huyền: https://www.facebook.com/bemyheart?mibextid=LQQJ4d
2. Hoàng Trang Hường: https://www.facebook.com/share/u8WnsB2H4id8n7kT/?mibextid=LQQJ4d
3. Trần Chuyên: https://www.facebook.com/share/poQxEVV2B8yWN4wN/?mibextid=LQQJ4d

Chương trình thu gom vỏ hộp vẫn tiếp tục diễn ra đến hết ngày 31/12/2024, đừng quên tham gia để cùng TH góp phần bảo vệ môi trường nhé!

Thời gian thu gom: 8:00 - 17:30 mỗi ngày, từ ngày 01/02 đến hết 31/12/2024
Địa điểm: 20 cửa hàng TH true mart tại Hà Nội và TP. Hồ Chí Minh (chi tiết xem tại https://bit.ly/TH-stores-list-2024)
Để biết thêm thông tin chi tiết về chương trình, vui lòng xem tại: www.thugomvohop.thmilk.vn",156,25,0,2024-08-10 06:34:01,Photo
https://www.facebook.com/thmilk/videos/890850039523349/," Mới - Kem Que Hương Vải – Việt Quất Tự nhiên đang chờ bạn khám phá. Còn gì thích thú bằng việc thưởng thức que kem mát lạnh với hương vải ngọt thơm kết hợp vị việt quất chua ngọt tự nhiên.

Được làm hoàn toàn từ sữa tươi trang trại sạch, nguyên chất theo chuẩn của trang trại TH, sản phẩm kem 2 vị trái cây mới với kết cấu mềm mịn, giữ trọn các dưỡng chất có trong sữa tươi, kết hợp với hương vi trái cây tự nhiên mang đến vị ngon thật sự thiên nhiên & thanh mát cùng với trải nghiệm hấp dẫn, mới lạ.  

Ghé ngay hệ thống cửa hàng TH true mart, ứng dụng TH eLIFE hệ thống siêu thị và tạp hóa toàn quốc để thử kem trái cây 2 vị TH mới bạn nhé! 

► Danh sách cửa hàng TH true mart: https://www.thmilk.vn/he-thong-cua-hang/ 
► Website: https://www.thtruemart.vn/san-pham.html?cat=5
► Grabmart: http://bit.ly/THtruemart-GrabMart
► ShopeeFood: https://bit.ly/THtruemart-ShopeeFood",239,19,18,2024-08-06 07:56:05,Video
https://www.facebook.com/thmilk/videos/1528616398071533/,"Mới - Kem Que Hương Vanilla – Xoài Tự nhiên đang chờ bạn khám phá. Mua kem để cảm nhận hương vanilla ngọt ngào tự nhiên hòa quyện cùng hương vị xoài nhiệt đới chua ngọt hài hòa.

Được làm hoàn toàn từ sữa tươi trang trại sạch, nguyên chất theo chuẩn của trang trại TH, sản phẩm kem 2 vị trái cây mới với kết cấu mềm mịn, giữ trọn các dưỡng chất có trong sữa tươi, kết hợp với hương vi trái cây tự nhiên mang đến vị ngon thật sự thiên nhiên & thanh mát cùng với trải nghiệm hấp dẫn, mới lạ.  

Ghé ngay hệ thống cửa hàng TH true mart, ứng dụng TH eLIFE hệ thống siêu thị và tạp hóa toàn quốc để thử kem trái cây 2 vị TH mới bạn nhé! 

► Danh sách cửa hàng TH true mart: https://www.thmilk.vn/he-thong-cua-hang/ 
► Website: https://www.thtruemart.vn/san-pham.html?cat=5
► Grabmart: http://bit.ly/THtruemart-GrabMart
► ShopeeFood: https://bit.ly/THtruemart-ShopeeFood",216,10,31,2024-08-06 07:55:13,Video
https://www.facebook.com/thmilk/videos/853003933406044/,"Chua ngọt, thanh mát, tự nhiên — kem 2 vị trái cây TH mới đang chờ bạn khám phá.
￼
Kem Que Hương Vanilla – Xoài Tự nhiên: Hương vanilla ngọt ngào tự nhiên hòa quyện cùng hương vị xoài nhiệt đới chua ngọt hài hòa.

 Kem Que Hương Vải – Việt Quất Tự nhiên: Hương vải ngọt thơm, thanh mát kết hợp vị việt quất chua ngọt tự nhiên.

Được làm hoàn toàn từ sữa tươi trang trại sạch, nguyên chất theo chuẩn của trang trại TH, sản phẩm kem 2 vị trái cây mới với kết cấu mềm mịn, giữ trọn các dưỡng chất có trong sữa tươi, kết hợp với hương vi trái cây tự nhiên mang đến vị ngon thật sự thiên nhiên & thanh mát cùng với trải nghiệm hấp dẫn, mới lạ.  

Ghé ngay hệ thống cửa hàng TH true mart, ứng dụng TH eLIFE hệ thống siêu thị và tạp hóa toàn quốc để thử kem trái cây 2 vị TH mới bạn nhé! 

► Danh sách cửa hàng TH true mart: https://www.thmilk.vn/he-thong-cua-hang/ 
► Website: https://www.thtruemart.vn/san-pham.html?cat=5
► Grabmart: http://bit.ly/THtruemart-GrabMart
► ShopeeFood: https://bit.ly/THtruemart-ShopeeFood",225,8,13,2024-08-05 09:31:01,Video
https://www.facebook.com/thmilk/posts/pfbid0rh4hwoubjR96ZbGMvFKU47jCbfkmBdS8xMnRoDbPdTUqEgTNx59mNJG7VzPM3EVXl," Chua ngọt, thanh mát, tự nhiên — kem 2 vị trái cây TH mới đang chờ bạn khám phá.
Kem Que Hương Vanilla – Xoài Tự nhiên: Hương vanilla ngọt ngào tự nhiên hòa quyện cùng hương vị xoài nhiệt đới chua ngọt hài hòa.
 Kem Que Hương Vải – Việt Quất Tự nhiên: Hương vải ngọt thơm, thanh mát kết hợp vị việt quất chua ngọt tự nhiên.

Được làm hoàn toàn từ sữa tươi trang trại sạch, nguyên chất theo chuẩn của trang trại TH, sản phẩm kem 2 vị trái cây mới với kết cấu mềm mịn, giữ trọn các dưỡng chất có trong sữa tươi, kết hợp với hương vi trái cây tự nhiên mang đến vị ngon thật sự thiên nhiên & thanh mát cùng với trải nghiệm hấp dẫn, mới lạ.  

 Ghé ngay hệ thống cửa hàng TH true mart, ứng dụng TH eLIFE hệ thống siêu thị và tạp hóa toàn quốc để thử kem trái cây 2 vị TH mới bạn nhé! 

► Danh sách cửa hàng TH true mart: https://www.thmilk.vn/he-thong-cua-hang/ 
► Website: https://www.thtruemart.vn/san-pham.html?cat=5
► Grabmart: http://bit.ly/THtruemart-GrabMart
► ShopeeFood: https://bit.ly/THtruemart-ShopeeFood",5794,599,180,2024-08-03 00:45:57,unknown
https://www.facebook.com/thmilk/posts/pfbid02Me4TkPZceGN1PyvVzG85jMQdi1hsa5tpUakCbhxyk8B6pkBtBMjYWc5bTrXxaqSbl," HOÀN TOÀN MỚI! Trà trái cây tự nhiên TH true TEA. Thưởng thức ngay Trà Đào Tự Nhiên và Trà Vải Tự Nhiên để cảm nhận hương vị thơm ngon, thanh mát và sảng khoái.",340,11,37,2024-07-31 16:00:53,unknown
https://www.facebook.com/thmilk/posts/pfbid0ePNmt95JzbMceRxkBtDFnbK3MuN1npZgfQRwHqwbAkW1ngCuFjmy5fdonn6znMhrl,"NHẮC NHỞ THÂN THIỆN từ TH true YOGURT

❗Cơ hội cuối cùng để tham gia Tích điểm online của Chương trình ""TIẾP NĂNG LƯỢNG TH true YOGURT, TRÚNG HƠN 80.000 QUÀ TẶNG” là ngày 04/08/2024. Hãy nhanh tay tích đủ 48 điểm để rinh về chiếc balo TH true YOGURT cực ngầu cho mùa Back to school này nhé.

Truy cập website https://quatangyogurt.thmilk.vn hoặc scan mã QR trên thẻ để tham gia chương trình.

Đặt hàng ngay tại:
► Grabmart: http://bit.ly/THtruemart-GrabMart
► ShopeeFood: https://bit.ly/THtruemart-ShopeeFood
► Baemin: http://bit.ly/THtruemart-Baemin
► Loship: https://bit.ly/THtruemart-Loship",152,8,3,2024-07-29 07:15:50,Photo
https://www.facebook.com/thmilk/posts/pfbid02DwPfWiLVTEYtPGVRn7BN6qFJ1ZmsVJwSRoGtCYyDVhmFJPm6fP7zusK8Usg6Thk2l,"GIA HẠN CHƯƠNG TRÌNH ""Săn thẻ Sticker, Nhận quà đỉnh chóp"" ​

Để các bạn trẻ có thêm cơ hội nhận được những phần quà hấp dẫn cho mùa hè thêm thú vị, chương trình ""Săn thẻ Sticker, Nhận quà đỉnh chóp"" sẽ tiếp tục diễn ra đến hết ngày 20/08/2024​.

Khi mua 04 hộp (01 lốc) Thức uống Sữa Lúa Mạch TH true CHOCOMALT MISTORI 110 ml và 180 ml sẽ được tặng 01 thẻ sticker. Nhập mã quay thưởng in trên thẻ lên website https://khuyenmaimistori.thmilk.vn để tham gia chương trình Quay thưởng và Tích thẻ đổi quà online với cơ hội trúng hàng chục ngàn quà tặng hấp dẫn:​

 Quà tặng chương trình Quay thưởng:​
30 Giải Nhất: 01 Apple Airpods Max​
30.000 Giải Nhì: 01 Thẻ điện thoại 20.000 Đ ​
60.000 Giải Ba: 01 Thẻ điện thoại 10.000 Đ​
 Quà tặng chương trình Tích thẻ đổi quà online:​
5.000 Giải tích thẻ đổi quà online: 01 Gối MISTORI​
Mỗi mã in trên thẻ tương đương với 01 điểm, 36 điểm đổi 01 Gối MISTORI.​

 Lưu ý: Chương trình kết thúc khi hết quà tặng. 

Quý Khách hàng truy cập website https://khuyenmaimistori.thmilk.vn để cập nhật số lượng quà tặng còn lại.​
Ghé thăm hệ thống siêu thị toàn quốc, hệ thống cửa hàng TH true mart hoặc đặt hàng online ngay:​
► Website: https://www.thtruemart.vn/​
► Danh sách cửa hàng: https://www.thmilk.vn/he-thong-cua-hang/",127,9,6,2024-07-26 22:30:46,Photo
https://www.facebook.com/thmilk/posts/pfbid0pAWCnbQx21pwrsPA3duGUux6hbZ4fdXE4qHjsmwgpPmxV4dzuhfj7jmoZFc929shl," Chúc mừng các khách hàng đã trúng thưởng từ chương trình ""Tiếp năng lượng TH true YOGURT, trúng hơn 80.000 quà tặng""
 Chương trình vẫn đang diễn ra từ nay đến hết 04/08/2024. Tham gia ngay tại webiste https://quatangyogurt.thmilk.vn để có cơ hội trúng hàng chục ngàn quà tặng hấp dẫn: 

Giải thưởng “Quay số may mắn”
Điện thoại Iphone 15 Promax 256GB
Cặp vé xem phim CGV 2D
Giải thẻ nạp điện thoại mệnh giá 10.000 đồng

Giải thưởng “Tích điểm online”(*)
 Balo TH true YOGURT
(*) Chương trình Tích điểm online kết thúc khi hết quà tặng. Quý khách hàng truy cập website quatangyogurt.thmilk.vn để cập nhật số lượng quà tặng còn lại.

Đặt hàng ngay tại:
► Grabmart: http://bit.ly/THtruemart-GrabMart
► ShopeeFood: https://bit.ly/THtruemart-ShopeeFood
► Baemin: http://bit.ly/THtruemart-Baemin
► Loship: https://bit.ly/THtruemart-Loship",86,2,3,2024-07-24 13:45:42,unknown
https://www.facebook.com/thmilk/posts/pfbid0Z3f2FNeU92LcdfLVMkiHvy1AgKNwh2DygJXgFmvaK1iob3kdiYTrHhBVVe4eSKZJl,"MINIGAME THU GOM VỎ HỘP - LAN TOẢ SỐNG XANH 2024

Nhanh tay tham gia minigame của chương trình “Thu gom vỏ hộp - Lan toả sống xanh 2024” để có cơ hội nhận ngay COMBO TÚI VẢI CANVAS & SỔ TAY TH THÂN THIỆN VỚI MÔI TRƯỜNG nhé!

 Cách thức tham gia Minigame:
- Bước 1: Sắp xếp thứ tự các bước xử lý vỏ hộp giấy.
- Bước 2: Comment đáp án theo đúng thứ tự và tag 2 người bạn dưới bài viết này.
- Bước 3: Share bài viết ở chế độ công khai kèm hashtag #THUGOMVOHOP #LANTOASONGXANH2024

 Giải thưởng: 03 bộ quà tặng bao gồm 01 túi vải Canvas TH và 01 sổ tay TH thân thiện với môi trường cho 03 khách hàng may mắn nhất thực hiện đầy đủ các bước minigame nêu trên.

❗️Thể lệ chung: Minigame diễn ra đến hết 23:59 ngày 31/07/2024. Mỗi khách hàng chỉ tham gia một lần với 1 tài khoản Facebook cá nhân duy nhất. Danh sách 03 khách hàng may mắn được dự kiến công bố trên fanpage TH true MILK vào ngày 05/08/2024.",341,354,178,2024-07-22 05:00:39,Photo
https://www.facebook.com/thmilk/posts/pfbid0bu11FSxMXmSrcU1rZtLpqkWqAdmqNF7EpsrX1xtNZBfpskxta1pPP4TCFyF5U5Rfl,"Sưu tầm ngay 01 thẻ Đồng hồ trong các lốc sữa TH true YOGURT TOPKID hoặc TH true JUICE milk TOPKID để đổi ngay Đồng hồ định vị trẻ em myAlo K74 cực ngầu. 

✨Đồng hồ định vị trẻ em myAlo K74 sở hữu kiểu dáng hiện đại với khả năng chống nước theo tiêu chuẩn IP67. Dây đeo mềm, thoáng khí, dễ dàng và thoải mái khi đeo.

✨Ngoài ra, Đồng hồ định vị trẻ em myAlo K74 cũng sở hữu các tính năng vượt trội như một chiếc điện thoại thông minh Android thu nhỏ: Nút liên lạc khẩn cấp SOS, Định vị thông minh GPS và các chức năng khác như nghe nhạc, chơi game, nhắn tin và nghe gọi.

Chương trình hiện đang diễn ra từ nay đến hết ngày 31/07/2024.

Chi tiết chương trình xem tại: https://khuyenmaitopkid.thmilk.vn/ 
Ghé thăm hệ thống siêu thị toàn quốc, hệ thống cửa hàng TH true mart hoặc đặt hàng online ngay: 
► Website: https://www.thtruemart.vn/ 
► Danh sách cửa hàng: https://www.thmilk.vn/he-thong-cua-hang/",113,24,6,2024-07-19 20:15:35,unknown
https://www.facebook.com/thmilk/posts/pfbid02Uwo72jwAiahB4Vn2eiNvhvJdZG5uqvzs3RJ6SxRfQjjsrfVhNs98AbLMCYrL8AWGl,"GIA HẠN CHƯƠNG TRÌNH ""TIẾP NĂNG LƯỢNG TH true YOGURT, TRÚNG HƠN 80.000 QUÀ TẶNG""

Để các bạn trẻ có thêm cơ hội nhận được những phần quà hấp dẫn cho mùa hè thêm thú vị, chương trình ""Tiếp năng lượng TH true YOGURT, trúng hơn 80.000 quà tặng"" sẽ tiếp tục diễn ra đến hết ngày 04/08/2024

Truy cập website https://quatangyogurt.thmilk.vn hoặc scan mã QR trên thẻ để tham gia ngay thôi

Giải thưởng “Quay số may mắn”
 Điện thoại Iphone 15 Promax 256GB
 Cặp vé xem phim CGV 2D
 Giải thẻ nạp điện thoại mệnh giá 10.000 đồng

Giải thưởng “Tích điểm online”(*)
 Balo TH true YOGURT
(*) Chương trình Tích điểm online kết thúc khi hết quà tặng. Quý khách hàng truy cập website quatangyogurt.thmilk.vn để cập nhật số lượng quà tặng còn lại.

Đặt hàng ngay tại:
► Grabmart: http://bit.ly/THtruemart-GrabMart
► ShopeeFood: https://bit.ly/THtruemart-ShopeeFood
► Baemin: http://bit.ly/THtruemart-Baemin
► Loship: https://bit.ly/THtruemart-Loship",84,12,2,2024-07-17 11:30:31,Photo
https://www.facebook.com/thmilk/videos/2434792593398419/," [HOÀN TOÀN MỚI] Sữa Chua Cốm Nếp Giòn Tự Nhiên và Sữa Chua Ngũ Cốc Ca Cao Tự Nhiên TH true YOGURT chính thức ra mắt!

✨ Nâng cấp trải nghiệm thưởng thức của bạn với 2 sản phẩm Sữa chua Top Cup cao cấp - thế hệ sữa chua mới, hoàn toàn từ thiên nhiên - không chỉ ngon mà còn mới lạ, độc đáo. Sản phẩm được thiết kế sáng tạo gồm hai phần riêng biệt: phần sữa chua lên men tự nhiên từ sữa tươi trang trại, kết hợp với phần “Top Cup” cốm nếp giòn & ngũ cốc ca cao ăn kèm để riêng, giữ nguyên đặc tính giòn rụm & mang lại sự thích thú, mới lạ khi sử dụng sản phẩm.

 Ghé ngay hệ thống cửa hàng TH true mart trên toàn quốc để tận hưởng ưu đãi hấp dẫn từ TH true YOGURT!
► Danh sách cửa hàng TH true mart: https://www.thmilk.vn/he-thong-cua-hang/ 
► Website: https://www.thtruemart.vn/san-pham/s-a-chua-t-nhien-x/s-a-chua-an-t-nhien.html
► Grabmart: http://bit.ly/THtruemart-GrabMart 
► ShopeeFood: https://bit.ly/THtruemart-ShopeeFood",324,82,61,2024-07-15 02:45:28,Video
https://www.facebook.com/thmilk/videos/841573170810586/," [HOÀN TOÀN MỚI] Sữa Chua Cốm Nếp Giòn Tự Nhiên và Sữa Chua Ngũ Cốc Ca Cao Tự Nhiên TH true YOGURT chính thức ra mắt!

✨ Nâng cấp trải nghiệm thưởng thức của bạn với 2 sản phẩm Sữa chua Top Cup cao cấp - thế hệ sữa chua mới, hoàn toàn từ thiên nhiên - không chỉ ngon mà còn mới lạ, độc đáo. Sản phẩm được thiết kế sáng tạo gồm hai phần riêng biệt: phần sữa chua lên men tự nhiên từ sữa tươi trang trại, kết hợp với phần “Top Cup” cốm nếp giòn & ngũ cốc ca cao ăn kèm để riêng, giữ nguyên đặc tính giòn rụm & mang lại sự thích thú, mới lạ khi sử dụng sản phẩm.

 Ghé ngay hệ thống cửa hàng TH true mart trên toàn quốc để tận hưởng ưu đãi hấp dẫn từ TH true YOGURT!
► Danh sách cửa hàng TH true mart: https://www.thmilk.vn/he-thong-cua-hang/ 
► Website: https://www.thtruemart.vn/san-pham/s-a-chua-t-nhien-x/s-a-chua-an-t-nhien.html
► Grabmart: http://bit.ly/THtruemart-GrabMart 
► ShopeeFood: https://bit.ly/THtruemart-ShopeeFood",149,20,21,2024-07-15 02:41:12,Video
https://www.facebook.com/thmilk/posts/pfbid02CEtCnfvgDxkZq25n4735dLSKWhnuzgZra5U8DmZCUVpiWFuDWBkq3THbCKDrcp6Vl,"Sữa Chua Ít Béo TH true YOGURT: Giảm 87% chất béo, sánh mịn thơm ngon, thật sự thiên nhiên

Nối dài hành trình của một chuyên gia dinh dưỡng, tiên phong mang đến những giải pháp sáng tạo, cải tiến, đầu tháng 6 vừa qua, Tập đoàn TH đã bổ sung sản phẩm thứ 14 trong danh mục sữa chua ăn đa dạng của mình. Sữa Chua Ít Béo TH true YOGURT được chú ý khi giảm đến 87% chất béo và trên 44% lượng đường bổ sung (so với sữa chua có đường TH true YOGURT) mà vẫn bảo toàn các dưỡng chất và hương vị tự nhiên.

",100,26,5,2024-07-12 15:15:36,GenericAttachmentMedia
https://www.facebook.com/thmilk/videos/1873702993113723/," [HOÀN TOÀN MỚI] Sữa Chua Cốm Nếp Giòn Tự Nhiên và Sữa Chua Ngũ Cốc Ca Cao Tự Nhiên TH true YOGURT chính thức ra mắt!

✨ Nâng cấp trải nghiệm thưởng thức của bạn với 2 sản phẩm Sữa chua Top Cup cao cấp - thế hệ sữa chua mới, hoàn toàn từ thiên nhiên - không chỉ ngon mà còn mới lạ, độc đáo. Sản phẩm được thiết kế sáng tạo gồm hai phần riêng biệt: phần sữa chua lên men tự nhiên từ sữa tươi trang trại, kết hợp với phần “Top Cup” cốm nếp giòn & ngũ cốc ca cao ăn kèm để riêng, giữ nguyên đặc tính giòn rụm & mang lại sự thích thú, mới lạ khi sử dụng sản phẩm.

 Ghé ngay hệ thống cửa hàng TH true mart trên toàn quốc để tận hưởng ưu đãi hấp dẫn từ TH true YOGURT!
► Danh sách cửa hàng TH true mart: https://www.thmilk.vn/he-thong-cua-hang/ 
► Website: https://www.thtruemart.vn/san-pham/s-a-chua-t-nhien-x/s-a-chua-an-t-nhien.html
► Grabmart: http://bit.ly/THtruemart-GrabMart 
► ShopeeFood: https://bit.ly/THtruemart-ShopeeFood",136,0,32,2024-07-10 03:50:01,Video
https://www.facebook.com/thmilk/posts/pfbid0i4Z77kKPAwsPVgv24Eo48fRX48dVCk8ahRUXH55hutMi18sRXZquXLfLgUMuQZ3el," Chúc mừng các khách hàng đã đổi quà thành công từ chương trình Sưu tầm thẻ hay, Nhận quà liền tay cùng TH TOPKID 
 Chương trình đang diễn ra đến hết ngày 31/07/2024. Mau sưu tầm đủ bộ thẻ Doraemon và tham gia chương trình theo các bước sau để đổi quà ngay: 
 Bước 1: Mua lốc Sữa chua uống tiệt trùng TH true YOGURT TOPKID hoặc Nước uống Sữa trái cây TH true JUICE milk TOPKID dung tích 110 ml hoặc 180 ml 
️ Bước 2: Sưu tầm đủ các thẻ Doraemon hoặc thẻ Đồng hồ định vị trong mỗi lốc sữa để nhận các phần quà sau: 
⭐ 01 thẻ đồng hồ định vị đổi 01 Đồng hồ định vị trẻ em myAlo K74 
⭐ 24 thẻ đổi 01 Ly nước hai lớp Doraemon (Số lượng: 50.000 Ly nước hai lớp Doraemon) 
⭐ 36 thẻ đổi 01 Túi đeo chéo Doraemon (Số lượng: 30.000 Túi đeo chéo Doraemon) 
Lưu ý: Số lượng Ly nước hai lớp Doraemon và Túi đeo chéo Doraemon có hạn và có thể hết trước thời hạn. Nếu một trong hai loại quà tặng hết trước, Khách hàng đổi sang quà tặng còn lại theo đúng thể lệ chương trình. Quý Khách hàng truy cập website khuyenmaitopkid.thmilk.vn để cập nhật số lượng quà tặng còn lại. 
 Bước 3: Đến các cửa hàng TH true mart hoặc điểm bán lẻ bán sản phẩm có tham gia chương trình để đổi quà 
Chi tiết chương trình xem tại: https://khuyenmaitopkid.thmilk.vn/ 
Ghé thăm hệ thống siêu thị toàn quốc, hệ thống cửa hàng TH true mart hoặc đặt hàng online ngay: 
► Website: https://www.thtruemart.vn/ 
► Danh sách cửa hàng: https://www.thmilk.vn/he-thong-cua-hang/",67,6,4,2024-07-08 11:26:15,unknown
https://www.facebook.com/thmilk/posts/pfbid07LiiCZ1G35HSwBJNkPXEpVYyaoxktPBMWCwsza7N4JoZJnbFuhdfJTW7d4tqRT8Yl,"Hơn 1.6 tấn vỏ hộp sữa, tương đương với 160 triệu đồng đóng góp cho ""Dự án giám sát bảo tồn rạn san hô tại Vườn Quốc gia Cát Bà"" là những con số mà chương trình ""Thu gom vỏ hộp - Lan toả sống xanh 2024"" ghi nhận được sau hơn 5 tháng khởi động.

Mỗi một hành động nhỏ của bạn đã góp phần xây dựng nên một môi trường sống tốt đẹp hơn. Cùng TH thu gom vỏ hộp và lan tỏa lối sống xanh tới cộng đồng nhé!

 Thời gian thu gom: 8:00 - 17:30 mỗi ngày, từ ngày 01/02 đến hết 31/12/2024
 Địa điểm: 20 cửa hàng TH true mart tại Hà Nội và TP. Hồ Chí Minh (chi tiết xem tại https://bit.ly/TH-stores-list-2024)
 Để biết thêm thông tin chi tiết về chương trình, vui lòng xem tại: https://thugomvohop.thmilk.vn/",77,8,5,2024-07-06 19:02:29,Photo
https://www.facebook.com/thmilk/posts/pfbid0oLEVb1pZgHb4v1xLqQRhSLfXieZdV35wmvHqD9igVfF3tN8dhP7nmTubF2LbNmkil," [HOÀN TOÀN MỚI] Sữa Chua Cốm Nếp Giòn Tự Nhiên và Sữa Chua Ngũ Cốc Ca Cao Tự Nhiên TH true YOGURT chính thức ra mắt!

✨ Nâng cấp trải nghiệm thưởng thức của bạn với 2 sản phẩm Sữa chua Top Cup cao cấp - thế hệ sữa chua mới, hoàn toàn từ thiên nhiên - không chỉ ngon mà còn mới lạ, độc đáo. Sản phẩm được thiết kế sáng tạo gồm hai phần riêng biệt: phần sữa chua lên men tự nhiên từ sữa tươi trang trại, kết hợp với phần “Top Cup” cốm nếp giòn & ngũ cốc ca cao ăn kèm để riêng, giữ nguyên đặc tính giòn rụm & mang lại sự thích thú, mới lạ khi sử dụng sản phẩm.

 Ghé ngay hệ thống cửa hàng TH true mart trên toàn quốc để tận hưởng ưu đãi hấp dẫn từ TH true YOGURT!
► Danh sách cửa hàng TH true mart: https://www.thmilk.vn/he-thong-cua-hang/ 
► Website: https://www.thtruemart.vn/san-pham/s-a-chua-t-nhien-x/s-a-chua-an-t-nhien.html
► Grabmart: http://bit.ly/THtruemart-GrabMart 
► ShopeeFood: https://bit.ly/THtruemart-ShopeeFood",238,18,48,2024-07-05 02:38:43,unknown
https://www.facebook.com/thmilk/posts/pfbid0kq6Mqfn5sppvGFNVkwWdp6nGT4YvcvMgXDeZ39tfJ4d3HyWxYSjhMJdcbML62Gagl,"✨Sưu tầm 01 thẻ đồng hồ định vị trong các lốc Sữa chua uống tiệt trùng TH true YOGURT TOPKID hoặc Nước uống sữa trái cây TH true JUICE milk TOPKID để đổi ngay Đồng hồ định vị trẻ em myAlo K74 cực ngầu bạn nhé! 

✨Đồng hồ định vị trẻ em myAlo K74 sở hữu tính năng của một chiếc điện thoại thu nhỏ như nghe gọi, gửi tin nhắn thoại, nút khẩn cấp SOS,... giúp bố mẹ liên lạc, theo dõi và bảo vệ trẻ từ xa, đồng thời còn là phương tiện giúp trẻ học tập và giải trí hàng ngày.

Chương trình hiện đang diễn ra từ nay đến hết ngày 31/07/2024.

Chi tiết chương trình xem tại: https://khuyenmaitopkid.thmilk.vn/ 
Ghé thăm hệ thống siêu thị toàn quốc, hệ thống cửa hàng TH true mart hoặc đặt hàng online ngay: 
► Website: https://www.thtruemart.vn/ 
► Danh sách cửa hàng: https://www.thmilk.vn/he-thong-cua-hang/",73,14,3,2024-07-03 10:14:57,Photo
https://www.facebook.com/thmilk/posts/pfbid0QPBRxu7QiDqrAmGoonAsyDN35Jao6GC5DFZW5jeSA5FspEntSh569GVnJL8BPZ75l,"♻️ Bạn đã thu gom bao nhiêu vỏ hộp cùng TH rồi?

Hãy cùng kiểm tra lịch sử thu gom vỏ hộp của bạn trên website ""Thu gom vỏ hộp - Lan tỏa sống xanh 2024"" chỉ với vài thao tác đơn giản:
Bước 1: Truy cập website: https://thugomvohop.thmilk.vn/
Bước 2: Truy cập mục “Tra cứu lịch sử thu gom”
Bước 3: Nhập số điện thoại đã đăng ký tham gia chương trình và nhấn ""Tìm kiếm"" để tra cứu

Sau khi hoàn thành những bước trên, bạn sẽ biết được số lượng vỏ hộp bạn thu gom tương ứng với số tiền đóng góp cho “Dự án giám sát bảo tồn rạn san hô tại Vườn Quốc Gia Cát Bà”.

Hãy tiếp tục tham gia chương trình “Thu gom vỏ hộp - Lan toả sống xanh 2024” để cùng chung tay góp phần bảo vệ môi trường nhé!

 Thời gian thu gom: 8:00 - 17:30 mỗi ngày, từ ngày 01/02 đến hết 31/12/2024
 Địa điểm: 20 cửa hàng TH true mart tại Hà Nội và TP. Hồ Chí Minh (chi tiết xem tại https://bit.ly/TH-stores-list-2024)
 Để biết thêm thông tin chi tiết về chương trình, vui lòng xem tại: https://thugomvohop.thmilk.vn/",73,11,6,2024-07-01 17:51:11,unknown
https://www.facebook.com/thmilk/posts/pfbid0iXXg73NpKaUWw8hqPUb1SMUAym8ySQxvGTK3ybZfd6zp4PK4ryPiyeGXjCwBCjCRl," Chúc mừng các khách hàng đã đổi quà thành công từ chương trình Sưu tầm thẻ hay, Nhận quà liền tay cùng TH TOPKID 
 Chương trình đang diễn ra đến hết ngày 31/07/2024. Mau sưu tầm đủ bộ thẻ Doraemon và tham gia chương trình theo các bước sau để đổi quà ngay: 
 Bước 1: Mua lốc Sữa chua uống tiệt trùng TH true YOGURT TOPKID hoặc Nước uống Sữa trái cây TH true JUICE milk TOPKID dung tích 110 ml hoặc 180 ml 
️ Bước 2: Sưu tầm đủ các thẻ Doraemon hoặc thẻ Đồng hồ định vị trong mỗi lốc sữa để nhận các phần quà sau: 
⭐ 01 thẻ đồng hồ định vị đổi 01 Đồng hồ định vị trẻ em myAlo K74 
⭐ 24 thẻ đổi 01 Ly nước hai lớp Doraemon (Số lượng: 50.000 Ly nước hai lớp Doraemon) 
⭐ 36 thẻ đổi 01 Túi đeo chéo Doraemon (Số lượng: 30.000 Túi đeo chéo Doraemon) 
Lưu ý: Số lượng Ly nước hai lớp Doraemon và Túi đeo chéo Doraemon có hạn và có thể hết trước thời hạn. Nếu một trong hai loại quà tặng hết trước, Khách hàng đổi sang quà tặng còn lại theo đúng thể lệ chương trình. Quý Khách hàng truy cập website khuyenmaitopkid.thmilk.vn để cập nhật số lượng quà tặng còn lại. 
 Bước 3: Đến các cửa hàng TH true mart hoặc điểm bán lẻ bán sản phẩm có tham gia chương trình để đổi quà 
Chi tiết chương trình xem tại: https://khuyenmaitopkid.thmilk.vn/ 
Ghé thăm hệ thống siêu thị toàn quốc, hệ thống cửa hàng TH true mart hoặc đặt hàng online ngay: 
► Website: https://www.thtruemart.vn/ 
► Danh sách cửa hàng: https://www.thmilk.vn/he-thong-cua-hang/",79,22,2,2024-06-30 01:27:25,unknown
https://www.facebook.com/thmilk/videos/2107805172946847/,"Nhận ngay 1 sản phẩm cùng loại khi mua 8 sản phẩm Sữa Uống Lên Men TH true YOGURT PROBIOTICS bất kỳ từ 01/07 - 15/08/2024

Ghé ngay hệ thống cửa hàng TH true mart trên toàn quốc để tận hưởng ưu đãi hấp dẫn từ TH true YOGURT!

► Danh sách cửa hàng TH true mart: https://www.thmilk.vn/he-thong-cua-hang/ 
► Website: https://www.thtruemart.vn/san-pham/s-a-chua-t-nhien-x/s-a-chua-u-ng-t-nhien/chai-sua-uong-len-men-co-duong-th-true-yogurt-probiotics-85ml.html 
► Grabmart: http://bit.ly/THtruemart-GrabMart 
► ShopeeFood: https://bit.ly/THtruemart-ShopeeFood",61,9,9,2024-06-28 09:03:39,Video
https://www.facebook.com/thmilk/videos/1145461413342078/,"Nhận ngay 1 sản phẩm cùng loại khi mua 8 sản phẩm Sữa Uống Lên Men TH true YOGURT PROBIOTICS bất kỳ từ 01/07 - 15/08/2024

Ghé ngay hệ thống cửa hàng TH true mart trên toàn quốc để tận hưởng ưu đãi hấp dẫn từ TH true YOGURT!

► Danh sách cửa hàng TH true mart: https://www.thmilk.vn/he-thong-cua-hang/ 
► Website: https://www.thtruemart.vn/san-pham/s-a-chua-t-nhien-x/s-a-chua-u-ng-t-nhien/chai-sua-uong-len-men-co-duong-th-true-yogurt-probiotics-85ml.html 
► Grabmart: http://bit.ly/THtruemart-GrabMart 
► ShopeeFood: https://bit.ly/THtruemart-ShopeeFood",53,2,0,2024-06-28 09:02:26,Video
https://www.facebook.com/thmilk/posts/pfbid02RZsbiPab4XNhQgo6mi1oY3Tkagtn44CA81QXkTCmfdhGTPZov2SJw3WoMfcPeitHl,"Nhận ngay 1 sản phẩm cùng loại khi mua 8 sản phẩm Sữa Uống Lên Men TH true YOGURT PROBIOTICS bất kỳ từ 01/07 - 15/08/2024

Ghé ngay hệ thống cửa hàng TH true mart trên toàn quốc để tận hưởng ưu đãi hấp dẫn từ TH true YOGURT!

► Danh sách cửa hàng TH true mart: https://www.thmilk.vn/he-thong-cua-hang/ 
► Website: https://www.thtruemart.vn/san-pham/s-a-chua-t-nhien-x/s-a-chua-u-ng-t-nhien/chai-sua-uong-len-men-co-duong-th-true-yogurt-probiotics-85ml.html 
► Grabmart: http://bit.ly/THtruemart-GrabMart 
► ShopeeFood: https://bit.ly/THtruemart-ShopeeFood",2589,134,26,2024-06-28 08:59:58,Photo
https://www.facebook.com/thmilk/videos/1278044223154932/," Nhận ngay 01 sản phẩm cùng loại khi mua 08 sản phẩm Sữa chua ăn và Sữa chua ăn men sống TH true YOGURT 100 g từ 01/07 đến hết 15/08/2024!

Đến ngay các cửa hàng bán lẻ, siêu thị, cửa hàng TH true mart và kênh thương mại điện tử để tận hưởng khuyến mại cùng Sữa chua TH true YOGURT.

► Danh sách cửa hàng TH true mart: https://www.thmilk.vn/he-thong-cua-hang/ 
► Website: https://www.thtruemart.vn/san-pham/s-a-chua-t-nhien-x/s-a-chua-an-t-nhien.html 
► Grabmart: http://bit.ly/THtruemart-GrabMart 
► ShopeeFood: https://bit.ly/THtruemart-ShopeeFood",48,8,2,2024-06-28 08:57:30,Video
https://www.facebook.com/thmilk/videos/451512727638414/," Nhận ngay 01 sản phẩm cùng loại khi mua 08 sản phẩm Sữa chua ăn và Sữa chua ăn men sống TH true YOGURT 100 g từ 01/07 đến hết 15/08/2024!

Đến ngay các cửa hàng bán lẻ, siêu thị, cửa hàng TH true mart và kênh thương mại điện tử để tận hưởng khuyến mại cùng Sữa chua TH true YOGURT.

► Danh sách cửa hàng TH true mart: https://www.thmilk.vn/he-thong-cua-hang/ 
► Website: https://www.thtruemart.vn/san-pham/s-a-chua-t-nhien-x/s-a-chua-an-t-nhien.html 
► Grabmart: http://bit.ly/THtruemart-GrabMart 
► ShopeeFood: https://bit.ly/THtruemart-ShopeeFood",48,4,4,2024-06-28 08:56:01,Video
https://www.facebook.com/thmilk/posts/pfbid06P8cMPqyVunSe8LXQuEesoqDv7yiK4Hkh4stXduiCSVcPEXR99WCRz8KWuaao6P9l," Nhận ngay 01 sản phẩm cùng loại khi mua 08 sản phẩm Sữa chua ăn và Sữa chua ăn men sống TH true YOGURT 100 g từ 01/07 đến hết 15/08/2024!

Đến ngay các cửa hàng bán lẻ, siêu thị, cửa hàng TH true mart và kênh thương mại điện tử để tận hưởng khuyến mại cùng Sữa chua TH true YOGURT.

► Danh sách cửa hàng TH true mart: https://www.thmilk.vn/he-thong-cua-hang/ 
► Website: https://www.thtruemart.vn/san-pham/s-a-chua-t-nhien-x/s-a-chua-an-t-nhien.html 
► Grabmart: http://bit.ly/THtruemart-GrabMart 
► ShopeeFood: https://bit.ly/THtruemart-ShopeeFood",1073,73,9,2024-06-27 08:44:47,Photo
https://www.facebook.com/thmilk/posts/pfbid0KWKtVzM8ETjYu8LS8y3n9BtMCgEZJ2AUbmDLG5JZMsP5wZQ7au1GB4ba1GAEoEG6l,"SĂN NGAY CƠ HỘI TRÚNG TAI NGHE APPLE AIRPODS MAX​

Từ nay đến 31/07/2024, chỉ cần thực hiện những bước đơn giản sau là bạn đã có cơ hội trúng Tai nghe Apple Airpods Max cùng với hàng ngàn thẻ điện thoại!​

Bước 1: Thu thập thẻ sticker trong mỗi lốc Thức uống Sữa Lúa mạch TH true CHOCOMALT MISTORI 110 ml/180 ml​
Bước 2: Tìm quay thưởng ở góc dưới của thẻ ​
Bước 3: Quét mã QR trên thẻ hoặc truy cập vào trang web khuyenmaimistori.thmilk.vn ​
Bước 4: Điền thông tin để tham gia quay thưởng

Lưu ý: ​
- Chương trình kết thúc khi hết quà tặng. Quý Khách hàng truy cập website https://khuyenmaimistori.thmilk.vn để cập nhật số lượng quà tặng còn lại. ​
- Gối MISTORI có hai kiểu dáng. Một trong hai loại gối sẽ được trao ngẫu nhiên cho Khách hàng.​
Ghé thăm hệ thống siêu thị toàn quốc, hệ thống cửa hàng TH true mart hoặc đặt hàng online ngay: ​
► Website: https://www.thtruemart.vn/ ​
► Danh sách cửa hàng: https://www.thmilk.vn/he-thong-cua-hang/",43,4,2,2024-06-26 08:33:33,unknown
https://www.facebook.com/thmilk/posts/pfbid0wiSHqHuCnLTKg2i3rkKzx1K5m35jy59TfYbvRjBxrMTEcEqrruicuJWzRPtW3Gial,"Sưu tầm ngay 24 thẻ Doraemon trong mỗi lốc sữa TH TOPKID để đổi Ly nước 2 lớp Doraemon vô cùng dễ thương.

 Chương trình đang diễn ra đến hết ngày 31/07/2024. Mau sưu tầm đủ bộ thẻ Doraemon và tham gia chương trình theo các bước sau để đổi quà bạn nhé: 

 Bước 1: Mua lốc Sữa chua uống tiệt trùng TH true YOGURT TOPKID hoặc Nước uống Sữa trái cây TH true JUICE milk TOPKID dung tích 110 ml hoặc 180 ml 
️ Bước 2: Sưu tầm đủ các thẻ Doraemon hoặc thẻ Đồng hồ định vị trong mỗi lốc sữa để nhận các phần quà sau: 
⭐ 01 thẻ đồng hồ định vị đổi 01 Đồng hồ định vị trẻ em myAlo K74 
⭐ 24 thẻ đổi 01 Ly nước hai lớp Doraemon (Số lượng: 50.000 Ly nước hai lớp Doraemon) 
⭐ 36 thẻ đổi 01 Túi đeo chéo Doraemon (Số lượng: 30.000 Túi đeo chéo Doraemon) 

Lưu ý: Số lượng Ly nước hai lớp Doraemon và Túi đeo chéo Doraemon có hạn và có thể hết trước thời hạn. Nếu một trong hai loại quà tặng hết trước, Khách hàng đổi sang quà tặng còn lại theo đúng thể lệ chương trình. Quý Khách hàng truy cập website khuyenmaitopkid.thmilk.vn để cập nhật số lượng quà tặng còn lại. 

 Bước 3: Đến các cửa hàng TH true mart hoặc điểm bán lẻ bán sản phẩm có tham gia chương trình để đổi quà 

Chi tiết chương trình xem tại: https://khuyenmaitopkid.thmilk.vn/ 
Ghé thăm hệ thống siêu thị toàn quốc, hệ thống cửa hàng TH true mart hoặc đặt hàng online ngay: 
► Website: https://www.thtruemart.vn/ 
► Danh sách cửa hàng: https://www.thmilk.vn/he-thong-cua-hang/",58,4,4,2024-06-25 08:22:19,Photo
https://www.facebook.com/thmilk/posts/pfbid0384yvQYHiTCXJ5de9YxM4TZoXhH2rF6qzcvA42WERHCbMc368DZpHJ3taEYvtu5aul," Chúc mừng các khách hàng đã đổi quà thành công từ chương trình Sưu tầm thẻ hay, Nhận quà liền tay cùng TH TOPKID 
 Chương trình đang diễn ra đến hết ngày 31/07/2024. Mau sưu tầm đủ bộ thẻ Doraemon và tham gia chương trình theo các bước sau để đổi quà ngay: 
 Bước 1: Mua lốc Sữa chua uống tiệt trùng TH true YOGURT TOPKID hoặc Nước uống Sữa trái cây TH true JUICE milk TOPKID dung tích 110 ml hoặc 180 ml 
️ Bước 2: Sưu tầm đủ các thẻ Doraemon hoặc thẻ Đồng hồ định vị trong mỗi lốc sữa để nhận các phần quà sau: 
⭐ 01 thẻ đồng hồ định vị đổi 01 Đồng hồ định vị trẻ em myAlo K74 
⭐ 24 thẻ đổi 01 Ly nước hai lớp Doraemon (Số lượng: 50.000 Ly nước hai lớp Doraemon) 
⭐ 36 thẻ đổi 01 Túi đeo chéo Doraemon (Số lượng: 30.000 Túi đeo chéo Doraemon) 
Lưu ý: Số lượng Ly nước hai lớp Doraemon và Túi đeo chéo Doraemon có hạn và có thể hết trước thời hạn. Nếu một trong hai loại quà tặng hết trước, Khách hàng đổi sang quà tặng còn lại theo đúng thể lệ chương trình. Quý Khách hàng truy cập website khuyenmaitopkid.thmilk.vn để cập nhật số lượng quà tặng còn lại. 
 Bước 3: Đến các cửa hàng TH true mart hoặc điểm bán lẻ bán sản phẩm có tham gia chương trình để đổi quà 
Chi tiết chương trình xem tại: https://khuyenmaitopkid.thmilk.vn/ 
Ghé thăm hệ thống siêu thị toàn quốc, hệ thống cửa hàng TH true mart hoặc đặt hàng online ngay: 
► Website: https://www.thtruemart.vn/ 
► Danh sách cửa hàng: https://www.thmilk.vn/he-thong-cua-hang/",65,21,4,2024-06-24 08:11:05,unknown
https://www.facebook.com/thmilk/posts/pfbid02sTBdhEHHXA3cBbcKbaD15GKxzwybxzCMJcWBDcW41FzP6Sje2wjXaba1G8v6QC9vl,"✨ TH xin chúc mừng 05 khách hàng may mắn nhất có tên dưới đây, đã nhận được  01 voucher TH true mart trong minigame Vui Tết thiếu nhi cùng TH TOPKID 

Huỳnh Thu Hằng https://www.facebook.com/profile.php?id=100076718996245 
Bình Rosy https://www.facebook.com/profile.php?id=100081120181687 
Thanh Thúy Đặng https://www.facebook.com/profile.php?id=100079757118417 
Nam Vũ https://www.facebook.com/profile.php?id=100069769342946 
Đoàn Hoàn https://www.facebook.com/daumua222 

 Các bạn có tên hãy nhanh chóng inbox Fanpage thông tin cá nhân (Họ tên, Số điện thoại, Địa chỉ) trước ngày 24/06 để nhận được phần quà nhé. Lưu ý ghi rõ: khách hàng trúng thưởng minigame TH TOPKID.",82,15,5,2024-06-23 07:59:51,Photo
https://www.facebook.com/thmilk/posts/pfbid0bUeTT21WfUTNqaucgjf6Bze4KsQfmJUQ4nAxe6FL7YLPPPRE3esK8byjbrpcKqLKl," Chúc mừng các khách hàng đã trúng thưởng từ chương trình Săn thẻ sticker, Nhận quà đỉnh chóp. 

 Chương trình vẫn đang diễn ra từ nay đến hết 31/07/2024. Sưu tầm thẻ sticker trong mỗi lốc Thức uống Sữa Lúa mạch TH true CHOCOMALT MISTORI. Nhập mã quay thưởng in trên thẻ lên website https://khuyenmaimistori.thmilk.vn để tham gia Chương trình Quay thưởng và Tích thẻ đổi quà online với cơ hội trúng hàng chục ngàn quà tặng hấp dẫn: 

Quà tặng chương trình Quay thưởng: 
 30 Giải Nhất: 01 Apple Airpods Max 
 30.000 Giải Nhì: 01 Thẻ điện thoại 20.000 Đ 
 60.000 Giải Ba: 01 Thẻ điện thoại 10.000 Đ 

Quà tặng chương trình Tích thẻ đổi quà online: 
☀️ 5.000 Giải tích thẻ đổi quà online: 01 Gối MISTORI 
Mỗi mã in trên thẻ tương đương với 01 điểm, 36 điểm đổi 01 Gối MISTORI.

Ghé thăm hệ thống siêu thị toàn quốc, hệ thống cửa hàng TH true mart hoặc đặt hàng online ngay: 
► Website: https://www.thtruemart.vn/ 
► Danh sách cửa hàng: https://www.thmilk.vn/he-thong-cua-hang/",49,0,2,2024-06-22 07:48:37,unknown
https://www.facebook.com/thmilk/posts/pfbid0WXKDHoJU861faPBCF3nRH6P6YGS7uvLkXP319gsZhtgvDVAetq9k2dshedmJAL59l,"Sau hơn 4 tháng diễn ra, chương trình ""Thu gom vỏ hộp - Lan toả sống xanh 2024"" đã thành công thu về 1.4 tấn vỏ hộp sữa, tương đương khoảng 140 triệu đồng vào ""Dự án giám sát bảo tồn rạn san hô tại Vườn Quốc gia Cát Bà"".

Hãy cùng TH tiếp tục thu gom vỏ hộp và lan toả hành động đẹp này tới cộng đồng để cùng chung tay bảo vệ môi trường nhé!

Thời gian thu gom: 8:00 - 17:30 mỗi ngày, từ ngày 01/02 đến hết 31/12/2024
Địa điểm: 20 cửa hàng TH true mart tại Hà Nội và TP. Hồ Chí Minh (chi tiết xem tại https://bit.ly/TH-stores-list-2024)
Để biết thêm thông tin chi tiết về chương trình, vui lòng xem tại: https://thugomvohop.thmilk.vn/",73,6,7,2024-06-21 07:37:23,Photo
https://www.facebook.com/thmilk/videos/348215944975610/,"Tham gia chương trình “Sưu tầm thẻ hay, Nhận quà liền tay” cùng TH TOPKID để nhận ngay những phần quà hấp dẫn! Mua 01 lốc Sữa chua uống tiệt trùng TH true YOGURT TOPKID hoặc Nước uống Sữa trái cây TH true JUICE milk TOPKID 110 ml hoặc 180 ml, bạn sẽ được nhận ngay 01 thẻ Doraemon hoặc thẻ Đồng hồ để nhận các phần quà sau:

⭐ 01 thẻ đồng hồ định vị đổi 01 Đồng hồ định vị trẻ em myAlo K74  

⭐ 24 thẻ đổi 01 Ly nước hai lớp Doraemon (Số lượng: 50.000 Ly nước hai lớp Doraemon)  

⭐ 36 thẻ đổi 01 Túi đeo chéo Doraemon (Số lượng: 30.000 Túi đeo chéo Doraemon)  
 
Lưu ý: 
- Số lượng quà tặng Ly nước hai lớp Doraemon và Túi đeo chéo Doraemon có hạn và có thể hết trước thời hạn. Nếu một trong hai loại quà tặng hết trước, Khách hàng đổi sang quà tặng còn lại theo đúng thể lệ chương trình.
- Quà tặng Ly nước hai lớp và Túi đeo chéo có 02 màu khác nhau và sẽ được trao ngẫu nhiên cho Khách hàng.

Chương trình hiện đang diễn ra từ nay đến hết ngày 31/07/2024.

Chi tiết chương trình xem tại: https://khuyenmaitopkid.thmilk.vn/ 
Ghé thăm hệ thống siêu thị toàn quốc, hệ thống cửa hàng TH true mart hoặc đặt hàng online ngay: 
► Website: https://www.thtruemart.vn/ 
► Danh sách cửa hàng: https://www.thmilk.vn/he-thong-cua-hang/",96,21,21,2024-06-20 07:26:10,Video
https://www.facebook.com/thmilk/posts/pfbid03sfUTSYAufsnpKGyvTWn7duYRZQCxcfbVZfRPqEQu3ibFBud3PM2FCihZAR4YJoVl,"Tham gia Chương trình Sưu tầm thẻ hay, Nhận quà liền tay cùng TH TOPKID để nhận ngay những phần quà hấp dẫn! 

 Sưu tầm 36 thẻ Doraemon bất kỳ trong các lốc Sữa chua uống tiệt trùng TH true YOGURT TOPKID hoặc Nước uống sữa trái cây TH true JUICE milk TOPKID để đổi ngay túi đeo chéo Doraemon cực ngầu bạn nhé!  

Chương trình hiện đang diễn ra từ nay đến hết ngày 31/07/2024.

Chi tiết chương trình xem tại: https://khuyenmaitopkid.thmilk.vn/ 
Ghé thăm hệ thống siêu thị toàn quốc, hệ thống cửa hàng TH true mart hoặc đặt hàng online ngay: 
► Website: https://www.thtruemart.vn/ 
► Danh sách cửa hàng: https://www.thmilk.vn/he-thong-cua-hang/",49,5,8,2024-06-19 05:49:40,Photo
https://www.facebook.com/thmilk/posts/pfbid0sVG3SJXAbGWRAFPy3qdixTWbL7yhZKY7itqrFavqyBmtahY7cj24987Ed5mEVYual,"Tham gia tích điểm online của chương trình ""Tiếp năng lượng TH true YOGURT, trúng hơn 80.000 quà tặng"" để đổi ngay balo thời trang với các bước vô cùng đơn giản:

Bước 1: Mua Sữa chua uống tiệt trùng TH true YOGURT Hộp giấy 180 ml có gắn thẻ dự thưởng
Bước 2: Tìm mã tích điểm in trên thẻ
Bước 3: Quét mã QR trên thẻ hoặc truy cập vào website quatangyogurt.thmilk.vn ​
Bước 4: Điền thông tin để tham gia tích điểm online​
Bước 5: Tích đủ 48 điểm đổi 01 balo
Lưu ý: ​
- Chương trình kết thúc khi hết quà tặng. Quý Khách hàng truy cập website https://quatangyogurt.thmilk.vn để cập nhật số lượng quà tặng còn lại. ​

Đặt hàng ngay tại:
► Grabmart: http://bit.ly/THtruemart-GrabMart
► ShopeeFood: https://bit.ly/THtruemart-ShopeeFood
► Baemin: http://bit.ly/THtruemart-Baemin
► Loship: https://bit.ly/THtruemart-Loship",63,23,7,2024-06-18 04:13:11,unknown
https://www.facebook.com/thmilk/posts/pfbid0gigqBFC5FG16pTbjRm5CTTb92E2uLr9SDCShszYv1AbnmHJDtPUnYxUM54f91bzkl,"Uống sữa chua TH True YOGURT - Cơ hội trúng Iphone 15 Promax 256GB 

Chúc mừng các khách hàng may mắn đã rinh về chiếc Iphone 15 Promax 256GB từ chương trình ""Tiếp năng lượng TH true YOGURT, trúng hơn 80.000 quà tặng"" 

Số lượng quà còn lại có giới hạn. Hãy nhanh tay tham gia chương trình để trở thành một trong những khách hàng may mắn sở hữu phần quà hấp dẫn này nhé!

Chi tiết chương trình xem tại: https://quatangyogurt.thmilk.vn/ 

Đặt hàng ngay tại:
► Grabmart: http://bit.ly/THtruemart-GrabMart
► ShopeeFood: https://bit.ly/THtruemart-ShopeeFood
► Baemin: http://bit.ly/THtruemart-Baemin
► Loship: https://bit.ly/THtruemart-Loship",65,6,4,2024-06-17 02:36:42,Photo
https://www.facebook.com/thmilk/videos/762325092586374/,Chúc mừng Ngày của cha. TH chúc mọi người cha một ngày thật đặc biệt và đầy yêu thương bên gia đình.,57,3,0,2024-06-16 01:00:13,Video
https://www.facebook.com/thmilk/videos/832490525454823/," [HOÀN TOÀN MỚI] Sữa Chua Ít Béo TH true YOGURT - Vị ngon thật sự thiên nhiên.
Cho cả gia đình vui khỏe mỗi ngày với sản phẩm Sữa Chua Ít Béo TH true YOGURT 100 G hoàn toàn mới – sử dụng hoàn toàn sữa tươi trang trại, sạch, theo chuẩn của trang trại TH, lên men tự nhiên và ít béo*, ít đường*, cung cấp các chất dinh dưỡng từ sữa tươi và tốt cho sức khỏe.
---------------
Ghé thăm hệ thống siêu thị toàn quốc, hệ thống cửa hàng TH true mart hoặc đặt hàng online ngay:
► Website: https://www.thtruemart.vn/
► Danh sách cửa hàng: https://www.thmilk.vn/he-thong-cua-hang/
► Grabmart: http://bit.ly/THtruemart-GrabMart
► ShopeeFood: https://bit.ly/THtruemart-ShopeeFood",142,44,12,2024-06-11 08:09:06,Video
https://www.facebook.com/thmilk/posts/pfbid02isjR25TroDvrRtm2pgpUv55gGARNWcBLTWnfGhjSaLTdwyWBUkgun3XuMUG6saful,"Sưu tầm thẻ hay, Nhận quà liền tay cùng TH TOPKID! Lần đầu tiên, TH TOPKID kết hợp với Doraemon cho ra bộ thẻ với các nhân vật hoạt hình được các bé vô cùng yêu thích. Không chỉ có giá trị sưu tầm, mẹ và bé còn có thể đổi ngay bộ quà vô cùng hấp dẫn đấy nhé! 

 Mau sưu tầm đủ bộ thẻ Doraemon và tham gia chương trình theo các bước sau để đổi quà ngay: 

 Bước 1: Mua lốc Sữa chua uống tiệt trùng TH true YOGURT TOPKID hoặc Nước uống Sữa trái cây TH true JUICE milk TOPKID dung tích 110 ml hoặc 180 ml  

️ Bước 2: Sưu tầm đủ các thẻ Doraemon hoặc thẻ Đồng hồ định vị trong mỗi lốc sữa để nhận các phần quà sau:  

⭐ 01 thẻ đồng hồ định vị đổi 01 Đồng hồ định vị trẻ em myAlo K74  

⭐ 24 thẻ đổi 01 Ly nước hai lớp Doraemon (Số lượng: 50.000 Ly nước hai lớp Doraemon)  

⭐ 36 thẻ đổi 01 Túi đeo chéo Doraemon (Số lượng: 30.000 Túi đeo chéo Doraemon)  

Lưu ý: Số lượng Ly nước hai lớp Doraemon và Túi đeo chéo Doraemon có hạn và có thể hết trước thời hạn. Nếu một trong hai loại quà tặng hết trước, Khách hàng đổi sang quà tặng còn lại theo đúng thể lệ chương trình. Quý Khách hàng truy cập website khuyenmaitopkid.thmilk.vn để cập nhật số lượng quà tặng còn lại. 

 Bước 3: Đến các cửa hàng TH true mart hoặc điểm bán lẻ bán sản phẩm có tham gia chương trình để đổi quà  

Chi tiết chương trình xem tại: https://khuyenmaitopkid.thmilk.vn/ Ghé thăm hệ thống siêu thị toàn quốc, hệ thống cửa hàng TH true mart hoặc đặt hàng online ngay:  

► Website: https://www.thtruemart.vn/  

► Danh sách cửa hàng: https://www.thmilk.vn/he-thong-cua-hang/",147,53,17,2024-06-09 16:38:39,unknown
https://www.facebook.com/thmilk/posts/pfbid0NPRDdJjQUg9SfR6uedp14j5GsAUt1xLWdc6ZykHjn5grhDft3X21ywE7czJxqcrGl,"THAM GIA TÍCH THẺ ONLINE ĐỔI GỐI MISTORI  ​

Từ này đến 31/07/2024, chỉ cần thực hiện những bước đơn giản sau là bạn đã ""sắm"" ngay cho mình 01 gối MISTORI cực dễ thương!!​

Bước 1: Thu thập thẻ sticker trong mỗi lốc Thức uống Sữa Lúa mạch TH true CHOCOMALT MISTORI 110 ml/180 ml​
Bước 2: Tìm mã tích thẻ ở góc dưới của thẻ ​
Bước 3: Quét mã QR trên thẻ hoặc truy cập vào trang web khuyenmaimistori.thmilk.vn ​
Bước 4: Điền thông tin để tham gia tích thẻ online​
Bước 5: Tích đủ 36 điểm để đổi 01 Gối MISTORI​

Lưu ý: ​
- Chương trình kết thúc khi hết quà tặng. Quý Khách hàng truy cập website https://khuyenmaimistori.thmilk.vn để cập nhật số lượng quà tặng còn lại. ​
- Gối MISTORI có hai kiểu dáng. Một trong hai loại gối sẽ được trao ngẫu nhiên cho Khách hàng.​
Ghé thăm hệ thống siêu thị toàn quốc, hệ thống cửa hàng TH true mart hoặc đặt hàng online ngay: ​
► Website: https://www.thtruemart.vn/ ​
► Danh sách cửa hàng: https://www.thmilk.vn/he-thong-cua-hang/",118,37,12,2024-06-08 01:08:12,unknown
https://www.facebook.com/thmilk/videos/978591823989933/," [HOÀN TOÀN MỚI] Sữa Chua Ít Béo TH true YOGURT - Vị ngon thật sự thiên nhiên.

Cho cả gia đình vui khỏe mỗi ngày với sản phẩm Sữa Chua Ít Béo TH true YOGURT 100 G hoàn toàn mới – sử dụng hoàn toàn sữa tươi trang trại, sạch, theo chuẩn của trang trại TH, lên men tự nhiên và ít béo*, ít đường*, cung cấp các chất dinh dưỡng từ sữa tươi và tốt cho sức khỏe.
---------------
Ghé thăm hệ thống siêu thị toàn quốc, hệ thống cửa hàng TH true mart hoặc đặt hàng online ngay:
► Website: https://www.thtruemart.vn/
► Danh sách cửa hàng: https://www.thmilk.vn/he-thong-cua-hang/
► Grabmart: http://bit.ly/THtruemart-GrabMart
► ShopeeFood: https://bit.ly/THtruemart-ShopeeFood",426,20,20,2024-06-06 09:37:46,Video
https://www.facebook.com/thmilk/videos/3305405949765687/," [HOÀN TOÀN MỚI] Sữa Chua Ít Béo TH true YOGURT - Giảm 87% Béo, Giảm 44% Đường*
Cho cả gia đình vui khỏe mỗi ngày với sản phẩm Sữa Chua Ít Béo TH true YOGURT 100 G hoàn toàn mới – sử dụng hoàn toàn sữa tươi trang trại, sạch, theo chuẩn của trang trại TH, lên men tự nhiên và ít béo*, ít đường*, cung cấp các chất dinh dưỡng từ sữa tươi và tốt cho sức khỏe.
* So với Sữa Chua Có Đường TH true YOGURT
---------------
Ghé thăm hệ thống siêu thị toàn quốc, hệ thống cửa hàng TH true mart hoặc đặt hàng online ngay:
► Website: https://www.thtruemart.vn/
► Danh sách cửa hàng: https://www.thmilk.vn/he-thong-cua-hang/
► Grabmart: http://bit.ly/THtruemart-GrabMart
► ShopeeFood: https://bit.ly/THtruemart-ShopeeFood",116,1,9,2024-06-06 09:35:54,Video
https://www.facebook.com/thmilk/videos/419900187530556/,"  [HOÀN TOÀN MỚI] Sữa Chua Ít Béo TH true YOGURT - Giảm 87% Béo, Giảm 44% Đường*
Cho cả gia đình vui khỏe mỗi ngày với sản phẩm Sữa Chua Ít Béo TH true YOGURT 100 G hoàn toàn mới – sử dụng hoàn toàn sữa tươi trang trại, sạch, theo chuẩn của trang trại TH, lên men tự nhiên và ít béo*, ít đường*, cung cấp các chất dinh dưỡng từ sữa tươi và tốt cho sức khỏe.
* So với Sữa Chua Có Đường TH true YOGURT
---------------
Ghé thăm hệ thống siêu thị toàn quốc, hệ thống cửa hàng TH true mart hoặc đặt hàng online ngay:
► Website: https://www.thtruemart.vn/
► Danh sách cửa hàng: https://www.thmilk.vn/he-thong-cua-hang/
► Grabmart: http://bit.ly/THtruemart-GrabMart
► ShopeeFood: https://bit.ly/THtruemart-ShopeeFood",478,16,6,2024-06-05 11:35:59,Video
https://www.facebook.com/thmilk/posts/pfbid02JCyGLAKa4pShmEw3LNmkWtcCJDbykAmAmuqFviuk9WQgMH2fQqSC19aXvRZykSFUl," [HOÀN TOÀN MỚI] Sữa Chua Ít Béo TH true YOGURT - Giảm 87% Béo, Giảm 44% Đường*
Cho cả gia đình vui khỏe mỗi ngày với sản phẩm Sữa Chua Ít Béo TH true YOGURT 100 G hoàn toàn mới – sử dụng hoàn toàn sữa tươi trang trại, sạch, theo chuẩn của trang trại TH, lên men tự nhiên và ít béo*, ít đường*, cung cấp các chất dinh dưỡng từ sữa tươi và tốt cho sức khỏe.
* So với Sữa Chua Có Đường TH true YOGURT
---------------
Ghé thăm hệ thống siêu thị toàn quốc, hệ thống cửa hàng TH true mart hoặc đặt hàng online ngay:
► Website: https://www.thtruemart.vn/
► Danh sách cửa hàng: https://www.thmilk.vn/he-thong-cua-hang/
► Grabmart: http://bit.ly/THtruemart-GrabMart
► ShopeeFood: https://bit.ly/THtruemart-ShopeeFood",8790,714,102,2024-06-04 17:56:20,Photo
https://www.facebook.com/thmilk/posts/pfbid0ZFZSyTuuLHVDU6VeXPGUcXoJf8bFFkXuuLdguPHFnoLFeA6dAVR1Xfmf4YUrFx2ul," Chúc mừng các khách hàng đã đổi quà thành công từ chương trình Sưu tầm thẻ hay, Nhận quà liền tay cùng TH TOPKID 

 Chương trình đang diễn ra đến hết ngày 31/07/2024. Mau sưu tầm đủ bộ thẻ Doraemon và tham gia chương trình theo các bước sau để đổi quà ngay: 

 Bước 1: Mua lốc Sữa chua uống tiệt trùng TH true YOGURT TOPKID hoặc Nước uống Sữa trái cây TH true JUICE milk TOPKID dung tích 110 ml hoặc 180 ml 
️ Bước 2: Sưu tầm đủ các thẻ Doraemon hoặc thẻ Đồng hồ định vị trong mỗi lốc sữa để nhận các phần quà sau: 
⭐ 01 thẻ đồng hồ định vị đổi 01 Đồng hồ định vị trẻ em myAlo K74 
⭐ 24 thẻ đổi 01 Ly nước hai lớp Doraemon (Số lượng: 50.000 Ly nước hai lớp Doraemon) 
⭐ 36 thẻ đổi 01 Túi đeo chéo Doraemon (Số lượng: 30.000 Túi đeo chéo Doraemon) 
Lưu ý: Số lượng Ly nước hai lớp Doraemon và Túi đeo chéo Doraemon có hạn và có thể hết trước thời hạn. Nếu một trong hai loại quà tặng hết trước, Khách hàng đổi sang quà tặng còn lại theo đúng thể lệ chương trình. Quý Khách hàng truy cập website khuyenmaitopkid.thmilk.vn để cập nhật số lượng quà tặng còn lại. 
 Bước 3: Đến các cửa hàng TH true mart hoặc điểm bán lẻ bán sản phẩm có tham gia chương trình để đổi quà 

Chi tiết chương trình xem tại: https://khuyenmaitopkid.thmilk.vn/ 
Ghé thăm hệ thống siêu thị toàn quốc, hệ thống cửa hàng TH true mart hoặc đặt hàng online ngay: 
► Website: https://www.thtruemart.vn/ 
► Danh sách cửa hàng: https://www.thmilk.vn/he-thong-cua-hang/",80,12,7,2024-06-04 00:16:41,unknown
https://www.facebook.com/thmilk/posts/pfbid02miy3CiNsRDJFYpY16JrZHo4gSD5PrdgrXxag6RDVq1yNKqknTjT2gkzuTDnnDQi3l,"Chúc mừng các Khách hàng đã đổi quà Balo thành công từ chương trình ""Tiếp năng lượng TH true YOGURT, trúng hơn 80.000 quà tặng"".

Nhận ngay Balo thời trang cho một mùa hè năng động cùng TH true YOGURT khi tích đủ 48 điểm. Chương trình vẫn còn hơn 3.000 chiếc Balo đang tìm kiếm chủ nhân. 

Tham gia tích điểm online theo hướng dẫn trên website https://quatangyogurt.thmilk.vn 

Ghé thăm hệ thống siêu thị toàn quốc, hệ thống cửa hàng TH true mart hoặc đặt hàng online ngay:
► Website: https://www.thtruemart.vn/
► Danh sách cửa hàng toàn quốc: https://www.thmilk.vn/he-thong-cua-hang/
► Shopee: https://shopee.vn/th_truemart_officialstore
► Lazada: https://www.lazada.vn/shop/th-true-mart
► Grabmart: http://bit.ly/THtruemart-GrabMart
► ShopeeFood: https://bit.ly/THtruemart-ShopeeFood",64,5,3,2024-06-03 06:37:02,unknown
https://www.facebook.com/thmilk/posts/pfbid03648NEvMxwJ3TpmJ2iCuwEXKrw617aZ6fS19ZJrmny6MkmCvgntY2P4q8uexGpttTl," [HOÀN TOÀN MỚI] Sữa Chua Ít Béo TH true YOGURT - Vị ngon thật sự thiên nhiên.

Cho cả gia đình vui khỏe mỗi ngày với sản phẩm Sữa Chua Ít Béo TH true YOGURT 100 G hoàn toàn mới – sử dụng hoàn toàn sữa tươi trang trại, sạch, theo chuẩn của trang trại TH, lên men tự nhiên và ít béo*, ít đường*, cung cấp các chất dinh dưỡng từ sữa tươi và tốt cho sức khỏe.
---------------
Ghé thăm hệ thống siêu thị toàn quốc, hệ thống cửa hàng TH true mart hoặc đặt hàng online ngay:
► Website: https://www.thtruemart.vn/
► Danh sách cửa hàng: https://www.thmilk.vn/he-thong-cua-hang/
► Grabmart: http://bit.ly/THtruemart-GrabMart
► ShopeeFood: https://bit.ly/THtruemart-ShopeeFood",248,33,52,2024-06-02 12:57:23,Photo
https://www.facebook.com/thmilk/posts/pfbid0ZBdRCAk1uhQ95GHbkad9Nbwc1e88XphX3VPTSu4Swaw2Rev8vw5mqrWTHtYcoVKxl,"[HCM T7&CN] Sự kiện triển lãm VIETBABY FAIR đang diễn ra với vô vàn phần quà hấp dẫn chờ đón ba mẹ và bé. Ghé thăm hai ngày cuối tuần này để tham gia các hoạt động trải nghiệm hữu ích và nhận khuyến mại hấp dẫn chỉ có duy nhất tại sự kiện này: 
- Thời gian: 30.05 - 02.06.2024
- Địa điểm: SECC - Số 779 Nguyễn Văn Linh, Q.7, Tp.HCM
- Vị trí gian hàng: I1-I3
 Tại đây, ba mẹ có thể cùng bé:
- Trải nghiệm hương vị sản phẩm.
- Nhận hơn 500 phần quà check-in.
- Giải đáp câu hỏi về sản phẩm phù hợp với bé và nhận quà tặng chỉ có tại triển lãm.

Ba mẹ hãy sắp xếp thời gian đến gian hàng của TH true FORMULA để “mở khóa” bí kíp dinh dưỡng toàn diện cho bé nhà mình nhé!
#THtrueFORMULA
--
► Danh sách cửa hàng TH true mart toàn quốc: https://www.thmilk.vn/he-thong-cua-hang/
► Shopee: https://shopee.vn/th_truemart_officialstore
► Lazada: https://www.lazada.vn/shop/th-true-mart
► Grabmart: http://bit.ly/THtruemart-GrabMart
► ShopeeFood: https://bit.ly/THtruemart-ShopeeFood
►  TikTok Shop: https://bit.ly/THtruemart-TikTokShop",92,0,8,2024-06-01 19:17:44,unknown
https://www.facebook.com/thmilk/videos/804153641741312/,"VUI TẾT THIẾU NHI - TRÚNG QUÀ NGAY CÙNG TH TOPKID 

✨ Tết thiếu nhi 01/06 đến rồi, tham gia minigame cùng TH TOPKID để nhận ngay voucher TH true mart.

✨ Cách thức tham gia: 
- Bước 1: Chụp ảnh màn hình hộp sữa TH TOPKID và thẻ Doraemon dừng đúng vị trí, comment dưới bài viết này và tag 2 người bạn  
- Bước 2: Like và share post này ở chế độ công khai cùng với hashtag #THTOPKID 

 Giải thưởng: 01 voucher TH true mart trị giá 100.000đ dành cho 05 khách hàng thực hiện đầy đủ các bước tham gia minigame nêu trên, có câu trả lời đúng và may mắn nhất. 

 Thể lệ chung:
- BTC sẽ không nhận bình luận/ comment đã được chỉnh sửa/ edited
- Thời hạn cuối tham gia minigame: hết 23h59p ngày 04/06/2024.
- Trong trường hợp có tranh chấp xảy ra, quyết định cuối cùng thuộc về BTC 
- Danh sách 05 khách hàng may mắn được dự kiến công bố trên fanpage TH true MILK vào ngày 09/06/2024.

Hãy tham gia ngay minigame để có cơ hội nhận ngay phần quà vô cùng hấp dẫn nhé!",1297,3495,2310,2024-06-01 01:38:05,Video
https://www.facebook.com/thmilk/posts/pfbid0YCQJbyG7Sfve9mkyYiXSTXGtKtzsyuwsdxVsVCkuHzkbe3CfphzeTuabQ6ZeGDigl,"Chương trình “Thu gom vỏ hộp - Lan tỏa sống xanh 2024” được triển khai từ tháng 02/2024 đã thu về hơn 1 tấn vỏ hộp sữa tính tới thời điểm hiện tại. Với mỗi kilogram vỏ hộp thu gom, bạn đã đóng góp 100.000 đồng vào “Dự án giám sát bảo tồn rạn san hô tại Vườn Quốc gia Cát Bà”. Hãy tiếp tục lan tỏa lối sống xanh tới cộng đồng để cùng TH góp phần gìn giữ một môi trường xanh - sạch - đẹp.

 Thời gian thu gom: 8:00 - 17:30 mỗi ngày, từ ngày 01/02 đến hết 31/12/2024
 Địa điểm: 20 cửa hàng TH true mart tại Hà Nội và TP. Hồ Chí Minh (chi tiết xem tại https://bit.ly/TH-stores-list-2024)
 Để biết thêm thông tin chi tiết về chương trình, vui lòng xem tại: https://thugomvohop.thmilk.vn/",57,21,3,2024-05-31 03:07:32,GenericAttachmentMedia
https://www.facebook.com/thmilk/posts/pfbid02nLnemBvwvXZve4braWBUp5PVdA9iaDq9cQQ4e6uhLrmcjhRBP93FenZUahKsN8Ftl,"Trong tuần lễ ngày Môi trường Thế giới từ ngày 03/06 – 09/06/2024, 250 khách hàng đầu tiên khi đem tối thiểu 30 vỏ hộp sữa TH đến mỗi cửa hàng nằm trong danh sách 20 cửa hàng thu gom sẽ được tặng 01 (một) Sổ tay TH.

Khi tham gia chương trình “Thu gom vỏ hộp - Lan tỏa sống xanh 2024”, bạn không chỉ góp phần giảm thiểu rác thải nhựa mà còn trực tiếp ủng hộ cho ""Dự án giám sát bảo tồn rạn san hô tại Vườn quốc gia Cát Bà"" với số tiền 100.000 đồng cho mỗi kilogram vỏ hộp sữa giấy thu gom được.

 Thời gian thu gom: 8:00 - 17:30 mỗi ngày, từ ngày 01/02 đến hết 31/12/2024
 Địa điểm: 20 cửa hàng TH true mart tại Hà Nội và TP. Hồ Chí Minh (chi tiết xem tại https://bit.ly/TH-stores-list-2024)
 Để biết thêm thông tin chi tiết về chương trình, vui lòng xem tại: https://thugomvohop.thmilk.vn/",102,9,7,2024-05-30 04:37:00,Photo
https://www.facebook.com/thmilk/posts/pfbid0rB2og5MaRjPaosqPC2eoWMJaV5s6tu1awy3b6wgd8ZMPanA9r7ymk9zhhiJGzZt5l,"✨ TH xin chúc mừng 10 khách hàng may mắn nhất có tên dưới đây, đã nhận được  01 combo Túi lấp lánh và sổ tay âm nhạc trong minigame Cùng TH TOPKID săn quà Doraemon.

- Noel Hoang: https://www.facebook.com/soleilmeo  
- Nguyễn Thúy: https://www.facebook.com/profile.php?id=100011449599107 
- Khánh Như: https://www.facebook.com/profile.php?id=100080056394003 
- Hà Phụng: https://www.facebook.com/haphung.kstk622 
- Phuc Tran: https://www.facebook.com/profile.php?id=100006618223262 
- Aoi Tori: https://www.facebook.com/loan.thanh.3158  
- Nguyễn Minh Quân https://www.facebook.com/profile.php?id=100013334927265  
- Vân Trần https://www.facebook.com/profile.php?id=100005218036763 
- Duy Vương: https://www.facebook.com/duyvuong90  
- Trúc Thanh https://www.facebook.com/thanhtructhanhtruc7979 

 Các bạn có tên hãy nhanh chóng inbox Fanpage thông tin cá nhân (Họ tên, Số điện thoại, Địa chỉ) trước ngày 04/06 để nhận được phần quà nhé. Lưu ý ghi rõ: khách hàng trúng thưởng minigame TH TOPKID 

------------------------------------------------------------------------
Phim điện ảnh Doraemon: Nobita và Bản Giao Hưởng Địa Cầu được công chiếu chính thức tại các rạp chiếu trên toàn quốc từ ngày 24/05/2024.

#phimDoraemon2024VN",67,0,6,2024-05-29 06:06:28,Photo
https://www.facebook.com/thmilk/posts/pfbid08JxpLvhC9ZURu4nMvZFybDGXTekzaLhTwLu8bQmpcLFWbKYaAgYkLBuyXLqymiNml," Chúc mừng các khách hàng đã trúng thưởng từ chương trình Săn thẻ sticker, Nhận quà đỉnh chóp. 

 Chương trình vẫn đang diễn ra từ nay đến hết 31/07/2024. Sưu tầm thẻ sticker trong mỗi lốc Thức uống Sữa Lúa mạch TH true CHOCOMALT MISTORI. Nhập mã quay thưởng in trên thẻ lên website https://khuyenmaimistori.thmilk.vn để tham gia Chương trình Quay thưởng và Tích thẻ đổi quà online với cơ hội trúng hàng chục ngàn quà tặng hấp dẫn: 

Quà tặng chương trình Quay thưởng: 
 30 Giải Nhất: 01 Apple Airpods Max 
 30.000 Giải Nhì: 01 Thẻ điện thoại 20.000 Đ 
 60.000 Giải Ba: 01 Thẻ điện thoại 10.000 Đ 

Quà tặng chương trình Tích thẻ đổi quà online: 
☀️ 5.000 Giải tích thẻ đổi quà online: 01 Gối MISTORI 
Mỗi mã in trên thẻ tương đương với 01 điểm, 36 điểm đổi 01 Gối MISTORI.

Ghé thăm hệ thống siêu thị toàn quốc, hệ thống cửa hàng TH true mart hoặc đặt hàng online ngay: 
► Website: https://www.thtruemart.vn/ 
► Danh sách cửa hàng: https://www.thmilk.vn/he-thong-cua-hang/",38,0,2,2024-05-28 07:35:55,unknown
https://www.facebook.com/thmilk/posts/pfbid027N8zhxvAgCJG2aA9FZaukjb3ESZeZCoE2DP1H617uDx5setoLq7j8ojQZ65E3vaLl,"☀️ Chúc mừng các khách hàng may mắn đã rinh về chiếc Iphone 15 Promax 256GB từ chương trình ""Tiếp năng lượng TH true YOGURT, trúng hơn 80.000 quà tặng"" 

❗ Chương trình vẫn còn 07 chiếc Iphone 15 Promax 256GB đang tìm kiếm chủ nhân may mắn

Mua ngay sữa chua uống tiệt trùng TH true YOGURT để có cơ hội trúng hàng ngàn quà tặng chỉ với ba bước đơn giản:
1️⃣ Bước 1: Mua lốc Sữa chua uống tiệt trùng TH true YOGURT hộp giấy 180 ml các hương vị có kèm thẻ in mã số quay may mắn
2️⃣ Bước 2: Quét mã QR trên thẻ hoặc truy cập quatangyogurt.thmilk.vn
3️⃣ Bước 3: Nhập thông tin và mã số in trên thẻ để tham gia chương trình

Ghé thăm hệ thống siêu thị toàn quốc, hệ thống cửa hàng TH true mart hoặc đặt hàng online ngay:
► Website: https://www.thtruemart.vn/
► Danh sách cửa hàng toàn quốc: https://www.thmilk.vn/he-thong-cua-hang/
► Shopee: https://shopee.vn/th_truemart_officialstore
► Lazada: https://www.lazada.vn/shop/th-true-mart
► Grabmart: http://bit.ly/THtruemart-GrabMart
► ShopeeFood: https://bit.ly/THtruemart-ShopeeFood",70,9,4,2024-05-27 09:05:23,Photo
https://www.facebook.com/thmilk/posts/pfbid05s6jWtw433zQfsF7Q2Eszw6E58DAvcEN45ERVTURVEqZT4TqhyhLy5DtuMqPUSoCl," BÉ TRẢI NGHIỆM – MẸ RINH QUÀ: ĐẾN NGAY GIAN HÀNG TH true FORMULA TẠI TRIỂN LÃM VIETBABY FAIR TỪ 30.05-02.06
Vô vàn hoạt động trải nghiệm hữu ích và quà tặng khuyến mại hấp dẫn chỉ duy nhất có tại sự kiện đặc biệt này. Ba mẹ nhớ lưu lại địa điểm và thời gian của gian hàng để đến ngay với TH true FORMULA nhé!
- Thời gian: 30.05 - 02.06.2024
- Địa điểm: SECC - Số 779 Nguyễn Văn Linh, Q.7, Tp.HCM
- Vị trí gian hàng: I1-I3
 Tại đây, ba mẹ có thể cùng bé:
- Trải nghiệm hương vị sản phẩm.
- Nhận hơn 500 phần quà check-in.
- Giải đáp câu hỏi về sản phẩm phù hợp với bé và nhận quà tặng chỉ có tại triển lãm.

Ba mẹ hãy sắp xếp thời gian đến gian hàng của TH true FORMULA để “mở khóa” bí kíp dinh dưỡng toàn diện cho bé nhà mình nhé!
#THtrueFORMULA

-- 
► Danh sách cửa hàng TH true mart toàn quốc: https://www.thmilk.vn/he-thong-cua-hang/
► Shopee: https://shopee.vn/th_truemart_officialstore
► Lazada: https://www.lazada.vn/shop/th-true-mart
► Grabmart: http://bit.ly/THtruemart-GrabMart
► ShopeeFood: https://bit.ly/THtruemart-ShopeeFood
►  TikTok Shop: https://bit.ly/THtruemart-TikTokShop",61,3,3,2024-05-26 10:34:51,Photo
https://www.facebook.com/thmilk/videos/840159541477250/,"TÚI VẢI CANVAS - LỰA CHỌN THÔNG MINH CHO CUỘC SỐNG XANH!

Tuy nhỏ bé, nhưng chiếc túi này lại “có võ” và vô cùng hữu ích đó nha! Túi vải canvas là lựa chọn hoàn hảo nếu bạn đang tìm kiếm một chiếc túi vừa bền đẹp, vừa tiện lợi lại thân thiện với môi trường.

Túi vải canvas được làm từ chất liệu vải dày dặn, có khả năng chịu tải tốt và sử dụng được lâu dài cho nhiều mục đích khác nhau, lại còn có thể giúp thay thế túi nilon dùng một lần, góp phần giảm thiểu rác thải nhựa và bảo vệ môi trường.

Hãy cùng TH tham gia ngay chương trình “Thu gom vỏ hộp - Lan tỏa sống xanh 2024” để có cơ hội trở thành người may mắn nhận được túi vải canvas thân thiện với môi trường nhé!

 Thời gian thu gom: 8:00 - 17:30 mỗi ngày, từ ngày 01/02 đến hết 31/12/2024
 Địa điểm: 20 cửa hàng TH true mart tại Hà Nội và TP. Hồ Chí Minh (chi tiết xem tại https://bit.ly/TH-stores-list-2024)
 Để biết thêm thông tin chi tiết về chương trình, vui lòng xem tại: https://thugomvohop.thmilk.vn/",75,8,0,2024-05-25 12:04:19,Video
https://www.facebook.com/thmilk/posts/pfbid0vCFisNLLPv9YuKYeyQd3eYkcyaF9rfXL4Z4eh5VpDfDYLfA6Vnd61ujDUsLWk7Jl," Chúc mừng các khách hàng đã trúng thưởng từ chương trình Săn thẻ sticker, Nhận quà đỉnh chóp. 

 Chương trình vẫn đang diễn ra từ nay đến hết 31/07/2024. Sưu tầm thẻ sticker trong mỗi lốc Thức uống Sữa Lúa mạch TH true CHOCOMALT MISTORI. Nhập mã quay thưởng in trên thẻ lên website https://khuyenmaimistori.thmilk.vn để tham gia Chương trình Quay thưởng và Tích thẻ đổi quà online với cơ hội trúng hàng chục ngàn quà tặng hấp dẫn: 

Quà tặng chương trình Quay thưởng: 
 30 Giải Nhất: 01 Apple Airpods Max 
 30.000 Giải Nhì: 01 Thẻ điện thoại 20.000 Đ 
 60.000 Giải Ba: 01 Thẻ điện thoại 10.000 Đ 

Quà tặng chương trình Tích thẻ đổi quà online: 
☀️ 5.000 Giải tích thẻ đổi quà online: 01 Gối MISTORI 
Mỗi mã in trên thẻ tương đương với 01 điểm, 36 điểm đổi 01 Gối MISTORI.

Ghé thăm hệ thống siêu thị toàn quốc, hệ thống cửa hàng TH true mart hoặc đặt hàng online ngay: 
► Website: https://www.thtruemart.vn/ 
► Danh sách cửa hàng: https://www.thmilk.vn/he-thong-cua-hang/",92,9,7,2024-05-23 19:38:33,unknown
https://www.facebook.com/reel/1571821833394019/,"HÀNH ĐỘNG NHỎ, THAY ĐỔI LỚN!
Bạn có biết trung bình mỗi năm tại Việt Nam có khoảng 1,8 triệu tấn rác thải nhựa đang bị thải ra môi trường, trong đó 0,28- 0,73 triệu tấn bị thải ra biển nhưng chỉ 27% trong số này được tái chế*.
Để góp phần giảm thiểu lượng rác thải và giúp môi trường trở nên xanh - sạch - đẹp, hãy cùng TH tham gia chương trình “Thu gom vỏ hộp - Lan tỏa sống xanh 2024” nhé! 
 Thời gian thu gom: 8:00 - 17:30 mỗi ngày, từ ngày 01/02 đến hết 31/12/2024
 Địa điểm: 20 cửa hàng TH true mart tại Hà Nội và TP. Hồ Chí Minh (chi tiết xem tại https://bit.ly/TH-stores-list-2024)
 Để biết thêm thông tin chi tiết về chương trình, vui lòng xem tại: www.thugomvohop.thmilk.vn

*Theo thống kê của Bộ Tài nguyên và Môi trường năm 2024.",58,11,4,2024-05-22 03:12:47,Video
https://www.facebook.com/thmilk/videos/1179925410116040/,"☀️ Mùa hè đến đồng nghĩa với việc nhiệt độ tăng cao, mưa liên tục khiến không khí trở nên nóng ẩm. Đây cũng là thời điểm các mầm bệnh sinh sôi nảy nở, điển hình là những bệnh đường ruột.

Mẹ nhớ chăm sóc hệ tiêu hóa non nớt của bé mỗi ngày để con tận hưởng mùa hè trọn vẹn với những tips dưới đây nhé:
✅ Thường xuyên lau dọn nhà cửa, vệ sinh đồ chơi của bé.
✅ Ăn chín uống sôi, bảo quản đồ ăn kỹ lưỡng.
✅ Tập thói quen rửa tay bằng xà phòng trước & sau khi ăn.
✅ Cho bé uống đủ nước, ưu tiên thực phẩm dễ tiêu hóa, ít dầu mỡ.
✅ Bổ sung lợi khuẩn BB536 & chất xơ GOS, FOS hỗ trợ tiêu hóa cho bé.

Sản phẩm dinh dưỡng công thức TH true FORMULA 4 với hệ dưỡng chất ""vàng"" Probiotic (BB536) & Prebiotic (GOS, FOS) không chỉ hỗ trợ tiêu hóa, hấp thu mà còn giúp phát triển não bộ, đề kháng & thể chất, cho bévui đón hè.

TH true FORMULA - Dinh dưỡng vàng cho trẻ phát triển toàn diện.

► Danh sách cửa hàng toàn quốc: https://www.thmilk.vn/he-thong-cua-hang/
► Shopee: https://shopee.vn/th_truemart_officialstore
► Lazada: https://www.lazada.vn/shop/th-true-mart
► Grabmart: http://bit.ly/THtruemart-GrabMart
► ShopeeFood: https://bit.ly/THtruemart-ShopeeFood
►  TikTok Shop: https://bit.ly/THtruemart-TikTokShop",61,13,4,2024-05-21 07:30:30,Video
https://www.facebook.com/thmilk/posts/pfbid0ehWGs1zzwgiWJPUwfpF2B7hp9ZK6T4B7MMXoqkmfxArbbwtQ1fkG4tbV2n5xJ5q9l,"MINIGAME NHẬN NGAY QUÀ TẶNG SIÊU XINH TỪ PHIM ĐIỆN ẢNH DORAEMON 2024
 
Nhóm bạn Doraemon đã cạn kiệt năng lượng, hãy giúp các bạn tìm được đường đến với TH TOPKID để nạp lại năng lượng và tiếp tục chơi nhạc! 
Từ ngày 20/05/2024 đến hết ngày 26/05/2024. Tham gia thử thách ngay để có cơ hội nhận 01 combo Túi lấp lánh và sổ tay âm nhạc cực dễ thương. 
 
 Thể lệ trò chơi:
Bước 1: Like và Share bài viết ở chế độ công khai kèm hashtag #THTOPKID
Bước 2: Comment đáp án chính xác nhất và tag 2 người khác cùng tham gia
 Giải thưởng:
10 combo gồm 01 túi lấp lánh và 01 sổ tay âm nhạc dành cho 10 bạn may mắn nhất
Lưu ý:
- Kết quả sẽ được công bố trên fanpage vào ngày 28/05/2024
- BTC sẽ không nhận kết quả của các bình luận/ comment đã được chỉnh sửa/ edited.
- Trong trường hợp có tranh chấp xảy ra, quyết định cuối cùng thuộc về BTC.
------------------------------------------------------------------------
Phim điện ảnh Doraemon: Nobita và Bản Giao Hưởng Địa Cầu sẽ được công chiếu chính thức tại các rạp chiếu trên toàn quốc từ ngày 24/05/2024. 

#phimDoraemon2024VN",441,680,232,2024-05-19 22:50:30,Photo
https://www.facebook.com/thmilk/posts/pfbid018SFmBmsBnr6oQkBeKGGHBN22FpmSSpd9HqK5K64MnAFAq5NDRgpenBmapbTGHmkl,"Tới nay, chương trình ""Thu gom vỏ hộp, Lan tỏa sống xanh 2024"" đã đạt mốc thu gom được hơn 1 tấn vỏ hộp sữa. Các vỏ hộp sau khi thu gom đã được TH chuyển cho các đối tác, được tái chế và bắt đầu vòng đời mới dưới dạng rất nhiều vật dụng hữu ích trong đời sống hàng ngày. 

Cùng tham gia thu gom vỏ hộp cùng TH và chung tay góp phần bảo vệ môi trường bạn nhé!

Thời gian thu gom: 8:00 - 17:30 mỗi ngày, từ ngày 01/02 đến hết 31/12/2024
Địa điểm: 20 cửa hàng TH true mart tại Hà Nội và TP. Hồ Chí Minh (chi tiết xem tại https://bit.ly/TH-stores-list-2024)
Để biết thêm thông tin chi tiết về chương trình, vui lòng xem tại: https://thugomvohop.thmilk.vn/",76,5,2,2024-05-18 14:10:30,Photo
https://www.facebook.com/thmilk/posts/pfbid02qAvw7oJDGCLrV5qKFSE8qtbzM5vUauXSXVM1eCWByhxXcUXDga3obqz7cSHZEYHCl,"Bạn có biết?

Từ năm 2021, TH đã tham gia vào dự án ""Giám sát rạn san hô nhằm đề xuất 1 số giải pháp quản lý và bảo tồn hiệu quả rạn san hô tại Vườn quốc gia Cát Bà"", trong khuôn khổ hoạt động của VB4E do VQG Cát Bà và IUCN triển khai. 

Khi tham giam chương trình ""Thu gom vỏ hộp, lan tỏa sống xanh 2024"", bạn đã cùng TH chung tay đóng góp vào ""Dự án giám sát bảo tồn rạn san hô tại Vườn quốc gia Cát Bà"", với mỗi kilogram vỏ hộp sữa giấy thu gom tương đương 100.000đ.

Tham gia thu gom vỏ hộp ngay để vừa giảm thiểu rác thải giấy ra môi trường, vừa góp phần gìn giữ hệ sinh thái san hô bạn nhé!   

☘ Thời gian thu gom: 8:00-17:30 mỗi ngày, từ ngày 01/02 đến hết 31/12/2024 
☘ Địa điểm: 20 cửa hàng tại Hà Nội và TP. Hồ Chí Minh (chi tiết xem tại https://bit.ly/TH-stores-list-2024 )
☘ Để biết thêm thông tin chi tiết về chương trình, vui lòng xem tại: https://thugomvohop.thmilk.vn/",113,5,0,2024-05-17 05:30:30,Photo
https://www.facebook.com/thmilk/posts/pfbid033ra1gyC6m8Wszfzj19x1S5JUitRxYTwceBZyhm3Ej7xKxP75Kxr3xUXBvfXqE7aSl,"Sưu tầm thẻ hay, Nhận quà liền tay cùng TH TOPKID! Lần đầu tiên, TH TOPKID kết hợp với Doraemon cho ra bộ thẻ với các nhân vật hoạt hình được các bé vô cùng yêu thích. Không chỉ có giá trị sưu tầm, mẹ và bé còn có thể đổi ngay bộ quà vô cùng hấp dẫn đấy nhé! 

 Mau sưu tầm đủ bộ thẻ Doraemon và tham gia chương trình theo các bước sau để đổi quà ngay: 

 Bước 1: Mua lốc Sữa chua uống tiệt trùng TH true YOGURT TOPKID hoặc Nước uống Sữa trái cây TH true JUICE milk TOPKID dung tích 110 ml hoặc 180 ml  

️ Bước 2: Sưu tầm đủ các thẻ Doraemon hoặc thẻ Đồng hồ định vị trong mỗi lốc sữa để nhận các phần quà sau:  

⭐ 01 thẻ đồng hồ định vị đổi 01 Đồng hồ định vị trẻ em myAlo K74  

⭐ 24 thẻ đổi 01 Ly nước hai lớp Doraemon (Số lượng: 50.000 Ly nước hai lớp Doraemon)  

⭐ 36 thẻ đổi 01 Túi đeo chéo Doraemon (Số lượng: 30.000 Túi đeo chéo Doraemon)  

Lưu ý: Số lượng Ly nước hai lớp Doraemon và Túi đeo chéo Doraemon có hạn và có thể hết trước thời hạn. Nếu một trong hai loại quà tặng hết trước, Khách hàng đổi sang quà tặng còn lại theo đúng thể lệ chương trình. Quý Khách hàng truy cập website khuyenmaitopkid.thmilk.vn để cập nhật số lượng quà tặng còn lại. 

 Bước 3: Đến các cửa hàng TH true mart hoặc điểm bán lẻ bán sản phẩm có tham gia chương trình để đổi quà  

Chi tiết chương trình xem tại: https://khuyenmaitopkid.thmilk.vn/ Ghé thăm hệ thống siêu thị toàn quốc, hệ thống cửa hàng TH true mart hoặc đặt hàng online ngay:  

► Website: https://www.thtruemart.vn/  

► Danh sách cửa hàng: https://www.thmilk.vn/he-thong-cua-hang/",163,30,13,2024-05-15 20:50:30,Photo
https://www.facebook.com/thmilk/posts/pfbid02CEZCe4fMST7A95DX44ZYBFHGMwDSL92PuD1EK83JtJbfkbW1o9dqiLADdXAhF4hvl,"Thời tiết giao mùa thay đổi thất thường tạo điều kiện thuận lợi cho vi khuẩn phát triển và đe dọa đến hệ miễn dịch non nớt của trẻ nhỏ. Đặc biệt, bé có thể mắc ra các bệnh liên quan đến đường hô hấp và bệnh ngoài da.

Sản phẩm dinh dưỡng công thức TH true FORMULA 4 với bộ công thức CARE ADVANCE bảo vệ và giúp tăng cường đề kháng, hỗ trợ bé yêu miễn dịch khỏe, mẹ bớt lo: 
 HMO (2'-FL) hỗ trợ thúc đẩy sự phát triển của lợi khuẩn, ngăn chặn sự bám dính của mầm bệnh vào hàng rào ruột.
 Nucleotides hỗ trợ tăng cường chức năng miễn dịch và phát triển đường tiêu hóa.
 Hơn 20 loại vitamins và khoáng chất có trong TH true FORMULA 4 vô cùng cần thiết cho sự phát triển và hoạt động của các tế bào miễn dịch nữa đó mẹ ạ!

TH true FORMULA 4 với hệ dưỡng chất ""vàng"" không chỉ giúp tăng cường miễn dịch mà còn hỗ trợ phát triển não bộ & thể chất, cho con vui đón hè.

TH true FORMULA - Dinh dưỡng vàng cho trẻ phát triển toàn diện.",101,13,5,2024-05-14 12:10:30,Photo
https://www.facebook.com/thmilk/posts/pfbid022K24hErAmZoWvTx5ppmfqiQVDtW2bfa3n99ZuERszd3W5U716zQZMb2Wgj8ZQW22l,❤️ Chúc mừng Ngày của mẹ. TH chúc các mẹ một ngày thật đặc biệt và đầy yêu thương.,143,1,2,2024-05-13 03:30:30,Photo
https://www.facebook.com/thmilk/posts/pfbid02joTqMnnyZ3YoWY4bSVFtQskE3mvnb4BvNsvsZqjQA77PECnQM1S8kzUvrinzs3dTl,"☀️Sữa dinh dưỡng cho người lớn TH true MILK GOLD là món quà sức khỏe ý nghĩa để thể hiện tình cảm và sự biết ơn đến người mẹ yêu thương trong dịp đặc biệt này - Ngày của Mẹ 12/5. Sản phẩm được bổ sung bộ dưỡng chất hỗ trợ cải thiện sức khỏe tổng thể cho người lớn với 6 nhóm lợi ích:
- Sterol este thực vật tốt cho tim mạch
- GABA – hỗ trợ cải thiện chất lượng giấc ngủ
- Calci, Vitamin D3, K2 và collagen tốt cho xương khớp
- Chất xơ inulin tốt cho tiêu hóa
- Kẽm, beta-glucan nâng cao đề kháng
- Vitamin và khoáng chất tốt cho sức khỏe tổng thể.
Ngoài ra, sản phẩm được nghiên cứu và phát triển với những đặc điểm riêng phù hợp cho người lớn tại Việt Nam như: 
 Dễ tiêu hoá: Hàm lượng Lactose thấp, đựợc bổ sung chất xơ 
 Tốt hơn cho sức khoẻ: Ít Béo, Không bổ sung đường 
Hãy ghé thăm hệ thống cửa hàng TH true mart toàn quốc và gian hàng online của TH trên các ứng dụng giao hàng, sàn thương mại điện tử để lựa chọn món quà ý nghĩa dành cho mẹ & nhận ưu đãi giảm 20% khi mua 1 thùng, áp dụng từ ngày 1/5-30/6 bạn nhé. 

► Danh sách cửa hàng toàn quốc: https://www.thmilk.vn/he-thong-cua-hang/
► Shopee: https://shopee.vn/th_truemart_officialstore
► Lazada: https://www.lazada.vn/shop/th-true-mart
► Grabmart: http://bit.ly/THtruemart-GrabMart
► ShopeeFood: https://bit.ly/THtruemart-ShopeeFood
►  TikTok Shop: https://bit.ly/THtruemart-TikTokShop",100,32,9,2024-05-11 18:50:30,Photo
https://www.facebook.com/thmilk/videos/815260660051103/," TIẾP NĂNG LƯỢNG TH true YOGURT, TRÚNG HƠN 80.000 QUÀ TẶNG

Giải thưởng “Quay số may mắn”
 20 điện thoại Iphone 15 Promax 256GB
 3.000 Cặp vé xem phim CGV 2D
 80.000 Giải thẻ nạp điện thoại mệnh giá 10.000 đồng

Giải thưởng “Tích điểm online”
5.000 Balo TH true YOGURT

Từ nay đến hết 15/07/2024, khi mua 01 lốc (04 hộp) sản phẩm Sữa chua uống tiệt trùng TH true YOGURT hộp giấy 180 ml có gắn thẻ dự thưởng sẽ nhận được 01 mã số quay may mắn.

Truy cập trực tiếp website https://quatangyogurt.thmilk.vn hoặc scan mã QR trên thẻ, tham gia chương trình Quay số may mắn và Tích điểm online để có cơ hội trúng hơn 80.000 quà tặng từ TH true YOGURT.

Ghé thăm hệ thống siêu thị toàn quốc, hệ thống cửa hàng TH true mart hoặc đặt hàng online ngay:
► Website: https://www.thtruemart.vn/
► Danh sách cửa hàng toàn quốc: https://www.thmilk.vn/he-thong-cua-hang/
► Shopee: https://shopee.vn/th_truemart_officialstore
► Lazada: https://www.lazada.vn/shop/th-true-mart
► Grabmart: http://bit.ly/THtruemart-GrabMart
► ShopeeFood: https://bit.ly/THtruemart-ShopeeFood",2243,31,10,2024-05-10 10:10:31,Video
https://www.facebook.com/thmilk/videos/473146151825824/," TIẾP NĂNG LƯỢNG TH true YOGURT, TRÚNG HƠN 80.000 QUÀ TẶNG

Giải thưởng “Quay số may mắn”
 20 điện thoại Iphone 15 Promax 256GB
 3.000 Cặp vé xem phim CGV 2D
 80.000 Giải thẻ nạp điện thoại mệnh giá 10.000 đồng

Giải thưởng “Tích điểm online”
5.000 Balo TH true YOGURT

Từ nay đến hết 15/07/2024, khi mua 01 lốc (04 hộp) sản phẩm Sữa chua uống tiệt trùng TH true YOGURT hộp giấy 180 ml có gắn thẻ dự thưởng sẽ nhận được 01 mã số quay may mắn.

Truy cập trực tiếp website https://quatangyogurt.thmilk.vn hoặc scan mã QR trên thẻ, tham gia chương trình Quay số may mắn và Tích điểm online để có cơ hội trúng hơn 80.000 quà tặng từ TH true YOGURT.

Ghé thăm hệ thống siêu thị toàn quốc, hệ thống cửa hàng TH true mart hoặc đặt hàng online ngay:
► Website: https://www.thtruemart.vn/
► Danh sách cửa hàng toàn quốc: https://www.thmilk.vn/he-thong-cua-hang/
► Shopee: https://shopee.vn/th_truemart_officialstore
► Lazada: https://www.lazada.vn/shop/th-true-mart
► Grabmart: http://bit.ly/THtruemart-GrabMart
► ShopeeFood: https://bit.ly/THtruemart-ShopeeFood",337,19,8,2024-05-10 10:09:08,Video
https://www.facebook.com/thmilk/posts/pfbid05txR2LmDpUj5WNPbCLbxcbooPGWLp5XPQ5XVmM852yXotBAwW9oi1c8ku4f4DFC5l,"KẾT QUẢ MINIGAME THU GOM VỎ HỘP - LAN TỎA SỐNG XANH 2024

 ĐÁP ÁN ĐÚNG: Đáp án C. Cả A và B

 Chúc mừng 5 khách hàng may mắn đã trả lời đúng đáp án Minigame và nhận được combo túi vải canvas và sổ tay TH thân thiện với môi trường!
1. https://www.facebook.com/binh.tranthicam?comment_id=Y29tbWVudDo4NDAxOTkyOTgxNTAxNDRfOTU0MDMzODM5NzEwNDU4 
2. https://www.facebook.com/bongbin2015?comment_id=Y29tbWVudDo4NDAxOTkyOTgxNTAxNDRfMTc0MzM0NTU0NjE1NDc5Mg%3D%3D 
3. https://www.facebook.com/jery.vu.1?comment_id=Y29tbWVudDo4NDAxOTkyOTgxNTAxNDRfMzQ2NTA1MTQ1MDk5OTk1 
4. https://www.facebook.com/profile.php?id=100011371069388&comment_id=Y29tbWVudDo4NDAxOTkyOTgxNTAxNDRfOTc4NjEwMzk2OTQ3Mjc0 
5. https://www.facebook.com/profile.php?id=100023985465772&comment_id=Y29tbWVudDo4NDAxOTkyOTgxNTAxNDRfMTE1NDYzNDQ0NTg3MDI3NQ%3D%3D

Các khách hàng may mắn trúng thưởng, vui lòng nhắn tin thông tin nhận thưởng qua fanpage.

Chương trình thu gom vỏ hộp vẫn tiếp tục diễn ra đến hết ngày 31/12/2024, đừng quên tham gia để cùng TH góp phần bảo vệ môi trường nhé!
 Thời gian thu gom: 8:00 - 17:30 mỗi ngày, từ ngày 01/02 đến hết 31/12/2024
 Địa điểm: 20 cửa hàng TH true mart tại Hà Nội và TP. Hồ Chí Minh (chi tiết xem tại https://bit.ly/TH-stores-list-2024)
 Để biết thêm thông tin chi tiết về chương trình, vui lòng xem tại: https://thugomvohop.thmilk.vn/",102,8,2,2024-05-08 07:00:32,Photo
https://www.facebook.com/reel/432969119471103/,"TIẾP NĂNG LƯỢNG TH true YOGURT, TRÚNG HƠN 80.000 QUÀ TẶNG

❗️Từ nay đến hết 15/07/2024, khi mua 01 lốc (04 hộp) sản phẩm Sữa chua uống tiệt trùng TH true YOGURT hộp giấy 180 ml sẽ nhận được 01 thẻ dự thưởng in mã số quay thưởng. 

 Tham gia ngay chương trình Quay số may mắn và Tích điểm online tại website https://quatangyogurt.thmilk.vn để có cơ hội trúng hơn 80.000 quà tặng hấp dẫn!

Ghé thăm hệ thống siêu thị toàn quốc, hệ thống cửa hàng TH true mart hoặc đặt hàng online ngay:
► Website: https://www.thtruemart.vn/
► Danh sách cửa hàng toàn quốc: https://www.thmilk.vn/he-thong-cua-hang/
► Shopee: https://shopee.vn/th_truemart_officialstore
► Lazada: https://www.lazada.vn/shop/th-true-mart
► Grabmart: http://bit.ly/THtruemart-GrabMart
► ShopeeFood: https://bit.ly/THtruemart-ShopeeFood",113,8,15,2024-05-06 03:51:56,Video
https://www.facebook.com/thmilk/posts/pfbid0rkLjRtYqagjvUgSf3h5KDjx42KL3JELqxytg2MCQ8fE8MN9skXWwNsmsdbhhRm85l,"Bạn có biết vỏ hộp sữa sau khi được sử dụng có thể “hóa thân” trở thành nguyên liệu sản xuất những vật dụng hữu ích và thân thiện với môi trường? Nhờ vào quy trình tái chế, những vỏ hộp sữa tưởng chừng như vô dụng sẽ trở nên hoàn toàn có ích! 

Thật thú vị khi biết rằng, trung bình cứ 8.000 vỏ hộp sữa sẽ được tái chế thành một tấm lợp sinh thái, giúp che chở cho những mái nhà ấm áp, nhờ vào thành phần lõi nhôm và nhựa bên trong vỏ hộp đó!
                                                                                                                                                                                                                                                                                                                                                                                                                                                                                                                                                                                  
Hãy tham gia chương trình “Thu gom vỏ hộp - Lan tỏa sống xanh 2024” để cùng TH chung tay biến những vỏ hộp sữa đã qua sử dụng thành tài nguyên và bảo vệ môi trường sống bạn nhé!
☘ Thời gian thu gom: 8:00-17:30 mỗi ngày, từ ngày 01/02 đến hết 31/12/2024 
☘ Địa điểm: 20 cửa hàng tại Hà Nội và TP. Hồ Chí Minh (chi tiết xem tại https://bit.ly/TH-stores-list-2024 )
☘ Để biết thêm thông tin chi tiết về chương trình, vui lòng xem tại: https://thugomvohop.thmilk.vn/",113,14,3,2024-05-04 07:44:59,Photo
https://www.facebook.com/thmilk/videos/742977891240963/,"Nhận ngay 01 sản phẩm cùng loại khi mua 08 sản phẩm Thức uống Sữa Lúa Mạch TH true CHOCOMALT MISTORI, dung tích 180 ml và 110 ml. Chương trình áp dụng đến hết 30/6/2024 hoặc khi hết quà tặng. 

Thức uống Sữa Lúa Mạch TH true CHOCOMALT MISTORI cung cấp các chất dinh dưỡng từ sữa tươi như calci, vitamin… cùng chiết xuất lúa mạch tự nhiên mang đến nguồn năng lượng hoàn toàn từ thiên nhiên, cho trẻ luôn sẵn sàng cho mọi hoạt động hàng ngày. 

---------------
Ghé thăm hệ thống siêu thị toàn quốc, hệ thống cửa hàng TH true mart hoặc đặt hàng online ngay:
► Website: https://www.thtruemart.vn/
► Danh sách cửa hàng: https://www.thmilk.vn/he-thong-cua-hang/",92,12,4,2024-05-02 11:38:02,Video
https://www.facebook.com/thmilk/posts/pfbid0P6Ur8GsZhtDvKvYKM1KfXLaHaVGs3buABe6WzsbTQt4Dw6N7rb14RpvcLa6SCUWjl,"☀️Giải nhiệt mùa hè với cùng kem TH true ICE CREAM với chương trình khuyến mãi tại hệ thống cửa hàng TH true mart toàn quốc & các ứng dụng giao hàng: 
- Mua 4 kem (kem que 52 g/ốc quế/sandwich/TOPKID) tặng 1 kem TOPKID 
- Mua 4 kem hộp 50 g tặng 1 kem hộp 50g 
- Mua 2 kem 180 g tặng 1 kem ốc quế

Được làm hoàn toàn từ sữa tươi sạch của trang trại TH, kem TH true ICE CREAM có kết cấu mềm mịn, giữ trọn các dưỡng chất có trong sữa tươi. Sản phẩm kết hợp cùng các nguyên liệu tự nhiên mang đến vị ngon thật sự thiên nhiên. 

 Mua ngay tại: 
- Hệ thống cửa hàng TH true mart toàn quốc: https://www.thmilk.vn/he-thong-cua-hang/
- Grabmart: https://grb.to/THtruemart
- Shopeefood: https://shopeefood.vn/thuong-hieu/th-true-mart

☀️Lưu ý: 
- Chương trình áp dụng từ 1-31/5/2024
- Số lượng quà tặng có thể hết trước thời gian áp dụng.  Quà tặng tùy hình thực tế từng cửa hàng.",1329,46,26,2024-05-01 01:32:58,unknown
https://www.facebook.com/thmilk/posts/pfbid021JGFJyAKU4aACBipsrDtPpD7bRRCEPzvFecptKvEx2mDARiheTXCkb9Rdug6yCnVl,"Nhận ngay 01 sản phẩm cùng loại khi mua 08 sản phẩm Thức uống Sữa Lúa Mạch TH true CHOCOMALT MISTORI, dung tích 180 ml và 110 ml. Chương trình áp dụng đến hết 30/6/2024 hoặc khi hết quà tặng. 

Thức uống Sữa Lúa Mạch TH true CHOCOMALT MISTORI cung cấp các chất dinh dưỡng từ sữa tươi như calci, vitamin… cùng chiết xuất lúa mạch tự nhiên mang đến nguồn năng lượng hoàn toàn từ thiên nhiên, cho trẻ luôn sẵn sàng cho mọi hoạt động hàng ngày. 

---------------
Ghé thăm hệ thống siêu thị toàn quốc, hệ thống cửa hàng TH true mart hoặc đặt hàng online ngay:
► Website: https://www.thtruemart.vn/
► Danh sách cửa hàng: https://www.thmilk.vn/he-thong-cua-hang/",4185,159,38,2024-04-29 15:27:54,Photo
https://www.facebook.com/thmilk/posts/pfbid02vM9cSw4fMPz3QZgJPvnbxi2S7hzP4qu5GLQ1wpgqH74eDGkxZH5qc8vKJxvkQxLpl,"Tặng ngay 1 sản phẩm cùng loại khi mua 8 sản phẩm Sữa chua uống tiệt trùng TH true YOGURT TOPKID hoặc Nước uống sữa trái cây TH true JUICE milk TOPKID, dung tích 180 ml và 110 ml từ nay đến hết 30/06/2024.

Đến ngay hệ thống cửa hàng, siêu thị để nhận ưu đãi từ Sữa chua uống tiệt trùng và Nước uống sữa trái cây TOPKID bạn nhé!

---------------
Ghé thăm hệ thống siêu thị toàn quốc, hệ thống cửa hàng TH true mart hoặc đặt hàng online ngay:
► Website: https://www.thtruemart.vn/
► Danh sách cửa hàng: https://www.thmilk.vn/he-thong-cua-hang/",108,11,11,2024-04-28 05:22:50,Photo
https://www.facebook.com/thmilk/posts/pfbid02D53c3HQPUQG9ePyjfAr3gj3xWsv8zvvFmhYJ3CcBAG5AAZKryAi984rVr5wk2dGVl," Ưu đãi hấp dẫn từ Sữa dinh dưỡng cho người lớn TH true MILK GOLD: Giảm 20% khi mua 1 thùng, áp dụng từ ngày 1/5-30/6 tại hệ thống cửa hàng TH true mart toàn quốc & gian hàng thương mại điện TH true mart.

Sữa dinh dưỡng cho người lớn TH true MILK GOLD là món quà sức khỏe ý nghĩa để thể hiện tình cảm và sự biết ơn đến người mẹ yêu thương trong dịp đặc biệt này - Ngày của Mẹ 12/5. Sản phẩm được bổ sung bộ dưỡng chất hỗ trợ cải thiện sức khỏe tổng thể cho người lớn với 6 nhóm lợi ích:
- Sterol este thực vật tốt cho tim mạch
- GABA – hỗ trợ cải thiện chất lượng giấc ngủ
- Calci, Vitamin D3, K2 và collagen tốt cho xương khớp
- Chất xơ inulin tốt cho tiêu hóa
- Kẽm, beta-glucan nâng cao đề kháng
- Vitamin và khoáng chất tốt cho sức khỏe tổng thể.

Ngoài ra, sản phẩm được nghiên cứu và phát triển với những đặc điểm riêng phù hợp cho người lớn tại Việt Nam như: 
 Dễ tiêu hoá: Hàm lượng Lactose thấp, đựợc bổ sung chất xơ 
 Tốt hơn cho sức khoẻ: Ít Béo, Không bổ sung đường 

Hãy ghé thăm hệ thống cửa hàng TH true mart toàn quốc và gian hàng online của TH trên các ứng dụng giao hàng, sàn thương mại điện tử để lựa chọn món quà ý nghĩa dành cho mẹ các bạn nhé!
► Danh sách cửa hàng toàn quốc: https://www.thmilk.vn/he-thong-cua-hang/
► Shopee: https://shopee.vn/th_truemart_officialstore
► Lazada: https://www.lazada.vn/shop/th-true-mart
► Grabmart: http://bit.ly/THtruemart-GrabMart
► ShopeeFood: https://bit.ly/THtruemart-ShopeeFood
►  TikTok Shop: https://bit.ly/THtruemart-TikTokShop",94,12,9,2024-04-26 19:17:47,Photo
https://www.facebook.com/thmilk/posts/pfbid0eL6kQ4S59L6vD7uUnZGxZxhXTQHRrV9CP71hh3zQDUk6Zj2pFoz97ztwYYhJ1aBZl,"Kiên định với giá trị cốt lõi ""Hoàn toàn từ thiên nhiên"", các sản phẩm TH đều nói ""không"" với chất bảo quản. Tập đoàn TH ứng dụng các công nghệ và dây chuyền hiện đại hàng đầu thế giới trong ngành thực phẩm như công nghệ tiệt trùng aseptic, dây chuyền chiết rót vô trùng, nhằm mang tới những sản phẩm tốt nhất với chi phí và giá thành hợp lý, vì sức khỏe cộng đồng và vì tầm vóc Việt.",79,11,5,2024-04-25 09:12:43,GenericAttachmentMedia
https://www.facebook.com/thmilk/posts/pfbid07CXeVMQAQg9ssCPBJHkkJSzFR5s5FTbPjJuytbWRWGPiCCPaSDj7Bgkk61LQpbwTl,"Trong tuần lễ ngày Trái đất từ 22/04 – 28/04/2024, 250 khách hàng đầu tiên khi đem tối thiểu 30 vỏ hộp sữa TH đến mỗi cửa hàng nằm trong danh sách 20 cửa hàng tham gia chương trình “Thu gom vỏ hộp, lan tỏa sống xanh 2024”  sẽ được tặng 01 Sổ tay TH

Cùng tham gia ""Thu gom vỏ hộp, Lan tỏa sống xanh 2024"" để góp phần bảo vệ môi trường. Với mỗi kilogram vỏ hộp sữa giấy thu gom, bạn đã đóng góp 100.000đ vào ""Dự án giám sát bảo tồn rạn san hô tại Vườn quốc gia Cát Bà""  

☘ Thời gian thu gom: 8:00-17:30 mỗi ngày, từ ngày 01/02 đến hết 31/12/2024 
☘ Địa điểm: 20 cửa hàng tại Hà Nội và TP. Hồ Chí Minh (chi tiết xem tại https://bit.ly/TH-stores-list-2024 )
☘ Để biết thêm thông tin chi tiết về chương trình, vui lòng xem tại: https://thugomvohop.thmilk.vn/",155,35,9,2024-04-23 23:07:39,Photo
https://www.facebook.com/thmilk/videos/761821362718687/,"MINIGAME THU GOM VỎ HỘP, LAN TỎA SỐNG XANH 2024

Cùng tham gia minigame của chương trình ""Thu gom vỏ hộp, Lan tỏa sống xanh 2024"" để nhận trọn bộ combo túi vải canvas và sổ tay TH thân thiện với môi trường nhé!

⚡ Cách thức tham gia minigame: 
- Bước 1: Comment chính xác đáp án của câu hỏi sau: Chương trình “Thu gom vỏ hộp, Lan tỏa sống xanh 2024” sẽ tặng 01 sổ tay cho 250 khách hàng đầu tiên đem tối thiểu 30 vỏ hộp sữa TH đến mỗi cửa hàng nằm trong danh sách 20 cửa hàng tham gia chương trình trong thời gian nào?  

Đáp án A: Trong tuần lễ Ngày Trái đất từ 22/04 – 28/04/2024
Đáp án B: Trong tuần lễ Ngày Môi trường Thế giới từ 03/06- 09/06/2024
Đáp án C: Cả A và B 

- Bước 2: Comment đáp án dưới bài viết này và tag 2 người bạn  
- Bước 3: Share bài viết ở chế độ công khai kèm hashtag #THUGOMVOHOP #LANTOASONGXANH2024

 Giải thưởng: 05 bộ quà tặng bao gồm 01 túi vải Canvas TH và 01 sổ tay TH thân thiện với môi trường cho 05 khách hàng may mắn nhất thực hiện đầy đủ các bước minigame nêu trên. 

 Thể lệ chung: Thời gian diễn ra minigame diễn ra đến hết 23:59 ngày 28/04/2024. Mỗi khách hàng chỉ tham gia một lần với 1 tài khoản Facebook cá nhân duy nhất. Danh sách 05 khách hàng may mắn được dự kiến công bố trên fanpage TH true MILK vào ngày 02/05/2024.",161,79,30,2024-04-22 13:02:36,Video
https://www.facebook.com/reel/755763346747332/,"Uống TH true CHOCOMALT MISTORI rinh ngay quà xịn với “SĂN THẺ STICKER - NHẬN QUÀ ĐỈNH CHÓP”!

Chương trình diễn ra từ nay đến hết ngày 31/07/2024, hãy nhanh tay săn thẻ sticker để có cơ hội rinh về hàng ngàn quà tặng hấp dẫn nhé!

❗Lưu ý: Chương trình kết thúc khi hết quà tặng. Quý khách vui lòng truy cập website https://khuyenmaimistori.thmilk.vn/home để cập nhật số lượng quà tặng còn lại.

Ghé thăm hệ thống siêu thị toàn quốc, hệ thống cửa hàng TH true mart hoặc đặt hàng online ngay:
► Website: https://www.thtruemart.vn/
► Danh sách cửa hàng: https://www.thmilk.vn/he-thong-cua-hang/",130,50,39,2024-04-20 03:08:40,Video
https://www.facebook.com/thmilk/posts/pfbid02CeN46FCDpjKkD4ZZXc4hLp77dStYmmqHe4jNN2XJ44bDCCWpdaibLXg9W6T1qUt1l,"Chương trình “Thu gom vỏ hộp - Lan tỏa sống xanh 2024” đã thu gom được gần 620 kg vỏ hộp sữa sau hơn 2 tháng diễn ra chương trình, tương đương với gần 62 triệu đồng vào “Dự án giám sát bảo tồn rạn san hô tại Vườn Quốc gia Cát Bà”.

Những vỏ hộp sữa sau khi được thu gom sẽ được tái chế thành nguyên liệu sản xuất các sản phẩm thân thiện với môi trường, bao gồm sổ tay, tấm lợp sinh thái, bàn ghế… Hãy tham gia thu gom vỏ hộp cùng TH để chung tay góp phần bảo vệ môi trường nhé!

Thời gian thu gom: 8:00 - 17:30 mỗi ngày, từ ngày 01/02 đến hết 31/12/2024
Địa điểm: 20 cửa hàng TH true mart tại Hà Nội và TP. Hồ Chí Minh (chi tiết xem tại https://bit.ly/TH-stores-list-2024)
Để biết thêm thông tin chi tiết về chương trình, vui lòng xem tại: www.thugomvohop.thmilk.vn",122,19,6,2024-04-18 05:42:35,Photo
https://www.facebook.com/thmilk/videos/350784564645148/," Tham gia Chương trình Sưu tầm thẻ hay, Nhận quà liền tay cùng TH TOPKID theo các bước sau đây để nhận ngay những phần quà hấp dẫn! 

 Bước 1: Mua lốc Sữa chua uống tiệt trùng TH true YOGURT TOPKID hoặc Nước uống Sữa trái cây TH true JUICE milk TOPKID 
 Bước 2: Sưu tầm đủ các thẻ Doraemon hoặc thẻ Đồng hồ định vị trong mỗi lốc sữa để nhận các phần quà sau: 
 01 thẻ đồng hồ định vị đổi 01 Đồng hồ định vị trẻ em myAlo K74   
 24 thẻ đổi 01 Ly nước hai lớp Doraemon (Số lượng: 50.000 Ly nước hai lớp Doraemon)
 36 thẻ đổi 01 Túi đeo chéo Doraemon (Số lượng: 30.000 Túi đeo chéo Doraemon)
Lưu ý: Số lượng Ly nước hai lớp Doraemon và Túi đeo chéo Doraemon có hạn và có thể hết trước thời hạn. Nếu một trong hai loại quà tặng hết trước, Khách hàng đổi sang quà tặng còn lại theo đúng thể lệ chương trình. Quý Khách hàng truy cập website khuyenmaitopkid.thmilk.vn để cập nhật số lượng quà tặng còn lại.
 Bước 3: Đến các cửa hàng TH true mart hoặc điểm bán lẻ bán sản phẩm có tham gia chương trình để đổi quà 

Chi tiết chương trình xem tại: https://khuyenmaitopkid.thmilk.vn/ 
Ghé thăm hệ thống siêu thị toàn quốc, hệ thống cửa hàng TH true mart hoặc đặt hàng online ngay: 
► Website: https://www.thtruemart.vn/ 
► Danh sách cửa hàng: https://www.thmilk.vn/he-thong-cua-hang/",3461,67,15,2024-04-16 08:16:30,Video
https://www.facebook.com/thmilk/posts/pfbid0GLxnmi9XVxLou9SRMDfoinQAShoVSYWvHR1VGVRSAuauaiccKhKrrvpebFg2kUnml," Tham gia Chương trình Sưu tầm thẻ hay, Nhận quà liền tay cùng TH TOPKID theo các bước sau đây để nhận ngay những phần quà hấp dẫn! 

 Bước 1: Mua lốc Sữa chua uống tiệt trùng TH true YOGURT TOPKID hoặc Nước uống Sữa trái cây TH true JUICE milk TOPKID 
 Bước 2: Sưu tầm đủ các thẻ Doraemon hoặc thẻ Đồng hồ định vị trong mỗi lốc sữa để nhận các phần quà sau: 
 01 thẻ đồng hồ định vị đổi 01 Đồng hồ định vị trẻ em myAlo K74   
 24 thẻ đổi 01 Ly nước hai lớp Doraemon (Số lượng: 50.000 Ly nước hai lớp Doraemon)
 36 thẻ đổi 01 Túi đeo chéo Doraemon (Số lượng: 30.000 Túi đeo chéo Doraemon)
Lưu ý: Số lượng Ly nước hai lớp Doraemon và Túi đeo chéo Doraemon có hạn và có thể hết trước thời hạn. Nếu một trong hai loại quà tặng hết trước, Khách hàng đổi sang quà tặng còn lại theo đúng thể lệ chương trình. Quý Khách hàng truy cập website khuyenmaitopkid.thmilk.vn để cập nhật số lượng quà tặng còn lại.
 Bước 3: Đến các cửa hàng TH true mart hoặc điểm bán lẻ bán sản phẩm có tham gia chương trình để đổi quà. 

Chi tiết chương trình xem tại: https://khuyenmaitopkid.thmilk.vn/ 
Ghé thăm hệ thống siêu thị toàn quốc, hệ thống cửa hàng TH true mart hoặc đặt hàng online ngay: 
► Website: https://www.thtruemart.vn/ 
► Danh sách cửa hàng: https://www.thmilk.vn/he-thong-cua-hang/",4154,199,60,2024-04-14 14:08:12,Photo
https://www.facebook.com/thmilk/posts/pfbid035bUpqUCxR19EmF1xtLw2gF1xHc7bMBAw91tzwBLpwXdYShapD3JXFLg9LQSqZ7Gtl,"☀️Ưu đãi hấp dẫn từ Kem TH true ICE CREAM áp dụng khi mua hàng trực tiếp tại hệ thống cửa hàng TH true mart từ 15/4 – 30/4: Tặng 01 chai trà TH true TEA khi mua 2 kem ốc quế Dâu – Vanilla 

Được làm hoàn toàn từ sữa tươi sạch của trang trại TH, kem TH true ICE CREAM có kết cấu mềm mịn, giữ trọn các dưỡng chất có trong sữa tươi. Sản phẩm kết hợp cùng các nguyên liệu tự nhiên mang đến vị ngon thật sự thiên nhiên. Ghé ngay cửa hàng gần nhất để không bỏ lỡ các ưu đãi hấp dẫn, bạn nhé:  https://www.thmilk.vn/he-thong-cua-hang/
---
► Số lượng quà tặng có hạn, chương trình có thể kết thúc sớm hơn dự kiến.
► Chi tiết chương trình liên hệ tại cửa hàng.",137,0,3,2024-04-12 19:59:54,Photo
https://www.facebook.com/thmilk/posts/pfbid0Gzrn3GgRV3VLC6Vk9ZFAVSAQD7oMpb7FwQcjzvu6CTZs7rhoKCeSw6cE36pnScYbl,"TIẾP NĂNG LƯỢNG TH true YOGURT, TRÚNG HƠN 80.000 QUÀ TẶNG

Từ nay đến hết 15/07/2024, khi mua 01 lốc (04 hộp) sản phẩm Sữa chua uống tiệt trùng TH true YOGURT hộp giấy 180 ml có gắn thẻ dự thưởng sẽ nhận được 01 mã số quay may mắn.

Truy cập trực tiếp website https://quatangyogurt.thmilk.vn hoặc scan mã QR trên thẻ, tham gia chương trình Quay số may mắn và Tích điểm online để có cơ hội trúng hơn 80.000 quà tặng từ TH true YOGURT.

 Giải thưởng “Quay số may mắn”
 20 điện thoại Iphone 15 Promax 256GB
 3.000 Cặp vé xem phim CGV 2D
 80.000 Giải thẻ nạp điện thoại mệnh giá 10.000 đồng

 Giải thưởng “Tích điểm online”(*)
5.000 Balo TH true YOGURT
(*) Chương trình Tích điểm online kết thúc khi hết quà tặng. Quý khách hàng truy cập website quatangyogurt.thmilk.vn để cập nhật số lượng quà tặng còn lại.

Ghé thăm hệ thống siêu thị toàn quốc, hệ thống cửa hàng TH true mart hoặc đặt hàng online ngay:
► Website: https://www.thtruemart.vn/
► Danh sách cửa hàng toàn quốc: https://www.thmilk.vn/he-thong-cua-hang/
► Shopee: https://shopee.vn/th_truemart_officialstore
► Lazada: https://www.lazada.vn/shop/th-true-mart
► Grabmart: http://bit.ly/THtruemart-GrabMart
► ShopeeFood: https://bit.ly/THtruemart-ShopeeFood",133,13,8,2024-04-11 01:51:36,Photo
https://www.facebook.com/thmilk/videos/1629818931097416/,"Từ nay đến hết 31/07/2024, khi mua 04 hộp (01 lốc) Thức uống Sữa Lúa Mạch TH true CHOCOMALT MISTORI 110 ml và 180 ml sẽ được tặng 01 thẻ sticker. Nhập mã quay thưởng in trên thẻ lên website https://khuyenmaimistori.thmilk.vn để tham gia Chương trình Quay thưởng và Tích thẻ đổi quà online với cơ hội trúng hàng chục ngàn quà tặng hấp dẫn:

Quà tặng chương trình Quay thưởng:
 30 Giải Nhất: 01 Apple Airpods Max
 30.000 Giải Nhì: 01 Thẻ điện thoại 20.000 Đ 
 60.000 Giải Ba: 01 Thẻ điện thoại 10.000 Đ

Quà tặng chương trình Tích thẻ đổi quà online:
☀️ 5.000 Giải tích thẻ đổi quà online: 01 Gối MISTORI
Mỗi mã in trên thẻ tương đương với 01 điểm, 36 điểm đổi 01 Gối MISTORI.

Lưu ý: Chương trình kết thúc khi hết quà tặng. Quý Khách hàng truy cập website https://khuyenmaimistori.thmilk.vn để cập nhật số lượng quà tặng còn lại.

Ghé thăm hệ thống siêu thị toàn quốc, hệ thống cửa hàng TH true mart hoặc đặt hàng online ngay:
► Website: https://www.thtruemart.vn/
► Danh sách cửa hàng: https://www.thmilk.vn/he-thong-cua-hang/",2668,33,27,2024-04-09 07:43:18,Video
https://www.facebook.com/thmilk/posts/pfbid02hjfERTrD8enByBuXJh2VC3sdaG9id39yyFhKAoUMuHJfkkCKNdMyTcprGiYwDa4Bl,"☀️Ưu đãi hấp dẫn từ Kem TH true ICE CREAM áp dụng khi mua hàng trực tiếp tại hệ thống cửa hàng TH true mart từ 5/4 – 14/4 như sau:
- Tặng 01 túi giữ nhiệt hoặc túi mỹ phẩm khi mua 3 kem cùng loại (Kem Sandwich/ Kem Hộp 50 g/ Kem Ốc Quế) (áp dụng cửa hàng TH true mart khu vực Miền Bắc, Miền Trung)
- Tặng 01 chai trà TH true TEA khi mua 2 kem ốc quế Dâu – Vanilla (áp dụng TH true mart khu vực Miền Nam)

Được làm hoàn toàn từ sữa tươi sạch của trang trại TH, kem TH true ICE CREAM có kết cấu mềm mịn, giữ trọn các dưỡng chất có trong sữa tươi. Sản phẩm kết hợp cùng các nguyên liệu tự nhiên mang đến vị ngon thật sự thiên nhiên. Ghé ngay cửa hàng gần nhất để không bỏ lỡ các ưu đãi hấp dẫn, bạn nhé:  https://www.thmilk.vn/he-thong-cua-hang/
---
► Số lượng quà tặng có hạn, chương trình có thể kết thúc sớm hơn dự kiến.
► Chi tiết chương trình liên hệ tại cửa hàng.",167,18,6,2024-04-06 20:05:02,unknown
https://www.facebook.com/thmilk/videos/270494039451257/," Bánh Red Velvet - Gửi yêu thương từ trái tim 

Thành phần của bánh Nhung đỏ ( Red Velvet) như các loại bánh ngọt điển hình gồm bột mì, đường, bơ và trứng nhưng được “fan” mê đồ ngọt yêu thích nhờ hương vị cổ điển và sắc màu bắt mắt. 

 Một trong những điều ghi điểm cho công thức bánh này là sử dụng TH true BUTTER – Bơ lạt tự nhiên từ sữa tươi sạch nguyên chất trang trại TH, đem đến cốt bánh mềm mịn, ẩm mượt đặc trưng riêng.

❤️ Cùng vào bếp thử tặng người thân yêu món quà ngọt ngào này cùng TH true BUTTER nhé!

#BánhRedVelvet #THtrueBUTTER #Bolattunhien; #Botusuatuoisach",103,7,4,2024-04-04 08:26:47,Video
https://www.facebook.com/thmilk/videos/1955698624890011/,"Từ nay đến hết 31/07/2024, khi mua 04 hộp (01 lốc) Thức uống Sữa Lúa Mạch TH true CHOCOMALT MISTORI 110 ml và 180 ml sẽ được tặng 01 thẻ sticker. Nhập mã quay thưởng in trên thẻ lên website https://khuyenmaimistori.thmilk.vn để tham gia Chương trình Quay thưởng và Tích thẻ đổi quà online với cơ hội trúng hàng chục ngàn quà tặng hấp dẫn:

Quà tặng chương trình Quay thưởng:
 30 Giải Nhất: 01 Apple Airpods Max
 30.000 Giải Nhì: 01 Thẻ điện thoại 20.000 Đ 
 60.000 Giải Ba: 01 Thẻ điện thoại 10.000 Đ

Quà tặng chương trình Tích thẻ đổi quà online:
☀️ 5.000 Giải tích thẻ đổi quà online: 01 Gối MISTORI
Mỗi mã in trên thẻ tương đương với 01 điểm, 36 điểm đổi 01 Gối MISTORI.

Lưu ý: Chương trình kết thúc khi hết quà tặng. Quý Khách hàng truy cập website https://khuyenmaimistori.thmilk.vn để cập nhật số lượng quà tặng còn lại.

Ghé thăm hệ thống siêu thị toàn quốc, hệ thống cửa hàng TH true mart hoặc đặt hàng online ngay:
► Website: https://www.thtruemart.vn/
► Danh sách cửa hàng: https://www.thmilk.vn/he-thong-cua-hang/",421,4,7,2024-04-05 02:45:49,Video
https://www.facebook.com/thmilk/posts/pfbid02mYhdDfS49jeQFH3ZPvqW8S4ZQoFvump1UDzPX6BrjgVHUJKSqKdcUWd51WjBheZml,"Từ nay đến hết 31/07/2024, khi mua 04 hộp (01 lốc) Thức uống Sữa Lúa Mạch TH true CHOCOMALT MISTORI 110 ml và 180 ml sẽ được tặng 01 thẻ sticker. Nhập mã quay thưởng in trên thẻ lên website https://khuyenmaimistori.thmilk.vn để tham gia Chương trình Quay thưởng và Tích thẻ đổi quà online với cơ hội trúng hàng chục ngàn quà tặng hấp dẫn:

Quà tặng chương trình Quay thưởng:
 30 Giải Nhất: 01 Apple Airpods Max
 30.000 Giải Nhì: 01 Thẻ điện thoại 20.000 Đ 
 60.000 Giải Ba: 01 Thẻ điện thoại 10.000 Đ

Quà tặng chương trình Tích thẻ đổi quà online:
☀️ 5.000 Giải tích thẻ đổi quà online: 01 Gối MISTORI
Mỗi mã in trên thẻ tương đương với 01 điểm, 36 điểm đổi 01 Gối MISTORI.

Lưu ý: Chương trình kết thúc khi hết quà tặng. Quý Khách hàng truy cập website https://khuyenmaimistori.thmilk.vn để cập nhật số lượng quà tặng còn lại.

Ghé thăm hệ thống siêu thị toàn quốc, hệ thống cửa hàng TH true mart hoặc đặt hàng online ngay:
► Website: https://www.thtruemart.vn/
► Danh sách cửa hàng: https://www.thmilk.vn/he-thong-cua-hang/",3924,62,39,2024-04-04 04:47:16,Photo
https://www.facebook.com/thmilk/posts/pfbid024ssY2EutJMFLV7omDHEQxkeWnBVK6CGqB41FfU5eDZuZRUrxT8uh8rVaezwbRDPTl,"Chúc mừng 5 khách hàng may mắn đã rinh về combo túi vải Canvas và sổ tay TH thân thiện với môi trường từ minigame chương trình “Thu gom vỏ hộp - Lan tỏa sống xanh” của TH:
1. https://www.facebook.com/thmhanh87?comment_id=Y29tbWVudDo4MjAxNTA4NzAxNTQ5ODdfNDEwNTE4NjkxNjIzNjUy
2. https://www.facebook.com/nguyet.nhu.750?comment_id=Y29tbWVudDo4MjAxNTA4NzAxNTQ5ODdfMjE0NDg5MjE4NTg2MjgyOA%3D%3D
3. https://www.facebook.com/profile.php?id=100095713560125&comment_id=Y29tbWVudDo4MjAxNTA4NzAxNTQ5ODdfMjczNDg0MDg1ODAxNTA4
4. https://www.facebook.com/profile.php?id=100071364158457
5. https://www.facebook.com/nga.ga.3?comment_id=Y29tbWVudDo4MjAxNTA4NzAxNTQ5ODdfMjc0NzQxNTUyMjQzNDU0

Chương trình thu gom vỏ hộp vẫn tiếp tục diễn ra đến hết ngày 31/12/2024, đừng quên tham gia để cùng TH góp phần bảo vệ môi trường nhé!

Thời gian thu gom: 8:00 - 17:30 mỗi ngày, từ ngày 01/02 đến hết 31/12/2024
Địa điểm: 20 cửa hàng TH true mart tại Hà Nội và TP. Hồ Chí Minh (chi tiết xem tại https://bit.ly/TH-stores-list-2024)
Để biết thêm thông tin chi tiết về chương trình, vui lòng xem tại: www.thugomvohop.thmilk.vn",144,24,3,2024-04-03 06:48:43,Photo
https://www.facebook.com/thmilk/videos/373125715717422/," Ngon lành, đậm vị với Bánh Tart mặn cùng TH true CHEESE!

Nếu bánh tart trứng, tart trái cây đã trở nên quen thuộc với các bữa xế, bữa trà chiều thì tart mặn đem lại vị ngon hấp dẫn cho các bữa sáng của gia đình. 

Lớp nhân mặn tùy chọn với thịt xông khói, thịt bò bằm hoặc gà xào bơ ớt chuông thêm xíu bơ lạt TH cho ngậy thơm tùy khẩu vị. Đặc biệt, đừng quên lớp phủ từ TH true CHEESE được làm từ sữa tươi sạch nguyên chất của trang trại TH, sẽ đem lại vị ngon liên kết với lớp vỏ giòn, nhân mềm thơm và pho mai thật dẻo nhé!

✨ Món này bạn có thể làm từ tối hôm trước, hôm sau bỏ vào lò nướng xíu cho nóng giòn là sẵn sàng vị ngon đầy dinh dưỡng rồi.

#THtrueCHEESE; #hoatoantuthiennhien; #phomattunhien",119,12,17,2024-04-02 08:50:11,Video
https://www.facebook.com/thmilk/posts/pfbid02opJKVstUqctsRKt423LC93FbURSKJQL93ZC2yZjk65EPLUbf2ggtVwUP31ky8xR3l,"Sau gần 2 tháng diễn ra, chương trình “Thu gom vỏ hộp - Lan tỏa sống xanh 2024” đã thu gom được gần 360kg vỏ hộp sữa, đóng góp tương đương với gần 36 triệu đồng vào ""Dự án giám sát bảo tồn rạn san hô tại Vườn Quốc gia Cát Bà"".

Qua quy trình tái chế, vỏ hộp sữa sau khi thu gom sẽ trở thành nguyên liệu để sản xuất các sản phẩm thân thiện với môi trường như sổ tay, khung ảnh, tấm lợp sinh thái… Cùng tham gia thu gom vỏ hộp cùng TH và chung tay góp phần bảo vệ môi trường và tiết kiệm tài nguyên nhé! 

Thời gian thu gom: 8:00 - 17:30 mỗi ngày, từ ngày 01/02 đến hết 31/12/2024
Địa điểm: 20 cửa hàng TH true mart tại Hà Nội và TP. Hồ Chí Minh (chi tiết xem tại https://bit.ly/TH-stores-list-2024)
Để biết thêm thông tin chi tiết về chương trình, vui lòng xem tại: www.thugomvohop.thmilk.vn",117,23,1,2024-03-29 22:07:09,Photo
https://www.facebook.com/thmilk/posts/pfbid0J3oFeMpfWr1myDaRNEXWSAKg7JnZMLELBrogTtYQSNdJBiiPqTsky1xbs2qnEj5Sl," Tham gia ngay minigame từ chương trình ""Thu gom vỏ hộp, Lan tỏa sống xanh 2024"" để nhận ngay bộ quà tặng túi vải Canvas và sổ tay TH thân thiện với môi trường!

 Cách thức tham gia: 
✨ Bước 1: Thu gom vỏ hộp sữa giấy và tham gia chương trình ""Thu gom vỏ hộp, Lan tỏa sống xanh 2024"" (tham khảo thêm tại https://thugomvohop.thmilk.vn/)
✨ Bước 2: Comment con số may mắn cùng ảnh check-in đã tham gia thu gom vỏ hộp tại cửa hàng TH true mart (danh sách xem tại https://bit.ly/TH-stores-list-2024)
✨ Bước 3: Like & Share post này ở chế độ công khai cùng với hashtag #THUGOMVOHOP #LANTOASONGXANH

 Giải thưởng: 05 bộ quà tặng bao gồm 01 túi vải Canvas TH và 01 sổ tay TH thân thiện với môi trường cho 05 khách hàng may mắn nhất thực hiện đầy đủ các bước minigame nêu trên.

 Thể lệ chung:
Thời gian diễn ra minigame từ 22/03/2024 đến 23:59 ngày 29/03/2024.
Mỗi khách hàng chỉ tham gia một lần với 1 tài khoản Facebook cá nhân duy nhất.
Danh sách 05 khách hàng may mắn được dự kiến công bố trên fanpage TH true MILK vào ngày 02/04/2024.

Các bạn hãy nhanh tay tham gia minigame để nhận được bộ quà tặng ý nghĩa này nhé!",170,43,16,2024-03-26 11:24:08,Photo
https://www.facebook.com/thmilk/posts/pfbid0LeqQdQyscMV15p44kWTRcLBJCpzcbknt4VYLioZXXVcrQfhLYCkgUQUBGmbqXJ7Bl,Chúc mừng Ngày Quốc tế Hạnh phúc 20/03! TH chúc bạn mỗi ngày đều ngập tràn niềm hạnh phúc đích thực!,140,2,3,2024-03-23 00:41:07,Photo
https://www.facebook.com/reel/778667354194587/,"Cùng tham gia chương trình Thu gom vỏ hộp, Lan tỏa sống xanh 2024 bằng cách vệ sinh và thu gom vỏ hộp sữa giấy tại nhà theo các bước sau: 

Bước 1: Kéo 2 mép trên của vỏ hộp 
Bước 2: Kéo 2 mép dưới của vỏ hộp
Bước 3: Làm dẹp hộp
Bước 4: Cắt dọc hộp và gỡ phẳng
Bước 5: Làm sạch 
Bước 6: Đóng gói gọn gàng

☘ Thời gian thu gom: 8:00-17:30 mỗi ngày, từ ngày 01/02 đến hết 31/12/2024 
☘ Địa điểm: 20 cửa hàng tại Hà Nội và TP. Hồ Chí Minh (chi tiết xem tại https://bit.ly/TH-stores-list-2024 )
☘ Để biết thêm thông tin chi tiết về chương trình, vui lòng xem tại: www.thugomvohop.thmilk.vn",207,56,23,2024-03-19 13:58:06,Video
https://www.facebook.com/thmilk/videos/1131392054659836/," Nhận ngay 01 sản phẩm cùng loại khi mua 08 sản phẩm Sữa chua ăn và Sữa chua ăn men sống TH true YOGURT 100 g từ nay đến hết 31/05/2024!
Đến ngay các cửa hàng bán lẻ, siêu thị, cửa hàng TH true mart và kênh thương mại điện tử để tận hưởng khuyến mại cùng Sữa chua TH true YOGURT.

Thông tin chi tiết chương trình xem tại: https://www.thmilk.vn/chuong-trinh-khuyen-mai-dau-nam-sua-chua-th-true-yogurt/
► Danh sách cửa hàng TH true MART: https://www.thmilk.vn/he-thong-cua-hang/
► Website: https://www.thtruemart.vn/loc-sua-chua-an-tao-so-ri-th-true-yogurt-100g.html
► Grabmart: http://bit.ly/THtruemart-GrabMart
► ShopeeFood: https://bit.ly/THtruemart-ShopeeFood",890,7,9,2024-03-16 02:52:27,Video
https://www.facebook.com/thmilk/posts/pfbid0ffRMRYnWRr19DbjirMAA42m6DVxDNCFu1RisKmLKcqy3Q9PMuLoYq3ZWEqXQBskVl," Nhận ngay 01 sản phẩm cùng loại khi mua 08 sản phẩm Sữa chua ăn và Sữa chua ăn men sống TH true YOGURT 100 g từ nay đến hết 31/05/2024!

Đến ngay các cửa hàng bán lẻ, siêu thị, cửa hàng TH true mart và kênh thương mại điện tử để tận hưởng khuyến mại cùng Sữa chua TH true YOGURT.

Thông tin chi tiết chương trình xem tại: https://www.thmilk.vn/chuong-trinh-khuyen-mai-dau-nam-sua-chua-th-true-yogurt/
► Danh sách cửa hàng TH true MART: https://www.thmilk.vn/he-thong-cua-hang/
► Website: https://www.thtruemart.vn/loc-sua-chua-an-tao-so-ri-th-true-yogurt-100g.html
► Grabmart: http://bit.ly/THtruemart-GrabMart
► ShopeeFood: https://bit.ly/THtruemart-ShopeeFood",846,47,18,2024-03-15 09:30:58,Photo
https://www.facebook.com/thmilk/posts/pfbid02nELxcU3LzUZa1FfQVbwkE1fdJDwvMtjiCZNKhkS3P6sL4xeJgryhcRNhugFyo6R6l,"Nhận 1 sản phẩm cùng loại khi mua 3 sản phẩm Sữa Chua Xoài - Hạt Chia Tự nhiên và Sữa Chua Nếp Cẩm Tự Nhiên TH true YOGURT! 
Đến ngay các cửa hàng TH true mart toàn quốc hoặc truy cập các kênh thương mại điện tử từ nay đến 31/05/2024  để nhận ưu đãi.

 Thông tin chi tiết chương trình xem tại: https://www.thmilk.vn/chuong-trinh-khuyen-mai-dau-nam-sua-chua-th-true-yogurt/
► Danh sách cửa hàng TH true mart: https://www.thmilk.vn/he-thong-cua-hang/
► Website: https://www.thtruemart.vn/san-pham/s-a-chua-t-nhien-x/s-a-chua-an-t-nhien/loc-sua-chua-xoai-hat-chia-tu-nhien-th-true-yogurt-110g.html
► Grabmart: http://bit.ly/THtruemart-GrabMart
► ShopeeFood: https://bit.ly/THtruemart-ShopeeFood",155,40,16,2024-03-14 16:09:29,Photo
https://www.facebook.com/thmilk/posts/pfbid0ZtoQWaH3uaydptLhUSXKMYuLocBu1R44mNLU1UQkUvhoq8WthestdTyZQhAggcrcl,"Tận hưởng ưu đãi hấp dẫn khi mua các sản phẩm Sữa Chua Ăn và Sữa Chua Uống TH true YOGURT từ nay đến 31/05/2024!
 Thông tin chi tiết chương trình xem tại: https://www.thmilk.vn/chuong-trinh-khuyen-mai-dau-nam-sua-chua-th-true-yogurt/
Đến ngay các cửa hàng bán lẻ, siêu thị, cửa hàng TH true mart và kênh thương mại điện tử để tận hưởng khuyến mại cùng Sữa Chua Ăn và Sữa Chua Uống TH true YOGURT 

► Danh sách cửa hàng TH true mart: https://www.thmilk.vn/he-thong-cua-hang/
► Website: https://www.thtruemart.vn/loc-sua-chua-an-tao-so-ri-th-true-yogurt-100g.html
► Grabmart: http://bit.ly/THtruemart-GrabMart
► ShopeeFood: https://bit.ly/THtruemart-ShopeeFood",122,9,10,2024-03-13 22:48:00,Photo
https://www.facebook.com/thmilk/posts/pfbid02fsyiydgRm2FiVYKtAK7vhyy9b3u3fzYXBPP42nd3Z2YYdPHQsguHnkuwwx1T6sKDl,"Bấm vào nút ""Đăng ký"" hoặc bình luận ""Đăng ký"" để nhận ngay e-coupon tặng 1 lốc khi mua 2 lốc Sản Phẩm Dinh Dưỡng Công Thức Từ Sữa Tươi TH true FORMULA 180 ml. Số lượng e-coupon có hạn.
Lưu ý:
- Chương trình chỉ áp dụng cho các nhìn thấy quảng cáo và bấm nút  ""Đăng ký""/bình luận ""Đăng ký"" trên bài quảng cáo. Chương trình không áp dụng cho các khách hàng click vào  link share bài viết phát mã hoặc inbox trực tiếp Fan Page để nhận mã
- Mỗi khách hàng được sử dụng 2 mã E-coupon trong suốt chương trình ưu đãi. Mã có giá trị sử dụng 01 lần.
- E-coupon cần được sử dụng trong thời gian hiệu lực và chỉ có thể sử dụng 1 lần tại hệ thống cửa hàng TH true mart toàn quốc",1724,2869,93,2024-03-13 05:26:31,GenericAttachmentMedia
https://www.facebook.com/thmilk/videos/331915562739334/,"Cùng TH chung tay bảo vệ môi trường bằng cách làm sạch và gấp gọn các vỏ hộp sữa đã qua sử dụng để mang tới 20 cửa hàng TH true mart thu gom và có cơ hội nhận được những phần quà may mắn là những chiếc túi vải canvas thân thiện với môi trường nhé!  

☘ Thời gian thu gom: 8:00-17:30 mỗi ngày, từ ngày 01/02 đến hết 31/12/2024 
☘ Địa điểm: 20 cửa hàng tại Hà Nội và TP. Hồ Chí Minh (chi tiết xem tại https://bit.ly/TH-stores-list-2024 )
☘ Để biết thêm thông tin chi tiết về chương trình, vui lòng xem tại: www.thugomvohop.thmilk.vn   """,161,37,8,2024-03-12 12:05:02,Video
https://www.facebook.com/thmilk/posts/pfbid028dra6mN3Kqz5vyeCwM7mtr18Tvj4cpBqbaAyymLv5GfAndxFP2hGkZLZof7XJgHnl,"️Nhân dịp 8/3, TH true FORMULA xin gửi lời chúc tốt đẹp đến những người phụ nữ tuyệt vời nhất! Cám ơn Mẹ đã luôn yêu thương và dành những điều tốt đẹp nhất cho gia đình.

TH true FORMULA tự hào khi được đồng hành cùng Mẹ trên hành trình khôn lớn của bé yêu.

TH true FORMULA - Dinh dưỡng vàng cho trẻ phát triển toàn diện.
#THtrueFormula #QuốctếPhụnữ8/3",128,31,0,2024-03-08 19:53:07,Photo
https://www.facebook.com/thmilk/posts/pfbid02sPMwJ8sB2dBDZUg6adnfWW4REjjf5VQthaSCREyhcWAWSoDTSD8Z4seSfMdvtJAHl,"Chúc mừng Ngày Quốc tế phụ nữ 08/03! TH chúc một nửa thế giới luôn xinh đẹp, rạng rỡ và ngập tràn hạnh phúc ❤️",269,53,15,2024-03-05 03:41:12,Photo
https://www.facebook.com/reel/768723474798304/,"Ưu đãi hấp dẫn từ Sữa tươi tiệt trùng bổ sung ngũ cốc dạng hạt TH true MILK LIGHT MEAL: Nhận ngay 01 sản phẩm cùng loại khi mua 08 sản phẩm TH true MILK LIGHT MEAL 180ml.Là sự kết hợp hoàn hảo dưỡng chất của sữa tươi trang trại, sạch, nguyên chất theo chuẩn của Trang trại TH và dinh dưỡng từ thực vật (yến mạch dạng hạt, dịch hạt óc chó và mắc ca), TH true MILK LIGHT MEAL đem lại trải nghiệm bữa nhẹ hoàn toàn mới, tiện lợi và bổ dưỡng cho cả gia đình.Chương trình áp dụng từ 1/3-30/4, danh sách áp dụng trên các kênh:► Ứng dụng: TH eLIFE ►Danh sách cửa hàng: https://www.thmilk.vn/he-thong-cua-hang/ ► Shopee: https://bit.ly/THtrueFORMULA_SHP01 ► Lazada: https://bit.ly/THtrueFORMULA-LZD ► Tiki: https://bit.ly/THtrueFORMULA_TIKI ► Grabmart: http://bit.ly/THtruemart-GrabMart ► ShopeeFood: https://bit.ly/THtruemart-ShopeeFood ► Baemin: http://bit.ly/THtruemart-Baemin",110,38,10,2024-03-01 11:29:17,Video
https://www.facebook.com/thmilk/videos/2599726320204979/,"Ưu đãi hấp dẫn từ Sữa tươi tiệt trùng bổ sung ngũ cốc dạng hạt TH true MILK LIGHT MEAL: Nhận ngay 01 sản phẩm cùng loại khi mua 08 sản phẩm TH true MILK LIGHT MEAL 180ml.
Là sự kết hợp hoàn hảo dưỡng chất của sữa tươi trang trại, sạch, nguyên chất theo chuẩn của Trang trại TH và dinh dưỡng từ thực vật (yến mạch dạng hạt, dịch hạt óc chó và mắc ca), TH true MILK LIGHT MEAL đem lại trải nghiệm bữa nhẹ hoàn toàn mới, tiện lợi và bổ dưỡng cho cả gia đình.

Chương trình áp dụng từ 1/3-30/4, danh sách áp dụng trên các kênh:
► Ứng dụng: TH eLIFE 
►Danh sách cửa hàng: https://www.thmilk.vn/he-thong-cua-hang/ 
► Shopee: https://bit.ly/THtrueFORMULA_SHP01 
► Lazada: https://bit.ly/THtrueFORMULA-LZD 
► Tiki: https://bit.ly/THtrueFORMULA_TIKI 
► Grabmart: http://bit.ly/THtruemart-GrabMart 
► ShopeeFood: https://bit.ly/THtruemart-ShopeeFood 
► Baemin: http://bit.ly/THtruemart-Baemin",75,8,4,2024-03-01 11:29:06,Video
https://www.facebook.com/reel/340013921730725/,"Nhận ngay 01 sản phẩm cùng loại khi mua 08 sản phẩm Sữa tươi tiệt trùng TH true MILK HILO 180ml. Chương trình áp dụng từ 1/3-30/4 tại các cửa hàng TH true mart, kênh thương mại điện tử, siêu thị và các cửa hàng bán lẻ có bán sản phẩm TH trên toàn quốc có tham gia chương trình.Sữa tươi tiệt trùng TH true MILK HILO được làm hoàn toàn từ sữa tươi trang trại, sạch, nguyên chất theo chuẩn của Trang trại TH, đem lại những lợi ích tuyệt vời cho sức khỏe: - Tăng 70% Calci (*) cho xương chắc khỏe - Giảm 60% chất béo (**) giúp vóc dáng cân đối- Không chứa lactose giúp dễ tiêu hóa (*) Tăng 70% Calci so với sữa tươi tiệt trùng nguyên chất, giúp xương chắc khỏe(**)Giảm 60% chất béo so với sữa tươi tiệt trùng nguyên chất, giúp vóc dáng cân đối  Mua ngay tại: ► Hệ thống cửa hàng TH true mart: https://www.thmilk.vn/he-thong-cua-hang/► Website: thtruemart.vn► Ứng dụng: TH eLIFE► ShopeeFood: https://bit.ly/THtruemart-ShopeeFood► Grabmart: http://bit.ly/THtruemart-GrabMart► Shopee: https://shopee.vn/th_truemart_officialstore ► Lazada: https://www.lazada.vn/shop/th-true-mart► TikTok Shop: https://bit.ly/THtruemart-TikTokShop",103,74,9,2024-03-01 11:26:59,Video
https://www.facebook.com/thmilk/videos/426782359767303/,"Nhận ngay 01 sản phẩm cùng loại khi mua 08 sản phẩm Sữa tươi tiệt trùng TH true MILK HILO 180ml. Chương trình áp dụng từ 1/3-30/4 tại các cửa hàng TH true mart, kênh thương mại điện tử, siêu thị và các cửa hàng bán lẻ có bán sản phẩm TH trên toàn quốc có tham gia chương trình.

Sữa tươi tiệt trùng TH true MILK HILO được làm hoàn toàn từ sữa tươi trang trại, sạch, nguyên chất theo chuẩn của Trang trại TH, đem lại những lợi ích tuyệt vời cho sức khỏe: 
- Tăng 70% Calci (*) cho xương chắc khỏe 
- Giảm 60% chất béo (**) giúp vóc dáng cân đối
- Không chứa lactose giúp dễ tiêu hóa 

(*) Tăng 70% Calci so với sữa tươi tiệt trùng nguyên chất, giúp xương chắc khỏe
(**)Giảm 60% chất béo so với sữa tươi tiệt trùng nguyên chất, giúp vóc dáng cân đối 

 Mua ngay tại: 
► Hệ thống cửa hàng TH true mart: https://www.thmilk.vn/he-thong-cua-hang/
► Website: thtruemart.vn
► Ứng dụng: TH eLIFE
► ShopeeFood: https://bit.ly/THtruemart-ShopeeFood
► Grabmart: http://bit.ly/THtruemart-GrabMart
► Shopee: https://shopee.vn/th_truemart_officialstore 
► Lazada: https://www.lazada.vn/shop/th-true-mart
► TikTok Shop: https://bit.ly/THtruemart-TikTokShop",61,30,3,2024-03-01 11:26:34,Video
https://www.facebook.com/thmilk/videos/945839823200236/,"Được làm hoàn toàn từ sữa tươi trang trại, sạch, nguyên chất theo chuẩn của Trang trại TH và yến mạch dạng hạt, TH true MILK LIGHT MEAL bổ sung dinh dưỡng cho bữa sáng lành mạnh của cả gia đình. 
 Ghé thăm hệ thống cửa hàng TH true mart toàn quốc và gian hàng online của TH trên các ứng dụng giao hàng, sàn thương mại điện tử để nhận ngay ưu đãi bạn nhé. 
 Mua ngay tại: 
► Hệ thống cửa hàng TH true mart: https://www.thmilk.vn/he-thong-cua-hang/
► Website: thtruemart.vn
► Ứng dụng: TH eLIFE
► ShopeeFood: https://bit.ly/THtruemart-ShopeeFood
► Grabmart: http://bit.ly/THtruemart-GrabMart
► Shopee: https://shopee.vn/th_truemart_officialstore 
► Lazada: https://www.lazada.vn/shop/th-true-mart
► TikTok Shop: https://bit.ly/THtruemart-TikTokShop",62,8,8,2024-03-01 11:23:32,Video
https://www.facebook.com/thmilk/videos/1065793081178233/,"Được làm hoàn toàn từ sữa tươi trang trại, sạch, nguyên chất theo chuẩn của Trang trại TH và yến mạch dạng hạt, TH true MILK LIGHT MEAL là sự lựa chọn hoàn hảo cho các bé tiếp thêm năng lượng sau mỗi giờ tan học. 
 Ghé thăm hệ thống cửa hàng TH true mart toàn quốc và gian hàng online của TH trên các ứng dụng giao hàng, sàn thương mại điện tử để nhận ngay ưu đãi bạn nhé

 Mua ngay tại: 
► Hệ thống cửa hàng TH true mart: https://www.thmilk.vn/he-thong-cua-hang/
► Website: thtruemart.vn
► Ứng dụng: TH eLIFE
► ShopeeFood: https://bit.ly/THtruemart-ShopeeFood
► Grabmart: http://bit.ly/THtruemart-GrabMart
► Shopee: https://shopee.vn/th_truemart_officialstore 
► Lazada: https://www.lazada.vn/shop/th-true-mart
► TikTok Shop: https://bit.ly/THtruemart-TikTokShop",1059,47,3,2024-03-01 11:22:58,Video
https://www.facebook.com/thmilk/videos/1573894596720334/,"TH true MILK LIGHT MEAL là sự lựa chọn phù hợp cho bữa nhẹ của dân văn phòng. Sản phẩm cung cấp vitamin và khoáng chất từ sữa tươi và yến mạch dạng hạt. Với dạng hộp tiện lợi, bạn có thể dễ dàng mang theo mọi lúc, mọi nơi để cung cấp năng lượng cho một ngày dài.
 Ghé thăm hệ thống cửa hàng TH true mart toàn quốc và gian hàng online của TH trên các ứng dụng giao hàng, sàn thương mại điện tử để nhận ngay ưu đãi bạn nhé

 Mua ngay tại: 
► Hệ thống cửa hàng TH true mart: https://www.thmilk.vn/he-thong-cua-hang/
► Website: thtruemart.vn
► Ứng dụng: TH eLIFE
► ShopeeFood: https://bit.ly/THtruemart-ShopeeFood
► Grabmart: http://bit.ly/THtruemart-GrabMart
► Shopee: https://shopee.vn/th_truemart_officialstore 
► Lazada: https://www.lazada.vn/shop/th-true-mart
► TikTok Shop: https://bit.ly/THtruemart-TikTokShop",85,0,0,2024-03-01 11:21:46,Video
https://www.facebook.com/thmilk/videos/413984544653384/,"TH true MILK LIGHT MEAL giúp cung cấp năng lượng sau những phút chơi thể thao mệt mỏi. Sản phẩm được làm từ hoàn toàn từ sữa tươi trang trại, sạch, nguyên chất theo chuẩn của Trang trại TH, kết hợp với yến mạch dạng hạt tạo trải nghiệm “nhai” thật đã.
 Ghé thăm hệ thống cửa hàng TH true mart toàn quốc và gian hàng online của TH trên các ứng dụng giao hàng, sàn thương mại điện tử để nhận ngay ưu đãi bạn nhé

 Mua ngay tại: 
► Hệ thống cửa hàng TH true mart: https://www.thmilk.vn/he-thong-cua-hang/
► Website: thtruemart.vn
► Ứng dụng: TH eLIFE
► ShopeeFood: https://bit.ly/THtruemart-ShopeeFood
► Grabmart: http://bit.ly/THtruemart-GrabMart
► Shopee: https://shopee.vn/th_truemart_officialstore 
► Lazada: https://www.lazada.vn/shop/th-true-mart
► TikTok Shop: https://bit.ly/THtruemart-TikTokShop",124,0,1,2024-03-01 11:20:46,Video
https://www.facebook.com/thmilk/posts/pfbid0PidVGbL4qQQNmBwTrHUeNK8yEn5jWgu3xL4GSU2Mh9342Cz2GPhsTWUbKYRxywAYl,"Ghé hệ thống cửa hàng TH true mart toàn quốc để nhận ưu đãi hấp dẫn từ Bơ Lạt Tự Nhiên TH true BUTTER & Phomat que Mozzarella TH true CHEESE:
- Tặng 1 lốc sữa chua ăn TH true YOGURT (vị tự nhiên, có đường, ít đường) khi mua 1 Bơ Lạt Tự Nhiên TH true BUTTER 200g (*)
- Giảm 20% khi mua 2 gói Phomat que Mozzarella TH true CHEESE 100g

Chương trình áp dụng khi mua hàng trực tiếp tại hệ thống cửa hàng TH true mart từ 1-31/3/2024. Danh sách hệ thống cửa hàng: https://www.thmilk.vn/he-thong-cua-hang/
(*): Quà tặng tùy theo tình hình thực tế tại cửa hàng",431,20,7,2024-03-01 09:56:26,unknown
https://www.facebook.com/thmilk/posts/pfbid0XtGrVZcdBALi5gyjMzTHxtNtBXQ2n4But3HGd6VMxpWZchx75w48wwuVkVz3Z47vl,"☀️ Ưu đãi hấp dẫn từ Kem TH true ICE CREAM, áp dụng từ ngày 1-31/3: 
1. Tặng 01 kem TH true ICE CREAM TOPKID 46 g khi mua 5 kem cùng loại (Kem que 52g/ Kem hộp 50g) hoặc 6 kem sandwich hoặc  2 kem hộp 180g 
Chương trình áp dụng tại cửa hàng true mart trên toàn quốc, các kênh thương mại điện tử có liên kết với TH true mart.

2. Tặng 01 chai trà TH true TEA khi mua 2 kem ốc quế Dâu - Vanilla 
Chương trình áp dụng khi mua hàng trực tiếp tại hệ thống cửa hàng TH true mart toàn quốc 

Được làm hoàn toàn từ sữa tươi sạch của trang trại TH, kem TH true ICE CREAM có kết cấu mềm mịn, giữ trọn các dưỡng chất có trong sữa tươi. Sản phẩm kết hợp cùng các nguyên liệu tự nhiên mang đến vị ngon thật sự thiên nhiên.

---
Mua ngay tại: 
► Hệ thống cửa hàng TH true mart: https://www.thmilk.vn/he-thong-cua-hang/
► Website: thtruemart.vn
► Ứng dụng: TH eLIFE
► ShopeeFood: https://bit.ly/THtruemart-ShopeeFood
► Grabmart: http://bit.ly/THtruemart-GrabMart",915,33,10,2024-03-01 08:32:07,unknown
https://www.facebook.com/thmilk/posts/pfbid0JYX9KfKPg82A9hCPLZgoy9fFbrTgjLfm5wAmM71RKymjkbkoR41V9WKJZULxyYJpl,"Nhận ngay 01 sản phẩm cùng loại khi mua 08 sản phẩm Sữa tươi tiệt trùng bổ sung ngũ cốc dạng hạt TH true MILK LIGHT MEAL 180ml. Chương trình áp dụng từ 1/3-30/4 tại các cửa hàng TH true mart, kênh thương mại điện tử, siêu thị và các cửa hàng bán lẻ có bán sản phẩm TH trên toàn quốc có tham gia chương trình.

Là sự kết hợp hoàn hảo dưỡng chất của sữa tươi trang trại, sạch, nguyên chất theo chuẩn của Trang trại TH và dinh dưỡng từ thực vật (yến mạch dạng hạt, dịch hạt óc chó và mắc ca), TH true MILK LIGHT MEAL đem lại trải nghiệm bữa nhẹ hoàn toàn mới, tiện lợi và bổ dưỡng cho cả gia đình.

 Mua ngay tại: 
► Hệ thống cửa hàng TH true mart: https://www.thmilk.vn/he-thong-cua-hang/
► Website: thtruemart.vn
► Ứng dụng: TH eLIFE
► ShopeeFood: https://bit.ly/THtruemart-ShopeeFood
► Grabmart: http://bit.ly/THtruemart-GrabMart
► Shopee: https://shopee.vn/th_truemart_officialstore 
► Lazada: https://www.lazada.vn/shop/th-true-mart
► TikTok Shop: https://bit.ly/THtruemart-TikTokShop",2058,90,8,2024-03-01 07:07:47,Photo
https://www.facebook.com/thmilk/posts/pfbid0oHPq4yqXP7UFMoBdTtNbZfmPkv5GdgyharfzyWFMFuJBvSKvvnN3obKL8ue7qRmNl,"Nhận ngay 01 sản phẩm cùng loại khi mua 08 sản phẩm Sữa tươi tiệt trùng TH true MILK HILO 180ml. Chương trình áp dụng từ 1/3-30/4 tại các cửa hàng TH true mart, kênh thương mại điện tử, siêu thị và các cửa hàng bán lẻ có bán sản phẩm TH trên toàn quốc có tham gia chương trình.

Sữa tươi tiệt trùng TH true MILK HILO được làm hoàn toàn từ sữa tươi trang trại, sạch, nguyên chất theo chuẩn của Trang trại TH, đem lại những lợi ích tuyệt vời cho sức khỏe: 
- Tăng 70 % Calci (*) cho xương chắc khỏe 
- Giảm 60% chất béo (**) giúp vóc dáng cân đối
- Không chứa lactose giúp dễ tiêu hóa 

(*) Tăng 70% Calci so với sữa tươi tiệt trùng nguyên chất, giúp xương chắc khỏe
(**)Giảm 60% chất béo so với sữa tươi tiệt trùng nguyên chất, giúp vóc dáng cân đối 

 Mua ngay tại: 
► Hệ thống cửa hàng TH true mart: https://www.thmilk.vn/he-thong-cua-hang/
► Website: thtruemart.vn
► Ứng dụng: TH eLIFE
► ShopeeFood: https://bit.ly/THtruemart-ShopeeFood
► Grabmart: http://bit.ly/THtruemart-GrabMart
► Shopee: https://shopee.vn/th_truemart_officialstore 
► Lazada: https://www.lazada.vn/shop/th-true-mart  
► TikTok Shop: https://bit.ly/THtruemart-TikTokShop",1631,288,12,2024-03-01 05:43:28,Photo
https://www.facebook.com/thmilk/videos/911271700485771/,"Nhận ngay 01 sản phẩm cùng loại khi mua 08 sản phẩm Sữa chua uống tiệt trùng TH true YOGURT 180 ml từ nay đến hết 15/05/2024.
Đến ngay các cửa hàng bán lẻ, siêu thị, cửa hàng TH true mart và kênh thương mại điện tử để tận hưởng khuyến mại cùng Sữa chua uống tiệt trùng TH true YOGURT!",1618,26,10,2024-03-01 04:19:09,Video
https://www.facebook.com/thmilk/posts/pfbid0W1pyw5XKTuqJ18EAX88P4cGfqTcAGU7ZGHxkhJcHzm64hTBwxFnAjw6kR9fNcj6Jl,"Nhận ngay 01 sản phẩm cùng loại khi mua 08 sản phẩm Sữa chua uống tiệt trùng TH true YOGURT 180 ml từ nay đến hết 15/05/2024.

Đến ngay các cửa hàng bán lẻ, siêu thị, cửa hàng TH true mart và kênh thương mại điện tử để tận hưởng khuyến mại cùng Sữa chua uống tiệt trùng TH true YOGURT!",2221,51,11,2024-02-28 04:58:53,Photo
https://www.facebook.com/thmilk/posts/pfbid02xcxyVZ2dtnnFVgpfsnC6Sa8UNRCuyLeGFnPbepXywXK2KmVbwhr4bferRrvxbYJXl,"Nhận ngay 01 sản phẩm cùng loại khi mua 08 sản phẩm Sữa chua uống tiệt trùng TH true YOGURT 180 ml từ nay đến hết 15/05/2024.

Đến ngay các cửa hàng bán lẻ, siêu thị, cửa hàng TH true mart và kênh thương mại điện tử để tận hưởng khuyến mại cùng Sữa chua uống tiệt trùng TH true YOGURT!",70,7,3,2024-02-26 05:38:38,Photo
https://www.facebook.com/thmilk/posts/pfbid0vN2Lyn12DCVq4MRR6Fxxe748JrwMpGTBNDEKxtqkoHkjYeU4DEEQ9KzGS8MMMWfnl," Đón xem livestream siêu ưu đãi cùng TH true FORMULA và AVAKids: Livestream chỉ diễn ra duy nhất từ 11h - 13h ngày 24/02 và 25/02 trên fanpage của AVAKids.

 Mẹ ơi, chuẩn bị sẵn sàng để săn deal cho bé yêu cùng FORMULA và AVAKids nhé!

Chương trình áp dụng cho TH true FORMULA 4 & 180ml khi:
 Mua 01 lon/thùng/lốc: giảm 20%
 Bill từ 999k tặng 01 phiếu mua hàng AVAKIDS 200k
 Flashsale mua 2 lốc + 1 lốc FORMULA 180ml
 Bill cao nhất mỗi phiên live tặng 1 thùng FORMULA 180ml & 1 nồi nấu mini
Đặc biệt, mẹ có cơ hội nhận vô vàn quà tặng hấp dẫn từ minigame trong livestream ️ 

 Đừng bỏ lỡ cơ hội mua sắm sữa dinh dưỡng cho bé với giá siêu tiết kiệm và nhận ưu đãi cùng FORMULA và AVAKids mẹ nhé!

#FORMULA #AVAKids #Livestream #UuDai #Quatang",127,45,4,2024-02-24 06:18:23,Photo
https://www.facebook.com/reel/432696369497427/,"Tham gia ""Thu gom vỏ hộp, Lan tỏa sống xanh 2024"" bằng cách thu gom các vỏ hộp sữa đã qua sử dụng và đem tới 20 cửa hàng TH true mart tại Hà Nội và TP. Hồ Chí Minh. Với mỗi kilogram vỏ hộp sữa giấy thu gom, bạn đã đóng góp 100.000đ vào ""Dự án giám sát bảo tồn rạn san hô tại Vườn quốc gia Cát Bà""  

Cùng tham gia thu gom vỏ hộp từ hôm nay, góp phần bảo vệ môi trường và có cơ hội nhận những phần quà từ TH nhé! 
☘ Thời gian thu gom: 8:00-17:30 mỗi ngày, từ ngày 01/02 đến hết 31/12/2024 
☘ Địa điểm: 20 cửa hàng tại Hà Nội và TP. Hồ Chí Minh (chi tiết xem tại https://bit.ly/TH-stores-list-2024 )
☘ Để biết thêm thông tin chi tiết về chương trình, vui lòng xem tại: www.thugomvohop.thmilk.vn",2221,35,27,2024-02-22 06:58:08,Video
https://www.facebook.com/reel/3699054073744579/,"Cùng TH chung tay bảo vệ môi trường bằng cách làm sạch và gấp gọn các vỏ hộp sữa đã qua sử dụng để mang tới 20 cửa hàng TH true mart thu gom và có cơ hội nhận được những phần quà may mắn nhé! Với mỗi kilogram vỏ hộp sữa giấy thu gom, bạn đã đóng góp 100.000đ vào ""Dự án giám sát bảo tồn rạn san hô tại Vườn quốc gia Cát Bà""

Cùng tham gia thu gom vỏ hộp từ hôm nay, góp phần bảo vệ môi trường và có cơ hội nhận những phần quà từ TH nhé! 
☘ Thời gian thu gom: 8:00-17:30 mỗi ngày, từ ngày 01/02 đến hết 31/12/2024 
☘ Địa điểm: 20 cửa hàng tại Hà Nội và TP. Hồ Chí Minh (chi tiết xem tại https://bit.ly/TH-stores-list-2024 )
☘ Để biết thêm thông tin chi tiết về chương trình, vui lòng xem tại: www.thugomvohop.thmilk.vn",10000,276,336,2024-02-20 03:53:35,Video
https://www.facebook.com/reel/3230451050590958/,"Cùng TH chung tay bảo vệ môi trường bằng cách làm sạch và gấp gọn các vỏ hộp sữa đã qua sử dụng để mang tới 20 cửa hàng TH true mart thu gom và có cơ hội nhận được những phần quà may mắn nhé! Với mỗi kilogram vỏ hộp sữa giấy thu gom, bạn đã đóng góp 100.000đ vào ""Dự án giám sát bảo tồn rạn san hô tại Vườn quốc gia Cát Bà""  

Cùng tham gia thu gom vỏ hộp từ hôm nay, góp phần bảo vệ môi trường và có cơ hội nhận những phần quà từ TH nhé! 
☘ Thời gian thu gom: 8:00-17:30 mỗi ngày, từ ngày 01/02 đến hết 31/12/2024 
☘ Địa điểm: 20 cửa hàng tại Hà Nội và TP. Hồ Chí Minh (chi tiết xem tại https://bit.ly/TH-stores-list-2024 )
☘ Để biết thêm thông tin chi tiết về chương trình, vui lòng xem tại: www.thugomvohop.thmilk.vn",8889,84,90,2024-02-19 08:53:25,Video
https://www.facebook.com/thmilk/posts/pfbid0PVJh8dcTjiY9Z3hEs3JGzfhcrSeZw6g6PLc4ux3CAVZcK6GTgjUKiVZakwGFpCKZl,"Chào đón năm mới cùng ưu đãi khuyến mãi của kem TH true ICE CREAM: 
Mua 3 kem cùng loại (Kem Sandwich/ Kem Hộp 50g/ Kem Ốc Quế) tặng 1 túi giữ nhiệt hoặc túi mỹ phẩm
Mua 3 kem cùng loại (Kem Sandwich/ Kem Hộp 50g/ Kem Ốc Quế) tặng 1 kem ốc quế vị dâu

Chương trình áp dụng khi mua hàng trực tiếp tại hệ thống cửa hàng TH true mart từ 16/2 tới hết 29/2/2024.

Kem TH true ICE CREAM đều được làm hoàn toàn bằng sữa tươi sạch nguyên chất của Trang trại TH cùng các nguyên liệu tự nhiên, giữ nguyên hương vị tươi mới và thanh mát hòa quyện cùng sữa tươi tạo giúp người dùng thưởng thức hương vị một cách tốt nhất.Ghé ngay cửa hàng gần nhất để không bỏ lỡ các ưu đãi hấp dẫn, bạn nhé:  https://www.thmilk.vn/he-thong-cua-hang/ 

Danh sách chi tiết các tỉnh thành áp dụng: https://bom.so/Ad4FIf",94,6,3,2024-02-17 08:23:30,unknown
https://www.facebook.com/thmilk/posts/pfbid0bHBNFjmBBeLSghmrkAVq95evCAUR7yEJo5RvcuWhsST6PbSb2EfCRgd7gT3r6idul,"Đầu năm mới 2024, sản lượng chế biến của TH true MILK đã đạt hơn 1 triệu lít sữa/ngày. Việc gia nhập “câu lạc bộ 1 triệu lít” chỉ sau 12 năm thành lập là “tốc độ chưa từng có trong lịch sử ngành sữa thế giới” - theo ông Arghya Mandal - Tổng Giám đốc Công ty Cổ phần Sữa TH. Đây cũng là một thành tựu “độc nhất vô nhị” khi 100% nguồn sữa tươi nguyên liệu là từ hệ thống trang trại của TH - đảm bảo chất lượng đồng nhất hoàn hảo tại nguồn.",86,0,12,2024-02-15 07:53:35,GenericAttachmentMedia
https://www.facebook.com/thmilk/posts/pfbid02SZKMdkvwYbCC9GvYu165XLkb4ww6htvj9fGbmhN2GVq47ccxZM8R1hqrEYUyotqnl,"Happy Valentine! Cùng TH true ICE CREAM tận hưởng ngày lễ Valentine ngập tràn hương vị ngọt ngào. Chúc cho ngày lễ Valentine sẽ mang đến cho bạn hạnh phúc đích thực bên những người thân yêu. 

Danh sách hệ thống cửa hàng TH true mart: https://www.thmilk.vn/he-thong-cua-hang/",128,12,2,2024-02-13 07:23:40,Photo
https://www.facebook.com/thmilk/posts/pfbid02xLUWgx4fiBxG5uaenwBR4dmPsXYtWnbjKZejceLCUB1WrMhv2N9BhQVhaijr72szl,"Sản phẩm sữa dinh dưỡng dành cho người lớn TH true MILK GOLD được bổ sung bộ dưỡng chất hỗ trợ cải thiện sức khỏe tổng thể với 6 nhóm lợi ích:

- Sterol este thực vật tốt cho tim mạch

- GABA – hỗ trợ cải thiện chất lượng giấc ngủ

- Calci, vitamin D3, K2 và collagen tốt cho xương khớp

- Chất xơ inulin tốt cho tiêu hóa

- Kẽm, beta-glucan nâng cao đề kháng

- Vitamin và khoáng chất tốt cho sức khỏe tổng thể.

Ngoài ra, sản phẩm được nghiên cứu và phát triển với những đặc điểm riêng phù hợp cho người lớn tại Việt Nam như:

- Dễ tiêu hoá: Hàm lượng Lactose thấp, đựợc bổ sung chất xơ

- Tốt hơn cho sức khoẻ: Ít Béo, Không bổ sung đường

Hãy ghé thăm hệ thống cửa hàng TH true mart toàn quốc và gian hàng online của TH trên các ứng dụng giao hàng, sàn thương mại điện tử mua hàng và nhận được nhiều ưu đãi bạn nhé.

► Danh sách cửa hàng toàn quốc: https://www.thmilk.vn/he-thong-cua-hang/

► Shopee: https://shopee.vn/th_truemart_officialstore

► Lazada: https://www.lazada.vn/shop/th-true-mart

► Tiki: https://tiki.vn/cua-hang/th-true-mart-official-store

► Grabmart: http://bit.ly/THtruemart-GrabMart

► ShopeeFood: https://bit.ly/THtruemart-ShopeeFood",58,3,2,2024-02-11 06:53:45,Photo
https://www.facebook.com/thmilk/posts/pfbid0wzpRFh7Q2xQGpd3VvedjYnys4cQ9y4bUtkSeMzhC1PpJVsNeNcWuuERUJtw3oxggl,"Ba mẹ và bé đã có ngày Tết thật vui khi được đi chơi xa, được về quê thăm ông bà. Bé chẳng lo bệnh vặt ""ghé thăm"" nhờ có TH true FORMULA bên cạnh mỗi ngày.

TH true FORMULA với dưỡng chất vàng HMO (2'-FL), Nucleotide cùng hơn 20 loại vitamin & khoáng chất thiết yếu hỗ trợ bé tăng đề kháng, tiêu hóa tốt. Tết thêm tuổi, bé thêm lớn khôn & khỏe mạnh hơn!

TH true FORMULA - Dinh dưỡng vàng cho trẻ phát triển toàn diện.",51,1,2,2024-02-09 06:23:51,Photo
https://www.facebook.com/thmilk/posts/pfbid02wBrfBKg9QNuW39daRoSAprYiuwJizxDy5Ekmf2xcvd38RdGMoNFEEkhWaDsGXcWnl,"Cùng bổ sung năng lượng từ thiên nhiên cho con thật năng động đón Tết mẹ nhé! Sữa cacao lúa mạch TH true CHOCOMALT MISTORI cung cấp các chất dinh dưỡng từ sữa tươi như calci, vitamin Vitamin B6, B12 và Acid Folic… cùng chiết xuất lúa mạch tự nhiên mang đến nguồn năng lượng hoàn toàn từ thiên nhiên, cho các bé luôn sẵn sàng cho mọi hoạt động Tết này. 

---

► Website: https://www.thtruemart.vn/

► Danh sách cửa hàng: https://www.thmilk.vn/he-thong-cua-hang/",38,2,0,2024-02-07 05:53:56,Photo
https://www.facebook.com/thmilk/posts/pfbid0yrwGELJH7vuiCNgyzE3N4x2j7UronQ47L4TiCv5FAoRwRB6ToRGrDkcWccXGGHc4l,TH true MILK chúc mừng năm mới Tết Giáp Thìn. Chúc bạn cùng gia đình năm mới luôn bình an và hạnh phúc!,99,2,0,2024-02-05 05:24:01,Photo
https://www.facebook.com/thmilk/posts/pfbid0hAu33tKz47B8MWCKjvee5ZrmSJtonfSM19y7eqYj5nyyq2hgPtJg1epqeVRU7L2dl,"Tết đã đến rất gần rồi, chắc hẳn mẹ đã sắm sửa cho bé trước khi về quê hay đi du hí xa xong rồi đúng không nè. Mẹ nhớ cho bé uống 01 ly sữa TH true FORMULA mỗi ngày, giúp chiếc bụng của bé luôn được chăm sóc, không ngại thử nhiều món ăn mới lạ nha.

TH true FORMULA với thành phần Probiotic (BB536) và Prebiotic (GOS, FOS), giúp duy trì hệ tiêu hóa khỏe mạnh, tăng khả năng hấp thu. Bên cạnh đó, hương vị thanh mát cùng dưỡng chất phong phú đảm bảo đầy đủ năng lượng cần thiết cho bé tự tin vui chơi cả ngày dài.

TH true FORMULA - Dinh dưỡng vàng cho trẻ phát triển toàn diện.",63,4,5,2024-02-03 04:54:06,Photo
https://www.facebook.com/thmilk/videos/1066357784605975/,"THAM GIA THU GOM VỎ HỘP, LAN TỎA SỐNG XANH 2024

Chương trình ""Thu gom vỏ hộp, Lan tỏa sống xanh 2024"" chính thức diễn ra từ hôm nay 01/02 đến hết ngày 31/12/2024. Cùng TH chung tay bảo vệ môi trường bằng cách thu gom và tái chế vỏ hộp sữa giấy đã qua sử dụng ngay bạn nhé!  

Để tham gia chương trình, bạn hãy thu gom những vỏ hộp sữa đã sử dụng tại gia đình, làm sạch và gấp gọn. Sau đó, mang tới các điểm thu gom là các cử hàng TH true mart bạn nhé! Với mỗi kilogram vỏ hộp sữa giấy thu gom, bạn đã đóng góp 100.000đ vào ""Dự án giám sát bảo tồn rạn san hô tại Vườn quốc gia Cát Bà"".  
 
Cùng tham gia thu gom vỏ hộp từ hôm nay, góp phần bảo vệ môi trường và có cơ hội nhận những phần quà từ TH nhé! 
☘ Thời gian thu gom: 8:00-17:30 mỗi ngày, từ ngày 01/02 đến hết 31/12/2024 
☘ Địa điểm: 20 cửa hàng tại Hà Nội và TP. Hồ Chí Minh (chi tiết xem tại https://bit.ly/TH-stores-list-2024 )
☘ Để biết thêm thông tin chi tiết về chương trình, vui lòng xem tại: https://thugomvohop.thmilk.vn/",1866,26,22,2024-02-01 04:24:12,Video
https://www.facebook.com/thmilk/posts/pfbid023LsB34oZgJjhLy5vwaec1gwAUK9yUGY7ZzoPokEKw6TNCPmz2hPk49MeNSNrarWLl," THU GOM VỎ HỘP, LAN TỎA SỐNG XANH 

Tiếp nối thành công của chương trình “Thu Gom Vỏ Hộp, Lan Tỏa Sống Xanh 2023”, nhằm khuyến khích thực hiện lối sống xanh bền vững, từ tháng 2/2024, TH trân trọng triển khai chương trình “Thu Gom Vỏ Hộp, Lan Tỏa Sống Xanh 2024”. Đây là chương trình được TH kết hợp cùng Tetra Pak tổ chức, cũng như thu gom và tái chế vỏ hộp sữa đã qua sử dụng, góp phần giảm thiểu rác thải ra môi trường tự nhiên. 

Để tham gia chương trình, bạn hãy thu gom những vỏ hộp sữa đã sử dụng tại gia đình, làm sạch và gấp gọn. Sau đó, mang tới các điểm thu gom là các cửa hàng TH true mart bạn nhé! Với mỗi kilogram vỏ hộp sữa giấy thu gom, bạn đã đóng góp 100.000đ vào ""Dự án giám sát bảo tồn rạn san hô tại Vườn quốc gia Cát Bà"".
 
Cùng tham gia thu gom vỏ hộp từ hôm nay, góp phần bảo vệ môi trường và có cơ hội nhận những phần quà từ TH nhé! 
☘ Thời gian thu gom: 8:00-17:30 mỗi ngày, từ ngày 01/02 đến hết 31/12/2024 
☘ Địa điểm: 20 cửa hàng tại Hà Nội và TP. Hồ Chí Minh (chi tiết xem tại https://bit.ly/TH-stores-list-2024 )
☘ Để biết thêm thông tin chi tiết về chương trình, vui lòng xem tại: https://thugomvohop.thmilk.vn/",1892,137,83,2024-01-29 21:53:16,Photo
https://www.facebook.com/thmilk/posts/pfbid02guPYf7tvdk2FkyBehRMMz9cFKBpbVkfYKZ5wWxU8xW9jQqgaxb49SouGqmy4jur8l,"Ưu đãi hấp dẫn đầu năm từ kem TH true ICE CREAM sẽ gia hạn đến hết 8/2/2024. Ghé ngay  hệ thống cửa hàng TH true mart và gian hàng TH true mart trên các ứng dụng đặt hàng để nhận ưu đãi bạn nhé nhé: 
- Tặng ngay 2 hộp SCUTT TOPKID 110ml khi mua 3 kem que 52 g. 
- Tặng 1 chai TH true TEA khi mua 6 kem cùng loại, áp dụng cho kem ốc quế, kem sandwich và kem hộp 50 g 
- Tặng 1 kem hộp 50g khi mua 2 kem hộp 180 g. 
Kem TH true ICE CREAM đều được làm hoàn toàn bằng sữa tươi sạch nguyên chất của Trang trại TH cùng các nguyên liệu tự nhiên, giữ nguyên hương vị tươi mới và thanh mát hòa quyện cùng sữa tươi tạo giúp người dùng thưởng thức hương vị một cách tốt nhất. 
Đặt hàng tại:
► Ứng dụng: TH eLIFE
►Danh sách cửa hàng: https://www.thmilk.vn/he-thong-cua-hang/
► Shopee: https://bit.ly/THtrueFORMULA_SHP01
► Lazada: https://bit.ly/THtrueFORMULA-LZD
► Tiki: https://bit.ly/THtrueFORMULA_TIKI
► Grabmart: http://bit.ly/THtruemart-GrabMart
► ShopeeFood: https://bit.ly/THtruemart-ShopeeFood
► Baemin: http://bit.ly/THtruemart-Baemin",65,0,2,2024-01-27 15:22:20,unknown
https://www.facebook.com/thmilk/posts/pfbid02pw4VW4SqMqzPXs6dihWPZTfhz1Qe4WVGjDYqznRsEMrQ75wYjCwW8fu6ZXivxsKal,"Tiếp nối truyền thống tốt đẹp từ ngàn đời của dân tộc, dịp Tết Nguyên đán 2024, Tập đoàn TH, Ngân hàng Bắc Á, Quỹ ""Vì tầm vóc Việt"" đã dành nhiều nguồn lực với hy vọng chung tay mang những cái Tết ấm áp, yêu thương tới đồng bào khó khăn và các hộ gia đình chính sách. Chung tay với sự kiện “Tết nhân ái 2024” tại Thanh Chương, Nghệ An, Tập đoàn TH đã gửi tặng hơn 300 món quà gồm các sản phẩm sữa tươi sạch TH true MILK, trà thảo dược túi lọc TH true HERBAL và các sản phẩm đồ uống tốt cho sức khỏe đến các gia đình hoàn cảnh khó khăn tại đây.",67,0,3,2024-01-25 08:51:25,GenericAttachmentMedia
https://www.facebook.com/thmilk/posts/pfbid02GFwMhAXjN37Zgr7TY17JVuoxVFxMBxpGJQqFh2x7PJmrVDbN29AvzyBj25M7q3VWl," Vậy là sau 4.5 tháng diễn ra, chương trình ""Thu gom vỏ hộp, Lan tỏa sống xanh 2023"" đã kết thúc với hơn 300.000 vỏ hộp sữa được thu gom, tương đương 1,9 tấn vỏ hộp được mang đi tái chế. Những vật dụng được tái chế từ vỏ hộp sữa như bàn ghế, sổ tay, tấm lợp sinh thái,... sẽ bắt đầu vòng đời mới tới tay người tiêu dùng.  

 Cảm ơn bạn đã đồng hành cùng chương trình""Thu gom vỏ hộp, lan tỏa sống xanh 2023"". Trong tương lai, TH sẽ tiếp tục thực hiện các hoạt động tích cực, nhằm bảo vệ môi trường và lan tỏa lối sống xanh bền vững. Mong rằng các bạn sẽ tiếp tục đồng hành cùng TH trong các chương trình này nhé!",167,16,2,2024-01-23 02:20:29,Photo
https://www.facebook.com/thmilk/videos/1486291738611193/,"Giai đoạn đầu đời của bé là giai đoạn phát triển vàng về cả thể chất lẫn trí tuệ. Mẹ đừng quên bổ sung cho bé bộ dinh dưỡng đầy đủ và phù hợp. Bộ sản phẩm dinh dưỡng công thức TH true FORMULA với công thức độc quyền CARE ADVANCE giúp tăng cường sức đề kháng, tốt cho hệ tiêu hóa và não bộ, tạo nền tảng vững chắc, hỗ trợ sự phát triển khỏe mạnh của con:

✅ Hỗ trợ phát triển não bộ với các dưỡng chất MFGM, DHA, ARA. Trong đó, MFGM – màng cầu chất béo sữa, là dưỡng chất có trong sữa tự nhiên đã được nghiên cứu cho thấy tác dụng có lợi đối với sự phát triển não bộ và nhận thức của trẻ. DHA là dưỡng chất không thể thiếu đối với sự phát triển của não bộ của con. ARA cần thiết cho sự phát triển thể trạng của trẻ như hệ thần kinh trung ương, võng mạc, trí tuệ, khả năng nhận thức và giải quyết các vấn đề. 

✅ Hỗ trợ tăng cường sức đề kháng với HMO (2’-FL), Nucleotid, Vitamin và khoáng chất. HMO (2’-FL) thúc đẩy sự phát triển của vi khuẩn có lợi, ngăn chặn mầm bệnh bám dính vào hàng rào ruột, duy trì hệ miễn dịch khỏe mạnh cho bé. Nucleotides cùng với các vitamin (A, D, C) và khoáng chất (selen, kẽm) giúp bé được tăng cường sức đề kháng.

✅ Hỗ trợ tiêu hóa hấp thu với Probiotic và Prebiotic (GOS & FOS): giúp cải thiện cân bằng hệ vi sinh vật đường ruột, đồng thời, thúc đẩy sự phát triển của lợi khuẩn đường ruột, giảm tình trạng táo bón và tăng khả năng hấp thu dưỡng chất.

TH true FORMULA - Dinh dưỡng vàng cho trẻ phát triển toàn diện!

Ghé thăm các điểm bán lẻ, hệ thống cửa hàng TH true mart toàn quốc hoặc đặt hàng online ngay:
► Website chính thức về sản phẩm: https://formula.thmilk.vn/
► Website hệ thống TH true mart: https://www.thtruemart.vn/
► Ứng dụng: TH eLIFE
►Danh sách cửa hàng: https://www.thmilk.vn/he-thong-cua-hang/
► Shopee: https://bit.ly/THtrueFORMULA_SHP01
► Lazada: https://bit.ly/THtrueFORMULA-LZD
► Tiki: https://bit.ly/THtrueFORMULA_TIKI
► Grabmart: http://bit.ly/THtruemart-GrabMart
► ShopeeFood: https://bit.ly/THtruemart-ShopeeFood",84,51,5,2024-01-20 19:49:33,Video
https://www.facebook.com/thmilk/posts/pfbid0MN7jL2GgXuRwTeYwCMbBhCmXh1oecPWDyUeNJPdUm2KASZQvFMzw3UrZPPXfmgE7l,"Ưu đãi hấp dẫn đầu năm từ kem TH true ICE CREAM tại hệ thống cửa hàng TH true mart và gian hàng TH true mart trên các ứng dụng đặt hàng, áp dụng từ 4/1-3/2/2024: 
- Tặng ngay 2 hộp SCUTT TOPKID 110ml khi mua 3 kem que 52 g. 
- Tặng 1 chai TH true TEA khi mua 6 kem cùng loại, áp dụng cho kem ốc quế, kem sandwich và kem hộp 50 g 
- Tặng 1 kem hộp 50g khi mua 2 kem hộp 180 g. 
Kem TH true ICE CREAM đều được làm hoàn toàn bằng sữa tươi sạch nguyên chất của Trang trại TH cùng các nguyên liệu tự nhiên, giữ nguyên hương vị tươi mới và thanh mát hòa quyện cùng sữa tươi tạo giúp người dùng thưởng thức hương vị một cách tốt nhất. 
Đặt hàng tại:
► Ứng dụng: TH eLIFE
►Danh sách cửa hàng: https://www.thmilk.vn/he-thong-cua-hang/
► Shopee: https://bit.ly/THtrueFORMULA_SHP01
► Lazada: https://bit.ly/THtrueFORMULA-LZD
► Tiki: https://bit.ly/THtrueFORMULA_TIKI
► Grabmart: http://bit.ly/THtruemart-GrabMart
► ShopeeFood: https://bit.ly/THtruemart-ShopeeFood
► Baemin: http://bit.ly/THtruemart-Baemin",740,42,14,2024-01-18 13:18:38,unknown
https://www.facebook.com/thmilk/posts/pfbid037ZAiLStLr6dkp5oWT4MvkJx8KynUuJff9DRjnNUXNpJFfr2FqYiemUozEghTHqetl,"Ghé hệ thống cửa hàng TH true mart để nhận ưu đãi hấp dẫn từ Bơ Lạt Tự Nhiên TH true BUTTER  & Phomat tự nhiên trong tháng 1/2024
 Giảm ngay 30% khi mua 2 Bơ Lạt Tự Nhiên 200g, áp dụng từ 1-31/1/2024 
  Tặng 1 gói Bơ 10g khi mua 2 gói Phomat Tự Nhiên, áp dụng từ 5-31/1/2024
Bơ Lạt Tự Nhiên TH rue BUTTER được làm hoàn toàn từ chất béo từ sữa tươi sạch nguyên chất từ Trang trại TH cùng với quá trình lên men tự nhiên tạo nên hương vị thơm ngon, Sản phẩm có thể dùng vào nhiều mục đích khác nhau, ngoài việc ăn trực tiếp, ăn kèm với bánh mỳ, sử dụng để làm bánh, cũng có thể kết hợp với việc chiên xào, và chế biến các loại sốt ăn kèm.
Danh sách hệ thống cửa hàng TH true mart toàn quốc: https://www.thmilk.vn/he-thong-cua-hang/",777,53,8,2024-01-16 06:47:42,unknown
https://www.facebook.com/thmilk/posts/pfbid034hH4RMoapET9qvM14GaqHveP42867C8kcRyiGdMS7AzThpFZDw9xkoBcQ2fi7tFyl,"Bé vui đón năm mới cùng Sản phẩm dinh dưỡng TH true FORMULA với bộ công thức CARE ADVANCE hỗ trợ bé:
• Phát triển não bộ cùng bộ dưỡng chất MFGM, DHA, ARA
• Tăng cường sức đề kháng với HMO (2’-FL), Nucleotid, Vitamin và khoáng chất
• Tiêu hóa hấp thu khỏe cùng bộ đôi Probiotic và Prebiotic.

Đặt hàng tại:
► Ứng dụng: TH eLIFE
►Danh sách cửa hàng: https://www.thmilk.vn/he-thong-cua-hang/
► Shopee: https://bit.ly/THtrueFORMULA_SHP01
► Lazada: https://bit.ly/THtrueFORMULA-LZD
► Tiki: https://bit.ly/THtrueFORMULA_TIKI
► Grabmart: http://bit.ly/THtruemart-GrabMart
► ShopeeFood: https://bit.ly/THtruemart-ShopeeFood
► Baemin: http://bit.ly/THtruemart-Baemin",118,25,3,2024-01-14 00:16:46,Photo
https://www.facebook.com/thmilk/posts/pfbid02PPBvE4SvKCuQUoyvS4C3Vh17c1q7EcYUoSLqENvznynCLgoghrEACWQjR9X2y7tal," Thông báo thay đổi cách thức tiêu điểm TH true POINT

Với mong muốn mang đến cho Khách hàng những trải nghiệm tốt hơn khi trở thành Khách hàng thân thiết của TH, chúng tôi xin trân trọng thông báo về việc thay đổi cơ chế tiêu điểm TH true POINT, cụ thể như sau:

1. Kể từ ngày 01/02/2024, dừng áp dụng cơ chế đổi 01 điểm TH true POINT tương ứng với 1000 VNĐ khi mua sắm hàng hóa trong các chuỗi cửa hàng TH true mart. Quý khách vui lòng ghé thăm chuỗi cửa hàng TH true mart để mua sắm và sử dụng toàn bộ số điểm đã tích lũy được trong thời gian qua trước ngày 01/02/2024. Sau thời gian này, số điểm tồn trong tài khoản của Quý khách sẽ không còn hiệu lực. Cơ chế đổi điểm mới sẽ áp dụng theo chính sách mới của Công ty tùy thuộc vào từng thời điểm. Thông tin chi tiết các chương trình, cơ chế chính sách mới sẽ được cập nhật trên ứng dụng TH eLIFE hoặc website thương mại điện tử www.thtruemart.vn, Quý khách hàng vui lòng theo dõi.

2. Việc dừng cơ chế tiêu điểm không ảnh hưởng đến hạng thẻ và cơ chế tích lũy điểm.Từ ngày 01/02/2024 Quý khách mua sắm tại TH true mart sẽ tiếp tục tích điểm theo hạng thẻ mà Quý Khách đang có.
Chúng tôi tin rằng những điều chỉnh này sẽ làm tăng tính tương tác và giá trị mà chúng tôi mang lại cho Quý khách, chúng tôi sẽ luôn lắng nghe ý kiến đóng góp của Quý khách để không ngừng cải thiện dịch vụ, tăng tính trải nghiệm dành riêng cho Khách hàng TH.

TH xin trân trọng cảm ơn! LH: 1800545440.",141,6,5,2024-01-11 17:45:51,unknown
https://www.facebook.com/thmilk/posts/pfbid02yPXM7UbnWXpWB8NRVs6jRK9azR7fG3yfNEhuXsZQjZe5nNpXHd6MkE85q7nNPDfhl,"HAPPY NEW YEAR 2024 

Chúc mừng năm mới 2024! TH chúc bạn một năm mới luôn tràn ngập niềm vui và hạnh phúc bên những người thân yêu ❤️",258,44,7,2024-01-09 11:14:55,Photo
https://www.facebook.com/thmilk/posts/pfbid0QokeXjZoSA3y5G1WneUhTXNVGiq622Swj3NFVLG943SAe5VjY37jwUcBKFTToh2Yl," Cuộc thi ""Thử thách bánh ngon"" đang nhận được rất nhiều sự yêu mến từ phía các thí sinh tài năng. Những bài thi chất lượng và độc đáo liên tục được gửi tới BTC với công thức bánh đa dạng và đẹp mắt. Hãy cùng TH true BUTTER điểm qua một số bài dự thi nhé. 
 Chỉ còn 3 ngày để tham gia ""Thử thách bánh ngon"" cùng nhãn hàng TH true BUTTER đồng hành cùng Group Công Thức Bếp Bánh để lan tỏa niềm vui bếp bánh và nhận các giải thưởng hấp dẫn từ BTC với tổng giải thưởng lên tới gần 50 triệu đồng!
Cách thức tham gia - Hoàn thành 3 bước trước 23h59 phút ngày 31/12/2023:
 Bước 1: Người tham gia tiến hành chụp ảnh bánh hoặc quay video (1-2 phút) quá trình chế biến 1 món bánh bất kì với bơ TH true BUTTER.
* Lưu ý:
- Với bài dự thi dạng video: sản phẩm TH true BUTTER cần xuất hiện thật rõ nét ở khung hình trong 3 giây đầu của video
- Với bài dự thi dạng ảnh: món ăn đặt bên cạnh sản phẩm Bơ của TH thật rõ nét
- Bài dự thi phải giữ trên Facebook ở trạng thái public cho đến hết ngày 28/2/2024
 Bước 2: Đăng hình ảnh hoặc video của bài dự thi lên trang Facebook cá nhân ở chế độ công khai kèm caption mô tả và hashtag #Thuthachbanhngon #THtrueBUTTER
Bước 3: Điền đầy đủ thông tin bài dự thi vào link https://thuthachbanhngon.thmilk.vn/. Sau đó sao chép đường dẫn (copy link) bài dự thi và Dán (Paste) lại tại phần comment của post phát động cuộc thi này trong group Công thức Bếp Bánh nhé: https://www.facebook.com/groups/382180815840254/permalink/1393007278090931",112,12,1,2024-01-07 04:43:59,unknown
https://www.facebook.com/thmilk/posts/pfbid0nhksjKjqbxd4xboko3BqaaSQ3s6UZPDb3P5XsDvZjyiBSn6cr9442qXf26gD2mSnl,"Được nghiên cứu bổ sung bộ dưỡng chất cao cấp tốt cho sức khỏe người lớn tuổi, Sữa tươi tiệt trùng TH true MILK GOLD được làm hoàn toàn từ sữa tươi tách béo, không bổ sung đường saccaroza, giúp người dùng có thể kiểm soát hàm lượng đường và chất béo trong khẩu phần dinh dưỡng hàng ngày. TH true MILK GOLD giữ được hương vị tự nhiên của sữa tươi sạch, tốt cho sức khoẻ người cao tuổi.

Ghé thăm hệ thống siêu thị toàn quốc, hệ thống cửa hàng TH true mart hoặc đặt hàng online ngay:
► Website: https://www.thtruemart.vn/ 
► Danh sách cửa hàng: https://www.thmilk.vn/he-thong-cua-hang/",197,17,3,2024-01-04 22:13:04,Photo
https://www.facebook.com/thmilk/posts/pfbid09n9Uw1PQGzdV2Mq8F2HK6T5Wai1WYPQzrSKwoJoWZV6TAb6BMYgzoqYvN5vJhTdbl,"Công bố người trúng quà minigame ""GHÉP ĐÚNG CÂU - TRÚNG NGAY QUÀ XỊN""
Xin chúc mừng khách hàng dưới đây đã may mắn trúng giải:
- Thủy Nguyễn: https://www.facebook.com/traiot281111

 Bạn có tên hãy nhanh chóng inbox Fanpage thông tin cá nhân (Họ tên, Số điện thoại, Địa chỉ) trước ngày 30/12 để nhận được phần quà nhé. Lưu ý ghi rõ: khách hàng trúng thưởng minigame TH true FORMULA.
#andersarocupvietnam2023 #thtrueformula #careadvance",251,16,1,2024-01-02 15:42:08,Photo
https://www.facebook.com/thmilk/posts/pfbid02vt4BnHet5gDhunYjFuB8d8RKf1U1uA8R8Lkr8QRJ8U2L4n3RcEiiML18tLyAcD5Gl,"Chúc mừng những khách hàng may mắn đã rinh về chiếc Iphone 14 Promax 256GB từ chương trình ""Tiếp năng lượng, lập chiến công, trúng hơn 100.000 quà tặng"" của TH true YOGURT

Chi tiết chương trình xem tại: https://khuyenmaiyogurt.thmilk.vn/ 

Đặt hàng ngay tại:
► Grabmart: http://bit.ly/THtruemart-GrabMart
► ShopeeFood: https://bit.ly/THtruemart-ShopeeFood
► Baemin: http://bit.ly/THtruemart-Baemin
► Loship: https://bit.ly/THtruemart-Loship",224,20,2,2023-12-31 09:11:12,Photo
https://www.facebook.com/thmilk/posts/pfbid0TAA3esEJxzQiPx8vBLsKPc6coY4hrauXyTZM9J3d59PqGRXPRwR5dvzA3NwF1cKxl," Merry Christmas! 

TH chúc bạn một mùa Giáng sinh thật an lành, ấm áp bên cạnh những người thân yêu!",375,14,2,2023-12-29 02:40:17,Photo
https://www.facebook.com/thmilk/posts/pfbid0FZCmNnuxWiZp6uDVzPtD65pyhPwL4VTLcp7FLb7ikV9KmXxfcXmUa2q4gqcjqUmwl," Bình luận ""Đăng ký"" để nhận ngay e-coupon mua 2 hộp tặng 2 hộp sản phẩm dinh dưỡng công thức từ sữa tươi TH true FORMULA 180ml. Số lượng quà tặng có hạn, chương trình sẽ kết thúc khi hết quà tặng.

*Lưu ý: 
- Mã sẽ được fan page TH true MILK gửi trực tiếp vào hộp tin nhắn của khách hàng. 
- Khách hàng chỉ nhận được quà tặng nếu bình luận ""Đăng ký"" tại post này. Không áp dụng với các khách hàng inbox trực tiếp Fanpage 
- Mỗi khách hàng được lấy miễn phí và đổi 01 e-coupon trong suốt chương trình ưu đãi. Mã có giá trị sử dụng 01 lần.
- Chương trình áp dụng cho khách hàng toàn quốc, chỉ được sử dụng trong thời gian hiệu lực, áp dụng tại hệ thống cửa hàng TH true mart toàn quốc.

 Mang lại nguồn dinh dưỡng vàng cho trẻ phát triển toàn diện, sản phẩm dinh dưỡng công thức từ sữa tươi TH true FORMULA được làm hoàn toàn từ sữa tươi sạch của trang tại TH kết hợp cùng bộ công thức độc quyền CARE ADVANCE mang lại công dụng:
· Hỗ trợ phát triển não bộ: MFGM, DHA, ARA
· Tăng cường sức đề kháng: HMO (2’ -FL), Nucleotid, Vitamin và khoáng chất
· Hỗ trợ tiêu hóa và hấp thu: Prebiotic (GOS, FOS)",964,4256,14,2023-12-26 20:09:21,Photo
https://www.facebook.com/photo/?fbid=760662546103820&set=a.664462722390470," Bình luận ""Đăng ký"" để nhận ngay e-coupon mua 2 hộp tặng 2 hộp Sữa dinh dưỡng cho người lớn TH true MILK GOLD. Số lượng quà tặng có hạn, chương trình sẽ kết thúc khi hết quà tặng.

Là sản phẩm sữa dinh dưỡng dành cho người lớn, TH true MILK GOLD được bổ sung bộ dưỡng chất hỗ trợ cải thiện sức khỏe tổng thể với 6 nhóm lợi ích:
- Sterol este thực vật tốt cho tim mạch
- GABA – hỗ trợ cải thiện chất lượng giấc ngủ
- Calci, vitamin D3, K2 và collagen tốt cho xương khớp
- Chất xơ inulin tốt cho tiêu hóa
- Kẽm, beta-glucan nâng cao đề kháng
- Vitamin và khoáng chất tốt cho sức khỏe tổng thể.

*Lưu ý:
- Mã sẽ được fan page TH true MILK gửi tới hòm tin nhắn của khách hàng 
- Khách hàng chỉ nhận được quà tặng bình luận ""Đăng ký"" qua bài viết này. Không áp dụng với các khách hàng inbox trực tiếp Fan page.
- Mỗi khách hàng được lấy miễn phí và đổi 01 e-coupon trong suốt chương trình ưu đãi. Mã có giá trị sử dụng 01 lần.
- Chương trình áp dụng cho khách hàng toàn quốc, chỉ được sử dụng trong thời gian hiệu lực, áp dụng tại hệ thống cửa hàng TH true mart toàn quốc.",665,3174,11,2023-12-24 13:38:25,Photo
https://www.facebook.com/thmilk/posts/pfbid022tsdvqBCj7AX46SAxM812VH37Whcc7fwXKrxrqKicvWTekSJwoP7fNsZsvvpKeUql,"✨ Cập nhật thời hạn đổi quà từ Chương trình Săn thẻ vui, Khui quà đỉnh cùng TH TOPKID 

 Từ nay đến hết ngày 22/12/2023:
 Sưu tầm 24 thẻ Lớp Học Mật Ngữ sẽ đổi được 01 Bộ 36 bút màu
 Sưu tầm 48 thẻ Lớp Học Mật Ngữ sẽ đổi được 01 Balo chống gù

 Từ nay đến hết ngày 15/01/2024:
 Sưu tầm 12 thẻ Lớp Học Mật Ngữ sẽ đổi được 01 Bộ đồ dùng học tập
 Sưu tầm 01 thẻ xe đạp đổi ngay 01 xe đạp thể thao

Đừng quên ghé các cửa hàng TH true mart hoặc điểm bán lẻ bán sản phẩm Sữa chua uống tiệt trùng TH true YOGURT TOPKID hoặc Sữa trái cây TH true JUICE milk TOPKID có tham gia chương trình để đổi quà bạn nhé! 

Chi tiết chương trình xem tại: https://khuyenmaitopkid.thmilk.vn/
Ghé thăm hệ thống siêu thị toàn quốc, hệ thống cửa hàng TH true mart hoặc đặt hàng online ngay:
► Website: https://www.thtruemart.vn/
► Danh sách cửa hàng: https://www.thmilk.vn/he-thong-cua-hang/",416,132,35,2023-12-22 07:07:30,Photo
https://www.facebook.com/thmilk/posts/pfbid021TmKcbpiEZN1rS1Q6sGpxA9S1ga5jn3HLpHwHtvBLnDv98FX2nquS1xztbiFyF4ql,"Nhận ưu đãi hấp dẫn giảm 20% khi mua 1 thùng sữa dinh dưỡng cho người lớn TH true MILK GOLD 24 hộp. Chương trình kéo dài từ nay tới hết 15/1/2024. Hãy ghé thăm hệ thống cửa hàng TH true mart toàn quốc và gian hàng online của TH trên các ứng dụng giao hàng, sàn thương mại điện tử mua hàng và nhận được nhiều ưu đãi bạn nhé. 

Là sản phẩm sữa dinh dưỡng cho người lớn, TH true MILK GOLD được bổ sung bộ dưỡng chất hỗ trợ cải thiện sức khỏe tổng thể với 6 nhóm lợi ích:
- Sterol este thực vật tốt cho tim mạch
- GABA – hỗ trợ cải thiện chất lượng giấc ngủ
- Calci, vitamin D3, K2 và collagen tốt cho xương khớp
- Chất xơ inulin tốt cho tiêu hóa
- Kẽm, beta-glucan nâng cao đề kháng
- Vitamin và khoáng chất tốt cho sức khỏe tổng thể.
Ngoài ra, sản phẩm được nghiên cứu và phát triển với những đặc điểm riêng phù hợp cho người lớn tại Việt Nam như: 
-  Dễ tiêu hoá: Hàm lượng Lactose thấp, đựợc bổ sung chất xơ 
- Tốt hơn cho sức khoẻ: Ít Béo, Không bổ sung đường 
► Danh sách cửa hàng toàn quốc: https://www.thmilk.vn/he-thong-cua-hang/
► Shopee: https://shopee.vn/th_truemart_officialstore
► Lazada: https://www.lazada.vn/shop/th-true-mart
► Tiki: https://tiki.vn/cua-hang/th-true-mart-official-store",443,41,10,2023-12-20 00:36:34,Photo
https://www.facebook.com/thmilk/posts/pfbid02kZar1fhvchDznBkRsEcA3LwvAQEqqkNtScPFCM1xspFF8ndmG2US34cNbG5PnbZsl,"""Dự án thay đổi bản chất ngành sữa Việt Nam trên nền tảng phát triển bền vững, vì sức khỏe cộng đồng"" của TH true MILK được tôn vinh ở hạng mục quan trọng nhất là ""Human Act Prize"" của hệ thống giải thưởng ""Hành động vì cộng đồng - Human Act Prize"" do Báo Nhân dân phối hợp với Bộ Lao động Thương binh Xã hội, Bộ Tài nguyên Môi trường và Bộ Khoa học Công nghệ tổ chức.",536,36,18,2023-12-17 18:05:38,GenericAttachmentMedia
https://www.facebook.com/thmilk/videos/638105758301432/,"Nhận ưu đãi hấp dẫn giảm 20% khi mua 1 thùng sữa dinh dưỡng cho người lớn TH true MILK GOLD 24 hộp. Chương trình kéo dài từ nay tới hết 15/1/2024. Hãy ghé thăm hệ thống cửa hàng TH true mart toàn quốc và gian hàng online của TH trên các ứng dụng giao hàng, sàn thương mại điện tử mua hàng và nhận được nhiều ưu đãi bạn nhé. 
Là sản phẩm sữa dinh dưỡng cho người lớn, TH true MILK GOLD được bổ sung bộ dưỡng chất hỗ trợ cải thiện sức khỏe tổng thể với 6 nhóm lợi ích:
- Sterol este thực vật tốt cho tim mạch
- GABA – hỗ trợ cải thiện chất lượng giấc ngủ
- Calci, vitamin D3, K2 và collagen tốt cho xương khớp
- Chất xơ inulin tốt cho tiêu hóa
- Kẽm, beta-glucan nâng cao đề kháng
- Vitamin và khoáng chất tốt cho sức khỏe tổng thể.
Ngoài ra, sản phẩm được nghiên cứu và phát triển với những đặc điểm riêng phù hợp cho người lớn tại Việt Nam như: 
-  Dễ tiêu hoá: Hàm lượng Lactose thấp, đựợc bổ sung chất xơ 
- Tốt hơn cho sức khoẻ: Ít Béo, Không bổ sung đường 
► Danh sách cửa hàng toàn quốc: https://www.thmilk.vn/he-thong-cua-hang/
► Shopee: https://shopee.vn/th_truemart_officialstore
► Lazada: https://www.lazada.vn/shop/th-true-mart
► Tiki: https://tiki.vn/cua-hang/th-true-mart-official-store",666,56,7,2023-12-15 11:34:43,Video
https://www.facebook.com/thmilk/posts/pfbid02remdSLAAoSXjCDAgsegnpPYvUwV1QgQnUSEeVdwNiQ9ezgWTuTzUvC64YaVwEkUSl,"Nhận ưu đãi hấp dẫn giảm 20% khi mua 1 thùng sữa dinh dưỡng cho người lớn TH true MILK GOLD 24 hộp. Chương trình kéo dài từ nay tới hết 15/1/2024. Hãy ghé thăm hệ thống cửa hàng TH true mart toàn quốc và gian hàng online của TH trên các ứng dụng giao hàng, sàn thương mại điện tử mua hàng và nhận được nhiều ưu đãi bạn nhé. 

Là sản phẩm sữa dinh dưỡng cho người lớn, TH true MILK GOLD được bổ sung bộ dưỡng chất hỗ trợ cải thiện sức khỏe tổng thể với 6 nhóm lợi ích:
- Sterol este thực vật tốt cho tim mạch
- GABA – hỗ trợ cải thiện chất lượng giấc ngủ
- Calci, vitamin D3, K2 và collagen tốt cho xương khớp
- Chất xơ inulin tốt cho tiêu hóa
- Kẽm, beta-glucan nâng cao đề kháng
- Vitamin và khoáng chất tốt cho sức khỏe tổng thể.
Ngoài ra, sản phẩm được nghiên cứu và phát triển với những đặc điểm riêng phù hợp cho người lớn tại Việt Nam như: 
-  Dễ tiêu hoá: Hàm lượng Lactose thấp, đựợc bổ sung chất xơ 
- Tốt hơn cho sức khoẻ: Ít Béo, Không bổ sung đường 

► Danh sách cửa hàng toàn quốc: https://www.thmilk.vn/he-thong-cua-hang/
► Shopee: https://shopee.vn/th_truemart_officialstore
► Lazada: https://www.lazada.vn/shop/th-true-mart
► Tiki: https://tiki.vn/cua-hang/th-true-mart-official-store",707,66,2,2023-12-13 21:41:12,Photo
https://www.facebook.com/thmilk/posts/pfbid0HeeP4ABLruAzn6imGws4MTuaso2eNTFBZ6Bi8QduDzmYFA1rNNfeqtTnrUCV5zWLl,"Cuộc thi ""Thử thách bánh ngon"" gia hạn thời gian nộp bài tới 31/12/2023 
Hãy nhanh tay gửi các bài dự thi cho cuộc thi ""Thử thách bánh ngon"" cùng nhãn hàng TH true BUTTER đồng hành cùng Group Công Thức Bếp Bánh để lan tỏa niềm vui bếp bánh và nhận các giải thưởng hấp dẫn từ BTC với tổng giải thưởng lên tới gần 50 triệu đồng!
- Giải Nhất: 1 máy trộn bột cao cấp Smeg trị giá 18 triệu đồng
- Giải Nhì: 5 lò nướng Sharp (trị giá 5 triệu đồng/giải thưởng)
- Giải Ba: 100 Evoucher trị giá 100.000đ mua hàng tại hệ thống cửa hàng TH true mart toàn quốc
Thời gian diễn ra chương trình: từ 17/11 - 31/12/2023. Kết quả sẽ được công bố vào ngày 10/1/2024 trên group. Xem thêm thể lệ và những lưu ý chi tiết tại mục ""Thể lệ tham dự” tại trang web của cuộc thi tại: www.thuthachbanhngon.thmilk.vn
Cách thức tham gia:
 Bước 1: Người tham gia tiến hành chụp ảnh bánh hoặc quay video (1-2 phút) quá trình chế biến 1 món bánh bất kì với bơ TH true BUTTER.
* Lưu ý:
- Với bài dự thi dạng video: sản phẩm TH true BUTTER cần xuất hiện thật rõ nét ở khung hình trong 3 giây đầu của video
- Với bài dự thi dạng ảnh: món ăn đặt bên cạnh sản phẩm Bơ của TH thật rõ nét
- Bài dự thi phải giữ trên Facebook ở trạng thái public cho đến hết ngày 28/2/2024

 Bước 2: Đăng hình ảnh hoặc video của bài dự thi lên trang Facebook cá nhân ở chế độ công khai kèm caption mô tả và hashtag #Thuthachbanhngon #THtrueBUTTER

Bước 3: Điền đầy đủ thông tin bài dự thi vào link https://thuthachbanhngon.thmilk.vn/. Sau đó sao chép đường dẫn (copy link) bài dự thi và Dán (Paste) lại tại phần comment của post phát động cuộc thi này trong group Công thức Bếp Bánh nhé: https://www.facebook.com/groups/382180815840254/permalink/1393007278090931

Còn chần chừ gì mà không vào bếp và ghi lại quá trình chế biến món bánh yêu thích nhất của bạn để không bỏ lỡ những phần quà hấp dẫn từ TH",512,58,13,2023-12-12 07:47:41,unknown
https://www.facebook.com/thmilk/posts/pfbid0Zw6RYq8KQJiZnSHEAf6b5T5WrcGSLgEvEh4RNSNe3nseLGkpcPfRaRzgvViF6pzEl," Tham gia Chương trình Săn thẻ vui, Khui quà đỉnh cùng TH TOPKID để nhận ngay những phần quà hấp dẫn! 

 Sưu tầm 12 thẻ Lớp học mật ngữ bất kỳ trong các lốc Sữa chua uống tiệt trùng TH true YOGURT TOPKID hoặc Nước uống sữa trái cây TH true JUICE milk TOPKID để đổi ngay bộ đồ dùng học tập cực dễ thương bạn nhé!

 Chương trình hiện đang diễn ra từ nay đến hết ngày 15/01/2024.

Chi tiết chương trình xem tại: https://khuyenmaitopkid.thmilk.vn/
Ghé thăm hệ thống siêu thị toàn quốc, hệ thống cửa hàng TH true mart hoặc đặt hàng online ngay:
► Website: https://www.thtruemart.vn/
► Danh sách cửa hàng: https://www.thmilk.vn/he-thong-cua-hang/",393,40,5,2023-12-10 17:54:10,Photo
https://www.facebook.com/thmilk/videos/926840245466948/," Làm mỳ ý thơm ngon chưa bao giờ đơn giản đến vậy với Bơ Lạt Tự Nhiên TH true BUTTER.
Và đừng quên tham gia cuộc thi ""Thử thách bánh ngon""  với TH true BUTTER để rinh những phần quà cực hấp dẫn với tổng giá trị tới gần 50 triệu :
- Giải Nhất: 1 máy trộn bột cao cấp Smeg trị giá 18 triệu đồng
- Giải Nhì: 5 lò nướng Sharp (trị giá 5 triệu đồng/giải thưởng)
- Giải Ba: 100 Evoucher trị giá 100.000đ mua hàng tại hệ thống cửa hàng TH true mart toàn quốc

 Tìm hiểu thể lệ và tham gia ngay tại: https://www.facebook.com/groups/382180815840254/posts/1393007278090931/",320,18,5,2023-12-09 04:00:40,Video
https://www.facebook.com/thmilk/posts/pfbid02ZsGfgWp3UbLrufRsHrPioGQGuQSjfBWzYdVVs3vnBD3MGPY1cSvt2K9wb58wbx1Ul," Từ nay đến hết 15/01/2024, khi sưu tầm được 1 thẻ xe đạp trong lốc Sữa chua uống tiệt trùng TH true YOGURT TOPKID hoặc Nước uống sữa trái cây TH true JUICE milk TOPKID, bạn có thể đổi ngay 1 xe đạp TOPKID cực cool. 

 Nhận diện ngay thẻ xe đạp TOPKID với các đặc điểm sau: 
✨ Thông báo trúng thưởng 
✨ Mã thẻ trúng thưởng 
✨ Tem chống hàng giả  

 Đến ngay các cửa hàng TH true mart hoặc điểm bán lẻ bán sản phẩm có tham gia chương trình để đổi quà bạn nhé! 

Chi tiết chương trình xem tại: https://khuyenmaitopkid.thmilk.vn/

Ghé thăm hệ thống siêu thị toàn quốc, hệ thống cửa hàng TH true mart hoặc đặt hàng online ngay:
► Website: https://www.thtruemart.vn/
► Danh sách cửa hàng: https://www.thmilk.vn/he-thong-cua-hang/",348,40,2,2023-12-08 19:40:30,Photo
https://www.facebook.com/thmilk/posts/pfbid02GT5SjqWk4FVZ49MVtLtXJTVepFqd4vBddD4ey9nMGUwPLd2F7Epr35s8Q3DG5SZEl," Lần đầu tiên đồng hành tại Giải đua xe thăng bằng Ander Saro Cup 2023, TH true FORMULA tiếp năng lượng cho các thí sinh nhí với công thức CARE ADVANCE độc quyền nghiên cứu bởi Viện Dinh dưỡng TH, đem đến lợi ích vượt trội cho bé phát triển toàn diện, sẵn sàng chinh phục chặng đua.

Đặc biệt, TH true FORMULA kết hợp cùng Ander Saro Cup dành tặng 01 xe thăng bằng cho bé may mắn nhất. Mẹ hãy nhanh tay giải đố và rinh về phần quà giá trị này cho bé chỉ với 2 bước đơn giản sau:

Bước 1: Like & Share bài viết ở chế độ công khai kèm hashtag #THtrueFORMULA

Bước 2: Bình luận đáp án kèm 1 số may mắn có 3 chữ số & tag tên 3 người bạn

Thời gian diễn ra minigame từ 06/12/2023 đến 23:59 ngày 12/12/2023
Tham gia ngay nào các mẹ ơi!
—
Tại sự kiện Giải đua xe thăng bằng Ander Saro Cup lần này, TH true FORMULA có rất nhiều quà tặng và trải nghiệm hữu ích dành tặng cho các bé đó:
- 700 lốc TH true FORMULA 180ml cho tất cả các thí sinh
- 58 thùng TH true FORMULA 180ml thuộc về những nhà vô địch
- Hơn 1000 ly sữa miễn phí
- Quà tặng xinh xắn khi mua bất kì sản phẩm tại gian hàng.

Hẹn gặp ba mẹ và các bé tại giải đua vào Chủ nhật ngày 10/12/2023 tại TRUNG T M THƯƠNG MẠI AEON MALL LONG BIÊN, HÀ NỘI nhé!

#andersarocupvietnam2023 #thtrueformula #careadvance",832,913,364,2023-12-08 11:20:20,Photo
https://www.facebook.com/thmilk/videos/372044995184436/,"Thử ngay công thức làm bánh bông lan sô cô la cực dễ cho ngày thêm ngọt ngào nhé. 
Chỉ còn 2 ngày nữa, cuộc thi ""Thử thách bánh ngon""  với Bơ Lạt Tự Nhiên TH true BUTTER với tổng giá trị giải thưởng tới gần 50 triệu sẽ kết thúc vào ngày 10/12/2023. Hãy tham gia ngay với chúng mình để có cơ hội nhận ngay những phần quà hấp dẫn:
- Giải Nhất: 1 máy trộn bột cao cấp Smeg trị giá 18 triệu đồng
- Giải Nhì: 5 lò nướng Sharp (trị giá 5 triệu đồng/giải thưởng)
- Giải Ba: 100 Evoucher trị giá 100.000đ mua hàng tại hệ thống cửa hàng TH true mart toàn quốc

Tìm hiểu thể lệ và tham gia ngay tại: https://www.facebook.com/groups/382180815840254/posts/1393007278090931/",226,10,6,2023-12-08 03:00:10,Video
https://www.facebook.com/thmilk/videos/650728900308200/,"Cùng làm bắp rang bơ caramel thơm ngon cho cuối tuần thêm chill nào bạn.
Và nếu bạn là một người yêu bếp thì hãy thử sức với cuộc thi ""Thử thách bánh ngon""  với TH true BUTTER (Kết thúc vào ngày 10/12/2023); tổng giá trị giải thưởng tới gần 50 triệu:
- Giải Nhất: 1 máy trộn bột cao cấp Smeg trị giá 18 triệu đồng
- Giải Nhì: 5 lò nướng Sharp (trị giá 5 triệu đồng/giải thưởng)
- Giải Ba: 100 Evoucher trị giá 100.000đ mua hàng tại hệ thống cửa hàng TH true mart toàn quốc

 Tìm hiểu thể lệ và tham gia ngay tại: https://www.facebook.com/groups/382180815840254/posts/1393007278090931/",247,27,9,2023-12-07 02:29:11,Video
https://www.facebook.com/thmilk/posts/pfbid02ryfSfPjBQsdscJqtUkQSZsZ2SUK9Xbjzey3EwrNetGrJnjB9oYgNjsBiYQwfXLoPl,"Ưu đãi hấp dẫn từ kem TH true ICE CREAM, áp dụng tại hệ thống cửa hàng TH true mart miền Trung và Nam: 
- Mua 4 kem que 52g/4 kem hộp 50g/4 kem sandwich / 5 kem ốc quế tặng 1 kem TOPKID
- Giảm 25% khi mua 2 kem hộp 180 g

Chương trình áp dụng từ 4-31/12, danh sách hệ thống cửa hàng TH true mart tại: https://www.thmilk.vn/he-thong-cua-hang/",475,17,7,2023-12-06 19:08:44,unknown
https://www.facebook.com/thmilk/posts/pfbid02A5QFP3NjNGrB6nR61CmyPvHRNEDDXe4jmgtrMR8VWJbqdeGXdvg7a4DruMWTewQFl,"Ghé ngay hệ thống cửa hàng TH true mart miền Bắc để nhận chương trình khuyến mại hấp dẫn từ kem TH true ICE CREAM, áp dụng từ 4-31/12/2023: 
- Mua 5 kem 52 g/4 kem hộp 50 g tặng 2 hộp sữa chua ăn (Vị ít đường, có đường, nguyên chất)
- Mua 2 kem sandwich / 2 kem ốc quế / 2 kem hộp 180 g tặng 1 sữa chua ăn (Vị ít đường, có đường, nguyên chất)

Danh sách hệ thống cửa hàng TH true mart: https://www.thmilk.vn/he-thong-cua-hang/",267,15,4,2023-12-06 11:48:18,unknown
https://www.facebook.com/thmilk/videos/661879692723792/,"Red velvet cupcake cream cheese béo ngậy cực phù hợp cho các tín đồ phô mai cùng Bơ Lạt Tự Nhiên TH true BUTTER.
 Cùng vào bếp với cuộc thi ""Thử thách bánh ngon""  với TH true BUTTER (Kết thúc vào ngày 10/12/2023) để rinh ngay cơ hội nhận hàng loạt giải thưởng với tổng giá trị lên tới gần 50 triệu  đồng:
- Giải Nhất: 1 máy trộn bột cao cấp Smeg trị giá 18 triệu đồng
- Giải Nhì: 5 lò nướng Sharp (trị giá 5 triệu đồng/giải thưởng)
- Giải Ba: 100 Evoucher trị giá 100.000đ mua hàng tại hệ thống cửa hàng TH true mart toàn quốc
Tìm hiểu thể lệ và tham gia ngay tại: https://www.facebook.com/groups/382180815840254/posts/1393007278090931/",155,4,3,2023-12-06 04:27:52,Video
https://www.facebook.com/thmilk/posts/pfbid04Uq5ihZbquy5wuNkNZLez7z3TJm9VWSxMMgZdYbFaqLihV66nAmdwcuckvxsfnyul,"Chúc mừng những khách hàng may mắn đã rinh về chiếc Iphone 14 Promax 256GB từ chương trình ""Tiếp năng lượng, lập chiến công, trúng hơn 100.000 quà tặng"" của TH true YOGURT

❗Chỉ còn lại 02 chiếc Iphone cuối cùng đang tìm kiếm chủ nhân may mắn của mình

Mua ngay sữa chua uống tiệt trùng TH true YOGURT để có cơ hội trúng hơn 100.000 quà tặng chỉ với ba bước đơn giản:

1️⃣Bước 1: Mua lốc Sữa chua uống tiệt trùng TH true YOGURT hộp giấy 180 ml các hương vị có kèm thẻ in mã quay thưởng
2️⃣Bước 2: Quét mã QR trên thẻ hoặc truy cập khuyenmaiyogurt.thmilk.vn 
3️⃣Bước 3: Nhập thông tin và mã quay thưởng trên thẻ để tham gia quay may mắn

Đặt hàng ngay tại:
► Grabmart: http://bit.ly/THtruemart-GrabMart
► ShopeeFood: https://bit.ly/THtruemart-ShopeeFood",182,8,3,2023-12-05 19:03:31,Photo
https://www.facebook.com/thmilk/videos/1118261476280679/," Ghé thăm hệ thống cửa hàng TH true mart toàn quốc từ 1/12-31/12 để nhận ưu đãi giảm 20% khi mua 1 Bơ Lạt Tự Nhiên TH true BUTTER 5 kg.  
 Bơ lạt tự nhiên TH true BUTTER được làm hoàn toàn bằng chất béo của sữa tươi sạch nguyên chất từ Trang trại TH cùng với quá trình lên men tự nhiên tạo nên hương vị thơm ngon. Sản phẩm mang lại kết cấu mềm mịn, thơm ngậy mùi sữa, chắc chắn sẽ giúp món ăn của bạn thơm ngon hơn đấy!  
 Danh sách cửa hàng: https://www.thmilk.vn/he-thong-cua-hang/",261,25,4,2023-12-05 09:39:10,Video
https://www.facebook.com/thmilk/videos/334713125971911/," Ghé thăm hệ thống cửa hàng TH true mart toàn quốc từ 1/12-31/12 để nhận ưu đãi giảm 20% khi mua 1 Bơ Lạt Tự Nhiên TH true BUTTER 200 g.  
 Bơ lạt tự nhiên TH true BUTTER được làm hoàn toàn bằng chất béo của sữa tươi sạch nguyên chất từ Trang trại TH cùng với quá trình lên men tự nhiên tạo nên hương vị thơm ngon. Sản phẩm mang lại kết cấu mềm mịn, thơm ngậy mùi sữa, chắc chắn sẽ giúp món ăn của bạn thơm ngon hơn đấy!  
 Danh sách cửa hàng: https://www.thmilk.vn/he-thong-cua-hang/",362,2,3,2023-12-05 09:37:51,Video
https://www.facebook.com/thmilk/posts/pfbid035GFz2ZjXBUNP9TacMSS1XziLoZU68hACncNoEoUaJVBHgR4jJQMam7UdwwnHP6yel," Từ nay đến hết 31/12, nhận ngay 01 bộ thau rổ vuông cao cấp khi mua 06 lốc Sữa Tươi Tiệt Trùng TH true MILK HILO 180 ml. Ghé các cửa hàng TH true mart trên toàn quốc để nhận ngay ưu đãi ngay.

Sữa Tươi Tiệt Trùng Vị Tự Nhiên TH true MILK HILO là sản phẩm sữa tươi sạch giàu calci, ít béo, không lactose đầu tiên tại Việt Nam, TH true MILK HILO tăng 70%* calci giúp xương chắc khoẻ, giảm 60%* chất béo giúp vóc dáng cân đối và không có lactose dễ tiêu hoá, thích hợp với mọi người đặc biệt phù hợp với những người bất dung nạp lactose.

(*) Tăng 70% calci và giảm 60% hàm lượng chất béo so với sữa tươi tiệt trùng nguyên chất TH true MILK.

 Danh sách cửa hàng toàn quốc: https://www.thmilk.vn/he-thong-cua-hang/",565,172,7,2023-12-05 09:01:46,Photo
https://www.facebook.com/thmilk/videos/369290899097903/,"Thưởng thức Brownie ấm nóng, thơm nức mùi bơ với TH true BUTTER bạn nhé. 

Và đừng quên tham gia cuộc thi “Vui trọn món ngon” với TH true BUTTER và TH true CHEESE (Diễn ra từ ngày 10/11 tới 10/12/2022) với tổng giá trị giải thưởng tới gần 100 triệu:
- Giải ngon Tuyệt Đỉnh: 2 iPAD Pro 11 trị giá 25 triệu đồng
- Giải ngon Dinh Dưỡng: 1 Airpod 3 trị giá 4.6 triệu đồng
- Giải ngon Tự Nhiên: 75 Voucher trị giá 500 ngàn đồng khi mua hàng tại TH true mart

Tìm hiểu thể lệ và tham gia ngay tại: https://www.facebook.com/thmilk/posts/8538457902861771",100,0,7,2023-12-05 08:25:41,Video
https://www.facebook.com/thmilk/videos/859605615863329/,"Là sản phẩm sữa dinh dưỡng dành cho người lớn, TH true MILK GOLD được bổ sung bộ dưỡng chất hỗ trợ cải thiện sức khỏe tổng thể với 6 nhóm lợi ích:
- Sterol este thực vật tốt cho tim mạch
- GABA – hỗ trợ cải thiện chất lượng giấc ngủ
- Calci, vitamin D3, K2 và collagen tốt cho xương khớp
- Chất xơ inulin tốt cho tiêu hóa
- Kẽm, beta-glucan nâng cao đề kháng
- Vitamin và khoáng chất tốt cho sức khỏe tổng thể.
Ngoài ra, sản phẩm được nghiên cứu và phát triển với những đặc điểm riêng phù hợp cho người lớn tại Việt Nam như: 
- Dễ tiêu hoá: Hàm lượng Lactose thấp, đựợc bổ sung chất xơ 
- Tốt hơn cho sức khoẻ: Ít Béo, Không bổ sung đường 

Hãy ghé thăm hệ thống cửa hàng TH true mart toàn quốc và gian hàng online của TH trên các ứng dụng giao hàng, sàn thương mại điện tử mua hàng và nhận được nhiều ưu đãi bạn nhé. 
► Danh sách cửa hàng toàn quốc: https://www.thmilk.vn/he-thong-cua-hang/
► Shopee: https://shopee.vn/th_truemart_officialstore
► Lazada: https://www.lazada.vn/shop/th-true-mart
► Tiki: https://tiki.vn/cua-hang/th-true-mart-official-store
► Grabmart: http://bit.ly/THtruemart-GrabMart
► ShopeeFood: https://bit.ly/THtruemart-ShopeeFood",3355,88,29,2023-12-02 10:48:03,Video
https://www.facebook.com/thmilk/posts/pfbid0kVSCwBvemXrzRPBmVWHcUYv7dsA9BWwsAhd7QPEZ7u6vFvDfV4TCQLsDGc3tpA4gl," Ghé thăm hệ thống cửa hàng TH true mart toàn quốc từ 1/12-31/12 để nhận ưu đãi giảm 20% khi mua 1 Bơ Lạt Tự Nhiên TH true BUTTER 5 kg.  
 Bơ lạt tự nhiên TH true BUTTER được làm hoàn toàn bằng chất béo của sữa tươi sạch nguyên chất từ Trang trại TH cùng với quá trình lên men tự nhiên tạo nên hương vị thơm ngon. Sản phẩm mang lại kết cấu mềm mịn, thơm ngậy mùi sữa, chắc chắn sẽ giúp món ăn của bạn thơm ngon hơn đấy!  
 Danh sách cửa hàng: https://www.thmilk.vn/he-thong-cua-hang/",1057,79,7,2023-11-30 18:42:55,Photo
https://www.facebook.com/thmilk/posts/pfbid02rhPdBxdfFCLco7UGHqoRmom6wfRtjj44vP1ZBbDKJDjMXdJsyYkR2y4sncWSpuHXl," Ghé thăm hệ thống cửa hàng TH true mart toàn quốc từ 1/12-31/12 để nhận ưu đãi giảm 20% khi mua 1 Bơ Lạt Tự Nhiên TH true BUTTER 200 g.  

 Bơ lạt tự nhiên TH true BUTTER được làm hoàn toàn bằng chất béo của sữa tươi sạch nguyên chất từ Trang trại TH cùng với quá trình lên men tự nhiên tạo nên hương vị thơm ngon. Sản phẩm mang lại kết cấu mềm mịn, thơm ngậy mùi sữa, chắc chắn sẽ giúp món ăn của bạn thơm ngon hơn đấy!  

 Danh sách cửa hàng: https://www.thmilk.vn/he-thong-cua-hang/",883,27,5,2023-11-29 02:37:47,Photo
https://www.facebook.com/thmilk/posts/pfbid0Z1ahQkwrLcFAYsp9JiHerNBh31C55WQQKtMxuDRi1JCXsatemz7JboHQEqymPpayl,"Vậy là sau 2,5 tháng diễn ra, chương trình ""Thu gom vỏ hộp, Lan tỏa sống xanh 2023"" đã đạt mốc thu gom hơn 1.2 tấn vỏ hộp sữa, với hơn 216.000 vỏ hộp được thu gom và mang đi tái chế. 

Cùng TH góp phần bảo vệ môi trường quanh ta bằng cách chung tay tái chế vỏ hộp sữa giấy thành các vật dụng hữu ích khác bạn nhé! Chương trình đang diễn ra từ nay đến hết 31/12/2023.

☘ Thời gian thu gom: 8:00-17:00 mỗi ngày, từ 15/08 đến 31/12/2023
☘ Danh sách 20 cửa hàng tại Hà Nội và TP. Hồ Chí Minh (chi tiết xem tại https://bit.ly/TH-stores-list)
☘ Để biết thêm thông tin chi tiết về chương trình, vui lòng xem tại: http://thugomvohop.thmilk.vn",245,22,6,2023-11-27 10:32:39,Photo
https://www.facebook.com/thmilk/posts/pfbid0jPApoeeRYzSC5Zm9xe1sD6ZzqjEPsfadfKmu785BJ6Jv85c5VwYm3acokBCj1kVl," Chúc mừng các khách hàng đã trúng thưởng từ chương trình Săn thẻ vui, Khui quà đỉnh cùng TH TOPKID

 Tham gia chương trình theo các bước sau đây để nhận ngay những phần quà hấp dẫn!
 Bước 1: Mua lốc Sữa chua uống tiệt trùng TH true YOGURT TOPKID hoặc Nước uống sữa trái cây TH true JUICE milk TOPKID
 Bước 2: Sưu tầm đủ các thẻ Lớp học mật ngữ trong mỗi lốc sữa để nhận các phần quà sau:
 1 thẻ xe đạp đổi 1 xe đạp thể thao
 12 thẻ đổi 1 bộ đồ dùng học tập
 24 thẻ đổi 1 bộ 36 bút màu
 48 thẻ đổi 1 balo chống gù
 Bước 3: Đến các cửa hàng TH true mart hoặc điểm bán lẻ bán sản phẩm có tham gia chương trình để đổi quà
Chi tiết chương trình xem tại: https://khuyenmaitopkid.thmilk.vn/

Ghé thăm hệ thống siêu thị toàn quốc, hệ thống cửa hàng TH true mart hoặc đặt hàng online ngay:
► Website: https://www.thtruemart.vn/
► Danh sách cửa hàng: https://www.thmilk.vn/he-thong-cua-hang/",182,34,4,2023-11-25 18:27:31,unknown
https://www.facebook.com/thmilk/posts/pfbid0j6BbZe3RuNH18dVkbAjqnuCNxws7zG1x7d51wn9DEiqNdwZnwt9SA2wnBKioxmeTl,"Nếu bạn là một người đam mê nướng bánh và chia sẻ niềm vui ấy với người xung quanh, hãy nhanh tay gửi các bài dự thi cho cuộc thi ""Thử thách bánh ngon"" để lan tỏa niềm vui bếp bánh và nhận các giải thưởng hấp dẫn từ Ban Tổ Chức với tổng giải thưởng lên tới gần 50 triệu đồng!

Thời gian tham gia: Từ 17/11 tới hết 10/12/2023.

https://www.facebook.com/groups/382180815840254/posts/1393007278090931/",187,6,8,2023-11-24 02:22:23,unknown
https://www.facebook.com/thmilk/posts/pfbid0vsqaV73Vf2hxRam1fNbhmchwEqec4wXyFPKBgWUmdAspGnYKqkrdsZRxqEJkwiAZl," Chúc mừng các khách hàng đã trúng thưởng iPad mini 6 và xe đạp thể thao từ chương trình Nhận thẻ sticker vui, Quay số trúng quà chất.

 Chương trình đang diễn ra từ nay đến hết 30/11/2023. Sưu tầm ngay thẻ sticker trong mỗi lốc Sữa Cacao Lúa mạch TH true CHOCOMALT MISTORI để có cơ hội trúng hàng chục nghìn phần quà hấp dẫn. 

Nhập mã quay thưởng trên thẻ lên website https://quatangmistori.thmilk.vn/ và tham gia chương trình Quay số để có cơ hội trúng:
 iPad mini 6 2021
 Xe đạp thể thao
 Thẻ điện thoại 50.000đ
 Thẻ điện thoại 20.000đ

Ghé thăm hệ thống siêu thị toàn quốc, hệ thống cửa hàng TH true mart hoặc đặt hàng online ngay:
► Website: https://www.thtruemart.vn/
► Danh sách cửa hàng: https://www.thmilk.vn/he-thong-cua-hang/",185,9,4,2023-11-22 10:17:15,unknown
https://www.facebook.com/thmilk/posts/pfbid0JsJdAX8dMViwu7Vu1JLnA6Hk82fTfyZtBYxtqBh7KMKWKZqAXAVoKJtjEeciSPsTl,"✨ Trong tháng 11 này, chương trình ""Thu gom vỏ hộp, Lan tỏa sống xanh 2023"" đã đạt mốc thu gom hơn 1.1 tấn vỏ hộp sữa. 

Cùng TH góp phần bảo vệ môi trường quanh ta bằng cách chung tay tái chế vỏ hộp sữa giấy thành các vật dụng hữu ích khác bạn nhé! Chương trình đang diễn ra từ nay đến hết 31/12/2023.

☘ Thời gian thu gom: 8:00-17:00 mỗi ngày, từ 15/08 đến 31/12/2023
☘ Danh sách 20 cửa hàng tại Hà Nội và TP. Hồ Chí Minh (chi tiết xem tại https://bit.ly/TH-stores-list)
☘ Để biết thêm thông tin chi tiết về chương trình, vui lòng xem tại: http://thugomvohop.thmilk.vn",171,11,2,2023-11-20 18:12:07,Photo
https://www.facebook.com/thmilk/posts/pfbid0yaEA6ZTrvMYhYGfQf9S8tLARcVe9BboCaWjEPRiq7S7TGoLPFhKUN9Vv7a2ig8cvl,"Tham gia Festival Mẹ Bầu và Em Bé của KidPlaza tại Hồ Chí Minh vào ngày 25-26/11 tại nhà thi đấu Quận 12 để nhận được vô vàn quà tặng, chương trình khuyến mãi tốt. 

- Thời gian: Ngày 25-26/11/2023
- Địa điểm: Nhà Thi Đấu Quận 12 - 493 Dương Thị Mười, Hiệp Thành, Quận 12.
- Gian hàng:  A19-A20

 Khách hàng đến tham gia sự kiện sẽ có cơ hội rinh nhiều phần quà hấp dẫn từ nhãn hàng TH true FORMULA như:
- 500 phần quà check in cho các mẹ và bé đến với gian hàng
- Trải nghiệm 10.000 ly sữa TH true FORMULA miễn phí
- Và rất nhiều quà tặng khuyến mãi độc quyền khác

 Đừng bỏ lỡ cơ hội tham gia và nhận quà tặng siêu hấp dẫn từ gian hàng TH True FORMULA nha. 
> Đăng ký ngay tại: https://bom.so/mZVFpO

#THtrueFORMULA #KidsPlaza #Festivalmebauvaembe #15namphungsu #Dongdienyoga #Khoinguonsangtao #MegaSale #Demcotich #KidslympicBebo #Medenlatang #Bedenlatang #Festivaldenlatang",467,16,129,2023-11-19 02:06:59,Photo
https://www.facebook.com/thmilk/videos/1407551226832597/,"Tặng ngay 1 sữa tươi thanh trùng TH true MILK 450 ml khi mua 1 Bơ Lạt Tự Nhiên TH true BUTTER 200 g. Chương trình áp dụng tại hệ thống cửa hàng TH true mart miền Bắc và miền Trung từ 16/11 tới hết 16/12/2023. 

 Bơ lạt tự nhiên TH true BUTTER được làm hoàn toàn bằng chất béo của sữa tươi sạch nguyên chất từ Trang trại TH cùng với quá trình lên men tự nhiên tạo nên hương vị thơm ngon. Sản phẩm mang lại kết cấu mềm mịn, thơm ngậy mùi sữa, chắc chắn sẽ giúp món ăn của bạn thơm ngon hơn đấy! 

Danh sách cửa hàng áp dụng: https://bit.ly/3SvNkTs",541,38,9,2023-11-17 10:01:52,Video
https://www.facebook.com/thmilk/posts/pfbid02pBGUznoD5yD3LySR28Ui9p4CwKNoP8WMhDFD3R9CqraRPdL4StpydDwyJg2TCVhAl,"Tặng ngay 1 sữa tươi thanh trùng TH true MILK 450 ml khi mua 1 Bơ Lạt Tự Nhiên TH true BUTTER 200 g. Chương trình áp dụng tại hệ thống cửa hàng TH true mart miền Bắc và miền Trung từ 16/11 tới hết 16/12/2023. 

 Bơ lạt tự nhiên TH true BUTTER được làm hoàn toàn bằng chất béo của sữa tươi sạch nguyên chất từ Trang trại TH cùng với quá trình lên men tự nhiên tạo nên hương vị thơm ngon. Sản phẩm mang lại kết cấu mềm mịn, thơm ngậy mùi sữa, chắc chắn sẽ giúp món ăn của bạn thơm ngon hơn đấy! 

Danh sách cửa hàng áp dụng: https://bit.ly/3SvNkTs",209,8,3,2023-11-16 04:57:04,Photo
https://www.facebook.com/thmilk/posts/pfbid0377BBEDFytqechoUGd2vKwY7P9U9A7uBgjZDdoBDXrg5RAnrdKGvwDCtaeu4EFWQ9l,"✨ỐC QUẾ GIÒN NGON - KEM MỊN MÁT MẸ ƠI

Từ ngày 21/10 - 21/11, nhận ngay 03 HỘP Sữa chua uống tiệt trùng TH true YOGURT TOPKID 110ml khi mua 3 Kem ốc quế cùng loại

Lớp kem mịn mát hoàn toàn từ sữa tươi sạch của trang trại TH cùng với lớp vỏ ốc quế giòn rụm kết hợp hương vị ngọt ngào đến từ socola, vanilla, dâu kem ốc quế TH true ICE CREAM chắc chắn sẽ là một lựa chọn tuyệt vời để thưởng thức hương vị mát lạnh trong những ngày thời tiết giao mùa

Cùng ghé ngay hệ thống cửa hàng TH true mart toàn quốc và các sàn thương mại điện tử để không bỏ lỡ ưu đãi này nhé
►Danh sách cửa hàng: https://www.thmilk.vn/he-thong-cua-hang/
► Grabmart: http://bit.ly/THtruemart-GrabMart
► ShopeeFood: https://bit.ly/THtruemart-ShopeeFood",145,6,4,2023-11-14 23:52:17,Photo
https://www.facebook.com/thmilk/posts/pfbid029gMiB3VBe7sv6bRi9Va5DFaeomuCoBG7KHwbjCCuj9jMePuJeJ8h4kDgqiVFK5unl,"Chúc mừng những khách hàng may mắn đã rinh về chiếc Iphone 14 Promax 256GB từ chương trình ""Tiếp năng lượng, lập chiến công, trúng hơn 100.000 quà tặng"" của TH true YOGURT

Đừng bỏ lỡ cơ hội trở thành khách hàng may mắn tiếp theo sở hữu Iphone 14 Promax 256GB cùng TH true YOGURT chỉ với ba bước đơn giản:

1️⃣Bước 1: Mua lốc Sữa chua uống tiệt trùng TH true YOGURT hộp giấy 180 ml các hương vị có kèm thẻ in mã quay thưởng
2️⃣Bước 2: Quét mã QR trên thẻ hoặc truy cập khuyenmaiyogurt.thmilk.vn 
3️⃣Bước 3: Nhập thông tin và mã quay thưởng trên thẻ để tham gia quay may mắn

Đặt hàng ngay tại:
► Grabmart: http://bit.ly/THtruemart-GrabMart
► ShopeeFood: https://bit.ly/THtruemart-ShopeeFood
► Baemin: http://bit.ly/THtruemart-Baemin
► Loship: https://bit.ly/THtruemart-Loship",161,27,4,2023-11-13 18:47:30,Photo
https://www.facebook.com/thmilk/posts/pfbid02mLaZAQJAwi61mM9w3SWyJDJc4GySpds6rfY8gXoNmPQGq1hQi3HRJz6CAZFHKmHsl," Chúc mừng các khách hàng đã trúng thưởng từ chương trình Săn thẻ vui, Khui quà đỉnh cùng TH TOPKID

 Tham gia chương trình theo các bước sau đây để nhận ngay những phần quà hấp dẫn!
 Bước 1: Mua lốc Sữa chua uống tiệt trùng TH true YOGURT TOPKID hoặc Nước uống sữa trái cây TH true JUICE milk TOPKID
 Bước 2: Sưu tầm đủ các thẻ Lớp học mật ngữ trong mỗi lốc sữa để nhận các phần quà sau:
 1 thẻ xe đạp đổi 1 xe đạp thể thao
 12 thẻ đổi 1 bộ đồ dùng học tập
 24 thẻ đổi 1 bộ 36 bút màu
 48 thẻ đổi 1 balo chống gù
 Bước 3: Đến các cửa hàng TH true mart hoặc điểm bán lẻ bán sản phẩm có tham gia chương trình để đổi quà
Chi tiết chương trình xem tại: https://khuyenmaitopkid.thmilk.vn/

Ghé thăm hệ thống siêu thị toàn quốc, hệ thống cửa hàng TH true mart hoặc đặt hàng online ngay:
► Website: https://www.thtruemart.vn/
► Danh sách cửa hàng: https://www.thmilk.vn/he-thong-cua-hang/",127,38,2,2023-11-12 13:42:42,unknown
https://www.facebook.com/thmilk/posts/pfbid02vd6QLXFktwqrJJ1neDmXabQewjWT7Rg7NMp85ePvM5nzBnhc7XfPcWPa2X4Rffzvl," Chúc mừng các khách hàng đã trúng thưởng xe đạp thể thao từ chương trình Nhận thẻ sticker vui, Quay số trúng quà chất.

 Chương trình vẫn đang diễn ra từ nay đến hết 30/11/2023. Sưu tầm thẻ sticker trong mỗi lốc Sữa Cacao Lúa mạch TH true CHOCOMALT MISTORI để có cơ hội trúng hàng chục nghìn phần quà hấp dẫn. 

Nhập mã quay thưởng trên thẻ lên website https://quatangmistori.thmilk.vn/ và tham gia chương trình Quay số để có cơ hội trúng:
 iPad mini 6 2021
 Xe đạp thể thao
 Thẻ điện thoại 50.000đ
 Thẻ điện thoại 20.000đ

Ghé thăm hệ thống siêu thị toàn quốc, hệ thống cửa hàng TH true mart hoặc đặt hàng online ngay:
► Website: https://www.thtruemart.vn/
► Danh sách cửa hàng: https://www.thmilk.vn/he-thong-cua-hang/",115,7,3,2023-11-11 08:37:55,unknown
https://www.facebook.com/thmilk/videos/1084930576264729/,"Tặng ngay 1 đường vàng NASU 1 KG khi mua 1 Bơ Lạt Tự Nhiên TH true BUTTER 200 G. Chương trình áp dụng tại hệ thống cửa hàng TH true mart miền Nam từ 2/11-30/11/2023. 
 Bơ lạt tự nhiên TH true BUTTER được làm hoàn toàn bằng chất béo của sữa tươi sạch nguyên chất từ Trang trại TH cùng với quá trình lên men tự nhiên tạo nên hương vị thơm ngon. Sản phẩm mang lại kết cấu mềm mịn, thơm ngậy mùi sữa, chắc chắn sẽ giúp món ăn của bạn thơm ngon hơn đấy! 
Danh sách cửa hàng TH true mart miền Nam áp dụng chương trình: https://bit.ly/47gCh4w",408,55,10,2023-11-10 03:33:08,Video
https://www.facebook.com/thmilk/posts/pfbid0qMdmY7oPWzFWvuxEZwC16JSA2pN65MeTQBAGAN55vPmcCEHTYoCTqj5eaGjveWGNl,"Trong khuôn khổ Liên minh Doanh nghiệp vì Môi trường Việt Nam (VB4E), từ năm 2021 - 2022, Vườn Quốc gia (VQG) Cát Bà và IUCN đã triển khai thực hiện chương trình ""Giám sát rạn san hô nhằm đề xuất một số giải pháp quản lý và bảo tồn hiệu quả rạn san hô tại Vườn Quốc gia Cát Bà"" do Công ty Cổ phần chuỗi thực phẩm TH (THFC), Tập đoàn TH tài trợ. Năm 2023 trên cơ sở kết quả đạt được, Tập đoàn TH đã thảo luận với VQG Cát Bà và IUCN về các biện pháp bảo tồn san hô. Từ đó thống nhất hỗ trợ VQG Cát Bà thiết lập hệ thống phao neo bảo vệ 29,5 hecta diện tích mặt biển khu vực có rạn san hô phân bố tại Vạn Tà, Giỏ Cùng và Ba Đình.",68,0,3,2023-11-09 03:29:31,GenericAttachmentMedia
https://www.facebook.com/thmilk/posts/pfbid0h6y2hpoCUHn25SMKhSLPsPTe46BVavZZ2MWYy2MvnHNZcYX4fi3XZNzd9qXwTHxJl,"Sau thêm 1 tuần diễn ra, chương trình ""Thu gom vỏ hộp, Lan tỏa sống xanh"" đã thu gom được gần 178.000 vỏ hộp sữa, giảm thiểu tương đương hơn 970kg rác thải giấy ra môi trường.

Cùng TH góp phần bảo vệ môi trường quanh ta bằng cách chung tay tái chế vỏ hộp sữa giấy thành các vật dụng hữu ích khác nhé! Chương trình đang diễn ra từ nay đến hết 31/12/2023.

☘ Thời gian thu gom: 8:00-17:00 mỗi ngày, từ 15/08 đến 31/12/2023
☘ Danh sách 20 cửa hàng tại Hà Nội và TP. Hồ Chí Minh (chi tiết xem tại https://bit.ly/TH-stores-list)
☘ Để biết thêm thông tin chi tiết về chương trình, vui lòng xem tại: http://thugomvohop.thmilk.vn",91,21,4,2023-11-08 03:25:55,Photo
https://www.facebook.com/thmilk/posts/pfbid02X8b6U3BWZDAtNDbCpgJeGNaxKbBzxisXbNDYjHQwcXwNL4dD8esjuqMSeAGB8vzQl,"Chiều cao của trẻ chỉ phụ thuộc khoảng 20% vào yếu tố di truyền, trong khi chế độ dinh dưỡng và hoạt động sinh hoạt thường ngày lại có mối liên quan mật thiết. 

Canxi và vitamin D đóng vai trò quan trọng trong sự phát triển thể chất của trẻ trong hai năm đầu đời. Chúng hỗ trợ hình thành khung xương và răng, cũng như ảnh hưởng tích cực đến hệ thần kinh và vận động. Đây là nền tảng vững chắc giúp trẻ học hỏi và phát triển kỹ năng từ sớm, tạo bước đà cho chiều cao vượt trội. 

Với hàm lượng Canxi và vitamin D3 lên đến 121 mg và 1.7 µg (trong 100ml) được điều chỉnh theo từng giai đoạn phát triển, TH true FORMULA đảm bảo cung cấp nguồn dinh dưỡng tốt cho sự phát triển toàn diện và chiều cao mơ ước của con.

 TH true FORMULA - Dinh dưỡng vàng cho trẻ phát triển toàn diện!

Ghé thăm các điểm bán lẻ, hệ thống cửa hàng TH true mart toàn quốc hoặc đặt hàng online ngay:
► Website chính thức về sản phẩm: https://formula.thmilk.vn/ 
► Website hệ thống TH true mart: https://www.thtruemart.vn/ 
► Ứng dụng: TH eLIFE 
►Danh sách cửa hàng: https://www.thmilk.vn/he-thong-cua-hang/ 
► Shopee: https://bit.ly/THtrueFORMULA_SHP01 
► Lazada: https://bit.ly/THtrueFORMULA-LZD 
► Tiki: https://bit.ly/THtrueFORMULA_TIKI 
► Grabmart: http://bit.ly/THtruemart-GrabMart 
► ShopeeFood: https://bit.ly/THtruemart-ShopeeFood 
► Baemin: http://bit.ly/THtruemart-Baemin",99,37,8,2023-11-07 03:22:18,Photo
https://www.facebook.com/thmilk/posts/pfbid0UdtP9xhPjiZq43HML2cgaoKEUULAoZBPqHPh5mmvH15RAsQaR7BMgt1c3AAZogpNl,"Tặng ngay 1 đường vàng NASU 1 KG khi mua 1 Bơ Lạt Tự Nhiên TH true BUTTER 200 G. Chương trình áp dụng tại hệ thống cửa hàng TH true mart miền Nam từ 2/11-30/11/2023. 

 Bơ lạt tự nhiên TH true BUTTER được làm hoàn toàn bằng chất béo của sữa tươi sạch nguyên chất từ Trang trại TH cùng với quá trình lên men tự nhiên tạo nên hương vị thơm ngon. Sản phẩm mang lại kết cấu mềm mịn, thơm ngậy mùi sữa, chắc chắn sẽ giúp món ăn của bạn thơm ngon hơn đấy! 

Danh sách cửa hàng TH true mart miền Nam áp dụng chương trình: https://bit.ly/47gCh4w",264,12,6,2023-11-06 03:18:42,Photo
https://www.facebook.com/thmilk/posts/pfbid031ygq2uioBGQfiRade6iDGCkP8rgVFdnsyTNA3LDaTfLRJkeFyLFW23wrk9Fptaizl," Chúc mừng các khách hàng đã trúng thưởng từ chương trình Săn thẻ vui, Khui quà đỉnh cùng TH TOPKID

 Tham gia chương trình theo các bước sau đây để nhận ngay những phần quà hấp dẫn!

 Bước 1: Mua lốc Sữa chua uống tiệt trùng TH true YOGURT TOPKID hoặc Nước uống sữa trái cây TH true JUICE milk TOPKID
 Bước 2: Sưu tầm đủ các thẻ Lớp học mật ngữ trong mỗi lốc sữa để nhận các phần quà sau:
 1 thẻ xe đạp đổi 1 xe đạp thể thao
 12 thẻ đổi 1 bộ đồ dùng học tập
 24 thẻ đổi 1 bộ 36 bút màu
 48 thẻ đổi 1 balo chống gù
 Bước 3: Đến các cửa hàng TH true mart hoặc điểm bán lẻ bán sản phẩm có tham gia chương trình để đổi quà

Chi tiết chương trình xem tại: https://khuyenmaitopkid.thmilk.vn/

Ghé thăm hệ thống siêu thị toàn quốc, hệ thống cửa hàng TH true mart hoặc đặt hàng online ngay:
► Website: https://www.thtruemart.vn/
► Danh sách cửa hàng: https://www.thmilk.vn/he-thong-cua-hang/ See less",109,28,5,2023-11-05 03:15:06,unknown
https://www.facebook.com/thmilk/posts/pfbid02kf9tY1CRxkimeaBQU4gEgjNUsT5GzLnLR44QUXPbL44GXufFy7aLkWBiXcuL85uAl," Chúc mừng các khách hàng đã trúng thưởng iPad mini 6 và xe đạp thể thao từ chương trình Nhận thẻ sticker vui, Quay số trúng quà chất.

 Chương trình vẫn đang diễn ra từ nay đến hết 30/11/2023. Sưu tầm thẻ sticker trong mỗi lốc Sữa Cacao Lúa mạch TH true CHOCOMALT MISTORI để có cơ hội trúng hàng chục nghìn phần quà hấp dẫn. 

Nhập mã quay thưởng trên thẻ lên website https://quatangmistori.thmilk.vn/ và tham gia chương trình Quay số để có cơ hội trúng:
 iPad mini 6 2021
 Xe đạp thể thao
 Thẻ điện thoại 50.000đ
 Thẻ điện thoại 20.000đ

Ghé thăm hệ thống siêu thị toàn quốc, hệ thống cửa hàng TH true mart hoặc đặt hàng online ngay:
► Website: https://www.thtruemart.vn/
► Danh sách cửa hàng: https://www.thmilk.vn/he-thong-cua-hang/",127,32,2,2023-11-04 03:11:29,unknown
https://www.facebook.com/thmilk/posts/pfbid034dnPc7HtwwD8c3TfFL12ERCC2tWJkkfiMAiTN3o9t45aXzQvSuuDk9YmJTK9ZUnDl,"Nạp thêm sảng khoái sau giờ học cùng TH true ICE CREAM 

Từ ngày 21/10 - 21/11, nhận ngay 03 HỘP Sữa chua uống tiệt trùng TH true YOGURT TOPKID 110ml khi mua 3 Kem ốc quế cùng loại.

Kem ốc quế TH true ICE CREAM từ sữa tươi sạch có lớp vỏ giòn rụm, các lớp sốt sô cô la hoặc dâu theo vị đầy hấp dẫn là “món quà bữa xế” cho các bạn nhỏ sau mỗi giờ học thêm thật sảng khoái và tràn đầy năng lượng.

Cùng ghé ngay hệ thống cửa hàng TH true mart toàn quốc và các sàn thương mại điện tử để không bỏ lỡ ưu đãi này nhé
►Danh sách cửa hàng: https://www.thmilk.vn/he-thong-cua-hang/
► Grabmart: http://bit.ly/THtruemart-GrabMart
► ShopeeFood: https://bit.ly/THtruemart-ShopeeFood",78,6,4,2023-11-03 03:07:53,Photo
https://www.facebook.com/thmilk/posts/pfbid02Rxv7V9q2x7CRUqVgLmV65xoj6Pu8sFVkLFu3zjbb1jrbgQCFGmGdeWAc5XUVtVG8l,"06 CHIẾC IPHONE 14 PROMAX 256GB ĐÃ TÌM THẤY CHỦ NHÂN

TH true YOGURT xin chúc mừng 06 khách hàng may mắn đã rinh về chiếc Iphone 14 Promax 256GB từ chương trình ""Tiếp năng lượng, lập chiến công, trúng hơn 100.000 quà tặng""! Vẫn còn 14 chiếc Iphone cùng hàng ngàn phần quà hấp dẫn khác đang chờ bạn tham gia quay thưởng cùng TH true YOGURT.

Hãy mua sữa chua uống tiệt trùng TH true YOGURT để nhận ngay hơn 100.000 phần quà ""siêu hot"" tại https://khuyenmaiyogurt.thmilk.vn/ 

Đặt hàng ngay tại:
► Grabmart: http://bit.ly/THtruemart-GrabMart
► ShopeeFood: https://bit.ly/THtruemart-ShopeeFood
► Baemin: http://bit.ly/THtruemart-Baemin
► Loship: https://bit.ly/THtruemart-Loship",118,32,6,2023-11-02 03:04:16,Photo
https://www.facebook.com/thmilk/posts/pfbid0nq5Hp8wqePjGpzuzLyhm3ZWXLfH4eDKMWkJecL3DrEATFq1zxEoqDiv4sEoSjdn1l,"Vui trọn món ngon với quà tặng 01 đường vàng NASU 1kg khi mua Bơ lạt tự nhiên TH true BUTTER 200 g. Chương trình áp dụng từ 2/11 tới hết 30/11 tại hệ thống cửa hàng TH true mart miền Nam. 
 Bơ lạt tự nhiên TH true BUTTER được làm hoàn toàn bằng chất béo của sữa tươi sạch nguyên chất từ Trang trại TH, với quá trình lên men tự nhiên tạo hương vị thơm ngon. Sản phẩm có kết cấu mềm mịn, thơm ngậy mùi sữa, chắc chắn sẽ giúp thăng vị ngon tự nhiên của món ăn. 

Cùng ghé cửa hàng TH true mart gần bạn nhất để không bỏ lỡ các ưu đãi nhé: https://www.thmilk.vn/he-thong-cua-hang/
#THtrueBUTTER",111,6,7,2023-11-01 03:00:40,Photo
https://www.facebook.com/thmilk/posts/pfbid027FuwtQu1kuVgqKEHCc3dUVqssVoR7cX94aLqh3Y431a2r1HhkGNhqRf9kSA7iMusl,"Sau hơn 2 tháng diễn ra, chương trình ""Thu gom vỏ hộp, Lan tỏa sống xanh"" đã thu gom được gần 164.000 vỏ hộp sữa, giảm thiểu tương đương hơn 779kg rác thải giấy ra môi trường.

Cùng TH góp phần bảo vệ môi trường quanh ta bằng cách chung tay tái chế vỏ hộp sữa giấy thành các vật dụng hữu ích khác nhé! Chương trình đang diễn ra từ nay đến hết 31/12/2023.

☘ Thời gian thu gom: 8:00-17:00 mỗi ngày, từ 15/08 đến 31/12/2023
☘ Danh sách 20 cửa hàng tại Hà Nội và TP. Hồ Chí Minh (chi tiết xem tại https://bit.ly/TH-stores-list)
☘ Để biết thêm thông tin chi tiết về chương trình, vui lòng xem tại: http://thugomvohop.thmilk.vn",81,8,1,2023-10-31 02:57:04,Photo
https://www.facebook.com/thmilk/posts/pfbid02RqAMsXbwCEjcgr89kbhhJvXgWeK8Ca4x57mc9h4pNbE4mNpVYSJm5ekWGT2KKzjZl,"Từ tháng 11 này, mẹ có thể tìm mua Bộ sản phẩm dinh dưỡng công thức TH true FORMULA dễ dàng hơn khi sản phẩm đã phủ sóng tại 20 cửa hàng AVAKIDS.
Mẹ hãy đến ngay các cửa hàng có trong danh sách dưới đây để được tư vấn và lựa chọn sản phẩm phù hợp với bé nhé: https://bit.ly/49fglc1

 Với bộ công thức độc quyền CARE ADVANCE phát triển bởi Viện Dinh dưỡng TH và các chuyên gia tại Úc với nguyên liệu từ thiên nhiên, TH true FORMULA mang lại nguồn dinh dưỡng cho sự phát triển toàn diện trong giai đoạn vàng của trẻ:
- Hỗ trợ phát triển não bộ, con thông minh lanh lợi với MFGM, DHA & ARA
- HMO (2'-FL), Nucleotid, vitamin & khoáng chất giúp tăng cường sức đề kháng
- Hệ tiêu hóa & hấp thu được nuôi dưỡng nhờ hệ chất xơ Prebiotic (GOS, FOS) & Probiotic
 
 Link mua hàng tại hệ thống AVAKIDS: 
https://www.avakids.com/tim-kiem?key=th+true+formula

#AVAKids #THtrueFORMULA #HMO #Careadvance",103,31,4,2023-10-30 02:53:27,Photo
https://www.facebook.com/thmilk/posts/pfbid0RfmgRKbUnakfPWWSLCsSAjdtYTZ4zBd2hCvvRWPW3avV5Q5ZScEjRLUuk7nEtLb3l,"Bánh ngon ngoài kỹ năng và kinh nghiệm, công thức, thì nguyên liệu là 1 trong những điều không thể bỏ qua của bất kỳ thợ bánh chuyên nghiệp nào. 
Không phải sản phẩm bơ Lạt nào cũng sẽ đem lại độ ngon tự nhiên cho sản phẩm mà phải là bơ Lạt được làm từ sữa tươi sạch mới thăng hạng vị ngon một cách tự nhiên nhất.
✨ Hãy ghé ngay cửa hàng TH true mart gần bạn nhất để mua sản phẩm này nhé: https://www.thmilk.vn/he-thong-cua-hang/",99,1,4,2023-10-29 02:49:51,Photo
https://www.facebook.com/thmilk/posts/pfbid02FJ2FhQ783KrRMRgnXrMXuNjdasdss91FijD9tV3Kmm48Qn8NAPecEiJsB3DctuARl," Cùng TH TOPKID khám phá bộ đồ dùng học tập siêu cool và rất được các bạn nhỏ yêu thích từ chương trình ""Săn thẻ vui, Khui quà đỉnh"" 

 Chỉ cần sưu tầm đủ 12 thẻ Lớp học mật ngữ bất kỳ trong các lốc Sữa chua uống tiệt trùng TH true YOGURT TOPKID hoặc Nước uống sữa trái cây TH true JUICE milk TOPKID, bạn có thể đổi ngay bộ đồ dùng học tập với 5 chi tiết vô cùng tiện lợi bao gồm:
 01 hộp viết 
 01 thước kẻ
 03 bút chì 
 01 chuốt bút chì
 01 gôm 

 Chương trình hiện đang diễn ra từ nay đến hết ngày 15/01/2024. Cùng ""Săn thẻ vui, Khui quà đỉnh"" để nhận ngay quà tặng hấp dẫn từ TH TOPKID nhé! 

Chi tiết chương trình xem tại: https://khuyenmaitopkid.thmilk.vn/

Ghé thăm hệ thống siêu thị toàn quốc, hệ thống cửa hàng TH true mart hoặc đặt hàng online ngay:
► Website: https://www.thtruemart.vn/
► Danh sách cửa hàng: https://www.thmilk.vn/he-thong-cua-hang/",138,38,15,2023-10-28 02:46:15,unknown
https://www.facebook.com/thmilk/posts/pfbid0Gd1v3W6PyMiTQEEcfBpYiwdW5HQ1wrPSoYFPHYMiPpfkDsinqiVoQhRQsefL7CoSl,"Với từng viên nhỏ 10g rất tiện lợi sử dụng trực tiếp thì TH true BUTTER 10g x 10 còn tiện cho các món cần lượng sử dụng vừa phải.
Bạn có thể dùng 2 – 4 viên làm ngô nướng bơ rưới mỡ hành, tạo lớp “sôt” ngậy thơm cho tôm nướng bơ tỏi; hay các món ăn ngon lành khác. Hơn thế, sản phẩm được làm hoàn toàn bằng chất béo của sữa tươi sạch nguyên chất từ Trang trại TH cùng với quá trình lên men tự nhiên tạo nên hương vị còn thơm ngon và hấp dẫn nữa. 

Hòa mình cùng thời tiết giao mùa, hãy để sự kết hợp giữa vị béo ngậy của TH true BUTTER và hương thơm của các món ăn làm cho 1 ngày trở nên thật trọn vẹn nhé!
 Hãy ghé ngay cửa hàng TH true mart gần bạn nhất để mua sản phẩm này nhé: https://www.thmilk.vn/he-thong-cua-hang/",99,4,4,2023-10-27 02:42:38,Photo
https://www.facebook.com/thmilk/posts/pfbid0ZVyZWDY9shNAj1pZHqHHY3UsBshm5b3kBHzS7756MArjB3a4gp1dZMgNCrcaNZnal," TH true YOGURT CHÚC MỪNG 10 KHÁCH HÀNG TRÚNG GIẢI ĐUA TOP 10 TUẦN 3 (15/10 - 21/10)

TH true YOGURT xin chúc mừng 10 số điện thoại khách hàng theo danh sách dưới đây đã trúng Giải Đua TOP 10 tuần 3 và nhận được 1 triệu đồng từ chương trình ""Tiếp năng lượng, lập chiến công, trúng hơn 100.000 quà tặng""

0854XXX174        
0768XXX290
0819XXX269
0334XXX671
0787XXX661
0859XXX261
0368XXX270
0794XXX321
0857XXX090
0586XXX842

 Vẫn còn rất nhiều giải thưởng đặc biệt đang chờ đón bạn chinh phục TOP 10 mỗi tuần của chương trình.
  Mua ngay Sữa chua uống tiệt trùng TH true YOGURT và nhập mã quay thưởng trên website https://khuyenmaiyogurt.thmilk.vn/  để có cơ hội trúng hơn 100.000 quà tặng hấp dẫn.",81,4,0,2023-10-26 02:39:02,Photo
https://www.facebook.com/thmilk/posts/pfbid0h39LJjP5yrXG2y9CEq7Y4KwRgbgm7JPscErTk4yTmCEUtob1bbvb6uegtNmxPq4ul," Chúc mừng các khách hàng đã trúng thưởng iPad mini 6 và xe đạp thể thao từ chương trình Nhận thẻ sticker vui, Quay số trúng quà chất.

 Chương trình vẫn đang diễn ra từ nay đến hết 30/11/2023. Sưu tầm thẻ sticker trong mỗi lốc Sữa Cacao Lúa mạch TH true CHOCOMALT MISTORI để có cơ hội trúng hàng chục nghìn phần quà hấp dẫn. 

Nhập mã quay thưởng trên thẻ lên website https://quatangmistori.thmilk.vn/ và tham gia chương trình Quay số để có cơ hội trúng:
 iPad mini 6 2021
 Xe đạp thể thao
 Thẻ điện thoại 50.000đ
 Thẻ điện thoại 20.000đ

Ghé thăm hệ thống siêu thị toàn quốc, hệ thống cửa hàng TH true mart hoặc đặt hàng online ngay:
► Website: https://www.thtruemart.vn/
► Danh sách cửa hàng: https://www.thmilk.vn/he-thong-cua-hang/",180,27,17,2023-10-25 02:35:25,unknown
https://www.facebook.com/thmilk/posts/pfbid02idyJnYNFpYL4seRkdnmKrn3Gi9ktQhDMixwJXVPeeKA8C5GZrikbhEMBMxUFdkFzl,"Sau hơn 2 tháng diễn ra, chương trình ""Thu gom vỏ hộp, Lan tỏa sống xanh"" đã thu gom được gần 155.000 vỏ hộp sữa, giảm thiểu tương đương hơn 710kg rác thải giấy ra môi trường. 

Cùng TH góp phần bảo vệ môi trường quanh ta bằng cách chung tay tái chế vỏ hộp sữa giấy thành các vật dụng hữu ích khác nhé! Chương trình đang diễn ra từ nay đến hết 31/12/2023.

☘ Thời gian thu gom: 8:00-17:00 mỗi ngày, từ 15/08 đến 31/12/2023
☘ Danh sách 20 cửa hàng tại Hà Nội và TP. Hồ Chí Minh (chi tiết xem tại https://bit.ly/TH-stores-list)
☘ Để biết thêm thông tin chi tiết về chương trình, vui lòng xem tại: http://thugomvohop.thmilk.vn",86,8,2,2023-10-24 02:31:49,Photo
https://www.facebook.com/thmilk/posts/pfbid02owci9TTP3Gm9JExGA5scJEya4cYsrkS7tzrG61VxyGkpEwVQpSC1FBiSDsXDvJzil,"⚡ Tham gia Chương trình ""Tiếp năng lượng, lập chiến công, trúng hơn 100.000 quà tặng"" cùng TH true YOGURT theo các bước sau đây để nhận ngay những phần quà hấp dẫn!

1️⃣Bước 1: Mua lốc Sữa chua uống tiệt trùng TH true YOGURT 180 ml hộp giấy có đính kèm thẻ

2️⃣Bước 2: Nhập mã quay thưởng in trên thẻ lên website https://khuyenmaiyogurt.thmilk.vn/ để có cơ hội trúng:

✨ Điện thoại Iphone 14 Promax 256GB
✨ Thẻ nạp điện thoại mệnh giá 50.000 đồng
✨ Thẻ nạp esport Garena mệnh giá 20.000 đồng
✨ Thẻ nạp điện thoại mệnh giá 10.000 đồng
 Tiền mặt 1.000.000 đồng khi nằm trong TOP 10 mỗi tuần

3️⃣ Bước 3: Nhận quà 

Chi tiết chương trình xem tại: https://khuyenmaiyogurt.thmilk.vn/

Ghé thăm hệ thống siêu thị toàn quốc, hệ thống cửa hàng TH true mart hoặc đặt hàng online ngay:
► Website: https://www.thtruemart.vn/
► Danh sách cửa hàng: https://www.thmilk.vn/he-thong-cua-hang/",82,9,7,2023-10-23 02:28:13,unknown
https://www.facebook.com/thmilk/posts/pfbid02XSPZs5Cmt4XyoKQQB9XgcDb2wjMQtoJPvZcaPU4J1BdsparGDwAvx8uH9eDaifwZl,"Thời điểm giao mùa là khoảng thời gian mẹ lo lắng nhất cho sự khỏe mạnh của bé. Thời tiết nắng mưa, nóng lạnh bất thường, nhiệt độ thay đổi, khiến bé dễ mắc phải những bệnh vặt. ⛈️☀️

Để mẹ yên tâm, đã có TH true FORMULA 4 bảo vệ bé 1 cách toàn diện với: 
✅ HMO (2’-FL) thúc đẩy sự phát triển của vi khuẩn có lợi, ngăn chặn mầm bệnh bám dính vào hàng rào ruột, duy trì hệ miễn dịch khỏe mạnh cho bé 
✅ Nucleotid cùng với các vitamin (A, D, C) và khoáng chất (selen, kẽm) giúp bé được tăng cường sức đề kháng

 Một hàng rào bảo vệ tốt giúp mẹ và bé được tận hưởng mọi khoảng thời gian tuyệt vời trong năm. 

Cùng bổ sung TH true FORMULA 4 mỗi ngày để xây nền tảng dinh dưỡng vững vàng cho bé các mẹ nhé! 

Ghé thăm các điểm bán lẻ, hệ thống cửa hàng TH true mart toàn quốc hoặc đặt hàng online ngay:
► Website chính thức về sản phẩm: https://formula.thmilk.vn/ 
► Website hệ thống TH true mart: https://www.thtruemart.vn/ 
► Ứng dụng: TH eLIFE 
►Danh sách cửa hàng: https://www.thmilk.vn/he-thong-cua-hang/ 
► Shopee: https://bit.ly/THtrueFORMULA_SHP01 
► Lazada: https://bit.ly/THtrueFORMULA-LZD 
► Tiki: https://bit.ly/THtrueFORMULA_TIKI 
► Grabmart: http://bit.ly/THtruemart-GrabMart 
► ShopeeFood: https://bit.ly/THtruemart-ShopeeFood 
► Baemin: http://bit.ly/THtruemart-Baemin",78,24,7,2023-10-22 02:24:36,Photo
https://www.facebook.com/thmilk/posts/pfbid02CKoF1ntXzvhRzgCnELy86WfSH1kx4pzci3wm5M5X2AwqEsJX5KFBhQgbzY7N1fVul,"☀ Từ ngày 21/10-21/11, ghé ngay hệ thống cửa hàng TH true mart toàn quốc và các sàn thương mại điện tử để nhận ưu đãi hấp dẫn từ kem TH true ICE CREAM: 
-  Mua 4 kem que 52 g / kem hộp 50 g cùng loại tặng 01 trà TH true TEA vị bất kì 
- Mua 3 kem ốc quế / kem sandwich cùng loại tặng 03 hộp Sữa chua uống tiệt trùng TOPKID 110 ml
- Mua 2 kem hộp 180 g tặng 2 kem que 52 g

►Danh sách cửa hàng: https://www.thmilk.vn/he-thong-cua-hang/ 
► Grabmart: http://bit.ly/THtruemart-GrabMart 
► ShopeeFood: https://bit.ly/THtruemart-ShopeeFood",821,49,22,2023-10-21 02:21:00,unknown
https://www.facebook.com/thmilk/videos/1054349895744824/,"Chắc hẳn mẹ đã từng trải qua những tháng ngày lo lắng khi bé thường xuyên ốm vặt, nhất là vào thời điểm gia mùa. Cùng chuyên gia dinh dưỡng TH giải đáp những nguyên nhân phổ biến đằng sau tình trạng này và các cách giúp con yêu khỏe mạnh hơn mẹ nhé!

Ghé thăm các điểm bán lẻ, hệ thống cửa hàng TH true mart toàn quốc hoặc đặt hàng online ngay:
► Website chính thức về sản phẩm: https://formula.thmilk.vn/ 
► Website hệ thống TH true mart: https://www.thtruemart.vn/ 
► Ứng dụng: TH eLIFE 
►Danh sách cửa hàng: https://www.thmilk.vn/he-thong-cua-hang/ 
► Shopee: https://bit.ly/THtrueFORMULA_SHP01 
► Lazada: https://bit.ly/THtrueFORMULA-LZD 
► Tiki: https://bit.ly/THtrueFORMULA_TIKI 
► Grabmart: http://bit.ly/THtruemart-GrabMart 
► ShopeeFood: https://bit.ly/THtruemart-ShopeeFood 
► Baemin: http://bit.ly/THtruemart-Baemin",108,20,39,2023-10-20 02:17:24,Video
https://www.facebook.com/thmilk/posts/pfbid02k4yHiZxyPBi5vdhBd7ucfGh1f7bSLQnTrEM2Pgnn1sRyY1Xi9ouabbZXywopemaLl,"Vậy là sau 2 tháng diễn ra, chương trình ""Thu gom vỏ hộp, Lan tỏa sống xanh 2023"" đã thu gom được gần 147.000 vỏ hộp sữa, giảm thiểu tương đương hơn 630kg rác thải giấy ra môi trường. 

Những vỏ hộp sau khi được thu gom sẽ làm nguyên liệu tái chế cho những sản phẩm thân thiện với môi trường như sổ tay, tấm lợp sinh thái, chậu cây, bàn ghế... Cùng tham gia ""Thu gom vỏ hộp, Lan tỏa sống xanh"" để chung tay giảm thiểu rác thải, bảo vệ môi trường nhé!  

☘ Thời gian thu gom: 8:00-17:00 mỗi ngày, từ 15/08 đến 31/12/2023
☘ Danh sách 20 cửa hàng tại Hà Nội và TP. Hồ Chí Minh (chi tiết xem tại https://bit.ly/TH-stores-list)
☘ Để biết thêm thông tin chi tiết về chương trình, vui lòng xem tại: http://thugomvohop.thmilk.vn",108,10,3,2023-10-18 10:34:57,Photo
https://www.facebook.com/thmilk/posts/pfbid0Tv4N76zcL9FKxoftRzeyTSyuPoMZdZEDqhgoeQMaJX4R3uVJPTdwouFKnzY477hml,"Dự án chăn nuôi bò sữa của TH tại tỉnh Moscow tổng đàn 24.000 con (12.000 bò vắt sữa), sản lượng dự kiến 131 triệu tấn sữa/năm, gồm 2 trang trại đặt tại 2 huyện là Volokolamsk và Shatura. Dự án xây dựng trang trại tại Volokolamsk, tỉnh Moscow đã khánh thành giai đoạn 1 với năng suất đàn bò đang cho sữa cao hàng đầu nước Nga đồng thời thuộc top đầu về năng suất bò sữa trên toàn thế giới.",114,0,4,2023-10-16 18:52:31,GenericAttachmentMedia
https://www.facebook.com/thmilk/posts/pfbid02PmMkwCfAmoonDeeKs4k53LnsmB2RMFrubz6WbkhrBoQUNKTrXnoS1ndaGo6vya6Dl,"Được triển khai từ tháng 10/2009, dự án ""Chăn nuôi bò sữa và chế biến sữa tập trung quy mô công nghiệp công nghệ cao"" của Tập đoàn TH tới nay đã vận hành 9 trang trại với gần 70.000 con bò sữa. Tại Vietstock Awards 2023, TH tiếp tục nhận “cú đúp” giải thưởng cao nhất trong ngành chăn nuôi do Bộ NN-PTNT trao tặng gồm “Doanh nghiệp sản xuất thức ăn chăn nuôi cho gia súc nhai lại tốt nhất” và “Trang trại chăn nuôi bò sữa tốt nhất"" năm 2022-2023.",239,4,39,2023-10-15 03:10:05,GenericAttachmentMedia
https://www.facebook.com/thmilk/posts/pfbid0BfFLMUNFigAZCRzMJfBjGSsNiGGBZ98UuaCvh61zj7GbuHzoH1kAhW6Q8YdEBjTLl," Chúc mừng các khách hàng đã trúng thưởng xe đạp thể thao từ chương trình Nhận thẻ sticker vui, Quay số trúng quà chất.

 Chương trình vẫn đang diễn ra từ nay đến hết 30/11/2023. Sưu tầm thẻ sticker trong mỗi lốc Sữa Cacao Lúa mạch TH true CHOCOMALT MISTORI để có cơ hội trúng hàng chục nghìn phần quà hấp dẫn. 

Nhập mã quay thưởng trên thẻ lên website https://quatangmistori.thmilk.vn/ và tham gia chương trình Quay số để có cơ hội trúng:
 iPad mini 6 2021
 Xe đạp thể thao
 Thẻ điện thoại 50.000đ
 Thẻ điện thoại 20.000đ

Ghé thăm hệ thống siêu thị toàn quốc, hệ thống cửa hàng TH true mart hoặc đặt hàng online ngay:
► Website: https://www.thtruemart.vn/
► Danh sách cửa hàng: https://www.thmilk.vn/he-thong-cua-hang/",174,27,9,2023-10-13 11:27:38,unknown
https://www.facebook.com/thmilk/posts/pfbid02yoSWWdFKyzNykrh1UyBGhmfGchrj9NeCjPLM45fQkgohWG8Hi2tCvHwhWogHeEiul,"Không khí Festival Mẹ bầu & Em bé tại gian hàng TH true FORMULA diễn ra vô cùng náo nhiệt trong ngày đầu tiên. Chỉ còn hôm nay, một ngày duy nhất để ba mẹ rinh ngay những phần quà ưu đãi hấp dẫn từ nhãn hàng TH true FORMULA 800g hoặc TH true FORMULA 180ml:
- Mua 1 tặng 1 Bộ dụng cụ ăn uống 6 món cho bé.
- Mua 2 tặng 1 Bộ thủy tinh kèm túi giữ nhiệt.
- Mua 3 tặng 1 Ấm siêu tốc hoặc Xe tập đi.
- 500 phần quà check in & 10.000 ly sữa TH true FORMULA miễn phí.

Ba mẹ đến tham quan để nhận vô vàn phần quà đang chờ đón tại Mega Sale - Festival Mẹ bầu và Em bé 2023 nào: 
- Thời gian: Ngày 14-15/10/2023 
- Địa điểm: Cung thể thao Quần Ngựa - 30 Văn Cao, Liễu Giai, Hà Nội
- Gian hàng:  C8-C10

#KidsPlaza #THtrueFORMULA #Festivalmebauvaembe #15namphungsu #Medenlatang #Bedenlatang #Festivaldenlatang #Megasale #Hanoi",281,42,19,2023-10-11 19:45:12,unknown
https://www.facebook.com/thmilk/posts/pfbid0v6Qag2iMHxeHmw1ZiKnPHcoptCRerZhphVcBZPi1emvzMkcWPs558ovPvHphcuUPl,"Cùng TH ""Thu gom vỏ hộp, Lan tỏa sống xanh"" để góp phần bảo vệ môi trường quanh ta. Sau thêm 1 tuần diễn ra, chương trình đã thu gom được hơn 90.000 vỏ hộp sữa, giảm thiểu tương đương hơn 560kg rác thải giấy ra môi trường.

Những vỏ hộp sữa sau khi được thu gom sẽ làm nguyên liệu tái chế cho những sản phẩm thân thiện với môi trường như sổ tay, tấm lợp sinh thái, chậu cây, bàn ghế... Chương trình đang diễn ra từ nay đến hết 31/12/2023. 

☘ Thời gian thu gom: 8:00-17:00 mỗi ngày, từ 15/08 đến 31/12/2023
☘ Danh sách 20 cửa hàng tại Hà Nội và TP. Hồ Chí Minh (chi tiết xem tại https://bit.ly/TH-stores-list)
☘ Để biết thêm thông tin chi tiết về chương trình, vui lòng xem tại: http://thugomvohop.thmilk.vn",99,13,0,2023-10-10 04:02:46,Photo
https://www.facebook.com/thmilk/posts/pfbid02jGLchGLJoxLFYm1B4d3GxGqVKsgJnQMAvmYibbjYH5JZT3k9aWYAdEZoxdnYF6Xxl," Vô vàn quà tặng hấp dẫn và hoạt động trải nghiệm hữu ích và chỉ có duy nhất tại gian hàng TH true FORMULA tại sự kiện ""Festival Mẹ bầu và em bé” tổ chức bởi Kids Plaza. Mẹ nhớ lưu lại thời gian, địa điểm để đến ngay với TH true FORMULA nhé: 
- Thời gian: Ngày 14-15/10/2023 
- Địa điểm: Cung thể thao Quần Ngựa - 30 Văn Cao, Liễu Giai, Hà Nội
- Gian hàng:  C8-C10

 Khách hàng đến tham gia sự kiện sẽ có cơ hội rinh nhiều phần quà hấp dẫn từ nhãn hàng TH true FORMULA như: 
- 500 phần quà check in cho các mẹ và bé đến với gian hàng
- Trải nghiệm 10.000 ly sữa TH true FORMULA miễn phí
- Và rất nhiều quà tặng khuyến mãi độc quyền khác
Hẹn gặp các mẹ tại sự kiện Kids Plaza Festival 2023 nha 

 Đăng ký ngay tại: https://bom.so/mZVFpO

#THtrueFORMULA #KidsPlaza #Festivalmebauvaembe #15namphungsu #yoga #Festival2023",563,514,129,2023-10-08 12:20:19,unknown
https://www.facebook.com/thmilk/posts/pfbid02sawPJrWPGk9vcysysAaaSqUQTh86WhoMVXP5rphSmh8xw3WPWgpMDShTkw1cBKrSl,"Trong vỏ hộp sữa giấy đã qua sử dụng, bột giấy và nhôm, nhựa có thể được tách ra để tái chế thành các sản phẩm hữu ích, thân thiện với môi trường. Bằng cách tái chế vỏ hộp giấy, ta đã chung tay giảm thiểu rác thải ra môi trường tự nhiên, giúp duy trì vòng đời dài hơn của vỏ hộp. 

Cùng TH tìm hiểu quy trình tái chế vỏ hộp sữa giấy, và đừng quên tham gia chương trình ""Thu gom vỏ hộp, Lan tỏa sống xanh 2023"" để duy trì lối sống xanh và góp phần bảo vệ môi trường bạn nhé! 

☘ Thời gian thu gom: 8:00-17:00 mỗi ngày, từ 15/08 đến 31/12/2023
☘ Danh sách 20 cửa hàng tại Hà Nội và TP. Hồ Chí Minh (chi tiết xem tại https://bit.ly/TH-stores-list)
☘ Để biết thêm thông tin chi tiết về chương trình, vui lòng xem tại: http://thugomvohop.thmilk.vn",114,24,6,2023-10-06 20:37:53,unknown
https://www.facebook.com/thmilk/videos/1336760836932018/,"TIẾP NĂNG LƯỢNG, LẬP CHIẾN CÔNG, TRÚNG HƠN 100.000 QUÀ TẶNG CÙNG SỮA CHUA UỐNG TIỆT TRÙNG TH true YOGURT

 Giải thưởng “Quay số may mắn”
✨ 20 điện thoại Iphone 14 Promax 256GB
✨ 10.000 Giải thẻ nạp điện thoại mệnh giá 50.000 đồng
✨ 30.000 Giải thẻ nạp esport Garena mệnh giá 20.000 đồng
✨ 60.000 Giải thẻ nạp điện thoại mệnh giá 10.000 đồng

 Giải thưởng “Đua TOP 10”
 130 giải tiền mặt 1.000.000 đồng

Từ nay đến hết 31/12, khi mua 04 hộp giấy (01 lốc) sản phẩm Sữa chua uống tiệt trùng TH true YOGURT hộp giấy 180 ml được tặng kèm 01 thẻ dự thưởng có mã quay thưởng để tham gia chương trình.

Truy cập trực tiếp website https://khuyenmaiyogurt.thmilk.vn hoặc scan mã QR trên thẻ để tham gia xác định trúng thưởng và có cơ hội trúng hơn 100.000 quà tặng từ TH true YOGURT.

Ghé thăm hệ thống siêu thị toàn quốc, hệ thống cửa hàng TH true mart hoặc đặt hàng online ngay:
► Website: https://www.thtruemart.vn/
► Danh sách cửa hàng toàn quốc: https://www.thmilk.vn/he-thong-cua-hang/
► Shopee: https://shopee.vn/th_truemart_officialstore
► Lazada: https://www.lazada.vn/shop/th-true-mart
► Grabmart: http://bit.ly/THtruemart-GrabMart
► ShopeeFood: https://bit.ly/THtruemart-ShopeeFood",176,38,5,2023-10-05 04:55:27,Video
https://www.facebook.com/thmilk/videos/356766816707409/,"TIẾP NĂNG LƯỢNG, LẬP CHIẾN CÔNG, TRÚNG HƠN 100.000 QUÀ TẶNG CÙNG SỮA CHUA UỐNG TIỆT TRÙNG TH true YOGURT

 Giải thưởng “Quay số may mắn”
✨ 20 điện thoại Iphone 14 Promax 256GB
✨ 10.000 Giải thẻ nạp điện thoại mệnh giá 50.000 đồng
✨ 30.000 Giải thẻ nạp esport Garena mệnh giá 20.000 đồng
✨ 60.000 Giải thẻ nạp điện thoại mệnh giá 10.000 đồng

 Giải thưởng “Đua TOP 10”
 130 giải tiền mặt 1.000.000 đồng

Từ nay đến hết 31/12, khi mua 04 hộp giấy (01 lốc) sản phẩm Sữa chua uống tiệt trùng TH true YOGURT hộp giấy 180 ml được tặng kèm 01 thẻ dự thưởng có mã quay thưởng để tham gia chương trình.

Truy cập trực tiếp website https://khuyenmaiyogurt.thmilk.vn hoặc scan mã QR trên thẻ để tham gia xác định trúng thưởng và có cơ hội trúng hơn 100.000 quà tặng từ TH true YOGURT.

Ghé thăm hệ thống siêu thị toàn quốc, hệ thống cửa hàng TH true mart hoặc đặt hàng online ngay:
► Website: https://www.thtruemart.vn/
► Danh sách cửa hàng toàn quốc: https://www.thmilk.vn/he-thong-cua-hang/
► Shopee: https://shopee.vn/th_truemart_officialstore
► Lazada: https://www.lazada.vn/shop/th-true-mart
► Grabmart: http://bit.ly/THtruemart-GrabMart
► ShopeeFood: https://bit.ly/THtruemart-ShopeeFood",81,25,3,2023-10-05 04:54:10,Video
https://www.facebook.com/thmilk/posts/pfbid037zHYwpqQXqCieGdDkfH3apwRXF8Y8oeX4vGGsbd4LKmYcN8iuCHoLanG81KpywjFl,"TIẾP NĂNG LƯỢNG, LẬP CHIẾN CÔNG, TRÚNG HƠN 100.000 QUÀ TẶNG CÙNG SỮA CHUA UỐNG TIỆT TRÙNG TH true YOGURT

Từ nay đến hết 31/12, khi mua 04 hộp giấy (01 lốc) sản phẩm Sữa chua uống tiệt trùng TH true YOGURT hộp giấy 180 ml được tặng kèm 01 thẻ dự thưởng có mã quay thưởng để tham gia chương trình.

Truy cập trực tiếp website https://khuyenmaiyogurt.thmilk.vn hoặc scan mã QR trên thẻ để tham gia xác định trúng thưởng và có cơ hội trúng hơn 100.000 quà tặng từ TH true YOGURT.

 Giải thưởng “Quay số may mắn”
✨ 20 điện thoại Iphone 14 Promax 256GB
✨ 10.000 Giải thẻ nạp điện thoại mệnh giá 50.000 đồng
✨ 30.000 Giải thẻ nạp esport Garena mệnh giá 20.000 đồng
✨ 60.000 Giải thẻ nạp điện thoại mệnh giá 10.000 đồng

 Giải thưởng “Đua TOP 10”
 130 giải tiền mặt 1.000.000 đồng

Ghé thăm hệ thống siêu thị toàn quốc, hệ thống cửa hàng TH true mart hoặc đặt hàng online ngay:
► Website: https://www.thtruemart.vn/
► Danh sách cửa hàng toàn quốc: https://www.thmilk.vn/he-thong-cua-hang/
► Shopee: https://shopee.vn/th_truemart_officialstore
► Lazada: https://www.lazada.vn/shop/th-true-mart
► Grabmart: http://bit.ly/THtruemart-GrabMart
► ShopeeFood: https://bit.ly/THtruemart-ShopeeFood",551,25,12,2023-10-04 22:11:26,Photo
https://www.facebook.com/thmilk/posts/pfbid02twu15PBSVC1HoSneWV7uKA4LfHtfxtc2mHmKYN1iTXLGqyDey172NzUReUthBjqUl,"✨ TH xin chúc mừng 3 khách hàng may mắn nhất có tên dưới đây, đã may mắn nhận được 1 cặp vé xem phim CGV trong minigame Vui tết trung thu cùng Sữa cacao lúa mạch TH true CHOCOMALT MISTORI:
- L.Thị Hiếu: https://www.facebook.com/hieu.l.thi.16  
- Kiều Phương: https://www.facebook.com/sweeti.203 
- Mai Hương Trần: https://www.facebook.com/maihuong.tran.167 

 Các bạn có tên hãy nhanh chóng inbox Fanpage thông tin cá nhân (Họ tên, Số điện thoại, Địa chỉ) trước ngày 10/10 để nhận được phần quà nhé. Lưu ý ghi rõ: khách hàng trúng thưởng minigame TH true CHOCOMALT MISTORI.",113,18,3,2023-10-04 15:28:42,Photo
https://www.facebook.com/thmilk/videos/708444667884950/,"Những ngày đầu ở lớp bé của mẹ như thế nào rồi? Chắc hẳn con đã có nhiều trải nghiệm thú vị của những “lần đầu tiên” khi được tham gia vào các hoạt động tại trường lớp. 
Dù là lúc học tập và vui chơi, mẹ yên tâm vì có TH true FORMULA kề bên cùng bé yêu phát triển não bộ và thể chất một cách toàn diện, giúp con thông minh nhanh nhẹn tự tin đến lớp.
TH true FORMULA sở hữu công thức CARE ADVANCE độc quyền phát triển bởi Viện Dinh dưỡng TH với dưỡng chất “vàng” MFGM, DHA & ARA hỗ trợ phát triển não bộ và tăng khả năng nhận thức ngay từ khi còn nhỏ.
Bổ sung TH true FORMULA 4 mỗi ngày để xây nền tảng dinh dưỡng vững vàng cho bé!

Ghé thăm các điểm bán lẻ, hệ thống cửa hàng TH true mart toàn quốc hoặc đặt hàng online ngay:
► Website chính thức về sản phẩm: https://formula.thmilk.vn/ 
► Website hệ thống TH true mart: https://www.thtruemart.vn/ 
► Ứng dụng: TH eLIFE 
►Danh sách cửa hàng: https://www.thmilk.vn/he-thong-cua-hang/ 
► Shopee: https://bit.ly/THtrueFORMULA_SHP01 
► Lazada: https://bit.ly/THtrueFORMULA-LZD 
► Tiki: https://bit.ly/THtrueFORMULA_TIKI 
► Grabmart: http://bit.ly/THtruemart-GrabMart 
► ShopeeFood: https://bit.ly/THtruemart-ShopeeFood 
► Baemin: http://bit.ly/THtruemart-Baemin",92,21,7,2023-10-04 08:45:59,Video
https://www.facebook.com/thmilk/posts/pfbid02sYkgDZmnsLVqtAKNxC81QAQRVvCiuD9hSgeth7Wcq8Kwjb5cpGnpKMBYT2dTG6NQl,"Sau gần 2 tháng diễn ra, chương trình ""Thu gom vỏ hộp, Lan tỏa sống xanh 2023"" đã thu gom được gần 83.000 vỏ hộp sữa, giảm thiểu tương đương hơn 490kg rác thải giấy ra môi trường.

Cùng TH chung tay thực hành lối sống xanh và tham gia thu gom vỏ hộp, cũng như có cơ hội nhận phần quà may mắn mỗi tuần bạn nhé! Chỉ bằng một hành động nhỏ, ta đã góp phần bảo vệ môi trường xanh- sạch-đẹp.  

☘ Thời gian thu gom: 8:00-17:00 mỗi ngày, từ 15/08 đến 31/12/2023
☘ Danh sách 20 cửa hàng tại Hà Nội và TP. Hồ Chí Minh (chi tiết xem tại https://bit.ly/TH-stores-list)
☘ Để biết thêm thông tin chi tiết về chương trình, vui lòng xem tại: http://thugomvohop.thmilk.vn",79,5,2,2023-10-03 06:34:00,Photo
https://www.facebook.com/thmilk/videos/277056748568882/,"Nhận ngay ưu đãi mua 8 tặng 1 từ Sữa Cacao Lúa mạch TH true CHOCOMALT MISTORI! Tặng ngay 1 sản phẩm cùng loại khi mua 8 sản phẩm Sữa Cacao Lúa mạch TH true CHOCOMALT MISTORI từ nay đến hết ngày 30/11/2023. 

---------------
Ghé thăm hệ thống siêu thị toàn quốc, hệ thống cửa hàng TH true mart hoặc đặt hàng online ngay:
► Website: https://www.thtruemart.vn/
► Danh sách cửa hàng: https://www.thmilk.vn/he-thong-cua-hang/",5347,112,40,2023-10-02 04:22:01,Video
https://www.facebook.com/thmilk/posts/pfbid0Euk95H3G5hPULmWWbDLxw5GJ6FULeMrkLLH5Vy2mY9C3xVSK8qhaFCbkNBuEkM61l,"Nhận ngay ưu đãi mua 8 tặng 1 từ Sữa Cacao Lúa mạch TH true CHOCOMALT MISTORI! Tặng ngay 1 sản phẩm cùng loại khi mua 8 sản phẩm Sữa Cacao Lúa mạch TH true CHOCOMALT MISTORI từ nay đến hết ngày 30/11/2023. 

---------------
Ghé thăm hệ thống siêu thị toàn quốc, hệ thống cửa hàng TH true mart hoặc đặt hàng online ngay:
► Website: https://www.thtruemart.vn/
► Danh sách cửa hàng: https://www.thmilk.vn/he-thong-cua-hang/",448,21,10,2023-10-01 22:31:25,Photo
https://www.facebook.com/thmilk/posts/pfbid0LBeCJx3zSwAmNULs511or1SvnnNYMDhj99drRtbLa9Vr5utbPTKA2GTPUdbjr2VAl,"Tặng ngay 1 sản phẩm cùng loại khi mua 8 sản phẩm Sữa chua uống tiệt trùng TH true YOGURT TOPKID hoặc Nước uống sữa trái cây TH true JUICE milk TOPKID, dung tích 180 ml và 110 ml từ nay đến hết 15/12/2023. 

Đến ngay hệ thống cửa hàng, siêu thị để nhận ưu đãi từ Sữa chua uống tiệt trùng và Nước uống sữa trái cây TOPKID bạn nhé! 

---------------
Ghé thăm hệ thống siêu thị toàn quốc, hệ thống cửa hàng TH true mart hoặc đặt hàng online ngay:
► Website: https://www.thtruemart.vn/
► Danh sách cửa hàng: https://www.thmilk.vn/he-thong-cua-hang/",196,44,21,2023-10-01 16:40:50,Photo
https://www.facebook.com/thmilk/posts/pfbid08oMhscvbXMQaRt95EYTns4Hez86i7emvHXQxkPWdtdYQkFAPZfFGsPRaaAz2AVSYl,"TIẾP NĂNG LƯỢNG, LẬP CHIẾN CÔNG, TRÚNG HƠN 100.000 QUÀ TẶNG CÙNG SỮA CHUA UỐNG TIỆT TRÙNG TH true YOGURT

Từ nay đến hết 31/12, khi mua 04 hộp giấy (01 lốc) sản phẩm Sữa chua uống tiệt trùng TH true YOGURT hộp giấy 180 ml được tặng kèm 01 thẻ dự thưởng có mã quay thưởng để tham gia chương trình.

Truy cập trực tiếp website https://khuyenmaiyogurt.thmilk.vn hoặc scan mã QR trên thẻ để tham gia xác định trúng thưởng và có cơ hội trúng hơn 100.000 quà tặng từ TH true YOGURT.

 Giải thưởng “Quay số may mắn”
✨ 20 điện thoại Iphone 14 Promax 256GB
✨ 10.000 Giải thẻ nạp điện thoại mệnh giá 50.000 đồng
✨ 30.000 Giải thẻ nạp esport Garena mệnh giá 20.000 đồng
✨ 60.000 Giải thẻ nạp điện thoại mệnh giá 10.000 đồng

 Giải thưởng “Đua TOP 10”
 130 giải tiền mặt 1.000.000 đồng

Ghé thăm hệ thống siêu thị toàn quốc, hệ thống cửa hàng TH true mart hoặc đặt hàng online ngay:
► Website: https://www.thtruemart.vn/
► Danh sách cửa hàng: https://www.thmilk.vn/he-thong-cua-hang/",125,12,7,2023-10-01 10:50:14,Photo
https://www.facebook.com/thmilk/videos/829645895588835/," Tham gia Chương trình Săn thẻ vui, Khui quà đỉnh cùng TH TOPKID theo các bước sau đây để nhận ngay những phần quà hấp dẫn!

 Bước 1: Mua lốc Sữa chua uống tiệt trùng TH true YOGURT TOPKID hoặc Nước uống sữa trái cây TH true JUICE milk TOPKID 
 Bước 2: Sưu tầm đủ các thẻ Lớp học mật ngữ trong mỗi lốc sữa để nhận các phần quà sau:
 1 thẻ xe đạp đổi 1 xe đạp thể thao 
 12 thẻ đổi 1 bộ đồ dùng học tập
 24 thẻ đổi 1 bộ 36 bút màu 
 48 thẻ đổi 1 balo chống gù
 Bước 3: Đến các cửa hàng TH true mart hoặc điểm bán lẻ bán sản phẩm có tham gia chương trình để đổi quà 

Chi tiết chương trình xem tại: https://khuyenmaitopkid.thmilk.vn/  

Ghé thăm hệ thống siêu thị toàn quốc, hệ thống cửa hàng TH true mart hoặc đặt hàng online ngay:
► Website: https://www.thtruemart.vn/
► Danh sách cửa hàng: https://www.thmilk.vn/he-thong-cua-hang/",4159,150,60,2023-10-01 04:59:39,Video
https://www.facebook.com/thmilk/videos/309265721691172/," Tham gia Chương trình Săn thẻ vui, Khui quà đỉnh cùng TH TOPKID theo các bước sau đây để nhận ngay những phần quà hấp dẫn!

 Bước 1: Mua lốc Sữa chua uống tiệt trùng TH true YOGURT TOPKID hoặc Nước uống sữa trái cây TH true JUICE milk TOPKID 
 Bước 2: Sưu tầm đủ các thẻ Lớp học mật ngữ trong mỗi lốc sữa để nhận các phần quà sau:
 1 thẻ xe đạp đổi 1 xe đạp thể thao 
 12 thẻ đổi 1 bộ đồ dùng học tập
 24 thẻ đổi 1 bộ 36 bút màu 
 48 thẻ đổi 1 balo chống gù
 Bước 3: Đến các cửa hàng TH true mart hoặc điểm bán lẻ bán sản phẩm có tham gia chương trình để đổi quà 

Chi tiết chương trình xem tại: https://khuyenmaitopkid.thmilk.vn/  

Ghé thăm hệ thống siêu thị toàn quốc, hệ thống cửa hàng TH true mart hoặc đặt hàng online ngay:
► Website: https://www.thtruemart.vn/
► Danh sách cửa hàng: https://www.thmilk.vn/he-thong-cua-hang/",4427,248,49,2023-10-01 04:56:49,Video
https://www.facebook.com/thmilk/posts/pfbid02VmXAkYPnFgRpRvqpW4MxXAvXfFtSJBgDmPrP8ZT4rjQZWeomEkk8pbzZhHboczUml," Tham gia Chương trình Săn thẻ vui, Khui quà đỉnh cùng TH TOPKID theo các bước sau đây để nhận ngay những phần quà hấp dẫn!

 Bước 1: Mua lốc Sữa chua uống tiệt trùng TH true YOGURT TOPKID hoặc Sữa trái cây TH true JUICE milk TOPKID 
 Bước 2: Sưu tầm đủ các thẻ Lớp học mật ngữ trong mỗi lốc sữa để nhận các phần quà sau:
 1 thẻ xe đạp đổi 1 xe đạp thể thao 
 12 thẻ đổi 1 bộ đồ dùng học tập
 24 thẻ đổi 1 bộ 36 bút màu 
 48 thẻ đổi 1 balo chống gù
 Bước 3: Đến các cửa hàng TH true mart hoặc điểm bán lẻ bán sản phẩm có tham gia chương trình để đổi quà 

Chi tiết chương trình xem tại: https://khuyenmaitopkid.thmilk.vn/  

Ghé thăm hệ thống siêu thị toàn quốc, hệ thống cửa hàng TH true mart hoặc đặt hàng online ngay:
► Website: https://www.thtruemart.vn/
► Danh sách cửa hàng: https://www.thmilk.vn/he-thong-cua-hang/",598,58,22,2023-09-29 19:08:08,Photo
https://www.facebook.com/thmilk/posts/pfbid0AfuupJmgAPoTtpcoQQRf4m1JA78HmH9aTU9dV1zx3pJ1TqEWdcWqG7eTiZ5XUbPjl,"TH true FORMULA tự hào đồng hành cùng Kids Plaza tổ chức chuỗi sự kiện ""Festival Mẹ bầu và em bé 2023”. Đặc biệt, Festival năm nay được tổ chức tại cả 2 khu vực Hà Nội và Hồ Chí Minh, với rất nhiều hoạt động ý nghĩa cho cả gia đình.
 Thời gian diễn ra sự kiện:
1. Tại Hà Nội: 
- Thời gian: Ngày 14-15/10/2023 
- Địa điểm: Cung thể thao Quần Ngựa - 30 Văn Cao, Liễu Giai, Hà Nội
2. Tại TP Hồ Chí Minh: 
- Thời gian: Ngày 25-26/11/2023
- Địa điểm: Nhà thi đấu Quận 12 - 493 Dương Thị Mười, Hiệp Thành, Quận 12
 Đừng bỏ lỡ cơ hội tham gia và nhận quà tặng hấp dẫn từ  TH true FORMULA tại Festival Mẹ bầu và em bé của KidsPlaza mẹ nhé.
>>> Đăng ký ngay tại: https://bom.so/mZVFpO

#THtrueFORMULA #KidsPlaza #Festivalmebauvaembe #15namphungsu #yoga #Festival2023",118,19,3,2023-09-28 09:19:28,unknown
https://www.facebook.com/thmilk/posts/pfbid02HmR4kjiJpw8BycaVtPC8kjfYoWBj1BtoV3H2qRvoWuC4QLAb93uyJMr65aH3Uv34l,"Cùng ""Thu gom vỏ hộp, Lan tỏa sống xanh 2023"" tìm hiểu quá trình vỏ hộp sữa từ tay người tiêu dùng đến nhà máy tái chế nhé! Sau khi thu gom vỏ hộp đã được vệ sinh sạch, vỏ hộp sẽ được vận chuyển đến nhà máy và trải qua các quy trình xử lý, phân tách. Từ đó, tạo ra nguyên liệu sản xuất các vật dụng tái chế thân thiện với môi trường như tấm lợp sinh thái, khung ảnh, sổ tay... 

TH vinh dự được đồng hành cùng bạn thực hành lối sống xanh, góp phần giảm thiểu rác thải để bảo vệ môi trường xanh- sạch- đẹp. Cùng TH duy trì lối sống xanh bằng cách thu gom những vỏ hộp sữa giấy đã qua sử dụng và mang tới 20 cửa hàng TH true mart tại Hà Nội và TP. Hồ Chí Minh nhé!

☘ Thời gian thu gom: 8:00-17:00 mỗi ngày, từ 15/08 đến 31/12/2023
☘ Danh sách 20 cửa hàng tại Hà Nội và TP. Hồ Chí Minh (chi tiết xem tại https://bit.ly/TH-stores-list)
☘ Để biết thêm thông tin chi tiết về chương trình, vui lòng xem tại: http://thugomvohop.thmilk.vn",114,13,2,2023-09-26 23:30:48,unknown
https://www.facebook.com/thmilk/posts/pfbid02KwSh5P38KxeUWJK3E4kc1WLGukLVvCFHcJhCnEfzZ8TVqoy3XeWKDRqTtfMUUXiNl,"✨ Tham gia ngay minigame cùng TH true CHOCOMALT MISTORI để rinh về cặp vé xem phim CGV thoả thích cùng bé trong mùa Trung Thu này mẹ nhé!

✨ Cách thức tham gia:
Bước 1: Comment đáp án mảnh ghép còn thiếu và tag thêm 2 người bạn
Bước 2: Like và share post này ở chế độ công khai cùng với hashtag #THTRUECHOCOMALT #MISTORI

 Giải thưởng: 03 cặp vé xem phim CGV dành cho 03 khách hàng thực hiện đầy đủ các bước tham gia minigame nêu trên, có câu trả lời đúng và may mắn nhất.

 Thể lệ chung:
Thời hạn cuối tham gia minigame: hết 23h59p ngày 01/10/2023.
Mỗi khách hàng chỉ tham gia một lần với 1 tài khoản Facebook cá nhân duy nhất
Danh sách 03 khách hàng may mắn được dự kiến công bố trên fanpage TH true MILK vào ngày 05/10/2023.

Mẹ hãy nhanh tay tham gia minigame để dành tặng bé món quà vô cùng hấp dẫn này cho mùa Trung Thu nhé!",1401,3701,1651,2023-09-25 13:42:07,Photo
https://www.facebook.com/thmilk/posts/pfbid0kWdt9REAytS4Ek7ye5A47d8GCZdxBF8CPLLc5V3fEQjEt7b335rywx9t3Vx48L1Ml,"Sau hơn 6 tuần diễn ra, chương trình ""Thu gom vỏ hộp, Lan tỏa sống xanh 2023"" đã thu gom được gần 72.000 vỏ hộp sữa, giảm thiểu tương đương hơn 400kg rác thải giấy ra môi trường.   

Cùng TH chung tay thực hành lối sống xanh và tham gia thu gom vỏ hộp bạn nhé! Mỗi hành động nhỏ của chúng ta đều góp phần bảo vệ môi trường xanh- sạch- đẹp. 

☘ Thời gian thu gom: 8:00-17:00 mỗi ngày, từ 15/08 đến 31/12/2023
☘ Danh sách 20 cửa hàng tại Hà Nội và TP. Hồ Chí Minh (chi tiết xem tại https://bit.ly/TH-stores-list)
☘ Để biết thêm thông tin chi tiết về chương trình, vui lòng xem tại: http://thugomvohop.thmilk.vn",123,27,1,2023-09-24 03:53:27,Photo
https://www.facebook.com/thmilk/posts/pfbid0gBnHH8ExMchwxsCexkB1Fi7GgvuC68HTyLB51J91x7JCF7YnERRYTJeRHHQ6CBqFl,"Bơ được xem là một trong những nguyên liệu không thể thiếu và góp phần lớn quyết định vị ngon của bánh. Bơ lạt tự nhiên TH true BUTTER được làm từ chất béo từ sữa tươi sạch của trang trại TH mang lại kết cấu mềm mịn, thơm ngậy mùi sữa chắc chắn sẽ giúp món bánh của bạn ngon hơn đấy 

✨ Làm bánh thêm vui với chương trình khuyến mại giảm 30% bơ lạt tự nhiên TH true BUTTER 200g tại hệ thống cửa hàng TH true mart trên toàn quốc từ nay đến hết 30/9.

Cùng ghé cửa hàng TH true mart gần bạn nhất để không bỏ lỡ các ưu đãi nhé: https://www.thmilk.vn/he-thong-cua-hang/",147,45,3,2023-09-22 18:04:47,Photo
https://www.facebook.com/thmilk/posts/pfbid0dpPsiAnUU6u8adfSMHz3ZWniiFNCuXBBTvPqnrTVZPmkMRtRLbscyu5nPA5P48iNl,"Không khí rộn ràng đang diễn ra ngay tại Triển lãm VIETBABY FAIR 2023. Các mẹ hãy nhanh chân đến ngay gian hàng của TH true FORMULA để khám phá sản phẩm, nhận tư vấn từ chuyên gia dinh dưỡng và tận hưởng những ưu đãi đặc biệt nhé!
- Thời gian: 10h-18h, ngày 21 - 23/9/2023 (vào cửa miễn phí)
- Địa điểm: Gian hàng D1, D3 tại I.C.E Hà Nội, 91 Trần Hưng Đạo, Hoàn Kiếm
#THtrueFORMULA  #SứcKhỏeMẹBầu #Vietbaby #HộiChợMẹBầu",434,35,3,2023-09-21 08:16:07,unknown
https://www.facebook.com/thmilk/posts/pfbid0ZT8tzBZ7ac8NiTDdm98DtvThhQTtGBTaUvh3hRhp7qmfqimvadSeJ9G2qbjDTSn8l,"Sau gần hơn 1 tháng diễn ra, chương trình ""Thu gom vỏ hộp, Lan tỏa sống xanh 2023"" đã thu gom được gần 64.000 vỏ hộp sữa, giảm thiểu tương đương hơn 300kg rác thải giấy ra môi trường. Các vỏ hộp sữa sau khi thu gom sẽ được tái chế thành các vật dụng hữu ích khác, đặc biệt thân thiện với môi trường như tấm lợp sinh thái, bàn ghế, khung ảnh,...
Cùng TH chung tay thực hành lối sống xanh và tham gia chương trình thu gom vỏ hộp bạn nhé! Mỗi hành động nhỏ của chúng ta đều góp phần bảo vệ môi trường xanh- sạch- đẹp. 
☘ Thời gian thu gom: 8:00-17:00 mỗi ngày, từ 15/08 đến 31/12/2023
☘ Danh sách 20 cửa hàng tại Hà Nội và TP. Hồ Chí Minh (chi tiết xem tại https://bit.ly/TH-stores-list)
☘ Để biết thêm thông tin chi tiết về chương trình, vui lòng xem tại: http://thugomvohop.thmilk.vn",262,28,0,2023-09-19 22:27:26,Photo
https://www.facebook.com/thmilk/posts/pfbid02ZHCQFHLMpqvoiYiCK3W2M4uJqB5zAngBuczMgvDU4eFnsk85pXSX6Yspn5rfu1tLl,"Bơ lạt tự nhiên TH true BUTTER thơm ngon từ sữa tươi sạch ☀️

Nếu bạn đang tìm một loại bơ vừa để làm bánh, vừa nấu được món mặn cực ngon thì TH true BUTTER chính là sự lựa chọn hoàn hảo đấy! Bơ được làm bằng chất béo của sữa tươi sạch nguyên chất từ Trang trại TH cùng với quá trình lên men tự nhiên, mang lại hương vị thơm béo cực cuốn. 

✨ Bơ lạt TH true BUTTER 200g hiện đang được khuyến mại 30% tại hệ thống cửa hàng TH true mart trên toàn quốc đến hết 30/9. Vì vậy, đừng bỏ lỡ chương trình hấp dẫn và ghé ngay cửa hàng gần bạn nhất nhé! 

Hệ thống cửa hàng trên toàn quốc: https://www.thmilk.vn/he-thong-cua-hang/",320,14,2,2023-09-18 12:38:46,Photo
https://www.facebook.com/thmilk/posts/pfbid021yFYyKbru1ThdzEi1aqLLm7em3kb4WbZpvuAtNfFCwuaSRF7s26nRVPriVMv7AWql," BÉ TRẢI NGHIỆM – MẸ RINH QUÀ: ĐẾN NGAY GIAN HÀNG TH true FORMULA TẠI TRIỂN LÃM VIETBABY FAIR TỪ 21-23/09
Vô vàn hoạt động trải nghiệm hữu ích và quà tặng khuyến mại hấp dẫn chỉ duy nhất có tại sự kiện đặc biệt này. Ba mẹ nhớ lưu lại địa điểm và thời gian của gian hàng để đến ngay với TH true FORMULA nhé!
- Thời gian: 21 - 23/09/2023
- Địa điểm: ICE 91 Trần Hưng Đạo - Hoàn Kiếm, Hà Nội
- Vị trí gian hàng: D1-D3

 Tại đây, ba mẹ có thể cùng bé:
- Trải nghiệm hương vị sản phẩm ngọt thanh mát từ sữa tươi tự nhiên của trang trại TH.
- Tư vấn dinh dưỡng chi tiết theo từng thể trạng của các bé với Chuyên gia dinh dưỡng TH.
- Giải đáp câu hỏi về sản phẩm phù hợp với bé và nhận ngay quà tặng xinh xắn chỉ có tại gian hàng.

Ba mẹ hãy sắp xếp thời gian đến gian hàng của TH true FORMULA vừa được nhận quà, vừa được chuyên gia “mở khóa” bí kíp dinh dưỡng toàn diện cho bé nhà mình nhé!
#thtrueformula",512,84,5,2023-09-17 02:50:06,unknown
https://www.facebook.com/thmilk/posts/pfbid09Lox7zHgttz1j3Y5EAep3YDagAjB8w5DTNUgjiUnArRoH3Vz1GrhNfRuD1MvWCv1l,"Nhận ngay 01 sản phẩm cùng loại khi mua 08 sản phẩm Sữa chua uống tiệt trùng TH true YOGURT 180 ml từ nay đến hết 31/10/2023.

Đến ngay cửa hàng, siêu thị để tận hưởng khuyến mại vui hè cùng Sữa chua uống tiệt trùng TH true YOGURT!
-------------------------
► Danh sách cửa hàng TH true mart: https://www.thmilk.vn/he-thong-cua-hang/
► Website: https://www.thtruemart.vn/san-pham.html?cat=44
► Grabmart: http://bit.ly/THtruemart-GrabMart
► ShopeeFood: https://bit.ly/THtruemart-ShopeeFood
► Baemin: http://bit.ly/THtruemart-Baemin",3455,206,18,2023-09-15 17:01:25,Photo
https://www.facebook.com/thmilk/posts/pfbid0zLTUhQVV59rxh55pUkGQL71Cs1UKVgsyD5LjeskGJja722ppUH8rF9LsdymHwezsl,"Nhận ngay 01 sản phẩm cùng loại khi mua 08 sản phẩm Sữa chua uống tiệt trùng TH true YOGURT 180 ml từ nay đến hết 31/10/2023.

Đến ngay cửa hàng, siêu thị để tận hưởng khuyến mại vui hè cùng Sữa chua uống tiệt trùng TH true YOGURT!
-------------------------
► Danh sách cửa hàng TH true mart: https://www.thmilk.vn/he-thong-cua-hang/
► Website: https://www.thtruemart.vn/san-pham.html?cat=44
► Grabmart: http://bit.ly/THtruemart-GrabMart
► ShopeeFood: https://bit.ly/THtruemart-ShopeeFood
► Baemin: http://bit.ly/THtruemart-Baemin",1957,136,9,2023-09-14 07:12:45,Photo
https://www.facebook.com/thmilk/posts/pfbid034viAWHds1HE4EVEJ4EsqkLNWjAiMmKytCUav1RyNMsTm1jKt71pPHa8kcwgXa5fKl,"Chúc mừng những khách hàng may mắn đã rinh về tai nghe Sony WH-1000XM5 từ chương trình ""Vui hè chất, trúng hơn 70.000 quà tặng"" của TH true YOGURT

Chi tiết chương trình xem tại: https://quatangyogurt.thmilk.vn  

Đặt hàng ngay tại:
► Grabmart: http://bit.ly/THtruemart-GrabMart
► ShopeeFood: https://bit.ly/THtruemart-ShopeeFood
► Baemin: http://bit.ly/THtruemart-Baemin
► Loship: https://bit.ly/THtruemart-Loship",429,26,6,2023-09-12 21:24:05,unknown
https://www.facebook.com/thmilk/posts/pfbid0dhqoJmrtvg9ztgh6LxSHQzJX4PuRDScAbfFf2RjEpxjVwLV1KjUAM2csStaVLVQxl,"Sau gần 1 tháng diễn ra, chương trình ""Thu gom vỏ hộp, Lan tỏa sống xanh 2023"" đã thu gom được gần 24.000 vỏ hộp sữa, giảm thiểu tương đương 230kg rác thải giấy ra môi trường. Các vỏ hộp sữa sau khi thu gom sẽ được tái chế thành các vật dụng hữu ích khác, đặc biệt thân thiện với môi trường như tấm lợp sinh thái, bàn ghế, khung ảnh,...

Cùng TH chung tay thực hành lối sống xanh và tham gia chương trình thu gom vỏ hộp bạn nhé! Mỗi hành động nhỏ của chúng ta đều góp phần bảo vệ môi trường xanh- sạch- đẹp. 

☘ Thời gian thu gom: 8:00-17:00 mỗi ngày, từ 15/08 đến 31/12/2023
☘ Danh sách 20 cửa hàng tại Hà Nội và TP. Hồ Chí Minh (chi tiết xem tại https://bit.ly/TH-stores-list)
☘ Để biết thêm thông tin chi tiết về chương trình, vui lòng xem tại: http://thugomvohop.thmilk.vn",3614,525,22,2023-09-11 11:35:25,Photo
https://www.facebook.com/thmilk/posts/pfbid08GEVD6Tvn2zsD655LHXxELvN1vDc1gPw1PEygzAozL3bN7zzUKiFi9DTWftUJdd9l," Nếu bạn đang tìm một loại bơ thơm ngậy để làm sốt Mỳ Ý thật ngon thì TH true BUTTER chính là một sự lựa chọn hoàn hảo đấy. Bơ lạt TH true BUTTER được làm hoàn toàn bằng chất béo từ sữa tươi sạch của trang trại TH mang lại kết cấu mềm mịn, thơm ngậy mùi sữa, giúp bạn thoả sức sáng tạo Mỳ Ý.

✨ Hiện nay, bơ lạt tự nhiên TH true BUTTER 200g đang được khuyến mại 30% tại hệ thống cửa hàng TH true mart trên toàn quốc đến hết 30/9. 
Cùng ghé cửa hàng TH true mart gần bạn nhất để không bỏ lỡ các ưu đãi nhé: https://www.thmilk.vn/he-thong-cua-hang/",4726,563,36,2023-09-10 01:46:44,Photo
https://www.facebook.com/thmilk/posts/pfbid0BETVthgWpP14u1vADjRmkqsFuju7MubGAC69MPTNB8mJzoBtccoYgLtvZvsGzCTcl,"️CHÚC MỪNG CÁC KHÁCH HÀNG MAY MẮN ĐÃ TRÚNG GIẢI ĐUA TOP TUẦN 14 (31/08 - 06/09)

TH true YOGURT chúc mừng các Khách hàng may mắn đã trúng giải đua TOP Tuần 14 (31/08 - 06/09), trong đó 10 Khách hàng có số điểm cao nhất Bảng xếp hạng 100 theo danh sách dưới đây 

Đại - 5191 điểm
Pin Cảnh - 3019 điểm
Thanh Thủy - 3012 điểm
Ba Trung - 3004 điểm
Pé Kim - 2772 điểm
Trung Kiên - 2747 điểm
Hải Nam - 2747 điểm
Việt Phạm - 2715 điểm
Bảo Trâm - 2698 điểm
Nguyễn Quốc Cường - 2669 điểm

 Vẫn còn hàng trăm cặp vé CGV 2D đang chờ bạn tham gia thử thách Đua Top 100 mỗi tuần của chương trình ""Vui hè chất, trúng hơn 70.000 quà tặng"" 

 Hướng dẫn tham gia chương trình xem tại https://bit.ly/3Duid21 

Đặt hàng ngay tại:
► Grabmart: http://bit.ly/THtruemart-GrabMart
► ShopeeFood: https://bit.ly/THtruemart-ShopeeFood
► Baemin: http://bit.ly/THtruemart-Baemin
► Loship: https://bit.ly/THtruemart-Loship",4106,338,25,2023-09-08 15:58:04,Photo
https://www.facebook.com/thmilk/posts/pfbid02kJJ4RJ3UeRWiwNb2KwQWYFnnNcnykEogZ62x529rvHpoWXq7meW9gQ8GwBSxLgQCl,"Cùng tham gia chương trình ""Thu gom vỏ hộp, Lan tỏa sống xanh 2023"" để có cơ hội nhận ngay những phần quà may mắn là các e-coupon đổi lốc sữa TH true MILK HILO mỗi tuần. Những vỏ hộp sữa sau khi sử dụng sẽ được TH phối hợp với Tetra Pak và các đối tác để tái chế thành những vật dụng thân thiện với môi trường như sổ tay, bàn ghế, tấm lợp sinh thái.... Chỉ một vài hành động tái chế nhỏ mỗi ngày, bạn đã góp phần bảo vệ môi trường xanh- sạch- đẹp, cùng TH ""Thu gom vỏ hộp, Lan tỏa sống xanh"" để chung tay lan tỏa lối sống xanh bền vững nhé!

☘ Thời gian thu gom: 8:00-17:00 mỗi ngày, từ 15/08 đến 31/12/2023
☘ Danh sách 20 cửa hàng tại Hà Nội và TP. Hồ Chí Minh (chi tiết xem tại https://bit.ly/TH-stores-list)
☘ Để biết thêm thông tin chi tiết về chương trình, vui lòng xem tại: http://thugomvohop.thmilk.vn",3947,434,55,2023-09-07 06:09:24,unknown
https://www.facebook.com/thmilk/posts/pfbid0uke4x7U3RPUySsrkK5h9exB6ambwJPtv43U1heDwe5ZJ6QHrJAdouJrPKgFE8WUSl,,3198,196,18,2023-09-05 20:20:43,unknown
https://www.facebook.com/thmilk/posts/pfbid0kU1tPnkgYEGTYP6n7VP7C454N5ZRuomZswjqhjs4LBjuS9a7sLZ2EcZ6Ux7s235bl,"✨ Làm bánh thêm vui với khuyến mại giảm 30% bơ lạt tự nhiên TH true BUTTER 200g. Chương trình áp dụng tại hệ thống cửa hàng TH true mart trên toàn quốc từ nay đến hết 30/9.
 Bơ lạt tự nhiên TH true BUTTER được làm hoàn toàn bằng chất béo của sữa tươi sạch nguyên chất từ Trang trại TH cùng với quá trình lên men tự nhiên tạo nên hương vị thơm ngon. Sản phẩm mang lại kết cấu mềm mịn, thơm ngậy mùi sữa, chắc chắn sẽ giúp món bánh của bạn thơm ngon hơn đấy!

Cùng ghé cửa hàng TH true mart gần bạn nhất để không bỏ lỡ các ưu đãi nhé: https://www.thmilk.vn/he-thong-cua-hang/",3602,274,14,2023-09-04 10:32:03,Photo
https://www.facebook.com/thmilk/posts/pfbid0CoYBiVVTEhwP9StnDDq7YsAB4bsLJCjYanixtWrbrGYuDNUnREvpckgbXWCh6LBUl,"BỮA NHẸ BỔ DƯỠNG VỚI TH true MILK LIGHT MEAL

Là sự kết hợp hoàn hảo dưỡng chất của sữa tươi sạch nguyên chất và dinh dưỡng từ thực vật (yến mạch dạng hạt, dịch hạt óc chó và mắc ca), Sữa tươi bổ sung ngũ cốc dạng hạt TH true MILK LIGHT MEAL đem lại Bữa ăn nhẹ tiện lợi với cảm giác nhai thú vị, bổ dưỡng cho cả gia đình

✅Ít Đường: giảm khoảng 34% đường so với sữa tươi tiệt trùng có đường
✅Ít Lactose: dễ tiêu hoá, có thể sử dụng được cho người bất dung nạp lactose

 Ghé ngay hệ thống cửa hàng TH true mart toàn quốc và gian hàng online của TH trên các ứng dụng giao hàng, sàn thương mại điện tử

► Danh sách cửa hàng toàn quốc: https://www.thmilk.vn/he-thong-cua-hang/
► Shopee: https://shopee.vn/th_truemart_officialstore
► Lazada: https://www.lazada.vn/shop/th-true-mart
► Grabmart: http://bit.ly/THtruemart-GrabMart
► ShopeeFood: https://bit.ly/THtruemart-ShopeeFood",3115,222,18,2023-09-03 00:43:23,Photo
https://www.facebook.com/reel/3213046548841460/,"Từ nay đến hết 30/11/2023, khi mua 04 hộp (01 lốc) Sữa Cacao Lúa Mạch TH true CHOCOMALT MISTORI 110 ml và 180 ml sẽ được tặng 01 thẻ sticker dạ quang.  
Nhập mã quay thưởng trên thẻ lên website https://quatangmistori.thmilk.vn/ tham gia Chương trình Quay số ""Nhận thẻ sticker vui, Quay số trúng quà chất"" để có cơ hội trúng:
 iPad mini 6 2021 
 Xe đạp thể thao 
 Thẻ điện thoại 50.000đ
 Thẻ điện thoại 20.000đ
Cùng tham gia quay số ngay để có cơ hội nhận được hàng chục nghìn quà tặng hấp dẫn! 
Ghé thăm hệ thống siêu thị toàn quốc, hệ thống cửa hàng TH true mart hoặc đặt hàng online ngay:
► Website: https://www.thtruemart.vn/
► Danh sách cửa hàng: https://www.thmilk.vn/he-thong-cua-hang/",2464,139,20,2023-09-01 14:54:43,Video
https://www.facebook.com/thmilk/posts/pfbid02YLtsBpqTsEqJwZ3oeriB6XUEu6eMYTgv6uMC4LBdwzw3UY9G2onwdozZ7YFSHXwl," Nhận ngay 1 TÚI GIỮ NHIỆT khi mua 5 kem hộp 50 g TH true ICE CREAM. Chương trình kéo dài từ nay tới hết 10/9 hoặc khi hết quà tặng; áp dụng tại các cửa hàng TH true mart, Kênh thương mại điện tử có liên kết với cửa hàng TH true mart còn quà tặng.

 Được làm hoàn toàn từ sữa tươi sạch của trang trại TH, kem TH true ICE CREAM có kết cấu mềm mịn, giữ trọn các dưỡng chất có trong sữa tươi. Sản phẩm kết hợp cùng các nguyên liệu tự nhiên mang đến vị ngon thật sự thiên nhiên. Đặt hàng ngay để cùng thưởng thức kem ngon TH true ICE CREAM nào bạn nhé.

 Danh sách cửa hàng có quà tặng:  https://bit.ly/danh-sach-cua-hang-true-mart-T9",2986,217,12,2023-09-01 09:35:11,Photo
https://www.facebook.com/thmilk/videos/969647447672926/,"Từ nay đến hết 30/11/2023, khi mua 04 hộp (01 lốc) Sữa Cacao Lúa Mạch TH true CHOCOMALT MISTORI 110 ml và 180 ml sẽ được tặng 01 thẻ sticker dạ quang.  

Nhập mã quay thưởng trên thẻ lên website https://quatangmistori.thmilk.vn/ tham gia Chương trình Quay số ""Nhận thẻ sticker vui, Quay số trúng quà chất"" để có cơ hội trúng:
 iPad mini 6 2021 
 Xe đạp thể thao 
 Thẻ điện thoại 50.000đ
 Thẻ điện thoại 20.000đ

Cùng tham gia quay số ngay để có cơ hội nhận được hàng chục nghìn quà tặng hấp dẫn! 

Ghé thăm hệ thống siêu thị toàn quốc, hệ thống cửa hàng TH true mart hoặc đặt hàng online ngay:
► Website: https://www.thtruemart.vn/
► Danh sách cửa hàng: https://www.thmilk.vn/he-thong-cua-hang/ See less",2603,146,18,2023-09-01 04:15:39,Video
https://www.facebook.com/thmilk/videos/1299382527381029/,"Từ nay đến hết 30/11/2023, khi mua 04 hộp (01 lốc) Sữa Cacao Lúa Mạch TH true CHOCOMALT MISTORI 110 ml và 180 ml sẽ được tặng kèm 01 thẻ sticker dạ quang.  

Nhập mã quay thưởng trên thẻ lên website https://quatangmistori.thmilk.vn/ tham gia Chương trình ""Nhận thẻ sticker vui, Quay số trúng quà chất"" để có cơ hội trúng hàng chục nghìn quà tặng:
 iPad mini 6 2021 
 Xe đạp thể thao 
 Thẻ điện thoại 50.000đ
 Thẻ điện thoại 20.000đ

Ghé thăm hệ thống siêu thị toàn quốc, hệ thống cửa hàng TH true mart hoặc đặt hàng online ngay:
► Website: https://www.thtruemart.vn/
► Danh sách cửa hàng: https://www.thmilk.vn/he-thong-cua-hang/ See less",3166,176,22,2023-09-01 03:05:04,Video
https://www.facebook.com/thmilk/posts/pfbid0abD49ZXfQGXNpYd7WcjJMoQbw2yMRZc4rbw4cUwt1hQiBU9RgHP5iGx3ZGMq4Bi9l,"Từ nay đến hết 30/11/2023, khi mua 04 hộp (01 lốc) Sữa Cacao Lúa Mạch TH true CHOCOMALT MISTORI 110 ml và 180 ml sẽ được tặng 01 thẻ sticker dạ quang.  

Nhập mã quay thưởng trên thẻ lên website https://quatangmistori.thmilk.vn/ tham gia Chương trình Quay số ""Nhận thẻ sticker vui, Quay số trúng quà chất"" để có cơ hội trúng:
 iPad mini 6 2021 
 Xe đạp thể thao 
 Thẻ điện thoại 50.000đ
 Thẻ điện thoại 20.000đ

Cùng tham gia quay số ngay để có cơ hội nhận được hàng chục nghìn quà tặng hấp dẫn. 

Ghé thăm hệ thống siêu thị toàn quốc, hệ thống cửa hàng TH true mart hoặc đặt hàng online ngay:
► Website: https://www.thtruemart.vn/
► Danh sách cửa hàng: https://www.thmilk.vn/he-thong-cua-hang/ See less",1668,73,7,2023-09-01 02:33:21,Photo
https://www.facebook.com/thmilk/videos/1574934852911264/,"Từ nay đến hết 30/11/2023, khi mua 04 hộp (01 lốc) Sữa Cacao Lúa Mạch TH true CHOCOMALT MISTORI 110 ml và 180 ml sẽ được tặng 01 thẻ sticker dạ quang.  

Nhập mã quay thưởng trên thẻ lên website https://quatangmistori.thmilk.vn/ tham gia Chương trình Quay số ""Nhận thẻ sticker vui, quay số trúng quà chất"" để có cơ hội trúng:
 iPad mini 6 2021 
 Xe đạp thể thao 
 Thẻ điện thoại 50.000đ
 Thẻ điện thoại 20.000đ

Cùng tham gia quay số ngay để có cơ hội nhận được hàng chục nghìn quà tặng hấp dẫn. 

Ghé thăm hệ thống siêu thị toàn quốc, hệ thống cửa hàng TH true mart hoặc đặt hàng online ngay:
► Website: https://www.thtruemart.vn/
► Danh sách cửa hàng: https://www.thmilk.vn/he-thong-cua-hang/ See less",7662,244,74,2023-09-01 02:01:38,Video
https://www.facebook.com/thmilk/posts/pfbid02ThcCzn494h9FYGZ7wLEhnUvWNPnufTHawJDk1KEATmZFgSVZ36STqYra1STK1SxZl,"Từ nay đến hết 30/11/2023, khi mua 04 hộp (01 lốc) Sữa Cacao Lúa Mạch TH true CHOCOMALT MISTORI 110 ml và 180 ml sẽ được tặng 01 thẻ sticker dạ quang.  

Nhập mã quay thưởng trên thẻ lên website https://quatangmistori.thmilk.vn/ tham gia Chương trình Quay số ""Nhận thẻ sticker vui, quay số trúng quà chất"" để có cơ hội trúng:
 iPad mini 6 2021 
 Xe đạp thể thao 
 Thẻ điện thoại 50.000đ
 Thẻ điện thoại 20.000đ

Cùng tham gia quay số ngay để có cơ hội nhận được hàng chục nghìn quà tặng hấp dẫn! 

Ghé thăm hệ thống siêu thị toàn quốc, hệ thống cửa hàng TH true mart hoặc đặt hàng online ngay:
► Website: https://www.thtruemart.vn/
► Danh sách cửa hàng: https://www.thmilk.vn/he-thong-cua-hang/ See less",1950,87,28,2023-08-31 04:21:54,Photo
https://www.facebook.com/thmilk/posts/pfbid023QoCpMyT6kKtxvXjAF3HdArL22NCtM9fEs3Xi5e6MhUvE8UiiRnhk7AkweHpYgyrl,"Chương trình ""Thu Gom Vỏ Hộp, Lan Tỏa Sống Xanh"" được Tập đoàn TH phối hợp cùng Tetra Pak Việt Nam triển khai thực hiện vào khung giờ từ 8:00 đến 17:00 tất cả các ngày trong tuần, từ ngày 15/08 đến 31/12/2023, tại 20 cửa hàng TH true mart trên địa bàn Hà Nội và Thành phố Hồ Chí Minh.",1385,96,11,2023-08-30 06:42:11,GenericAttachmentMedia
https://www.facebook.com/thmilk/posts/pfbid02YVYiEZrZmSpatLrbQa4Qyg1bGRFK24oiccpEG2x6TR82qN2vB4ukzbY913bTUCpdl,"Chúc mừng các khách hàng may mắn đã rinh về Ipad Air 5 (kèm Apple Pencil 2) từ chương trình ""Vui hè chất, trúng hơn 70.000 quà tặng"" của TH true YOGURT. 

Chỉ còn 01 chiếc Ipad Air 5 (kèm Apple Pencil 2) cuối cùng đang tìm kiếm chủ nhân may mắn của mình.

Hãy mua sữa chua uống tiệt trùng TH true YOGURT để nhận ngay hơn 70.000 quà chất tại https://quatangyogurt.thmilk.vn/

Đặt hàng ngay tại:
► Grabmart: http://bit.ly/THtruemart-GrabMart
► ShopeeFood: https://bit.ly/THtruemart-ShopeeFood
► Baemin: http://bit.ly/THtruemart-Baemin
► Loship: https://bit.ly/THtruemart-Loship",1004,47,2,2023-08-29 09:02:27,Photo
https://www.facebook.com/thmilk/videos/279885524783750/,"Cùng TH chung tay bảo vệ môi trường bằng cách làm sạch và gấp gọn các vỏ hộp sữa đã qua sử dụng để mang tới 20 cửa hàng TH true mart thu gom và có cơ hội nhận được những phần quà may mắn nhé! 

☘ Thời gian thu gom: 8:00-17:00 mỗi ngày, từ 15/08 đến 31/12/2023
☘ Danh sách 20 cửa hàng tại Hà Nội và TP. Hồ Chí Minh (chi tiết xem tại https://bit.ly/TH-stores-list)
☘ Để biết thêm thông tin chi tiết về chương trình, vui lòng xem tại: http://thugomvohop.thmilk.vn",936,83,50,2023-08-28 11:22:44,Video
https://www.facebook.com/thmilk/posts/pfbid02b9rv8wJ7Z5reWjNDiGhpS3nakMcRiFCVuhL5CrgVxZF7oSUqbcYWvuipng2YQ3pyl,"️CHÚC MỪNG CÁC KHÁCH HÀNG MAY MẮN ĐÃ TRÚNG GIẢI ĐUA TOP TUẦN 12 (17/08 - 23/08)

TH true YOGURT chúc mừng các Khách hàng may mắn đã trúng giải đua TOP Tuần 12 (17/08 - 23/08), trong đó 10 Khách hàng có số điểm cao nhất Bảng xếp hạng 100 theo danh sách dưới đây 

June - 12185 điểm
Phan Văn Đại - 11969 điểm
Trung - 7489 điểm
Nguyễn Phượng - 6847 điểm
Trung Pham - 6647 điểm
PHẠM THỊ NGỌC CHINH - 6618 điểm
Nguyễn Thu Hiền - 6042 điểm
Nguyen Thu Hang - 5869 điểm
Phạm Đức Toàn - 5722 điểm
Nguyễn - 5442 điểm

 Vẫn còn hàng trăm cặp vé CGV 2D đang chờ bạn tham gia thử thách Đua Top 100 mỗi tuần của chương trình ""Vui hè chất, trúng hơn 70.000 quà tặng"" 

 Hướng dẫn tham gia chương trình xem tại https://bit.ly/3Duid21 

Đặt hàng ngay tại:
► Grabmart: http://bit.ly/THtruemart-GrabMart
► ShopeeFood: https://bit.ly/THtruemart-ShopeeFood
► Baemin: http://bit.ly/THtruemart-Baemin
► Loship: https://bit.ly/THtruemart-Loship",917,34,1,2023-08-27 05:39:22,Photo
https://www.facebook.com/thmilk/posts/pfbid0mVXzb1SkfQX4yVPxWtsj6DQpMF4KnycuWb1CFup1SEdmJPy2voZwrzA4EA2JMB1Zl,"CON BỤNG KHỎE, MẸ NHÀN TÊNH – CÔNG THỨC CARE ADVANCE VỚI PREBIOTIC & PROBIOTIC  
Bên cạnh một chế độ ăn hợp lý, mẹ chọn bổ sung TH true FORMULA 4 với chất xơ Prebiotic & Probiotic giúp bé có hệ tiêu hóa khỏe mạnh:
 Prebiotic (GOS & FOS) – chất xơ tự nhiên có tác dụng thúc đẩy sự phát triển của lợi khuẩn, cải thiện nhu động ruột & tăng cường khả năng hấp thu dinh dưỡng.
 Probiotic (Bifidobacterium longum BB536) – giúp duy trì và cân bằng hệ vi sinh đường ruột, ngăn ngừa các bệnh về đường tiêu hóa ở trẻ như táo bón, tiêu chảy v.v
Bé ăn ngon, tiêu hóa tốt & hấp thu dinh dưỡng tốt hơn!

Ghé thăm các điểm bán lẻ, hệ thống cửa hàng TH true mart toàn quốc hoặc đặt hàng online ngay:
► Website chính thức về sản phẩm: https://formula.thmilk.vn/
► Website hệ thống TH true mart: https://www.thtruemart.vn/
► Ứng dụng: TH eLIFE
►Danh sách cửa hàng: https://www.thmilk.vn/he-thong-cua-hang/
► Shopee: https://bit.ly/THtrueFORMULA_SHP01
► Lazada: https://bit.ly/THtrueFORMULA-LZD
► Tiki: https://bit.ly/THtrueFORMULA_TIKI
► Grabmart: http://bit.ly/THtruemart-GrabMart
► ShopeeFood: https://bit.ly/THtruemart-ShopeeFood
► Baemin: http://bit.ly/THtruemart-Baemin",775,39,3,2023-08-25 23:56:00,Photo
https://www.facebook.com/thmilk/posts/pfbid02QkasXQ95EsbsZ5vcboHhrmuLQiZ7154WVwX7yu9pGBtgRN36FJfRckywvn9XpT24l,"Sau hơn 1 tuần đầu tiên diễn ra, chương trình ""Thu gom vỏ hộp, Lan tỏa sống xanh 2023"" đã thu gom gần 10.000 vỏ hộp sữa đã qua sử dụng. Các vỏ hộp sữa sau khi thu gom sẽ được tái chế thành các vật dụng thân thiện với môi trường như sổ tay, tấm lợp sinh thái, bàn ghế, khung ảnh,... từ đó, góp phần giảm thiểu rác thải và bảo vệ môi trường. 

Cùng TH thực hành lối sống xanh và tham gia chương trình thu gom vỏ hộp ngay hôm nay!  

☘ Thời gian thu gom: 8:00-17:00 mỗi ngày, từ 15/08 đến 31/12/2023
☘ Danh sách 20 cửa hàng tại Hà Nội và TP. Hồ Chí Minh (chi tiết xem tại https://bit.ly/TH-stores-list)
☘ Để biết thêm thông tin chi tiết về chương trình, vui lòng xem tại: http://thugomvohop.thmilk.vn",917,65,8,2023-08-24 18:12:38,Photo
https://www.facebook.com/thmilk/posts/pfbid02GVv8h78tCGifr2FZaRps9jYhHmGA7soDRx7VkXtGqtub6rhSVEuLeG1c9Wvo86ppl,"Ưu đãi hấp dẫn dành riêng cho mọi gia đình với sản phẩm Sữa tiệt trùng TH true MILK HILO giàu canxi, ít béo, không lactose:
✨Tặng ngay Hộp nhựa nguyên sinh kháng khuẩn 1500 ml khi mua 2 lốc 
Chương trình áp dụng từ nay đến hết 05.09 hoặc tới khi hết quà tặng tại hệ thống cửa hàng TH true mart và gian hàng online của TH trên các sàn thương mại điện tử và ứng dụng giao hàng.
► Danh sách cửa hàng toàn quốc: https://www.thmilk.vn/he-thong-cua-hang/
► Shopee: https://shopee.vn/th_truemart_officialstore
► Lazada: https://www.lazada.vn/shop/th-true-mart
► Grabmart: http://bit.ly/THtruemart-GrabMart
► ShopeeFood: https://bit.ly/THtruemart-ShopeeFood",857,157,5,2023-08-23 12:29:16,Photo
https://www.facebook.com/thmilk/posts/pfbid0dA4aM2sacRYcTwGm1ohXUW9T6ypxtrRrpaWytHAHJGqVSvVFLNitYEWjUJLkH9Eyl,"BỮA NHẸ TỪ SỮA TƯƠI VÀ YẾN MẠCH DẠNG HẠT TH true MILK LIGHT MEAL - ƯU ĐÃI HẤP DẪN CHO MỌI GIA ĐÌNH
✨Mua 2 lốc TH true MILK LIGHT MEAL tặng ngay Hộp nhựa nguyên sinh kháng khuẩn 1500 ml 

Chương trình áp dụng từ 5/8 tới hết 5/9 hoặc tới khi hết quà tặng tại hệ thống cửa hàng TH true mart toàn quốc và gian hàng online của TH trên các sàn thương mại điện tử và ứng dụng giao hàng. 
Mua hàng ngay để không bỏ lỡ ưu đãi hấp dẫn này bạn nhé:
► Danh sách cửa hàng toàn quốc: https://www.thmilk.vn/he-thong-cua-hang/
► Shopee: https://shopee.vn/th_truemart_officialstore
► Lazada: https://www.lazada.vn/shop/th-true-mart
► Grabmart: http://bit.ly/THtruemart-GrabMart
► ShopeeFood: https://bit.ly/THtruemart-ShopeeFood",704,48,4,2023-08-22 06:45:55,Photo
https://www.facebook.com/thmilk/posts/pfbid0r5F4x6iRPKU67K7V2XzZHVX8vpysgUvCws1PthQK3LygXPDf1xXPEo9qpK8xjYqSl,"Chương trình “Thu Gom Vỏ Hộp, Lan Tỏa Sống Xanh 2023” hiện đang diễn ra từ 8:00 – 17:00 mỗi ngày tại 20 cửa hàng TH true mart ở thành phố Hà Nội và Hồ Chí Minh trong danh sách bên dưới. 

Hãy tham gia ngay để cùng TH chung tay bảo vệ môi trường và tái chế vỏ sữa giấy, đồng thời có cơ hội nhận được phần quà may mắn từ TH nhé.  

☘ Thời gian thu gom: 8:00-17:00 mỗi ngày, từ 15/08 đến 31/12/2023
☘ Danh sách 20 cửa hàng tại Hà Nội và TP. Hồ Chí Minh (chi tiết xem tại https://bit.ly/TH-stores-list)
☘ Để biết thêm thông tin chi tiết về chương trình, vui lòng xem tại: http://thugomvohop.thmilk.vn",787,52,5,2023-08-21 01:02:33,Photo
https://www.facebook.com/thmilk/posts/pfbid0PiQo4xBR8zVktWUoABhZEQP8er8uQfkDj4s2XEEV5A93QmjjTGXYQDMdUSnrmAx5l," Chúc mừng các khách hàng đã trúng thưởng từ chương trình Quay số và chương trình Đổi thẻ Hè khám phá, Săn quà cực đã cùng TH TOPKID

 Chương trình vẫn đang diễn ra từ nay đến hết 15/09/2023. Sưu tầm thẻ Lớp học Mật Ngữ trong mỗi lốc Sữa chua uống tiệt trùng TH true YOGURT TOPKID hoặc Nước uống sữa trái cây TH true JUICE milk TOPKID để có cơ hội trúng những phần quà hấp dẫn. 

Nhập mã quay thưởng trên thẻ lên website https://quatangtopkid.thmilk.vn/ tham gia Chương trình Quay số để có cơ hội trúng:
 Bộ LEGO sáng tạo 
 Vali du lịch TH
 Thẻ điện thoại 50.000đ
 Thẻ điện thoại 10.000đ
Sưu tầm thẻ để tham gia ngay Chương trình Đổi thẻ:
☀️ 18 thẻ đổi 1 bộ đồ dùng học tập TH 
☀️ 24 thẻ đổi 1 bình nước TH 
☀️ 36 thẻ đổi 1 balo du lịch TH 
Thời hạn đổi quà đến hết 15/09/2023.

Ghé thăm hệ thống siêu thị toàn quốc, hệ thống cửa hàng TH true mart hoặc đặt hàng online ngay:
► Website: https://www.thtruemart.vn/
► Danh sách cửa hàng: https://www.thmilk.vn/he-thong-cua-hang/",560,33,1,2023-08-19 19:19:11,unknown
https://www.facebook.com/thmilk/posts/pfbid02fdtcbVKVzwKuTFVzanJATBGtHTCxcSxx52bDTspPGv6uQFMfs1x3HHn8QeTx8nNwl," TH TRUE FORMULA CÙNG CON TỰ TIN ĐẾN LỚP
Năm học mới đã gần kề, mẹ và bé đã chuẩn bị gì rồi? Cùng TH true FORMULA điểm qua những vật dụng cần có để bé tự tin đến trường mẹ nhé:
- Bình nước có ống hút, không chỉ đảm bảo vệ sinh mà còn giúp bé cảm thấy hứng thú hơn với việc uống nước.
- Vật dụng cá nhân như ô nhỏ, mũ, giày dép và khẩu trang nếu như bé có hoạt động ngoại khóa.
- 2 bộ quần áo trường hợp bị lấm bẩn có thể thay ở lớp.
- Đặc biệt, không thể thiếu sản phẩm dinh dưỡng công thức từ sữa tươi TH true FORMULA 180ml với bộ công thức CARE ADVANCE chứa các dưỡng chất vàng như MFGM, HMO (2’ -FL), FOS, GOS cùng hơn 20 vitamins và khoáng chất thiết yếu thay mẹ chăm sóc bé yêu mỗi ngày đến trường.

Ghé thăm các điểm bán lẻ, hệ thống cửa hàng TH true mart toàn quốc hoặc đặt hàng online ngay:
► Website chính thức về sản phẩm: https://formula.thmilk.vn/
► Website hệ thống TH true mart: https://www.thtruemart.vn/
► Ứng dụng: TH eLIFE
►Danh sách cửa hàng: https://www.thmilk.vn/he-thong-cua-hang/
► Shopee: https://bit.ly/THtrueFORMULA_SHP01
► Lazada: https://bit.ly/THtrueFORMULA-LZD
► Tiki: https://bit.ly/THtrueFORMULA_TIKI
► Grabmart: http://bit.ly/THtruemart-GrabMart
► ShopeeFood: https://bit.ly/THtruemart-ShopeeFood
► Baemin: http://bit.ly/THtruemart-Baemin
► Loship: https://bit.ly/THtruemart-Loship",609,66,12,2023-08-18 13:35:49,Photo
https://www.facebook.com/thmilk/videos/221181693882452/," Trọn vị mùa hè với chương trình khuyến mãi của kem TH true ICE CREAM tại hệ thống cửa hàng TH true mart toàn quốc: Nhận ngay 1 TÚI GIỮ NHIỆT khi mua 9 kem que 52 g/ 9 kem hộp 50 g/ 4 kem ốc quế/ 4 kem hộp 180 g. 
Chương trình kéo dài từ nay tới hết 31/8 hoặc khi hết quà tặng. 
 Được làm hoàn toàn từ sữa tươi sạch của trang trại TH, kem TH true ICE CREAM có kết cấu mềm mịn, giữ trọn các dưỡng chất có trong sữa tươi. Sản phẩm kết hợp cùng các nguyên liệu tự nhiên mang đến vị ngon thật sự thiên nhiên. Cùng thưởng thức kem ngon TH true ICE CREAM - trọn vị mùa hè bạn nhé! 
Cùng ghé cửa hàng TH true mart gần bạn nhất để không bỏ lỡ các ưu đãi nhé: https://www.thmilk.vn/he-thong-cua-hang/",1147,37,7,2023-08-17 07:52:28,Video
https://www.facebook.com/thmilk/videos/640222371217710/," Trọn vị mùa hè với chương trình khuyến mãi của kem TH true ICE CREAM tại hệ thống cửa hàng TH true mart toàn quốc: Nhận ngay 1 TÚI GIỮ NHIỆT khi mua 9 kem que 52 g/ 9 kem hộp 50 g/ 4 kem ốc quế/ 4 kem hộp 180 g. 
Chương trình kéo dài từ nay tới hết 31/8 hoặc khi hết quà tặng. 
 Được làm hoàn toàn từ sữa tươi sạch của trang trại TH, kem TH true ICE CREAM có kết cấu mềm mịn, giữ trọn các dưỡng chất có trong sữa tươi. Sản phẩm kết hợp cùng các nguyên liệu tự nhiên mang đến vị ngon thật sự thiên nhiên. Cùng thưởng thức kem ngon TH true ICE CREAM - trọn vị mùa hè bạn nhé! 
Cùng ghé cửa hàng TH true mart gần bạn nhất để không bỏ lỡ các ưu đãi nhé: https://www.thmilk.vn/he-thong-cua-hang/",522,11,6,2023-08-17 07:51:04,Video
https://www.facebook.com/thmilk/posts/pfbid0pk2pk3krsFX95wCjCFKRzbQ6MLnEVzGEyPKsrF9NgLsNtJTFjMNb5mcGpMqpvQCAl,"TH true FORMULA – DINH DƯỠNG TOÀN DIỆN, BÊN CON MỖI NGÀY
Dinh dưỡng cho con luôn là điều ba mẹ đặc biệt quan tâm. Bữa ăn hàng ngày có đủ để con phát triển toàn diện và khỏe mạnh theo đúng lứa tuổi?
Ba mẹ đừng lo vì đã có TH true FORMULA đồng hành trên hành trình nuôi con khôn lớn. Với công thức CARE ADVANCE độc quyền nghiên cứu bởi Viện Dinh dưỡng TH đem đến bộ 3 lợi ích vượt trội:
- MFGM, DHA, ARA hỗ trợ phát triển não bộ, con nhanh nhẹn tự tin 
- HMO (2’ -FL), Nucleotide cùng 24 loại vitamin, khoáng chất thiết yếu giúp con tăng cường sức đề kháng và phát triển thể chất.
- Chất xơ Prebiotic (GOS, FOS) và lợi khuẩn BB536 có tác dụng tốt trong quá trình phát triển hệ tiêu hóa của con, tăng cường khả năng hấp thu dưỡng chất.

Ghé thăm các điểm bán lẻ, hệ thống cửa hàng TH true mart toàn quốc hoặc đặt hàng online ngay:
► Website chính thức về sản phẩm: https://formula.thmilk.vn/
► Website hệ thống TH true mart: https://www.thtruemart.vn/
► Ứng dụng: TH eLIFE
►Danh sách cửa hàng: https://www.thmilk.vn/he-thong-cua-hang/
► Shopee: https://bit.ly/THtrueFORMULA_SHP01
► Lazada: https://bit.ly/THtrueFORMULA-LZD
► Tiki: https://bit.ly/THtrueFORMULA_TIKI
► Grabmart: http://bit.ly/THtruemart-GrabMart
► ShopeeFood: https://bit.ly/THtruemart-ShopeeFood
► Baemin: http://bit.ly/THtruemart-Baemin
► Loship: https://bit.ly/THtruemart-Loship",484,59,10,2023-08-16 20:03:14,unknown
https://www.facebook.com/thmilk/videos/839159707808494/,"Cùng tham gia chương trình Thu gom vỏ hộp, Lan tỏa sống xanh 2023 bằng cách vệ sinh và thu gom vỏ hộp sữa giấy tại nhà theo các bước sau: 

Bước 1: Kéo 2 mép trên của vỏ hộp 
Bước 2: Kéo 2 mép dưới của vỏ hộp
Bước 3: Làm dẹp hộp
Bước 4: Cắt dọc hộp và gỡ phẳng
Bước 5: Làm sạch 
Bước 6: Đóng gói gọn gàng

☘ Thời gian thu gom: 8:00-17:00 mỗi ngày, từ 15/08 đến 31/12/2023
☘ Danh sách 20 cửa hàng tại Hà Nội và TP. Hồ Chí Minh (chi tiết xem tại https://bit.ly/TH-stores-list)
☘ Để biết thêm thông tin chi tiết về chương trình, vui lòng xem tại: http://thugomvohop.thmilk.vn",1202,84,41,2023-08-16 08:15:24,Video
https://www.facebook.com/thmilk/posts/pfbid02SNwcGWEMMHArDDsdUwfey9YFsjL2AgoyH1Lc9NqK9p8N28jPWxPGB5zYLD3dKe12l,"Chương trình Quay số ""Hè khám phá, Săn quà cực đã"" của TH TOPKID sẽ gia hạn đến hết ngày 15/09/2023. Cùng tham gia chương trình theo các bước sau để nhận những phần quà vô cùng hấp dẫn nhé: 

 Bước 1: Mua lốc Sữa chua uống tiệt trùng TH true YOGURT TOPKID hoặc Nước uống sữa trái cây TH true JUICE milk TOPKID 
 Bước 2: Tìm mã quay thưởng được in trên thẻ 
 Bước 3: Nhập mã quay thưởng in trên thẻ Lớp học mật ngữ lên website https://quatangtopkid.thmilk.vn/ tham gia Chương trình Quay số để có cơ hội trúng:
 Bộ LEGO sáng tạo 
 Vali du lịch TH
 Thẻ điện thoại 50.000đ
 Thẻ điện thoại 10.000đ
 Bước 4: Nhận quà

Chi tiết chương trình xem tại: https://quatangtopkid.thmilk.vn/ 
Ghé thăm hệ thống siêu thị toàn quốc, hệ thống cửa hàng TH true mart hoặc đặt hàng online ngay:
► Website: https://www.thtruemart.vn/
► Danh sách cửa hàng: https://www.thmilk.vn/he-thong-cua-hang/",355,47,4,2023-08-16 07:07:24,Photo
https://www.facebook.com/thmilk/posts/pfbid086jPUEASAxQSDs8DGMvaX57oz4mJ7NKFbwU7pvyaJt4tvJPkPVkuQSacrqBfWRkyl,"✨ Làm bánh thêm vui với khuyến mại giảm 30% bơ lạt tự nhiên TH true BUTTER 200g. Chương trình áp dụng tại hệ thống cửa hàng TH true mart trên toàn quốc từ nay đến hết 31/8.

 Bơ lạt tự nhiên TH true BUTTER được làm hoàn toàn bằng chất béo của sữa tươi sạch nguyên chất từ Trang trại TH cùng với quá trình lên men tự nhiên tạo nên hương vị thơm ngon. Sản phẩm mang lại kết cấu mềm mịn, thơm ngậy mùi sữa, chắc chắn sẽ giúp món bánh của bạn thơm ngon hơn đấy!

Cùng ghé cửa hàng TH true mart gần bạn nhất để không bỏ lỡ các ưu đãi nhé: https://www.thmilk.vn/he-thong-cua-hang/",932,83,5,2023-08-16 05:59:25,Photo
https://www.facebook.com/thmilk/posts/pfbid02AUzQdakx46LKQc4q7fTvNJHGYjPvtsEfbF7eSqnZUvU1Yyr4n4ei7a2bDuFpfjeml,"✨ Thỏa sức chế biến vạn món ngon với khuyến mại giảm 30% bơ lạt tự nhiên TH true BUTTER 5kg. Chương trình áp dụng tại hệ thống cửa hàng TH true mart trên toàn quốc từ nay đến hết 31/8.

 Bơ lạt tự nhiên TH true BUTTER được làm hoàn toàn bằng chất béo của sữa tươi sạch nguyên chất từ Trang trại TH cùng với quá trình lên men tự nhiên tạo nên hương vị thơm ngon. Sản phẩm mang lại kết cấu mềm mịn, thơm ngậy mùi sữa, chắc chắn sẽ giúp món ăn của bạn thơm ngon hơn đấy!

Cùng ghé cửa hàng TH true mart gần bạn nhất để không bỏ lỡ các ưu đãi nhé: https://www.thmilk.vn/he-thong-cua-hang/",484,13,3,2023-08-16 04:51:25,Photo
https://www.facebook.com/thmilk/videos/254937387372769/,"Cùng TH chung tay bảo vệ môi trường bằng cách thu gom và tái chế vỏ hộp sữa giấy đã qua sử dụng ngay bạn nhé! Chương trình ""Thu gom vỏ hộp, Lan tỏa sống xanh 2023"" chính thức diễn ra từ hôm nay 15/08 đến hết ngày 31/12/2023. 

Để tham gia chương trình, bạn hãy thu gom những vỏ hộp sữa đã sử dụng tại gia đình, làm sạch và gấp gọn. Sau đó, đừng quên mang tới 1 trong 20 cửa hàng TH true mart tại Hà Nội và Thành phố Hồ Chí Minh, từ 8h00 đến 17h00 mỗi ngày để tham gia chương trình bạn nhé!  

☘ Thời gian thu gom: 8:00-17:00 mỗi ngày, từ 15/08 đến 31/12/2023
☘ Danh sách 20 cửa hàng tại Hà Nội và TP. Hồ Chí Minh (chi tiết xem tại https://bit.ly/TH-stores-list)
☘ Để biết thêm thông tin chi tiết về chương trình, vui lòng xem tại: http://thugomvohop.thmilk.vn",655,34,2,2023-08-16 03:43:26,Video
https://www.facebook.com/thmilk/posts/pfbid02fhGyTmiWnDg85RiQYr51gmc99H1AGYAa3kyAszVhNR7yLC8BBZARqp7aMMAmLtBbl,"️CHÚC MỪNG CÁC KHÁCH HÀNG MAY MẮN ĐÃ TRÚNG GIẢI ĐUA TOP TUẦN 10 (03/08 - 09/08)

TH true YOGURT chúc mừng các Khách hàng may mắn đã trúng giải đua TOP Tuần 10 (03/08 - 09/08), trong đó 10 Khách hàng có số điểm cao nhất Bảng xếp hạng 100 theo danh sách dưới đây 

Phan Văn Đại - 8221 điểm
Thành - 8011 điểm
Kiều Ngô - 7847 điểm 
Anh Thư - 7792 điểm
Trúc Green - 5999 điểm
Huyền - 5645 điểm
Thúy Kiều - 5516 điểm
Viên Bùi - 5488 điểm
Dinh Khổng - 5390 điểm
Thanh Thủy - 5365 điểm

 Vẫn còn hàng trăm cặp vé CGV 2D đang chờ bạn tham gia thử thách Đua Top 100 mỗi tuần của chương trình ""Vui hè chất, trúng hơn 70.000 quà tặng"" 

 Hướng dẫn tham gia chương trình xem tại https://bit.ly/3Duid21 

Đặt hàng ngay tại:
► Grabmart: http://bit.ly/THtruemart-GrabMart
► ShopeeFood: https://bit.ly/THtruemart-ShopeeFood
► Baemin: http://bit.ly/THtruemart-Baemin
► Loship: https://bit.ly/THtruemart-Loship",264,11,1,2023-08-14 03:30:43,Photo
https://www.facebook.com/thmilk/posts/pfbid0izcZ3JYvZCNgR2bd3HvpK6E58DhiJyDd7PMiMbRJduSvNXoUR7pRuFvjHifA34V8l,"✨ Thỏa sức chế biến vạn món ngon với khuyến mại giảm 30% bơ lạt tự nhiên TH true BUTTER 5kg. Chương trình áp dụng tại hệ thống cửa hàng TH true mart trên toàn quốc từ nay đến hết 31/8.

 Bơ lạt tự nhiên TH true BUTTER được làm hoàn toàn bằng chất béo của sữa tươi sạch nguyên chất từ Trang trại TH cùng với quá trình lên men tự nhiên tạo nên hương vị thơm ngon. Sản phẩm mang lại kết cấu mềm mịn, thơm ngậy mùi sữa, chắc chắn sẽ giúp món ăn của bạn thơm ngon hơn đấy!

Cùng ghé cửa hàng TH true mart gần bạn nhất để không bỏ lỡ các ưu đãi nhé: https://www.thmilk.vn/he-thong-cua-hang/",358,76,0,2023-08-12 03:18:00,Photo
https://www.facebook.com/thmilk/posts/pfbid02B6V3UggocXo2ZZtMSGoQuTrwN8D3tbCknwVWZBpRaZ3KimkLSVoCtKvZRSAhYxLDl,"✨ Làm bánh thêm vui với khuyến mại giảm 30% bơ lạt tự nhiên TH true BUTTER 200g. Chương trình áp dụng tại hệ thống cửa hàng TH true mart trên toàn quốc từ nay đến hết 31/8.

 Bơ lạt tự nhiên TH true BUTTER được làm hoàn toàn bằng chất béo của sữa tươi sạch nguyên chất từ Trang trại TH cùng với quá trình lên men tự nhiên tạo nên hương vị thơm ngon. Sản phẩm mang lại kết cấu mềm mịn, thơm ngậy mùi sữa, chắc chắn sẽ giúp món bánh của bạn thơm ngon hơn đấy!

Cùng ghé cửa hàng TH true mart gần bạn nhất để không bỏ lỡ các ưu đãi nhé: https://www.thmilk.vn/he-thong-cua-hang/",319,10,6,2023-08-10 03:05:17,Photo
https://www.facebook.com/thmilk/videos/2506903376137534/," Trọn vị mùa hè với chương trình khuyến mãi của kem TH true ICE CREAM tại hệ thống cửa hàng TH true mart toàn quốc: Nhận ngay 1 TÚI GIỮ NHIỆT khi mua 9 kem que 52 g/ 9 kem hộp 50 g/ 4 kem ốc quế/ 4 kem hộp 180 g. 
Chương trình kéo dài từ nay tới hết 31/8 hoặc khi hết quà tặng. 

 Được làm hoàn toàn từ sữa tươi sạch của trang trại TH, kem TH true ICE CREAM có kết cấu mềm mịn, giữ trọn các dưỡng chất có trong sữa tươi. Sản phẩm kết hợp cùng các nguyên liệu tự nhiên mang đến vị ngon thật sự thiên nhiên. Cùng thưởng thức kem ngon TH true ICE CREAM - trọn vị mùa hè bạn nhé! 

Cùng ghé cửa hàng TH true mart gần bạn nhất để không bỏ lỡ các ưu đãi nhé: https://www.thmilk.vn/he-thong-cua-hang/",266,4,1,2023-08-08 02:52:35,Video
https://www.facebook.com/thmilk/posts/pfbid036MvpCik8RLtpC8ve3aRfiJ8YtopAM4tsCno6hHyrZH8xpuC5vsgAzs6LDHWSjywbl," Trọn vị mùa hè với chương trình khuyến mãi của kem TH true ICE CREAM tại hệ thống cửa hàng TH true mart toàn quốc: Nhận ngay 1 TÚI GIỮ NHIỆT khi mua 9 kem que 52 g/ 9 kem hộp 50 g/ 4 kem ốc quế/ 4 kem hộp 180 g. 

Chương trình kéo dài từ nay tới hết 31/8 hoặc khi hết quà tặng. 

 Được làm hoàn toàn từ sữa tươi sạch của trang trại TH, kem TH true ICE CREAM có kết cấu mềm mịn, giữ trọn các dưỡng chất có trong sữa tươi. Sản phẩm kết hợp cùng các nguyên liệu tự nhiên mang đến vị ngon thật sự thiên nhiên. Cùng thưởng thức kem ngon TH true ICE CREAM - trọn vị mùa hè bạn nhé! 

Cùng ghé cửa hàng TH true mart gần bạn nhất để không bỏ lỡ các ưu đãi nhé: https://www.thmilk.vn/he-thong-cua-hang/",293,8,3,2023-08-07 08:01:59,unknown
https://www.facebook.com/thmilk/posts/pfbid0Mnab5RLCVGhFstd9at7r63Wi5u8k4YkrDry8Eng11f9F4Ki53fSNE1jsDxpF7gXbl,"BÉ ĐỀ KHÁNG KHỎE, MẸ CHẲNG LO VỚI TH TRUE FORMULA
Thời tiết dạo này mưa nắng thất thường khiến mẹ lo lắng vì con dễ mắc bệnh lắm, đặc biệt là các vấn đề liên quan đến hô hấp, bệnh ngoài da và đường tiêu hóa.
TH true FORMULA mách mẹ những tips nhỏ giúp con luôn khỏe mạnh để thỏa sức vui chơi trong những ngày hè:
- Vệ sinh không gian sống sạch sẽ, đặc biệt đồ chơi của bé nên được thường xuyên cọ rửa.
- Không nên cho bé chơi lâu ngoài nắng hay để điều hòa nhiệt độ quá lạnh.
- Khuyến khích bé uống đủ nước, tăng cường rau xanh & trái cây trong khẩu phần ăn hàng ngày.
- Bổ sung TH true FORMULA 4 với bộ công thức CARE ADVANCE chưa HMO (2’ -FL), nucleotid cùng 24 loại vitamin và khoáng chất thiết yếu giúp trẻ tăng cường miễn dịch, giảm nguy cơ mắc các bệnh do vi khuẩn gây ra. 
TH true FORMULA cùng bé yêu khỏe mạnh vui hè!

Ghé thăm các điểm bán lẻ, hệ thống cửa hàng TH true mart toàn quốc hoặc đặt hàng online ngay:
► Website chính thức về sản phẩm: https://formula.thmilk.vn/
► Website hệ thống TH true mart: https://www.thtruemart.vn/
► Ứng dụng: TH eLIFE
►Danh sách cửa hàng: https://www.thmilk.vn/he-thong-cua-hang/
► Shopee: https://bit.ly/THtrueFORMULA_SHP01
► Lazada: https://bit.ly/THtrueFORMULA-LZD
► Tiki: https://bit.ly/THtrueFORMULA_TIKI
► Grabmart: http://bit.ly/THtruemart-GrabMart
► ShopeeFood: https://bit.ly/THtruemart-ShopeeFood
► Baemin: http://bit.ly/THtruemart-Baemin
► Loship: https://bit.ly/THtruemart-Loship",277,11,19,2023-08-06 13:11:24,Photo
https://www.facebook.com/thmilk/posts/pfbid033Fd5C7gDgYbZjqaKdUHSAvYKvTEcviLf4KibTk2cdYNPqcKDXVjwgEb71BRcUeJCl,"BỮA NHẸ TỪ SỮA TƯƠI VÀ YẾN MẠCH DẠNG HẠT TH true MILK LIGHT MEAL - ƯU ĐÃI HẤP DẪN CHO MỌI GIA ĐÌNH
✨Mua 2 lốc TH true MILK LIGHT MEAL tặng ngay Hộp nhựa nguyên sinh kháng khuẩn 1500 ml 
✨Mua 6 lốc TH true MILK LIGHT MEAL tặng ngay bộ thau rổ vuông cao cấp 

Chương trình áp dụng từ 5/8 tới hết 5/9 hoặc tới khi hết quà tặng tại hệ thống cửa hàng TH true mart toàn quốc và gian hàng online của TH trên các sàn thương mại điện tử và ứng dụng giao hàng. 

Mua hàng ngay để không bỏ lỡ ưu đãi hấp dẫn này bạn nhé:
► Danh sách cửa hàng toàn quốc: https://www.thmilk.vn/he-thong-cua-hang/
► Shopee: https://shopee.vn/th_truemart_officialstore
► Lazada: https://www.lazada.vn/shop/th-true-mart
► Grabmart: http://bit.ly/THtruemart-GrabMart
► ShopeeFood: https://bit.ly/THtruemart-ShopeeFood",296,25,3,2023-08-05 18:20:49,Photo
https://www.facebook.com/thmilk/posts/pfbid0315NkfqCkVF4JSsNdUoB4apQcDgH44VYbGBP3awzi5WL8GUJNpS21pgBxxtCNNFK2l,"Ưu đãi hấp dẫn dành riêng cho mọi gia đình với sản phẩm Sữa tiệt trùng TH true MILK HILO giàu canxi, ít béo, không lactose:
✨Tặng ngay Hộp nhựa nguyên sinh kháng khuẩn 1500 ml khi mua 2 lốc 
✨Tặng ngay Bộ thau rổ vuông cao cấp khi mua 6 lốc

Chương trình áp dụng từ nay đến hết 05.09 hoặc tới khi hết quà tặng tại hệ thống cửa hàng TH true mart và gian hàng online của TH trên các sàn thương mại điện tử và ứng dụng giao hàng.
► Danh sách cửa hàng toàn quốc: https://www.thmilk.vn/he-thong-cua-hang/
► Shopee: https://shopee.vn/th_truemart_officialstore
► Lazada: https://www.lazada.vn/shop/th-true-mart
► Grabmart: http://bit.ly/THtruemart-GrabMart
► ShopeeFood: https://bit.ly/THtruemart-ShopeeFood",375,109,11,2023-08-04 23:30:13,Photo
https://www.facebook.com/thmilk/posts/pfbid02kTgoLix6V2DFcFaGS7BC3RL6Dxd2FCcGLg7JCaKDiCKWXuH9gnzu8JzVzX8poyZxl," THU GOM VỎ HỘP, LAN TỎA SỐNG XANH 2023 

Nhằm khuyến khích các hoạt động bảo vệ môi trường và lối sống bền vững, TH tự hào kết hợp cùng Tetra Pak tổ chức chương trình ""Thu gom vỏ hộp, Lan tỏa sống xanh 2023"" nhằm thu gom và tái chế vỏ hộp sữa đã qua sử dụng, góp phần giảm thiểu rác thải ra môi trường tự nhiên. 

Để tham gia chương trình, bạn hãy thu gom những vỏ hộp sữa đã sử dụng tại gia đình, làm sạch và gấp gọn. Sau đó, mang tới các điểm thu gom là các cửa hàng TH true mart bạn nhé! Đặc biệt, các khách hàng may mắn khi tham gia chương trình sẽ có cơ hội nhận được phần quà vô cùng hấp dẫn. 
 
Cùng tham gia thu gom vỏ hộp từ hôm nay, góp phần bảo vệ môi trường và có cơ hội nhận những phần quà từ TH nhé! 
☘ Thời gian thu gom: 8:00-17:00 mỗi ngày, từ 15/08 đến 31/12/2023
☘ Địa điểm: 20 cửa hàng tại Hà Nội và TP. Hồ Chí Minh (chi tiết xem tại https://bit.ly/TH-stores-list)
☘ Để biết thêm thông tin chi tiết về chương trình, vui lòng xem tại: http://thugomvohop.thmilk.vn",485,104,125,2023-08-04 04:39:38,Photo
https://www.facebook.com/thmilk/posts/pfbid02jJ5xpWQhfNW9jCnL2CEj85kss6fdvNepbT4TrYwtMWx5ycTipDaw4SWtqZUQaWSAl,"Trọn vị mùa hè với chương trình khuyến mãi của kem TH true ICE CREAM tại các hệ thống siêu thị: Từ nay tới 10.8, nhận ngay 1 TÚI GIỮ NHIỆT khi mua 5 kem que 52 g/ 4 kem hộp 50 g/ 4 kem ốc quế/ 3 kem hộp 180 g/ 4 kem sandwich.

 Được làm hoàn toàn từ sữa tươi sạch của trang trại TH, kem TH true ICE CREAM có kết cấu mềm mịn, giữ trọn các dưỡng chất có trong sữa tươi. Sản phẩm kết hợp cùng các nguyên liệu tự nhiên mang đến vị ngon thật sự thiên nhiên. Cùng thưởng thức kem ngon TH true ICE CREAM - trọn vị mùa hè bạn nhé! 

 Chương trình được áp dụng tại hệ thống các siêu thị có tên trong danh sách (ảnh cuối cùng). Quà tặng có hạn, chương trình có thể kết thúc trước thời gian dự kiến.  

 Chương trình không áp dụng đồng thời với các chương trình khuyến mãi khác tại siêu thị trên toàn quốc

Cùng ghé siêu thị gần bạn nhất để không bỏ lỡ các ưu đãi nhé!",268,17,4,2023-08-03 09:49:03,unknown
https://www.facebook.com/thmilk/posts/pfbid0kzp8Lwb8LeCD44mTH6cH4RRf2HTBK5wb1WFaJCKfqZ3UfZ5T3ZNEh36LocaBpzZcl,"Chơi Minigame - Nhận mã đăng ký miễn phí tham gia sự kiện Yoga lớn nhất Việt Nam ngày 12/08/2023 tại Hà Nội
Bộ quà tặng trị giá 312.000 VNĐ bao gồm :
- Vé tham gia sự kiện
- Bộ kit độc quyền bao gồm Áo tập, Thảm tập Yoga, Sữa Yến mạch TH true OAT, Nước gạo TH true RICE và các sản phẩm khác, túi quà tặng
- Vật phẩm kỷ niệm
- Giấy chứng nhận tham gia sự kiện cùng xác lập Kỷ lục Việt Nam
⭐️ Sữa Yến Mạch TH true OAT hân hạnh là Nhà Tài Trợ chương trình. Thông tin chi tiết sự kiện xem tại: https://f5yoga.dantri.com.vn/
Các bước tham gia minigame cực dễ dàng:
 Bước 1: Comment đáp án mảnh ghép đúng
 Bước 2: Like và share bài viết này ở chế độ công khai trên Facebook cá nhân
 HẠN CUỐI THAM GIA MINIGAME: 12:00 trưa, ngày 07/08/2023.
 Danh sách 70 khách hàng may mắn sẽ được công bố vào ngày 08/08/2023.
Lưu ý:
- Người chơi được tính là hợp lệ khi bình luận trên Minigame của Fanpage Thức uống thiên nhiên từ hạt TH.
- Người trúng giải là người có đáp án chính xác, có tên trong danh sách quay thưởng may mắn.
- BTC chỉ công nhận những bình luận tại bài đăng gốc của Minigame
- BTC sẽ không nhận kết quả của các bình luận đã được chỉnh sửa. Người chơi muốn thay đổi phương án của mình có thể xóa bình luận cũ đi và bình luận phương án mới.
- Mỗi người chơi chỉ dự đoán 01 PHƯƠNG ÁN. Nếu người chơi có nhiều phương án, BTC sẽ chỉ tính 01 phương án hợp lệ gần nhất với thời gian kết thúc Mini Game.
- Đối với những khách hàng trùng tên tài khoản Facebook, BTC sẽ trao giải cho khách hàng có bình luận sớm hơn",607,119,21,2023-08-02 14:58:27,unknown
https://www.facebook.com/thmilk/posts/pfbid08Ntr8Ds5Zt5qKawRZwxEhhPEh9T1moFKqQXpj7Nr6zqHwjNXjPXaMKBiHe4Fo6Aul,"Bạn hỏi, HILO trả lời

Là một trong những những dòng sữa cao cấp của TH, Sữa tươi tiệt trùng vị tự nhiên TH true MILK HILO ghi điểm trong lòng khách hàng với những giá trị dinh dưỡng ưu việt: Tăng 70% canxi, giảm 60% chất béo và hoàn toàn không chứa lactose. Nhờ các giá trị vượt trội mà TH true MILK HILO luôn nhận được nhiều sự quan tâm cũng như thắc mắc muốn tìm hiểu sâu về sản phẩm từ phía khách hàng. 

Cùng TH giải đáp những thắc mắc về sản phẩm TH true MILK HILO để bạn thêm an tâm và tin tưởng lựa chọn nguồn dinh dưỡng giá trị này nhé!",417,112,65,2023-08-01 20:07:52,unknown
https://www.facebook.com/thmilk/videos/828629498618271/,"Nhận ngay 1 sản phẩm cùng loại khi mua 8 sản phẩm Sữa Chua Ăn TH true YOGURT bất kỳ từ 15/7 - 15/9/2023.
Đến ngay các điểm bán để tận hưởng ưu đãi hấp dẫn từ TH true YOGURT!

► Danh sách cửa hàng TH true mart: https://www.thmilk.vn/he-thong-cua-hang/
► Website: https://www.thtruemart.vn/san-pham/s-a-chua-t-nhien-x/s-a-chua-an-t-nhien.html
► Grabmart: http://bit.ly/THtruemart-GrabMart
► ShopeeFood: https://bit.ly/THtruemart-ShopeeFood
► Baemin: http://bit.ly/THtruemart-Baemin
► Loship: https://bit.ly/THtruemart-Loship",493,10,17,2023-08-01 01:17:17,Video
https://www.facebook.com/thmilk/posts/pfbid02gH2EkPvseXF8ZxYPSaib3896hvAcW2C5Cwo9hfKqbfYLfdPujh7uq4uXmRqpPafsl,"️CHÚC MỪNG CÁC KHÁCH HÀNG MAY MẮN ĐÃ TRÚNG GIẢI ĐUA TOP TUẦN 8 (20/07 - 26/07)

Đến hẹn lại lên, TH true YOGURT chúc mừng các Khách hàng may mắn đã trúng giải đua TOP Tuần 8 (20/07-26/07), trong đó 10 Khách hàng có số điểm cao nhất Bảng xếp hạng 100 theo danh sách dưới đây 

Phan Văn Đại - 10151 điểm
Thành - 9934 điểm
Lan Nguyễn - 7297 điểm
Tấn Phát - 6789 điểm
Nguyễn Anh Tuấn - 5923 điểm
Minh Tâm - 5795 điểm
Hoàng Văn Lưu - 5743 điểm
Thái - 5728 điểm
Thuan Huy Hoang - 5525 điểm
Ha Pham - 5514 điểm

 Vẫn còn hàng trăm cặp vé CGV 2D đang chờ bạn tham gia thử thách Đua Top 100 mỗi tuần của chương trình ""Vui hè chất, trúng hơn 70.000 quà tặng"" 

 Hướng dẫn tham gia chương trình xem tại https://bit.ly/3Duid21 

Đặt hàng ngay tại:
► Grabmart: http://bit.ly/THtruemart-GrabMart
► ShopeeFood: https://bit.ly/THtruemart-ShopeeFood
► Baemin: http://bit.ly/THtruemart-Baemin
► Loship: https://bit.ly/THtruemart-Loship",222,4,2,2023-07-30 10:56:13,Photo
https://www.facebook.com/thmilk/posts/pfbid09JQd8mKkJuBa14ttGmVH1QTk3TwycTbCyCmE3WntDnwSiD4HLFe7Y7DzdpNPn3Hcl," Chúc mừng các khách hàng may mắn đã rinh về Ipad Air 5 (kèm Apple Pencil 2) từ chương trình ""Vui hè chất, trúng hơn 70.000 quà tặng"" của TH true YOGURT

Hãy mua ngay Sữa chua uống tiệt trùng TH true YOGURT để trở thành chủ nhân của những phần quà chất chỉ với 3 bước vô cùng đơn giản.

1️⃣Bước 1: Quét mã QR trên thẻ dự thưởng hoặc truy cập quatangyogurt.thmilk.vn
2️⃣Bước 2: Nhập thông tin và mã số trên thẻ dự thưởng
3️⃣Bước 3: Tham gia thử thách 

Đặt hàng ngay tại:
► Grabmart: http://bit.ly/THtruemart-GrabMart
► ShopeeFood: https://bit.ly/THtruemart-ShopeeFood
► Baemin: http://bit.ly/THtruemart-Baemin
► Loship: https://bit.ly/THtruemart-Loship",233,20,3,2023-07-28 20:35:09,Photo
https://www.facebook.com/thmilk/videos/674647647349197/,"Sữa Chua Nếp Cẩm Tự Nhiên TH true YOGURT - Hoàn toàn từ thiên nhiên.

► Danh sách cửa hàng TH true mart: https://www.thmilk.vn/he-thong-cua-hang/
► Website: https://www.thtruemart.vn/san-pham/s-a-chua-t-nhien-x/s-a-chua-an-t-nhien.html
► Grabmart: http://bit.ly/THtruemart-GrabMart
► ShopeeFood: https://bit.ly/THtruemart-ShopeeFood
► Baemin: http://bit.ly/THtruemart-Baemin
► Loship: https://bit.ly/THtruemart-Loship",1935,71,16,2023-07-27 06:14:06,Video
https://www.facebook.com/thmilk/videos/6406787899409480/,"Sữa Chua TH true YOGURT - Vị ngon thật sự thiên nhiên.

► Danh sách cửa hàng TH true mart: https://www.thmilk.vn/he-thong-cua-hang/
► Website: https://www.thtruemart.vn/san-pham/s-a-chua-t-nhien-x/s-a-chua-an-t-nhien.html
► Grabmart: http://bit.ly/THtruemart-GrabMart
► ShopeeFood: https://bit.ly/THtruemart-ShopeeFood
► Baemin: http://bit.ly/THtruemart-Baemin
► Loship: https://bit.ly/THtruemart-Loship",805,11,13,2023-07-27 06:14:50,Video
https://www.facebook.com/thmilk/videos/944252456665022/,"Sữa Chua Xoài - Hạt Chia Tự Nhiên TH true YOGURT - Hoàn toàn từ thiên nhiên.

► Danh sách cửa hàng TH true mart: https://www.thmilk.vn/he-thong-cua-hang/
► Website: https://www.thtruemart.vn/san-pham/s-a-chua-t-nhien-x/s-a-chua-an-t-nhien.html
► Grabmart: http://bit.ly/THtruemart-GrabMart
► ShopeeFood: https://bit.ly/THtruemart-ShopeeFood
► Baemin: http://bit.ly/THtruemart-Baemin
► Loship: https://bit.ly/THtruemart-Loship",368,5,11,2023-07-27 05:32:59,Video
https://www.facebook.com/thmilk/videos/611872944120877/,"TH true MILK LIGHT MEAL là sự lựa chọn phù hợp cho bữa nhẹ của dân văn phòng. Sản phẩm cung cấp vitamin và khoáng chất từ sữa tươi và yến mạch dạng hạt. Với dạng hộp tiện lợi, bạn có thể dễ dàng mang theo mọi lúc, mọi nơi để cung cấp năng lượng cho một ngày dài.

 Ghé thăm hệ thống cửa hàng TH true mart toàn quốc và gian hàng online của TH trên các ứng dụng giao hàng, sàn thương mại điện tử để nhận ngay ưu đãi bạn nhé
► Danh sách cửa hàng toàn quốc: https://www.thmilk.vn/he-thong-cua-hang/
► Shopee: https://shopee.vn/th_truemart_officialstore
► Lazada: https://www.lazada.vn/shop/th-true-mart
► Tiki: https://tiki.vn/cua-hang/th-true-mart-official-store
► Grabmart: http://bit.ly/THtruemart-GrabMart
► ShopeeFood: https://bit.ly/THtruemart-ShopeeFood",3731,183,27,2023-07-27 02:24:30,Video
https://www.facebook.com/thmilk/videos/934144131008749/,"Được làm hoàn toàn từ sữa tươi sạch và yến mạch dạng hạt, TH true MILK LIGHT MEAL là sự lựa chọn hoàn hảo cho các bé tiếp thêm năng lượng sau mỗi giờ tan học. 

 Ghé thăm hệ thống cửa hàng TH true mart toàn quốc và gian hàng online của TH trên các ứng dụng giao hàng, sàn thương mại điện tử để nhận ngay ưu đãi bạn nhé
► Danh sách cửa hàng toàn quốc: https://www.thmilk.vn/he-thong-cua-hang/
► Shopee: https://shopee.vn/th_truemart_officialstore
► Lazada: https://www.lazada.vn/shop/th-true-mart
► Tiki: https://tiki.vn/cua-hang/th-true-mart-official-store
► Grabmart: http://bit.ly/THtruemart-GrabMart
► ShopeeFood: https://bit.ly/THtruemart-ShopeeFood",770,50,14,2023-07-26 03:06:12,Video
https://www.facebook.com/thmilk/videos/1725483734532029/,"TH true MILK LIGHT MEAL giúp cung cấp năng lượng sau những phút chơi thể thao mệt mỏi. Sản phẩm được làm từ hoàn toàn từ sữa tươi sạch của trang trại TH, kết hợp với yến mạch dạng hạt tạo trải nghiệm “nhai” thật đã.

 Ghé thăm hệ thống cửa hàng TH true mart toàn quốc và gian hàng online của TH trên các ứng dụng giao hàng, sàn thương mại điện tử để nhận ngay ưu đãi bạn nhé
► Danh sách cửa hàng toàn quốc: https://www.thmilk.vn/he-thong-cua-hang/
► Shopee: https://shopee.vn/th_truemart_officialstore
► Lazada: https://www.lazada.vn/shop/th-true-mart
► Tiki: https://tiki.vn/cua-hang/th-true-mart-official-store
► Grabmart: http://bit.ly/THtruemart-GrabMart
► ShopeeFood: https://bit.ly/THtruemart-ShopeeFood",296,39,15,2023-07-26 03:05:21,Video
https://www.facebook.com/thmilk/videos/592492973054697/,"Được làm hoàn toàn từ sữa tươi sạch của trang trại TH và yến mạch dạng hạt, TH true MILK LIGHT MEAL bổ sung dinh dưỡng cho bữa sáng lành mạnh của cả gia đình. 

 Ghé thăm hệ thống cửa hàng TH true mart toàn quốc và gian hàng online của TH trên các ứng dụng giao hàng, sàn thương mại điện tử để nhận ngay ưu đãi bạn nhé
► Danh sách cửa hàng toàn quốc: https://www.thmilk.vn/he-thong-cua-hang/
► Shopee: https://shopee.vn/th_truemart_officialstore
► Lazada: https://www.lazada.vn/shop/th-true-mart
► Tiki: https://tiki.vn/cua-hang/th-true-mart-official-store
► Grabmart: http://bit.ly/THtruemart-GrabMart
► ShopeeFood: https://bit.ly/THtruemart-ShopeeFood",1636,109,14,2023-07-26 03:01:37,Video
https://www.facebook.com/thmilk/posts/pfbid02Hmk3U7LXmssPoXFNsjhgedWuJ4CkRrwoM7Yus9Gf6Fvyw7Y1cVRFTfQFJqM8VMLal," MFMG – DƯỠNG CHẤT VÀNG HỖ TRỢ PHÁT TRIỂN NÃO BỘ CỦA TRẺ
Bạn biết không, MFGM hay màng cầu béo là thành phần quan trọng trong sữa mẹ. MFGM chứa hơn 150 protein và lipid, có tác dụng cải thiện khả năng nhận thức, kiểm soát hành vi và tăng cường hệ miễn dịch của trẻ.

Bộ sản phẩm dinh dưỡng công thức TH true FORMULA với bộ công thức độc quyền CARE ADVANCE bổ sung MFGM cùng DHA & ARA giúp phát triển não bộ một cách toàn diện.

Con thông minh, khỏe mạnh để nuôi dưỡng những ước mơ!

Ghé thăm các điểm bán lẻ, hệ thống cửa hàng TH true mart toàn quốc hoặc đặt hàng online ngay:
► Website chính thức về sản phẩm: https://formula.thmilk.vn/
► Website hệ thống TH true mart: https://www.thtruemart.vn/
► Ứng dụng: TH eLIFE
►Danh sách cửa hàng: https://www.thmilk.vn/he-thong-cua-hang/
► Shopee: https://bit.ly/THtrueFORMULA_SHP01
► Lazada: https://bit.ly/THtrueFORMULA-LZD
► Tiki: https://bit.ly/THtrueFORMULA_TIKI
► Grabmart: http://bit.ly/THtruemart-GrabMart
► ShopeeFood: https://bit.ly/THtruemart-ShopeeFood
► Baemin: http://bit.ly/THtruemart-Baemin
► Loship: https://bit.ly/THtruemart-Loship",179,29,14,2023-07-24 18:28:33,Photo
https://www.facebook.com/thmilk/posts/pfbid02suWAx5AyFpP1LPHUXJ9oXEVNRGBnoG4oMzFMuA1vcZjv9VNBEDGrNzd6LW2hzmyLl,"Chúc mừng các khách hàng đã trúng thưởng từ chương trình Quay số và chương trình Đổi thẻ Hè khám phá, Săn quà cực đã cùng TH TOPKID.

Sưu tầm thẻ Lớp học Mật Ngữ trong mỗi lốc Sữa chua uống tiệt trùng TH true YOGURT TOPKID hoặc Nước uống sữa trái cây TH true JUICE milk TOPKID để có cơ hội trúng những phần quà hấp dẫn. 

Nhập mã quay thưởng trên thẻ lên website https://quatangtopkid.thmilk.vn/ tham gia Chương trình Quay số để có cơ hội trúng:
 Bộ LEGO sáng tạo 
 Vali du lịch TH
 Thẻ điện thoại 50.000đ
 Thẻ điện thoại 10.000đ

Sưu tầm thẻ để tham gia ngay Chương trình Đổi thẻ:
☀️ 18 thẻ đổi 1 bộ đồ dùng học tập TH 
☀️ 24 thẻ đổi 1 bình nước TH 
☀️ 36 thẻ đổi 1 balo du lịch TH 
Thời hạn đổi quà đến hết 15/09/2023.

Ghé thăm hệ thống siêu thị toàn quốc, hệ thống cửa hàng TH true mart hoặc đặt hàng online ngay:
► Website: https://www.thtruemart.vn/
► Danh sách cửa hàng: https://www.thmilk.vn/he-thong-cua-hang/",159,32,6,2023-07-23 09:55:30,unknown
https://www.facebook.com/thmilk/posts/pfbid0ZpsNjH7AV6zCFB1MDy9QwcL13K8hstUm2sYwhQXY9TguH2cJJXJsW9tdzd2VDbgNl,"CHÚC MỪNG CÁC KHÁCH HÀNG MAY MẮN ĐÃ TRÚNG GIẢI ĐUA TOP TUẦN 7 (13/07 - 19/07)

TH true YOGURT chúc mừng các Khách hàng may mắn đã trúng giải đua TOP Tuần 7(13/07-19/07), trong đó 10 Khách hàng có số điểm cao nhất Bảng xếp hạng 100 theo danh sách dưới đây 

Phan Văn Đại - 17384 điểm
Hong Nhung Nguyen - 16404 điểm
Sinh Venn - 9978 điểm
Trần Đức Tâm - 7062 điểm
Back - 6502 điểm
Thái - 5810 điểm
Hằng Sâu - 5714 điểm
Zoro - 5497 điểm
Thuan Huy Hoang - 5439 điểm
Phương Cr - 5100 điểm

Hãy cùng TH true YOGURT tích lũy điểm để lọt vào Bảng Xếp Hạng TOP 100 và nhận ngay 1 cặp CGV 2D mỗi tuần khi tham gia chương trình ""Vui hè chất, trúng hơn 70.000 quà tặng"". 

Danh sách Top 100 khách hàng trúng giải “Đua TOP nhận thưởng” sẽ được cập nhận trên trang quatangyogurt.thmilk.vn vào 20:00 giờ thứ 5 hàng tuần.",138,2,0,2023-07-22 01:22:26,Photo
https://www.facebook.com/thmilk/posts/pfbid0nPJRUJq2YsfWf8KnhigaAm1zCRkqNJbD9HvMi5YDgqeBjyda5zo2up7Nke79e3Wnl,Chào mừng Bộ Sản Phẩm Thực Phẩm Chế Biến TH true FOOD mới ra mắt.,1089,167,47,2023-07-20 16:49:23,unknown
https://www.facebook.com/thmilk/videos/4957822044341811/,"Sản Phẩm Dinh Dưỡng Công Thức Từ Sữa Tươi TH true FORMULA chính thức ra mắt đầu tiên tại thị trường Việt Nam. Mang lại nguồn dinh dưỡng vàng cho trẻ phát triển toàn diện, sản phẩm được làm hoàn toàn từ sữa tươi sạch của trang tại TH kết hợp cùng bộ công thức độc quyền CARE ADVANCE mang lại công dụng:
· Hỗ trợ phát triển não bộ: MFGM, DHA, ARA
· Tăng cường sức đề kháng: HMO (2’ -FL), Nucleotid, Vitamin và khoáng chất
· Hỗ trợ tiêu hóa và hấp thu: Prebiotic (GOS, FOS)

Ghé thăm các điểm bán lẻ, hệ thống cửa hàng TH true mart toàn quốc hoặc đặt hàng online ngay:
► Website chính thức về sản phẩm: https://formula.thmilk.vn/
► Website hệ thống TH true mart: https://www.thtruemart.vn/
► Ứng dụng: TH eLIFE
►Danh sách cửa hàng: https://www.thmilk.vn/he-thong-cua-hang/
► Shopee: https://bit.ly/THtrueFORMULA_SHP01
► Lazada: https://bit.ly/THtrueFORMULA-LZD
► Tiki: https://bit.ly/THtrueFORMULA_TIKI
► Grabmart: http://bit.ly/THtruemart-GrabMart
► ShopeeFood: https://bit.ly/THtruemart-ShopeeFood
► Baemin: http://bit.ly/THtruemart-Baemin
► Loship: https://bit.ly/THtruemart-Loship",533,92,70,2023-07-19 08:16:20,Video
https://www.facebook.com/thmilk/videos/6502682663159415/,"Nhận ngay 1 sản phẩm cùng loại khi mua 8 sản phẩm Sữa Chua Ăn TH true YOGURT bất kỳ từ 15/7 - 15/9/2023.
Đến ngay các điểm bán để tận hưởng ưu đãi hấp dẫn từ TH true YOGURT!

► Danh sách cửa hàng TH true mart: https://www.thmilk.vn/he-thong-cua-hang/
► Website: https://www.thtruemart.vn/.../loc-sua-chua-an-tao-so-ri...
► Grabmart: http://bit.ly/THtruemart-GrabMart
► ShopeeFood: https://bit.ly/THtruemart-ShopeeFood
► Baemin: http://bit.ly/THtruemart-Baemin
► Loship: https://bit.ly/THtruemart-Loship",826,35,11,2023-07-14 14:24:14,Video
https://www.facebook.com/thmilk/posts/pfbid02omZzN3fDU4ZVp4xs7S5H1TzJ7VnJGTK7drdyZt6om5VZhog81PT5QfPMQBdwjTuLl,"Nhận ngay 1 sản phẩm cùng loại khi mua 8 sản phẩm Sữa Chua Ăn TH true YOGURT bất kỳ từ 15/7 - 15/9/2023.
Đến ngay các điểm bán để tận hưởng ưu đãi hấp dẫn từ TH true YOGURT!

► Danh sách cửa hàng TH true mart: https://www.thmilk.vn/he-thong-cua-hang/
► Website: https://www.thtruemart.vn/.../loc-sua-chua-an-tao-so-ri...
► Grabmart: http://bit.ly/THtruemart-GrabMart
► ShopeeFood: https://bit.ly/THtruemart-ShopeeFood
► Baemin: http://bit.ly/THtruemart-Baemin
► Loship: https://bit.ly/THtruemart-Loship",366,15,1,2023-07-13 13:33:08,Photo
https://www.facebook.com/thmilk/posts/pfbid0RgyMdYtzzqdcKvoizpixA3B3RpNnue3YDmkpqGLJe2GX2a9GSNZG1x4eLxtBZwvMl,"Nhận ngay 1 sản phẩm cùng loại khi mua 8 sản phẩm Sữa Chua Ăn TH true YOGURT bất kỳ từ 15/7 - 15/9/2023.
Đến ngay các điểm bán để tận hưởng ưu đãi hấp dẫn từ TH true YOGURT!

► Danh sách cửa hàng TH true mart: https://www.thmilk.vn/he-thong-cua-hang/
► Website: https://www.thtruemart.vn/.../loc-sua-chua-an-tao-so-ri...
► Grabmart: http://bit.ly/THtruemart-GrabMart
► ShopeeFood: https://bit.ly/THtruemart-ShopeeFood
► Baemin: http://bit.ly/THtruemart-Baemin
► Loship: https://bit.ly/THtruemart-Loship",1314,80,10,2023-07-12 12:42:03,Photo
https://www.facebook.com/thmilk/posts/pfbid0RHAXcc1ETEWvrwRhaHgzikkavYui1dHB1CGXQ9gUMT3Nxnt3cwA79kK6pw43re4Bl,"Nhận ngay 1 sản phẩm cùng loại khi mua 8 sản phẩm Sữa Chua Ăn TH true YOGURT bất kỳ từ 15/7 - 15/9/2023.
Đến ngay các điểm bán để tận hưởng ưu đãi hấp dẫn từ TH true YOGURT!

► Danh sách cửa hàng TH true mart: https://www.thmilk.vn/he-thong-cua-hang/
► Website: https://www.thtruemart.vn/.../loc-sua-chua-an-tao-so-ri...
► Grabmart: http://bit.ly/THtruemart-GrabMart
► ShopeeFood: https://bit.ly/THtruemart-ShopeeFood
► Baemin: http://bit.ly/THtruemart-Baemin
► Loship: https://bit.ly/THtruemart-Loship",401,19,1,2023-07-11 11:50:58,Photo
https://www.facebook.com/thmilk/posts/pfbid0gxSwQnHgDd9MyTTqwYHdBjtUXy15tYiBHHSEdDKEPe3P1MwdDqHHvwwsCe9WgBMJl,"Nhận ngay 1 sản phẩm Sữa Uống 18 Tỷ Lợi Khuẩn hương bất kỳ khi mua 3 sản phẩm Sữa Chua Xoài - Hạt Chia Tự Nhiên & Sữa Chua Nếp Cẩm Tự Nhiên TH true YOGURT từ 15/7 - 15/9/2023.

Đến ngay các điểm bán để tận hưởng ưu đãi hấp dẫn từ TH true YOGURT!

► Danh sách cửa hàng TH true mart: https://www.thmilk.vn/he-thong-cua-hang/
► Website: https://www.thtruemart.vn/.../loc-sua-chua-an-tao-so-ri...
► Grabmart: http://bit.ly/THtruemart-GrabMart
► ShopeeFood: https://bit.ly/THtruemart-ShopeeFood
► Baemin: http://bit.ly/THtruemart-Baemin
► Loship: https://bit.ly/THtruemart-Loship",4014,256,28,2023-07-10 10:59:53,Photo
https://www.facebook.com/thmilk/posts/pfbid031akeeME8DcyPSCTgy9x5vBruitCdQz1eM7JVGYasX77ZPLB6Sw2AWVYKefrLAfnrl,"Nhận ngay 1 sản phẩm cùng loại khi mua 4 sản phẩm Sữa Uống Lên Men TH true YOGURT PROBIOTICS bất kỳ từ 15/7 - 15/9/2023

Bảo vệ sức khoẻ cả gia đình với Sữa Uống Lên Men TH true YOGURT PROBIOTICS, được làm từ sữa tươi trang trại TH cùng hàm lượng lợi khuẩn cao khoảng 18 tỷ lợi khuẩn/ chai - 72 tỷ lợi khuẩn/ lốc giúp hỗ trợ tăng cường đề kháng và sức khoẻ đường ruột, cho gia đình vui khoẻ mỗi ngày.

Đến ngay các điểm bán để tận hưởng ưu đãi hấp dẫn từ TH true YOGURT!

► Danh sách cửa hàng TH true mart: https://www.thmilk.vn/he-thong-cua-hang/
► Website: https://www.thtruemart.vn/.../loc-sua-chua-an-tao-so-ri...
► Grabmart: http://bit.ly/THtruemart-GrabMart
► ShopeeFood: https://bit.ly/THtruemart-ShopeeFood
► Baemin: http://bit.ly/THtruemart-Baemin
► Loship: https://bit.ly/THtruemart-Loship",391,53,8,2023-07-09 10:08:48,Photo
https://www.facebook.com/thmilk/posts/pfbid02zR9ngu3dZStunCKvaMZgWcjR4GFkJ8zNqrVqACAEMjUAxZCZtPziAqxMjtssWYJQl,"Nhận ngay 1 sản phẩm cùng loại khi mua 8 sản phẩm Sữa Chua Ăn, Sữa Chua Ăn TOPKID, Sữa Chua Uống TOPKID, Sữa Chua Uống Men Sống, Sữa Chua Uống Thanh Trùng TH true YOGURT bất kỳ từ 15/7 - 15/9/2023.

Đến ngay các điểm bán để tận hưởng ưu đãi hấp dẫn từ TH true YOGURT!

► Danh sách cửa hàng TH true mart: https://www.thmilk.vn/he-thong-cua-hang/
► Website: https://www.thtruemart.vn/.../loc-sua-chua-an-tao-so-ri...
► Grabmart: http://bit.ly/THtruemart-GrabMart
► ShopeeFood: https://bit.ly/THtruemart-ShopeeFood
► Baemin: http://bit.ly/THtruemart-Baemin
► Loship: https://bit.ly/THtruemart-Loship",102,4,4,2023-07-08 09:17:43,Photo
https://www.facebook.com/thmilk/posts/pfbid02KbZsQVg9Myvw1GexojqzudKJcEVNL2ZbcL4767Hx6GcKYCge7CbJQNP497vxxAdUl,"Chúc mừng các khách hàng đã trúng thưởng từ chương trình Quay số và chương trình Đổi thẻ Hè khám phá, Săn quà cực đã cùng TH TOPKID.

Sưu tầm thẻ Lớp học Mật Ngữ trong mỗi lốc Sữa chua uống tiệt trùng TH true YOGURT TOPKID hoặc Nước uống sữa trái cây TH true JUICE milk TOPKID để có cơ hội trúng những phần quà hấp dẫn. 

Nhập mã quay thưởng trên thẻ lên website https://quatangtopkid.thmilk.vn/ tham gia Chương trình Quay số để có cơ hội trúng:
 Bộ LEGO sáng tạo 
 Vali du lịch TH
 Thẻ điện thoại 50.000đ
 Thẻ điện thoại 10.000đ

Sưu tầm thẻ để tham gia ngay Chương trình Đổi thẻ:
☀️ 18 thẻ đổi 1 bộ đồ dùng học tập TH 
☀️ 24 thẻ đổi 1 bình nước TH 
☀️ 36 thẻ đổi 1 balo du lịch TH 
Thời hạn đổi quà đến hết 15/09/2023.

Ghé thăm hệ thống siêu thị toàn quốc, hệ thống cửa hàng TH true mart hoặc đặt hàng online ngay:
► Website: https://www.thtruemart.vn/
► Danh sách cửa hàng: https://www.thmilk.vn/he-thong-cua-hang/",197,32,7,2023-07-07 08:26:38,unknown
https://www.facebook.com/thmilk/posts/pfbid03MQuRJUbka5VVL6ikU7t7Rei824E96JKzAznSCQfRyAguPYm7Lx142rPRLiDMQV5l," Chúc mừng những khách hàng may mắn đã rinh về tai nghe Sony WH-1000XM5 từ chương trình ""Vui hè chất, trúng hơn 70.000 quà tặng"" của TH true YOGURT

Đừng bỏ lỡ cơ hội trở thành khách hàng may mắn tiếp theo sở hữu tai nghe Sony WH-1000XM5 cùng TH true YOGURT chỉ với ba bước đơn giản:

1️⃣ Bước 1: Quét mã QR trên thẻ dự thưởng hoặc truy cập quatangyogurt.thmilk.vn
2️⃣ Bước 2: Nhập thông tin và mã số trên thẻ dự thưởng
3️⃣ Bước 3: Tham gia thử thách 

Đặt hàng ngay tại:
► Grabmart: http://bit.ly/THtruemart-GrabMart
► ShopeeFood: https://bit.ly/THtruemart-ShopeeFood
► Baemin: http://bit.ly/THtruemart-Baemin
► Loship: https://bit.ly/THtruemart-Loship",163,27,3,2023-07-06 07:35:33,unknown
https://www.facebook.com/thmilk/posts/pfbid02e2JDXoWePX6VszJUBxQoEGaEcKuJQrLEPfs9Xz7upNvzGPtMw1HpRdnMYCuMseknl,"Trang trại bò sữa của Tập đoàn TH tại Nghệ An đang có dự án phát triển năng lượng mặt trời tại 5 trang trại được đầu tư lắp đặt và đã hòa lưới điện quốc gia trước ngày 31/12/2020. Sau 3 năm vận hành, hệ thống pin năng lượng mặt trời tại đây đã và đang mang lại nhiều lợi ích về giá trị kinh tế, bảo vệ môi trường, góp phần giảm tải hiệu quả cho lưới điện quốc gia. Những mái nhà của trang trại bò sữa TH true MILK trở thành nơi sản xuất điện năng lượng mặt trời lớn nhất của tỉnh Nghệ An, mang lại nhiều lợi ích trên hành trình ""Trân quý mẹ Thiên nhiên"" của thương hiệu.",234,12,14,2023-07-05 06:44:28,GenericAttachmentMedia
https://www.facebook.com/thmilk/posts/pfbid02h4tbXWvDZe2jH6DHMjpSCugBX3r4cHHYumyNeqLdwwxbnNUCQhCftNXYTYtGFZSKl,"Bên cạnh bộ 3 nhân vật mới ra mắt của sản phẩm TH true CHOCOMALT MISTORI, những Kỳ thú huyền bí trên Tinh Cầu Chocomalt cũng nhận được sự quan tâm của các bạn nhỏ. Cùng TH true CHOCOMALT MISTORI tìm hiểu về Bộ Kỳ thú này nhé.  

Sữa cacao lúa mạch TH true CHOCOMALT MISTORI được làm hoàn toàn từ sữa tươi sạch nguyên chất của trang trại TH kết hợp với chiết xuất lúa mạch và cacao tự nhiên. Sản phẩm bổ sung bộ vi chất tốt cho sự phát triển của trẻ:
✨ Vitamin B6, B12 và Acid Folic giúp phát triển não bộ
✨ Calci hỗ trợ tăng chiều cao

Đặt mua TH true CHOCOMALT MISTORI ngay hôm nay! 
---
► Website: https://www.thtruemart.vn/
► Danh sách cửa hàng: https://www.thmilk.vn/he-thong-cua-hang/",172,7,7,2023-07-04 05:53:23,unknown
https://www.facebook.com/thmilk/posts/pfbid02jhg853nvMF6uz9eMMfmpGJ3gTwJVodHDfNxB8uGw7jFHa3KknnjtVggSPcPBrSzZl,"Trọn vị mùa hè với chương trình khuyến mãi của kem TH true ICE CREAM tại các hệ thống siêu thị: Từ ngày 1-31/7, nhận ngay 1 TÚI GIỮ NHIỆT khi mua 5 kem que 52 g/ 4 kem hộp 50 g/ 4 kem ốc quế/ 3 kem hộp 180 g/ 4 kem sandwich.

Được làm hoàn toàn từ sữa tươi sạch của trang trại TH, kem TH true ICE CREAM có kết cấu mềm mịn, giữ trọn các dưỡng chất có trong sữa tươi. Sản phẩm kết hợp cùng các nguyên liệu tự nhiên mang đến vị ngon thật sự thiên nhiên. Cùng thưởng thức kem ngon TH true ICE CREAM - trọn vị mùa hè bạn nhé! 

 Chương trình được áp dụng tại hệ thống các siêu thị có tên trong danh sách. Quà tặng có hạn, chương trình có thể kết thúc trước thời gian dự kiến.  
 Chương trình không áp dụng đồng thời với các chương trình khuyến mãi khác tại siêu thị trên toàn quốc

Cùng ghé siêu thị gần bạn nhất để không bỏ lỡ các ưu đãi nhé!",708,129,13,2023-07-03 05:02:18,unknown
https://www.facebook.com/thmilk/videos/784482226466900/," HƯỚNG DẪN THAM GIA CHƯƠNG TRÌNH ""VUI HÈ CHẤT, TRÚNG HƠN 70.000 QUÀ TẶNG''

Nhận ngay thử thách của TH true YOGURT để có cơ hội trúng hơn 70.000 quà chất chỉ với các bước vô cùng đơn giản như dưới đây

Chi tiết chương trình xem tại: https://quatangyogurt.thmilk.vn  

Đặt hàng ngay tại:
► Grabmart: http://bit.ly/THtruemart-GrabMart
► ShopeeFood: https://bit.ly/THtruemart-ShopeeFood
► Baemin: http://bit.ly/THtruemart-Baemin
► Loship: https://bit.ly/THtruemart-Loship",141,4,8,2023-07-02 04:11:13,Video
https://www.facebook.com/thmilk/posts/pfbid0pjGV4dUSNPh9eg81xNHG2tK2GFtbqNDCZcLk4WhyCcrBjh3RwPxAFQzKCF34mzw5l,"Dinh dưỡng vẹn tròn cho cả gia đình với chương trình khuyến mại dành cho các sản phẩm sữa của TH từ 1/7 tới hết 31/7/2023: Mua 8 tặng 1 cho sữa tươi tiệt trùng bổ sung ngũ cốc TH true MILK LIGHT MEAL. 
 Ghé thăm hệ thống cửa hàng TH true mart toàn quốc và gian hàng online của TH trên các ứng dụng giao hàng, sàn thương mại điện tử để nhận ngay ưu đãi bạn nhé
► Danh sách cửa hàng toàn quốc: https://www.thmilk.vn/he-thong-cua-hang/
► Shopee: https://shopee.vn/th_truemart_officialstore
► Lazada: https://www.lazada.vn/shop/th-true-mart
► Tiki: https://tiki.vn/cua-hang/th-true-mart-official-store
► Grabmart: http://bit.ly/THtruemart-GrabMart
► ShopeeFood: https://bit.ly/THtruemart-ShopeeFood
► Baemin: http://bit.ly/THtruemart-Baemin",127,32,8,2023-07-01 08:44:44,Photo
https://www.facebook.com/thmilk/posts/pfbid02zQPT1UmD4WQ3kpM2kma6pXtpwkZ1bSs5f4aLBsHvCc2apbBVppmdpXEjVUbmLGTal,"Thỏa sức chế biến vạn món ngon với bơ lạt tự nhiên TH true BUTTER ☀️
Từ ngày 01-31/7, ghé ngay cửa hàng TH true mart để nhận 1 hộp sữa tươi Thanh trùng TH true MILK 450ml khi mua 2 bơ lạt tự nhiên TH true BUTTER 200g bạn nhé!

Với quá trình lên men tự nhiên, bơ TH true BUTTER được làm hoàn toàn bằng chất béo của sữa tươi sạch nguyên chất từ Trang trại TH. Sản phẩm là sự lựa chọn lý tưởng để giúp món ăn của bạn tăng thêm hương vị đấy 

Hệ thống cửa hàng trên toàn quốc: https://www.thmilk.vn/he-thong-cua-hang/ với quá trình lên men tự nhiên",138,13,3,2023-06-30 13:18:15,Photo
https://www.facebook.com/thmilk/posts/pfbid02Rq42VKrAGPByse6F6C1WLDFNfsytbDYVZSeGJm12wag8DEXqTpfLcTSzcoaHgtRal,"Dinh dưỡng vẹn tròn cho cả gia đình với chương trình khuyến mại  từ 1/7 tới hết 31/7/2023: Mua 8 tặng 1 sữa tiệt trùng TH true MILK HILO giàu canxi, ít béo, không lactose. 
 Ghé thăm hệ thống cửa hàng TH true mart toàn quốc và gian hàng online của TH trên các ứng dụng giao hàng, sàn thương mại điện tử để nhận ngay ưu đãi bạn nhé
► Danh sách cửa hàng toàn quốc: https://www.thmilk.vn/he-thong-cua-hang/
► Shopee: https://shopee.vn/th_truemart_officialstore
► Lazada: https://www.lazada.vn/shop/th-true-mart
► Tiki: https://tiki.vn/cua-hang/th-true-mart-official-store
► Grabmart: http://bit.ly/THtruemart-GrabMart
► ShopeeFood: https://bit.ly/THtruemart-ShopeeFood
► Baemin: http://bit.ly/THtruemart-Baemin",171,117,6,2023-06-29 17:51:46,Photo
https://www.facebook.com/thmilk/posts/pfbid031HPYDMs4SwZ1FnxDSPieimsepdLNAsCfhZnLb7ekrEpaJEJTFNqc5bFYeQdoDkNHl,"Dinh dưỡng vẹn tròn cho cả gia đình với chương trình khuyến mại dành cho các sản phẩm sữa của TH từ 1/7 tới hết 31/7/2023: Mua 8 tặng 1, áp dụng cho sữa tươi tiệt trùng bổ sung ngũ cốc TH true MILK LIGHT MEAL và sữa tiệt trùng TH true MILK HILO

 Ghé thăm hệ thống cửa hàng TH true mart toàn quốc và gian hàng online của TH trên các ứng dụng giao hàng, sàn thương mại điện tử để nhận ngay ưu đãi bạn nhé
► Danh sách cửa hàng toàn quốc: https://www.thmilk.vn/he-thong-cua-hang/
► Shopee: https://shopee.vn/th_truemart_officialstore
► Lazada: https://www.lazada.vn/shop/th-true-mart
► Tiki: https://tiki.vn/cua-hang/th-true-mart-official-store
► Grabmart: http://bit.ly/THtruemart-GrabMart
► ShopeeFood: https://bit.ly/THtruemart-ShopeeFood
► Baemin: http://bit.ly/THtruemart-Baemin Ẩn bớt",118,24,3,2023-06-28 22:25:17,Photo
https://www.facebook.com/thmilk/posts/pfbid0284KyaYfEKF6qi91nNBBbW2tqzwN2LmFRmQAd5o7FnL7MCDML6jNFVegzBCTAWJRcl,"Chúc mừng các khách hàng đã trúng thưởng Bộ LEGO sáng tạo từ chương trình Quay số Hè khám phá, Săn quà cực đã cùng TH TOPKID 

Sưu tầm thẻ Lớp học Mật Ngữ trong mỗi lốc Sữa chua uống tiệt trùng TH true YOGURT TOPKID hoặc Nước uống sữa trái cây TH true JUICE milk TOPKID để có cơ hội trúng những phần quà sau:

 Bộ LEGO sáng tạo 
 Vali du lịch TH
 Thẻ điện thoại 50.000đ
 Thẻ điện thoại 10.000đ

Chi tiết chương trình xem tại: https://quatangtopkid.thmilk.vn/ 
Ghé thăm hệ thống siêu thị toàn quốc, hệ thống cửa hàng TH true mart hoặc đặt hàng online ngay:
► Website: https://www.thtruemart.vn/
► Danh sách cửa hàng: https://www.thmilk.vn/he-thong-cua-hang/",140,36,8,2023-06-28 02:58:48,unknown
https://www.facebook.com/thmilk/posts/pfbid02djUkabHMRGchQ8ze2m3tBirBTGkRGKp5WATHBPc8jMurC5NKHtxW2RuVJ7qBoghMl,"Chúc mừng ngày Gia đình Việt Nam. Chúc bạn có một ngày lễ hạnh phúc, vui vẻ và ấm áp bên gia đình ♥️",175,3,6,2023-06-27 07:32:19,Photo
https://www.facebook.com/thmilk/videos/221218177447721/,"VUI HÈ CHẤT TRÚNG HƠN 70.000 QUÀ TẶNG CÙNG SỮA CHUA UỐNG TIỆT TRÙNG TH true YOGURT
 Giải thưởng “Săn quà chất”
✨ 35.000 Giải thẻ nạp điện thoại mệnh giá 20.000 đồng
✨ 35.000 Giải thẻ nạp esport Garena mệnh giá 20.000 đồng
✨ 50 Giải Tai nghe Sony WH – 1000XM5 
✨ 10 Giải iPad Air 5 2022 10.9 inch M1 WiFi 5G 256GB (kèm Apple Pencil 2)
 Giải thưởng “Đua TOP nhận thưởng”
 1.300 Cặp voucher đổi vé xem phim CGV 2D 

Quét QR code ở mặt trước thẻ để tham gia xác định trúng thưởng trên ứng dụng Zalo tại địa chỉ https://quatangyogurt.thmilk.vn và có cơ hội trúng hơn 70.000 phần quà chất từ TH.

Đặt hàng ngay tại:
► Website: https://www.thtruemart.vn/
► Danh sách cửa hàng: https://www.thmilk.vn/he-thong-cua-hang/
► Grabmart: http://bit.ly/THtruemart-GrabMart
► ShopeeFood: https://bit.ly/THtruemart-ShopeeFood
► Baemin: http://bit.ly/THtruemart-Baemin
► Loship: https://bit.ly/THtruemart-Loship",129,19,4,2023-06-26 12:05:51,Video
https://www.facebook.com/thmilk/videos/279968174434775/,"VUI HÈ CHẤT TRÚNG HƠN 70.000 QUÀ TẶNG CÙNG SỮA CHUA UỐNG TIỆT TRÙNG TH true YOGURT

 Giải thưởng “Săn quà chất”
✨ 35.000 Giải thẻ nạp điện thoại mệnh giá 20.000 đồng
✨ 35.000 Giải thẻ nạp esport Garena mệnh giá 20.000 đồng
✨ 50 Giải Tai nghe Sony WH – 1000XM5 
✨ 10 Giải iPad Air 5 2022 10.9 inch M1 WiFi 5G 256GB (kèm Apple Pencil 2)
 Giải thưởng “Đua TOP nhận thưởng”
 1.300 Cặp voucher đổi vé xem phim CGV 2D 

Quét QR code ở mặt trước thẻ để tham gia xác định trúng thưởng trên ứng dụng Zalo tại địa chỉ https://quatangyogurt.thmilk.vn và có cơ hội trúng hơn 70.000 phần quà chất từ TH.

Đặt hàng ngay tại:
► Website: https://www.thtruemart.vn/
► Danh sách cửa hàng: https://www.thmilk.vn/he-thong-cua-hang/
► Grabmart: http://bit.ly/THtruemart-GrabMart
► ShopeeFood: https://bit.ly/THtruemart-ShopeeFood
► Baemin: http://bit.ly/THtruemart-Baemin
► Loship: https://bit.ly/THtruemart-Loship",117,11,5,2023-06-26 11:57:44,Video
https://www.facebook.com/thmilk/videos/4349688231922335/,"Trọn vị mùa hè cùng kem TH true ICE CREAM với những khuyến mại hấp dẫn: Từ ngày 9/6 - 31/7, TH true ICE CREAM tặng bạn 1 TÚI GIỮ NHIỆT CỰC XINH khi mua từ 9 kem hộp 50 G/ 4 kem hộp 180 G/ 9 kem ốc quế/ 9 kem que 52 G/ 9 kem sandwich.

Được làm hoàn toàn từ sữa tươi sạch của trang trại TH, kem TH true ICE CREAM có kết cấu mềm mịn, giữ trọn các dưỡng chất có trong sữa tươi. Sản phẩm kết hợp cùng các nguyên liệu tự nhiên mang đến vị ngon thật sự thiên nhiên. Cùng thưởng thức kem ngon TH true ICE CREAM - trọn vị mùa hè bạn nhé!

 Chương trình áp dụng khi mua hàng trực tiếp tại cửa hàng TH true mart. Quà tặng có hạn, chương trình có thể kết thúc trước thời gian dự kiến.
 Ghé ngay cửa hàng gần nhất để không bỏ lỡ các ưu đãi bạn nhé!
✨ Tìm cửa hàng TH true mart gần bạn nhất tại: https://www.thmilk.vn/he-thong-cua-hang/",85,10,20,2023-06-26 03:50:29,Video
https://www.facebook.com/thmilk/videos/205684412008042/,"Trọn vị mùa hè cùng kem TH true ICE CREAM với những khuyến mại hấp dẫn: Từ ngày 9/6 - 31/7, TH true ICE CREAM tặng bạn 1 TÚI GIỮ NHIỆT CỰC XINH khi mua từ 9 kem hộp 50 G/ 4 kem hộp 180 G/ 9 kem ốc quế/ 9 kem que 52 G/ 9 kem sandwich.

Được làm hoàn toàn từ sữa tươi sạch của trang trại TH, kem TH true ICE CREAM có kết cấu mềm mịn, giữ trọn các dưỡng chất có trong sữa tươi. Sản phẩm kết hợp cùng các nguyên liệu tự nhiên mang đến vị ngon thật sự thiên nhiên. Cùng thưởng thức kem ngon TH true ICE CREAM - trọn vị mùa hè bạn nhé!

 Chương trình áp dụng khi mua hàng trực tiếp tại cửa hàng TH true mart. Quà tặng có hạn, chương trình có thể kết thúc trước thời gian dự kiến.
 Ghé ngay cửa hàng gần nhất để không bỏ lỡ các ưu đãi bạn nhé!
✨ Tìm cửa hàng TH true mart gần bạn nhất tại: https://www.thmilk.vn/he-thong-cua-hang/",70,3,4,2023-06-26 03:48:36,Video
https://www.facebook.com/thmilk/posts/pfbid02iWyvHa4gQUS7XjYnAstvpskjqBKwsW5mehKYN5BahRUxFQbjcqUFUH9rYGw8Gpnal,"Chúc mừng các khách hàng đã đổi thẻ thành công từ chương trình Hè khám phá, Săn quà cực đã cùng TH TOPKID.

Sưu tầm thẻ Lớp học Mật Ngữ trong mỗi lốc Sữa chua uống tiệt trùng TH true YOGURT TOPKID hoặc Nước uống sữa trái cây TH true JUICE milk TOPKID để có cơ hội đổi những phần quà hấp dẫn. 

 18 thẻ đổi 1 bộ đồ dùng học tập TH
 24 thẻ đổi 1 bình nước TH
 36 thẻ đổi 1 balo du lịch TH

Chi tiết chương trình xem tại: https://quatangtopkid.thmilk.vn/ 
Ghé thăm hệ thống siêu thị toàn quốc, hệ thống cửa hàng TH true mart hoặc đặt hàng online ngay:
► Website: https://www.thtruemart.vn/
► Danh sách cửa hàng: https://www.thmilk.vn/he-thong-cua-hang/",107,20,7,2023-06-24 19:10:30,unknown
https://www.facebook.com/thmilk/posts/pfbid02eGvzpxeSnpFPHLqhBqyDB4x9jYR3aFxvihCS1nph4AXBsKUUeVXamvp5HHZ7uekPl," MUA SỮA CHUA UỐNG TIỆT TRÙNG TH true YOGURT, RINH NGAY IPAD AIR 5 2022 10.9 INCH M1 WIFI 5G 256GB (KÈM APPLE PENCIL 2)

Vậy là 01 chiếc Ipad Air 5 2022 10.9 inch M1 WiFi 5G 256GB (kèm Apple Pencil 2) đầu tiên đã tìm thấy chủ nhân may mắn của mình trong chương trình ""Vui hè chất, trúng hơn 70.000 quà tặng"" cùng TH true YOGURT

Vẫn còn 09 chiếc Ipad Air 5 (kèm Apple Pencil 2) cùng hàng chục ngàn phần quà hấp dẫn khác đang chờ bạn tham gia thử thách và ""Săn quà chất"" cùng TH true YOGURT.

Hãy mua sữa chua uống tiệt trùng TH true YOGURT để nhận ngay hơn 70.000 quà chất tại https://quatangyogurt.thmilk.vn/

Đặt hàng ngay tại:
► Grabmart: http://bit.ly/THtruemart-GrabMart
► ShopeeFood: https://bit.ly/THtruemart-ShopeeFood
► Baemin: http://bit.ly/THtruemart-Baemin
► Loship: https://bit.ly/THtruemart-Loship",82,13,4,2023-06-23 10:32:25,Photo
https://www.facebook.com/thmilk/posts/pfbid02KHz6D6oXjYMC5HNqvpLhoMbcuwj7AooLHaiXqZ2uKFWosu8itCKM1MTuJZJYAVnRl,"Sữa Cacao Lúa Mạch TH true CHOCOMALT MISTORI mới ra mắt với bộ 3 nhân vật được các bạn nhỏ vô cùng yêu thích. Cùng TH true CHOCOMALT MISTORI tìm hiểu về bộ 3 nhân vật này và đón chờ câu chuyện về những cuộc phiêu lưu của họ nhé.  

Sữa Cacao Lúa mạch TH true CHOCOMALT MISTORI bổ sung bộ vi chất tốt cho sự phát triển của trẻ:
✨ Vitamin B6, B12 và Acid Folic giúp phát triển não bộ
✨ Calci hỗ trợ tăng chiều cao

Đặt mua TH true CHOCOMALT MISTORI ngay hôm nay! 
---
► Website: https://www.thtruemart.vn/
► Danh sách cửa hàng: https://www.thmilk.vn/he-thong-cua-hang/",148,25,16,2023-06-22 01:54:20,unknown
https://www.facebook.com/thmilk/posts/pfbid06qZUzSVSAMW4QUu8FGHqhNhGFn2x9wS1vAbBXLHpB1LGicapadwhcSX3svQhMGW3l,"Còn gì tuyệt vời hơn khi được nhâm nhi cây kem mát lạnh dưới cái nắng gắt của mùa hè này nhỉ! Kem TH true ICE CREAM được làm từ sữa tươi sạch của trang trại TH mang đến cho bạn vị ngọt thanh mát giúp giải nhiệt cực kỳ hiệu quả đấy . Cùng rủ bạn bè nhâm nhi kem ngon và rinh ngay 1 túi giữ nhiệt cực xinh bởi TH true ICE CREAM đang có Chương trình khuyến mại ""Mua kem tặng túi"" đấy! 

✨ Xem thêm về CTKM tại: https://bit.ly/CTKM-TH-true-ICE-CREAM",123,14,4,2023-06-20 17:16:15,Photo
https://www.facebook.com/thmilk/posts/pfbid0sKydu5NKgLdGnLbRLBRD5qf9Ji5nxPDBPWBk72whJ4zHnpvCV8JGx4qdmMPNYHgUl,"VUI HÈ CHẤT TRÚNG HƠN 70.000 QUÀ TẶNG CÙNG SỮA CHUA UỐNG TIỆT TRÙNG TH true YOGURT

 Giải thưởng “Săn quà chất”
✨ 35.000 Giải thẻ nạp điện thoại mệnh giá 20.000 đồng
✨ 35.000 Giải thẻ nạp esport Garena mệnh giá 20.000 đồng
✨ 50 Giải Tai nghe Sony WH – 1000XM5 
✨ 10 Giải iPad Air 5 2022 10.9 inch M1 WiFi 5G 256GB (kèm Apple Pencil 2)
 Giải thưởng “Đua TOP nhận thưởng”
 1.300 Cặp voucher đổi vé xem phim CGV 2D 

Quét QR code ở mặt trước thẻ để tham gia xác định trúng thưởng trên ứng dụng Zalo tại địa chỉ https://quatangyogurt.thmilk.vn và có cơ hội trúng hơn 70.000 phần quà chất từ TH.

Đặt hàng ngay tại:
► Website: https://www.thtruemart.vn/
► Danh sách cửa hàng: https://www.thmilk.vn/he-thong-cua-hang/
► Grabmart: http://bit.ly/THtruemart-GrabMart
► ShopeeFood: https://bit.ly/THtruemart-ShopeeFood
► Baemin: http://bit.ly/THtruemart-Baemin
► Loship: https://bit.ly/THtruemart-Loship",161,17,6,2023-06-19 08:38:10,Photo
https://www.facebook.com/thmilk/posts/pfbid035Zx9Ude7RCMTuYJ8ydy3shT6sTcRi62gWc8DkiCQoFuMVLj4Vx9LtuJEJbQb1JNPl,"Nhân ngày của cha 17/6, hãy để TH true MILK GOLD thay lời muốn nói, gửi trao món quà sức khoẻ đến những người đàn ông của gia đình ♥️. Là sản phẩm sữa tươi công thức dinh dưỡng cho người lớn, TH true MILK GOLD bổ sung bộ dưỡng chất cao cấp đem lại 06 nhóm lợi ích giúp nâng cao sức khoẻ tổng thể của cha.",112,44,10,2023-06-18 00:00:05,Photo
https://www.facebook.com/thmilk/posts/pfbid0mhf65WDji71TSme4jWfyfitWUw1dJw2KQFou1vETvoAChtrkagHNjDREa9occ2Mql,"NHỮNG CHIẾC TAI NGHE SONY WH-1000XM5 ĐẦU TIÊN ĐÃ TÌM THẤY CHỦ NHÂN

Chúc mừng 04 khách hàng may mắn đầu tiên đã rinh về Tai nghe Sony WH–1000XM5 từ chương trình! Vẫn còn 46 chiếc Tai nghe cùng hàng chục ngàn phần quà hấp dẫn khác đang chờ bạn tham gia thử thách và ""Săn quà chất"" cùng TH true YOGURT.

Hãy mua sữa chua uống tiệt trùng TH true YOGURT để nhận ngay hơn 70.000 quà chất tại https://quatangyogurt.thmilk.vn/

Đặt hàng ngay tại:
► Grabmart: http://bit.ly/THtruemart-GrabMart
► ShopeeFood: https://bit.ly/THtruemart-ShopeeFood
► Baemin: http://bit.ly/THtruemart-Baemin
► Loship: https://bit.ly/THtruemart-Loship",125,14,5,2023-06-16 15:22:00,Photo
https://www.facebook.com/thmilk/posts/pfbid0WGTmEEf7sG78cYJoHVdV3WFBCFsAvziudD4J3GfcbPXDR5Xkw4PqC8D7VfJXh5J3l,"HẠ NHIỆT NẮNG NÓNG, KEM MÁT LẠNH THẬT NGON

Hãy để kem TH true ICE CREAM thổi làn gió mát lạnh giúp xua tan đi sự nóng bức mùa hè này nhé ☀️. Kem được làm từ sữa tươi sạch của trang trại TH mang đến cho chất kem mềm mịn, thơm ngon từ sữa. Vị kem ngọt mát tan ngay trên đầu lưỡi, chuẩn vị mùa hè!

Đặc biệt, tháng 6 này như càng thêm nóng với Chương trình khuyến mại ""Mua kem tặng túi giữ nhiệt"" chắc chắn sẽ làm xiêu lòng hội mê đồ ngọt đấy. 

✨Xem thêm về chương trình khuyến mại tại: https://bit.ly/CTKM-TH-true-ICE-CREAM",160,20,10,2023-06-15 06:43:55,Photo
https://www.facebook.com/thmilk/posts/pfbid032XgkCHrmBrzb2z1pXNaHVggREfg4f3YfR2izGvFjT9o24LuqqpGcAq5mgTzqMJ5Fl,"Những sản phẩm dinh dưỡng công thức có nguồn gốc từ sữa tươi có thành phần gần hơn với sữa mẹ được đặc biệt quan tâm trong những năm gần đây. Tại hội thảo, Tập đoàn TH đã giới thiệu một giải pháp mới có tính đột phá, sản phẩm dinh dưỡng công thức từ sữa tươi, mang tới nguồn dinh dưỡng vàng cho trẻ phát triển toàn diện - TH true FORMULA. Bộ sản phẩm dinh dưỡng công thức TH true FORMULA có nhiều đặc điểm của sữa mẹ như các chất dinh dưỡng đa lượng, vitamin, khoáng chất, hệ vi sinh vật... Các dưỡng chất chính đều có nguồn gốc từ thiên nhiên như MFGM, DHA, ARA, HMO, FOS, GOS..., được kiểm định chất lượng chặt chẽ, đạt Quy chuẩn kỹ thuật Quốc gia đối với sản phẩm dinh dưỡng công thức với mục đích ăn bổ sung dành cho trẻ.",92,6,20,2023-06-13 22:05:50,GenericAttachmentMedia
https://www.facebook.com/thmilk/posts/pfbid02fz6TrDaubCwrPiufjQmR7gJcCvCDHZJKUkwD2LiLKFScgsq5km83iVZBkfq3dFngl," Tham gia Chương trình Đổi thẻ Hè khám phá, Săn quà cực đã theo các bước sau đây để nhận ngay những phần quà hấp dẫn!
 
 Bước 1: Mua lốc Sữa chua uống tiệt trùng TH true YOGURT TOPKID hoặc Nước uống sữa trái cây TH true JUICE milk TOPKID 
 Bước 2: Sưu tầm đủ các thẻ Lớp học mật ngữ để nhận các phần quà sau:
 18 thẻ đổi 1 bộ đồ dùng học tập TH
 24 thẻ đổi 1 bình nước TH
 36 thẻ đổi 1 balo du lịch TH
 Bước 4: Đến các cửa hàng TH true mart hoặc điểm bán lẻ bán sản phẩm có tham gia chương trình để đổi quà 
 
Chi tiết chương trình xem tại: https://quatangtopkid.thmilk.vn/ 

Ghé thăm hệ thống siêu thị toàn quốc, hệ thống cửa hàng TH true mart hoặc đặt hàng online ngay:
► Website: https://www.thtruemart.vn/
► Danh sách cửa hàng: https://www.thmilk.vn/he-thong-cua-hang/",196,60,25,2023-06-12 13:27:45,unknown
https://www.facebook.com/thmilk/posts/pfbid02ES7XknC7mm1HiB6tR2QgVL3CMKSNJiMzfAvwTJFwV7VrzNEvBp5uaZJaAqCN8NCfl,"CÔNG BỐ KẾT QUẢ MINIGAME VUI TẾT THIẾU NHI - NHẬN NGAY VÉ XEM PHIM CÙNG TH TRUE CHOCOMALT MISTORI 

✨ Xin chúc mừng 4 khách hàng may mắn nhất có tên dưới đây, đã làm đầy đủ các bước để rinh ngay 1 cặp vé xem phim CGV cho mẹ và bé cùng xem những bộ phim hấp dẫn nhất nhé:
- Hoàng Thị Thùy Linh: https://www.facebook.com/hoang.t.linh89 
- Vân Anh Nguyễn: https://www.facebook.com/profile.php?id=100071581853694 
- Hạnh Ngân: https://www.facebook.com/hanlan.lo.399 
- Mun Cao Thúy: https://www.facebook.com/bo.ucngon.1 

 Các bạn có tên hãy nhanh chóng inbox Fanpage thông tin cá nhân (Họ tên, Số điện thoại, Địa chỉ) trước ngày 14/06 để nhận được phần quà nhé. Lưu ý ghi rõ: khách hàng trúng thưởng minigame TH true CHOCOMALT MISTORI.
#THTRUECHOCOMALT #MISTORI",103,43,6,2023-06-11 04:49:40,Photo
https://www.facebook.com/thmilk/posts/pfbid02wcYBh8FDDXocPXt6cbeUbwHNKasPKzKvVBeMHmxfAiyBDwt2sXjAyqMovoBKtL99l,"Từ ngày 9/6 - 31/7, TH true ICE CREAM tặng bạn 1 TÚI GIỮ NHIỆT CỰC XINH khi mua từ 9 kem hộp 50 G/ 4 kem hộp 180 G/ 9 kem ốc quế/ 9 kem que 52 G/ 9 kem sandwich.

Được làm hoàn toàn từ sữa tươi sạch của trang trại TH, kem TH true ICE CREAM có kết cấu mềm mịn, giữ trọn các dưỡng chất có trong sữa tươi. Sản phẩm kết hợp cùng các nguyên liệu tự nhiên mang đến vị ngon thật sự thiên nhiên. Cùng thưởng thức kem ngon TH true ICE CREAM - trọn vị mùa hè bạn nhé!

 Chương trình áp dụng khi mua hàng trực tiếp tại cửa hàng TH true mart. Quà tặng có hạn, chương trình có thể kết thúc trước thời gian dự kiến.
 Ghé ngay cửa hàng gần nhất để không bỏ lỡ các ưu đãi bạn nhé!
✨ Tìm cửa hàng TH true mart gần bạn nhất tại: https://www.thmilk.vn/he-thong-cua-hang/",188,31,20,2023-06-09 20:11:35,unknown
https://www.facebook.com/thmilk/videos/994339698249922/,"⭐THU THẬP NGÔI SAO MAY MẮN, SĂN NGAY QUÀ CHẤT⭐

Bạn ơi, đừng quên BẤM vào ngôi sao may mắn khi tham gia chương trình ""Vui hè chất, trúng hơn 70.000 quà tặng"" để không bỏ lỡ những phần quà đặc biệt của TH true YOGURT nhé!

 35.000 Giải thẻ nạp điện thoại mệnh giá 20.000 đồng
 35.000 Giải thẻ nạp esport Garena mệnh giá 20.000 đồng
 50 Giải Tai nghe Sony WH – 1000XM5 
 10 Giải iPad Air 5 2022 10.9 inch M1 WiFi 5G 256GB (kèm Apple Pencil 2)

Chi tiết chương trình xem tại: https://quatangyogurt.thmilk.vn  

Đặt hàng ngay tại:
► Grabmart: http://bit.ly/THtruemart-GrabMart
► ShopeeFood: https://bit.ly/THtruemart-ShopeeFood
► Baemin: http://bit.ly/THtruemart-Baemin
► Loship: https://bit.ly/THtruemart-Loship",85,0,7,2023-06-08 11:33:30,Video
https://www.facebook.com/thmilk/videos/977830036991990/,"TH true FORMULA là nguồn dinh dưỡng được kết hợp từ việc lựa chọn nguồn sữa tươi nguyên liệu từ các trang trại chuẩn quốc tế và sự nỗ lực nghiên cứu không ngừng nghỉ của Viện Dinh Dưỡng TH cùng các tổ chức dinh dưỡng uy tín trên thế giới cho ra đời những công thức phù hợp cho sự phát triển toàn diện trong từng giai đoạn của con trẻ.

Tìm hiểu thông tin sản phẩm tại website chính thức: https://formula.thmilk.vn/
Đặt hàng tại: https://www.thtruemart.vn/",214,63,96,2023-06-08 10:01:12,Video
https://www.facebook.com/thmilk/posts/pfbid0H1qm3rqJ12bqV2KsksYFccAcJyzqpiXp3TRSFi69p8q3jGGJhhTE7Sa5Jbj46zjLl," Vui hè chất, mua ngay Sữa chua uống tiệt trùng TH true YOGURT để có cơ hội trúng hơn 70,000 quà tặng hấp dẫn chỉ với 3 bước vô cùng đơn giản.

Chi tiết chương trình xem tại: https://quatangyogurt.thmilk.vn 

Đặt hàng ngay tại:
► Grabmart: http://bit.ly/THtruemart-GrabMart
► ShopeeFood: https://bit.ly/THtruemart-ShopeeFood
► Baemin: http://bit.ly/THtruemart-Baemin
► Loship: https://bit.ly/THtruemart-Loship",2609,127,27,2023-06-06 02:08:30,unknown
https://www.facebook.com/thmilk/posts/pfbid02tWn7bXxB82ywvP1KvAhT3J1oPYG6ihKupwEeQafX21tu7xg62owvfWGCFBk78cgrl,"Sản Phẩm Dinh Dưỡng Công Thức Từ Sữa Tươi TH true FORMULA chính thức ra mắt đầu tiên tại thị trường Việt Nam. Mang lại nguồn dinh dưỡng vàng cho trẻ phát triển toàn diện, sản phẩm được làm hoàn toàn từ sữa tươi sạch của trang tại TH kết hợp cùng bộ công thức độc quyền CARE ADVANCE mang lại công dụng:
· Hỗ trợ phát triển não bộ: MFGM, DHA, ARA
· Tăng cường sức đề kháng: HMO (2’ -FL), Nucleotid, Vitamin và khoáng chất
· Hỗ trợ tiêu hóa và hấp thu: Prebiotic (GOS, FOS)

Ghé thăm các điểm bán lẻ, hệ thống cửa hàng TH true mart toàn quốc hoặc đặt hàng online ngay:
► Website chính thức về sản phẩm: https://formula.thmilk.vn/
► Website hệ thống TH true mart: https://www.thtruemart.vn/
► Ứng dụng: TH eLIFE
►Danh sách cửa hàng: https://www.thmilk.vn/he-thong-cua-hang/",562,227,103,2023-06-03 18:15:48,Photo
https://www.facebook.com/thmilk/posts/pfbid0pnyr5X8mw5A1EAjMW78daUZZtQgz82dnJoWUjvdP8J4hs6uRLr5wYNGuwGXXorvsl," Tham gia Chương trình Quay số Hè khám phá, Săn quà cực đã theo các bước sau đây để nhận ngay những phần quà hấp dẫn  
 
 Bước 1: Mua lốc Sữa chua uống tiệt trùng TH true YOGURT TOPKID hoặc Nước uống sữa trái cây TH true JUICE milk TOPKID 
 Bước 2: Tìm mã quay thưởng được in trên thẻ 
 Bước 3: Nhập mã quay thưởng in trên thẻ Lớp học mật ngữ lên website https://quatangtopkid.thmilk.vn/ tham gia Chương trình Quay số để có cơ hội trúng:
 Bộ LEGO sáng tạo 
 Vali du lịch TH
 Thẻ điện thoại 50.000đ
 Thẻ điện thoại 10.000đ
 Bước 4: Nhận quà 

Chi tiết chương trình xem tại: https://quatangtopkid.thmilk.vn/ 

Ghé thăm hệ thống siêu thị toàn quốc, hệ thống cửa hàng TH true mart hoặc đặt hàng online ngay:
► Website: https://www.thtruemart.vn/
► Danh sách cửa hàng: https://www.thmilk.vn/he-thong-cua-hang/",137,17,20,2023-06-01 10:23:07,unknown
https://www.facebook.com/thmilk/posts/pfbid0XUaLRaqXieeapvv5twxTnTDtqnHhCCxLeSQerx1YndGjq3k2dwahKiJhrByoGaJkl,"VUI HÈ CHẤT TRÚNG HƠN 70.000 QUÀ TẶNG CÙNG SỮA CHUA UỐNG TIỆT TRÙNG TH true YOGURT

Từ nay đến hết 31/08, khi mua 04 hộp giấy (01 lốc) sản phẩm Sữa chua uống tiệt trùng TH true YOGURT hộp giấy 180 ml có thẻ in mã dự thưởng đính kèm trong lốc sản phẩm sẽ nhận được 01 mã dự thưởng để tham gia chương trình.

Quét QR code ở mặt trước thẻ để tham gia xác định trúng thưởng trên ứng dụng Zalo tại địa chỉ https://quatangyogurt.thmilk.vn và có cơ hội trúng hơn 70.000 phần quà chất từ TH.

 Giải thưởng “Săn quà chất”
✨ 35.000 Giải thẻ nạp điện thoại mệnh giá 20.000 đồng
✨ 35.000 Giải thẻ nạp esport Garena mệnh giá 20.000 đồng
✨ 50 Giải Tai nghe Sony WH – 1000XM5 
✨ 10 Giải iPad Air 5 2022 10.9 inch M1 WiFi 5G 256GB (kèm Apple Pencil 2
 Giải thưởng “Đua TOP nhận thưởng”
 1.300 Cặp voucher đổi vé xem phim CGV 2D 

Ghé thăm hệ thống siêu thị toàn quốc, hệ thống cửa hàng TH true mart hoặc đặt hàng online ngay:
► Website: https://www.thtruemart.vn/
► Danh sách cửa hàng: https://www.thmilk.vn/he-thong-cua-hang/",161,33,7,2023-05-30 02:30:25,Photo
https://www.facebook.com/thmilk/posts/pfbid0StRu6SufSZzYvK7oEkZd7rnN537v4EGyd7veofMCGuC4itd4tpfamxAKFKPkKSEAl,"✨ Sữa cacao lúa mạch TH true CHOCOMALT MISTORI nay đã có mặt tại Circle K 
---
Sữa cacao lúa mạch TH true CHOCOMALT MISTORI được làm hoàn toàn từ sữa tươi sạch nguyên chất của trang trại TH kết hợp với chiết xuất lúa mạch và cacao tự nhiên.

Sữa cacao lúa mạch TH true CHOCOMALT MISTORI cung cấp các chất dinh dưỡng từ sữa tươi như calci, vitamin… cùng chiết xuất lúa mạch tự nhiên mang đến nguồn năng lượng hoàn toàn từ thiên nhiên. Sản phẩm nay đã có mặt tại hệ thống Circle K trên toàn quốc.

Nhân dịp “chào sân” tại Circle K, Sữa Cacao lúa mạch TH true CHOCOMALT MISTORI 180 ml có chương trình khuyến mại “MUA 1 TẶNG 1” từ 01/06 – 15/06/2023. Cùng ghé thăm hệ thống Circle K toàn quốc để tận hưởng ưu đãi đặc biệt này nhé!",230,65,10,2023-05-27 18:37:44,Photo
https://www.facebook.com/thmilk/posts/pfbid016oDaup9RURbUepLF5SL5ApTyLYzDaXkCHFRHUk42eGvSUPVkw2bnt9unecLAaX6l,"VUI TẾT THIẾU NHI - NHẬN NGAY VÉ XEM PHIM CÙNG TH TRUE CHOCOMALT MISTORI 

✨ Tết thiếu nhi 01/06 đến rồi, còn gì thích thú hơn khi mẹ và bé cùng tới rạp xem những bộ phim thiếu nhi thật hấp dẫn! Cùng tham gia minigame với TH true CHOCOMALT MISTORI, nhận ngay 5 cặp vé xem phim CGV cho mẹ và bé nhé! 

✨ Cách thức tham gia: 
Bước 1: Comment đáp án mảnh ghép còn thiếu và tag thêm 2 người bạn
Bước 2: Like và share post này ở chế độ công khai cùng với hashtag #THTRUECHOCOMALT #MISTORI

 Giải thưởng: 05 cặp vé xem phim CGV dành cho 05 khách hàng thực hiện đầy đủ các bước tham gia minigame nêu trên, có câu trả lời đúng và may mắn nhất.

 Thể lệ chung:
Thời hạn cuối tham gia minigame: hết 23h59p ngày 04/06/2023.
Mỗi khách hàng chỉ tham gia một lần với 1 tài khoản Facebook cá nhân duy nhất
Danh sách 05 khách hàng may mắn được dự kiến công bố trên fanpage TH true MILK vào ngày 09/06/2023.

Mẹ hãy tham gia ngay minigame để có cơ hội dành tặng phần thưởng vô cùng hấp dẫn này cho các bé nhé!",1394,2781,773,2023-05-25 10:45:02,Photo
https://www.facebook.com/thmilk/posts/pfbid02D6TvagaMhrXh45BfLKYJGa4MBEaFiuyvNjqKLQ865FoDtmzmGSkA4RFS7e1PWe8dl,"Sữa cacao lúa mạch TH true CHOCOMALT MISTORI là thức uống tiện lợi, thơm ngon và giàu năng lượng, thích hợp cho trẻ nhỏ với nhiều hoạt động suốt ngày dài. Với những ưu điểm vượt trội, sữa cacao lúa mạch TH true CHOCOMALT MISTORI trở thành ""bảo bối"" mang theo trong balo mỗi ngày cho bé nguồn năng lượng thơm ngon bổ dưỡng.",269,36,15,2023-05-23 02:52:20,GenericAttachmentMedia
https://www.facebook.com/thmilk/posts/pfbid02t42GF7gVWV1ebQnZLLwyZs9Z4zcnrM8EdFR5aeM1ETKcSQj8kWX8FDRHA36tg6DUl,"Hè là thời điểm trẻ tham gia nhiều hoạt động thể chất,  vì vậy việc tìm một sản phẩm dinh dưỡng có thể bổ sung những nguồn năng lượng cần thiết cho trẻ là vô cùng quan trọng.

Sữa Cacao Lúa mạch TH true CHOCOMALT MISTORI sẽ là một người bạn đồng hành không thể thiếu trong các hoạt động thể chất của trẻ. Sản phẩm cung cấp các chất dinh dưỡng từ sữa tươi như calci, vitamin… cùng chiết xuất lúa mạch tự nhiên mang đến nguồn năng lượng hoàn toàn từ thiên nhiên, cho trẻ luôn sẵn sàng cho mọi hoạt động hàng ngày.

Ngoài ra, sản phẩm còn bổ sung bộ vi chất:
✨ Vitamin B6, B12 và Acid Folic giúp phát triển não bộ
✨ Calci hỗ trợ tăng chiều cao

---
► Website: https://www.thtruemart.vn/
► Danh sách cửa hàng: https://www.thmilk.vn/he-thong-cua-hang/",359,24,24,2023-05-20 18:59:39,Photo
https://www.facebook.com/thmilk/posts/pfbid02BDoQh2cbyeVTW1UKFnjMLmxUNPhxh1UZyJi98hhuarYcLuVescdkcoytJDr2sQaRl,"✨ Vui hè cùng kem tại Gian hàng TH true ICE CREAM ở 6 địa điểm AEON MALL dưới đây từ ngày 25/5 đến 31/5 để nhận ngay 1 túi giữ nhiệt hoặc 1 túi đựng mỹ phẩm TH cực xinh cho mỗi đơn hàng kem TH true ICE CREAM từ 80.000đ nhé. 

Kem TH true ICE CREAM được làm hoàn toàn từ sữa tươi sạch của trang trại TH, mang đến cho bạn vị ngọt thanh từ sữa cực kỳ tự nhiên cùng với rất nhiều vị ngon độc đáo cho bạn thỏa sức lựa chọn .

(*) Số lượng quà tặng có hạn, ghé ngay các địa chỉ sau đây để không bỏ lỡ ưu đãi hấp dẫn nhé:
1. AEON MALL Tân Phú Celadon - Địa chỉ: 30 Đ. Bờ Bao Tân Thắng, Sơn Kỳ, Tân Phú, Thành phố Hồ Chí Minh
2. AEON MALL Bình Tân - Địa chỉ: 1 Đường Số 17A, Bình Trị Đông B, Bình Tân, Thành phố Hồ Chí Minh
3. AEON MALL Long Biên - Địa chỉ: 27 Đ. Cổ Linh, Long Biên, Hà Nội
4. AEON MALL Hà Đông - Địa chỉ: Dương Nội, Hà Đông, Hà Nội
5. AEON MALL Lê Chân - Hải Phòng - Địa chỉ: 10 Võ Nguyên Giáp, Dư Hàng Kênh, Lê Chân, Hải Phòng
6. AEON Mall Bình Dương Canary - Địa chỉ: 1 Đại lộ Bình Dương, Khu Phố, Thuận An, Bình Dương",513,87,5,2023-05-18 11:06:57,Photo
https://www.facebook.com/thmilk/videos/784732103001764/,"Trọn vị mùa hè cùng kem TH true ICE CREAM với những khuyến mại hấp dẫn:  
Mua 5 kem cùng loại (Kem Que 52g/Kem Ốc Quế/Kem Sandwich/Kem Hộp 50g) tặng 3 hộp SCUTT TOPKID 110ml 
 Chương trình áp dụng khi mua hàng trực tiếp tại cửa hàng TH true mart từ 5/5 tới hết 5/6/2023 (hoặc đến khi hết quà tặng, chương trình có thể kết thúc trước thời hạn).
 Ghé ngay cửa hàng gần nhất để không bỏ lỡ các ưu đãi bạn nhé: https://www.thmilk.vn/he-thong-cua-hang/
(*): Vị của sản phẩm tặng sẽ tùy thuộc vào hương vị thực tế có tại điểm bán",3667,136,30,2023-05-16 03:14:16,Video
https://www.facebook.com/thmilk/videos/801353054709257/,"Trọn vị mùa hè cùng kem TH true ICE CREAM với những khuyến mại hấp dẫn:  
Mua 5 kem cùng loại (Kem Que 52g/Kem Ốc Quế/Kem Sandwich/Kem Hộp 50g) tặng 3 hộp SCUTT TOPKID 110ml 
 Chương trình áp dụng khi mua hàng trực tiếp tại cửa hàng TH true mart từ 5/5 tới hết 5/6/2023 (hoặc đến khi hết quà tặng, chương trình có thể kết thúc trước thời hạn).
 Ghé ngay cửa hàng gần nhất để không bỏ lỡ các ưu đãi bạn nhé: https://www.thmilk.vn/he-thong-cua-hang/
(*): Vị của sản phẩm tặng sẽ tùy thuộc vào hương vị thực tế có tại điểm bán",2488,56,39,2023-05-16 03:12:44,Video
https://www.facebook.com/thmilk/posts/pfbid02bumG2QhWkxN2ETHYFqAqdPztN9Qxi1tzxEzpx3msnzcgZzv2LUr7ztVsofbaZ8oVl,"Từ nay đến hết 15/08/2023, khi mua 04 hộp (01 lốc) Sữa chua uống tiệt trùng TH true YOGURT TOPKID hoặc Nước uống sữa trái cây TH true JUICE milk TOPKID 110 ml và 180 ml các hương vị sẽ được tặng 01 thẻ Lớp học Mật Ngữ. Thẻ Lớp học Mật Ngữ có giá trị đổi quà và tham gia quay thưởng.

Nhập mã quay thưởng trên thẻ lên website https://quatangtopkid.thmilk.vn/ tham gia Chương trình Quay số để có cơ hội trúng:
 Bộ LEGO sáng tạo 
 Vali du lịch TH
 Thẻ điện thoại 50.000đ
 Thẻ điện thoại 10.000đ

Sưu tầm thẻ để tham gia ngay Chương trình Đổi thẻ:
☀️ 18 thẻ đổi 1 bộ đồ dùng học tập TH 
☀️ 24 thẻ đổi 1 bình nước TH 
☀️ 36 thẻ đổi 1 balo du lịch TH 
Thời hạn đổi quà đến hết 15/09/2023.

Ghé thăm hệ thống siêu thị toàn quốc, hệ thống cửa hàng TH true mart hoặc đặt hàng online ngay:
► Website: https://www.thtruemart.vn/
► Danh sách cửa hàng: https://www.thmilk.vn/he-thong-cua-hang/",280,44,21,2023-05-15 18:59:35,Photo
https://www.facebook.com/thmilk/posts/pfbid0ptmZNG8q8t47mhXKgN8JQuW8WjTwz9DDaixVPHze8SHaWdzppTTuCYsqtdrGULbdl,"Từ nay đến hết 15/08/2023, khi mua 04 hộp (01 lốc) Sữa chua uống tiệt trùng TH true YOGURT TOPKID hoặc Nước uống sữa trái cây TH true JUICE milk TOPKID 110 ml và 180 ml các hương vị sẽ được tặng 01 thẻ Lớp học Mật Ngữ. Thẻ Lớp học Mật Ngữ có giá trị đổi quà và tham gia quay thưởng.

Nhập mã quay thưởng trên thẻ lên website https://quatangtopkid.thmilk.vn/ tham gia Chương trình Quay số để có cơ hội trúng:
 Bộ LEGO sáng tạo 
 Vali du lịch TH
 Thẻ điện thoại 50.000đ
 Thẻ điện thoại 10.000đ

Sưu tầm thẻ để tham gia ngay Chương trình Đổi thẻ:
☀️ 18 thẻ đổi 1 bộ đồ dùng học tập TH 
☀️ 24 thẻ đổi 1 bình nước TH 
☀️ 36 thẻ đổi 1 balo du lịch TH 
Thời hạn đổi quà đến hết 15/09/2023.

Ghé thăm hệ thống siêu thị toàn quốc, hệ thống cửa hàng TH true mart hoặc đặt hàng online ngay:
► Website: https://www.thtruemart.vn/
► Danh sách cửa hàng: https://www.thmilk.vn/he-thong-cua-hang/",221,8,28,2023-05-15 10:46:26,Photo
https://www.facebook.com/thmilk/videos/929887194903109/,"Tận hưởng các dưỡng chất tự nhiên từ yến mạch với sản phẩm Sữa Yến Mạch Vị Tự Nhiên TH true OAT hoàn toàn mới:
- Dinh dưỡng lành mạnh từ thiên nhiên
- Vị ngọt tự nhiên từ yến mạch, không bổ sung đường
- Chất xơ tốt cho tiêu hóa
- Omega-6 tốt cho tim mạch
Sản phẩm hoàn toàn có nguồn gốc từ thực vật, thơm ngon hấp dẫn, phù hợp cho cả gia đình
 Ghé thăm hệ thống siêu thị toàn quốc, hệ thống cửa hàng TH true mart hoặc đặt hàng online ngay:
► Website: https://www.thtruemart.vn/ 
► Danh sách cửa hàng: https://www.thmilk.vn/he-thong-cua-hang/",1247,90,38,2023-05-15 02:33:18,Video
https://www.facebook.com/thmilk/posts/pfbid027fwU6zwRzpbeWLdkQitUAKj7dHXzSYwhyMKYmN7CXTF77crBcrzEqnkpzTNzHkB6l,"Tận hưởng các dưỡng chất tự nhiên từ yến mạch với sản phẩm Sữa Yến Mạch Vị Tự Nhiên TH true OAT hoàn toàn mới:
- Dinh dưỡng lành mạnh từ thiên nhiên
- Vị ngọt tự nhiên từ yến mạch, không bổ sung đường
- Chất xơ tốt cho tiêu hóa
- Omega-6 tốt cho tim mạch
Sản phẩm hoàn toàn có nguồn gốc từ thực vật, thơm ngon hấp dẫn, phù hợp cho cả gia đình

 Ghé thăm hệ thống siêu thị toàn quốc, hệ thống cửa hàng TH true mart hoặc đặt hàng online ngay:
► Website: https://www.thtruemart.vn/ 
► Danh sách cửa hàng: https://www.thmilk.vn/he-thong-cua-hang/",517,43,38,2023-05-13 07:54:17,Photo
https://www.facebook.com/thmilk/videos/726567595875665/,"Thức uống Sữa lúa mạch TH true CHOCOMALT MISTORI được làm hoàn toàn từ sữa tươi sạch nguyên chất của trang trại TH kết hợp với chiết xuất lúa mạch và cacao tự nhiên. 
Sữa cacao lúa mạch TH true CHOCOMALT MISTORI cung cấp các chất dinh dưỡng từ sữa tươi như calci, vitamin… cùng chiết xuất lúa mạch tự nhiên mang đến nguồn năng lượng hoàn toàn từ thiên nhiên, cho trẻ luôn sẵn sàng cho mọi hoạt động hàng ngày.
---
► Website: https://www.thtruemart.vn/
► Danh sách cửa hàng: https://www.thmilk.vn/he-thong-cua-hang/",1480,50,63,2023-05-11 13:15:17,Video
https://www.facebook.com/reel/560576329491914/,"Thức uống Sữa lúa mạch TH true CHOCOMALT MISTORI được làm hoàn toàn từ sữa tươi sạch nguyên chất của trang trại TH kết hợp với chiết xuất lúa mạch và cacao tự nhiên. 
Sữa cacao lúa mạch TH true CHOCOMALT MISTORI cung cấp các chất dinh dưỡng từ sữa tươi như calci, vitamin… cùng chiết xuất lúa mạch tự nhiên mang đến nguồn năng lượng hoàn toàn từ thiên nhiên, cho trẻ luôn sẵn sàng cho mọi hoạt động hàng ngày.
---
► Website: https://www.thtruemart.vn/
► Danh sách cửa hàng: https://www.thmilk.vn/he-thong-cua-hang/",199,14,64,2023-05-11 12:51:29,Video
https://www.facebook.com/thmilk/videos/1147573716106873/,"Thức uống Sữa lúa mạch TH true CHOCOMALT MISTORI được làm hoàn toàn từ sữa tươi sạch nguyên chất của trang trại TH kết hợp với chiết xuất lúa mạch và cacao tự nhiên. 
Sữa cacao lúa mạch TH true CHOCOMALT MISTORI cung cấp các chất dinh dưỡng từ sữa tươi như calci, vitamin… cùng chiết xuất lúa mạch tự nhiên mang đến nguồn năng lượng hoàn toàn từ thiên nhiên, cho trẻ luôn sẵn sàng cho mọi hoạt động hàng ngày.
---
► Website: https://www.thtruemart.vn/
► Danh sách cửa hàng: https://www.thmilk.vn/he-thong-cua-hang/",659,19,12,2023-05-11 12:42:44,Video
https://www.facebook.com/thmilk/posts/pfbid02mB5TRXzgLWcxJh4LyiPhiMPXvcezmuUEkQxa9W28cRwHHLRYTj7bh4zEtqMJGTEYl,"TH true FORMULA – DINH DƯỠNG TOÀN DIỆN CHO SỰ PHÁT TRIỂN CỦA TRẺ
Khẳng định vị thế “Chuyên gia dinh dưỡng” với hơn 10 năm nỗ lực nghiên cứu và đổi mới không ngừng, TH trân trọng ra mắt bộ Sản phẩm Dinh dưỡng công thức TH true FORMULA, sở hữu công thức ưu việt cùng nguyên liệu từ thiên nhiên mang lại nguồn dinh dưỡng cho sự phát triển toàn diện trong giai đoạn vàng của trẻ.

Sản phẩm Dinh dưỡng công thức TH true FORMULA với bộ công thức CARE ADVANCE hỗ trợ bé:
• Phát triển não bộ cùng bộ dưỡng chất MFGM, DHA, ARA
• Tăng cường sức đề kháng với HMO (2’-FL), Nucleotid, Vitamin và khoáng chất
• Tiêu hóa hấp thu khỏe cùng bộ đôi Probiotic và Prebiotic.
TH true FORMULA là công thức DINH DƯỠNG TOÀN DIỆN cho con trẻ trong giai đoạn vàng phát triển ở những năm tháng đầu đời.

Ghé ngay hệ thống cửa hàng TH true mart trên toàn quốc hoặc đặt hàng online tại:
►  Website chính thức về sản phẩm: https://formula.thmilk.vn/
► Website hệ thống TH true mart: thtruemart.vn
► Ứng dụng: TH eLIFE
►Danh sách cửa hàng: https://www.thmilk.vn/he-thong-cua-hang/",3596,1350,326,2023-05-10 12:51:45,Photo
https://www.facebook.com/thmilk/videos/639954314134871/,"Thức uống Sữa lúa mạch TH true CHOCOMALT MISTORI được làm hoàn toàn từ sữa tươi sạch nguyên chất của trang trại TH kết hợp với chiết xuất lúa mạch và cacao tự nhiên. 
Sữa cacao lúa mạch TH true CHOCOMALT MISTORI cung cấp các chất dinh dưỡng từ sữa tươi như calci, vitamin… cùng chiết xuất lúa mạch tự nhiên mang đến nguồn năng lượng hoàn toàn từ thiên nhiên, cho trẻ luôn sẵn sàng cho mọi hoạt động hàng ngày.
---
► Website: https://www.thtruemart.vn/
► Danh sách cửa hàng: https://www.thmilk.vn/he-thong-cua-hang/",724,44,60,2023-05-09 13:00:46,Video
https://www.facebook.com/thmilk/videos/759072549047847/,"Nhận ngay 1 sản phẩm cùng loại khi mua 6 sản phẩm Sữa Chua Xoài - Hạt Chia Tự Nhiên và Nếp Cẩm Tự Nhiên TH true YOGURT từ nay đến 31.5.2023.

Trải nghiệm bộ sản phẩm Sữa chua Xoài – Hạt Chia Tự Nhiên và Nếp Cẩm Tự Nhiên TH true YOGURT 110g mới hoàn toàn từ thiên nhiên với sự kết hợp độc đáo giữa sữa tươi sạch của trang trại TH, lên men tự nhiên cùng các nguyên liệu cao cấp được tuyển chọn từ những vùng đất nổi tiếng trên thế giới mang lại trải nghiệm thưởng thức vô cùng thú vị.

Đến ngay cửa hàng, siêu thị để nhận ưu đãi từ TH true YOGURT!

► Chi tiết chương trình khuyến mại: https://www.thmilk.vn/chuong-trinh-khuyen-mai-sua-chua-th-true-yogurt-2/
► Danh sách cửa hàng TH true mart: https://www.thmilk.vn/he-thong-cua-hang/
► Website: https://www.thtruemart.vn/.../loc-sua-chua-an-tao-so-ri...
► Grabmart: http://bit.ly/THtruemart-GrabMart
► ShopeeFood: https://bit.ly/THtruemart-ShopeeFood
► Baemin: http://bit.ly/THtruemart-Baemin
► Loship: https://bit.ly/THtruemart-Loship",451,35,10,2023-05-08 05:23:18,Video
https://www.facebook.com/thmilk/videos/1237985883491620/,"Nhận ngay 1 sản phẩm cùng loại khi mua 6 sản phẩm Sữa Chua Xoài - Hạt Chia Tự Nhiên và Nếp Cẩm Tự Nhiên TH true YOGURT từ nay đến 31.5.2023.

Trải nghiệm bộ sản phẩm Sữa chua Xoài – Hạt Chia Tự Nhiên và Nếp Cẩm Tự Nhiên TH true YOGURT 110g mới hoàn toàn từ thiên nhiên với sự kết hợp độc đáo giữa sữa tươi sạch của trang trại TH, lên men tự nhiên cùng các nguyên liệu cao cấp được tuyển chọn từ những vùng đất nổi tiếng trên thế giới mang lại trải nghiệm thưởng thức vô cùng thú vị.

Đến ngay cửa hàng, siêu thị để nhận ưu đãi từ TH true YOGURT!

► Chi tiết chương trình khuyến mại: https://www.thmilk.vn/chuong-trinh-khuyen-mai-sua-chua-th-true-yogurt-2/
► Danh sách cửa hàng TH true mart: https://www.thmilk.vn/he-thong-cua-hang/
► Website: https://www.thtruemart.vn/.../loc-sua-chua-an-tao-so-ri...
► Grabmart: http://bit.ly/THtruemart-GrabMart
► ShopeeFood: https://bit.ly/THtruemart-ShopeeFood
► Baemin: http://bit.ly/THtruemart-Baemin
► Loship: https://bit.ly/THtruemart-Loship",548,13,10,2023-05-08 05:20:57,Video
https://www.facebook.com/thmilk/posts/pfbid0aJcHPzT28SXDYheEyvivzVRzqpEhX3uhEQFtty4jE9Z3zWJUnTbvJN36NRhXyAj7l,"Nhận ngay 1 sản phẩm cùng loại khi mua 6 sản phẩm Sữa Chua Xoài - Hạt Chia Tự Nhiên và Nếp Cẩm Tự Nhiên TH true YOGURT từ nay đến 31.5.2023.

Trải nghiệm bộ sản phẩm Sữa chua Xoài – Hạt Chia Tự Nhiên và Nếp Cẩm Tự Nhiên TH true YOGURT 110g mới hoàn toàn từ thiên nhiên với sự kết hợp độc đáo giữa sữa tươi sạch của trang trại TH, lên men tự nhiên cùng các nguyên liệu cao cấp được tuyển chọn từ những vùng đất nổi tiếng trên thế giới mang lại trải nghiệm thưởng thức vô cùng thú vị.

Đến ngay cửa hàng, siêu thị để nhận ưu đãi từ TH true YOGURT!

► Chi tiết chương trình khuyến mại: https://www.thmilk.vn/chuong-trinh-khuyen-mai-sua-chua-th-true-yogurt-2/
► Danh sách cửa hàng TH true mart: https://www.thmilk.vn/he-thong-cua-hang/
► Website: https://www.thtruemart.vn/.../loc-sua-chua-an-tao-so-ri...
► Grabmart: http://bit.ly/THtruemart-GrabMart
► ShopeeFood: https://bit.ly/THtruemart-ShopeeFood
► Baemin: http://bit.ly/THtruemart-Baemin
► Loship: https://bit.ly/THtruemart-Losh",1159,73,8,2023-05-08 05:18:47,Photo
https://www.facebook.com/thmilk/posts/pfbid02U8qQRbQ5X5kAsh72DJQe9WJ1jTAvNEzwkW2VUDfFrXV2ERbfvB4Z7KKD55FBLZYLl,"Nhận ngay 1 sản phẩm cùng loại khi mua 8 sản phẩm Sữa Chua TH true YOGURT Công Thức TOPKID từ nay đến 31.5.2023.

Sữa Chua TH true YOGURT Công Thức TOPKID được làm hoàn toàn từ sữa tươi sạch nguyên chất của trang trại TH. Sản phẩm giàu dinh dưỡng, hỗ trợ tối ưu sự phát triển chiều cao và năng lượng trí não của trẻ, cho bé khỏe mạnh tự nhiên.

Đến ngay cửa hàng, siêu thị để nhận ưu đãi từ TH true YOGURT!

► Danh sách cửa hàng TH true mart: https://www.thmilk.vn/he-thong-cua-hang/
► Website: https://www.thtruemart.vn/san-pham/s-a-chua-t-nhien-x/s-a-chua-an-t-nhien/l-c-s-a-chua-an-topkid-chu-i-lua-m-ch-60-g-x-4-h-p.html
► Grabmart: http://bit.ly/THtruemart-GrabMart
► ShopeeFood: https://bit.ly/THtruemart-ShopeeFood
► Baemin: http://bit.ly/THtruemart-Baemin
► Loship: https://bit.ly/THtruemart-Ali",559,32,0,2023-05-08 05:16:38,Photo
https://www.facebook.com/thmilk/posts/pfbid0u2GQRUdVDFz3bEorjc9FS3GyBaGJ38icFaDrfUfFia7XYFRaoRu8q6EQtW3vkpa5l,"Nhận ngay 1 sản phẩm cùng loại khi mua 8 sản phẩm Sữa Chua TH true YOGURT Công Thức TOPKID từ nay đến 31.5.2023.

Sữa Chua TH true YOGURT Công Thức TOPKID được làm hoàn toàn từ sữa tươi sạch nguyên chất của trang trại TH. Sản phẩm giàu dinh dưỡng, hỗ trợ tối ưu sự phát triển chiều cao và năng lượng trí não của trẻ, cho bé khỏe mạnh tự nhiên.

Đến ngay cửa hàng, siêu thị để nhận ưu đãi từ TH true YOGURT!

► Danh sách cửa hàng TH true mart: https://www.thmilk.vn/he-thong-cua-hang/
► Website: https://www.thtruemart.vn/san-pham/s-a-chua-t-nhien-x/s-a-chua-an-t-nhien/l-c-s-a-chua-an-topkid-chu-i-lua-m-ch-60-g-x-4-h-p.html
► Grabmart: http://bit.ly/THtruemart-GrabMart
► ShopeeFood: https://bit.ly/THtruemart-ShopeeFood
► Baemin: http://bit.ly/THtruemart-Baemin
► Loship: https://bit.ly/THtruemart-Ali Othman",63,6,4,2023-05-08 05:14:29,Photo
https://www.facebook.com/thmilk/videos/685912306319648/,"Nhận ngay 1 sản phẩm cùng loại khi mua 6 sản phẩm Sữa Chua Xoài - Hạt Chia Tự Nhiên và Nếp Cẩm Tự Nhiên TH true YOGURT từ nay đến 31.5.2023.

Trải nghiệm bộ sản phẩm Sữa chua Xoài – Hạt Chia Tự Nhiên và Nếp Cẩm Tự Nhiên TH true YOGURT 110g mới hoàn toàn từ thiên nhiên với sự kết hợp độc đáo giữa sữa tươi sạch của trang trại TH, lên men tự nhiên cùng các nguyên liệu cao cấp được tuyển chọn từ những vùng đất nổi tiếng trên thế giới mang lại trải nghiệm thưởng thức vô cùng thú vị.

Đến ngay cửa hàng, siêu thị để nhận ưu đãi từ TH true YOGURT!

► Chi tiết chương trình khuyến mại: https://www.thmilk.vn/chuong-trinh-khuyen-mai-sua-chua-th-true-yogurt-2/
► Danh sách cửa hàng TH true mart: https://www.thmilk.vn/he-thong-cua-hang/
► Website: https://www.thtruemart.vn/.../loc-sua-chua-an-tao-so-ri...
► Grabmart: http://bit.ly/THtruemart-GrabMart
► ShopeeFood: https://bit.ly/THtruemart-ShopeeFood
► Baemin: http://bit.ly/THtruemart-Baemin
► Loship: https://bit.ly/THtruemart-Loship",796,28,4,2023-05-08 05:12:20,Video
https://www.facebook.com/thmilk/posts/pfbid0212knxBzKe6rzEMTDKPLYVMP8aHgfyixmPxPgGctfZJNnYM36aW3ytXd5qnvJiRvRl,"Trải nghiệm bộ sản phẩm Sữa chua Xoài – Hạt Chia Tự Nhiên và Nếp Cẩm Tự Nhiên TH true YOGURT 110g mới hoàn toàn từ thiên nhiên với sự kết hợp độc đáo giữa sữa tươi sạch của trang trại TH, lên men tự nhiên cùng các nguyên liệu cao cấp được tuyển chọn từ những vùng đất nổi tiếng trên thế giới mang lại trải nghiệm thưởng thức vô cùng thú vị.

Nhận ngay 1 sản phẩm cùng loại khi mua 6 sản phẩm Sữa Chua Xoài - Hạt Chia Tự Nhiên và Nếp Cẩm Tự Nhiên TH true YOGURT từ nay đến 31.5.2023.
Đến ngay cửa hàng, siêu thị để nhận ưu đãi từ TH true YOGURT!

► Chi tiết chương trình khuyến mại: https://www.thmilk.vn/chuong-trinh-khuyen-mai-sua-chua-th-true-yogurt-2/
► Danh sách cửa hàng TH true mart: https://www.thmilk.vn/he-thong-cua-hang/
► Website: https://www.thtruemart.vn/.../loc-sua-chua-an-tao-so-ri...
► Grabmart: http://bit.ly/THtruemart-GrabMart
► ShopeeFood: https://bit.ly/THtruemart-ShopeeFood
► Baemin: http://bit.ly/THtruemart-Baemin
► Loship: https://bit.ly/THtruemart-Losh",3882,334,17,2023-05-06 11:25:09,Photo
https://www.facebook.com/thmilk/posts/pfbid02G9vye228JhX6HErcjPSDcsJL29FBW7zRoAL2ectcqdHvvbPmMkLytkm9Ko8BTJPgl,"Trọn vị mùa hè cùng kem TH true ICE CREAM với những khuyến mại hấp dẫn:
- Mua 2 Kem Hộp 180g tặng 1 lốc Sữa Chua Ăn TH true YOGURT 100g (ít đường/có đường/tự nhiên)
- Mua 5 kem cùng loại (Kem Que 52g/Kem Ốc Quế/Kem Sandwich/Kem Hộp 50g) tặng 3 hộp SCUTT TOPKID 110ml 
 Chương trình áp dụng khi mua hàng trực tiếp tại cửa hàng TH true mart từ 5/5 tới hết 5/6/2023 (hoặc đến khi hết quà tặng, chương trình có thể kết thúc trước thời hạn).
 Ghé ngay cửa hàng gần nhất để không bỏ lỡ các ưu đãi bạn nhé: https://www.thmilk.vn/he-thong-cua-hang/
(*): Vị của sản phẩm tặng sẽ tùy thuộc vào hương vị thực tế có tại điểm bán",184,20,14,2023-05-04 17:37:59,unknown
https://www.facebook.com/thmilk/posts/pfbid073TuiXksMdfh1KQf9CLjindRH1WCjvCQmrC4EXwDrM5f6SywLprbSc2ZGbSZhvBMl,"Sữa chua uống tiệt trùng TH true YOGURT TOPKID với hương vị thơm ngon, bổ sung Vitamin nhóm B (B6, B12), Acid Folic và Calci trong bộ vi chất TOPKID giúp phát triển não bộ và chiều cao của trẻ.

Nhận ngay 1 sản phẩm cùng loại khi mua 12 hộp Sữa chua uống tiệt trùng TH true YOGURT TOPKID hoặc Nước uống sữa trái cây TH true JUICE milk TOPKID từ nay đến hết 15/06/2023.

Ghé thăm hệ thống siêu thị toàn quốc, hệ thống cửa hàng TH true mart hoặc đặt hàng online ngay:
► Website: https://www.thtruemart.vn/
► Danh sách cửa hàng: https://www.thmilk.vn/he-thong-cua-hang/
► Grabmart: http://bit.ly/THtruemart-GrabMart
► ShopeeFood: https://bit.ly/THtruemart-ShopeeFood
► Baemin: http://bit.ly/THtruemart-Baemin
► NGON: https://tinyurl.com/THtruemart-NGON",84,20,2,2023-05-02 23:50:48,Photo
https://www.facebook.com/thmilk/posts/pfbid0EbHfP2VMC1qYXzjRNCxC5iY3HBTtP6nUzpFgCJTbWyZvmsZmVL1ncV6ukqiDCC9Rl,"Sản phẩm TH true Chocomalt MISTORI ra mắt vào cuối tháng 4 này đánh dấu việc gia nhập thị trường sữa lúa mạch của tập đoàn TH. TH true Chocomalt MISTORI bổ sung bộ vi chất (theo công thức khoa học mang thương hiệu Topkid của TH), gồm vitamin B6, B12, acid folic và calci hỗ trợ phát triển não bộ và chiều cao.",133,5,15,2023-05-01 06:03:38,GenericAttachmentMedia
https://www.facebook.com/thmilk/posts/pfbid02VYdi9PhGsKxunySbMXjEv9rhEFQABWQDz68rW3rzd1McLnVPZjhpwmqCwJeHFv8Cl,"Với thành phần giảm phần lớn đường lactose, bổ sung ngũ cốc nguyên cám dạng hạt, sữa tươi tiệt trùng TH true MILK LIGHT MEAL cung cấp năng lượng lành mạnh, là lựa chọn phù hợp đồng hành cùng cả gia đình dã ngoại trong dịp nghỉ lễ này. TH true MILK LIGHT MEAL giàu vitamin, khoáng chất từ sữa tươi sạch và ngũ cốc, tạo cảm giác no lâu, phù hợp cho bữa ăn nhẹ trong ngày. 

Ghé thăm hệ thống siêu thị toàn quốc, hệ thống cửa hàng TH true mart hoặc đặt hàng online ngay:
► Website: https://www.thtruemart.vn/
► Danh sách cửa hàng: https://www.thmilk.vn/he-thong-cua-hang/",143,33,7,2023-04-29 12:16:27,Photo
https://www.facebook.com/thmilk/posts/pfbid0oFeTWW82gtbFMfTPrnMtUkjYFhHHToWVbyEEUTsZeemMmhzPJiyp6e7BgTNz5y6Sl,"☀ Nghỉ lễ làm nhiều món ngon cho cả nhà! Cùng ghé TH true mart trong danh sách để nhận ngay 01 bơ lạt TH true BUTTER 200g cho hóa đơn từ 380.000đ, áp dụng từ ngày 28/4 tới 30/4/2023 bạn nhé!

 Danh sách cửa hàng áp dụng: https://bit.ly/DScuahangtangBo200g",100,8,0,2023-04-27 18:29:17,Photo
https://www.facebook.com/thmilk/posts/pfbid0W7Q2TR1pp6JZdcVWxRv7uhSSUVZZWkjPyYjFEY7NoWnT2oKzmVh498hpbSzEYVXFl,"TH true CHOCOMALT MISTORI – thức uống sữa lúa mạch mới ra mắt, phù hợp đồng hành cùng thế hệ mới năng động và cần thật nhiều năng lượng cho mọi hoạt động từ học tập đến vui chơi, rèn luyện thể chất… Lấy cảm hứng từ những câu chuyện kỳ thú luôn có sức thu hút đặc biệt đối với trẻ em, TH giới thiệu thương hiệu hoàn toàn mới - MISTORI (được kết hợp từ “MYSTERY” và “STORY” trong tiếng Anh) với ý nghĩa TH mong muốn được trở thành một phần trong hành trình chinh phục và tạo nên các câu chuyện kỳ thú của trẻ.",91,7,32,2023-04-26 00:42:06,GenericAttachmentMedia
https://www.facebook.com/thmilk/posts/pfbid0DEYjp8xwgAMaLhaopuTzjZG1bhCEkYnUDkASBeZk44T1a1U5Cz8Ks19pg1KeFeEfl,"Gọn gàng cho mùa vi vu với TH true ICE CREAM  

Hè mà không đi du lịch thì đúng là có lỗi với bản thân đấy . Cùng xách vali lên, vi vu khắp nơi và giành thời gian bên cạnh những người thân yêu để xua tan hết mọi căng thẳng và mệt mỏi nhé ♥️. 
Đặc biệt, bạn có thể thoải mái mang mọi đồ làm đẹp đi mà không lo nhiều đồ bất tiện vì TH true ICE CREAM sẽ tặng bạn ngay 1 túi mỹ phẩm cực xinh khi mua 8 kem que 52g, giúp bạn gọn gàng hơn cho mùa vi vu  này đấy.

✨Chương trình áp dụng khi mua hàng trực tiếp tại cửa hàng TH true mart trên toàn quốc từ ngày 11/4 đến hết 11/5.
✨Đừng bõ lỡ ưu đãi lần này và ghé ngay đến cửa hàng gần bạn nhất nhé!  
Danh sách cửa hàng: https://www.thmilk.vn/he-thong-cua-hang/",68,17,4,2023-04-24 06:54:56,Photo
https://www.facebook.com/thmilk/posts/pfbid0XNEvnbRW2yJr5kkNF3UNwUuHuVtdti17TxsCcgYpQr1hakuhqezo9FLDdSaDRHeql,"Kem TH true ICE CREAM cho hè thêm rộn ràng ☀️

Khi thời tiết tăng độ cũng là lúc mùa kem  hot trở lại, hãy thử ngay kem TH true ICE CREAM để cùng hạ nhiệt cuộc sống nhé. Được làm hoàn toàn từ sữa tươi sạch của trang trại TH, TH true ICE CREAM mang đến cho bạn vị ngọt hoàn toàn từ tự nhiên cùng với rất nhiều vị ngon độc đáo như Caramel Cà Phê Muối, Socola, Dừa, Vanilla, ... cho bạn thỏa sức lựa chọn . 
Hãy thử ngay kem ngon mát lạnh TH true ICE CREAM để tận hưởng ""hương vị của mùa đông"" ❄ giữa tiết trời mùa hè nhé!",119,20,3,2023-04-22 13:07:46,Photo
https://www.facebook.com/thmilk/posts/pfbid029dJMTNMVeR5eFXdAZ87wDdNi3Jddo2Jb7pjDasn9SUqYYM8mP6uG6Xzoq3CVexLTl,"Thức uống Sữa lúa mạch TH true CHOCOMALT MISTORI được làm hoàn toàn từ sữa tươi sạch nguyên chất của trang trại TH kết hợp với chiết xuất lúa mạch và cacao tự nhiên. 
Sữa cacao lúa mạch TH true CHOCOMALT MISTORI cung cấp các chất dinh dưỡng từ sữa tươi như calci, vitamin… cùng chiết xuất lúa mạch tự nhiên mang đến nguồn năng lượng hoàn toàn từ thiên nhiên, cho trẻ luôn sẵn sàng cho mọi hoạt động hàng ngày.
Ngoài ra, sản phẩm còn bổ sung bộ vi chất:
Vitamin B6, B12 và Acid Folic giúp phát triển não bộ
Calci hỗ trợ tăng chiều cao 
Sản phẩm không sử dụng chất bảo quản, phụ gia tổng hợp và hương liệu tổng hợp nên các mẹ hoàn toàn yên tâm khi cho con sử dụng.
Ghé thăm hệ thống siêu thị toàn quốc, hệ thống cửa hàng TH true mart hoặc đặt hàng online ngay:
► Website: https://www.thtruemart.vn/
► Danh sách cửa hàng: https://www.thmilk.vn/he-thong-cua-hang/",1098,96,129,2023-04-20 19:20:35,Photo
https://www.facebook.com/thmilk/posts/pfbid029rJ81VAg875ouiNJvLsRGusS2hu5KqT5X2T4PG7GMqfnRLcwtpGpfeifszmt4GTNl," Thoải mái vi vu mùa hè với kem ngon

Với TH true ICE CREAM, bạn vừa có thể nhâm nhi kem ngon mát lạnh, vừa vi vu du lịch khắp nơi mà không lo lỉnh kỉnh nhiều đồ, vì giờ đây mua 8 kem que 52g sẽ được nhận ngay 1 túi đựng mỹ phẩm cực xinh. 
 
✨Áp dụng khi mua hàng trực tiếp tại cửa hàng TH true mart trên toàn quốc từ ngày 11/4 đến hết 11/5.
✨Đừng bõ lỡ ưu đãi lần này và ghé ngay đến cửa hàng gần bạn nhất nhé!  

Danh sách cửa hàng: https://www.thmilk.vn/he-thong-cua-hang/",77,17,6,2023-04-19 01:33:25,Photo
https://www.facebook.com/thmilk/posts/pfbid02zZzrhKBNkoDciFfio9UXJFME27ZFu7FWksERaYBuCKYZLehix7EEobhU2XpoZvD4l,"Nhận ngay 1 sản phẩm cùng loại khi mua 2 Sữa Tươi Thanh Trùng TH true MILK 450ml tại hệ thống BRG mart trên toàn quốc, từ nay đến hết 1/5/2023.
Ghé ngay các siêu thị BRG mart để tận hưởng ưu đãi siêu hấp dẫn!
-------------------------
► Danh sách cửa hàng BRG mart: https://brgshopping.vn/new_detail/he-thong-sieu-thi-cua-brgmart.html
► Thông tin sản phẩm: https://www.thmilk.vn/products/sua-tuoi-sach-thanh-trung-nguyen-chat-450ml/",612,61,5,2023-04-17 07:46:14,Photo
https://www.facebook.com/thmilk/posts/pfbid0hFNjkCGk7matwRrKiBeym7gfKRP9JSQ6YE1ufR7UPbWqY7g9aquLWGNXNamTVmNPl,"✨Tìm Kem Caramel Cà Phê muối đến ngay Circle K✨
Không cần phải đi đâu xa, giờ đây vị kem ""siêu hot"" Cà Phê Muối mới của TH true ICE CREAM đã có mặt tại chuỗi cửa hàng Circle K trên toàn quốc. Nhân dịp chào đón vị kem mới, hãy ghé ngay hệ thống Circle K trên toàn quốc để tận hưởng ưu đãi đặc biệt Mua 1 tặng 1 (áp dụng với kem que CFM) bạn nhé. Chương trình diễn ra từ nay đến hết 30/4/2023 tại Circle K ♥️!",127,50,5,2023-04-15 13:59:04,Photo
https://www.facebook.com/thmilk/posts/pfbid02MGSHxG8EpxFrHABz549kmwvjQifef17Tjd3grwdn9g7Ax2haLVuDmJnbKePZWJC1l,"Nhận 01 túi mỹ phẩm khi mua 08 kem que TH true ICE CREAM 52 gram từ 11/4 tới 11/5/2023 tại hệ thống cửa hàng TH true mart toàn quốc. 

Danh sách cửa hàng: https://www.thmilk.vn/he-thong-cua-hang/",2067,265,25,2023-04-13 20:11:53,Photo
https://www.facebook.com/thmilk/posts/pfbid02wxdhZekqsojGL7TgAAhAbnkPMeqPx3bFaGkKyuByUucJBcu2p2ZXcwkpXLZXwjhUl,"Nhận ngay 01 sản phẩm cùng loại khi mua 08 sản phẩm Sữa chua uống tiệt trùng TH true YOGURT 180 ml từ nay đến hết 31/05/2023.
Đến ngay cửa hàng, siêu thị để tận hưởng khuyến mại vui hè cùng Sữa chua uống tiệt trùng TH true YOGURT!
-------------------------
► Chi tiết CTKM: https://www.thmilk.vn/khuyen-mai-vui-he-mua-8-tang-1-sua.../
► Danh sách cửa hàng TH true mart: https://www.thmilk.vn/he-thong-cua-hang/
► Website: https://www.thtruemart.vn/san-pham.html?cat=44
► Grabmart: http://bit.ly/THtruemart-GrabMart
► ShopeeFood: https://bit.ly/THtruemart-ShopeeFood
► Baemin: http://bit.ly/THtruemart-Baemin",757,64,7,2023-04-12 02:24:43,Photo
https://www.facebook.com/thmilk/videos/545666777646745/,"Nhận ngay 01 sản phẩm cùng loại khi mua 08 sản phẩm Sữa chua uống tiệt trùng TH true YOGURT 180 ml từ nay đến hết 31/05/2023.
Đến ngay cửa hàng, siêu thị để tận hưởng khuyến mại vui hè cùng Sữa chua uống tiệt trùng TH true YOGURT!
-------------------------
► Chi tiết CTKM: https://www.thmilk.vn/khuyen-mai-vui-he-mua-8-tang-1-sua.../
► Danh sách cửa hàng TH true mart: https://www.thmilk.vn/he-thong-cua-hang/
► Website: https://www.thtruemart.vn/san-pham.html?cat=44
► Grabmart: http://bit.ly/THtruemart-GrabMart
► ShopeeFood: https://bit.ly/THtruemart-ShopeeFood
► Baemin: http://bit.ly/THtruemart-Baemin",93,20,3,2023-04-10 08:37:33,Video
https://www.facebook.com/thmilk/posts/pfbid0ThHHkdL5YvnKBPGthDcN3FUjiQoUDGSB3fX7bEDUn4cuvMYPWbUjaZM2FsvFUEarl,"✨Tìm Kem Caramel Cà Phê muối đến ngay GS25✨

Không cần phải đi đâu xa, giờ đây vị kem ""siêu hot"" Cà Phê Muối mới của TH true ICE CREAM đã có mặt tại chuỗi cửa hàng GS25 trên toàn quốc. Nhân dịp chào đón vị kem mới, hãy ghé ngay hệ thống GS25 trên toàn quốc để tận hưởng ưu đãi đặc biệt mua 1 tặng 1 cùng loại bạn nhé. Chương trình diễn ra từ nay đến hết 30/4/2023 tại GS25♥️!",153,63,3,2023-04-07 20:46:42,Photo
https://www.facebook.com/thmilk/posts/pfbid02GZxVrc4YYcL95spYAJoTnZYxaTDF4H68MuVj12uY46FkUvS1LoKkpNB9mcG7XEagl,"Nhận ngay 01 sản phẩm cùng loại khi mua 08 sản phẩm Sữa chua uống tiệt trùng TH true YOGURT 180 ml từ nay đến hết 31/05/2023.

Đến ngay cửa hàng, siêu thị để tận hưởng khuyến mại vui hè cùng Sữa chua uống tiệt trùng TH true YOGURT!
-------------------------
► Chi tiết CTKM: https://www.thmilk.vn/khuyen-mai-vui-he-mua-8-tang-1-sua-chua-uong-tiet-trung-th-true-yogurt/
► Danh sách cửa hàng TH true mart: https://www.thmilk.vn/he-thong-cua-hang/
► Website: https://www.thtruemart.vn/san-pham.html?cat=44
► Grabmart: http://bit.ly/THtruemart-GrabMart
► ShopeeFood: https://bit.ly/THtruemart-ShopeeFood
► Baemin: http://bit.ly/THtruemart-Baemin",998,60,8,2023-04-05 08:55:51,Photo
https://www.facebook.com/thmilk/posts/pfbid02gCesSHjtWbpitzLEmAe5teFURDF1cwx1LtpyDg1hhSG7xed89WxfPTkzdmUHW83Hl,"Nhận ngay 01 sản phẩm cùng loại khi mua 08 sản phẩm Sữa chua uống tiệt trùng TH true YOGURT 180 ml từ nay đến hết 31/05/2023.

Đến ngay cửa hàng, siêu thị để tận hưởng khuyến mại vui hè cùng Sữa chua uống tiệt trùng TH true YOGURT!
-------------------------
► Chi tiết CTKM: https://www.thmilk.vn/khuyen-mai-vui-he-mua-8-tang-1-sua-chua-uong-tiet-trung-th-true-yogurt/
► Danh sách cửa hàng TH true mart: https://www.thmilk.vn/he-thong-cua-hang/
► Website: https://www.thtruemart.vn/san-pham.html?cat=44
► Grabmart: http://bit.ly/THtruemart-GrabMart
► ShopeeFood: https://bit.ly/THtruemart-ShopeeFood
► Baemin: http://bit.ly/THtruemart-Baemin",202,12,2,2023-04-02 21:05:00,Photo
https://www.facebook.com/thmilk/videos/3387866501437216/,"Sữa tươi tiệt trùng TH true MILK HILO Giàu Canxi, Ít Béo, Không Lactose: Tăng 70% canxi giúp xương chắc khoẻ, giảm 60% chất béo cho vóc dáng cân đối (*), không lactose giúp dễ tiêu hoá. Sản phẩm phù hợp cho mọi lứa tuổi.

Mua ngay tại: 
► Hệ thống cửa hàng TH true mart: https://www.thmilk.vn/he-thong-cua-hang/
► Website: thtruemart.vn
► Ứng dụng: TH eLIFE
► ShopeeFood: https://bit.ly/THtruemart-ShopeeFood
► Grabmart: http://bit.ly/THtruemart-GrabMart
► Baemin: http://bit.ly/THtruemart-Baemin
► Shopee: https://bit.ly/SHP-HILO1
► Tiki: https://bit.ly/TIKI-HILO
► Lazada: https://bit.ly/LZD-HILO

(*): Tăng 70% canxi và giảm 60% hàm lượng chất béo so với sữa tươi tiệt trùng nguyên chất.",69,82,9,2023-03-31 09:14:09,Video
https://www.facebook.com/thmilk/posts/pfbid02fTqsNqtEbAcv5LmKQvyXUZ4NhnWujhcQTu6gPgMFTHbTg57vnnuv2ExJfdJ3fdfSl,"Sau những giờ học tập và vui chơi, hãy để Nước uống sữa trái cây TH true JUICE milk TOPKID tiếp thêm năng lượng cho con. Với hương vị thơm ngon từ sữa tươi sạch kết hợp với nước trái cây tự nhiên, TH true JUICE milk TOPKID là thức uống tuyệt vời cho buổi chiều của con thêm năng động. 

Nhận ngay 1 sản phẩm cùng loại khi mua 12 hộp Sữa chua uống tiệt trùng TH true YOGURT TOPKID hoặc Nước uống sữa trái cây TH true JUICE milk TOPKID từ nay đến hết 15/06/2023. 

Ghé thăm hệ thống siêu thị toàn quốc, hệ thống cửa hàng TH true mart hoặc đặt hàng online ngay:
► Website: https://www.thtruemart.vn/
► Danh sách cửa hàng: https://www.thmilk.vn/he-thong-cua-hang/",68,16,4,2023-03-31 09:08:19,Photo
https://www.facebook.com/thmilk/videos/1159084511439778/,"Sữa tươi tiệt trùng TH true MILK HILO giảm 60% chất béo (*) giúp vóc dáng cân đối và vẫn giữ trọn vị tự nhiên của sữa tươi thông thường. 

Mua ngay tại: 
► Hệ thống cửa hàng TH true mart: https://www.thmilk.vn/he-thong-cua-hang/
► Website: thtruemart.vn
► Ứng dụng: TH eLIFE
► ShopeeFood: https://bit.ly/THtruemart-ShopeeFood
► Grabmart: http://bit.ly/THtruemart-GrabMart
► Baemin: http://bit.ly/THtruemart-Baemin
► Shopee: https://bit.ly/SHP-HILO1
► Tiki: https://bit.ly/TIKI-HILO
► Lazada: https://bit.ly/LZD-HILO

(*): Giảm 60% chất béo so với sữa tươi tiệt trùng nguyên chất",40,18,2,2023-03-31 09:02:29,Video
https://www.facebook.com/thmilk/posts/pfbid0G3P1aKGushpRcJG7XDsqJMRezE9cMDBRM3gqBe3kjpHwBEbkQifCmqn3yByWWai2l,"TH true BUTTER - sự lựa chọn lý tưởng để giúp món ăn của bạn tăng thêm hương vị .

Được làm hoàn toàn bằng chất béo của sữa tươi sạch nguyên chất từ Trang trại TH cùng với quá trình lên men tự nhiên, bơ TH true BUTTER  mang đến cho bạn vị thơm ngậy khác biệt để bạn thỏa sức biến tấu với tất cả món ăn từ các món mặn đến làm bánh hay chế biến các loại sốt ăn kèm.",84,8,1,2023-03-31 08:56:46,Photo
https://www.facebook.com/thmilk/videos/773821753973745/,"Hoàn toàn từ sữa tươi sạch nguyên chất của Trang trại TH - Trang trại bò sữa tập trung ứng dụng công nghệ cao lớn nhất thế giới (*), Sữa tươi sạch TH true MILK giữ vẹn nguyên dưỡng chất và tinh tuý từ thiên nhiên, tốt cho sức khoẻ cả gia đình.
Mua ngay tại: 
► Hệ thống cửa hàng TH true mart: https://www.thmilk.vn/he-thong-cua-hang/
► Website: thtruemart.vn
► Ứng dụng: TH eLIFE
► ShopeeFood: https://bit.ly/THtruemart-ShopeeFood
► Grabmart: http://bit.ly/THtruemart-GrabMart
► Baemin: http://bit.ly/THtruemart-Baemin
► Shopee: https://shopee.vn/th_truemart_officialstore 
► Lazada: https://www.lazada.vn/shop/th-true-mart
► Tiki: https://tiki.vn/cua-hang/th-true-mart-official-store

(*): Cụm trang trại bò sữa tập trung ứng dụng công nghệ cao với quy trình sản xuất khép kín quy mô lớn nhất Thế Giới được xác lập bới World Records Union (2020)",3263,127,31,2023-03-31 08:51:04,Video
https://www.facebook.com/thmilk/posts/pfbid0ho3eky9PLyBQuPYCfSp48U9XTdydFepLSNyx8WVwCKcNukrqNoRipnVoHuQ6rPuJl,"BẠN CHỌN GÌ CHO BỮA XẾ HÔM NAY? 

Với nguồn gốc từ sữa tươi sạch của trang trại TH, Sữa tươi tiệt trùng TH true MILK HILO mang đến nguồn dinh dưỡng thanh nhẹ cho bữa xế của bạn. TH true MILK HILO tăng 70% canxi cho xương chắc khỏe, giảm 60% chất béo giúp cho vóc dáng cân đối (*), đồng thời không chứa lactose cho tiêu hóa dễ dàng. 

Mua ngay tại: 
► Hệ thống cửa hàng TH true mart: https://www.thmilk.vn/he-thong-cua-hang/
► Website: thtruemart.vn
► Ứng dụng: TH eLIFE
► ShopeeFood: https://bit.ly/THtruemart-ShopeeFood
► Grabmart: http://bit.ly/THtruemart-GrabMart
► Baemin: http://bit.ly/THtruemart-Baemin
► Shopee: https://bit.ly/SHP-HILO1
► Tiki: https://bit.ly/TIKI-HILO
► Lazada: https://bit.ly/LZD-HILO
(*): Tăng 70% canxi và giảm 60% hàm lượng chất béo so với sữa tươi tiệt trùng nguyên chất.",106,53,12,2023-03-29 03:51:48,Photo
https://www.facebook.com/thmilk/posts/pfbid026HLqbRwks2qfWSZTjQPocKEit3HwprxJzknE9Fu9Vn29MouoJA15aUQvJdLKiHuKl,"Sữa chua uống tiệt trùng TH true YOGURT TOPKID bổ sung vitamin nhóm B (B6, B12) và Acid Folic, giúp con phát triển não bộ và tăng cường chiều cao. Với hương vị thơm ngon từ sữa tươi sạch và hương vị dâu hoàn toàn tự nhiên, TH true YOGURT TOPKID là thức uống thơm ngon bổ dưỡng cho con. 

Nhận ngay 1 sản phẩm cùng loại khi mua 12 hộp Sữa chua uống tiệt trùng TH true YOGURT TOPKID hoặc Nước uống sữa trái cây TH true JUICE milk TOPKID từ nay đến hết 15/06/2023. 

Ghé thăm hệ thống siêu thị toàn quốc, hệ thống cửa hàng TH true mart hoặc đặt hàng online ngay:
► Website: https://www.thtruemart.vn/
► Danh sách cửa hàng: https://www.thmilk.vn/he-thong-cua-hang/",79,20,4,2023-03-26 22:52:33,Photo
https://www.facebook.com/thmilk/posts/pfbid0dnDAct3t4ZmBpFz81jwkrmBzkyFcwhvBukYCFCP3yDkFX7Yn3tDVGsa6355UoABHl,"Mẹ đừng quên bổ sung Sữa chua uống tiệt trùng TH true YOGURT TOPKID vào thực đơn để con có một hệ tiêu hóa khỏe mạnh nhé. TH true YOGURT TOPKID hương cam tự nhiên thơm ngon, bổ sung bộ vi chất TOPKID giúp con phát triển não bộ và chiều cao. Sữa chua uống tiệt trùng TH true YOGURT TOPKID 110 ml tiện lợi, dễ dàng để con mang theo bất cứ nơi đâu. 

Nhận ngay 1 sản phẩm cùng loại khi mua 12 hộp Sữa chua uống tiệt trùng TH true YOGURT TOPKID hoặc Nước uống sữa trái cây TH true JUICE milk TOPKID từ nay đến hết 15/06/2023.

Ghé thăm hệ thống siêu thị toàn quốc, hệ thống cửa hàng TH true mart hoặc đặt hàng online ngay:
► Website: https://www.thtruemart.vn/
► Danh sách cửa hàng: https://www.thmilk.vn/he-thong-cua-hang/",56,17,0,2023-03-24 17:53:18,Photo
https://www.facebook.com/thmilk/videos/733442428566879/,"Nhận ngay 1 sản phẩm cùng loại khi mua 8 sản phẩm Sữa Chua Ăn TH true YOGURT bất kỳ từ nay đến 31.5.2023.

Đến ngay cửa hàng, siêu thị để nhận ưu đãi từ TH true YOGURT!

► Chi tiết chương trình khuyến mại: https://www.thmilk.vn/chuong-trinh-khuyen-mai-sua-chua.../
► Danh sách cửa hàng TH true mart: https://www.thmilk.vn/he-thong-cua-hang/
► Website: https://www.thtruemart.vn/.../loc-sua-chua-an-tao-so-ri...
► Grabmart: http://bit.ly/THtruemart-GrabMart
► ShopeeFood: https://bit.ly/THtruemart-ShopeeFood
► Baemin: http://bit.ly/THtruemart-Baemin
► Loship: https://bit.ly/THtruemart-Loship",1343,54,10,2023-03-22 12:54:03,Video
https://www.facebook.com/thmilk/videos/183593234431152/,"Hoàn toàn từ sữa tươi sạch nguyên chất của Trang trại TH - Trang trại bò sữa tập trung ứng dụng công nghệ cao lớn nhất thế giới, Sữa tươi sạch TH true MILK giữ vẹn nguyên dưỡng chất và tinh tuý từ thiên nhiên, tốt cho sức khoẻ cả gia đình.

Mua ngay tại: 
► Hệ thống cửa hàng TH true mart: https://www.thmilk.vn/he-thong-cua-hang/
► Website: thtruemart.vn
► Ứng dụng: TH eLIFE
► ShopeeFood: https://bit.ly/THtruemart-ShopeeFood
► Grabmart: http://bit.ly/THtruemart-GrabMart
► Baemin: http://bit.ly/THtruemart-Baemin
► Shopee: https://shopee.vn/th_truemart_officialstore 
► Lazada: https://www.lazada.vn/shop/th-true-mart
► Tiki: https://tiki.vn/cua-hang/th-true-mart-official-store",5310,381,50,2023-03-22 02:31:58,Video
https://www.facebook.com/thmilk/posts/pfbid02KwE2JyXaUBfBdSqX861iKSEeUXz8V1FnGUu6Bi3TsE1cpuJCoh8vCettEh1h9Gu1l,"Nhận ngay 1 sản phẩm cùng loại khi mua 8 sản phẩm Sữa Chua Ăn TH true YOGURT bất kỳ từ nay đến 31.5.2023.

Đến ngay cửa hàng, siêu thị để nhận ưu đãi từ TH true YOGURT!

► Chi tiết chương trình khuyến mại: https://www.thmilk.vn/chuong-trinh-khuyen-mai-sua-chua.../
► Danh sách cửa hàng TH true mart: https://www.thmilk.vn/he-thong-cua-hang/
► Website: https://www.thtruemart.vn/.../loc-sua-chua-an-tao-so-ri...
► Grabmart: http://bit.ly/THtruemart-GrabMart
► ShopeeFood: https://bit.ly/THtruemart-ShopeeFood
► Baemin: http://bit.ly/THtruemart-Baemin
► Loship: https://bit.ly/THtruemart-Loship",1435,131,5,2023-03-23 15:36:25,Photo
https://www.facebook.com/thmilk/posts/pfbid028NM7jzC3Vfds2ni4q7mybuUVVdNBELdBZvtxsPyaB9rkf423n1Z3kMjUWER7XgVsl,"Nhận ngay 1 TÚI GIỮ NHIỆT CAO CẤP khi mua 9 kem que TH true ICE CREAM tại cửa hàng TH true mart toàn quốc
 TH true mart tặng bạn 1 TÚI GIỮ NHIỆT cực xinh khi mua 9 kem que 52g VỊ BẤT KÌ từ ngày 21/3/2023 đến 7/4/2023
⚡Đừng bỏ lỡ cơ hội sở hữu chiếc túi giữ nhiệt trẻ trung, hiện đại và hãy ghé thăm cửa hàng TH true mart gần nhất ngay nhé!
Danh sách cửa hàng TH true mart trên toàn quốc: https://www.thmilk.vn/he-thong-cua-hang/

* Số lượng quà tặng giới hạn.",1611,630,25,2023-03-25 04:40:53,Photo
https://www.facebook.com/thmilk/posts/pfbid0w4DMHbPBh5oqpT3jbxWLGUVpiSxLFmtbDohneHqPur6e7wP7gkco49ZfXjckUYCnl,"Bạn chuẩn bị gì cho bữa sáng hôm nay? Đừng vì bận rộn mà bỏ quên bữa sáng bạn nhé. Sữa tươi tiệt trùng TH true MILK HILO với vị ngon của sữa tươi sạch nguyên chất rất tiện lợi cho bữa sáng cả gia đình. TH true MILK HILO giàu canxi, ít béo, không chứa lactose, giúp dễ tiêu hóa và phù hợp cho mọi lứa tuổi.  
---
Đặt mua TH true MILK HILO ngay tại: 
► Hệ thống cửa hàng TH true mart: https://www.thmilk.vn/he-thong-cua-hang/
► Website: thtruemart.vn
► Ứng dụng: TH eLIFE
► ShopeeFood: https://bit.ly/THtruemart-ShopeeFood
► Grabmart: http://bit.ly/THtruemart-GrabMart
► Baemin: http://bit.ly/THtruemart-Baemin
► Shopee: https://bit.ly/SHP-HILO1
► Tiki: https://bit.ly/TIKI-HILO
► Lazada: https://bit.ly/LZD-HILO",60,31,5,2023-03-26 17:45:21,Photo
https://www.facebook.com/thmilk/posts/pfbid0PyGF8WpmQ2qPiY45y6kxnNNiJEe559vnnXrFpTWT2omcizQJr3NSJ5xDzABnBFuel,"Nhận ngay 1 sản phẩm cùng loại khi mua 6 sản phẩm Sữa Chua Xoài - Hạt Chia Tự Nhiên và Nếp Cẩm Tự Nhiên TH true YOGURT từ nay đến 31.5.2023.

Trải nghiệm bộ sản phẩm Sữa chua Xoài – Hạt Chia Tự Nhiên và Nếp Cẩm Tự Nhiên TH true YOGURT 110g mới hoàn toàn từ thiên nhiên với sự kết hợp độc đáo giữa sữa tươi sạch của trang trại TH, lên men tự nhiên cùng các nguyên liệu cao cấp được tuyển chọn từ những vùng đất nổi tiếng trên thế giới mang lại trải nghiệm thưởng thức vô cùng thú vị.

Đến ngay cửa hàng, siêu thị để nhận ưu đãi từ TH true YOGURT!

► Chi tiết chương trình khuyến mại: https://www.thmilk.vn/chuong-trinh-khuyen-mai-sua-chua-th-true-yogurt-2/
► Danh sách cửa hàng TH true mart: https://www.thmilk.vn/he-thong-cua-hang/
► Website: https://www.thtruemart.vn/.../loc-sua-chua-an-tao-so-ri...
► Grabmart: http://bit.ly/THtruemart-GrabMart
► ShopeeFood: https://bit.ly/THtruemart-ShopeeFood
► Baemin: http://bit.ly/THtruemart-Baemin
► Loship: https://bit.ly/THtruemart-Loship",80,24,9,2023-03-28 06:49:49,Photo
https://www.facebook.com/thmilk/posts/pfbid0GuBNhVo3NMJkUGQGjCJCHiHPfunEsE985yQ7VH5Q3N3FFxgot3V3eJ9imSR2gUsjl,"Nhận ngay 1 sản phẩm cùng loại khi mua 8 sản phẩm Sữa Chua Ăn, Sữa Chua Ăn TOPKID, Sữa Chua Uống TOPKID, Sữa Chua Uống Men Sống, Sữa Uống Lên Men, Sữa Chua Uống Thanh Trùng TH true YOGURT bất kỳ từ nay đến 31.5.2023.

Đến ngay cửa hàng, siêu thị để nhận ưu đãi từ TH true YOGURT!

► Chi tiết chương trình khuyến mại: https://www.thmilk.vn/chuong-trinh-khuyen-mai-sua-chua-th-true-yogurt-2/
► Danh sách cửa hàng TH true mart: https://www.thmilk.vn/he-thong-cua-hang/
► Website: https://www.thtruemart.vn/.../loc-sua-chua-an-tao-so-ri...
► Grabmart: http://bit.ly/THtruemart-GrabMart
► ShopeeFood: https://bit.ly/THtruemart-ShopeeFood
► Baemin: http://bit.ly/THtruemart-Baemin
► Loship: https://bit.ly/THtruemart-Loship",91,10,12,2023-03-29 19:54:17,Photo
https://www.facebook.com/thmilk/videos/178438768339039/,"Giải pháp hoàn hảo cho sức khỏe với sữa tươi tiệt trùng TH true MILK HILO: Tăng 70% Canxi cho xương chắc khỏe. (*)

Mua ngay tại: 
► Hệ thống cửa hàng TH true mart: https://www.thmilk.vn/he-thong-cua-hang/
► Website: thtruemart.vn
► Ứng dụng: TH eLIFE
► ShopeeFood: https://bit.ly/THtruemart-ShopeeFood
► Grabmart: http://bit.ly/THtruemart-GrabMart
► Baemin: http://bit.ly/THtruemart-Baemin
► Shopee: https://bit.ly/SHP-HILO1
► Tiki: https://bit.ly/TIKI-HILO
► Lazada: https://bit.ly/LZD-HILO

(*): Tăng 70% canxi so với sữa tươi tiệt trùng nguyên chất",16,7,1,2023-03-31 08:58:45,Video
https://www.facebook.com/thmilk/videos/665052752044828/,"Tặng ngay 1 sản phẩm cùng loại khi mua 12 sản phẩm Sữa chua uống tiệt trùng TH true YOGURT TOPKID hoặc Nước uống sữa trái cây TH true JUICE milk TOPKID từ nay đến hết 15/06/2023. 

Đến ngay cửa hàng, siêu thị để nhận ưu đãi từ Sữa chua uống tiệt trùng và Nước uống sữa trái cây TOPKID bạn nhé! 

Nước uống sữa trái cây TH true JUICE milk TOPKID hộp giấy nay có thêm dung tích mới 110ml, mang đến lựa chọn đa dạng hơn cho trẻ.   
---------------
Ghé thăm hệ thống siêu thị toàn quốc, hệ thống cửa hàng TH true mart hoặc đặt hàng online ngay:
► Website: https://www.thtruemart.vn/
► Danh sách cửa hàng: https://www.thmilk.vn/he-thong-cua-hang/",57,20,11,2023-03-15 06:18:28,Video
https://www.facebook.com/thmilk/posts/pfbid02XYBH9pCq5iTVM2KUJ1nvDLh23xR6hk7yzg2GRZFKSANSYyHk1HVFi9NynB1CJb4Ul,"Tặng ngay 1 sản phẩm cùng loại khi mua 12 sản phẩm Sữa chua uống tiệt trùng TH true YOGURT TOPKID hoặc Nước uống sữa trái cây TH true JUICE milk TOPKID từ nay đến hết 15/06/2023. 

Đến ngay cửa hàng, siêu thị để nhận ưu đãi từ Sữa chua uống tiệt trùng và Nước uống sữa trái cây TOPKID bạn nhé! 

Nước uống sữa trái cây TH true JUICE milk TOPKID hộp giấy nay có thêm dung tích mới 110ml, mang đến lựa chọn đa dạng hơn, cho trẻ thoải mái lựa chọn.   
---------------
Ghé thăm hệ thống siêu thị toàn quốc, hệ thống cửa hàng TH true mart hoặc đặt hàng online ngay:
► Website: https://www.thtruemart.vn/
► Danh sách cửa hàng: https://www.thmilk.vn/he-thong-cua-hang/",60,10,9,2023-03-18 11:39:49,Photo
https://www.facebook.com/thmilk/posts/pfbid0Aq5xY6XeJe5HezBMVuHHcZEpxwNeM1XFAxLhtnHetqNfv1HqoCVrct4EhRL1ENnWl," NƯỚC UỐNG SỮA TRÁI CÂY TH true JUICE milk TOPKID DUNG TÍCH MỚI 110ML  

Với mong muốn đem lại cho Quý Khách hàng những lựa chọn và trải nghiệm sản phẩm đa dạng hơn dành cho trẻ em, TH trân trọng giới thiệu hai sản phẩm mới: Nước uống sữa trái cây TH true JUICE milk TOPKID Cam Tự Nhiên 110 ml và Nước uống sữa trái cây TH true JUICE milk TOPKID Dâu Tự Nhiên 110 ml. Hai sản phẩm Nước uống sữa trái cây TH true JUICE milk TOPKID Cam Tự Nhiên 110 ml và Nước uống sữa trái cây TH true JUICE milk TOPKID Dâu Tự Nhiên 110 ml được phát triển dựa trên những ưu điểm vượt trội của bộ sản phẩm TH true JUICE milk TOPKID 180 ml nên có các đặc điểm nổi bật như sau:

☀️ Sữa tươi sạch nguyên chất của trang trại TH
- Được làm hoàn toàn từ sữa tươi sạch nguyên chất của trang trại TH, cụm trang trại bò sữa tập trung ứng dụng công nghệ cao với quy trình sản xuất khép kín quy mô lớn nhất Thế Giới được xác nhận bởi World Records Union ()

☀️ Nước trái cây tự nhiên
- Sử dụng trái cây tự nhiên
- Không sử dụng chất bảo quản, chất màu tổng hợp và hương liệu tổng hợp

☀️ Bổ sung bộ vi chất TOPKID giúp phát triển não bộ và chiều cao
- Vitamin B6, B12 và Acid Folic giúp phát triển não bộ
- Calci hỗ trợ tăng chiều cao

---------------
Ghé thăm hệ thống siêu thị toàn quốc, hệ thống cửa hàng TH true mart hoặc đặt hàng online ngay:
► Website: https://www.thtruemart.vn/
► Danh sách cửa hàng: https://www.thmilk.vn/he-thong-cua-hang/",68,6,5,2023-03-21 17:01:10,Photo
https://www.facebook.com/thmilk/posts/pfbid02sLjv7GkakFR5RqtfJhzUttB4QHAGoVnYfKLiddDKNewzzQKZNNqryJ53tD5RzZhKl,"Bạn có biết HILO có nghĩa là High Calcium - Low Fat không? 

TH true MILK HILO là sữa tươi Giàu canxi, Ít béo, có hàm lượng canxi tăng 70% và chất béo giảm 60% so với sữa tiệt trùng nguyên chất TH true MILK. Chắc chắn TH true MILK HILO sẽ là sự lựa chọn hoàn hảo phù hợp cho cả gia đình.

---
Đặt hàng ngay tại: https://www.thtruemart.vn/
Hoặc các kênh TMĐT:
► NOW: http://bit.ly/THtruemart-NOW
► Grabmart: http://bit.ly/THtruemart-GrabMart
► Baemin: http://bit.ly/THtruemart-Baemin",66,31,10,2023-03-24 22:22:31,Photo
https://www.facebook.com/thmilk/posts/pfbid0MN7jL2GgY25L7ZEXJrev1Kwrwd2VmfUTH47dcec5hdn6QLy4McLrfcVCGR7X4KSNl,"Sẻ chia kem ngon, rộn ràng tiếng cười 

Ngày dài lặp lại khiến ta càng thêm trân trọng những khoảng thời gian quây quần bên gia đình và người thân. ️ Cùng chia sẻ đôi ba câu chuyện thú vị trên trời dưới biển, cùng nhau thưởng thức vị ngọt thanh mát của kem ngon  chắc chắn sẽ mang đến cho gia đình bạn những tiếng cười vui vẻ, giòn giã đấy.

✨ TH true ICE CREAM hiện đang được khuyến mãi Mua 2 kem Sandwich tặng 1 kem Ốc quế khi mua tại cửa hàng TH true mart
 Thời gian áp dụng: 28/02 - 19/03/2023

Ghé ngay cửa hàng gần bạn nhất tại: https://www.thmilk.vn/he-thong-cua-hang/ 
#THtrueICECREAM",42,8,5,2023-03-28 03:43:52,Photo
https://www.facebook.com/thmilk/videos/143449061755842/,"Sữa tươi tiệt trùng TH true MILK HILO không chứa lactose giúp tiêu hóa dễ dàng, phù hợp cho cả gia đình.

Mua ngay tại: 
► Hệ thống cửa hàng TH true mart: https://www.thmilk.vn/he-thong-cua-hang/
► Website: thtruemart.vn
► Ứng dụng: TH eLIFE
► ShopeeFood: https://bit.ly/THtruemart-ShopeeFood
► Grabmart: http://bit.ly/THtruemart-GrabMart
► Baemin: http://bit.ly/THtruemart-Baemin
► Shopee: https://bit.ly/SHP-HILO1
► Tiki: https://bit.ly/TIKI-HILO
► Lazada: https://bit.ly/LZD-HILO",24,2,1,2023-03-31 09:05:14,Video
https://www.facebook.com/thmilk/posts/pfbid031oe5pGHXmabZ9cP5P5eXLrse5mCxp8cWmgfyxarqBm7HB55dc6Xn79VVfu8UPruXl,"Chúc mừng Ngày Quốc tế phụ nữ 8/3. TH chúc toàn thể phái nữ thật nhiều sức khoẻ, luôn vui vẻ và hạnh phúc!",61,2,4,2023-03-23 17:58:00,Photo
https://www.facebook.com/thmilk/posts/pfbid0g7XDuzAeJw2RWTkR9Ju5imbYTuFyRWWgKedgq5AppzB3UircqzmvW3Q7g1Bwdpwhl,"8.3 bật ""mood"" ngọt ngào với kem ngon.

 Ghi điểm tuyệt đối với người phụ nữ của bạn bằng một ngày 8.3 vừa ngọt ngào lại vừa đậm đà nhé. Nhân ngày Phụ nữ Việt Nam, hãy dành tặng cho ""nửa kia"" của mình  hương vị ngạo ngào của sự hạnh phúc kết hợp cùng sự đậm đà của những tiếng cười giòn tan với kem TH true ICE CREAM Caramel Cà Phê Muối mới.  

✨ Hãy thử ngay kem ngon để ""up mood"" cho ngày 8.3 thêm bùng nổ cảm xúc nhé!
#THtrueICECREAM",61,8,3,2023-03-16 02:50:46,Photo
https://www.facebook.com/thmilk/posts/pfbid02vQCyAcCMM7QNfv5SETd69aoyMsZAXTMGJR7UbSzGWoSNLhjNMYDXprY3ZnAQ3SJDl,"Giải lao thì đừng quên kem nhé!

Giờ giải lao đến rồi, hãy tạm gác lại hết công việc và cùng nhau nhâm nhi kem ngon để ""sạc"" thêm năng lượng  cho bản thân nhé. TH true ICE CREAM với vị ngọt tự nhiên từ sữa tươi sạch cùng lớp kem mềm mịn chắc chắn sẽ ""tô điểm"" cho những phút giây rảnh rang bên đồng nghiệp thêm phần ngọt ngào và vui vẻ đấy.  

⏰ Đồng hồ đã điểm, hãy rủ bạn bè ghé TH true mart mua kem ngay bởi TH true ICE CREAM đang có chương trình tặng 1 kem ốc quế khi mua 1 kem hộp 180g đấy.

► Danh sách cửa hàng TH true mart: https://www.thmilk.vn/he-thong-cua-hang/",44,6,7,2023-03-08 11:43:32,Photo
https://www.facebook.com/thmilk/posts/pfbid02sPac4YNitF741ZwNT9Dp83yaRr6hAz2LWmd37NabK2mJ1QeU4jmx4CdkubUnXE19l,"Từ 28/02 đến 19/03, TH true ICE CREAM đãi bạn với chương trình khuyến mại Tháng 3 cực chất:
- Mua 1 kem Hộp 180ml nhận ngay 1 kem Ốc quế
- Mua 2 kem Sandwich tặng 1 kem Ốc quế
- Mua 4 kem Que 52g nhận ngay 1 kem Hộp 50g

 Chương trình áp dụng khi mua hàng trực tiếp tại cửa hàng TH true mart.
 Ghé ngay cửa hàng gần nhất để không bỏ lỡ các ưu đãi bạn nhé!
✨ Tìm cửa hàng TH true mart gần bạn nhất tại: https://www.thmilk.vn/he-thong-cua-hang/",3494,233,57,2023-02-28 20:36:18,unknown
https://www.facebook.com/thmilk/posts/pfbid02sG3YeZJGpzfFhQL2ESjqv5FwbPhk1FTpgRHicnS4GqADrtpM3Tocp1KKZJvvKYncl,"Ưu đãi từ 1/3 - 30/4 cho Sữa tươi tiệt trùng TH true MILK HILO Giàu Canxi, Ít Béo, Không Lactose: Mua 8 tặng 1 trên toàn quốc, áp dụng khi mua hàng tại hệ thống cửa hàng TH true mart, hệ thống siêu thị, cửa hàng tạp hóa, các kênh sàn thương mại điện tử.

Mua ngay để không bỏ lỡ ưu đãi bạn nhé: 
► Hệ thống cửa hàng TH true mart: https://www.thmilk.vn/he-thong-cua-hang/
► Website: thtruemart.vn
► Ứng dụng: TH eLIFE
► ShopeeFood: https://bit.ly/THtruemart-ShopeeFood
► Grabmart: http://bit.ly/THtruemart-GrabMart
► Baemin: http://bit.ly/THtruemart-Baemin
► Shopee: https://bit.ly/SHP-HILO1
► Tiki: https://bit.ly/TIKI-HILO
► Lazada: https://bit.ly/LZD-HILO",1055,305,28,2023-02-21 05:29:05,Photo
https://www.facebook.com/thmilk/posts/pfbid0aFSZrsvTNBZwxWwFFWm2wcgnQ8hpmakpZuBLpvV1jeLqz6z92rAiePCY4Fk8DrhNl,"Nhờ vào sự ủng hộ nhiệt tình từ phía các bạn với rất nhiều những món ăn mới lạ và độc đáo được gửi về cho Ban Tổ Chức, cuộc thi ""Vui trọn món ngon"" đã khép lại vô cùng thành công. Hãy cùng TH true BUTTER & TH true CHEESE nhìn lại 2 giải Ngon Tuyệt Đỉnh của chương trình và follow fanpage TH true MILK để đón chờ những hoạt động hấp dẫn khác trong tương lai bạn nhé!
#THtrueBUTTER #THtrueCHEESE #Vuitronmonngon",93,14,2,2023-02-13 14:21:51,unknown
https://www.facebook.com/thmilk/posts/pfbid02iDWT39JjsBE8omN87XsQZJbx71wgHviKGW3zEgxFX4gSKBXdX9TfKCuUZTJQQp6bl,"SỮA UỐNG LÊN MEN CHO TIÊU HÓA KHỎE 

Đầu xuân gia đình quây quần sum họp, bổ sung ngay Sữa Uống Lên Men TH true YOGURT PROBIOTICS 85 ml hoàn toàn mới vào thực đơn mẹ nhé! Với 18 tỷ lợi khuẩn mỗi chai, Sữa Uống Lên Men TH true YOGURT PROBIOTICS hỗ trợ tiêu hóa, nâng cao đề kháng và sức khỏe đường ruột, giúp cả gia đình vui xuân mà không lo đầy bụng, cho cả năm mới vui khỏe.",213,54,8,2023-02-05 23:14:37,Photo
https://www.facebook.com/thmilk/posts/pfbid02WJD5KVUT8L1d7wj8CeX7uhY1pQ7uh5itYvBcjTEMc3Q53nPtnfvhn647oJz36hBJl,"NĂM MỚI VUI KHỎE CÙNG BỘ SẢN PHẨM TH TRUE YOGURT 

Bổ sung bộ sản phẩm TH true YOGURT vào thực đơn ngày Tết để gia đình cả năm nay thêm khỏe thêm vui. Bộ sản phẩm TH true YOGURT hoàn toàn từ thiên nhiên, bổ sung lợi khuẩn tốt cho đường ruột, hỗ trợ tiêu hóa khỏe mạnh. TH true YOGURT hỗ trợ tiêu hóa, cho cả gia đình đón Tết tươi vui mà không lo nặng bụng.",120,16,4,2023-01-29 08:07:23,Photo
https://www.facebook.com/thmilk/videos/2137357709791222/,"️️Chúc mừng năm mới Quý Mão ️️

Tạm biệt năm cũ, cùng đón năm mới Quý Mão an khang. TH chúc bạn một năm dồi dào sức khỏe, luôn bình an và hạnh phúc!",87,8,3,2023-01-21 17:00:10,Video
https://www.facebook.com/thmilk/posts/pfbid0fgBh6y4vvtTZD6pZuPwJ1rGvdf3HRhGdBSAxHXF8ar4cUUgspUKy74fxZMYT5ygVl,"Sau một tháng phát động, cuộc thi ""Vui trọn món ngon"" đã nhận được rất nhiều bài dự thi và sự đồng hành của những đầu bếp tài ba. Ban Tổ Chức xin chân thành cảm ơn sự ủng hộ và tham gia nhiệt tình của các bạn. Hãy cùng TH true CHEESE và TH true BUTTER điểm lại bài dự thi đoạt giải ""Ngon Dinh Dưỡng"" và follow fanpage để đón chờ các hoạt động hấp dẫn trong tương lai bạn nhé.  
#THtrueBUTTER #THtrueCHEESE #Vuitronmonngon",49,10,1,2023-01-19 07:06:20,unknown
https://www.facebook.com/thmilk/posts/pfbid05r1PgsPJkcX5agmNoBfVwp8AAVy1KxHUp2tredtsZsBMeVUWYHVWm72NeYcx2Ug5l,"Tiếp thêm năng lượng đón Tết cùng TH true JUICE milk 

Tết đã đến thật gần, bổ sung thêm năng lượng để thật năng động đón Tết bạn nha. Với sự hòa quyện của sữa tươi sạch từ trang trại TH và trái cây tươi tự nhiên, TH true JUICE milk đem đến nguồn năng lượng cho bạn đã khát tức thì cùng nguồn dinh dưỡng tuyệt vời cho sức khỏe. Hương vị thơm ngon đem đến cho bạn nguồn năng lượng tích cực chuẩn bị ngày Tết thật đủ đầy.  

Chọn ngay TH true JUICE thơm ngon ""up mood"" cho bạn tươi vui đón Tết.",68,24,3,2023-01-16 21:12:31,Photo
https://www.facebook.com/thmilk/posts/pfbid02gFPE1McFirJHcKUdZEr6cyN5y2AuTEbyeuq8wjStabRaZpsHGbF9y85t63qaWEdql,"❗️Chuyện gì khó, có TH true YOGURT lo

Bạn còn nhiều thắc mắc về thời hạn chương trình quay thưởng của TH true YOGURT, bạn mong muốn tham gia chương trình nhưng còn phân vân? Hãy để TH true YOGURT giúp bạn giải đáp những thắc mắc đó và cùng chinh phục quà tặng từ chương trình “Tưng bừng mùa lễ hội, Trúng hơn 50.000 quà chất” nhé!

Nhấn vào từng ảnh để theo dõi thông chi tiết!

Website chương trình tại: https://quatangyogurt.thmilk.vn/ 

Đặt hàng ngay:
► Grabmart: http://bit.ly/THtruemart-GrabMart
► ShopeeFood: https://bit.ly/THtruemart-ShopeeFood
► Baemin: http://bit.ly/THtruemart-Baemin
► Loship: https://bit.ly/THtruemart-Loship",39,19,0,2023-01-14 11:18:42,unknown
https://www.facebook.com/thmilk/posts/pfbid02NF1QFF5Vis3cNhYW4oWf7SpeTTpdgyRe1s8PjLVcsaSZtQSTCvaugiHCyisfxg93l,"Công bố kết quả cuộc thi ""Vui Trọn Món Ngon""

Vậy là hành trình đi tìm những ""đầu bếp"" tài ba cùng TH true BUTTER và TH true CHEESE đã khép lại bằng những con số vô cùng ấn tượng với hơn 300 bài dự thi gửi về. Mỗi món ăn đều mang lại ấn tượng rất riêng biệt thể hiện được niềm vui và sự gắn bó ngọt ngào với căn bếp, TH xin chúc mừng những bạn sở hữu màn chế biến xuất sắc nhất và giành về cho mình những giải thưởng cực chất.  
Danh sách người thắng cuộc: https://bit.ly/Ketqua_Vuitronmonngon

Với các khách hàng trúng giải ""Giải ngon tuyệt đỉnh"" và ""Giải ngon dinh dưỡng"", trong vòng 2 ngày làm việc kể từ khi công bố kết quả, Ban Tổ Chức sẽ liên lạc với bạn qua số điện thoại và email bạn cung cấp trong đơn đăng ký tham gia chương trình để thông báo trúng thưởng và thủ tục nhận giải

Với các bài dự thi trúng giải voucher, Ban Tổ Chức sẽ gửi mã voucher qua số điện thoại bạn đăng ký trước 20/1/2023; mã voucher áp dụng khi mua hàng tại hệ thống cửa hàng TH true mart toàn quốc.   

Cảm ơn các bạn đã tham gia và ủng hộ cuộc thi ""Vui trọn món ngon"" cùng TH true CHEESE và TH true BUTTER. 

#vuitronmonngon #THtrueCHEESE #THtrueBUTTER",124,86,8,2023-01-12 01:24:53,Photo
https://www.facebook.com/thmilk/posts/pfbid022P4Rrjmq7yEHNs2eACbggzQYyVjF8BC5unqJAJRzoRKhzwr2xhCyXwAfTTdhBV6Pl,"Xin chúc mừng khách hàng tiếp theo đã may mắn nhận được chiếc Macbook  Air M1 13’’ 256GB trong chương trình quay thưởng cùng TH true YOGURT. Vậy là chỉ còn duy nhất 01 chiếc Macbook  Air M1 13’’ 256GB đang chờ đợi chủ nhân cuối cùng! 

⏱Chương trình quay thưởng sẽ tiếp tục diễn ra đến hết ngày 31/01/2023. Hãy nhanh tay tham gia chương trình để trở thành một trong những khách hàng may mắn sở hữu phần quà giá trị này nhé!

Để tham gia chương trình bạn hãy:
Nhập mã quay thưởng lên website https://quatangyogurt.thmilk.vn/ hoặc nhắn tin mã dự thưởng về tổng đài 6058 theo cú pháp: TH <dấu cách> <mã dự thưởng> gửi 6058 (1.000đ/tin nhắn)

Đặt hàng ngay tại:
► Grabmart: http://bit.ly/THtruemart-GrabMart
► ShopeeFood: https://bit.ly/THtruemart-ShopeeFood
► Baemin: http://bit.ly/THtruemart-Baemin
► Loship: https://bit.ly/THtruemart-Loship",90,38,2,2023-01-09 15:31:04,Photo
https://www.facebook.com/thmilk/posts/pfbid02rPv9wXsihsZeFXsDihtHAidfP1bnpNVHq2j7QD6So8VBjQXhyCUX6BEdtYTCimBal,"HAPPY NEW YEAR 2023 

Một năm nữa lại qua, chúc mừng năm mới 2023! TH chúc bạn một năm mới vạn sự như ý, luôn hạnh phúc và tràn ngập tiếng cười.",189,20,8,2023-01-07 05:37:15,Photo
https://www.facebook.com/thmilk/posts/pfbid02i3a3ChdFPL7ZPRZyt2P4sMWoHUb7GiF77LVYfvxji23zbG92Bc9MKyAHtjbK6uTNl,"Không chỉ là giải chạy học đường, sự kiện cổ vũ các bạn học sinh, sinh viên rèn luyện sức khỏe thông qua các hoạt động thể dục, thể thao, kết hợp cân bằng dinh dưỡng hàng ngày. 

Thông qua giải, tập đoàn TH mong muốn đồng hành, san sẻ trách nhiệm chăm sóc sức khỏe học đường với gia đình, nhà trường và cộng đồng. 

Khép lại năm 2022, S-Race có một kỷ lục Việt Nam và một kỷ lục châu Á: Giải chạy dành cho học sinh, sinh viên có số lượng vận động viên thi đấu nhiều nhất Việt Nam và Giải chạy học đường bằng hình thức trực tiếp và trực tuyến có số lượng học sinh, sinh viên tham gia nhiều nhất Châu Á.",59,4,1,2023-01-04 19:43:26,GenericAttachmentMedia
https://www.facebook.com/thmilk/posts/pfbid02quJbeS8mULArVGyrADZcjReFnEBqpQ3HE2LAD3daMUZtfGtJMq8DxAm4XhuKMDfBl,"Giữ trọn tinh túy từ thiên nhiên, TH true TEA chính là sản phẩm giúp tập đoàn TH nối dài sứ mệnh mang đến những sản phẩm hoàn toàn tự nhiên, mát lành và tốt cho sức khỏe.",82,4,6,2023-01-02 09:49:37,GenericAttachmentMedia
https://www.facebook.com/thmilk/posts/pfbid0BcX1De8zMEWcvvKfA7mVQR8VybVRhvQGQ73DR8cwDxPcqv8grKYg5FyBti64eDUnl,"“Thế hệ sữa chua mới” của TH – Bộ sản phẩm TH true YOGURT có những đổi mới đột phá so với các sản phẩm trên thị trường. Bộ đôi Xoài – Hạt chia và Nếp cẩm tự nhiên đều có hai lớp riêng biệt: lớp sữa chua thơm ngậy bên trên và lớp mứt trái cây dẻo thơm bên dưới, mang tới cho người tiêu dùng trải nghiệm mới lạ, có thể tùy biến sử dụng theo cách riêng.",85,19,4,2022-12-30 23:55:48,GenericAttachmentMedia
https://www.facebook.com/thmilk/posts/pfbid02aCiBFpo2ZrJ9E7YHhg53QrPHZgDjuc8hXw1N72BNNiQVG4JMpJXtGpasto4g2Gw4l,"Kem mới cực đỉnh đã ra mắt, thả tim đậm đà ngay nào! ♥️

Kem Caramel Cà Phê muối mới với sự hòa quyện độc đáo từ vị ngọt nhẹ của caramel, xen lẫn với một chút đậm đà của cà phê muối, chắc chắn sẽ mang đến cho bạn một ""chuyến tàu lượn"" hương vị với rất nhiều sự bất ngờ. Cực xứng đáng để bạn thả tim liền tay đấy. 

Hãy thử ngay kem ngon và đừng quên tặng cho TH true ICE CREAM một tim nhé! ♥️",143,31,6,2022-12-28 14:01:59,Photo
https://www.facebook.com/thmilk/videos/880024403179015/,"SỮA UỐNG LÊN MEN 18 TỶ LỢI KHUẨN - TĂNG CƯỜNG ĐỀ KHÁNG HOÀN TOÀN MỚI

Bảo vệ sức khoẻ cả gia đình với bộ sản phẩm Sữa Uống Lên Men TH true YOGURT PROBIOTICS 85 ml hoàn toàn mới, được làm từ sữa tươi sạch nguyên chất của trang trại TH cùng hàm lượng lợi khuẩn cao khoảng 18 tỷ lợi khuẩn/ chai - 72 tỷ lợi khuẩn/ lốc giúp hỗ trợ tăng cường đề kháng và sức khoẻ đường ruột, cho gia đình vui khoẻ mỗi ngày.

► Website: https://www.thtruemart.vn/
► Danh sách cửa hàng: https://www.thmilk.vn/he-thong-cua-hang/
► Grabmart: http://bit.ly/THtruemart-GrabMart
► ShopeeFood: https://bit.ly/THtruemart-ShopeeFood
► Baemin: http://bit.ly/THtruemart-Baemin
► Loship: https://bit.ly/THtruemart-Loship",195,24,9,2022-12-26 04:08:10,Video
https://www.facebook.com/thmilk/videos/891111895654472/,"SỮA UỐNG LÊN MEN 18 TỶ LỢI KHUẨN - TĂNG CƯỜNG ĐỀ KHÁNG HOÀN TOÀN MỚI

Bảo vệ sức khoẻ cả gia đình với bộ sản phẩm Sữa Uống Lên Men TH true YOGURT PROBIOTICS 85 ml hoàn toàn mới, được làm từ sữa tươi sạch nguyên chất của trang trại TH cùng hàm lượng lợi khuẩn cao khoảng 18 tỷ lợi khuẩn/ chai - 72 tỷ lợi khuẩn/ lốc giúp hỗ trợ tăng cường đề kháng và sức khoẻ đường ruột, cho gia đình vui khoẻ mỗi ngày.

► Website: https://www.thtruemart.vn/
► Danh sách cửa hàng: https://www.thmilk.vn/he-thong-cua-hang/
► Grabmart: http://bit.ly/THtruemart-GrabMart
► ShopeeFood: https://bit.ly/THtruemart-ShopeeFood
► Baemin: http://bit.ly/THtruemart-Baemin
► Loship: https://bit.ly/THtruemart-Loship",244,30,9,2022-12-26 03:51:59,Video
https://www.facebook.com/thmilk/posts/pfbid0nNeRB6JNyox957eEwWgMfRgysZhQESELo6acr6eLwg9rHSkxBdd7Fqd1BNDMp3Cul,"Merry Christmas! TH chúc bạn một mùa Giáng sinh an lành, ấm áp, tràn đầy niềm vui bên gia đình và bạn bè.",107,4,5,2022-12-24 22:09:23,Photo
https://www.facebook.com/thmilk/posts/pfbid0XwYsyeFs2QbzMJcE4ha4Rpq7qre3W19W5brrnY2QtbGc31hoHkRhA1g7BYGBWN77l,"Xích lại gần nhau hơn với sự ngọt ngào của Kem Caramel Cà Phê Muối MỚI ♥️

Mọi khoảng cách trong lòng dù có xa cách đến đâu, cũng đều có thể được ""xóa tan"" nhờ kem Caramel Cà Phê Muối mới. Sự ngọt ngào của caramel hòa quyện với sự đậm đà từ cà phê muối thay lời muốn nói, đưa mọi người xích gần nhau hơn. 

 Đường đến bên nhau rất gần chỉ cần có kem ngon thôi, thử ngay vị kem mới độc đáo này nhé!",63,4,4,2022-12-23 16:26:47,Photo
https://www.facebook.com/thmilk/posts/pfbid0T9HMA1Z1hdeRMPSvpeUSQ5YmRLnqXAg1bc3VTFohBE4v7rLwhyCXMQu27m3Nr2Ufl,"Trái dấu hút nhau với Kem Caramel Cà Phê Muối MỚI ❤️

Sự đối lập giữa vị mặn mà của Cà Phê Muối và vị béo ngọt của Caramel tạo nên vị ngon bất ngờ đấy! ""Spotlight"" của Kem Caramel Cà Phê Muối không chỉ nằm ở sự hòa quyện ""trái dấu"" mà còn độc đáo bởi lớp kem mềm mịn béo ngậy từ sữa tươi sạch nguyên chất hoàn toàn thiên nhiên của nhà TH nữa.  

Hãy thưởng thức ngay sự ""trái dấu"" cực đỉnh này nhé!",92,13,4,2022-12-22 10:44:11,Photo
https://www.facebook.com/thmilk/videos/697064828798195/,"[HOÀN TOÀN MỚI] Kem TH true ICE CREAM vị Caramel Cà Phê Muối Tự Nhiên ☀
 - Hương vị độc đáo, mới lạ: hòa quyện giữa vị cà phê tự nhiên cùng caramel muối giúp trải nghiệm đậm đà mới lạ đầy hấp dẫn.
- Chất kem mềm mịn, giữ được vị thơm ngon đặc trưng và các dưỡng chất có trong sữa tươi.
- Thơm ngon tự nhiên, không chất phụ gia và  không chất bảo quản.
- Sản xuất theo tiêu chuẩn quốc tế.
 Kem TH true ICE CREAM vị Caramel Cà Phê Muối Vị Tự Nhiên gồm Kem que 52 g, Kem hộp 50 g, và Kem hộp 180 g đã lên kệ trên hệ thống cửa hàng TH true mart, các siêu thị và cửa hàng tạp hóa trên toàn quốc.
Thử ngay vị kem độc đáo này bạn nhé!
#THtrueICECREAM",636,25,9,2022-12-21 05:01:35,Video
https://www.facebook.com/thmilk/posts/pfbid02Lm4Pyk6s6Sfi3m4MAwrDiLCrJFkkLfFxSWTMKR3FTKqDBbTMjiKAjwdoFLeorL8Fl," CHÚC MỪNG KHÁCH HÀNG MAY MẮN TRÚNG MÁY ẢNH FUJIFILM INSTAX MINI 11 CỦA TH true YOGURT

Đã có rất nhiều khách hàng tham gia Chương trình ""Tưng bừng mùa lễ hội, Trúng hơn 50.000 quà chất"" và nhận được những phần quà hấp dẫn. TH true YOGURT xin chúc mừng chủ nhân may mắn tiếp theo đã trúng giải Máy ảnh Fujifilm Instax Mini 11!

Nhanh tay trở thành một trong những khách hàng may mắn sở hữu Fujifilm Instax Mini 11 cùng TH true YOGURT chỉ với ba bước đơn giản:

1️⃣ Bước 1: Mở lốc, lấy mã số dự thưởng từ thẻ dự thưởng
2️⃣ Bước 2: Nhập mã quay thưởng lên website https://quatangyogurt.thmilk.vn/ hoặc nhắn tin mã dự thưởng về tổng đài 6058 theo cú pháp: TH <dấu cách> <mã dự thưởng> gửi 6058 (1.000đ/tin nhắn)
3️⃣ Bước 3: Quay thưởng

Đặt hàng ngay tại:
► Grabmart: http://bit.ly/THtruemart-GrabMart
► ShopeeFood: https://bit.ly/THtruemart-ShopeeFood
► Baemin: http://bit.ly/THtruemart-Baemin
► Loship: https://bit.ly/THtruemart-Loship",82,9,1,2022-12-19 15:01:44,unknown
https://www.facebook.com/thmilk/posts/pfbid028iScBH4aKL6F3pP88sCoU7GGGpeCKo7S3McSmiKhu4rwD3JZWd1wxKNudnYWyzXjl,"Kem Caramel Cà Phê Muối mới cực ngon cho trận bóng thêm thăng hạng ⚽

️Trận chung kết bóng đá lớn nhất hành tinh sắp diễn ra vào tối nay đang khiến các fan yêu bóng cực kì mong chờ. Chuẩn bị ít đồ ăn vặt, một chút bỏng ngô với vài hộp kem Caramel Cà Phê muối mới từ TH true ICE CREAM để cảm xúc thêm phần sôi nổi và hào hứng nhé

♥️ Hãy để sự đậm đà từ Caramel và Cà phê muối cho trải nghiệm thêm bùng nổ với trận chung kết được mong chờ nhất nhé!",78,6,6,2022-12-18 01:01:53,Photo
https://www.facebook.com/thmilk/videos/568481241717100/,"[HOÀN TOÀN MỚI] Kem TH true ICE CREAM vị Caramel Cà Phê Muối Tự Nhiên ☀
 - Hương vị độc đáo, mới lạ: hòa quyện giữa vị cà phê tự nhiên cùng caramel muối giúp trải nghiệm đậm đà mới lạ đầy hấp dẫn.
- Chất kem mềm mịn, giữ được vị thơm ngon đặc trưng và các dưỡng chất có trong sữa tươi.
- Thơm ngon tự nhiên, không chất phụ gia và  không chất bảo quản.
- Sản xuất theo tiêu chuẩn quốc tế.
 Kem TH true ICE CREAM vị Caramel Cà Phê Muối Vị Tự Nhiên gồm Kem que 52 g, Kem hộp 50 g, và Kem hộp 180 g đã lên kệ trên hệ thống cửa hàng TH true mart, các siêu thị và cửa hàng tạp hóa trên toàn quốc.
Thử ngay vị kem độc đáo này bạn nhé!
#THtrueICECREAM",2188,116,22,2022-12-16 11:02:03,Video
https://www.facebook.com/thmilk/posts/pfbid0vZP6nrVam67Aq6BieeeCqpW3kDtDULKFsdm2GbdJJvwGvLv69AtkGohCE24Ea611l,"Thêm vị ngọt ngào cho Giáng Sinh này với Kem Caramel Cà Phê Muối MỚI ♥️

❄ Không khí Giáng sinh đã ngập tràn trên các con phố rồi, nếu bạn vẫn đang lên kế hoạch cho mùa lễ hội cuối năm thì sao không thử thêm Kem Caramel Cà Phê Muối từ TH true ICE CREAM vào dự định của bạn nhỉ? Lớp kem mềm mịn cùng vị ngon độc đáo hòa quyện giữa hương vị cà phê tự nhiên và caramel muối sẽ giúp dịp lễ của bạn thêm phần ấm áp hơn đấy.

⛄Cùng gia đình và những người thân yêu thưởng thức món Kem Caramel Cà Phê Muối đặc biệt trong dịp Noel này nhé!",98,16,6,2022-12-15 10:02:21,Photo
https://www.facebook.com/thmilk/posts/pfbid023RTD7aW6fnrpyE8gdvgunTWZWv3ff5WbPHU84rwV6Bj9C6jgpQeK45aoMpxszyaLl," Tham gia Mùa lễ hội Uống TOPKID | Quay số trúng quà xịn 

 Sử dụng mã quay thưởng in trên thẻ Lớp học Mật Ngữ để tham gia chương trình ""Quay thưởng trúng quà xịn"" với các quà tặng cực hấp dẫn:
 Đồng hồ định vị 
 Balo chống gù TOPKID
 Thẻ điện thoại 10.000đ

Chi tiết chương trình xem tại: https://quatangtopkid.thmilk.vn/

Ghé thăm hệ thống siêu thị toàn quốc, hệ thống cửa hàng TH true mart hoặc đặt hàng online ngay:
► Website: https://www.thtruemart.vn/
► Danh sách cửa hàng: https://www.thmilk.vn/he-thong-cua-hang/ 
Chi tiết chương trình xem tại: https://quatangtopkid.thmilk.vn/",116,85,4,2022-12-14 09:02:39,unknown
https://www.facebook.com/thmilk/posts/pfbid0AM26bFCfZ5ahTqJZeS3voChEoAHb97cZJHtZqRx3597uZ6Yk2CC4TFPNFnvQZMiCl,"Nhận ngay 1 TÚI GIỮ NHIỆT CAO CẤP khi mua 9 kem que TH true ICE CREAM tại cửa hàng TH true mart toàn quốc

Nhân dịp cuối năm, TH true mart tặng bạn 1 TÚI GIỮ NHIỆT cực xinh khi mua 9 kem que 52g VỊ BẤT KÌ từ ngày 15/12/2022 đến 31/12/2022

⚡Đừng bỏ lỡ cơ hội sở hữu chiếc túi giữ nhiệt trẻ trung, hiện đại và hãy ghé thăm cửa hàng TH true mart gần nhất ngay nhé!

Danh sách cửa hàng TH true mart trên toàn quốc: https://www.thmilk.vn/he-thong-cua-hang/",285,164,15,2022-12-13 08:02:57,Photo
https://www.facebook.com/thmilk/posts/pfbid02w6ixBoCjmmAsEakQhjdWrHrcdNCoTs5pTGK57ufcdhEL51AFo8jq6UkGwexNSG8ol,"[HOÀN TOÀN MỚI] Kem TH true ICE CREAM vị Caramel Cà Phê Muối Tự Nhiên ☀
 - Hương vị độc đáo, mới lạ: hòa quyện giữa vị cà phê tự nhiên cùng caramel muối giúp trải nghiệm đậm đà mới lạ đầy hấp dẫn.
- Chất kem mềm mịn, giữ được vị thơm ngon đặc trưng và các dưỡng chất có trong sữa tươi.
- Thơm ngon tự nhiên, không chất phụ gia và  không chất bảo quản.
- Sản xuất theo tiêu chuẩn quốc tế.

 Kem TH true ICE CREAM vị Caramel Cà Phê Muối Vị Tự Nhiên gồm Kem que 52 g, Kem hộp 50 g, và Kem hộp 180 g đã lên kệ trên hệ thống cửa hàng TH true mart, các siêu thị và cửa hàng tạp hóa trên toàn quốc.

Thử ngay vị kem độc đáo này bạn nhé!

#THtrueICECREAM",1765,219,41,2022-12-12 07:03:15,Photo
https://www.facebook.com/thmilk/posts/pfbid0LGLZmfWJNGADm9oWmgC68DNjGFsxjEasGW27Gym8pmmu2d1p77Qv3Yc5SPM2GfqGl," Quay số trúng quà xịn | Nhận Balo chống gù TOPKID siêu xinh 

Với thiết kế rộng rãi, chất liệu cứng cấp cùng họa tiết sinh động, balo chống gù TOPKID chắc chắn sẽ là món quà tuyệt vời cùng bé yêu tới trường. 

Hãy nhanh tay nhập mã quay thưởng trên thẻ TOPKID lên website https://quatangtopkid.thmilk.vn để tham gia chương trình Quay số trúng quà xịn để có cơ hội trúng nhiều phần quà hấp dẫn nhé!

Ghé thăm hệ thống siêu thị toàn quốc, hệ thống cửa hàng TH true mart hoặc đặt hàng online ngay:
► Website: https://www.thtruemart.vn/
► Danh sách cửa hàng: https://www.thmilk.vn/he-thong-cua-hang/
Chi tiết chương trình xem tại: https://quatangtopkid.thmilk.vn/",78,41,1,2022-12-11 06:03:33,unknown
https://www.facebook.com/thmilk/posts/pfbid02wJ5hzshJKhmoGVofe1K5N9sdqmQEomf3qQNFQhCKpsY8D3jYvgqQHN1VM71MnLmWl,"Tặng ngay 1 TÚI GIỮ NHIỆT CAO CẤP khi mua TH true ICE CREAM tại các siêu thị trên toàn quốc. 

 Từ nay đến 31/1/2023, nhận ngay 1 TÚI GIỮ NHIỆT CAO CẤP từ TH true ICE CREAM khi mua:
- 3 kem hộp 180g
- hoặc 4 kem sandwich 62g/ hộp 50g/ốc quế 73g
- hoặc 5 kem que 52g

 Ghé các siêu thị theo dưới đây để rinh ngay túi giữ nhiệt tiện dụng, kiểu dáng trẻ trung, màu sắc hiện đại & giữ trọn vị ngon khi mang kem về nhà cho cả gia đình bạn nhé!

Chuỗi siêu thị áp dụng chương trình:
Vinmart; Vinmart MN, Coop; Aeon; Aeon Citimart MN; Big C; Lotte; Emart; Satra; RomeA; Con Cưng; Mega; V+ Hòa Bình; BRG; Lotus; Kmart; B11 Kim Liên.
Danh sách chi tiết: https://bit.ly/sieu-thi-tang-tui-giu-nhiet-ice-cream (Tiếp tục được cập nhật)

(*) Hình ảnh sản phẩm mang tính chất minh họa",4010,883,107,2022-12-10 05:03:51,unknown
https://www.facebook.com/thmilk/videos/871894254243319/,"Cùng làm bắp rang bơ caramel thơm ngon cho cuối tuần thêm chill nào bạn.

Chỉ còn một ngày nữa để thử sức với cuộc thi “Vui trọn món ngon” cùng TH true BUTTER và TH true CHEESE (Hạn cuối ngày 10/12/2022); tổng giá trị giải thưởng tới gần 100 triệu:
- Giải ngon Tuyệt Đỉnh: 2 iPAD Pro 11 trị giá 25 triệu đồng
- Giải ngon Dinh Dưỡng: 1 Airpod 3 trị giá 4.6 triệu đồng
- Giải ngon Tự Nhiên: 75 Voucher trị giá 500 ngàn đồng khi mua hàng tại TH true mart

  Tìm hiểu thể lệ và tham gia ngay tại: https://www.facebook.com/thmilk/posts/8538457902861771",72,7,9,2022-12-09 04:04:09,Video
https://www.facebook.com/thmilk/posts/pfbid0FfDAsB4fR5YrdqDv9somqkhpmcdTtYQKyHWeJKBiiNzXKebGEJHwUs6BbkXnkVGcl,"[HOÀN TOÀN MỚI] BỘ SẢN PHẨM SỮA CHUA CAO CẤP MỚI XOÀI – HẠT CHIA TỰ NHIÊN VÀ NẾP CẨM TỰ NHIÊN

Trải nghiệm bộ sản phẩm Sữa Chua Cao Cấp Xoài – Hạt Chia Tự Nhiên và Nếp Cẩm Tự Nhiên TH true YOGURT 110g mới hoàn toàn từ thiên nhiên với sự kết hợp độc đáo giữa sữa tươi sạch của trang trại TH, lên men tự nhiên cùng các nguyên liệu Cao Cấp được tuyển chọn từ những vùng đất nổi tiếng trên thế giới mang lại trải nghiệm thưởng thức vô cùng thú vị.

Sản phẩm gồm hai lớp: Lớp sữa chua thơm ngậy và lớp mứt tự nhiên hấp dẫn mang lại trải nghiệm thưởng thức độc đáo, hoàn toàn mới cho người tiêu dùng – có thể tùy biến sử dụng theo cách riêng.

► Danh sách cửa hàng TH true mart: https://www.thmilk.vn/he-thong-cua-hang/
► Website: https://www.thtruemart.vn/san-pham/s-a-chua-t-nhien-x/
► Grabmart: http://bit.ly/THtruemart-GrabMart
► ShopeeFood: https://bit.ly/THtruemart-ShopeeFood
► Baemin: http://bit.ly/THtruemart-Baemin
► Loship: https://bit.ly/THtruemart-Loship",2626,246,57,2022-12-08 12:18:39,Photo
https://www.facebook.com/thmilk/posts/pfbid0U5ZSQjf16hDDYEV9fqqJCVKJwXZysRUazNx79qPQxv8TkKfCPdnSBt4BLN14eNgol,"2 NGÀY CUỐI CÙNG ĐỂ THAM GIA CUỘC THI VUI TRỌN MÓN NGON VỚI CƠ HỘI NHẬN NGAY HÀNG LOẠT GIẢI THƯỞNG HẤP DẪN

⏰ Đồng hồ đang đếm ngược, chỉ còn 2 ngày nữa là cuộc thi Vui trọn món ngon sẽ chính thức được khép lại. Đã có thêm rất nhiều hình ảnh và video những món ăn cực đẹp mắt và tâm huyết được gửi tới chương trình. Vậy hãy cùng BTC tiếp tục xem lại những bài dự thi chất lượng nhé.

 Và để không bỏ lỡ hàng loạt giải thưởng cực chất lên đến 100 triệu đồng, hãy nhanh tay tham gia Vui trọn món ngon để thể hiện tài năng nấu nướng của bản thân mình với TH true BUTTER và TH true CHEESE ngay nhé. Mong vào 2 ngày cuối cùng này, BTC sẽ nhận được thêm nhiều bài dự thi hơn nữa từ các đầu bếp tài ba!

Xem thêm thể lệ và thông tin chi tiết cuộc thi tại: https://www.facebook.com/thmilk/posts/8538457902861771",56,10,2,2022-12-07 20:33:09,unknown
https://www.facebook.com/thmilk/videos/859829155467097/,"  NƯỚC UỐNG SỮA TRÁI CÂY TH true JUICE milk TOPKID HOÀN TOÀN MỚI  
Với mong muốn đem lại nhiều lựa chọn và trải nghiệm sản phẩm đa dạng hơn dành cho trẻ em, TH trân trọng giới thiệu hai sản phẩm mới: Nước uống sữa trái cây TH true JUICE milk TOPKID Cam Tự Nhiên 180 ml và Nước uống sữa trái cây TH true JUICE milk TOPKID Dâu Tự Nhiên 180 ml. 
Hai sản phẩm này được nghiên cứu và phát triển với các đặc điểm nổi bật:
☀️ Sữa tươi sạch nguyên chất của trang trại TH
☀️ Nước trái cây tự nhiên
☀️ Bổ sung bộ vi chất TOPKID giúp phát triển não bộ và chiều cao
Thông tin chi tiết xem tại: https://www.thmilk.vn/tap-doan-th-ra-mat-nuoc-uong-sua.../ 
Ghé thăm hệ thống siêu thị toàn quốc, hệ thống cửa hàng TH true mart hoặc đặt hàng online ngay:
► Website: https://www.thtruemart.vn/
► Danh sách cửa hàng: https://www.thmilk.vn/he-thong-cua-hang/",63,18,14,2022-12-07 04:47:39,Video
https://www.facebook.com/thmilk/posts/pfbid0AiCvrZcwfGhPewtRnrnvvoU4bde6AYHM1rBQAZEQB91BQ3hiF1X7iiMCFLqbyfXVl," Uống TH true YOGURT - Săn ngay mã thẻ Esport Garena

Vẫn còn hơn 5.000 mã thẻ Garena đang chờ đợi những khách hàng may mắn tiếp theo trong chương trình ""TH true YOGURT – Tưng bừng mùa lễ hội, Trúng hơn 50.000 quà chất""

Các bạn đã quay trúng mã thẻ Esport Garena hãy thực hiện những bước đơn giản sau để đổi mã nhận thưởng nhé!

Đặt hàng ngay tại:
► Grabmart: http://bit.ly/THtruemart-GrabMart
► ShopeeFood: https://bit.ly/THtruemart-ShopeeFood
► Baemin: http://bit.ly/THtruemart-Baemin
► Loship: https://bit.ly/THtruemart-Loship",37,5,1,2022-12-06 18:42:06,unknown
https://www.facebook.com/thmilk/videos/471537398439769/,"Thử ngay công thức làm bánh bông lan sô cô la cực dễ cho ngày thêm ngọt ngào nhé. 

Chỉ còn 3 ngày nữa, cuộc thi “Vui trọn món ngon” với TH true BUTTER và TH true CHEESE với tổng giá trị giải thưởng tới gần 100 triệu sẽ kết thúc. Hãy tham gia ngay để có cơ hội nhận những phần quà hấp dẫn:
- 2 Giải ngon Tuyệt Đỉnh:  iPAD Pro 11 trị giá 25 triệu đồng
- 1 Giải ngon Dinh Dưỡng: Airpod 3 trị giá 4.6 triệu đồng
- 75 Giải ngon Tự Nhiên: Voucher trị giá 500 ngàn đồng khi mua hàng tại TH true mart
 Hạn cuối tham gia: 9/12/2022

 Tìm hiểu thể lệ và tham gia ngay tại: https://www.facebook.com/thmilk/posts/8538457902861771",41,9,10,2022-12-06 08:36:34,Video
https://www.facebook.com/thmilk/videos/1981334228723393/,"Red velvet cupcake cream cheese béo ngậy cực phù hợp cho các tín đồ phô mai cùng TH true BUTTER.
  Cùng vào bếp với cuộc thi “Vui trọn món ngon” với TH true BUTTER và TH true CHEESE (Diễn ra từ ngày 10/11 tới 10/12/2022) để rinh ngay cơ hội nhận hàng loạt giải thưởng với tổng giá trị lên tới gần 100 triệu đồng:
- 2 Giải ngon Tuyệt Đỉnh: iPAD Pro 11 trị giá 25 triệu đồng
- 1 Giải ngon Dinh Dưỡng: Airpod 3 trị giá 4.6 triệu đồng
- 75 Giải ngon Tự Nhiên: Voucher trị giá 500 ngàn đồng khi mua hàng tại TH true mart
  Tìm hiểu thể lệ và tham gia ngay tại: https://www.facebook.com/thmilk/posts/8538457902861771",49,4,2,2022-12-04 07:25:22,Video
https://www.facebook.com/thmilk/posts/pfbid0jJJfcuBK7Un6pBGMjM3RmLvdPp6jLNR6bFMg2bMjpsoKEbz2eZpTiFBnuSFy4dral,"SỮA UỐNG LÊN MEN 18 TỶ LỢI KHUẨN - TĂNG CƯỜNG ĐỀ KHÁNG HOÀN TOÀN MỚI

Bảo vệ sức khoẻ cả gia đình với bộ sản phẩm Sữa Uống Lên Men TH true YOGURT PROBIOTICS 85 ml hoàn toàn mới, được làm từ sữa tươi sạch nguyên chất của trang trại TH cùng hàm lượng lợi khuẩn cao khoảng 18 tỷ lợi khuẩn/ chai - 72 tỷ lợi khuẩn/ lốc giúp hỗ trợ tăng cường đề kháng và sức khoẻ đường ruột, cho gia đình vui khoẻ mỗi ngày.

► Website: https://www.thtruemart.vn/
► Danh sách cửa hàng: https://www.thmilk.vn/he-thong-cua-hang/
► Grabmart: http://bit.ly/THtruemart-GrabMart
► ShopeeFood: https://bit.ly/THtruemart-ShopeeFood
► Baemin: http://bit.ly/THtruemart-Baemin
► Loship: https://bit.ly/THtruemart-Loship",110,33,29,2022-12-03 06:44:19,Photo
https://www.facebook.com/thmilk/posts/pfbid02r8Qj1zLpib1SVfPrvEozrfVnmneFAqS3QS6R1EMiJbczyuHzWY1Vhoj4z2cHSfZUl,"SỮA UỐNG LÊN MEN 18 TỶ LỢI KHUẨN - TĂNG CƯỜNG ĐỀ KHÁNG HOÀN TOÀN MỚI

Bảo vệ sức khoẻ cả gia đình với bộ sản phẩm Sữa Uống Lên Men TH true YOGURT PROBIOTICS 85 ml hoàn toàn mới, được làm từ sữa tươi sạch nguyên chất của trang trại TH cùng hàm lượng lợi khuẩn cao khoảng 18 tỷ lợi khuẩn/ chai - 72 tỷ lợi khuẩn/ lốc giúp hỗ trợ tăng cường đề kháng và sức khoẻ đường ruột, cho gia đình vui khoẻ mỗi ngày.

► Website: https://www.thtruemart.vn/
► Danh sách cửa hàng: https://www.thmilk.vn/he-thong-cua-hang/
► Grabmart: http://bit.ly/THtruemart-GrabMart
► ShopeeFood: https://bit.ly/THtruemart-ShopeeFood
► Baemin: http://bit.ly/THtruemart-Baemin
► Loship: https://bit.ly/THtruemart-Loship",3470,320,74,2022-12-02 06:03:17,Photo
https://www.facebook.com/thmilk/posts/pfbid02GpoyMQLzeBDM6BRg8db8BNZHm2vcer7UgUj6gUcmpYTyowYs8AgVUkNHoCi8TQakl,"Tiếp tục nhìn lại những bài thi ấn tượng của Vui trọn món ngon

Cuộc thi Vui trọn món ngon đang nhận được rất nhiều sự yêu mến từ phía các đầu bếp tài năng khi những bài thi chất lượng và độc đáo liên tục được gửi tới BTC. Các món ăn đều rất đa dạng và đẹp mắt, hãy cùng TH điểm qua vài bài dự thi cực chất lượng nhé.

Nếu bạn là một người yêu bếp ưa thích nấu nướng thì hãy thử sức ngay vs cuộc thi Vui trọn món ngon của TH true CHEESE và TH true BUTTER để nắm lấy cơ hội trúng hàng loạt giải thưởng cực giá trị và hấp dẫn nhé.

Xem thêm tại https://www.facebook.com/thmilk/posts/8538457902861771",63,11,5,2022-12-01 05:22:15,unknown
https://www.facebook.com/thmilk/posts/pfbid032CnxQTvrRLWJkUfpx36YVrMGNvyiEPFF1zFqevHmRz5hvT7BDJRvQdRVrx7BTb2Dl,"⚡Chỉ còn 7 ngày để nắm bắt cơ hội rinh hàng loạt giải thưởng lên đến 100 triệu đồng với Vui trọn món ngon

 Cuộc thi nấu ăn của TH true CHEESE và TH true BUTTER đã đi được hơn nửa chặng đường với rất nhiều những món ăn ngon mắt đã được gửi tới chương trình. TH rất ấn tượng bởi công sức các bạn đã đầu tư vào bài thi của mình và chắc chắn các đầu bếp của Vui trọn món ngon sẽ thấy rất tự hào về bản thân rồi. 

Và nếu bạn là một người yêu bếp thì hãy nhanh tay đăng kí cuộc thi Vui trọn món ngon, BTC vẫn đang mở cổng dự thi để chờ đón thêm các bài thi chất lượng từ các bạn đấy. Cùng vào bếp trổ tài nấu nướng và chụp/quay ngay lại thành quả của mình và gửi tới chương trình ngay nhé.

Xem thêm thể lệ và thông tin chi tiết cuộc thi tại: https://www.facebook.com/thmilk/posts/8538457902861771",46,8,1,2022-11-30 04:41:13,Photo
https://www.facebook.com/thmilk/videos/497683175668767/,"Thưởng thức Brownie ấm nóng, thơm nức mùi bơ với TH true BUTTER bạn nhé. 
 
 Và đừng quên tham gia cuộc thi “Vui trọn món ngon” với TH true BUTTER và TH true CHEESE (Diễn ra từ ngày 10/11 tới 10/12/2022) với tổng giá trị giải thưởng tới gần 100 triệu:
- Giải ngon Tuyệt Đỉnh: 2 iPAD Pro 11 trị giá 25 triệu đồng
- Giải ngon Dinh Dưỡng: 1 Airpod 3 trị giá 4.6 triệu đồng
- Giải ngon Tự Nhiên: 75 Voucher trị giá 500 ngàn đồng khi mua hàng tại TH true mart

 Tìm hiểu thể lệ và tham gia ngay tại: https://www.facebook.com/thmilk/posts/8538457902861771",63,8,17,2022-11-29 04:00:11,Video
https://www.facebook.com/thmilk/posts/pfbid0sKyfLK1RX5Lr6SyFF2T29EijhbiBzcfvatgrUX2GZwMLZWCRJYKqBfZ8eSGaj5bBl," Lưu giữ khoảnh khắc cùng Fujifilm Instax Mini 11 khi mua TH true YOGURT

Mùa lễ hội cuối năm bạn đã có kế hoạch tổ chức những buổi gặp mặt ấm cúng hay những bữa tiệc tưng bừng cùng nhóm bạn thân chưa? Hãy tham gia chương trình quay thưởng của TH true YOGURT với cơ hội nhận được chiếc máy ảnh chụp lấy phim ngay Fujifilm Instax  Mini 11 để lưu lại những khoảnh khắc đáng nhớ đó nhé!

Chỉ với các bước vô cùng đơn giản bạn đã có ngay cơ hội cho mình:

1️⃣ Bước 1: Mở lốc, lấy mã số dự thưởng từ thẻ dự thưởng
2️⃣ Bước 2: Nhập mã quay thưởng lên website https://quatangyogurt.thmilk.vn/ hoặc nhắn tin mã dự thưởng về tổng đài 6058 theo cú pháp: TH <dấu cách> <mã dự thưởng> gửi 6058 (1.000đ/tin nhắn)
3️⃣ Bước 3: Quay thưởng

Đặt hàng ngay tại:
► Grabmart: http://bit.ly/THtruemart-GrabMart
► ShopeeFood: https://bit.ly/THtruemart-ShopeeFood
► Baemin: http://bit.ly/THtruemart-Baemin
► Loship: https://bit.ly/THtruemart-Loship",54,14,6,2022-11-28 05:36:23,Photo
https://www.facebook.com/thmilk/videos/1116969835681407/,"Vào bếp với món mỳ ý thơm ngon chưa bao giờ đơn giản đến vậy với TH true BUTTER.
 Cùng tham gia cuộc thi “Vui trọn món ngon” với TH true BUTTER và TH true CHEESE để rinh những phần quà cực hấp dẫn với tổng giá trị tới gần 100 triệu:
- Giải ngon Tuyệt Đỉnh: 2 iPAD Pro 11 trị giá 25 triệu đồng
- Giải ngon Dinh Dưỡng: 1 Airpod 3 trị giá 4.6 triệu đồng
- Giải ngon Tự Nhiên: 75 Voucher trị giá 500 ngàn đồng khi mua hàng tại TH true mart

 Tìm hiểu thể lệ và tham gia ngay tại: https://www.facebook.com/thmilk/posts/8538457902861771",43,2,4,2022-11-27 07:12:35,Video
https://www.facebook.com/thmilk/videos/674403160947409/," BÌNH NƯỚC TOPKID ĐỒNG HÀNH CÙNG BÉ TRONG
NHỮNG GIỜ HỌC VÀ CHƠI

Ba mẹ đã sưu tầm được hết những phần quà đặc biệt của TH TOPKID cho các bé chưa nhỉ? Với bình nước TOPKID, ba mẹ sẽ chẳng cần lo bé không uống đủ nước mỗi ngày trong những giờ học tập và vui chơi nữa rồi!

Hãy nhanh tay đổi 24 thẻ Lớp học Mật Ngữ để nhận được bình nước cực tiện lợi của TH TOPKID cho bé của mình nhé!

✔️Để có thể đổi được bình nước và các phần quà khác từ TH TOPKID, ba mẹ và bé cùng đến các cửa hàng TH true mart hoặc các điểm bán lẻ có bán sản phẩm Sữa chua uống tiệt trùng TH true YOGURT TOPKID và Nước uống sữa trái cây TH true JUICE milk TOPKID có tham gia chương trình trên toàn quốc.

Thời hạn đổi quà đến hết 31/01/2023.

Ghé thăm hệ thống siêu thị toàn quốc, hệ thống cửa hàng TH true mart hoặc đặt hàng online ngay:
► Website: https://www.thtruemart.vn/
► Danh sách cửa hàng: https://www.thmilk.vn/he-thong-cua-hang/",59,18,9,2022-11-26 13:27:22,Video
https://www.facebook.com/thmilk/posts/pfbid02KW7AGMwQwkXSppq8NYYpgkvhc6CiLWw9biHt42Zb1XotXj9ZQudBGgeNZZ5FFmtel,"Những bài dự thi ấn tượng của các đầu bếp tài ba cuộc thi Vui trọn món ngon

Cuộc thi nấu ăn với TH true BUTTER và TH true CHEESE đã trải qua được 2 tuần với rất nhiều những món ăn mới lạ, ngon mắt đã được gửi về cho BTC. Các món ăn đa dạng về hương vị với cách trang trí cực độc đáo nhưng đều thể hiện một cảm xúc chung, đó là sự hạnh phúc ngập tràn trong căn bếp. Cùng TH điểm lại một số bài thi ấn tượng đã đăng ký tham gia nhé. 

 Và đừng quên nhanh tay đăng kí tham gia cuộc thi Vui trọn món ngon để tiếp tục lan tỏa niềm vui trọn vẹn nơi căn bếp với TH và có cơ hội nhận được hàng loạt giải thưởng cực hấp dẫn đấy:
- Giải ngon Tuyệt Đỉnh: 2 iPAD Pro 11 trị giá 25 triệu đồng
- Giải ngon Dinh Dưỡng: 1 Airpod 3 trị giá 4.6 triệu đồng
- Giải ngon Tự Nhiên: 75 Voucher trị giá 500 ngàn đồng khi mua hàng tại TH true mart

 Xem thêm thể lệ chi tiết tại: https://www.facebook.com/thmilk/posts/8538457902861771",84,22,2,2022-11-25 09:27:44,unknown
https://www.facebook.com/thmilk/posts/pfbid02xJQBrLN3utMS6Pw7VtzBrZdd1o82xseqiBfEsCyNiA4vmFcqzM3BQfR9sAxGGX4Tl,"  NƯỚC UỐNG SỮA TRÁI CÂY TH true JUICE milk TOPKID HOÀN TOÀN MỚI  

Với mong muốn đem lại nhiều lựa chọn và trải nghiệm sản phẩm đa dạng hơn dành cho trẻ em, TH trân trọng giới thiệu hai sản phẩm mới: Nước uống sữa trái cây TH true JUICE milk TOPKID Cam Tự Nhiên 180 ml và Nước uống sữa trái cây TH true JUICE milk TOPKID Dâu Tự Nhiên 180 ml. 

Hai sản phẩm này được nghiên cứu và phát triển với các đặc điểm nổi bật:
☀️ Sữa tươi sạch nguyên chất của trang trại TH
☀️ Nước trái cây tự nhiên
☀️ Bổ sung bộ vi chất TOPKID giúp phát triển não bộ và chiều cao
 
Thông tin chi tiết xem tại: https://www.thmilk.vn/tap-doan-th-ra-mat-nuoc-uong-sua-trai-cay-th-true-juice-milk-topkid-180-ml/ 

Ghé thăm hệ thống siêu thị toàn quốc, hệ thống cửa hàng TH true mart hoặc đặt hàng online ngay:
► Website: https://www.thtruemart.vn/
► Danh sách cửa hàng: https://www.thmilk.vn/he-thong-cua-hang/",6526,321,77,2022-11-24 05:28:06,Photo
https://www.facebook.com/thmilk/posts/pfbid0FTk5ftpKwFw4ovqEC4oxUrYbkev2Q6Lk14sMbUrfmoDE5uxZxCP2HVeKYVgKCsg1l,"Uống sữa chua TH True YOGURT - Cơ hội trúng Macbook Air M1 13’’ 256GB 

Đã có 06 chiếc Macbook  Air M1 13’’ 256GB tìm thấy chủ nhân may mắn của mình trong chương trình quay thưởng cùng TH true YOGURT.

Số lượng quà còn lại có giới hạn nên bạn hãy nhanh tay tham gia chương trình để trở thành một trong những khách hàng may mắn sở hữu phần quà giá trị này nhé!

Để tham gia chương trình bạn hãy:
Nhập mã quay thưởng lên website https://quatangyogurt.thmilk.vn/ hoặc nhắn tin mã dự thưởng về tổng đài 6058 theo cú pháp: TH <dấu cách> <mã dự thưởng> gửi 6058 (1.000đ/tin nhắn)

Đặt hàng ngay tại:
► Grabmart: http://bit.ly/THtruemart-GrabMart
► ShopeeFood: https://bit.ly/THtruemart-ShopeeFood
► Baemin: http://bit.ly/THtruemart-Baemin
► Loship: https://bit.ly/THtruemart-Loship",58,18,3,2022-11-23 01:28:29,Photo
https://www.facebook.com/thmilk/posts/pfbid02yBQEBkBhcushSsuGtgx9TWVTswKTM5VxUiUgZz4pDL9tiDaCc72ch1do5CTHb8Cbl,"Su kem với lớp kem mềm mịn thơm lừng bơ sữa, lớp nhân bạn có thể tùy biến với vị socola đậm đà hay vanilla truyền thống đều đem đến vị ngon đặc biệt. Bí kíp của lớp vỏ su kem giòn rộp cả nhà đều mê là dùng bơ lạt tự nhiên TH true BUTTER. Cùng vào bếp trổ tài các món ngon nhà làm để nhận quà giá trị từ cuộc thi Vui Trọn Món Ngon với TH true CHEESE và TH true BUTTER để có cơ hội nhận các giải thưởng giá trị nhé: https://www.facebook.com/thmilk/posts/8538457902861771",70,7,4,2022-11-21 21:28:51,Photo
https://www.facebook.com/thmilk/posts/pfbid02X2oPBJBTMUBHf5ck5KtKAFKYsGNKyZDahBNe21hUeFhCgchiTiGtVa96dhsgdV4Ml,Chúc mừng Ngày Nhà giáo Việt Nam 20/11. Xin kính chúc các thầy cô giáo luôn dồi dào sức khoẻ và hạnh phúc!,72,5,0,2022-11-20 17:29:13,Photo
https://www.facebook.com/thmilk/videos/1279435492838736/," KÍCH THÍCH KHẢ NĂNG TƯ DUY CỦA BÉ VỚI BỘ XẾP HÌNH TOPKID 

Nếu ba mẹ muốn kích thích khả năng tư duy và hỗ trợ phát  triển trí nhớ cho bé thì đừng bỏ qua bộ xếp hình TOPKID nhé!

Cùng sưu tầm đủ 18 thẻ Lớp học Mật Ngữ trong mỗi lốc Sữa chua uống tiệt trùng TH true YOGURT TOPKID 110 ml & 180 ml để có cơ hội nhận 01 bộ xếp hình TOPKID 3in1 cực dễ thương. 
Thời hạn đổi quà đến hết 31/01/2023.

Để có thể đổi được bộ xếp hình và các phần quà khác từ TH TOPKID, ba mẹ và bé cùng đến các cửa hàng TH true mart hoặc các điểm bán lẻ có bán sản phẩm Sữa chua uống tiệt trùng TH true YOGURT TOPKID có tham gia chương trình trên toàn quốc.

Ghé thăm hệ thống siêu thị toàn quốc, hệ thống cửa hàng TH true mart hoặc đặt hàng online ngay: 
► Website: https://www.thtruemart.vn/ 
► Danh sách cửa hàng: https://www.thmilk.vn/he-thong-cua-hang/",55,29,12,2022-11-19 13:29:36,Video
https://www.facebook.com/thmilk/posts/pfbid03ViKwwUa9SQ2ek4VhyDzmAtitYzbZ82mTrR6kAYDs5hrZdbHmqLabqHrRxXD7bzPl," LỘ DIỆN CHỦ NHÂN MAY MẮN TRÚNG MÁY ẢNH FUJIFILM INSTAX MINI 11 CỦA TH true YOGURT

Đến hẹn lại lên, 02 chiếc máy ảnh Fujifilm Instax Mini 11 đã tìm thấy chủ nhân may mắn của mình trong chương trình quay thưởng cùng TH true YOGURT.

Nhanh tay trở thành khách hàng may mắn tiếp theo sở hữu Fujifilm Instax Mini 11 cùng TH true YOGURT chỉ với ba bước đơn giản:

1️⃣Bước 1: Mở lốc, lấy mã số dự thưởng từ thẻ dự thưởng
2️⃣Bước 2: Nhập mã quay thưởng lên website https://quatangyogurt.thmilk.vn/ hoặc nhắn tin mã dự thưởng về tổng đài 6058 theo cú pháp: TH <dấu cách> <mã dự thưởng> gửi 6058 (1.000đ/tin nhắn)
3️⃣Bước 3: Quay thưởng

Đặt hàng ngay tại:
► Grabmart: http://bit.ly/THtruemart-GrabMart
► ShopeeFood: https://bit.ly/THtruemart-ShopeeFood
► Baemin: http://bit.ly/THtruemart-Baemin
► Loship: https://bit.ly/THtruemart-Loship",57,8,3,2022-11-17 06:51:32,unknown
https://www.facebook.com/thmilk/posts/pfbid02ua3cnTzqn1GmtKU1WeFkRXhjhgfUaFDRz1EuQz6cpF7UUwYuiRCz8whkRPE3A4Zxl,"Sữa Chua TH true YOGURT Công Thức TOPKID được làm hoàn toàn từ sữa tươi sạch nguyên chất của trang trại TH. Sản phẩm giàu dinh dưỡng, hỗ trợ tối ưu sự phát triển chiều cao và năng lượng trí não của trẻ, cho bé khỏe mạnh tự nhiên.

► Danh sách cửa hàng TH true mart: https://www.thmilk.vn/he-thong-cua-hang/
► Website: https://www.thtruemart.vn/san-pham/s-a-chua-t-nhien-x/s-a-chua-an-t-nhien/l-c-s-a-chua-an-topkid-chu-i-lua-m-ch-60-g-x-4-h-p.html
► Grabmart: http://bit.ly/THtruemart-GrabMart
► ShopeeFood: https://bit.ly/THtruemart-ShopeeFood
► Baemin: http://bit.ly/THtruemart-Baemin
► Loship: https://bit.ly/THtruemart-Loship",460,61,8,2022-11-15 00:13:29,Photo
https://www.facebook.com/thmilk/posts/pfbid02dZS2oBVBr9raae73YsyL5mXHXi9YVWyPD3xDdd9BzaECcEkLEWiykizFFeycYfjol,"MUA SỮA CHUA UỐNG TIỆT TRÙNG TH true YOGURT - RINH NGAY MACBOOK AIR M1 13’’ 256GB 

Tưng bừng chào đón mùa lễ hội đang tới, còn gì tuyệt hơn một chiếc Macbook Air M1 thoả sức sáng tạo bao trò vui bên bạn bè 

Chúc mừng khách hàng may mắn đầu tiên đã rinh chiếc Macbook Air M1 13’’ 256GB từ chương trình! Vẫn còn 09 chiếc Macbook cùng ngàn chục ngàn phần quà giá trị khác đang chờ bạn ở vòng quay may mắn TH true YOGURT.

Mua ngay và nhận ngay hơn 50.000 quà chất tại
https://quatangyogurt.thmilk.vn/

Đặt hàng ngay tại:
► Grabmart: http://bit.ly/THtruemart-GrabMart
► ShopeeFood: https://bit.ly/THtruemart-ShopeeFood
► Baemin: http://bit.ly/THtruemart-Baemin
► Loship: https://bit.ly/THtruemart-Loship",79,13,3,2022-11-12 17:35:25,Photo
https://www.facebook.com/thmilk/videos/1165376487682733/,"Sữa chua TH true YOGURT được làm hoàn toàn từ sữa tươi sạch nguyên chất, lên men tự nhiên kết hợp cùng nguyên liệu trái cây tự nhiên, mang lại vị ngon thật sự thiên nhiên, cho gia đình vui khỏe mỗi ngày.

► Danh sách cửa hàng TH true mart: https://www.thmilk.vn/he-thong-cua-hang/
► Website: https://www.thtruemart.vn/san-pham/s-a-chua-t-nhien-x/s-a-chua-an-t-nhien/loc-sua-chua-an-tao-so-ri-th-true-yogurt-100g.html
► Grabmart: http://bit.ly/THtruemart-GrabMart
► ShopeeFood: https://bit.ly/THtruemart-ShopeeFood
► Baemin: http://bit.ly/THtruemart-Baemin
► Loship: https://bit.ly/THtruemart-Loship",160,20,12,2022-11-10 10:57:22,Video
https://www.facebook.com/thmilk/videos/2131138627087419/,"Sữa chua TH true YOGURT được làm hoàn toàn từ sữa tươi sạch nguyên chất, lên men tự nhiên kết hợp cùng nguyên liệu trái cây tự nhiên, mang lại vị ngon thật sự thiên nhiên, cho gia đình vui khỏe mỗi ngày.

► Danh sách cửa hàng TH true mart: https://www.thmilk.vn/he-thong-cua-hang/
► Website: https://www.thtruemart.vn/san-pham/s-a-chua-t-nhien-x/s-a-chua-an-t-nhien/loc-sua-chua-an-tao-so-ri-th-true-yogurt-100g.html
► Grabmart: http://bit.ly/THtruemart-GrabMart
► ShopeeFood: https://bit.ly/THtruemart-ShopeeFood
► Baemin: http://bit.ly/THtruemart-Baemin
► Loship: https://bit.ly/THtruemart-Loship",1136,26,9,2022-11-10 10:55:52,Video
https://www.facebook.com/thmilk/posts/pfbid08tP6vBHL4v9WF76RST7N9QfQ5PdhvG2E3PziVTUB1XaC8W7dQefM886i3GWameAjl," Cuộc thi nấu ăn Vui trọn món ngon với TH true BUTTER & TH true CHEESE chính thức diễn ra với tổng giá trị giải thưởng lên đến gần 100 triệu đồng

Nấu ăn luôn là một công việc tạo ra nhiều cảm hứng. Khoảnh khắc khi vào làm các món ngon cho bản thân hay gia đình, không chỉ chứa đựng niềm vui mà còn gia tăng sự gắn kết. Nếu bạn là một người đam mê nấu ăn và muốn lan tỏa niềm vui vào bếp với mọi người xung quanh thì hãy tham gia ngay cuộc thi ""Vui trọn món ngon"" từ ngày 10/11 tới ngày 10/12/2022 với cơ hội nhận các giải thưởng cực chất từ TH nhé:
- Giải ngon Tuyệt Đỉnh: 2 iPAD Pro 11 trị giá 25 triệu đồng
- Giải ngon Dinh Dưỡng: 1 Airpod 3 trị giá 4.6 triệu đồng
- Giải ngon Tự Nhiên: 75 Voucher trị giá 500 ngàn đồng khi mua hàng tại TH true mart

 Cách thức tham gia: 
Bước 1: Người tham gia chụp ảnh hoặc quay video (1-2 phút) 1 món ăn bất kì với Bơ TH true BUTTER hoặc Phomat TH true CHEESE. 
Lưu ý:
- Với bài dự thi dạng video: sản phẩm Bơ TH true BUTTER hoặc Phomat TH true CHEESE cần xuất hiện thật rõ nét ở khung hình trong 3 giây đầu của video 
- Với bài dự thi dạng ảnh: món ăn đặt bên cạnh sản phẩm sản phẩm Bơ TH true BUTTER hoặc Phomat TH true CHEESE thật rõ nét
- Bài dự thi phải giữ trên Facebook ở trạng thái public cho đến hết ngày 31/1/2023

Bước 2: Chia sẻ ngay video của mình lên trang Facebook cá nhân ở chế độ công khai kèm caption mô tả và hashtag #Vuitronmonngon #THtrueBUTTER #THtrueCHEESE 
Lưu ý:  caption dự thi cần có đầy đủ và đúng hashtag yêu cầu từ chương trình mới được tính là bài thi hợp lệ

Bước 3: Điền đầy đủ thông tin link sau đây https://vuitronmonngon.thmilk.vn/. Sau đó sao chép đường dẫn (copy link) bài dự thi và Dán (Paste) lại tại phần comment của post  công bố cuộc thi này để chúng mình không bị lạc mất nhau nhé.

 Thời gian diễn ra chương trình: từ 10/11 tới 10/12/2022. Kết quả sẽ được công bố vào ngày 27/12/2022 trên fan page TH true MILK. Cùng vào bếp và quay ngay lại quá trình chế biến ngay món ăn yêu thích nhất của bạn để không bỏ lỡ những phần quà hấp dẫn từ TH nhé. 

Xem thêm thể lệ và những lưu ý chi tiết tại mục ""Thể lệ tham dự và Giải thưởng"" tại trang web của cuộc thi tại: https://vuitronmonngon.thmilk.vn/",923,708,175,2022-11-08 22:33:01,unknown
https://www.facebook.com/thmilk/videos/1246362486145963/,"Sữa chua TH true YOGURT được làm hoàn toàn từ sữa tươi sạch nguyên chất, lên men tự nhiên kết hợp cùng nguyên liệu trái cây tự nhiên, mang lại vị ngon thật sự thiên nhiên, cho gia đình vui khỏe mỗi ngày.

► Danh sách cửa hàng TH true mart: https://www.thmilk.vn/he-thong-cua-hang/
► Website: https://www.thtruemart.vn/.../loc-sua-chua-an-tao-so-ri...
► Grabmart: http://bit.ly/THtruemart-GrabMart
► ShopeeFood: https://bit.ly/THtruemart-ShopeeFood
► Baemin: http://bit.ly/THtruemart-Baemin
► Loship: https://bit.ly/THtruemart-Loship",98,11,3,2022-11-07 10:10:10,Video
https://www.facebook.com/thmilk/posts/pfbid0Mkcbd1PMctNmbd3WGMDBGdrcAYQAXdtCsTUaV3A1PwJBx69oUak4Zef7ufY8L4yxl,"CÙNG THAM GIA MINIGAME: BẮT TRỌN KHOẢNH KHẮC CÙNG TH true RICE 
Tham gia ngay minigame trên fanpage Nước gạo rang TH true RICE để nhận ngay voucher mua hàng trị giá 200.000 đồng từ TH.
Cùng like fanpage và chia sẻ minigame đến bạn bè để nhận được những phần quà vô cùng hấp dẫn từ Nước gạo TH true RICE nhé! 
#THtrueRICE  #HoànToànTừThiênNhiên",45,4,5,2022-11-05 12:40:43,unknown
https://www.facebook.com/thmilk/posts/pfbid05NpBNQTRb3dedLG2zjxubK48VLVtTXZ8WPMjW5dfaBxE3i8TDybjBGmBvYhpaBqel,"Kem ngon cho cuối tuần thư thái, bạn có muốn thử?

Cuộc sống càng hối hả, bận rộn ta càng thêm trân trọng những phút giây sẻ chia bên gia đình mỗi dịp cuối tuần. Còn gì tuyệt vời hơn khi vừa được thưởng thức vị ngon mát lạnh, mềm mịn của TH true ICE ICREAM, vừa được thư giãn vui cười bên những người thân yêu nhất. Chắc chắn hương vị thơm ngon từ sữa tươi sạch TH sẽ khiến khoảng khắc quây quần bên gia đình của bạn thêm phần ngọt ngào đấy.

Cuối tuần rồi, hãy gác hết âu lo lại, cùng nhâm nhi kem ngon với gia đình và lan tỏa thêm nhiều tiếng cười nhé! 
#thtrueicecream, #kemngonthatsu_sechiacucchat",94,14,2,2022-11-03 15:11:16,Photo
https://www.facebook.com/thmilk/posts/pfbid04RE5XFJ93eYyYinNUU4BeGycvrwAZbwC16KwtJUpkcLTC5Q9YT6CViZof9FVKQRBl,"Rất nhiều khách hàng đã đổi quà thành công từ chương trình Đổi thẻ nhận quà xinh của Sữa chua uống tiệt trùng TH true YOGURT TOPKID.

Sưu tầm thẻ Lớp học Mật Ngữ được gắn kèm trong mỗi lốc sữa chua uống TH true YOGURT TOPKID 110 ml & 180 ml để tham gia chương trình Đổi quà nhận quà xinh ngay thôi nào:
-  12 thẻ đổi 1 hộp bút TOPKID
-  18 thẻ đổi 1 bộ xếp hình TOPKID
- 24 thẻ đổi 1 bình nước TOPKID
 Chi tiết chương trình xem tại:  https://quatangtopkid.thmilk.vn/",105,46,4,2022-11-01 17:41:49,unknown
https://www.facebook.com/thmilk/posts/pfbid0oYgbE7rsWgAGsikUytNCqu7G2ajP6XM5pX4uo5imFRKangvyyoRn1bzUCcQeTbgVl," CÔNG BỐ DANH SÁCH TRÚNG QUÀ MINIGAME “ĐOÁN TỪ ĐÚNG - TRÚNG QUÀ COOL” 

5 phiếu voucher mua hàng trị giá 200.000 VND tại TH true mart đã tìm ra được người trúng thưởng. TH true ICE CREAM xin chúc mừng 5 khách hàng may mắn nhất dưới đây, đã làm đúng và đầy đủ các bước để trở thành những người chiến thắng của minigame “Đoán từ đúng -Trúng quà cool”: 
- Huyền Mai Nguyễn: https://www.facebook.com/vit.beo.39142 
- Thu Nguyễn: https://www.facebook.com/profile.php?id=100051007217508
- Trần Thắm: https://www.facebook.com/thamtranht 
- Thụy Hương Nguyễn: https://www.facebook.com/thuyhuong.nguyen.900 
- Trần Ngọc: https://www.facebook.com/shuhoang 

 Các bạn có tên hãy nhanh chóng dùng tài khoản Facebook trúng thưởng ở trên inbox cho page các thông tin bên dưới để nhận quà nha: 
Tên Minigame tham gia: TH true ICE CREAM - Đoán từ đúng - Trúng quà cool
Họ và tên:
Số điện thoại:
Địa chỉ nhận quà:

Hạn cuối TH true ICE CREAM nhận thông tin là đến hết chủ nhật, 06/11/2022. Sau thời gian trên Ban Tổ Chức sẽ không tiếp nhận thông tin nhận thưởng. 

Sau khi nhận đầy đủ thông tin trên, TH true ICE CREAM sẽ tiến hành xác nhận và gửi voucher đến địa chỉ được cung cấp (TH true ICE CREAM sẽ chịu 100% chi phí giao hàng). Sau khi nhận hàng, các bạn hãy gửi lại tin nhắn cho page để xác nhận nhé.

#THtrueICECREAM #Doantudung #Trungquacool",89,31,3,2022-10-30 20:12:22,Photo
https://www.facebook.com/thmilk/posts/pfbid0AaTBEwPquXfKFzfsTMMT5PwpyrHMTQz97gcfVkPQ3PRuwJq8spc49PR59ZcVNNmsl,"Sữa chua TH true YOGURT được làm hoàn toàn từ sữa tươi sạch nguyên chất, lên men tự nhiên kết hợp cùng nguyên liệu trái cây tự nhiên, mang lại vị ngon thật sự thiên nhiên, cho gia đình vui khỏe mỗi ngày.

► Danh sách cửa hàng TH true mart: https://www.thmilk.vn/he-thong-cua-hang/
► Website: https://www.thtruemart.vn/.../loc-sua-chua-an-tao-so-ri...
► Grabmart: http://bit.ly/THtruemart-GrabMart
► ShopeeFood: https://bit.ly/THtruemart-ShopeeFood
► Baemin: http://bit.ly/THtruemart-Baemin
► Loship: https://bit.ly/THtruemart-Loship",2910,165,28,2022-10-28 22:42:55,Photo
https://www.facebook.com/thmilk/posts/pfbid02B6NgfFHvr5iRCdJvSt9WQbjes466ZvEnJRVETakZYhgPBWJwT6ReBwMQ77gX1u1kl,"Sữa chua TH true YOGURT được làm hoàn toàn từ sữa tươi sạch nguyên chất, lên men tự nhiên kết hợp cùng nguyên liệu trái cây tự nhiên, mang lại vị ngon thật sự thiên nhiên, cho gia đình vui khỏe mỗi ngày.

► Danh sách cửa hàng TH true mart: https://www.thmilk.vn/he-thong-cua-hang/
► Website: https://www.thtruemart.vn/.../loc-sua-chua-an-tao-so-ri...
► Grabmart: http://bit.ly/THtruemart-GrabMart
► ShopeeFood: https://bit.ly/THtruemart-ShopeeFood
► Baemin: http://bit.ly/THtruemart-Baemin
► Loship: https://bit.ly/THtruemart-Loship",206,14,2,2022-10-27 01:13:28,Photo
https://www.facebook.com/thmilk/posts/pfbid0nHd28XweS8aSnCd6DZReaRhtJUFWvMLcrxeNMoFESZavPcdKa1YpQpy4UT2NDJA6l,"Sữa chua TH true YOGURT được làm hoàn toàn từ sữa tươi sạch nguyên chất, lên men tự nhiên kết hợp cùng nguyên liệu trái cây tự nhiên, mang lại vị ngon thật sự thiên nhiên, cho gia đình vui khỏe mỗi ngày.

► Danh sách cửa hàng TH true mart: https://www.thmilk.vn/he-thong-cua-hang/
► Website: https://www.thtruemart.vn/.../loc-sua-chua-an-tao-so-ri...
► Grabmart: http://bit.ly/THtruemart-GrabMart
► ShopeeFood: https://bit.ly/THtruemart-ShopeeFood
► Baemin: http://bit.ly/THtruemart-Baemin
► Loship: https://bit.ly/THtruemart-Loship",1352,61,6,2022-10-25 03:44:01,Photo
https://www.facebook.com/thmilk/posts/pfbid0z9s4ZkHM1yoUr7JWJ4znfmxSko2uZeSfenDKXohXo9iKhcTTomuCFiZJgVPKYCPTl,"Cuối tháng rồi, mở tiệc BBQ thôi! Nhanh chóng tự thưởng cho bản thân sau tháng 10 vất vả bằng một bữa tiệc nướng ngon lành cùng bạn bè, gia đình. Và đừng quên các món nướng sẽ càng thơm ngon khi thêm vị ngậy từ bơ phết chảo. Bơ TH true BUTTER mang tới hương vị béo ngậy từ sữa cho các món nướng bùng nổ hương vị.

Nhanh tay mua ngay Bơ TH true BUTTER để cùng ""xèo xèo"" trên bếp bạn nhé!

Danh sách cửa hàng: https://www.thmilk.vn/he-thong-cua-hang/

#THtrueBUTTER",97,21,3,2022-10-23 06:14:34,Photo
https://www.facebook.com/thmilk/posts/pfbid0Tjnx843o4kPugC6n9uMEhAH8Ben5nNrRJpukffGiZeVetzLYVJMqWWwC2ZxVRAR8l,"Tận hưởng kem ngon sau giờ thể thao 
 
Sau giờ thể thao còn gì vui hơn khi cùng thưởng thức kem ngon và sẻ chia những tiếng cười giòn tan. TH true ICE CREAM mang đến lớp kem ngon mềm mịn cùng lớp vỏ ngoài giòn rụm từ lớp phủ hạt hạnh nhân. Vị kem ngọt mát tan ngay trên đầu lưỡi sẽ tiếp thêm năng lượng cho bạn sau những giờ vận động mệt mỏi đấy. 

Cùng tận hưởng TH true ICE CREAM sau mỗi buổi tập thể thao để sạc ""năng lượng"" và lan tỏa tiếng cười bên bạn bè nhé!

#thtrueicecream, #kemngonthatsu_sechiacucchat",154,27,4,2022-10-21 08:45:07,Photo
https://www.facebook.com/thmilk/posts/pfbid02YdxSiAyDFZoEUX9D41cAznRL4wsGeBWmicRLWmtwDRf9hTaunXRNkvCmDdn7Q3HZl,"Chúc mừng Ngày Phụ nữ Việt Nam 20/10. Chúc một nửa thế giới thật nhiều sức khỏe, sắc đẹp và luôn hạnh phúc bên những người thân yêu!",264,18,3,2022-10-19 11:15:40,Photo
https://www.facebook.com/thmilk/posts/pfbid02Vx1FVzr9NvB3KR2aVYajWx4uer6Nygm9tLwzCee4z6iAgiraA1dSKTNLW6DSCh2Ll," Tham gia Minigame với 2 bước đơn giản dưới đây bạn có thể dễ dàng nhận ngay 1 voucher mua hàng 200.000đ tại cửa hàng TH true mart. 

Bước 1: Like & Share bài viết ở chế độ công khai kèm hashtag #THtrueICECREAM 
Bước 2: Comment ngay đáp án 03 cụm từ bí mật ẩn giấu trong hình kèm theo 1 con số may mắn từ 001-999 và tag 1 người bạn.

 Giải thưởng: 5 Voucher mua hàng trị giá 200.000 đồng tại hệ thống cửa hàng TH true mart cho 5 khách hàng may mắn trả lời đúng câu hỏi và làm đúng 2 bước trên trong thời gian tham gia hợp lệ. 

Thể lệ chung: 
- Thời gian tham gia: từ khi công bố minigame đến hết 23h59 phút 26/10/2022
- Thời gian công bố kết quả: Ngày 2/11/2022 trên fanpage chính thức của TH true MILK 
- Mỗi bạn chỉ tham gia một lần với 1 tài khoản Facebook cá nhân duy nhất

Đừng chần chừ nữa mà hãy tham gia ngay nào cả nhà ơi!
#THtrueICECREAM #Doantudung #Trungquacool",1811,3270,2406,2022-10-17 13:46:13,Photo
https://www.facebook.com/thmilk/posts/pfbid02U764JMKgfbpK3hr2cpvjxguJ1Y2Yxu5aga8wAEWAfKan4Hks7kFBeozkH5q6PV5Sl,"Các khoản ủng hộ bằng tiền mặt và hàng hóa do Tập đoàn TH, Ngân hàng TMCP Bắc Á và Quỹ Vì Tầm Vóc Việt sẽ hỗ trợ người dân có hoàn cảnh khó khăn thông qua “Quỹ Vì người nghèo” trong dịp Tết nguyên đán sắp tới. Cùng với đó, Quỹ Vì tầm vóc Việt cũng sẽ triển khai các hoạt động hỗ trợ trực tiếp như: Bảo trợ học phí, sinh hoạt phí cho trẻ em nghèo, bảo trợ bữa ăn bán trú cho trẻ vùng cao, xây dựng các điểm trường, cầu dân sinh, hỗ trợ người dân bị ảnh hưởng sau đại dịch, các hoạt động hỗ trợ khẩn cấp cho người dân chịu thiệt hại từ thiên tai.",137,0,2,2022-10-15 16:16:46,GenericAttachmentMedia
https://www.facebook.com/thmilk/videos/2047507635638379/," TƯNG BỪNG MÙA LỄ HỘI - TRÚNG HƠN 50.000 QUÀ CHẤT CÙNG SỮA CHUA UỐNG TIỆT TRÙNG TH true YOGURT

Từ ngày 01/10 đến hết 31/12, khi mua 04 hộp (01 lốc) sữa chua uống tiệt trùng TH true YOGURT 180 ml sẽ được tặng 01 mã dự thưởng để tham dự chương trình.

Nhập mã quay thưởng lên website https://quatangyogurt.thmilk.vn/ hoặc nhắn tin mã dự thưởng về tổng đài 6058 theo cú pháp: TH <dấu cách> <mã dự thưởng> gửi 6058 (1.000đ/tin nhắn) để tham gia chương trình Quay thưởng với nhiều quà tặng cực hấp dẫn: 
  Macbook Air 13"" M1 256 GB
  Máy ảnh chụp lấy phim ngay Fujifilm Instax Mini 11 (kèm 10 tấm phim chụp)
  Mã thẻ esport Garena trị giá 20.000 VNĐ
  Thẻ điện thoại trị giá 20.000 VNĐ
 
Đặt hàng ngay tại:
► Grabmart: http://bit.ly/THtruemart-GrabMart
► ShopeeFood: https://bit.ly/THtruemart-ShopeeFood
► Baemin: http://bit.ly/THtruemart-Baemin
► Loship: https://bit.ly/THtruemart-Loship",1018,71,10,2022-10-13 18:47:19,Video
https://www.facebook.com/thmilk/videos/632796798354642/," TƯNG BỪNG MÙA LỄ HỘI - TRÚNG HƠN 50.000 QUÀ CHẤT CÙNG SỮA CHUA UỐNG TIỆT TRÙNG TH true YOGURT

Từ ngày 01/10 đến hết 31/12, khi mua 04 hộp (01 lốc) sữa chua uống tiệt trùng TH true YOGURT 180 ml sẽ được tặng 01 mã dự thưởng để tham dự chương trình.

Nhập mã quay thưởng lên website https://quatangyogurt.thmilk.vn/ hoặc nhắn tin mã dự thưởng về tổng đài 6058 theo cú pháp: TH <dấu cách> <mã dự thưởng> gửi 6058 (1.000đ/tin nhắn) để tham gia chương trình Quay thưởng với nhiều quà tặng cực hấp dẫn: 
  Macbook Air 13"" M1 256 GB
  Máy ảnh chụp lấy phim ngay Fujifilm Instax Mini 11 (kèm 10 tấm phim chụp)
  Mã thẻ esport Garena trị giá 20.000 VNĐ
  Thẻ điện thoại trị giá 20.000 VNĐ
 
Đặt hàng ngay tại:
► Grabmart: http://bit.ly/THtruemart-GrabMart
► ShopeeFood: https://bit.ly/THtruemart-ShopeeFood
► Baemin: http://bit.ly/THtruemart-Baemin
► Loship: https://bit.ly/THtruemart-Loship",374,24,5,2022-10-13 18:46:13,Video
https://www.facebook.com/thmilk/videos/1108495176726416/," TƯNG BỪNG MÙA LỄ HỘI - TRÚNG HƠN 50.000 QUÀ CHẤT CÙNG SỮA CHUA UỐNG TIỆT TRÙNG TH true YOGURT

Từ ngày 01/10 đến hết 31/12, khi mua 04 hộp (01 lốc) sữa chua uống tiệt trùng TH true YOGURT 180 ml sẽ được tặng 01 mã dự thưởng để tham dự chương trình.

Nhập mã quay thưởng lên website https://quatangyogurt.thmilk.vn/ hoặc nhắn tin mã dự thưởng về tổng đài 6058 theo cú pháp: TH <dấu cách> <mã dự thưởng> gửi 6058 (1.000đ/tin nhắn) để tham gia chương trình Quay thưởng với nhiều quà tặng cực hấp dẫn: 
  Macbook Air 13"" M1 256 GB
  Máy ảnh chụp lấy phim ngay Fujifilm Instax Mini 11 (kèm 10 tấm phim chụp)
  Mã thẻ esport Garena trị giá 20.000 VNĐ
  Thẻ điện thoại trị giá 20.000 VNĐ
 
Đặt hàng ngay tại:
► Grabmart: http://bit.ly/THtruemart-GrabMart
► ShopeeFood: https://bit.ly/THtruemart-ShopeeFood
► Baemin: http://bit.ly/THtruemart-Baemin
► Loship: https://bit.ly/THtruemart-Loship",628,14,4,2022-10-13 18:45:06,Video
https://www.facebook.com/thmilk/videos/337440468587175/,"☀️ Mùa lễ hội Uống TOPKID | Quay số trúng quà xịn ☀️

Từ ngày 1/10 đến hết 31/12/2022, khi mua 04 hộp (01 lốc) sữa chua uống tiệt trùng TH true YOGURT TOPKID 110 ml và 180 ml các hương vị sẽ được tặng 01 thẻ Lớp học Mật Ngữ. Thẻ Lớp học Mật Ngữ có giá trị đổi quà và tham gia quay thưởng.
Nhập mã quay thưởng trên thẻ lên website https://quatangtopkid.thmilk.vn/ tham gia chương trình Quay số trúng quà xịn để có cơ hội trúng:
 Balo chống gù TOPKID
 Đồng hồ định vị 
 Thẻ điện thoại 10.000đ
Ghé thăm hệ thống siêu thị toàn quốc, hệ thống cửa hàng TH true mart hoặc đặt hàng online ngay:
► Website: https://www.thtruemart.vn/
► Danh sách cửa hàng: https://www.thmilk.vn/he-thong-cua-hang/",111,56,21,2022-10-13 12:28:34,Video
https://www.facebook.com/thmilk/videos/3277923722477301/," Mùa lễ hội Uống TOPKID | Đổi thẻ nhận quà xinh  

Từ ngày 1/10 đến hết 31/12/2022, khi mua 04 hộp (01 lốc) sữa chua uống tiệt trùng TH true YOGURT TOPKID 110 ml và 180 ml các hương vị sẽ được tặng 01 thẻ Lớp học Mật Ngữ. Thẻ Lớp học Mật Ngữ có giá trị đổi quà và tham gia quay thưởng.
Sưu tầm thẻ để tham gia ngay chương trình Đổi thẻ nhận quà xinh:
☀️ 12 thẻ đổi 1 hộp bút
☀️ 18 thẻ đổi 1 bộ xếp hình
☀️ 24 thẻ đổi 1 bình nước
Ghé thăm hệ thống siêu thị toàn quốc, hệ thống cửa hàng TH true mart hoặc đặt hàng online ngay:
► Website: https://www.thtruemart.vn/
► Danh sách cửa hàng: https://www.thmilk.vn/he-thong-cua-hang/",81,20,13,2022-10-13 12:25:53,Video
https://www.facebook.com/thmilk/posts/pfbid02V5mVyY2iVG9oFN3h8druCnaScHNxwugoLjNH7Zt3tqTczMXMSoBNkEsJkMyiqBmjl,"Phomat TH true CHEESE Mozzarella - ăn vặt ngon lành bé nào cũng mê!

Mẹ có biết, cần tới 10 lít sữa tươi để sản xuất ra 1 kg phomat đấy. Vì vậy, phomat Tự Nhiên TH là thức quà cung cấp dinh dưỡng, giàu năng lượng cho bé ""nạp"" sau mỗi giờ học, giờ thể thao. Ngoài ra, TH true CHEESE mang đậm hương vị phomat Mozzarella, đóng trong gói nhỏ 100g tiện lợi cho bé mang theo mỗi ngày đến trường. 

Tìm mua Phomat TH true CHEESE tại cửa hàng TH true mart trên toàn quốc: https://www.thmilk.vn/he-thong-cua-hang/",102,33,2,2022-10-11 22:41:56,Photo
https://www.facebook.com/thmilk/posts/pfbid0f58RDuoGvX4BZFSki2JkfuGq9tzioWAb59W252y5qtQQ51qSFhGec1VFaMe7EVb7l,"Chung tay cùng người dân Kỳ Sơn vượt qua những khó khăn bộn bề sau trận lũ quét vừa qua, ngày 8/10, Tập đoàn TH, BAC A BANK, Quỹ Vì Tầm vóc Việt phối hợp với Báo Nghệ An, trực tiếp đến những vùng sạt lở của huyện Kỳ Sơn để trao hỗ trợ 10 căn nhà và những phần quà là 74.000 sản phẩm nước tinh khiết TH true WATER và các sản phẩm sữa TH true MILK",109,2,8,2022-10-10 08:57:59,GenericAttachmentMedia
https://www.facebook.com/thmilk/posts/pfbid0gsV29Hq5F9RxtYJdny3fEJwvpzjnSrW7oyQPv5U955WxDsZQvA2fxQ5dRVFbkNUl,"Kết hợp ưu điểm của sữa chua lên men hoàn toàn từ sữa tươi sạch và những lợi ích sức khỏe đến từ hai loại trái cây giàu chất chống oxy hóa và chất xơ, sữa chua ăn TH true YOGURT Táo – Sơ Ri Tự Nhiên mới ra mắt mang đến trải nghiệm độc đáo cho người dùng cả về hương vị và giá trị dinh dưỡng.

",158,37,9,2022-10-08 19:14:02,GenericAttachmentMedia
https://www.facebook.com/thmilk/posts/pfbid02HwgTJZ22FpX8PXdzTCezFyQ9povykECArdcBV7KK37CEAtWArgBDjY8KUT8wWEgPl,"Dinh dưỡng vẹn tròn cho cả gia đình với chương trình khuyến mại dành cho các sản phẩm sữa của TH từ 1/10 tới hết 30/11/2022: 

 Mua 4 tặng 1 - áp dụng cho sữa tươi công thức dinh dưỡng dành cho người lớn TH true MILK GOLD 
 Mua 8 tặng 1, áp dụng cho sữa tươi tiệt trùng bổ sung ngũ cốc TH true MILK LIGHTMEAL và sữa tiệt trùng TH true MILK HILO 

 Ghé thăm hệ thống cửa hàng TH true mart toàn quốc và gian hàng online của TH trên các ứng dụng giao hàng, sàn thương mại điện tử để nhận ngay ưu đãi bạn nhé 
► Danh sách cửa hàng toàn quốc: https://www.thmilk.vn/he-thong-cua-hang/
► Shopee: https://shopee.vn/th_truemart_officialstore 
► Lazada: https://www.lazada.vn/shop/th-true-mart
► Tiki: https://tiki.vn/cua-hang/th-true-mart-official-store
► Grabmart: http://bit.ly/THtruemart-GrabMart
► ShopeeFood: https://bit.ly/THtruemart-ShopeeFood
► Baemin: http://bit.ly/THtruemart-Baemin",190,126,19,2022-10-07 05:30:05,Photo
https://www.facebook.com/thmilk/posts/pfbid05v3jR8fsG4bngFsHpyvEGJPkraJEfPGbjrBjeLL7gGMbdUCRsigLaCmX7V898es1l,"Dự báo nói hôm nay có mưa
Chẳng biết bạn có gì ăn hay chưa?

Nếu chưa thì nhanh chóng mua TH true BUTTER về để làm bắp rang bơ ngay thôi! Chỉ cần 10 phút vào bếp là bạn đã có một món ngon hấp dẫn để cùng bạn bè thả ga cày phim trong ngày mưa gió. Tag ngay đứa bạn thân vào để cùng làm bắp rang bơ và tận hưởng những phút giây vui vẻ thưởng thức món ngon bạn nhé!

 Tìm mua Bơ tại cửa hàng làm bánh, siêu thị, cửa hàng tạp hóa và TH true mart trên toàn quốc: https://www.thmilk.vn/he-thong-cua-hang/",61,24,0,2022-10-05 15:46:08,Photo
https://www.facebook.com/thmilk/posts/pfbid07sJHPJL9yxwA6LaEzjS8KGDC6jojANWWnDeqEyQeFbz7H3tGwR4YNd4MiLHGhVDpl," TƯNG BỪNG MÙA LỄ HỘI - TRÚNG HƠN 50.000 QUÀ CHẤT CÙNG SỮA CHUA UỐNG TIỆT TRÙNG TH true YOGURT

Từ ngày 01/10 đến hết 31/12, khi mua 04 hộp (01 lốc) sữa chua uống tiệt trùng TH true YOGURT 180 ml sẽ được tặng 01 mã dự thưởng để tham dự chương trình.

Nhập mã quay thưởng lên website https://quatangyogurt.thmilk.vn/ hoặc nhắn tin mã dự thưởng về tổng đài 6058 theo cú pháp: TH <dấu cách> <mã dự thưởng> gửi 6058 (1.000đ/tin nhắn) để tham gia chương trình Quay thưởng với nhiều quà tặng cực hấp dẫn: 

  Macbook Air 13"" M1 256 GB
  Máy ảnh chụp lấy phim ngay Fujifilm Instax Mini 11 (kèm 10 tấm phim chụp)
  Mã thẻ esport Garena trị giá 20.000 VNĐ
  Thẻ điện thoại trị giá 20.000 VNĐ

 Đặt hàng ngay tại:
► Grabmart: http://bit.ly/THtruemart-GrabMart
► ShopeeFood: https://bit.ly/THtruemart-ShopeeFood
► Baemin: http://bit.ly/THtruemart-Baemin
► Loship: https://bit.ly/THtruemart-Loship",1401,103,23,2022-10-04 02:02:11,Photo
https://www.facebook.com/thmilk/posts/pfbid0bPjSf8gkj433zVUiqHnv5c2dMMWdwzs2fMZj9Gh5L2b7UKmESGZMZz7RF88P5QCtl,"⚡ MÙA LỄ HỘI UỐNG TOPKID | TRÚNG QUÀ XỊN – ĐỔI QUÀ XINH ⚡️
Từ ngày 1/10 đến hết 31/12/2022, khi mua 04 hộp (01 lốc) sữa chua uống tiệt trùng TH true YOGURT TOPKID 110 ml và 180 ml các hương vị sẽ được tặng 01 thẻ Lớp học Mật Ngữ. Thẻ Lớp học Mật Ngữ có giá trị đổi quà và tham gia quay thưởng.

Sưu tầm thẻ để tham gia ngay chương trình Đổi thẻ nhận quà xinh:
☀️ 12 thẻ đổi 1 hộp bút
☀️ 18 thẻ đổi 1 bộ xếp hình
☀️ 24 thẻ đổi 1 bình nước
Thời hạn đổi quà đến hết 31/01/2023.

Nhập mã quay thưởng trên thẻ lên website https://quatangtopkid.thmilk.vn/ tham gia chương trình Quay số trúng quà xịn để có cơ hội trúng:
 Balo chống gù TOPKID
 Đồng hồ định vị 
 Thẻ điện thoại 10.000đ

Ghé thăm hệ thống siêu thị toàn quốc, hệ thống cửa hàng TH true mart hoặc đặt hàng online ngay:
► Website: https://www.thtruemart.vn/
► Danh sách cửa hàng: https://www.thmilk.vn/he-thong-cua-hang/",4269,352,121,2022-10-02 12:18:15,unknown
https://www.facebook.com/thmilk/posts/pfbid0NRpYcXhM4fZp2BRbRUDCc9YMr3dPuwQTVcVDCRyYw5BqrmCLqkraABTf8JipWTWJl,"Với mong muốn mang đến nhiều sự lựa chọn và trải nghiệm sản phẩm đa dạng hơn dành cho trẻ em, TH đã cho ra mắt hai sản phẩm mới: Sữa chua uống tiệt trùng TH true YOGURT TOPKID Hương Cam Tự Nhiên 180 ml và Sữa chua uống tiệt trùng TH true YOGURT Hương Dâu Tự Nhiên 180 ml hoàn toàn mới. Hai sản phẩm Sữa chua uống tiệt trùng TH true YOGURT TOPKID Hương Cam Tự Nhiên 180 ml và Sữa chua uống tiệt trùng TH true YOGURT Hương Dâu Tự Nhiên 180 ml được phát triển dựa trên những ưu điểm vượt trội của bộ sản phẩm TH true YOGURT TOPKID nên có các đặc điểm nổi bật như sau:
 Sữa tươi sạch nguyên chất của trang trại TH: Được làm hoàn toàn từ sữa tươi sạch nguyên chất của trang trại TH, trang trại bò sữa tập trung ứng dụng công nghệ cao xác lập kỉ lục Thế Giới (2020)
 Thành phần hoàn toàn tự nhiên
- Được lên men tự nhiên
- Thành phần hoàn toàn từ thiên nhiên, không sử dụng chất bảo quản, chất màu tổng hợp và hương liệu tổng hợp
 Bộ vi chất giúp phát triển não bộ và chiều cao
- Vitamin B6, B12 và Acid Folic giúp phát triển não bộ
- Calci hỗ trợ tăng chiều cao

Thông tin chi tiết xem tại: https://www.thmilk.vn/tap-doan-th-ra-mat-sua-chua-uong-tiet-trung-th-true-yogurt-topkid-180-ml/ 
Ghé thăm hệ thống siêu thị toàn quốc, hệ thống cửa hàng TH true mart hoặc đặt hàng online ngay:
► Website: https://www.thtruemart.vn/
► Danh sách cửa hàng: https://www.thmilk.vn/he-thong-cua-hang/",139,28,25,2022-09-30 22:34:18,Photo
https://www.facebook.com/thmilk/posts/pfbid0Ph6oukmDqb6bHpYuVbsaFrAV14pGz6xXSuiUtASStNzz2XSxayGpjwcjQh3i3fWSl,"Cùng TH true CHEESE & BUTTER lan tỏa niềm vui vào bếp - Thêm yêu căn bếp, vui trọn món ngon

Được làm từ tinh túy sữa tươi sạch, Bơ Phomat TH đậm đà hương vị béo ngậy, là nguyên liệu thơm ngon để mỗi phút giây vào bếp cùng gia đình luôn tràn đầy ngọt ngào và niềm vui.

Ghé thăm hệ thống siêu thị toàn quốc, hệ thống cửa hàng TH true mart hoặc đặt hàng online ngay:
► Website: https://www.thtruemart.vn/
► Ứng dụng: TH eLIFE
► Danh sách cửa hàng: https://www.thmilk.vn/he-thong-cua-hang/
#vuitronmonngon #THtrueBUTTER #THtrueCHEESE",421,68,7,2022-09-29 08:50:21,Photo
https://www.facebook.com/thmilk/posts/pfbid02mf31RRCyzwEJBXw835UtobY9FaMkrMCeSi2UQPJ45XMiJWpnr5PKMVno8isV9AQUl,"Kem ngon trọn vẹn sẻ chia cùng TH true ICE CREAM 

Những phút giây bên bạn bè càng trọn vẹn hơn khi cùng nhau sẻ chia kem ngon mát lạnh. Cùng nhâm nhi kem ốc quế TH true ICE CREAM trong những giờ giải lao khoan khoái, những giây phút tám chuyện sau giờ học, cười vui sau giờ thể thao..... Vị kem thơm ngon mang đến nguồn cảm hứng và năng lượng tích cực cho bạn những khoảnh khắc sẻ chia cực chất. 

Còn chờ gì mà không chọn ngay TH true ICE CREAM cho những phút giây sẻ chia thêm rộn vang tiếng cười bạn ơi! 
#thtrueicecream, #kemngonthatsu_sechiacucchat",50,6,1,2022-09-27 19:06:24,Photo
https://www.facebook.com/thmilk/posts/pfbid02eteH1ESkNGaCNxyvLt4u2grvreyWMnxxqkMt9RdYfRsJsEVqy4ctthK9s89pmKchl,"Bữa xế nhanh gọn với Bơ TH true BUTTER - giàu dinh dưỡng, trọn vị ngon

Làm việc ngày dài khiến tinh thần uể oải, nghỉ tay dùng ngay Bơ TH true BUTTER bạn nhé! Hương vị tuyệt vời khi ăn cùng bánh mì thơm ngon, thiết kế nhỏ gọn tiện lợi mang đi tới mọi ""trạm nghỉ"". Bơ TH true BUTTER đảm bảo bữa xế bổ dưỡng trong tích tắc, mang tới khoảnh khắc thư giãn thưởng thức món ngon 

 Từ ngày 23/09, tặng thêm 1 sữa hạt TH true NUT 180ml khi mua 1 Bơ TH true BUTTER 10g. Ghé ngay cửa hàng TH true mart trên toàn quốc: https://www.thmilk.vn/he-thong-cua-hang/ (Chương trình có thể kết thúc trước thời gian quy định)",81,10,1,2022-09-26 05:22:27,Photo
https://www.facebook.com/thmilk/posts/pfbid02qhQAvLsLHC3AauPMKJuRGLPaW4t392SdMxXHrt6YRcKbPx96iQgNCamd7PJiYwtjl,"Tạm gác lại âu lo và cùng nhau chia sẻ TH true ICE CREAM! 

Ngày dài căng thẳng khiến bạn lo âu, thử ngay kem TH ngon quên sầu. TH true ICE CREAM không chỉ là vị kem ngon ngọt mát, mà còn là nguồn năng lượng tích cực cho những phút giây sẻ chia cực chất, là cảm hứng cho những câu chuyện vui trên trời dưới bể bên nhóm bạn thân. Chuyền tay nhau TH true ICE CREAM, lan tỏa ngay ""good mood"" tới bạn bè. 

Tận hưởng kem ngon đẩy mood ngay cùng TH true ICE CREAM và sẻ chia năng lượng tích cực tới bạn bè nhé! 

#thtrueicecream, #kemngonthatsu_sechiathatchat",86,8,5,2022-09-24 15:38:30,Photo
https://www.facebook.com/thmilk/posts/pfbid0264nQa89g6n1NHVW1ZXK1VYmNqZuSFnqB2LzBVp1zbSe6H8BqgXjVVfo1DNBhc5jol,"Là sự kết hợp của sữa tươi sạch nguyên chất của trang trại TH và những nguyên liệu hoàn toàn tự nhiên, kem TH true ICE CREAM mang lại vị thơm ngậy ngọt ngào, thơm ngon khó cưỡng. Cuối tuần chẳng cần đi đâu xa, chỉ cần kem TH true ICE CREAM vừa ăn vừa rôm rả chuyện trò cùng gia đình và bạn bè. Bạn đã thử chưa? 

Ghé chuỗi cửa hàng TH true mart và hệ thống các siêu thị trên toàn quốc để rinh ngay kem TH true ICE CREAM bạn nhé! 

► Danh sách cửa hàng TH true mart: https://www.thmilk.vn/he-thong-cua-hang/ 
#THtrueICECREAM ; #Kemngontusuatuoisach",3305,543,33,2022-09-23 01:54:33,Photo
https://www.facebook.com/thmilk/videos/817014365998115/,"Cùng TH true CHEESE lan tỏa niềm vui vào bếp - Thêm yêu căn bếp, vui trọn món ngon

Được làm từ tinh túy sữa tươi sạch, Phomat tự nhiên TH đậm đà hương vị béo ngậy, là nguyên liệu thơm ngon để mỗi phút giây vào bếp cùng gia đình luôn tràn đầy ngọt ngào và niềm vui.

Ghé thăm hệ thống siêu thị toàn quốc, hệ thống cửa hàng TH true mart hoặc đặt hàng online ngay:
► Website: https://www.thtruemart.vn/
► Ứng dụng: TH eLIFE
► Danh sách cửa hàng: https://www.thmilk.vn/he-thong-cua-hang/

#vuitronmonngon #THtrueCHEESE",442,9,2,2022-09-21 12:10:37,Video
https://www.facebook.com/thmilk/videos/798059081392635/,"Cùng TH true BUTTER lan tỏa niềm vui vào bếp - Thêm yêu căn bếp, vui trọn món ngon

Được làm từ tinh túy sữa tươi sạch, Bơ tự nhiên TH đậm đà hương vị béo ngậy, là nguyên liệu thơm ngon để mỗi phút giây vào bếp cùng gia đình luôn tràn đầy ngọt ngào và niềm vui.

Ghé thăm hệ thống siêu thị toàn quốc, hệ thống cửa hàng TH true mart hoặc đặt hàng online ngay:
► Website: https://www.thtruemart.vn/
► Ứng dụng: TH eLIFE
► Danh sách cửa hàng: https://www.thmilk.vn/he-thong-cua-hang/
#vuitronmonngon #THtrueBUTTER",468,12,8,2022-09-21 12:01:28,Video
https://www.facebook.com/thmilk/videos/415426130733459/,"Cùng TH true CHEESE & BUTTER lan tỏa niềm vui vào bếp - Thêm yêu căn bếp, vui trọn món ngon

Được làm từ tinh túy sữa tươi sạch, Bơ Phomat TH đậm đà hương vị béo ngậy, là nguyên liệu thơm ngon để mỗi phút giây vào bếp cùng gia đình luôn tràn đầy ngọt ngào và niềm vui.

Ghé thăm hệ thống siêu thị toàn quốc, hệ thống cửa hàng TH true mart hoặc đặt hàng online ngay:
► Website: https://www.thtruemart.vn/
► Ứng dụng: TH eLIFE
► Danh sách cửa hàng: https://www.thmilk.vn/he-thong-cua-hang/

#vuitronmonngon #THtrueBUTTER #THtrueCHEESE",111,0,9,2022-09-20 14:47:30,Video
https://www.facebook.com/thmilk/videos/2163033063846711/,"Kem TH true ICE CREAM - Kem ngon thật sự, sẻ chia cực chất 

Hạnh phúc là khi cùng chia sẻ những điều tích cực, những sự lạc quan, những niềm vui cùng nhau. Là những khoảnh khắc rộn ràng sau giờ học; những phút giây thư giãn cuối ngày bên gia đình… Hay chỉ là những phút giây “me time” rảnh rang tám chuyện rộn rã bên bạn bè với bao bí mật được “bật mí”.

Có bạn thân TH true ICE CREAM thì khoảnh khắc và những sẻ chia nào cũng sẽ thật “high”, thêm năng lượng tích cực và sẻ chia cực chất mỗi ngày.
#THtrueICECREAM #Kemngonthatsu_Sechiacucchat",2700,87,40,2022-09-19 11:28:08,Video
https://www.facebook.com/thmilk/videos/599354925260343/,"Kem TH true ICE CREAM - Kem ngon thật sự, sẻ chia cực chất 
Hạnh phúc là khi cùng chia sẻ những điều tích cực, những sự lạc quan, những niềm vui cùng nhau. Là những khoảnh khắc rộn ràng sau giờ học; những phút giây thư giãn cuối ngày bên gia đình… Hay chỉ là những phút giây “me time” rảnh rang tám chuyện rộn rã bên bạn bè với bao bí mật được “bật mí”.
Có bạn thân TH true ICE CREAM thì khoảnh khắc và những sẻ chia nào cũng sẽ thật “high”, thêm năng lượng tích cực và sẻ chia cực chất mỗi ngày.
#THtrueICECREAM #Kemngonthatsu_Sechiacucchat",1425,43,10,2022-09-26 16:44:39,Video
https://www.facebook.com/thmilk/videos/496310498538996/,"Kem TH true ICE CREAM - Kem ngon thật sự, sẻ chia cực chất 

Hạnh phúc là khi cùng chia sẻ những điều tích cực, những sự lạc quan, những niềm vui cùng nhau. Là những khoảnh khắc rộn ràng sau giờ học; những phút giây thư giãn cuối ngày bên gia đình… Hay chỉ là những phút giây “me time” rảnh rang tám chuyện rộn rã bên bạn bè với bao bí mật được “bật mí”.

Có bạn thân TH true ICE CREAM thì khoảnh khắc và những sẻ chia nào cũng sẽ thật “high”, thêm năng lượng tích cực và sẻ chia cực chất mỗi ngày.

#THtrueICECREAM #Kemngonthatsu_Sechiacucchat",3044,300,27,2022-09-16 14:32:22,Video
https://www.facebook.com/thmilk/videos/389614126708503/,"Nhận ngay 01 sản phẩm cùng loại khi mua 12 sản phẩm Sữa chua uống tiệt trùng TH true YOGURT Công thức TOPKID 110 ml từ nay đến hết 31/10/2022.
Đến ngay cửa hàng, siêu thị để nhận ưu đãi từ sữa chua uống tiệt trùng TH true YOGURT!
-------------------------
► Danh sách cửa hàng TH true mart: https://www.thmilk.vn/he-thong-cua-hang/
► Website: https://www.thtruemart.vn/san-pham.html?cat=44
► Grabmart: http://bit.ly/THtruemart-GrabMart
► ShopeeFood: https://bit.ly/THtruemart-ShopeeFood
► Baemin: http://bit.ly/THtruemart-Baemin
► Loship: https://bit.ly/THtruemart-Loship",165,20,10,2022-09-16 04:36:24,Video
https://www.facebook.com/thmilk/videos/759324148509718/,"Nhận ngay 01 sản phẩm cùng loại khi mua 8 sản phẩm Sữa chua uống tiệt trùng TH true YOGURT 180 ml từ nay đến hết 31/10/2022.
Đến ngay cửa hàng, siêu thị để nhận ưu đãi từ sữa chua uống tiệt trùng TH true YOGURT!
-------------------------
► Danh sách cửa hàng TH true mart: https://www.thmilk.vn/he-thong-cua-hang/
► Website: https://www.thtruemart.vn/san-pham.html?cat=44
► Grabmart: http://bit.ly/THtruemart-GrabMart
► ShopeeFood: https://bit.ly/THtruemart-ShopeeFood
► Baemin: http://bit.ly/THtruemart-Baemin
► Loship: https://bit.ly/THtruemart-Loship",61,9,3,2022-09-16 04:35:37,Video
https://www.facebook.com/thmilk/posts/pfbid032EkyJ7Wo8fUSm1dfb5Vtn7eTjERAgQjbkJsvnkndjP9EJKY5FT6smBywhwMNdbf5l,"Giờ giải lao còn gì vui hơn khi sẻ chia kem TH với bạn bè   
 
Với hương vị độc đáo hòa quyện từ sữa tươi sạch và nguyên liệu hoàn toàn từ thiên nhiên, TH true ICE CREAM mang đến lớp kem ngon mềm mịn và hương vị độc đáo đa dạng cho bạn lựa chọn. Vị kem thơm thơm tan ngay trên đầu lưỡi mang đến cho bạn những khoảnh khắc sẻ chia tuyệt vời.   

Ghé ngay hệ thống TH true mart trên toàn quốc đang có chương trình mua 2 kem que tặng 1 chai TH true TEA từ nay đến hết ngày 19/9 bạn nhé!

► Danh sách cửa hàng TH true mart: https://www.thmilk.vn/he-thong-cua-hang/ 
► Website: https://www.thtruemart.vn/san-pham/kem-tu-sua-tuoi-nguyen-chat.html",77,17,9,2022-09-14 10:14:06,Photo
https://www.facebook.com/thmilk/posts/pfbid0q2CFxopQRfZLKi89skZap7uPaw9ujKjQy4gaMhQvPqw7k9mAN9SdMYKMRv1R26h6l,"Sữa chua TH true YOGURT nay đã có vị Táo - Sơ ri tự nhiên hoàn toàn mới!

Thưởng thức vị ngon độc đáo từ sản phẩm sữa chua ăn TH true YOGURT mới nhất, được làm từ sữa tươi sạch kết hợp mứt Táo – Sơ Ri Tự Nhiên mang tới trải nghiệm tuyệt hảo: ngon, mới lạ, hấp dẫn.

► Danh sách cửa hàng TH true mart: https://www.thmilk.vn/he-thong-cua-hang/
► Website: https://www.thtruemart.vn/san-pham-moi/loc-sua-chua-an-tao-so-ri-th-true-yogurt-100g.html
► Grabmart: http://bit.ly/THtruemart-GrabMart
► ShopeeFood: https://bit.ly/THtruemart-ShopeeFood
► Baemin: http://bit.ly/THtruemart-Baemin
► Loship: https://bit.ly/THtruemart-Loship",304,20,12,2022-09-12 15:52:35,Photo
https://www.facebook.com/thmilk/videos/622553582728887/,"Sữa chua TH true YOGURT nay đã có vị Táo - Sơ ri tự nhiên hoàn toàn mới!
Thưởng thức vị ngon độc đáo từ sản phẩm sữa chua ăn TH true YOGURT mới nhất, được làm từ sữa tươi sạch kết hợp mứt Táo – Sơ Ri Tự Nhiên mang tới trải nghiệm tuyệt hảo: ngon, mới lạ, hấp dẫn. 
 
► Danh sách cửa hàng TH true mart: https://www.thmilk.vn/he-thong-cua-hang/
► Website: https://www.thtruemart.vn/san.../s-a-chua-t-nhien-x.html...
► Grabmart: http://bit.ly/THtruemart-GrabMart
► ShopeeFood: https://bit.ly/THtruemart-ShopeeFood
► Baemin: http://bit.ly/THtruemart-Baemin
► Loship: https://bit.ly/THtruemart-Loship",4866,147,25,2022-09-10 21:31:04,Video
https://www.facebook.com/thmilk/videos/608594640735359/,"Sữa chua TH true YOGURT nay đã có vị Táo - Sơ ri tự nhiên hoàn toàn mới!
Thưởng thức vị ngon độc đáo từ sản phẩm sữa chua ăn TH true YOGURT mới nhất, được làm từ sữa tươi sạch kết hợp mứt Táo – Sơ Ri Tự Nhiên mang tới trải nghiệm tuyệt hảo: ngon, mới lạ, hấp dẫn. 
 
► Danh sách cửa hàng TH true mart: https://www.thmilk.vn/he-thong-cua-hang/
► Website: https://www.thtruemart.vn/san.../s-a-chua-t-nhien-x.html...
► Grabmart: http://bit.ly/THtruemart-GrabMart
► ShopeeFood: https://bit.ly/THtruemart-ShopeeFood
► Baemin: http://bit.ly/THtruemart-Baemin
► Loship: https://bit.ly/THtruemart-Loship",2794,79,33,2022-09-10 21:35:40,Video
https://www.facebook.com/thmilk/posts/pfbid02fMwphu8QTXEgGyRSWBLjHf252hHrPA7jiByWeyi2dyrPtJduQFfraEZsM1F8UG9Yl,"Sáng nay 10/9, sự kiện  “TOPKID Khoẻ mạnh tự nhiên - Trung thu an lành"" do TH TOPKID phối hợp với VTV24 - Vì Tầm Vóc Việt đã chính thức được diễn ra trên phố đi bộ Hồ Gươm.

Tại sự kiện, các bé đã được trải nghiệm rất nhiều hoạt động ý nghĩa, giúp các bé hiểu thêm giá trị văn hoá truyền thống như nặn tò he, vẽ mặt nạ,... Bên cạnh đó, các hoạt động thể chất như kéo co, cuớp cờ,... cũng được các bé vô cùng hưởng ứng.

Sự kiện sẽ được tiếp tục diễn ra vào 16h chiều nay với nhiều hoạt động hấp dẫn không thể bỏ lỡ như múa lân, rước đèn…

Trung thu năm nay, cùng tham gia  sự kiện  “TOPKID Khoẻ mạnh tự nhiên - Trung thu an lành"" của  TH TOPKID để tạo thêm nhiều giây phút ý nghĩa cho các bé nhé!",91,2,3,2022-09-10 00:06:26,unknown
https://www.facebook.com/thmilk/posts/pfbid02X9gSJ4jFqbNGJn4W68mxwkF5ZDMaybgeU8wkcZjPAEegeW7G2GGxdWaCrX1Xsv1zl," Từ ngày 10/9 – 11/9, VTV24 - Vì tầm vóc Việt phối hợp với TH TOPKID tổ chức sự kiện “TOPKID Khỏe mạnh tự nhiên - Trung thu an lành” trên phố đi bộ Hồ Gươm. Đến với sự kiện, các bé sẽ được trải nghiệm nhiều hoạt động mang tính truyền thống, từ đó giúp các bé hiểu thêm về văn hóa đất nước, cùng giữ gìn và bảo tồn những giá trị bản sắc dân tộc.
 Cùng TH TOPKID tạo nên những giây phút ý nghĩa cho các bé trong mùa trung thu năm nay nhé. Hẹn gặp lại ba mẹ và các bé tại sự kiện “TOPKID Khỏe mạnh tự nhiên - Trung thu an lành” vào ngày mai!",96,24,4,2022-09-09 02:37:13,Photo
https://www.facebook.com/thmilk/posts/pfbid0d4bqmfVkMGjBEFNRZE3HKpkYFDXCnMb11t1yY9e7NR3PmP4JabPKM7JYkRr5DgSWl,"Sữa chua TH true YOGURT nay đã có vị Táo - Sơ ri tự nhiên hoàn toàn mới!

Thưởng thức vị ngon độc đáo từ sản phẩm sữa chua ăn TH true YOGURT mới nhất, được làm từ sữa tươi sạch kết hợp mứt Táo – Sơ Ri Tự Nhiên mang tới trải nghiệm tuyệt hảo: ngon, mới lạ, hấp dẫn.  

► Danh sách cửa hàng TH true mart: https://www.thmilk.vn/he-thong-cua-hang/
► Website: https://www.thtruemart.vn/san.../s-a-chua-t-nhien-x.html...
► Grabmart: http://bit.ly/THtruemart-GrabMart
► ShopeeFood: https://bit.ly/THtruemart-ShopeeFood
► Baemin: http://bit.ly/THtruemart-Baemin
► Loship: https://bit.ly/THtruemart-Loship",1218,49,18,2022-09-08 05:08:00,Photo
https://www.facebook.com/thmilk/posts/pfbid0spGC3Zqx8Pr79Xss1wAuBkxiPVG3QrUeRmCsFZp4Hd13EvQw9rE2dDTyAFBD2ikZl,"Sữa chua TH true YOGURT nay đã có vị Táo - Sơ ri tự nhiên hoàn toàn mới!
Thưởng thức vị ngon độc đáo từ sản phẩm sữa chua ăn TH true YOGURT mới nhất, được làm từ sữa tươi sạch kết hợp mứt Táo – Sơ Ri Tự Nhiên mang tới trải nghiệm tuyệt hảo: ngon, mới lạ, hấp dẫn.  
Cùng điểm qua một số ưu điểm vượt trội của Sữa Chua Táo – Sơ Ri TH true YOGURT nhé:
• Được làm hoàn toàn từ sữa tươi sạch nguyên chất của trang trại TH, lên men tự nhiên.
• Toàn bộ các thành phần hoàn toàn tự nhiên, không chất bảo quản, không chất tạo màu, không chứa thành phần hóa tổng hợp. 
• Lưu giữ phần lớn các dưỡng chất tự nhiên của sữa tươi sạch và hỗ trợ tốt cho hệ tiêu hóa
• Hương vị Táo - Sơ Ri thơm ngon, mới lạ, khác biệt với các sản phẩm khác trên thị trường.
Thưởng thức ngay Sữa Chua Táo – Sơ Ri Tự Nhiên TH true YOGURT để cảm nhận hương vị thơm ngon và đầy mới mẻ nhé! 
Sản phẩm đã có bán tại các cửa hàng bán lẻ, siêu thị, cửa hàng TH true mart và kênh Thương Mại Điện Tử trên toàn quốc. 
► Danh sách cửa hàng TH true mart: https://www.thmilk.vn/he-thong-cua-hang/
► Website: https://www.thtruemart.vn/san.../s-a-chua-t-nhien-x.html...
► Grabmart: http://bit.ly/THtruemart-GrabMart
► ShopeeFood: https://bit.ly/THtruemart-ShopeeFood
► Baemin: http://bit.ly/THtruemart-Baemin
► Loship: https://bit.ly/THtruemart-Loship",133,10,31,2022-09-07 07:38:46,Photo
https://www.facebook.com/thmilk/posts/pfbid02B9KhzifquxU6zhU7P7YuuTU5KAbu4bVhLJuNPse3NdeUuSP9i9DwTiMuGMLGaiYql,"Nhận ngay 01 sản phẩm cùng loại khi mua 12 sản phẩm Sữa chua uống tiệt trùng TH true YOGURT Công thức TOPKID 110 ml từ nay đến hết 31/10/2022.
Đến ngay cửa hàng, siêu thị để nhận ưu đãi từ sữa chua uống tiệt trùng TH true YOGURT!
-------------------------
► Danh sách cửa hàng TH true mart: https://www.thmilk.vn/he-thong-cua-hang/
► Website: https://www.thtruemart.vn/san-pham.html?cat=44
► Grabmart: http://bit.ly/THtruemart-GrabMart
► ShopeeFood: https://bit.ly/THtruemart-ShopeeFood
► Baemin: http://bit.ly/THtruemart-Baemin
► Loship: https://bit.ly/THtruemart-Loship",734,143,13,2022-09-06 10:09:33,Photo
https://www.facebook.com/thmilk/posts/pfbid02iPtCQQ1L4g9qMmsgv2hWYjJH4poLG9gD9jsvujL3q24679WF6bUtVBf8ZWD7jWoRl,"Nhận ngay 01 sản phẩm cùng loại khi mua 8 sản phẩm Sữa chua uống tiệt trùng TH true YOGURT 180 ml từ nay đến hết 31/10/2022.
Đến ngay cửa hàng, siêu thị để nhận ưu đãi từ sữa chua uống tiệt trùng TH true YOGURT!
-------------------------
► Danh sách cửa hàng TH true mart: https://www.thmilk.vn/he-thong-cua-hang/
► Website: https://www.thtruemart.vn/san-pham.html?cat=44
► Grabmart: http://bit.ly/THtruemart-GrabMart
► ShopeeFood: https://bit.ly/THtruemart-ShopeeFood
► Baemin: http://bit.ly/THtruemart-Baemin
► Loship: https://bit.ly/THtruemart-Loship",345,21,3,2022-09-05 12:40:20,Photo
https://www.facebook.com/thmilk/videos/765228101396967/,"Nhận ngay 01 sản phẩm cùng loại khi mua 12 sản phẩm Sữa chua uống tiệt trùng TH true YOGURT Công thức TOPKID 110 ml từ nay đến hết 31/10/2022.
Đến ngay cửa hàng, siêu thị để nhận ưu đãi từ sữa chua uống tiệt trùng TH true YOGURT!
-------------------------
► Danh sách cửa hàng TH true mart: https://www.thmilk.vn/he-thong-cua-hang/
► Website: https://www.thtruemart.vn/san-pham.html?cat=44
► Grabmart: http://bit.ly/THtruemart-GrabMart
► ShopeeFood: https://bit.ly/THtruemart-ShopeeFood
► Baemin: http://bit.ly/THtruemart-Baemin
► Loship: https://bit.ly/THtruemart-Loship",89,15,10,2022-09-04 15:11:07,Video
https://www.facebook.com/thmilk/videos/460536319338866/,"Nhận ngay 01 sản phẩm cùng loại khi mua 8 sản phẩm Sữa chua uống tiệt trùng TH true YOGURT 180 ml từ nay đến hết 31/10/2022.

Đến ngay cửa hàng, siêu thị để nhận ưu đãi từ sữa chua uống tiệt trùng TH true YOGURT!
-------------------------
► Danh sách cửa hàng TH true mart: https://www.thmilk.vn/he-thong-cua-hang/
► Website: https://www.thtruemart.vn/san-pham.html?cat=44
► Grabmart: http://bit.ly/THtruemart-GrabMart
► ShopeeFood: https://bit.ly/THtruemart-ShopeeFood
► Baemin: http://bit.ly/THtruemart-Baemin
► Loship: https://bit.ly/THtruemart-Loship",207,26,6,2022-09-04 15:10:19,Video
https://www.facebook.com/thmilk/posts/pfbid0Bhm2A8j5511pUrLbDNEj6e49WWWvLCLbcBcc1XpYVEp3pscBfjzwsnq9gq4jTwxsl,"Nhận ngay 01 sản phẩm cùng loại khi mua 8 sản phẩm Sữa chua uống tiệt trùng TH true YOGURT 180 ml hoặc 12 sản phẩm Sữa chua uống tiệt trùng TH true YOGURT Công thức TOPKID 110 ml

Với vị ngon tự nhiên hoàn toàn từ sữa tươi sạch nguyên chất của trang trại TH, được lên men tự nhiên kết hợp với các hương vị trái cây hấp dẫn và không sử dụng hương liệu nhân tạo - tổng hợp, mẹ hoàn toàn yên tâm chọn sữa chua uống tiệt trùng TH true YOGURT cho các con.

Thông tin chi tiết xem tại:  https://www.thmilk.vn/chuong-trinh-khuyen-mai-bo-san-pham-sua-chua-uong-tiet-trung-th-true-yogurt/",56,13,5,2022-09-02 07:44:36,Photo
https://www.facebook.com/thmilk/posts/pfbid0fDRpKKA9Ub8d5gVJQLTRg4PcVqcxJTRdRdsPNJyAsU1VFZ4jPxAEWS9QGrHMGuMMl,"Đổi món healthy với cà tím nướng phomat mozzarella thơm ngậy 

 Với nguyên liệu cà tím dài quen thuộc, dễ kiếm, cắt đôi khoét mỏng ruột, phết dầu oliu trên bề mặt và đặt vào khay nướng (hoặc nồi chiên không dầu) chế độ 165 độ trong 4 – 6 phút để bề mặt xém nhẹ.
 Phủ “topping” bởi cà chua bi bổ dọc hoặc để nguyên quả, thêm oliu xanh nếu thích và phủ đầy TH true CHEESE trên bề mặt và bỏ lò trong vòng vài phút đến khi phomat chảy phủ đều. Rắc thêm lá basil, tiêu, muối hạt và thưởng thức!",58,5,5,2022-08-31 00:18:54,Photo
https://www.facebook.com/thmilk/posts/pfbid02rBU5jfUWi6jXzmmbcDZXhhiVJnDyBgC6i3GmEbdrdnJYv9VTk5P2LhwSsNbBsDUGl,"Thưởng thức kem ngon từ sữa tươi sạch TH true ICE CREAM hương Vanilla.

Được làm hoàn toàn từ sữa tươi của trang trại TH với hương Vanilla tự nhiên, TH true ICE CREAM mang đến hương vị ngọt thanh nhẹ dịu, giúp bạn lấy lại năng lượng và giải toả căng thẳng. Cùng tận hưởng hương vị thơm ngon trọn vẹn, hoàn toàn từ thiên nhiên trong TH true ICE CREAM bạn nhé!

Ghé ngay hệ thống TH true mart trên toàn quốc đang có chương trình mua 1 kem hộp TH true ICE CREAM 180g tặng 1 kem hộp 50g đến hết 31/8. 

► Danh sách cửa hàng TH true mart: https://www.thmilk.vn/he-thong-cua-hang/ 
► Website: https://www.thtruemart.vn/san-pham/kem-tu-sua-tuoi-nguyen-chat.html",48,1,3,2022-08-28 16:53:12,Photo
https://www.facebook.com/thmilk/posts/pfbid0n1nb4P9RfDQHLyeg3eye2chQUmpqLzwgMMWubRqVrMdcopMzcZytWMEhxPrzZ1sWl,"Kem ngon sảng khoái cho ngày thư thái, rinh ngay TH true ICE CREAM với vị kem ngon đa dạng.  

• Kem vanilla cho team mê dịu ngọt thanh thanh 
• Kem dừa tự nhiên ngọt thơm hấp dẫn  
• Kem trà xanh matcha thanh mát  
• Kem socola độc đáo hài hòa 
• Kem sầu riêng thơm đặc trưng cho team mê sầu 

Ghé hệ thống TH true mart trên toàn quốc để nhận ngay 1 kem hộp TH true ICE CREAM 50g khi mua 1 kem hộp 180g tới hết ngày 31/8 bạn nhé! 
  
#THtrueICECREAM; #Kemngontusuatuoisach",46,8,1,2022-08-26 09:27:30,Photo
https://www.facebook.com/thmilk/posts/pfbid0aFDu6UQuWV62yNbTXxMbG9zuSp7RwSmYxbjSGWUXrBqMSZ3XQRFySrekiXxiCEPtl,"Phomat TH true CHEESE Mozzarella - Giàu dinh dưỡng, béo ngậy tự nhiên
Được làm hoàn toàn từ sữa tươi sạch nguyên chất của trang trại TH, bằng công nghệ hiện đại của Italia và Thụy Sỹ, TH true CHEESE có vị mặn nhẹ kèm với vị béo vừa phải, đặc trưng của phomat mozzarella. Cần khoảng 10 lít sữa tươi để sản xuất 1kg phomat tự nhiên, TH true CHEESE không chỉ ngon mà còn là nguồn cung cấp năng lượng và canxi dồi dào cho bạn và cả gia đình.
 Đặt mua ngay phomat TH true CHEESE tại: https://www.thtruemart.vn/san-pham/bo-va-phomat/phomai-que-mozzarella-th-true-cheese.html",69,12,2,2022-08-24 02:01:48,Photo
https://www.facebook.com/thmilk/posts/pfbid0inP6jNP4jgZ5jwxSLDVHZjAo6cpxeV5f4jq1Q1DCETRHLSMVZhrLXzFmwostytQMl,"Giờ nghỉ còn gì tuyệt hơn khi có Kem TH true ICE CREAM đồng hành cùng bạn!

Được làm từ nguồn sữa tươi từ trang trại TH, kết hợp với socola nguyên chất, TH true ICE CREAM socola là vị kem được săn đón nhất cho những giờ giải lao khoan khoái. Lớp kem mềm mịn, hương vị ngọt đắng hài hòa tạo nên vị kem tuyệt ngon. Bạn đã thử chưa? 

Đừng quên ghé hệ thống TH true mart trên toàn quốc để nhận ngay 1 kem hộp TH true ICE CREAM 50g khi mua 1 kem hộp 180g đến hết 31/8 bạn nhé. 

► Danh sách cửa hàng TH true mart: https://www.thmilk.vn/he-thong-cua-hang/ 
► Website: https://www.thtruemart.vn/san-pham/kem-tu-sua-tuoi-nguyen-chat.html",79,6,3,2022-08-21 18:36:06,Photo
https://www.facebook.com/thmilk/posts/pfbid0ZwK6KEdsFvx8ZSED4tpaburi7FsJSC3YWt9qREpKN9LN9QzAihxYTaEo96NfvSwdl,"Tới ngay TH true mart đường Trần Hưng Đạo, TP.Cà Mau để nhận các quà tặng hấp dẫn:
- Từ 1907 đến 25/08
 Tặng 01 chai Trà Tự Nhiên khi mua 02 Trà Tự Nhiên TH true TEA (*)
 Tặng ngay 01 Kem TH true ICE CREAM TOPKID khi mua 02 chai Nước uống Sữa trái cây TH true JUICE milk (*)
 Tặng 01 hộp Bơ 10gx10 TH true BUTTER khi mua 03 lốc Sữa chua ăn TH true YOGURT trong các vị Có đường, Ít đường, Vị tự nhiên (*)
(*) Số lượng quà tặng có hạn
 Chỉ áp dụng tại địa chỉ 50 Trần Hưng Đạo, Phường 5, TP.Cà Mau",51,18,2,2022-08-19 11:10:24,Photo
https://www.facebook.com/thmilk/posts/pfbid0322RBbybAPRLj9JqK8Vc1h4VGJ39GbZtY2LSD27L9hjCTeqYXnbJ88QsQduELjEVtl,"Kem dừa tự nhiên TH true ICE CREAM với lớp kem dừa thơm béo mềm mịn cùng “topping” mứt dừa dai ngon, thanh mát dịu ngọt. Hãy cùng chia sẻ hương vị kem dừa tự nhiên TH true ICE CREAM cùng với gia đình và bạn bè nhé. Và đừng quên ghé TH true mart trên toàn quốc để nhận ưu đãi mua 1 kem hộp TH true ICE CREAM 180g tặng 1 kem 50g từ nay tới hết 31/8 bạn nhé. 

► Danh sách cửa hàng TH true mart: https://www.thmilk.vn/he-thong-cua-hang/ 
► Website: https://www.thtruemart.vn/san-pham/kem-tu-sua-tuoi-nguyen-chat.html",42,0,5,2022-08-17 03:44:42,Photo
https://www.facebook.com/thmilk/posts/pfbid02NfMvcSPEkWAtBhUev9zzeCjDiSFxJo2r5BRRi4skmZkPjWJLzEGLitP2BSovFiURl,"BỮA NHẸ NGON LÀNH VỚI BƠ TH true BUTTER 
Được làm từ nguồn sữa tươi sạch của trang trại TH, bơ lạt tự nhiên TH true BUTTER có hương vị thơm, béo, ngậy nguyên bản từ bơ sữa, không chỉ phù hợp để chế biến mà ăn trực tiếp cũng rất ngon miệng. Cùng thưởng thức bữa nhẹ với bơ TH true BUTTER vừa nhanh gọn lại giàu chất dinh dưỡng nhé!

 Đừng quên khi mua 1 Bơ lạt tự nhiên 200g tại TH true mart sẽ được tặng ngay 1 hộp Sữa tươi Thanh trùng 450ml.
 Chương trình diễn ra từ 05/08 đến hết 31/08. Tới ngay các điểm TH true mart gần nhất để nhận ưu đãi: https://www.thmilk.vn/he-thong-cua-hang/",67,13,2,2022-08-14 20:18:59,Photo
https://www.facebook.com/thmilk/posts/pfbid02fmRg1UPx4Mp7UU8YUDFwQL9gTSAwJv9vVXZfn3PUjVmWGPraCWrP4kCqj6NDm7iUl,"Điểm danh vị kem cổ điển được săn đón nhất: TH true ICE CREAM vị socola. 

Hương vị thơm ngon của sữa tươi thật kết hợp với socola nguyên chất tạo nên vị kem độc đáo mát lạnh. Với lớp kem mềm mịn và dư vị ngọt đắng hài hòa, TH true ICE CREAM hương socola xứng đáng là ""top pick"" cho ngày hè tỉnh táo. 

Đừng quên ghé TH true mart đang có chương trình mua 1 kem hộp TH true ICE CREAM 180g tặng 1 kem hộp 50g tới hết 31/8 bạn nhé. 

* Lưu ý chương trình không áp dụng với kem hộp TH true ICE CREAM vị socola nguyên chất 50g.

► Danh sách cửa hàng TH true mart: https://www.thmilk.vn/he-thong-cua-hang/ 
► Website: https://www.thtruemart.vn/san-pham/kem-tu-sua-tuoi-nguyen-chat.html",68,3,2,2022-08-12 12:53:17,Photo
https://www.facebook.com/thmilk/posts/pfbid02uNaW9x7QTaMnifTwRWxrXciQFhZiGX16TJdfZ5ZXcaFXyEHBKLZWjh7Xqw76VmjKl,"Hương vị dịu mát từ trà xanh matcha trong TH true ICE CREAM tạo nên vị kem thanh mát tươi mới, nuông chiều vị giác của bạn. Cùng với hương thơm vô cùng dễ chịu, TH true ICE CREAM vị trà xanh matcha tự nhiên chắc hẳn sẽ khiến bạn thích thú. 

Ghé hệ thống TH true mart trên toàn quốc để nhận ngay 1 kem hộp TH true ICE CREAM 50g khi mua 1 kem hộp 180g từ ngày 15/8 đến hết 31/8 bạn nhé! 

* Lưu ý chương trình không áp dụng với kem hộp TH true ICE CREAM vị socola tự nhiên 50g. 

► Danh sách cửa hàng TH true mart: https://www.thmilk.vn/he-thong-cua-hang/ 
► Website: https://www.thtruemart.vn/san-pham/kem-tu-sua-tuoi-nguyen-chat.html",121,4,5,2022-08-10 05:27:35,Photo
https://www.facebook.com/thmilk/posts/pfbid02WsjeQUYAJDCgRfV8StQYu6BvZ2FUgmHiDZM8PM7GAs7oe2UfGUJsmYEzizMiCkY8l,"Ở người lớn tuổi, nhu cầu dinh dưỡng có nhiều điều cần lưu ý vì các chức năng của cơ thể cũng như hệ miễn dịch đang dần lão hoá. Buổi giao lưu trực tuyến về chủ đề “Dinh dưỡng hợp lý để nâng cao sức khoẻ tổng thể cho người lớn tuổi” được Soha.vn tổ chức đã cung cấp rất nhiều thông tin hữu ích về cách bổ sung các dưỡng chất để nâng cao sức khỏe cho người lớn tuổi.",37,0,4,2022-08-07 22:01:53,GenericAttachmentMedia
https://www.facebook.com/thmilk/posts/pfbid02cNC8fTLyRX12g3D4ggsqq1P3KgVhBpHwr6KUv811sbEfGxHBe2b85XtVo5vurKEEl,"Kem ngon cho ngày thảnh thơi gọi tên TH true ICE CREAM hương vanilla. Lớp kem mềm mịn với hương thơm từ sữa và hậu vị ngọt dịu chắc chắn là lựa chọn thơm ngon hấp dẫn.   

Kem TH true ICE CREAM vanilla thơm ngon mê ly, kết hợp thêm với các mùi vị khác tạo nên kem ly tuyệt ngon. Bạn đã thử chưa? Ghé chuỗi cửa hàng TH true mart và hệ thống các siêu thị trên toàn quốc để rinh ngay kem TH true ICE CREAM bạn nhé! 

► Danh sách cửa hàng TH true mart: https://www.thmilk.vn/he-thong-cua-hang/ 
► Website: https://www.thtruemart.vn/san-pham/kem-tu-sua-tuoi-nguyen-chat.html",54,4,2,2022-08-05 14:36:11,Photo
https://www.facebook.com/thmilk/posts/pfbid0d6ErWhpNH6BhTht5gmbbntj5JkdgyfSyyQJPKZKQwouDZNByRUcBSXCPmHQn2qgxl,"TH true MILK GOLD là sự kết hợp giữa sữa tươi sạch tách béo của Trang trại TH và bộ dưỡng chất cao cấp bổ sung đem lại 6 lợi ích: Tốt cho tim mạch (Sterol esters thực vật), tốt cho xương khớp (Canxi, Vitamin D3, K2, Collagen), tốt cho tiêu hóa (chất xơ Inulin), cải thiện giấc ngủ (chất GABA), tăng sức đề kháng (Kẽm, Beta-glucan) và nâng cao sức khỏe tổng thể (Vitamin và Khoáng chất). Các chuyên gia dinh dưỡng đánh giá, đây là sản phẩm có tính đột phá trên thị trường thực phẩm dinh dưỡng Việt, trong bối cảnh thị trường đã có một số sản phẩm dành cho người lớn tuổi, nhưng phần lớn là các sản phẩm dạng bột.",99,17,46,2022-08-03 07:10:29,GenericAttachmentMedia
https://www.facebook.com/thmilk/posts/pfbid02BWHtvsDfzrWLfwJi7aZft3q77pbhBgQ6Zb3azyCioiQkjmu31LC9pLpq2bjXKTzYl,"Hương vị thơm ngon, ngọt mát từ kem dừa tự nhiên TH true ICE CREAM tạo nên nguồn cảm hứng mát lành thư thái bên gia đình và bạn bè. 

Với hương dừa tự nhiên tươi mát và mứt dừa dai ngon sần sật, đây chắc chắn là vị kem không thể bỏ lỡ cho các tín đồ mê kem hè này. Ghé cửa hàng TH true mart và hệ thống siêu thị trên toàn quốc để rinh ngay kem TH true ICE CREAM bạn nhé.  

► Danh sách cửa hàng TH true mart: https://www.thmilk.vn/he-thong-cua-hang/ 
► Website: https://www.thtruemart.vn/san-pham/kem-tu-sua-tuoi-nguyen-chat.html",73,6,1,2022-07-31 23:44:47,Photo
https://www.facebook.com/thmilk/posts/pfbid0AAeMDzW5MrwxQKUVS6D8gHDci1NeJkprByzqnnxYTN5wACJmgvF5ZGtRX6xequVBl,"Là sản phẩm sữa tươi công thức cho người lớn, TH true MILK GOLD được bổ sung bộ dưỡng chất cao cấp đem lại 06 lợi ích nhằm hỗ trợ nâng cao sức khoẻ tổng thể. TH true MILK GOLD cũng được nghiên cứu và phát triển với những đặc điểm riêng phù hợp cho người lớn tuổi tại Việt Nam như: 
 Dễ tiêu hoá: Hàm lượng Lactose thấp, đựợc bổ sung chất xơ 
 Tốt hơn cho sức khoẻ: Ít Béo, Không bổ sung đường 

Thông tin chi tiết vui lòng xem tại: https://www.thmilk.vn/th-true-milk-gold-sua-tuoi-cong-thuc-dinh-duong-cho-nguoi-lon-tuoi-dau-tien-tai-viet-nam/
Đặt hàng ngay tại: https://www.thtruemart.vn/san-pham/sua-tuoi/sua-tuoi-cong-thuc.html",179,19,79,2022-07-29 16:19:05,Photo
https://www.facebook.com/thmilk/videos/612529356957045/,"✨ Ghé GS25 mua 2 kem TH true ICE CREAM, rinh ngay quà tặng hấp dẫn ✨

Những món quà hot nhất hè này đang chờ bạn tại cửa hàng GS25 khi tham gia chương trình Mua Kem Ngon - Trúng Quà Tặng đặc biệt trong hè này của TH true ICE CREAM.

Chỉ với 3 bước đơn giản:
Ghé mua kem TH tại cửa hàng GS25 trên toàn quốc trong thời gian từ 27/7- 13/8/2022
Chụp lại hoá đơn mua hàng (áp dụng ít nhất 02 sản phẩm kem trở lên)
Gửi ảnh hoá đơn vào Zalo OA TH true MILK

Ngay sau đó, bạn sẽ nhận được 1 lượt quay thưởng trên vòng quay may mắn của TH với cơ hội nhận những phần quà hết sức hấp dẫn:
 02 iPad Pro 11
 06 AirPods 3
 100 voucher TH true mart trị giá 100.000VND

Cùng tận hưởng mùa hè với các vị kem ngon từ GS25 và TH true ICE CREAM và rinh về hàng ngàn quà chất!
Chi tiết chương trình tại đây: https://kemngontrungqua.thmilk.vn/",174,13,4,2022-07-27 08:53:23,Video
https://www.facebook.com/thmilk/posts/pfbid02uaNcw5GAZTViUru6ZKimMaw97qS2gTYaEiVJYuSGVUtN1fEnQn72Yy6sqcxVjYyEl,"✨ Ghé GS25 mua 2 kem TH true ICE CREAM, rinh ngay quà tặng hấp dẫn ✨

Những món quà hot nhất hè này đang chờ bạn tại cửa hàng GS25 khi tham gia chương trình Mua Kem Ngon - Trúng Quà Tặng đặc biệt trong hè này của TH true ICE CREAM.

Chỉ với 3 bước đơn giản:
Ghé mua kem TH tại cửa hàng GS25 trên toàn quốc trong thời gian từ 27/7- 13/8/2022
Chụp lại hoá đơn mua hàng (áp dụng ít nhất 02 sản phẩm kem trở lên)
Gửi ảnh hoá đơn vào Zalo OA TH true MILK

Ngay sau đó, bạn sẽ nhận được 1 lượt quay thưởng trên vòng quay may mắn của TH với cơ hội nhận những phần quà hết sức hấp dẫn:
 02 iPad Pro 11
 06 AirPods 3
 100 voucher TH true mart trị giá 100.000VND

Cùng tận hưởng mùa hè với các vị kem ngon từ GS25 và TH true ICE CREAM và rinh về hàng ngàn quà chất!

Chi tiết chương trình tại đây: https://kemngontrungqua.thmilk.vn/",80,3,1,2022-07-27 06:11:11,Photo
https://www.facebook.com/thmilk/videos/1256961838454400/,"✨ Ghé GS25 mua 2 kem TH true ICE CREAM, rinh ngay quà tặng hấp dẫn ✨

Những món quà hot nhất hè này đang chờ bạn tại cửa hàng GS25 khi tham gia chương trình Mua Kem Ngon - Trúng Quà Tặng đặc biệt trong hè này của TH true ICE CREAM.

Chỉ với 3 bước đơn giản:
Ghé mua kem TH tại cửa hàng GS25 trên toàn quốc trong thời gian từ 27/7- 13/8/2022
Chụp lại hoá đơn mua hàng (áp dụng ít nhất 02 sản phẩm kem trở lên)
Gửi ảnh hoá đơn vào Zalo OA TH true MILK

Ngay sau đó, bạn sẽ nhận được 1 lượt quay thưởng trên vòng quay may mắn của TH với cơ hội nhận những phần quà hết sức hấp dẫn:
 02 iPad Pro 11
 06 AirPods 3
 100 voucher TH true mart trị giá 100.000VND

Cùng tận hưởng mùa hè với các vị kem ngon từ GS25 và TH true ICE CREAM và rinh về hàng ngàn quà chất!

Chi tiết chương trình tại đây: https://kemngontrungqua.thmilk.vn/",280,0,1,2022-07-27 03:29:00,Video
https://www.facebook.com/thmilk/posts/pfbid0t8B2G3G6DgdZBxgmBDF4S24mcffVHxUcTa9X3WW11hTTHyin4eBpFxxkjLiPypWel,"Bơ TH true BUTTER - Các bếp bánh tin dùng
 Được làm từ nguồn sữa tươi sạch tự nhiên của trang trại TH, TH true BUTTER hoàn toàn không bổ sung chất bảo quản, mang lại hương vị béo ngậy của bơ sữa. Cùng với kết cấu mềm mượt, sản phẩm dễ dàng sử dụng cho nhiều công thức bánh, đảm bảo cho ra lò những mẻ bánh thơm ngon cho bạn và cả gia đình.
 Đặt mua bơ TH true BUTTER ngay hôm nay tại: https://www.thtruemart.vn/bo-l-t-t-nhien-th-true-butter-200-g.html",50,3,1,2022-07-24 06:33:57,Photo
https://www.facebook.com/thmilk/posts/pfbid031aReVjxoSDgnC5yzhrfE7yDhHRjfezBmA6nti9Fq88XH2R1kYYo7SwwQEF4sTDRBl,"Kem TH true ICE CREAM luôn thuyết phục được các ""tín đồ"" sầu riêng với hương thơm đặc trưng không thể chối từ cùng vị kem mát lạnh đậm đà từ sầu riêng thật. 

Vị kem từ loại trái cây nhiệt đới này thật xứng đáng là vedette của mùa hè! Bạn đã thử chưa? Ghé cửa hàng TH true mart và các siêu thị trên toàn quốc rinh ngay kem TH true ICE CREAM đang có ưu đãi Mua 4 tặng 1 đến 31/7 nhé!

► Danh sách cửa hàng TH true mart: https://www.thmilk.vn/he-thong-cua-hang/ 
► Website: https://www.thtruemart.vn/san-pham/kem-tu-sua-tuoi-nguyen-chat.html",34,0,1,2022-07-21 09:38:54,Photo
https://www.facebook.com/thmilk/posts/pfbid02B7giguzKpypw4YNiSkjiMa3NWb6bepxMtywzL11FHJPzsD1gRRqY7d2R514Gx3h9l,"Nhận ngay 1 sản phẩm cùng loại khi mua 8 sản phẩm Sữa Chua Ăn, Sữa Chua Ăn TOPKID, Sữa Chua Uống Thanh Trùng TH true YOGURT bất kỳ từ nay đến 15.9.2022.
Đến ngay cửa hàng, siêu thị để nhận ưu đãi từ TH true YOGURT!
-------------------------
► Danh sách cửa hàng TH true mart: https://www.thmilk.vn/he-thong-cua-hang/
► Website: https://www.thtruemart.vn/san-pham/s-a-chua-t-nhien-x.html
► Grabmart: http://bit.ly/THtruemart-GrabMart
► ShopeeFood: https://bit.ly/THtruemart-ShopeeFood
► Baemin: http://bit.ly/THtruemart-Baemin
► Loship: https://bit.ly/THtruemart-Loship",1220,81,11,2022-07-18 12:43:51,Photo
https://www.facebook.com/thmilk/videos/1162890007608515/,"Nhận ngay 1 sản phẩm cùng loại khi mua 8 sản phẩm Sữa Chua Ăn, Sữa Chua Ăn TOPKID, Sữa Chua Uống Thanh Trùng TH true YOGURT bất kỳ từ nay đến 15.9.2022.
Đến ngay cửa hàng, siêu thị để nhận ưu đãi từ TH true YOGURT!
-------------------------
► Danh sách cửa hàng TH true mart: https://www.thmilk.vn/he-thong-cua-hang/
► Website: https://www.thtruemart.vn/san-pham/s-a-chua-t-nhien-x.html
► Grabmart: http://bit.ly/THtruemart-GrabMart
► ShopeeFood: https://bit.ly/THtruemart-ShopeeFood
► Baemin: http://bit.ly/THtruemart-Baemin
► Loship: https://bit.ly/THtruemart-Loship",2960,73,18,2022-07-15 15:48:48,Video
https://www.facebook.com/thmilk/videos/1022058035121011/,"Nhận ngay 1 sản phẩm cùng loại khi mua 8 sản phẩm Sữa Chua Ăn, Sữa Chua Ăn TOPKID, Sữa Chua Uống Thanh Trùng TH true YOGURT bất kỳ từ nay đến 15.9.2022.
Đến ngay cửa hàng, siêu thị để nhận ưu đãi từ TH true YOGURT!
-------------------------
► Danh sách cửa hàng TH true mart: https://www.thmilk.vn/he-thong-cua-hang/
► Website: https://www.thtruemart.vn/san-pham/s-a-chua-t-nhien-x.html
► Grabmart: http://bit.ly/THtruemart-GrabMart
► ShopeeFood: https://bit.ly/THtruemart-ShopeeFood
► Baemin: http://bit.ly/THtruemart-Baemin
► Loship: https://bit.ly/THtruemart-Loship",28,3,0,2022-07-15 15:47:13,Video
https://www.facebook.com/thmilk/posts/pfbid0Q6gyAJ9SXTbSNmwuMscfkWdfFX5va7jgdTYW4vvaPPiBdXFtkreuv8esAebVvttVl,"⚡️ KẾT QUẢ MINIGAME SƯU TẦM THẺ - VIẾT LỜI HAY – TRÚNG QUÀ NGAY ⚡️
TH TOPKID xin gửi lời cảm ơn đến những bạn đã tham gia minigame Sưu tầm thẻ - Viết lời hay – Trúng quà ngay. Sau một thời gian diễn ra, minigame đã kết thúc vào ngày 30/6. TH TOPKID đã lựa chọn được các bạn có comment được nhiều tương tác và có ý nghĩa nhất.
 Danh sách nhận được quà tặng: https://bit.ly/DSKH_Mingame0106

Các bạn có tên trong danh sách trên hãy inbox cho Fanpage TH true MILK cung cấp những thông tin sau:
✅ Họ và tên
✅ Số điện thoại
✅ Địa chỉ
✅ Số CCCD/CMTND

Hạn cuối nhận thông tin: 31/07/2022. Sau 31/07/2022, mọi thông tin nhận giải thưởng gửi về fanpage TH true MILK đều không hợp lệ và BTC sẽ không trao giải cho những người gửi thông tin không đúng thời hạn.",40,26,2,2022-07-12 18:16:50,Photo
https://www.facebook.com/thmilk/posts/pfbid02ALFg1NNynQSDzcCLFpWA5XCwFMXBS1w5XCVMaP9DQS7Vc8i5YZxi1Smb7Saog7ipl,"Chương trình “Thu gom vỏ hộp, lan tỏa sống xanh” tại 20 cửa hàng TH true mart Hà Nội và TP Hồ Chí Minh đã nhận được hơn 300.000 vỏ hộp sữa từ hàng chục nghìn khách hàng ở nhiều lứa tuổi. Chương trình còn tặng tới người tiêu dùng hàng chục nghìn cuốn sổ tái chế, túi vải canvas và các quà tặng thân thiện với môi trường khác như: bộ thìa đũa bằng tre, chậu xơ dừa, sữa tươi tiệt trùng hữu cơ TH true MILK Organic. Quan trọng hơn, những hạt mầm sống xanh được gieo khắp nơi sẽ nảy nở thành thói quen ứng xử với rác thải, đặc biệt là thế hệ trẻ, đồng thời mang đến cho những chiếc vỏ hộp đã qua sử dụng một cuộc đời mới hoàn toàn khác, hay nói cách khác là sự tái sinh của rác thải, khép kín vòng tuần hoàn của sản phẩm và vật liệu.",93,25,1,2022-07-09 20:46:28,GenericAttachmentMedia
https://www.facebook.com/thmilk/posts/pfbid02auLUDyv65b8wzdWLmRrXPpi8LDWpsJcwpFG2EKmLF54ZoPDc7rw33WEQBgygiKbQl,"✨ GHÉ SATRA FOODS MUA 2 KEM TH true ICE CREAM, RINH NGÀN QUÀ TẶNG ✨

 Từ ngày 16/6 đến 3/7, khi ghé các cửa hàng Satra Foods, chỉ với hóa đơn có 2 chiếc kem TH true ICE CREAM bất kỳ, bạn sẽ nhận ngay 1 lượt quay thưởng với cơ hội trúng hàng ngàn quà tặng hot nhất hè này! 

Truy cập Zalo OA của TH true MILK để tham gia và nhận ngay các quà tặng giá trị:
 iPad Pro 11 2021 M1 Wifi 256GB
 AirPods 3
 Voucher TH true mart trị giá 100.000VND

Cùng tận hưởng mùa hè với các vị kem ngon từ TH true ICE CREAM và rinh về hàng ngàn quà chất! Xem thêm tại https://kemngontrungqua.thmilk.vn/ 

*Chương trình áp dụng từ 16/6 - 3/7 với hóa đơn có từ 02 sản phẩm KEM TH true ICE CREAM trở lên từ cửa hàng Satra Foods.",48,15,2,2022-07-06 23:16:06,Photo
https://www.facebook.com/thmilk/posts/pfbid0fd2116BU1LxAbHg8D8NJFbceVgAvSBpwyz7bTzp48fd1WvMJrb6hQNJDf9DvAQyel," Cùng TH TOPKID săn hộp bút và bộ xếp hình để mùa hè của các bé trở nên sôi động hơn nào 

Sưu tầm thẻ Đổi quà trong mỗi lốc Sữa chua uống tiệt trùng TH true YOGURT TOPKID để có cơ hội nhận hộp bút và bộ xếp hình cực dễ thương:
⚡️ 8 thẻ Đổi quà đổi 1 hộp bút
⚡️ 12 thẻ Đổi quà đổi 1 bộ xếp hình
⚡️ Thời hạn đổi quà đến hết 15/08
Ba mẹ có thể đổi quà cho con tại các cửa hàng TH true mart hoặc các điểm bán lẻ có bán sản phẩm có tham gia chương trình.

 Chi tiết chương trình xem tại: https://quatangtopkid.thmilk.vn/",73,66,8,2022-07-04 01:45:44,unknown
https://www.facebook.com/thmilk/posts/pfbid02WgADpzY3tXPJFir4gdxXPXT8pjbzAwYsQ9umNzjDWoF9EAoUqM86PQ2wNivjhNpml,"✨ Nhân ngày Gia đình Việt Nam 28/6, cùng ghé mua kem TH true ICE CREAM trúng ngàn quà tặng giá trị cho cả nhà! ✨

 Từ ngày 16/6 đến 3/7, khi ghé TH true mart hoặc Satra Food, đừng quên chỉ với 2 chiếc kem TH true ICE CREAM bất kỳ, bạn sẽ nhận ngay 1 lượt quay thưởng với cơ hội trúng hàng ngàn quà tặng hot nhất hè này!

 02 iPad Pro 11 2021 M1 Wifi 256GB
 12 AirPods 3
 1750 voucher TH true mart trị giá 100.000VND

Cùng tận hưởng mùa hè với các vị kem ngon từ TH true ICE CREAM và rinh về hàng ngàn quà chất! Xem thêm tại https://kemngontrungqua.thmilk.vn/

*Chương trình áp dụng từ 16/6 - 3/7 với hóa đơn có từ 02 sản phẩm KEM TH true ICE CREAM trở lên từ cửa hàng TH true mart hoặc Satra Food.",43,2,0,2022-07-01 04:15:21,Photo
https://www.facebook.com/thmilk/posts/pfbid02Gze2NQdcMZ7XUmxu4G4YcSqAfpzkWR2qnVuaMY9LffwYsYKosgR5wcNp1w3KnpkCl,"Chúc mừng ngày Gia đình Việt Nam 28/06. Chúc bạn một ngày lễ thật ấm áp, ý nghĩa bên gia đình!",59,7,6,2022-06-28 06:44:59,Photo
https://www.facebook.com/thmilk/posts/pfbid0x6VpbTzn9fipzYssTt2WjxQLZmC7ZbSQqwtxHH18ZaoptF2wFP5wXavoVUHyVWn8l,"✨ MUA 2 KEM BẤT KỲ, RINH NGÀN QUÀ TẶNG CÙNG KEM TH TRUE ICE CREAM ✨

 Từ ngày 16/6 đến 3/7, khi ghé TH true mart hoặc Satra Food, đừng quên chỉ với 2 chiếc kem TH true ICE CREAM bất kỳ, bạn sẽ nhận ngay 1 lượt quay thưởng với cơ hội trúng hàng ngàn quà tặng hot nhất hè này!

 02 iPad Pro 11 2021 M1 Wifi 256GB
 12 AirPods 3
 1750 voucher TH true mart trị giá 100.000VND

Cùng tận hưởng mùa hè với các vị kem ngon từ TH true ICE CREAM và rinh về hàng ngàn quà chất! Xem thêm tại https://kemngontrungqua.thmilk.vn/ 

*Chương trình áp dụng từ 16/6 - 3/7 với hóa đơn có từ 02 sản phẩm KEM TH true ICE CREAM trở lên từ cửa hàng TH true mart hoặc Satra Food.",39,9,2,2022-06-25 09:14:37,Photo
https://www.facebook.com/thmilk/videos/288016050147184/,"UỐNG TOPKID - ĐỔI THẺ NHẬN QUÀ XINH
Nhanh tay sưu tầm thẻ Đổi quà trong mỗi lốc Sữa chua uống tiệt trùng TH true YOGURT TOPKID 110 ml để có cơ hội đổi được những quà tặng hấp dẫn sau:
⚡️ 8 thẻ Đổi quà đổi 1 hộp bút
⚡️ 12 thẻ Đổi quà đổi 1 bộ xếp hình
 Chi tiết chương trình xem tại:  https://quatangtopkid.thmilk.vn/",45,10,2,2022-06-22 11:44:15,Video
https://www.facebook.com/thmilk/posts/pfbid02fdLwgUYdMjkqp2u8CNNtndCfksxBeCBAHSbr35ouX1mDcznUtzW6coohxGhHsdCdl,"✨ MUA 2 KEM BẤT KỲ, RINH NGÀN QUÀ TẶNG CÙNG KEM TH TRUE ICE CREAM ✨

 Từ ngày 16/6 đến 3/7, khi ghé TH true mart hoặc Satra Food, đừng quên chỉ với 2 chiếc kem TH true ICE CREAM bất kỳ, bạn sẽ nhận ngay 1 lượt quay thưởng với cơ hội trúng hàng ngàn quà tặng hot nhất hè này!

 02 iPad Pro 11 2021 M1 Wifi 256GB
 12 AirPods 3
 1750 voucher TH true mart trị giá 100.000VND

Cùng tận hưởng mùa hè với các vị kem ngon từ TH true ICE CREAM và rinh về hàng ngàn quà chất! Xem thêm tại https://kemngontrungqua.thmilk.vn/ 

*Chương trình áp dụng từ 16/6 - 3/7 với hóa đơn có từ 02 sản phẩm KEM TH true ICE CREAM trở lên từ cửa hàng TH true mart hoặc Satra Food.",44,19,2,2022-06-21 16:55:32,Photo
https://www.facebook.com/thmilk/posts/pfbid0354aFW7cjgg2GLbezGBej6XRf5Exj8CFvDDtEWFG6YUnqaeisVVyoBXd25NRmP9r9l,"✨ CHỈ VỚI 3 BƯỚC, RINH NGÀN QUÀ TẶNG CÙNG KEM TH TRUE ICE CREAM ✨

 Khi mua kem TH true ICE CREAM tại cửa hàng TH true mart hoặc Satra Food, đừng quên giữ hóa đơn vì đây sẽ là chiếc vé đưa bạn đến với cơ hội trúng hàng ngàn quà tặng hot nhất hè này!

Chỉ với 3 bước đơn giản:
 Truy cập ZALO OA TH true MILK (có thể scan QR code dưới đây)
 Gửi hình hoá đơn mua hàng (áp dụng ít nhất 02 sản phẩm kem trở lên)
 Chờ hệ thống phê duyệt hóa đơn của bạn

Ngay sau đó, bạn sẽ nhận được 1 lượt quay thưởng trên vòng quay may mắn của TH với cơ hội nhận những phần quà hết sức hấp dẫn:
 02 iPad Pro 11 2021 M1 Wifi 256GB
 12 AirPods 3
 1750 voucher TH true mart trị giá 100.000VND

Cùng tận hưởng mùa hè với các vị kem ngon từ TH true ICE CREAM và rinh về hàng ngàn quà chất!

*Chương trình áp dụng từ 16/6 - 3/7 với hóa đơn có từ 02 sản phẩm KEM TH true ICE CREAM trở lên từ cửa hàng TH true mart hoặc Satra Food.",49,12,8,2022-06-20 22:06:50,unknown
https://www.facebook.com/thmilk/posts/pfbid031oRSV6R5kW1SvGfdMgiR3a1FkuBDvitaSynfMiYgvrZnEZWTUSkzoqEQbUFRwFALl," Sau gần hai tháng diễn ra, chương trình “Thu Gom Vỏ Hộp, Lan Tỏa Sống Xanh” đã kết thúc tốt đẹp với hàng chục nghìn người tham gia và thu gom gần 320.000 vỏ hộp sữa đã qua sử dụng – tương đương với 1.1 tấn rác thải giấy. 
 Các vỏ hộp sữa sau khi thu gom đã được TH chuyển tới Tetra Pak và các đối tác để có thể tái chế thành nhiều sản phẩm mới như móc treo quần áo, sổ tay, tấm lợp sinh thái, bàn ghế.. vừa hữu ích, lại vừa thân thiện với môi trường. 
 Trong tương lai, TH sẽ tiếp tục thực hiện các hoạt động tích cực, nhằm bảo vệ môi trường và lan tỏa lối sống xanh. Và TH mong rằng các bạn sẽ tiếp tục đồng hành cùng trong các chương trình này nhé!",318,89,10,2022-06-20 03:18:08,Photo
https://www.facebook.com/thmilk/videos/362081546027799/,"✨ RINH NGÀN QUÀ TẶNG CÙNG KEM TH TRUE ICE CREAM ✨

 Những món quà hot nhất hè này đang chờ bạn trong chương trình Mua Kem Ngon - Trúng Quà Tặng đặc biệt trong hè này của TH true ICE CREAM. 

Chỉ với 3 bước đơn giản:
 Ghé mua kem TH tại chuỗi TH true mart hoặc Satra Food trong thời gian từ 16/6 - 3/7/2022
 Chụp lại hoá đơn mua hàng (áp dụng ít nhất 02 sản phẩm kem trở lên)
 Gửi ảnh hoá đơn vào Zalo OA TH true MILK 

Ngay sau đó, bạn sẽ nhận được 1 lượt quay thưởng trên vòng quay may mắn của TH với cơ hội nhận những phần quà hết sức hấp dẫn:
 02 iPad Pro 11 2021 M1 Wifi 256GB
 12 AirPods 3
 1750 voucher TH true mart trị giá 100.000VND

Cùng tận hưởng mùa hè với các vị kem ngon từ TH true ICE CREAM và rinh về hàng ngàn quà chất!

(Lưu ý: Hóa đơn từ TH true mart yêu cầu giá trị tối thiểu 100.000VNĐ)",308,6,9,2022-06-19 08:29:26,Video
https://www.facebook.com/thmilk/videos/616139309469100/,"✨ RINH NGÀN QUÀ TẶNG CÙNG KEM TH TRUE ICE CREAM ✨

 Những món quà hot nhất hè này đang chờ bạn trong chương trình Mua Kem Ngon - Trúng Quà Tặng đặc biệt trong hè này của TH true ICE CREAM. 

Chỉ với 3 bước đơn giản:
 Ghé mua kem TH tại chuỗi TH true mart hoặc Satra Food trong thời gian từ 16/6 - 3/7/2022
 Chụp lại hoá đơn mua hàng (áp dụng ít nhất 02 sản phẩm kem trở lên)
 Gửi ảnh hoá đơn vào Zalo OA TH true MILK 

Ngay sau đó, bạn sẽ nhận được 1 lượt quay thưởng trên vòng quay may mắn của TH với cơ hội nhận những phần quà hết sức hấp dẫn:
 02 iPad Pro 11 2021 M1 Wifi 256GB
 12 AirPods 3
 1750 voucher TH true mart trị giá 100.000VND

Cùng tận hưởng mùa hè với các vị kem ngon từ TH true ICE CREAM và rinh về hàng ngàn quà chất!

(Lưu ý: Hóa đơn từ TH true mart yêu cầu giá trị tối thiểu 100.000VNĐ)",1532,74,16,2022-06-18 09:21:29,Video
https://www.facebook.com/thmilk/posts/pfbid02dzYtqo5MNYrdQQZgKqGXVy9igejqWU6PDWDakTvK2zYeZuVjLVLzh5g1Gsan4Ht9l,"CÙNG TH TOPKID THAM GIA SỰ KIỆN “KHOẺ MẠNH TỰ NHIÊN - HÈ VUI KHÁM PHÁ” TẠI SC VIVOCITY
Từ ngày 18-19/6, VTV24 - Vì tầm vóc Việt phối hợp với TH TOPKID tổ chức sự kiện “KHOẺ MẠNH TỰ NHIÊN - VUI HÈ KHÁM PHÁ” tại SC VivoCity, vì vậy ba mẹ hãy mau đưa bé đến tham gia sự kiện để đón chào một mùa hè thật sôi động nhé!

Đến với sự kiện này, ba mẹ và bé sẽ được thử sức với những hoạt động, trò chơi vô cùng thú vị, phù hợp với nhiều độ tuổi. Tham gia sự kiện, ngoài việc được trải nghiệm các sản phẩm như Sữa chua uống tiệt trùng TH true YOGURT TOPKID và Nước gạo rang TH true RICE,  cả gia đình còn có cơ hội nhận được những phần quà hấp dẫn từ TH TOPKID.

Chương trình chỉ diễn ra trong 2 ngày từ 18-19/6 tại SC VivoCity vậy nên ba mẹ đừng bỏ lỡ sự kiện lần này để tạo ra một cuối tuần ý nghĩa và khởi động một mùa hè bổ ích cho các bé nhé! 

Hẹn gặp lại ba mẹ và bé tại sự kiện “KHOẺ MẠNH TỰ NHIÊN, HÈ VUI KHÁM PHÁ”!",60,6,2,2022-06-17 13:39:37,unknown
https://www.facebook.com/thmilk/posts/pfbid02YEobZCxzSQjXpYJaa2nStm1y9RG64EQLLp3G6fZg2VoNakzb3jpLEpmEQiqsQU76l,"BƠ TỰ NHIÊN, CHO MÓN NGON MỖI NGÀY
Cuối tuần này hãy tới ghé thăm gian hàng của TH true BUTTER tại các siêu thị để thưởng thức bơ lạt tự nhiên miễn phí nhé.

☀️ Chương trình diễn ra tại:
Hồ Chí Minh: Big C Gò Vấp, Big C Miền Đông
Hà Nội: Big C Thăng Long
 Từ 9h – 21h00 các ngày từ 17/6-19/6/2022",221,2,2,2022-06-16 17:57:45,Photo
https://www.facebook.com/thmilk/posts/pfbid0iXkLsStNBEtM9MWvHUGU5p31BeGg6jFy9N4kgiH1DXNYZu1vwss7xDS4dffDDwmQl,"✨ RINH NGÀN QUÀ TẶNG CÙNG KEM TH TRUE ICE CREAM ✨

 Những món quà hot nhất hè này đang chờ bạn trong chương trình Mua Kem Ngon - Trúng Quà Tặng đặc biệt trong hè này của TH true ICE CREAM. 

Chỉ với 3 bước đơn giản:
 Ghé mua kem TH tại chuỗi TH true mart hoặc Satra Food trong thời gian từ 16/6 - 3/7/2022
 Chụp lại hoá đơn mua hàng (áp dụng ít nhất 02 sản phẩm kem trở lên)
 Gửi ảnh hoá đơn vào Zalo OA TH true MILK 

Ngay sau đó, bạn sẽ nhận được 1 lượt quay thưởng trên vòng quay may mắn của TH với cơ hội nhận những phần quà hết sức hấp dẫn:
 02 iPad Pro 11 2021 M1 Wifi 256GB
 12 AirPods 3
 1750 voucher TH true mart trị giá 100.000VND

Cùng tận hưởng mùa hè với các vị kem ngon từ TH true ICE CREAM và rinh về hàng ngàn quà chất!

(Lưu ý: Hóa đơn từ TH true mart yêu cầu giá trị tối thiểu 100.000VNĐ)",1070,74,30,2022-06-15 22:15:53,Photo
https://www.facebook.com/thmilk/videos/1923917094467718/,"Nhập hội chơi hè, mua ngay Sữa chua uống tiệt trùng TH true YOGURT để có cơ hội trúng hơn 50,000 quà tặng cực chất chỉ với 03 bước: 
 Tìm thẻ dự thưởng trong mỗi lốc 
 Nhập mã dự thưởng trên website https://quatangyogurt.thmilk.vn 
 Quay và nhận thưởng

Đặt hàng ngay tại:
► Grabmart: http://bit.ly/THtruemart-GrabMart
► ShopeeFood: https://bit.ly/THtruemart-ShopeeFood
► Baemin: http://bit.ly/THtruemart-Baemin
► Loship: https://bit.ly/THtruemart-Loship",245,20,7,2022-06-15 02:34:01,Video
https://www.facebook.com/thmilk/posts/pfbid0EuJoYU2ANNAAfMFEqPVowyAeU3gdDfPaEqHbCfvizYB6uyiohpAJsPs9H3EWcyttl,"⚡️ Chúc mừng các Khách hàng đã trúng giải của chương trình ""Uống TOPKID - Trúng quà xịn - Đổi quà xinh"" ⚡️
Săn ngay thẻ Lớp học Mật Ngữ và thẻ Đổi quà được gắn kèm trong mỗi lốc sữa chua uống TH true YOGURT Công thức TOPKID 110ml để tham gia chương trình Quay thưởng trúng quà xịn và Đổi thẻ nhận quà xinh với nhiều quà tặng vô cùng hấp dẫn
 Quà tặng của chương trình Quay thưởng trúng quà xịn: 
- Laptop Dell Vostro 3400
- Xe đạp thể thao TOPKID
- Mã E-coupon đổi 01 lốc sữa chua uống tiệt trùng TH true YOGURT TOPKID tại TH true mart trên toàn quốc
 Quà tặng của chương trình Đổi thẻ nhận quà xinh:
- Sưu tầm 8 thẻ Đổi quà đổi 1 hộp bút
- Sưu tầm 12 thẻ Đổi quà đổi 1 bộ xếp hình
 Chi tiết chương trình xem tại:  https://quatangtopkid.thmilk.vn/",48,18,6,2022-06-12 11:16:27,unknown
https://www.facebook.com/thmilk/posts/pfbid02usjkoJGLAxmmtSLbaEo25JhJXfmpL3rBqx7ByShyvfTV2wpeTVyBQ3pqxnSfqynnl," GIẢM RÁC THẢI NHỰA, LAN TỎA SỐNG XANH 

Từ tháng 6/2022, TH bắt đầu giảm (khoảng 50%) lượng thìa nhựa sinh học dùng 1 lần cung ứng ra thị trường, áp dụng cho thùng Sữa chua ăn TH true YOGURT tất cả các hương vị. Với mong muốn góp phần tăng cường nhận thức về rác thải nhựa, thúc đẩy phát triển bền vững, bảo vệ môi trường, hãy cùng TH giảm rác thải nhựa, thay thế thìa nhựa dùng 1 lần bằng các loại thìa có thể tái sử dụng bạn nhé!

 Chi tiết chương trình xem tại: https://bit.ly/Giam-thia-nhua",618,31,5,2022-06-09 19:58:54,Photo
https://www.facebook.com/thmilk/videos/440255704768745/,"Nhập hội chơi hè, mua ngay Sữa chua uống tiệt trùng TH true YOGURT để có cơ hội trúng hơn 50,000 quà tặng cực chất chỉ với 03 bước: 
 Tìm thẻ dự thưởng trong mỗi lốc 
 Nhập mã dự thưởng trên website https://quatangyogurt.thmilk.vn 
 Quay và nhận thưởng

Đặt hàng ngay tại:
► Grabmart: http://bit.ly/THtruemart-GrabMart
► ShopeeFood: https://bit.ly/THtruemart-ShopeeFood
► Baemin: http://bit.ly/THtruemart-Baemin
► Loship: https://bit.ly/THtruemart-Loship",131,29,5,2022-06-07 04:41:21,Video
https://www.facebook.com/thmilk/posts/pfbid0JNUQ71t8GUyiYGFA3y4QToRYBnwmkjykbWbuMCTZiAx9z8Lk6bsUvbv37myrN8k5l,"Điểm danh vị kem triệu người mê: Vanilla ngọt ngào thanh mát

Hương Vanilla thơm dịu có thể biến tấu được thành bao kiểu thưởng thức ngon tuyệt vời:
• Ăn cùng bánh Waffle giòn giòn
• Pha chế ice cream smoothie mát lạnh sảng khoái
• Thưởng thức liền cũng mê ly

Đừng quên ghé TH true mart, các siêu thị và đại lý để nhận ưu đãi mua 4 tặng 1 tới 31/07/2022 nhé
#THtrueICECREAM; #Kemngontusuatuoisach; #mua4tang1",36,7,1,2022-06-05 20:59:27,Photo
https://www.facebook.com/thmilk/posts/pfbid02dstV4CPzuHwUoYFfYLL6MpnoSqcGRuDnkg5t3QbNYQSew6ZgLPve4NLW6WW3BG5il,"Nhập hội chơi hè, mua ngay Sữa chua uống tiệt trùng TH true YOGURT để có cơ hội trúng hơn 50,000 quà tặng cực chất chỉ với 03 bước: 
 Tìm thẻ dự thưởng trong mỗi lốc 
 Nhập mã dự thưởng trên website https://quatangyogurt.thmilk.vn 
 Quay và nhận thưởng

Đặt hàng ngay tại:
► Grabmart: http://bit.ly/THtruemart-GrabMart
► ShopeeFood: https://bit.ly/THtruemart-ShopeeFood
► Baemin: http://bit.ly/THtruemart-Baemin
► Loship: https://bit.ly/THtruemart-Loship",1667,90,30,2022-06-04 13:17:33,Photo
https://www.facebook.com/thmilk/posts/pfbid02KjsGVu31vKeVe23c8oQ95bnUGz18vDDfbXn2FD71NF42nFfjgw3uRfqHkKdXkrd3l,"Nếu bạn thuộc team yêu biển thì hẳn sẽ muốn thử vị kem dừa tự nhiên TH true ICE CREAM. Với miếng mứt dừa sần sật và lớp kem mềm mịn giúp sảng khoái tức thì giữa hè oi ả.

Nếu chưa book vé đến nơi biển xanh cát trắng, thì “book” ngay kem TH true ICE CREAM về nhà với ưu đãi mua 4 tặng 1 kem cùng loại đến 31/7/2022 bạn nhé.

#THtrueICECREAM, #Kemngontusuatuoisach",44,6,1,2022-06-03 05:35:40,Photo
https://www.facebook.com/thmilk/posts/pfbid036gPHtyJ3KMuWsvwJ7MdkGdFAWg92buMfXTZjscWjZZPAKX8Fdszs5WWYZCtjYeVUl,"⚡️ MINIGAME SƯU TẦM THẺ - VIẾT LỜI HAY – TRÚNG QUÀ NGAY ⚡️

Nhân dịp Quốc tế Thiếu nhi, TH TOPKID xin chúc các bé có một ngày lễ thật vui vẻ và hạnh phúc bên gia đình mình. Ngoài ra, TH TOPKID còn mang đến một minigame đầy lý thú trong mùa hè này:
 Thời gian tham gia: 1/6 – 30/6
 Cách thức tham gia:
Bước 1: Sưu tầm đủ 12 thẻ nhân vật Lớp học Mật Ngữ khác nhau có in mã quay thưởng 
Bước 2: Chụp ảnh bạn cùng với 12 thẻ sưu tầm được
Bước 3: Đăng ảnh với 12 thẻ sưu tầm được và comment lý do bạn lựa chọn Sữa chua uống tiệt trùng TH true YOGURT TOPKID vào phần bình luận của bài viết này                                
 Giải thưởng
- 10 bộ xếp hình TOPKID sẽ dành cho 10 bạn thực hiện đúng các bước tham gia và có phần comment được nhiều tương tác nhất
- 10 hộp bút TOPKID sẽ dành cho 10 bạn thực hiện đúng các bước tham gia và có phần comment ý nghĩa nhất do Ban Tổ chức (BTC) lựa chọn

⚡️ BTC sẽ công bố kết quả người trúng giải vào ngày 15/07/2022. Chi tiết về minigame xem tại: https://bit.ly/38Z6jl0",137,271,15,2022-06-01 21:53:46,Photo
https://www.facebook.com/thmilk/videos/747192926451370/,"Cùng TH TOPKID khám phá có gì thú vị trong các món quà tặng của chương trình ""Uống TOPKID - Trúng quà xịn - Đổi quà xinh""
Để sở hữu những món quà siêu chất này, hãy tham gia chương trình Quay thưởng trúng quà xịn và Đổi thẻ nhận quà xinh ngay thôi nào! 
Chi tiết chương trình xem tại: https://quatangtopkid.thmilk.vn/",99,55,11,2022-05-31 14:11:53,Video
https://www.facebook.com/thmilk/posts/pfbid0nKb4TRAgyysBqDqmnGPGw4VXGgGB1r2T7isUCBoSgPHRNu2PD3pLASAwZpRVR7bAl,"Để hưởng ứng Ngày Môi trường thế giới 05/06, tiếp tục khuyến khích khách hàng chung tay bảo vệ môi trường và lan tỏa lối sống xanh, thứ bảy và chủ nhật (04 - 05/06) này, TH sẽ đem lại nhiều lựa chọn quà tặng hơn cho khách hàng tham gia chương trình thu gom vỏ hộp sữa. Khi mang từ 20 vỏ hộp sữa TH đã làm sạch theo hướng dẫn tới cửa hàng để thu gom, bạn không chỉ nhận được 01 sổ tay tái chế, mà còn được lựa chọn thêm 01 trong 04 món quà đặc biệt như hình bên dưới đấy.

 Để biết thêm thông tin chi tiết về chương trình và hướng dẫn chuẩn bị vỏ hộp thu gom, vui lòng xem tại: https://bit.ly/chuong-trinh-thu-gom-vo-hop
 Để cập nhật thời gian diễn ra hoạt động, follow event của chương trình tại : https://fb.me/e/2q97FfAdM
 Danh sách 20 cửa hàng TH true mart tham gia chương trình: https://bit.ly/List-20-cua-hang-thu-gom-vo-hop",257,215,19,2022-05-29 14:32:16,Photo
https://www.facebook.com/thmilk/posts/pfbid02mutTUyrLFxcsFPDeHfreDt7VR1F41o5yk3Xtv5uXhozzfv5LVoV6yeaetdQAnexzl,"Đã có rất nhiều bậc phụ huynh và bạn nhỏ sưu tầm đủ thẻ Đổi quà để đổi được quà tặng hấp dẫn từ TH TOPKID
⚡️ 8 thẻ đổi 1 hộp bút
⚡️ 12 thẻ đổi 1 bộ xếp hình
Nhanh tay sưu tầm tầm thẻ Đổi quà trong mỗi lốc sữa chua uống tiệt trùng TH true YOGURT TOPKID đê đổi được cho mình hộp bút và bộ xếp hình ngay thôi nào!

 Chi tiết chương trình xem tại:  https://quatangtopkid.thmilk.vn/",73,32,7,2022-05-27 14:52:40,Photo
https://www.facebook.com/thmilk/posts/pfbid033VGr3T23jC4eiFGxMj51dzRa53drj5JTGqa7f988xbhG6TCmrYMa1SNwWXf1Dfixl," CÙNG TH CHUNG TAY GIẢM RÁC THẢI NHỰA, LAN TỎA SỐNG XANH 

Với mục đích giảm bớt lượng rác thải nhựa và lan tỏa lối sống xanh, từ tháng 6/2022, TH bắt đầu giảm (khoảng 50%) lượng thìa nhựa dùng 1 lần cung ứng ra thị trường, áp dụng cho thùng Sữa chua ăn TH true YOGURT tất cả các hương vị. Hãy đồng hành cùng TH giảm rác thải nhựa, thay thế thìa nhựa dùng 1 lần bằng các loại thìa có thể tái sử dụng bạn nhé!",120,10,1,2022-05-25 15:13:04,Photo
https://www.facebook.com/thmilk/videos/4418294104939545/,"Cùng TH TOPKID khám phá có gì thú vị trong các món quà tặng của chương trình ""Uống TOPKID - Trúng quà xịn - Đổi quà xinh""
Để sở hữu những món quà siêu chất này, hãy tham gia chương trình Quay thưởng trúng quà xịn và Đổi thẻ nhận quà xinh ngay thôi nào! 
Chi tiết chương trình xem tại: https://quatangtopkid.thmilk.vn/",180,42,15,2022-05-23 15:33:28,Video
https://www.facebook.com/thmilk/videos/400067775328993/,"⚡ UỐNG TOPKID - TRÚNG QUÀ XỊN – ĐỔI QUÀ XINH ⚡️
Từ ngày 15/05 đến hết 31/07, khi mua 04 hộp (01 lốc) sữa chua uống tiệt trùng TH true YOGURT Công thức TOPKID 110 ml sẽ được tặng 01 thẻ Lớp học Mật Ngữ hoặc thẻ Đổi quà.

Nhập mã quay thưởng trên thẻ Lớp học Mật Ngữ và thẻ Đổi quà lên website https://quatangtopkid.thmilk.vn/ để tham gia chương trình Quay thưởng trúng quà xịn với nhiều quà tặng hấp dẫn: 
  Laptop Dell Vostro 3400
 Xe đạp thể thao TOPKID
 Mã ecoupon đổi 01 lốc sữa chua uống tiệt trùng TH true YOGURT TOPKID tại TH true mart toàn quốc

Nhanh tay sưu tầm thẻ Đổi quà để tham gia ngay chương trình Đổi thẻ nhận quà xinh:
☀️ 8 thẻ Đổi quà đổi 1 hộp bút
☀️ 12 thẻ Đổi quà đổi 1 bộ xếp hình
Cùng uống TOPKID để không bỏ lỡ những quà tặng giá trị ngay thôi nào!",2839,303,55,2022-05-20 10:04:58,Video
https://www.facebook.com/thmilk/posts/pfbid034GTkid5qXu259KCVNdHTgmMbzVVjwfa7YFmsMe6vJHz11gEy9ZbsqniyvTGo9Jsl,"Hãy để các vị kem ngon mát lạnh hoàn toàn từ sữa tươi sạch TH tiếp sức cho bạn học tập và làm việc suốt mùa hè.
Ghé ngay cửa hàng, siêu thị trên toàn quốc từ nay tới 30/7/2022 để tận hưởng ưu đãi MUA 4 TẶNG 1 KEM TH TRUE ICE CREAM cùng loại nhé!
► Danh sách cửa hàng TH true mart: http://www.thmilk.vn/he-thong-cua-hang/
► Đặt hàng online: https://www.thtruemart.vn/.../kem-tu-sua-tuoi-nguyen-chat...
Ứng dụng TH eLIFE",48,5,7,2022-05-18 02:44:52,Photo
https://www.facebook.com/thmilk/posts/pfbid04tRHqiE2DCehYcPRojHrcLvL2kmayuqGykbPN9nTpBiKchvmQ8fKXFH3FHApcbX5l,"Cuối tuần này, khi đem từ 20 vỏ hộp sữa TH tới thu gom - đổi quà tại một trong 20 cửa hàng TH true mart tham gia chương trình, bạn sẽ có cơ hội nhận được 01 sổ tay tái chế và 01 hộp sữa hữu cơ TH true MILK Organic 500ml hoàn toàn từ thiên nhiên.

Không những vậy, 40 khách hàng đầu tiên đem từ 20 vỏ hộp sữa TH tới đổi tại mỗi cửa hàng sẽ được nhận thêm 01 túi mua hàng thân thiện với môi trường nữa đấy. Hãy nhanh tay thu gom vỏ hộp sữa và ghé thăm các cửa hàng TH true mart để tham gia chương trình và đổi các món quà giá trị nhé!

 Để biết thêm thông tin chi tiết về chương trình và hướng dẫn chuẩn bị vỏ hộp thu gom, vui lòng xem tại: https://bit.ly/chuong-trinh-thu-gom-vo-hop
 Để cập nhật thời gian diễn ra hoạt động, follow event của chương trình tại : https://fb.me/e/2q97FfAdM
 Danh sách 20 cửa hàng TH true mart tham gia chương trình: https://bit.ly/List-20-cua-hang-thu-gom-vo-hop
 Để biết thêm thông tin về túi mua hàng thân thiện với môi trường, xem tại: https://bit.ly/qua-tang-tuan-3",391,284,29,2022-05-15 19:24:46,Photo
https://www.facebook.com/thmilk/posts/pfbid034C1Vq3Xz1a8CnZfTAdLj9warv9QLbcSAixoS6wLKw7ccP7qYi7kxgdFUwWLuGv2El,"⚡ UỐNG TOPKID - TRÚNG QUÀ XỊN – ĐỔI QUÀ XINH ⚡️

Từ ngày 15/05 đến hết 31/07, khi mua 04 hộp (01 lốc) sữa chua uống tiệt trùng TH true YOGURT Công thức TOPKID 110 ml sẽ được tặng 01 thẻ Lớp học Mật Ngữ hoặc thẻ Đổi quà.

Nhập mã quay thưởng trên thẻ Lớp học Mật Ngữ và thẻ Đổi quà lên website https://quatangtopkid.thmilk.vn/ để tham gia chương trình Quay thưởng trúng quà xịn với nhiều quà tặng hấp dẫn: 
  Laptop Dell Vostro 3400
 Xe đạp thể thao TOPKID
 Mã ecoupon đổi 01 lốc sữa chua uống tiệt trùng TH true YOGURT TOPKID tại TH true mart toàn quốc

Nhanh tay sưu tầm thẻ Đổi quà để tham gia ngay chương trình Đổi thẻ nhận quà xinh:
☀️ 8 thẻ Đổi quà đổi 1 hộp bút
☀️ 12 thẻ Đổi quà đổi 1 bộ xếp hình

Cùng uống TOPKID để không bỏ lỡ những quà tặng giá trị ngay thôi nào!",1944,345,59,2022-05-13 12:04:40,Photo
https://www.facebook.com/thmilk/posts/pfbid0S1DAZPwN3AKGPdJGrzX2WYPS5V4GLpuAzqYTTxk6oVwgx7DF361F6dWq1vSycvf6l,"Nhập hội chơi hè, mua ngay Sữa chua uống tiệt trùng TH true YOGURT để có cơ hội trúng hơn 50,000 quà tặng cực chất chỉ với 03 bước: 
 Tìm thẻ dự thưởng trong mỗi lốc 
 Nhập mã dự thưởng trên website https://quatangyogurt.thmilk.vn 
 Quay và nhận thưởng

Đặt hàng ngay tại:
► Grabmart: http://bit.ly/THtruemart-GrabMart
► ShopeeFood: https://bit.ly/THtruemart-ShopeeFood
► Baemin: http://bit.ly/THtruemart-Baemin
► Loship: https://bit.ly/THtruemart-Loship",79,22,11,2022-05-11 04:44:34,Photo
https://www.facebook.com/thmilk/posts/pfbid0253bH6H5pvZc2dkDXXwZFxtZVAqGCeQafabnEQJ6LkBFwnA37ZGXkVYyNr1wrKHsAl,"Kem nào cũng ngon, chọn gì thật khó! Kem dừa mềm mịn xen lẫn cùi dừa sần sật, hay socola nguyên chất thơm ngon? 
Đặc biệt Kem TH true ICE CREAM còn đang có ưu đãi mua 4 tặng 1 đến hết 31/7/2022 nữa. 
Cùng ghé TH true mart, các siêu thị, điểm bán trên toàn quốc để rinh hết các vị kem ngon cả nhà thưởng thức nhé!
#THtrueICECREAM #Kemngontusuatuoisach",79,1,8,2022-05-08 21:24:29,Photo
https://www.facebook.com/thmilk/posts/pfbid0jLpMRZY8TopgSQfUgPMPfBzatwXt1FEQCpTUTB1UWABqsYvhN2YDc1tHTTHfmQewl,"Mùa hè tới, những que kem mát lạnh ngon tuyệt sẽ là trợ thủ đắc lực cho ngày nắng nóng! 
Với hơn 20 vị kem TH true ICE CREAM hoàn toàn tự nhiên cùng ưu đãi mua 4 tặng 1, nắng nóng nào cũng sẽ hạ nhiệt nhanh chóng.
o Thời gian: Từ nay đến hết 31/7/2022
o Áp dụng tại các siêu thị, cửa hàng TH true mart, các đại lý trên toàn quốc
#THtrueICECREAM; #Kemngontusuatuoisach",74,6,5,2022-05-06 14:04:23,Photo
https://www.facebook.com/thmilk/posts/pfbid02sY6fvMF9JGsRcoD7eFMM1pMVfVMeHGWJdPrm323FY27gqw26eMxgWsJYdQwD78Rsl,"Cây xanh đóng một vai trò không thể thiếu trong cuộc sống của chúng ta. Vì vậy, việc gieo trồng hạt giống cũng thật quan trọng vì mỗi hạt giống là khởi đầu của một nguồn sống mới. 

Cuối tuần này, hãy cùng TH thực hiện thu gom các vỏ hộp đã sử dụng, và có cơ hội nhận ngay 01 sổ tay tái chế và 01 bộ hạt giống chậu cây xơ dừa nhé. Mỗi bộ quà tặng chậu cây bao gồm chậu cây xơ dừa thân thiện với môi trường và túi hạt giống nhỏ, cực tiện lợi và phù hợp để các bạn thử tự tay gieo trồng mầm xanh mới đấy.

 Để biết thêm thông tin chi tiết về chương trình và hướng dẫn chuẩn bị vỏ hộp thu gom, vui lòng xem tại: https://bit.ly/chuong-trinh-thu-gom-vo-hop
 Để cập nhật thời gian diễn ra hoạt động, follow event của chương trình tại : https://fb.me/e/2q97FfAdM
 Danh sách 20 cửa hàng TH true mart tham gia chương trình: https://bit.ly/List-20-cua-hang-thu-gom-vo-hop",111,34,7,2022-05-04 06:44:17,Photo
https://www.facebook.com/thmilk/posts/pfbid0PDUG4UpExd17CLVDV9X3xra7qg1ESXZzd5x4Cm73SnoKePAGnMasrzSCxaNQQaEsl,"TH chúc bạn có một kỳ nghỉ lễ vui vẻ, an toàn, hạnh phúc bên gia đình và những người thân yêu.",67,16,3,2022-05-01 23:24:11,Photo
https://www.facebook.com/thmilk/posts/pfbid0p5YHX6xLtR8zoZycZee84EFWX8CB2GTEgymJR77Qk62aPHL1kQspNkji82Y23kVl,,35,8,1,2022-04-29 16:04:05,unknown
https://www.facebook.com/thmilk/videos/1159041404872666/,"Cùng TH chung tay bảo vệ môi trường bằng cách làm sạch và gấp gọn các vỏ hộp sữa đã qua sử dụng để mang tới 20 cửa hàng TH true mart thu gom và đổi các món quà thân thiện với môi trường nhé. 

 Để biết thêm thông tin chi tiết về chương trình và hướng dẫn chuẩn bị vỏ hộp thu gom, vui lòng xem tại: https://bit.ly/chuong-trinh-thu-gom-vo-hop
 Để cập nhật thời gian diễn ra hoạt động, follow event của chương trình tại : https://fb.me/e/2q97FfAdM
 Danh sách 20 cửa hàng TH true mart tham gia chương trình: https://bit.ly/List-20-cua-hang-thu-gom-vo-hop",133,82,24,2022-04-27 08:44:00,Video
https://www.facebook.com/thmilk/posts/pfbid04w9cyYTHanFWXycAs7cnAFp83L2GX7ijnGbTDHWRnNVmUAmUnRQkJzRnBHQASqQxl,"Trong lần thứ hai tổ chức, giải chạy tiên phong có quy mô lớn nhất dành cho học sinh S-Race mang đến nhiều dấu ấn mới. 2 năm liên tiếp đồng hành cùng giải chạy học sinh sinh viên S-Race, TH true MILK kiên tâm trên con đường đồng hành cùng sức khỏe học đường cho thế hệ tương lai, vì tầm vóc Việt.",75,2,1,2022-04-26 09:56:06,GenericAttachmentMedia
https://www.facebook.com/thmilk/videos/1340683449776735/,"BỮA NHẸ TH true MILK LIGHT MEAL - MUA 8 TẶNG 1 
Là sự kết hợp hoàn hảo dưỡng chất của sữa tươi sạch nguyên chất và dinh dưỡng từ thực vật (yến mạch dạng hạt, dịch hạt óc chó và mắc ca), TH true MILK LIGHT MEAL đem lại trải nghiệm bữa nhẹ hoàn toàn mới, tiện lợi và bổ dưỡng cho cả gia đình. Từ nay đến hết 31/5, nhận ngay 01 sản phẩm cùng loại khi mua 08 hộp Sữa tươi tiệt trùng bổ sung ngũ cốc TH true MILK LIGHT MEAL. 

Đặt hàng ngay tại:
► Website: https://www.thtruemart.vn/loc-sua-tuoi-tiet-trung-ngu-coc-180ml.html
► Ứng dụng: TH eLIFE
► Grabmart: http://bit.ly/THtruemart-GrabMart
► ShopeeFood: https://bit.ly/THtruemart-ShopeeFood
► Baemin: http://bit.ly/THtruemart-Baemin
► Loship: https://bit.ly/THtruemart-Loship",60,28,11,2022-04-25 11:08:13,Video
https://www.facebook.com/thmilk/posts/pfbid02FuWtYW2ybhqFtZBGHeVSiN9HofHQBVGsbSUUT2gkMCnF2V5zQG1HzvrgqfkyWy1Zl,"Hưởng ứng Ngày Trái Đất 22/4 năm nay, hãy cùng TH tham gia chương trình “Thu gom vỏ hộp, Lan toả sống xanh” để thu gom và tái chế các vỏ hộp sữa đã sử dụng nhé. 

Chương trình thu gom diễn ra tại 20 cửa hàng TH true mart ở Hà Nội và Hồ Chí Minh. Đặc biệt hơn, khi mang từ 20 vỏ hộp sữa TH tới cửa hàng để thu gom, bạn sẽ được tặng 01 sổ tay tái chế và 01 túi vải canvas của TH, cùng những phần quà khác trong các tuần kế tiếp.

Để biết thêm thông tin chi tiết về chương trình và hướng dẫn chuẩn bị vỏ hộp thu gom, vui lòng xem tại: https://bit.ly/chuong-trinh-thu-gom-vo-hop
Để cập nhật thời gian diễn ra hoạt động, follow event của chương trình tại : https://fb.me/e/2q97FfAdM
Danh sách 20 cửa hàng TH true mart tham gia chương trình: https://bit.ly/List-20-cua-hang-thu-gom-vo-hop",115,17,7,2022-04-24 16:57:10,unknown
https://www.facebook.com/thmilk/posts/pfbid0nttxmzirJD79f7qXzy58HsoRe3ePQHVd9QiZfeTKjkRfVq1RG8E63NAawHRx6NZEl,"Chắc hẳn các bé và cả gia đình đều đang rất mong chờ ngày hè đến để được tự do vui chơi, vận động ngoài trời. Thấu hiểu niềm mong mỏi đó, TH phối hợp cùng VTV24 - Vì Tầm Vóc Việt đem đến sự kiện ""Chào hè mát xanh – Lớn khôn khỏe mạnh"" dành cho các bé và cả gia đình vào cuối tuần này (23-24/04) tại phố đi bộ Hồ Hoàn Kiếm, Hà Nội.
Đến với sự kiện, cả gia đình sẽ có những phút giây cuối tuần bổ ích và thú vị như:
 Trò chơi trí tuệ, tương tác sử dụng bao bì tái chế để tạo ra các món đồ chơi, đồ vật...
 Trò chơi vận động tập thể siêu vui như kéo co, nhảy bao bố...
 Trải nghiệm các sản phẩm như Sữa chua uống TOPKID, Nước uống sữa trái cây TH true JUICE milk và Trà tự nhiên TH true TEA
 Đặc biệt, khi tham gia trò chơi, các bé và cả gia đình sẽ nhận được quà tặng là sữa chua uống tiệt trùng TH true YOGURT công thức TOPKID
Hẹn gặp các bé và cả gia đình vào cuối tuần này trên phố đi bộ Hồ Hoàn Kiếm nhé!",72,3,3,2022-04-23 22:46:07,unknown
https://www.facebook.com/thmilk/videos/3279877555602647/,"BỮA NHẸ TH true MILK LIGHT MEAL - MUA 8 TẶNG 1 
Là sự kết hợp hoàn hảo dưỡng chất của sữa tươi sạch nguyên chất và dinh dưỡng từ thực vật (yến mạch dạng hạt, dịch hạt óc chó và mắc ca), TH true MILK LIGHT MEAL đem lại trải nghiệm bữa nhẹ hoàn toàn mới, tiện lợi và bổ dưỡng cho cả gia đình. Từ nay đến hết 31/5, nhận ngay 01 sản phẩm cùng loại khi mua 08 hộp Sữa tươi tiệt trùng bổ sung ngũ cốc TH true MILK LIGHT MEAL. 
Đặt hàng ngay tại:
► Website: https://www.thtruemart.vn/loc-sua-tuoi-tiet-trung-ngu-coc-180ml.html
► Ứng dụng: TH eLIFE
► Grabmart: http://bit.ly/THtruemart-GrabMart
► ShopeeFood: https://bit.ly/THtruemart-ShopeeFood
► Baemin: http://bit.ly/THtruemart-Baemin
► Loship: https://bit.ly/THtruemart-Loship",348,35,14,2022-04-23 04:35:05,Video
https://www.facebook.com/thmilk/posts/pfbid0pjvVMr15wUBiGogrkEbSKF84zfTDaZVY7rGmRfX1HnzCJRN9mLaawKxCVR6Rf8q2l,"Kể từ năm 2021, TH đã trích một phần doanh thu từ túi vải canvas tại TH true mart để đồng hành cùng Liên minh Bảo tồn Thiên nhiên Quốc tế (IUCN) và Liên minh doanh nghiệp vì Môi trường Việt Nam (VB4E) trong dự án bảo tồn đa dạng sinh học tại Vườn Quốc gia Cát Bà. 

Với những thiết kế phong cách và đa dạng, túi vải canvas của TH là một lựa chọn tiện lời và phù hợp để thay thế túi nilon dùng một lần, vừa thời trang lại vừa thân thiện với môi trường thiên nhiên. 

Cuối tuần này, khi tham gia chương trình “Thu Gom Vỏ Hộp, Lan Tỏa Sống Xanh” và đem từ 20 vỏ hộp sữa TH tới cửa hàng TH true mart để thu gom, bạn sẽ được tặng 01 túi vải canvas của TH đấy. Hãy tham gia cùng TH để chung tay bảo vệ môi trường và nhận ngay các món quà giá trị nhé! 

 Để biết thêm thông tin chi tiết về chương trình và hướng dẫn chuẩn bị vỏ hộp thu gom, vui lòng xem tại: https://bit.ly/chuong-trinh-thu-gom-vo-hop
 Để cập nhật thời gian diễn ra hoạt động, follow event của chương trình tại : https://fb.me/e/2q97FfAdM
 Danh sách 20 cửa hàng TH true mart tham gia chương trình: https://bit.ly/List-20-cua-hang-thu-gom-vo-hop",72,10,2,2022-04-22 06:07:29,Photo
https://www.facebook.com/thmilk/posts/pfbid0zU6tvpxou1C4TrcvZHALuawtLbEg1nSrQLenQuW698c2MR8XyGPVrijmLy6dLntnl,"Từ 23/4 – 05/06, cùng TH tham gia thu gom và đổi vỏ hộp sữa tại 20 cửa hàng TH true mart để nhận được các món quà thân thiện với môi trường. 

 Để biết thêm thông tin chi tiết về chương trình và hướng dẫn chuẩn bị vỏ hộp thu gom, vui lòng xem tại: https://bit.ly/chuong-trinh-thu-gom-vo-hop
 Để cập nhật thời gian diễn ra hoạt động, follow event của chương trình tại : https://fb.me/e/2q97FfAdM
 Danh sách 20 cửa hàng TH true mart tham gia chương trình: https://bit.ly/List-20-cua-hang-thu-gom-vo-hop",1589,445,175,2022-04-21 07:39:54,unknown
https://www.facebook.com/thmilk/posts/pfbid0wJdSP7NLPxSTq292zVULus1e67Q6zTuMhmvbmo6WnxuTyBA2zc8qZgAZpAUngc4pl," Mua Trà tự nhiên TH true TEA và Nước uống sữa trái cây TH true JUICE milk để có cơ hội trúng hơn 600.000 giải thưởng giá trị. 
 Tham gia thật dễ dàng: Lấy mã dự thưởng dưới nhãn chai và: 
 Nhắn tin đến tổng đài 6058 theo cú pháp TH <dấu cách><mã dự thưởng> (1.000đ/ tin nhắn)
 Hoặc nhập mã dự thưởng trên website https://promotion.thbeverage.vn/
------------------------
Đặt hàng ngay tại: 
► Ứng dụng: TH eLIFE
► Baemin: http://bit.ly/THtruemart-Baemin        
► ShopeeFood: https://bit.ly/THtruemart-ShopeeFood        
► Grabmart: http://bit.ly/THtruemart-GrabMart",61,29,19,2022-04-20 09:12:19,unknown
https://www.facebook.com/thmilk/posts/pfbid02CxpZDjPEZLQ3kDm7kopAL7W5ZSKznrGXqz3K7op6PgSNvDCvx378DquwLxSwbLTKl,"Thứ bảy và chủ nhật (23-24/4) này, chương trình “Thu Gom Vỏ Hộp, Lan Tỏa Sống Xanh” sẽ diễn ra từ 8:00 – 20:00 tại các cửa hàng TH true mart ở thành phố Hà Nội và Hồ Chí Minh trong danh sách bên dưới. 

Hãy tham gia để cùng TH chung tay bảo vệ môi trường và giảm thiểu rác thải vỏ giấy nhé. Ngoài việc góp phần bảo vệ môi trường xanh-sạch-đẹp, khi tham gia chương trình, bạn sẽ có cơ hội nhận được các món quà giá trị, ý nghĩa, và thân thiện với môi trường từ TH nữa.

 Để biết thêm thông tin chi tiết về chương trình và hướng dẫn chuẩn bị vỏ hộp thu gom, vui lòng xem tại: https://bit.ly/chuong-trinh-thu-gom-vo-hop 
 Để cập nhật thời gian diễn ra hoạt động, follow event của chương trình tại : https://fb.me/e/2q97FfAdM 
 Danh sách 20 cửa hàng TH true mart tham gia chương trình: https://bit.ly/List-20-cua-hang-thu-gom-vo-hop",75,6,2,2022-04-19 10:44:44,Photo
https://www.facebook.com/thmilk/videos/668438874265506/,"Ưu đãi MUA 4 TẶNG 1 KEM TH TRUE ICE CREAM cùng loại. Đón chào mùa hè đang tới cùng hơn 20 vị kem ngon mát lạnh hoàn toàn từ sữa tươi sạch của TH. 
Hãy ghé cửa hàng, siêu thị trên toàn quốc từ nay tới 30/7/2022 để tận hưởng ưu đãi ngay.
► Danh sách cửa hàng TH true mart: http://www.thmilk.vn/he-thong-cua-hang/
► Đặt hàng online: https://www.thtruemart.vn/san-pham/kem-tu-sua-tuoi-nguyen-chat.html
Ứng dụng TH eLIFE",1058,100,20,2022-04-18 12:17:09,Video
https://www.facebook.com/thmilk/videos/530108858474752/,"Ưu đãi MUA 4 TẶNG 1 KEM TH TRUE ICE CREAM cùng loại. Đón chào mùa hè đang tới cùng hơn 20 vị kem ngon mát lạnh hoàn toàn từ sữa tươi sạch của TH. 
Hãy ghé cửa hàng, siêu thị trên toàn quốc từ nay tới 30/7/2022 để tận hưởng ưu đãi ngay.
► Danh sách cửa hàng TH true mart: http://www.thmilk.vn/he-thong-cua-hang/
► Đặt hàng online: https://www.thtruemart.vn/san-pham/kem-tu-sua-tuoi-nguyen-chat.html
Ứng dụng TH eLIFE",1651,114,37,2022-04-18 12:15:45,Video
https://www.facebook.com/thmilk/videos/1640298483021084/,"Ưu đãi MUA 4 TẶNG 1 KEM TH TRUE ICE CREAM cùng loại. Đón chào mùa hè đang tới cùng hơn 20 vị kem ngon mát lạnh hoàn toàn từ sữa tươi sạch của TH. 
Hãy ghé cửa hàng, siêu thị trên toàn quốc từ nay tới 30/7/2022 để tận hưởng ưu đãi ngay.
► Danh sách cửa hàng TH true mart: http://www.thmilk.vn/he-thong-cua-hang/
► Đặt hàng online: https://www.thtruemart.vn/san-pham/kem-tu-sua-tuoi-nguyen-chat.html
Ứng dụng TH eLIFE",2698,152,32,2022-04-18 12:09:27,Video
https://www.facebook.com/thmilk/videos/2902639540034345/,"Ưu đãi MUA 4 TẶNG 1 KEM TH TRUE ICE CREAM cùng loại. Đón chào mùa hè đang tới cùng hơn 20 vị kem ngon mát lạnh hoàn toàn từ sữa tươi sạch của TH. 
Hãy ghé cửa hàng, siêu thị trên toàn quốc từ nay tới 30/7/2022 để tận hưởng ưu đãi ngay.
► Danh sách cửa hàng TH true mart: http://www.thmilk.vn/he-thong-cua-hang/
► Đặt hàng online: https://www.thtruemart.vn/san-pham/kem-tu-sua-tuoi-nguyen-chat.html
Ứng dụng TH eLIFE",952,56,28,2022-04-18 12:05:01,Video
https://www.facebook.com/thmilk/posts/pfbid023uQm7TiQL6LWKjruuDBbuENTCXa6jubGtGP1agGG6wSvATx5yGzzEXjW7SeEdnAol,"Thoả sức sáng tạo các món ăn ngon từ Bơ và Phomat tự nhiên! TH tặng ngay ưu đãi MUA 2 TẶNG 1 chỉ áp dụng đến 30/4/2022 tại hệ thống cửa hàng TH true mart, hãy nhanh tay mua ngay!

► Danh sách cửa hàng TH true mart: http://www.thmilk.vn/he-thong-cua-hang/",214,24,6,2022-04-16 23:59:12,Photo
https://www.facebook.com/thmilk/posts/pfbid02mYGHgrQxSSwwivHBHM1bgM4zfFeF9Ldrt5K13MWtzFc46s2AqLjVp5qVk7TUvHjTl,"Thoả sức sáng tạo các món ăn ngon từ Bơ và Phomat tự nhiên! TH tặng ngay ưu đãi MUA 2 TẶNG 1 chỉ áp dụng đến 30/4/2022 tại hệ thống cửa hàng TH true mart, hãy nhanh tay mua ngay!

► Danh sách cửa hàng TH true mart: http://www.thmilk.vn/he-thong-cua-hang/",75,7,3,2022-04-15 11:53:23,Photo
https://www.facebook.com/thmilk/posts/pfbid0f9PT9pEV8LGb2BhxVG77wNnyJB2RKisFxNPFDLizKYu1CZhitU4dANb9BnomgJUgl,"Ưu đãi MUA 4 TẶNG 1 KEM TH TRUE ICE CREAM cùng loại. Đón chào mùa hè đang tới cùng hơn 20 vị kem ngon mát lạnh hoàn toàn từ sữa tươi sạch của TH. 
Hãy ghé cửa hàng, siêu thị trên toàn quốc từ nay tới 30/7/2022 để tận hưởng ưu đãi ngay.
► Danh sách cửa hàng TH true mart: http://www.thmilk.vn/he-thong-cua-hang/
► Đặt hàng online: https://www.thtruemart.vn/san-pham/kem-tu-sua-tuoi-nguyen-chat.html
Ứng dụng TH eLIFE",1244,90,12,2022-04-13 23:47:34,Photo
https://www.facebook.com/thmilk/posts/pfbid0gmXX8WpDPAGSPL1b9L7w9FieDfJz9SiANgrcT2J5nLE5BAStuBt3dtqU5gcHYyXPl,"️ Bơ lạt 5kg khuyến mãi đặc biệt giảm ngay 25% ✨ Mua ngay để thỏa sức sáng tạo các món ăn thơm ngon cùng vị bơ lạt tự nhiên TH true BUTTER!

️ Mua hàng ngay tại TH true mart và app TH eLIFE 
(*) Chương trình áp dụng đến hết 30/4 hoặc đến hết số lượng quà tặng
———————————
► Website TH true mart: https://www.thtruemart.vn/san-pham/bo-va-phomat/bo-lat-tu-nhien-th-true-butter-5kg.html
► Ứng dụng TH eLIFE",458,55,8,2022-04-12 11:41:45,Photo
https://www.facebook.com/thmilk/posts/pfbid02CZn21jVgq9vgptaKBwvBdV8FGQnXsd2EoGXmYQyoMKan5Aq5m34tAmV3D7mG1pe1l," THU GOM VỎ HỘP, LAN TỎA SỐNG XANH 

Với mục đích khuyến khích các hành động bảo vệ môi trường và lan tỏa lối sống xanh, TH tự hào kết hợp cùng Tetra Pak Việt Nam tổ chức chương trình thu gom và tái chế vỏ hộp sữa đã qua sử dụng, nhằm giảm thiểu và tái chế các rác thải ra môi trường tự nhiên. 
Để tham gia hoạt động này, bạn hãy mang những vỏ hộp sữa đã qua sử dụng, được làm sạch và gấp gọn theo hướng dẫn tới một trong 20 cửa hàng TH true mart có tham gia chương trình để thu gom nhé. Ngoài việc góp phần bảo vệ môi trường xanh-sạch-đẹp, khi tham gia chương trình, bạn cũng có cơ hội nhận được các món quà giá trị, ý nghĩa, và thân thiện với môi trường từ TH nữa. 

 Để biết thêm thông tin chi tiết về chương trình và hướng dẫn chuẩn bị vỏ hộp thu gom, vui lòng xem tại: https://bit.ly/chuong-trinh-thu-gom-vo-hop
 Để cập nhật thời gian diễn ra hoạt động, follow event của chương trình tại : https://fb.me/e/2q97FfAdM
 Danh sách 20 cửa hàng TH true mart tham gia chương trình: https://bit.ly/List-20-cua-hang-thu-gom-vo-hop",603,460,192,2022-04-10 23:35:56,Photo
https://www.facebook.com/thmilk/posts/pfbid023VGuWfvDAFpyym1mLV75Smj6hdVo6wdc6gQJPpht4qsNhDDcFGBMAVuDkTvqb2L4l,"TH TOPKID xin thông báo tới Quý Khách hàng thời hạn đổi quà cho chương trình Uống TOPKID – Sưu tầm thẻ Lớp học Mật Ngữ - Săn quà hấp dẫn đến hết ngày 15/05.

Những Quý khách nào sở hữu thẻ Đổi quà nhưng chưa tiến hành đổi quà thì hãy nhanh đến các cửa hàng TH true mart hoặc các điểm bán lẻ trên toàn quốc để đổi quà. Những phần quà hấp dẫn: balo chống gù, đồng hồ định vị, xe đạp thể thao đang chờ Quý khách khám phá.

⚡️ Chi tiết chương trình khuyến mại: https://khuyenmaitopkid.thmilk.vn/",51,1,3,2022-04-09 11:30:07,Photo
https://www.facebook.com/thmilk/posts/pfbid0DaXtsE5hZhHTa7qafdCQP7fxGWdpZnSEtg4tFmtkeQswBqCuo2aVzRdThtrMh44wl,"KẾT QUẢ MINIGAME SƯU TẦM THẺ NGAY - NHẬN QUÀ LIỀN TAY

TH TOPKID xin gửi lời cảm ơn đến những bạn đã tham gia minigame Sưu tầm thẻ ngay - Nhận quà liền tay. Sau một thời gian diễn ra, minigame đã kết thúc vào ngày 31/3. TH TOPKID đã lựa chọn được 33 bạn để lại comment ảnh sưu tầm thẻ TOPKID x Lớp học Mật Ngữ nhanh nhất.
 Danh sách nhận được quà tặng: https://bit.ly/DSKH_MinigameTOPKID 

Các bạn có tên trong danh sách trên hãy inbox cho Fanpage TH true MILK cung cấp những thông tin sau: 
✅  Họ và tên
✅  Số điện thoại 
✅  Địa chỉ
✅  Số CCCD/CMTND (đối với các bạn trúng xe đạp)
Hạn cuối nhận thông tin: 15/04/2022. Sau 15/04/2022, mọi thông tin nhận giải thưởng gửi về fanpage TH true MILK đều không hợp lệ và BTC sẽ không trao giải cho những người gửi thông tin không đúng thời hạn.",63,23,2,2022-04-07 23:24:18,Photo
https://www.facebook.com/thmilk/videos/989064895382307/,"BỮA NHẸ TH true MILK LIGHT MEAL - MUA 8 TẶNG 1 
Là sự kết hợp hoàn hảo dưỡng chất của sữa tươi sạch nguyên chất và dinh dưỡng từ thực vật (yến mạch dạng hạt, dịch hạt óc chó và mắc ca), TH true MILK LIGHT MEAL đem lại trải nghiệm bữa nhẹ hoàn toàn mới, tiện lợi và bổ dưỡng cho cả gia đình. Từ nay đến hết 31/5, nhận ngay 01 sản phẩm cùng loại khi mua 08 hộp Sữa tươi tiệt trùng bổ sung ngũ cốc TH true MILK LIGHT MEAL. 

Đặt hàng ngay tại:
► Website: https://www.thtruemart.vn/san-pham/sua-tuoi/sua-tuoi-tiet-trung/loc-sua-tuoi-tiet-trung-ngu-coc-180ml.html
► Ứng dụng: TH eLIFE
► Grabmart: http://bit.ly/THtruemart-GrabMart
► ShopeeFood: https://bit.ly/THtruemart-ShopeeFood
► Baemin: http://bit.ly/THtruemart-Baemin
► Loship: https://bit.ly/THtruemart-Loship",987,66,14,2022-04-06 11:18:29,Video
https://www.facebook.com/thmilk/videos/966853680868145/,"Nhận ngay 01 sản phẩm cùng loại khi mua 8 sản phẩm Sữa chua uống tiệt trùng TH true YOGURT 180 ml hoặc 12 sản phẩm Sữa chua uống tiệt trùng TH true YOGURT Công thức TOPKID. Với vị ngon tự nhiên hoàn toàn từ sữa tươi sạch nguyên chất của trang trại TH, được lên men tự nhiên kết hợp với các hương vị trái cây hấp dẫn và không sử dụng hương liệu nhân tạo - tổng hợp, mẹ hoàn toàn yên tâm chọn sữa chua uống tiệt trùng TH true YOGURT cho các con.

Đặt hàng ngay tại:
► Website: https://www.thtruemart.vn/
► Ứng dụng: TH eLIFE
► Grabmart: http://bit.ly/THtruemart-GrabMart
► ShopeeFood: https://bit.ly/THtruemart-ShopeeFood
► Baemin: http://bit.ly/THtruemart-Baemin
► Loship: https://bit.ly/THtruemart-Loship",47,8,12,2022-04-04 03:04:40,Video
https://www.facebook.com/thmilk/videos/2867628366869276/,"BỮA NHẸ TH true MILK LIGHT MEAL - MUA 8 TẶNG 1 
Là sự kết hợp hoàn hảo dưỡng chất của sữa tươi sạch nguyên chất và dinh dưỡng từ thực vật (yến mạch dạng hạt, dịch hạt óc chó và mắc ca), TH true MILK LIGHT MEAL đem lại trải nghiệm bữa nhẹ hoàn toàn mới, tiện lợi và bổ dưỡng cho cả gia đình. Từ nay đến hết 31/5, nhận ngay 01 sản phẩm cùng loại khi mua 08 hộp Sữa tươi tiệt trùng bổ sung ngũ cốc TH true MILK LIGHT MEAL. 

Thông tin chi tiết xem tại: https://www.thmilk.vn/khuyen-mai-mua-8-tang-1-sua-tuoi-tiet-trung-bo-sung-ngu-coc-th-true-milk-light-meal/",1961,105,20,2022-04-01 03:35:06,Video
https://www.facebook.com/thmilk/posts/pfbid0Uw9ACkJgadC9NfT2aj2esngrQtBs6rwvNfH58fqcbtvN6h2KhN32pmTV8p8X2N6Jl,"BỮA NHẸ TH true MILK LIGHT MEAL - MUA 8 TẶNG 1 
Là sự kết hợp hoàn hảo dưỡng chất của sữa tươi sạch nguyên chất và dinh dưỡng từ thực vật (yến mạch dạng hạt, dịch hạt óc chó và mắc ca), TH true MILK LIGHT MEAL đem lại trải nghiệm bữa nhẹ hoàn toàn mới, tiện lợi và bổ dưỡng cho cả gia đình. Từ nay đến hết 31/5, nhận ngay 01 sản phẩm cùng loại khi mua 08 hộp Sữa tươi tiệt trùng bổ sung ngũ cốc TH true MILK LIGHT MEAL. 

Thông tin chi tiết xem tại: https://www.thmilk.vn/khuyen-mai-mua-8-tang-1-sua-tuoi-tiet-trung-bo-sung-ngu-coc-th-true-milk-light-meal/",1017,52,11,2022-03-31 04:05:38,Photo
https://www.facebook.com/thmilk/posts/pfbid0kZ9Zx5azLLkcsL38WVSqCNzTwVbpwTzy9bHS2rvyiCMYfLhPdXHHchLAAVxWFsttl,"Nhận ngay 01 sản phẩm cùng loại khi mua 8 sản phẩm Sữa chua uống tiệt trùng TH true YOGURT 180 ml hoặc 12 sản phẩm Sữa chua uống tiệt trùng TH true YOGURT Công thức TOPKID. Với vị ngon tự nhiên hoàn toàn từ sữa tươi sạch nguyên chất của trang trại TH, được lên men tự nhiên kết hợp với các hương vị trái cây hấp dẫn và không sử dụng hương liệu nhân tạo - tổng hợp, mẹ hoàn toàn yên tâm chọn sữa chua uống tiệt trùng TH true YOGURT cho các con.
Thông tin chi tiết xem tại: https://www.thmilk.vn/khuyen-mai-vui-he-bo-san-pham-sua-chua-uong-tiet-trung-th-true-yogurt/",1659,37,20,2022-03-30 04:36:11,Photo
https://www.facebook.com/thmilk/posts/pfbid02bGddsW697QvTYBYUJ9Jq2jmr4dZyE3xpi3ewBLkYaTJEt9qMLLFwfhVsXpABWEeYl,"Để chuẩn bị cho 1 mùa hè năng động dành cho các bé, các bậc phụ huynh không thể thiếu 01 chiếc xe đạp thể thao cho con mình. 

Với các bé, xe đạp là một người đồng hành không thể thiếu, không những giúp các bé trở nên năng động mà còn giúp các bé có tính tự lập.

Thời hạn đổi quà sắp hết, hãy mua ngay sữa chua uống tiệt trùng TH true YOGURT Công thức TOPKID để săn thẻ đổi quà nhé! Ngoài đồng hồ định vị, các bạn còn có thể nhận được quà tặng là ba lô chống gù và xe đạp thể thao đấy! 
Chi tiết chương trình xem tại: https://khuyenmaitopkid.thmilk.vn/",37,5,5,2022-03-29 05:06:43,Photo
https://www.facebook.com/thmilk/posts/pfbid02UP9D1NueyVtTKpbCzRKuPDjSV8W4pvKvouB1B118dbJE2ubCvsz5FY49uNyzXum8l,"Có ai mê chiếc ba lô chống gù TOPKID này không? 

Với thiết kế rộng rãi, tiện lợi, màu sắc nổi bật, quà tặng balo chống gù TOPKID chắc chắn sẽ là một ""trợ thủ đắc lực"" cho các bạn nhỏ khi tới trường. 

Thời hạn đổi quà sắp hết, hãy mua ngay sữa chua uống tiệt trùng TH true YOGURT Công thức TOPKID để săn thẻ đổi quà nhé! Ngoài ba lô, các bạn còn có thể nhận được quà tặng là đồng hồ định vị và xe đạp thể thao đấy! 
Chi tiết chương trình xem tại: https://khuyenmaitopkid.thmilk.vn/",70,14,2,2022-03-28 05:37:16,Photo
https://www.facebook.com/thmilk/posts/pfbid02A6pbMgBoSEvxEMU4VTLDwm4nLSjpKMvmCAYPkChRu9fxXupevGvtAebLp1E5DeE5l,"Sáng 27/3/2022, giải chạy dành cho học sinh - sinh viên S-Race 2022 mùa thứ hai đã chính thức khởi động tại thành phố Tam Kỳ, tỉnh Quảng Nam. Tập đoàn TH là đơn vị đã đồng hành với giải S-Race rất thành công từ lần đầu tiên phát động vào năm 2020. Tiếp tục đồng hành tổ chức giải chạy S-Race 2022 trên toàn quốc, Tập đoàn TH đánh giá đây là chương trình thể thao lớn có ý nghĩa lớn với học sinh - sinh viên, góp phần cải thiện thể chất và dinh dưỡng học đường cho thế hệ trẻ Việt Nam.",35,3,1,2022-03-27 06:07:49,GenericAttachmentMedia
https://www.facebook.com/thmilk/posts/pfbid04r1uz1yswxkLaTrviq7AjQbZhk7xEDX3JXYwdQbL9wUNUNnZeyaVJFjsaSArWSNgl,"SINH NHẬT THẾ KỶ - SĂN QUÀ CỰC HOT CÙNG TH 
TH tặng bạn ngàn Deal Hot. Khám phá ngay tại gian hàng chính hãng TH true mart bạn nhé! https://bitly.com.vn/hpeu48
 CHỈ DUY NHẤT 27 - 31.03
Giờ Vàng 15H - 18H | 21H - 24H Ngập Tràn Quà Tặng Khi Mua các sản phẩm Dalatmilk
 Rinh ngay các sản phẩm nước ép trái cây, trà xanh, nước gạo để nhận ưu đãi GIẢM NGAY 20% 
 GIẢM 10% khi chốt đơn các dòng sữa tươi tiệt trùng 
 Đừng bỏ lỡ ưu đãi GIẢM SÂU 15% cho các dòng sữa hạt
 Miễn phí vận chuyển toàn quốc, freeship max 40K
 Nhận ngay Voucher ưu đãi lên đến 35K
 Đừng quên Follow gian hàng TH true mart để hưởng loạt Voucher độc quyền nóng hổi khác bạn nhé!
 Săn ngay Deal Vàng Giá Tốt cùng TH: 
❣️ Thùng 48 hộp sữa tươi tiệt trùng ít đường TH True MILK 180ml (180ml x 48)  CHỈ 379K
❣️ Thùng 48 hộp sữa hạt và gạo lứt đỏ TH True NUT 180ml (180ml x 48)  CHỈ 500K
❣️ Thùng 24 chai nước uống sữa trái cây cam tự nhiên TH True JUICE MILK 300ml (300ml x 24)  CHỈ 200K
Mua ngay tại: https://bitly.com.vn/hpeu48",30,21,1,2022-03-26 06:38:21,Photo
https://www.facebook.com/thmilk/posts/pfbid032VPjA31VhASGcKpNvYGEwCzs3QF9SZDo8TBDf5GHh5nKMAwpAQhFSCo6JjUyRWhrl,"Alo, alo... đồng hồ định vị Myalo Topkid gọi, các bé trả lời! 
Hàng trăm chiếc đồng hồ Myalo Topkid với nhiều tiện ích hữu ích đang chờ các bé! 
 Nghe gọi điện thoại (danh bạ không giới hạn)
 Gửi tin nhắn thoại 
 Nút khẩn SOS
 Giám sát từ xa
 Hệ thống định vị thông minh
...
Nếu phụ huynh và các bé đã sưu tầm được thẻ Đổi quà đồng hồ định vị thì hãy đến các cửa hàng TH true mart hoặc liên hệ 1800 54 54 40 để được hướng dẫn đổi quà nhé.

Chi tiết cách thức đổi quà xem tại: https://khuyenmaitopkid.thmilk.vn/",46,19,1,2022-03-25 07:08:54,Photo
https://www.facebook.com/thmilk/videos/396849205585680/," Nhanh tay rinh ngay sổ tay xinh xắn khi mua 02 Kem TH true ICE CREAM cùng loại ✨
 Khuyến mãi áp dụng khi mua 02 kem cùng loại với vị bất kỳ! 
Chương trình diễn ra tại chuỗi cửa hàng B’s mart và GS25 trên toàn quốc đến hết 30/4/2022 hoặc khi hết quà tặng.",587,96,18,2022-03-24 07:39:27,Video
https://www.facebook.com/thmilk/videos/1001203393854424/,"Cùng TH TOPKID kiểm chứng “độ chất” của các món quà tặng trong chương trình ""Uống TOPKID - Sưu tầm thẻ Lớp học Mật ngữ - Săn quà hấp dẫn"" nhé!
Để sở hữu những món quà siêu chất này, hãy nhanh tay săn thẻ đổi quà trong mỗi lốc Sữa chua uống tiệt trùng TH true YOGURT Công thức TOPKID.
Thời hạn đổi quà đến hết 15/4/2022
Chi tiết chương trình xem tại: https://khuyenmaitopkid.thmilk.vn",633,45,38,2022-03-19 14:45:59,Video
https://www.facebook.com/thmilk/videos/637821457571825/,"Nhận ngay ưu đãi mua 8 tặng 1 từ sữa chua TH true YOGURT - Vị ngon thật sự thiên nhiên!
Chương trình áp dụng khi mua sữa chua TH true YOGURT vị bất kỳ tới hết 31.05.2022.
-------------------------
► Danh sách cửa hàng TH true mart: https://www.thmilk.vn/he-thong-cua-hang/
► Website: https://www.thtruemart.vn/san-pham/s-a-chua-t-nhien-x.html
► Ứng dụng: TH eLIFE
► Grabmart: http://bit.ly/THtruemart-GrabMart
► ShopeeFood: https://bit.ly/THtruemart-ShopeeFood
► Baemin: http://bit.ly/THtruemart-Baemin
► Loship: https://bit.ly/THtruemart-Loship",869,21,19,2022-03-19 04:07:53,Video
https://www.facebook.com/thmilk/videos/3138415603152634/,"Nhận ngay ưu đãi mua 8 tặng 1 từ sữa chua TH true YOGURT - Vị ngon thật sự thiên nhiên!
Chương trình áp dụng khi mua sữa chua TH true YOGURT vị bất kỳ tới hết 31.05.2022.
-------------------------
► Danh sách cửa hàng TH true mart: https://www.thmilk.vn/he-thong-cua-hang/
► Website: https://www.thtruemart.vn/san-pham/s-a-chua-t-nhien-x.html
► Ứng dụng: TH eLIFE
► Grabmart: http://bit.ly/THtruemart-GrabMart
► ShopeeFood: https://bit.ly/THtruemart-ShopeeFood
► Baemin: http://bit.ly/THtruemart-Baemin
► Loship: https://bit.ly/THtruemart-Loship",343,12,4,2022-03-19 04:05:18,Video
https://www.facebook.com/thmilk/posts/pfbid0pXN2uJZuLRv1pNTU6tuh15RkWnZN8dYyWRNTX8j52QNwxkHa5Fjvvh8GaMuDmDL6l,"Cảm ơn các khách hàng đã đồng hành cùng TH TOPKID trong CTKM ""Uống TOPKID - Sưu tầm thẻ Lớp học Mật Ngữ - Săn quà hấp dẫn""

Đã có hàng ngàn phần quà đã tìm được ""chủ nhân"", nhưng vẫn còn rất nhiều quà tặng hấp dẫn đang chờ bạn. 
Hãy mua ngay Sữa chua uống tiệt trùng TH true YOGURT công thức TOPKID để săn thẻ Đổi quà được gắn trong trong mỗi lốc sữa.
Thời hạn đổi quà đến hết 15/04/2022.
Chương trình diễn ra tại các cửa hàng TH true mart, kênh thương mại điện tử, cửa hàng bán lẻ, siêu thị trên toàn quốc.
Chi tiết chương trình khuyến mại xem tại: https://khuyenmaitopkid.thmilk.vn/",47,5,2,2022-03-18 19:57:51,Photo
https://www.facebook.com/thmilk/videos/918048045510030/,"Nhận ngay ưu đãi mua 8 tặng 1 từ sữa chua TH true YOGURT - Vị ngon thật sự thiên nhiên!
Chương trình áp dụng khi mua sữa chua TH true YOGURT vị bất kỳ tới hết 31.05.2022.
-------------------------
► Danh sách cửa hàng TH true mart: https://www.thmilk.vn/he-thong-cua-hang/
► Website: https://www.thtruemart.vn/san-pham/s-a-chua-t-nhien-x.html
► Ứng dụng: TH eLIFE
► Grabmart: http://bit.ly/THtruemart-GrabMart
► ShopeeFood: https://bit.ly/THtruemart-ShopeeFood
► Baemin: http://bit.ly/THtruemart-Baemin
► Loship: https://bit.ly/THtruemart-Loship",216,10,5,2022-03-18 11:50:24,Video
https://www.facebook.com/thmilk/videos/969399560371784/,"Nhận ngay ưu đãi mua 8 tặng 1 từ sữa chua TH true YOGURT - Vị ngon thật sự thiên nhiên!
Chương trình áp dụng khi mua sữa chua TH true YOGURT vị bất kỳ tới hết 31.05.2022.
-------------------------
► Danh sách cửa hàng TH true mart: https://www.thmilk.vn/he-thong-cua-hang/
► Website: https://www.thtruemart.vn/san-pham/s-a-chua-t-nhien-x.html
► Ứng dụng: TH eLIFE
► Grabmart: http://bit.ly/THtruemart-GrabMart
► ShopeeFood: https://bit.ly/THtruemart-ShopeeFood
► Baemin: http://bit.ly/THtruemart-Baemin
► Loship: https://bit.ly/THtruemart-Loship",334,5,4,2022-03-18 11:48:28,Video
https://www.facebook.com/thmilk/videos/534260188023327/,"Nhận ngay ưu đãi mua 8 tặng 1 từ sữa chua TH true YOGURT - Vị ngon thật sự thiên nhiên!
Chương trình áp dụng khi mua sữa chua TH true YOGURT vị bất kỳ tới hết 31.05.2022.
-------------------------
► Danh sách cửa hàng TH true mart: https://www.thmilk.vn/he-thong-cua-hang/
► Website: https://www.thtruemart.vn/san-pham/s-a-chua-t-nhien-x.html
► Ứng dụng: TH eLIFE
► Grabmart: http://bit.ly/THtruemart-GrabMart
► ShopeeFood: https://bit.ly/THtruemart-ShopeeFood
► Baemin: http://bit.ly/THtruemart-Baemin
► Loship: https://bit.ly/THtruemart-Loship",101,2,2,2022-03-18 03:01:20,Video
https://www.facebook.com/thmilk/posts/pfbid0cn1526R75aqFzyZNQ7UDuH4RRTYYym9sbtPnPqvHyUCe8HYBpqnfL1ojS5DE8wSFl,"Nhận ngay ưu đãi mua 8 tặng 1 từ sữa chua TH true YOGURT - Vị ngon thật sự thiên nhiên!
Chương trình áp dụng khi mua sữa chua TH true YOGURT vị bất kỳ tới hết 31.05.2022.
-------------------------
► Danh sách cửa hàng TH true mart: https://www.thmilk.vn/he-thong-cua-hang/
► Website: https://www.thtruemart.vn/san-pham/s-a-chua-t-nhien-x.html
► Ứng dụng: TH eLIFE
► Grabmart: http://bit.ly/THtruemart-GrabMart
► ShopeeFood: https://bit.ly/THtruemart-ShopeeFood
► Baemin: http://bit.ly/THtruemart-Baemin
► Loship: https://bit.ly/THtruemart-Loship",1004,35,13,2022-03-16 11:30:04,Photo
https://www.facebook.com/thmilk/posts/pfbid02rWFZaXHkPfSiFCmKga5oFw4kDtEKTY6reUK3E2YDJeNsEAa1cezLXM5vTpxVg7fxl,"Các bé đã sưu tầm đủ bộ thẻ Lớp học Mật Ngữ cực dễ thương từ TH TOPKID chưa?

Mua ngay Sữa chua uống TH true YOGURT Công thức TOPKID để sở hữu ngay những chiếc thẻ Lớp học Mật Ngữ siêu yêu cùng cơ hội nhận được những món quà vô cùng hấp dẫn sau đây: balo chống gù, đồng hồ định vị, xe đạp thể thao nếu trúng thẻ Đổi quà được gắn kèm trong mỗi lốc sữa.

Tham gia minigame tại: 
https://www.facebook.com/thmilk/posts/7273403729367201",29,10,2,2022-03-14 19:58:49,Photo
https://www.facebook.com/thmilk/posts/pfbid0KyxSMGJ77NBCZG15wECAJHDZRLMAG8Xv5qdxa2eLyteS915JJ9PbuKjgEEw6a3GYl,"Nhận ngay 1 sản phẩm cùng loại khi mua 8 sản phẩm Sữa Chua Ăn, Sữa Chua Ăn TOPKID, Sữa Chua Uống Phomat TOPKID, Sữa Chua Uống Men Sống, Sữa Chua Uống Thanh Trùng TH true YOGURT bất kỳ đến 31.5.2022.
Đến ngay cửa hàng, siêu thị để nhận ưu đãi từ TH true YOGURT!
-------------------------
► Danh sách cửa hàng TH true mart: https://www.thmilk.vn/he-thong-cua-hang/
► Website: https://www.thtruemart.vn/san-pham/s-a-chua-t-nhien-x.html
► Ứng dụng: TH eLIFE
► Grabmart: http://bit.ly/THtruemart-GrabMart
► ShopeeFood: https://bit.ly/THtruemart-ShopeeFood
► Baemin: http://bit.ly/THtruemart-Baemin
► Loship: https://bit.ly/THtruemart-Loship",58,8,5,2022-03-13 04:27:34,Photo
https://www.facebook.com/thmilk/posts/pfbid0RXucrjFhwqjKWY1XSmYxmX1KqVSSvHysXynesXi5Ubw51ALH8Uh6RWHi7ZhJxhirl," Nhanh tay rinh ngay sổ tay xinh xắn khi mua 02 Kem TH true ICE CREAM cùng loại ✨

 Khuyến mãi áp dụng khi mua 02 kem cùng loại với vị bất kỳ! 

Chương trình diễn ra tại chuỗi cửa hàng B’s mart trên toàn quốc đến hết 31/3/2022 hoặc khi hết quà tặng.",72,18,2,2022-03-11 12:56:18,unknown
https://www.facebook.com/thmilk/posts/pfbid02WvuMwb4j4QDqxb6iiS4dmm2VQSyzeaWCss9fsvdVstrsLD3wQQB3bxzqPXWySfQPl,"Minigame Sưu tầm thẻ ngay - Nhận quà liền tay của TH TOPKID sắp kết thúc!

Những mẹ nào đã sưu tầm đủ thẻ nhưng chưa gửi ảnh về cho ban tổ chức thì nhanh chóng chụp ảnh các thẻ Lớp học Mật Ngữ hoặc Siêu Thú Ngân Hà, sau đó đăng ảnh lên Facebook cá nhân và để lại link bài post ở phần bình luận của các bài viết về minigame Sưu tầm thẻ ngay - Nhận quà liền tay của TH TOPKID nhé.
Thể lệ và cách thức tham gia chương trình xem tại: https://www.facebook.com/thmilk/posts/7273403729367201",45,4,3,2022-03-09 21:25:03,Photo
https://www.facebook.com/thmilk/posts/pfbid02dUdJX2e1AEhzJXBUVyTNmz8WVuQom4J5ZAgRsjF42oDrYqViRhsA84J5bYBJTZKRl,"Vào bếp làm món ngon cho cả nhà là điều hạnh phúc thật giản dị. Từ chiếc bánh thơm mùi bơ sữa, món súp ấm nóng hay những món nướng quyện bơ thơm nức nở... đều khiến những bữa ăn gia đình thêm trọn vị.

Với bơ lạt tự nhiên TH true BUTTER, thêm nhiều món ngon mỗi ngày, thêm nhiều khoảnh khắc vui vầy hạnh phúc.
#THtrueBUTTER",53,7,6,2022-03-08 05:53:48,Photo
https://www.facebook.com/thmilk/posts/pfbid02uxm6yPLs314DrQQnuLxZAWxbqGa5njW2N6x1m2t8MAdGFWXePwBzrKvSSR1UA4Dql,"Chúc mừng ngày Quốc tế phụ nữ 8/3! Chúc cho một nửa thế giới luôn tràn ngập niềm vui, thành công và hạnh phúc!",73,2,4,2022-03-06 14:22:32,Photo
https://www.facebook.com/thmilk/posts/pfbid02AieBUv6n6nqMBnkRxYB8au1M2qoYNEDN7JjRNaxywecAY7idtVdfUSeUQvx1jiKSl,"Vẫn còn rất nhiều thẻ Đổi quà đang chờ các bạn khám phá trong mỗi lốc Sữa chua uống tiệt trùng TH true YOGURT công thức TOPKID. Chương trình diễn ra tại các cửa hàng TH true mart, kênh thương mại điện tử, cửa hàng bán lẻ, siêu thị trên toàn quốc.
Chi tiết chương trình khuyến mại xem tại: https://khuyenmaitopkid.thmilk.vn/",290,46,12,2022-03-04 22:51:17,GenericAttachmentMedia
https://www.facebook.com/thmilk/videos/1042974242970238/,"Hoàn toàn từ sữa tươi sạch nguyên chất của Trang trại TH - Trang trại bò sữa tập trung ứng dụng công nghệ cao lớn nhất thế giới, Sữa tươi sạch TH true MILK giữ vẹn nguyên dưỡng chất và tinh tuý từ thiên nhiên, tốt cho sức khoẻ cả gia đình. Nhận ngay 01 hộp cùng loại khi mua 08 hộp Sữa tươi sạch TH true MILK 110 ml hoặc 180 ml từ nay đến hết 31/03/2022.",63,8,10,2022-03-03 07:20:02,Video
https://www.facebook.com/thmilk/videos/3135993373394148/,"Trao ngay quà tặng thiên nhiên tốt cho sức khoẻ cả gia đình khi mua các sản phẩm Sữa tươi sạch TH true MILK 110 ml và 180 ml từ nay đến ngày 31/03/2022.
Đặt hàng ngay tại:
► Website: thtruemart.vn
► Ứng dụng: TH eLIFE
► ShopeeFood: https://bit.ly/THtruemart-ShopeeFood
► Grabmart: http://bit.ly/THtruemart-GrabMart
► Baemin: http://bit.ly/THtruemart-Baemin
► Loship: https://bit.ly/THtruemart-Loship",43,17,4,2022-03-02 03:13:27,Video
https://www.facebook.com/thmilk/videos/1115358142597731/,"Trao ngay quà tặng thiên nhiên tốt cho sức khoẻ cả gia đình khi mua các sản phẩm Sữa tươi sạch TH true MILK 110 ml và 180 ml từ nay đến ngày 31/03/2022.
Đặt hàng ngay tại:
► Website: thtruemart.vn
► Ứng dụng: TH eLIFE
► ShopeeFood: https://bit.ly/THtruemart-ShopeeFood
► Grabmart: http://bit.ly/THtruemart-GrabMart
► Baemin: http://bit.ly/THtruemart-Baemin
► Loship: https://bit.ly/THtruemart-Loship",1393,101,10,2022-03-01 11:29:49,Video
https://www.facebook.com/thmilk/posts/pfbid02gCSCftELevM9qzDvVEgacr5ZzapUExjQ4dnsLvM2pdeBYjYZjgic2yYs6f25krivl,"Trao ngay quà tặng thiên nhiên tốt cho sức khoẻ cả gia đình khi mua các sản phẩm Sữa tươi sạch TH true MILK 110 ml và 180 ml từ nay đến ngày 31/03/2022.
Thông tin chi tiết xem tại: https://www.thmilk.vn/sua-tuoi-tiet-trung-th-true-milk-qua-tang-thien-nhien-mua-8-tang-1/",1916,103,20,2022-02-25 23:21:38,Photo
https://www.facebook.com/thmilk/posts/pfbid0mGktoJ983QjBtRaeq6uidf71wnxf644N4osXQSJzoE5KKq7wC5dZE33G1qg75ueul,"Mua ngay TOPKID - Săn thẻ đổi quà
Bạn đã săn được thẻ đổi quà nào dưới đây chưa? 
⚡Thẻ đổi quà Balo chống gù
⚡ Thẻ đổi quà Đồng hồ định vị 
⚡ Thẻ đổi quà Xe đạp thể thao 
Chi tiết về chương trình xem tại: https://khuyenmaitopkid.thmilk.vn/ 
Ngoài thẻ Đổi quà, trong mỗi lốc sữa TH true YOGURT Công thức TOPKID các bạn có thể nhận được 01 thẻ Lớp học Mật Ngữ hoặc Siêu thú Ngân Hà cực dễ thương để chơi cực vui cùng bạn bè đó!
Thời hạn đổi quà đến hết 15/04/2022.",57,12,9,2022-02-22 11:13:28,unknown
https://www.facebook.com/thmilk/posts/pfbid0ctZ6Z24UwW3S9ssPL8fK221vmX44ejbLWDv4naAweaTMQrqmA2F3ee9B9bvXMC9el,"Nhà máy Chế biến thực phẩm sạch Thái Bình là nhà máy thứ 4 của Tập đoàn TH tại Việt Nam, sản xuất sản phẩm mang giá trị cốt lõi ""Vì sức khỏe cộng đồng"", cung cấp nguồn thực phẩm chất lượng cao, dinh dưỡng lành mạnh cho gian bếp Việt. Nhà máy cũng hiện thực hóa sứ mệnh trở thành ""người nội trợ tử tế cho cộng đồng"" gắn với Đề án Dinh dưỡng người Việt mà TH tiên phong khởi xướng",147,12,9,2022-02-18 23:05:18,GenericAttachmentMedia
https://www.facebook.com/thmilk/posts/pfbid029KVt4LLEKfrChUQuLSj72G5ryBTWVZxusgRqMntjJYTtADBgW9R2mNHBPpMrMhKvl," MINIGAME SƯU TẦM THẺ NGAY – NHẬN QUÀ LIỀN TAY GIA HẠN ĐẾN 31/03/2022  

Nhằm tạo cơ hội cho khách hàng có thể sưu tầm đủ số lượng thẻ TOPKID Lớp học Mật Ngữ, ban tổ chức quyết định gia hạn thời gian tham gia minigame đến hết 31/03/2022 và thay đổi thể lệ minigame như sau:
- 30 bạn đầu tiên sưu tầm đủ 06 thẻ khác nhau (không phân biệt các loại thẻ Cung Hoàng đạo hay Siêu Thú Ngân hà) sẽ được nhận 01 balo chống gù TOPKID
- 03 bạn đầu tiên sưu tầm đủ 12 thẻ khác nhau (không phân biệt các loại thẻ Cung Hoàng đạo hay Siêu Thú Ngân hà) sẽ được nhận 01 xe đạp thể thao TOPKID

⚡️ Cách thức tham gia minigame (xem chi tiết ở phần bình luận)

Ban tổ chức sẽ chọn các bạn gửi bài hợp lệ sớm nhất dựa trên thời gian bình luận hiển thị và sẽ liên hệ trực tiếp với người trúng giải. Kết quả minigame sẽ được công bố trên fanpage TH true MILK vào ngày 07/04/2022. Cùng đón chờ nhé!
#THtrueYOGURT #TOPKID #LophocMatNgu",154,288,41,2022-02-15 10:57:07,Photo
https://www.facebook.com/thmilk/posts/pfbid02cAj3UB6dwntzyGMETiAsDeKdPmmRXdToMq78neVqFMae5YRbrDVmeJgcSewBUh1pl,Chúc cho ngày lễ Valentine sẽ mang đến cho bạn hạnh phúc đích thực bên những người thân yêu.,88,13,4,2022-02-11 22:48:57,Photo
https://www.facebook.com/thmilk/posts/pfbid0w7VMLSPKhjFJfgrE8ijdjr2RdmuTw6p1aLPHVE6J2SsdUvGPgJRpAq9MeHiPaVHnl,"Ngày 10/2, Tập đoàn TH (đơn vị sở hữu thương hiệu TH true MILK) đã trao tặng đội tuyển bóng đá nữ quốc gia Việt Nam 1,5 tỷ đồng, bao gồm 1 tỷ đồng tiền mặt và 500 triệu đồng các sản phẩm tốt cho sức khỏe và 5 năm dùng miễn phí các sản phẩm TH. Trong nhiều năm qua, TH là đơn vị tiên phong đồng hành cùng Chính phủ trong các hoạt động cải thiện tầm vóc, sức khỏe của thế hệ tương lai.",202,1,7,2022-02-08 10:40:47,GenericAttachmentMedia
https://www.facebook.com/thmilk/posts/pfbid0am9VRErFiwEgCtQsg6sWwKLnB8U46GUs47G8BNf34tSh5VFi5JVKm3q4GQcxrA6pl,"Sau hơn 1 tháng diễn ra, Chương trình khuyến mãi “Uống TOPKID – Sưu tầm thẻ Lớp học Mật Ngữ - Săn quà hấp dẫn” đã nhận được rất nhiều sự ủng hộ từ các khách hàng đặc biệt là các bé từ 4-10 tuổi. Đã có rất nhiều bạn nhỏ trúng thẻ Đổi quà và đổi được các quà tặng hấp dẫn từ TH true YOGURT TOPKID: balo chống gù, đồng hồ định vị, xe đạp thể thao. 

Vẫn còn rất nhiều thẻ Đổi quà đang chờ các bạn khám phá trong mỗi lốc Sữa chua uống tiệt trùng TH true YOGURT công thức TOPKID. Chương trình diễn ra tại các cửa hàng TH true mart, kênh thương mại điện tử, cửa hàng bán lẻ, siêu thị trên toàn quốc.

----
Từ ngày 15/12/2021 đến ngày 31/03/2022, khi mua 04 hộp SCUTT TH true YOGURT Công thức TOPKID 110 ml các hương vị, nhận ngay 01 thẻ Lớp học Mật Ngữ cùng hàng nghìn thẻ Đổi quà. Thông tin chi tiết chương trình khuyến mãi và danh sách khách hàng nhận quà xem tại: https://khuyenmaitopkid.thmilk.vn/ 
Nhanh tay sở hữu ngay thẻ Lớp học Mật Ngữ và Đổi quà tại: https://www.thtruemart.vn/
Hoặc đặt mua qua các ứng dụng giao hàng thực phẩm:
Grabmart: http://bit.ly/THtruemart-GrabMart
Baemin: http://bit.ly/THtruemart-Baemin
ShopeeFood: http://bit.ly/THtruemart-ShopeeFood
Loship: https://bit.ly/THtruemart-Loship",66,10,3,2022-02-04 22:32:37,Photo
https://www.facebook.com/thmilk/posts/pfbid02CFYD5tTKnzVHxgyt5Fov7NubLBcYR9aGBd29drtxVoxmzMF97LxwwxQ1znaEDYaXl,"Chúc mừng năm mới Nhâm Dần. Chúc bạn một năm mới an khang thịnh vượng, vạn sự như ý!",91,25,3,2022-02-01 10:24:26,Photo
https://www.facebook.com/thmilk/posts/pfbid02Y8FYb3gWja4RcnUkpUdHY83o1eV1YefyzBCK1C5VNFvU7DwU2MHx7j7sd9NbCkrJl,"Nhằm phục vụ nhu cầu mua sắm của khách hàng, TH true mart xin được thông báo lịch nghỉ tết của các cửa hàng như sau:
 TH true mart toàn quốc nghỉ lễ từ: 17h00 ngày 30.01.2022 (tức ngày 28 tháng Chạp)
 Mở cửa và phục vụ trở lại từ: 08h30 ngày 05.02.2022 (tức ngày 05 tháng Giêng)

Quý khách hàng lưu lại lịch trên để lên kế hoạch phù hợp cho việc mua sắm các sản phẩm hoàn toàn từ thiên nhiên tại TH true mart cho gia đình mình nhé!",83,22,7,2022-01-28 22:16:16,Photo
https://www.facebook.com/thmilk/posts/pfbid0mxBXzTbmBZi6akQcsFqePTHGoe7sp2B6JgEXVTJP1zwwDvewizse76mMVLX4dNwil,"Sự kết hợp hài hòa giữa sữa tươi sạch nguyên chất từ trang trại TH với yến mạch dạng hạt, dịch hạt mắc ca và óc chó đã tạo nên “bữa ăn nhẹ” đầy sáng tạo TH true MILK LIGHT MEAL.",59,0,9,2022-01-25 10:08:06,GenericAttachmentMedia
https://www.facebook.com/thmilk/posts/pfbid02BUYYod9H9RkiFxVFse2aBGdjTc8FLb2yLGch78yhvzBNLwKx5xkYoFfqkL2wjW3Hl," Đầu năm thoả sức ăn kem với ưu đãi siêu hấp dẫn từ TH true ICE CREAM 

Chương trình áp dụng tại các chuỗi siêu thị trên toàn quốc: VinMart, Big C, Lotte, Co.op Mart…Liên hệ nhân viên tại siêu thị để biết thêm thông tin chi tiết.

Danh sách các siêu thị áp dụng xem tại: https://bit.ly/KEMTet_Danhsachsieuthi",2367,161,32,2022-01-21 21:59:55,unknown
https://www.facebook.com/thmilk/posts/pfbid032jGAmmrsbgnZfqsJ7S4qWAFC1wbwxDAQ4qizAt7Dr77kQf9UqqigUUvJbtQ8DTpTl," MINIGAME SƯU TẦM THẺ NGAY – NHẬN QUÀ LIỀN TAY 

Từ ngày 15/01 – 15/02/2022, cùng sưu tầm thẻ Lớp học Mật Ngữ trong mỗi lốc Sữa chua uống tiệt trùng TH true YOGURT Công thức TOPKID 110 ml để có cơ hội nhận được balo chống gù và xe đạp thể thao TOPKID cực kì cá tính nhé!

⚡ Thể lệ chương trình:
- 30 bạn đầu tiên sưu tầm đủ 12 thẻ Cung Hoàng Đạo khác nhau sẽ nhận được 01 balo chống gù TOPKID.
- 03 bạn đầu tiên sưu tầm đủ 24 thẻ bao gồm: 12 thẻ Cung Hoàng Đạo khác nhau + 12 thẻ Siêu thú Ngân Hà khác nhau sẽ nhận ngay 01 xe đạp thể thao TOPKID.

⚡ Cách thức tham gia:
- Bước 1: Sau khi sưu tầm đủ số lượng thẻ theo thể lệ chương trình, các bạn hãy chụp ảnh cùng bộ thẻ sưu tầm được
- Bước 2: Đăng lên fanpage cá nhân ở chế độ công khai kèm hashtag #THtrueYOGURTTOPKID #LophocMatNgu
- Bước 3: Sau đó đăng link bài viết ở phần bình luận của bài đăng này
Minigame sẽ kết thúc vào ngày 15/02/2022, ban tổ chức sẽ chọn các bạn gửi bài hợp lệ sớm nhất dựa trên thời gian bình luận hiện thị. Kết quả sẽ được đăng trên fanpage TH true MILK vào ngày 22/02/2022. TH true MILK sẽ liên hệ trực tiếp với người trúng giải bạn nhé.
#THtrueYOGURT #TOPKID #LophocMatNgu",95,41,23,2022-01-18 09:51:45,Photo
https://www.facebook.com/thmilk/posts/pfbid02xRVujWRQFjPkVokh5jy3ceSiGUW3huqTRaPyqqG3zpUy23yctckpJ8GYdkZYyTAnl," Những chiếc bánh sponge- foam cake ( dạng bánh mềm bông, nhẹ “như mây” với độ tơi xốp), hay Pie tart ( dạng bánh nướng làm từ bột nhào giàu béo) hay Moouse cake ( thường có lớp gato mỏng dưới bánh, nhiều kem tạo độ ngậy)...thì một tiêu chí chung cho bánh ngon là độ tươi khi thưởng thức.
 Cảm nhận từ miếng bánh đầu tiên là sự hài hòa mùi – vị - hương và tươi ngon, thanh thoát hậu vị đến tận miếng cuối cùng.
Và những chiếc bánh ngon không thể thiếu TH true BUTTER – bơ lạt làm từ sữa tươi sạch, cho vị ngon tự nhiên “nguyên bản” nhất của bất kỳ dòng bánh đơn giản hay cầu kỳ nào.
️ Bạn có thể mua TH true BUTTER tại các kênh Thương mại điện tử,  chuỗi cửa hàng TH true mart, Siêu thị và các cửa hàng nguyên liệu làm bánh trên toàn quốc.
#ThtrueBUTTER #bolattunhien #ChoMonNgonMoiNgay",68,20,6,2022-01-14 21:43:35,Photo
https://www.facebook.com/thmilk/posts/pfbid02fwUSfMUKJqe4GAMiN7esKz3kYhedZCXPienJAiMDDFrG8mRmAhSCmx4xDHyfwnrQl,"Sau hơn 1 tháng diễn ra, minigame Show Your true COLORS cùng boardgame Thỏ Bảy Màu đã kết thúc. Cùng chúc mừng những khách hàng sau đã xuất sắc dành giải thưởng của TH true YOGURT nhé!

 Giải Nhất: Đinh Thị Trang Nhung - 1 đồng hồ Garmin Forerunner 55
 Giải Nhì: Nguyễn Thị Hà Thương - 1 tai nghe Apple Airpod 2
 Giải Ba: Lê Xuân Bách - 1 loa Bluetooth Ultimate Ears WONDERBOOM
 Giải May mắn: Voucher TH true mart 500.000đ
1. Nguyễn Anh Thư
2. Nguyễn Nhật Lê
3. Tố Như
4. Nguyễn Kim Ngân
5. Nguyễn Hải Như Khuê

Khách hàng trúng thưởng sẽ được ban tổ chức liên lạc qua thông tin đã cung cấp để trao giải. Cảm ơn các bạn đã tham gia cuộc thi này. Hãy luôn ủng hộ các sản phẩm của TH và các chương trình sắp tới nhé!",46,4,0,2022-01-11 09:35:25,unknown
https://www.facebook.com/thmilk/posts/pfbid0qtsKar1qC3YjctxCdXQf7yCUbvpHgDFrYb3fVxJyVTpcx593mqKnK1aLnGZMcHejl,"TH true Butter 5kg - trợ thủ cho bếp bánh.
Sự sáng tạo trong nhà bếp thường bắt đầu từ giai đoạn chuẩn bị. Bếp bánh còn đòi sự tỉ mỉ, và tinh tường khi chọn đúng nguyên liệu “chuẩn” cho các món bánh “signature” ( mang dấu ấn) của nhà hàng, quán hay bản thân tên tuổi đầu bếp.
Một trong những nguyên liệu được các bếp bánh tin chọn là TH true BUTTER 5kg được làm từ sữa tươi sạch của trang trại TH. Lớp bơ mịn, độ ngậy thơm hấp dẫn khiến các món bánh đều thơm ngon khó cưỡng. Màu sắc lạt tự nhiên, thỏa sức sáng tạo dễ dàng.
TH true Butter 5kg có sẵn tại TH true mart, giúp bạn dễ dàng mua và sáng tạo các món bánh ngon cho ngày tết!
#THtruebutter #bolattunhien",58,15,3,2022-01-07 21:27:14,Photo
https://www.facebook.com/thmilk/posts/pfbid02CXbLMgQCGLtY76Z2LRSjexCwEha2sV9tYyVbwwqLBKmLqaTUVTrq7TXPgKujCiLGl,"CHÀO 2022, THẬT NGỌT NGÀO VUI VẺ NHƯ SÔ CÔ LA

Một năm đầy háo hức, vui vẻ phía trước ngoài những checklist, kế hoạch chuẩn bị, đừng quên người bạn TH true ICE CREAM bạn nhé.
Vị kem ngon mát mịn từ sô cô la nguyên chất không những giảm sự căng thẳng mệt mỏi mà còn là “công tắc” bật vui vẻ, hào hứng chào đón 2022 thật rộn ràng nữa đấy!

#THtrueICECREAM #kemngontusuatuoisach",102,6,1,2022-01-04 09:19:04,Photo
https://www.facebook.com/thmilk/posts/pfbid0kSACtLvWkv1vHzKjKNqYeHF8H92M6TRWfhhyZebin8Q14jGextR3kEF7QwfLp3Jol,"Tạm biệt 2021, chúc mừng năm mới 2022. Chúc bạn một năm mới mạnh khỏe và hạnh phúc!",133,15,7,2021-12-31 21:10:54,Photo
https://www.facebook.com/thmilk/videos/885100645490327/,"Bữa nhẹ bổ dưỡng từ sữa tươi và ngũ cốc dạng hạt TH true MILK LIGHT MEAL đem lại trải nghiệm hoàn toàn mới, tiện lợi cho cả gia đình.
Đặt hàng ngay tại:
► Website: thtruemart.vn
► Ứng dụng: TH eLIFE
► ShopeeFood: https://bit.ly/THtruemart-ShopeeFood
► Grabmart: http://bit.ly/THtruemart-GrabMart
► Baemin: http://bit.ly/THtruemart-Baemin
► Loship: https://bit.ly/THtruemart-Loship",76,25,25,2021-12-28 09:02:44,Video
https://www.facebook.com/thmilk/posts/pfbid02E7mPSjPyootfwL44uJWnmsdyK6ebka9XE1p5rytM8FEQ6H5nVp96GqWwk5c4YB76l,"Chương trình trúng thưởng may mắn dành riêng cho các khách hàng là điểm bán các sản phẩm TH. Cứ mỗi 200.000đ khi nhập các sản phẩm TH true JUICE, TH true JUICE milk, TH true RICE, TH true TEA khách hàng sẽ được nhận 01 lần quay thưởng.
Thời gian đến hết: 31/12/2021
Chi tiết chương trình xem tại: https://www.thmilk.vn/chao-xuan-nham-dan-2022-tet-van-dieu-hay-tai-loc-day-tay/",51,2,0,2021-12-26 17:18:02,unknown
https://www.facebook.com/thmilk/posts/pfbid02bBcGGBNWQcNzQsX2Vgq9BAZQmKeheNq1yuQeVJircrAbsrjFDtiXPWGoNyBXtfz2l,"Chúc giáng sinh vui vẻ – Merry Christmas. Chúc bạn có một đêm Noel an lành, tràn đầy niềm vui và hạnh phúc!",145,11,6,2021-12-25 01:33:20,Photo
https://www.facebook.com/thmilk/videos/411146214081764/,"Tới ngay các cửa hàng TH true mart, siêu thi, cửa hàng bán lẻ trên toàn quốc hoặc truy cập các kênh thương mại điện tử (Grabmart, Baemin, ShopeeFood, Loship) để nhận ngay 01 thẻ Lớp học Mật Ngữ khi mua Sữa chua uống tiệt trùng Công thức TOPKID 110 ml làm quà cho các bé trong dịp Giáng Sinh năm nay các mẹ nhé!

Bên cạnh đó, đừng quên săn thẻ Đổi quà của TOPKID để nhận ngay các giải thưởng vô cùng giá trị: balo chống gù, đồng hồ định vị, xe đạp thể thao.

Chương trình diễn ra từ 15/12/2021 - 31/03/2022. 
--- 
Đặt hàng ngay tại: https://www.thtruemart.vn/ 
Hoặc các ứng dụng giao hàng thực phẩm: 
Grabmart: http://bit.ly/THtruemart-GrabMart 
Baemin: http://bit.ly/THtruemart-Baemin 
ShopeeFood: http://bit.ly/THtruemart-ShopeeFood 
Loship: https://bit.ly/THtruemart-Loship",45,18,14,2021-12-23 09:48:38,Video
https://www.facebook.com/thmilk/videos/905557756818820/,"Từ ngày 15/12/2021 đến ngày 31/03/2022, khi mua 04 hộp SCUTT TH true YOGURT Công thức TOPKID 110 ml các hương vị, nhận ngay 01 thẻ Lớp học Mật Ngữ cực dễ thương cùng hàng nghìn thẻ Đổi quà với quà tặng cực hấp dẫn đang chờ bạn khám phá.

Chương trình diễn ra tại các cửa hàng TH true mart, các kênh thương mại điện tử, cửa hàng bán lẻ, siêu thị trên toàn quốc. Thông tin chi tiết chương trình xem tại: https://khuyenmaitopkid.thmilk.vn/
----
Nhanh tay sở hữu ngay thẻ Lớp học Mật Ngữ và Đổi quà tại đây: https://www.thtruemart.vn/
Hoặc các ứng dụng giao hàng thực phẩm:
Grabmart: http://bit.ly/THtruemart-GrabMart
Baemin: http://bit.ly/THtruemart-Baemin
ShopeeFood: http://bit.ly/THtruemart-ShopeeFood
Loship: https://bit.ly/THtruemart-Loship",353,40,7,2021-12-21 10:09:19,Video
https://www.facebook.com/thmilk/videos/4442378205810827/,"Bữa nhẹ bổ dưỡng từ sữa tươi và ngũ cốc dạng hạt TH true MILK LIGHT MEAL đem lại trải nghiệm hoàn toàn mới, tiện lợi cho cả gia đình.
Đặt hàng ngay tại:
► Website: thtruemart.vn
► Ứng dụng: TH eLIFE
► ShopeeFood: https://bit.ly/THtruemart-ShopeeFood
► Grabmart: http://bit.ly/THtruemart-GrabMart
► Baemin: http://bit.ly/THtruemart-Baemin
► Loship: https://bit.ly/THtruemart-Loship",1504,122,55,2021-12-17 11:23:09,Video
https://www.facebook.com/thmilk/videos/1492329967818745/,"Bữa nhẹ bổ dưỡng từ sữa tươi và ngũ cốc dạng hạt TH true MILK LIGHT MEAL đem lại trải nghiệm hoàn toàn mới, tiện lợi cho cả gia đình.
Đặt hàng ngay tại:
► Website: thtruemart.vn
► Ứng dụng: TH eLIFE
► ShopeeFood: https://bit.ly/THtruemart-ShopeeFood
► Grabmart: http://bit.ly/THtruemart-GrabMart
► Baemin: http://bit.ly/THtruemart-Baemin
► Loship: https://bit.ly/THtruemart-Loship",688,42,18,2021-12-17 11:19:37,Video
https://www.facebook.com/thmilk/videos/999531837442530/,"Bữa nhẹ bổ dưỡng từ sữa tươi và ngũ cốc dạng hạt TH true MILK LIGHT MEAL đem lại trải nghiệm hoàn toàn mới, tiện lợi cho cả gia đình.
Đặt hàng ngay tại:
► Website: thtruemart.vn
► Ứng dụng: TH eLIFE
► ShopeeFood: https://bit.ly/THtruemart-ShopeeFood
► Grabmart: http://bit.ly/THtruemart-GrabMart
► Baemin: http://bit.ly/THtruemart-Baemin
► Loship: https://bit.ly/THtruemart-Loship",1884,150,42,2021-12-17 11:19:02,Video
https://www.facebook.com/thmilk/videos/1326145337847640/,"XOAY NẮP TH, SẴN SÀNG KHỞI ĐẦU MỚI!
Năm mới 2022 sắp đến rồi, hãy cùng Xoay nắp TH và chúc nhau sức khỏe để sẵn sàng cho một khởi đầu mới các bạn nhé.
#XoayNapTH #SanSangKhoiDauMoi",81,14,14,2021-12-16 09:38:30,Video
https://www.facebook.com/thmilk/posts/pfbid02bVQjfDPmjJYE29X9RWwi2qzsKjnZE2m7YWfQigAAyHtdNcE31nXKMTHTUhgFVDexl,"Từ ngày 15/12/2021 đến ngày 31/03/2022, khi mua 04 hộp SCUTT TH true YOGURT Công thức TOPKID 110 ml các hương vị, nhận ngay 01 thẻ Lớp học Mật Ngữ cực dễ thương cùng hàng nghìn thẻ Đổi quà với quà tặng cực hấp dẫn đang chờ bạn khám phá.

Chương trình diễn ra tại các cửa hàng TH true mart, các kênh thương mại điện tử, cửa hàng bán lẻ, siêu thị trên toàn quốc. Thông tin chi tiết chương trình xem tại: https://khuyenmaitopkid.thmilk.vn/
----
Nhanh tay sở hữu ngay thẻ Lớp học Mật Ngữ và Đổi quà tại đây: https://www.thtruemart.vn/
Hoặc các ứng dụng giao hàng thực phẩm:
Grabmart: http://bit.ly/THtruemart-GrabMart
Baemin: http://bit.ly/THtruemart-Baemin
ShopeeFood: http://bit.ly/THtruemart-ShopeeFood
Loship: https://bit.ly/THtruemart-Loship",560,22,9,2021-12-15 20:35:16,Photo
https://www.facebook.com/thmilk/videos/568009588080520/,"Từ ngày 15/12/2021 đến ngày 31/03/2022, khi mua 04 hộp SCUTT TH true YOGURT Công thức TOPKID 110 ml các hương vị, nhận ngay 01 thẻ Lớp học Mật Ngữ cực dễ thương cùng hàng nghìn thẻ Đổi quà với quà tặng cực hấp dẫn đang chờ bạn khám phá.

Chương trình diễn ra tại các cửa hàng TH true mart, các kênh thương mại điện tử, cửa hàng bán lẻ, siêu thị trên toàn quốc. Thông tin chi tiết chương trình xem tại: https://khuyenmaitopkid.thmilk.vn/
----
Nhanh tay sở hữu ngay thẻ Lớp học Mật Ngữ và Đổi quà tại đây: https://www.thtruemart.vn/
Hoặc các ứng dụng giao hàng thực phẩm:
Grabmart: http://bit.ly/THtruemart-GrabMart
Baemin: http://bit.ly/THtruemart-Baemin
ShopeeFood: http://bit.ly/THtruemart-ShopeeFood
Loship: https://bit.ly/THtruemart-Loship",46,1,21,2021-12-15 07:32:02,Video
https://www.facebook.com/thmilk/videos/289688366447803/,"Từ ngày 15/12/2021 đến ngày 31/03/2022, khi mua 04 hộp SCUTT TH true YOGURT Công thức TOPKID 110 ml các hương vị, nhận ngay 01 thẻ Lớp học Mật Ngữ cực dễ thương cùng hàng nghìn thẻ Đổi quà với quà tặng cực hấp dẫn đang chờ bạn khám phá.

Chương trình diễn ra tại các cửa hàng TH true mart, các kênh thương mại điện tử, cửa hàng bán lẻ, siêu thị trên toàn quốc. Thông tin chi tiết chương trình xem tại: https://khuyenmaitopkid.thmilk.vn/
----
Nhanh tay sở hữu ngay thẻ Lớp học Mật Ngữ và Đổi quà tại đây: https://www.thtruemart.vn/
Hoặc các ứng dụng giao hàng thực phẩm:
Grabmart: http://bit.ly/THtruemart-GrabMart
Baemin: http://bit.ly/THtruemart-Baemin
ShopeeFood: http://bit.ly/THtruemart-ShopeeFood
Loship: https://bit.ly/THtruemart-Loship",979,29,16,2021-12-15 07:27:52,Video
https://www.facebook.com/thmilk/posts/pfbid022szzJSn792p3Ls8wgMaTfBN4jE7o4HVSiy7fSDuiynbuFzfSRhRoG6ZVaTvrEeFPl,"Sưu tầm ngay thẻ Lớp học Mật Ngữ, săn quà hấp dẫn từ TOPKID:
⚡ Balo chống gù
⚡ Đồng hồ định vị
⚡ Xe đạp thể thao

Từ ngày 15/12/2021 đến ngày 31/03/2022, khi mua 04 hộp SCUTT TH true YOGURT Công thức TOPKID 110 ml các hương vị, nhận ngay 01 thẻ Lớp học Mật Ngữ cực dễ thương cùng hàng nghìn thẻ Đổi quà với quà tặng cực hấp dẫn đang chờ bạn khám phá trong mỗi lốc sữa.   

Chương trình diễn ra tại các cửa hàng TH true mart, kênh thương mại điện tử, cửa hàng bán lẻ, siêu thị trên toàn quốc. Thông tin chi tiết chương trình xem tại: https://khuyenmaitopkid.thmilk.vn/
----
Nhanh tay sở hữu ngay thẻ Lớp học Mật Ngữ và Đổi quà tại đây: https://www.thtruemart.vn/
Hoặc các ứng dụng giao hàng thực phẩm:
Grabmart: http://bit.ly/THtruemart-GrabMart
Baemin: http://bit.ly/THtruemart-Baemin
ShopeeFood: http://bit.ly/THtruemart-ShopeeFood
Loship: https://bit.ly/THtruemart-Loship",52,9,9,2021-12-11 20:39:56,Photo
https://www.facebook.com/thmilk/videos/977723862825597/,"Hãy tới ngay các cửa hàng TH true mart trên toàn quốc để mua sản phẩm hoặc đặt hàng online tại:
Website: https://www.thtruemart.vn/
ShopeeFood: http://bit.ly/THtruemart-ShopeeFood
Grabmart: http://bit.ly/THtruemart-GrabMart
Baemin: http://bit.ly/THtruemart-Baemin
Loship: https://bit.ly/THtruemart-Loship",43,12,7,2021-12-08 09:52:00,Video
https://www.facebook.com/thmilk/videos/907695833469585/,"Hãy tới ngay các cửa hàng TH true mart trên toàn quốc để mua sản phẩm hoặc đặt hàng online tại:
Website: https://www.thtruemart.vn/
Hoặc các ứng dụng giao hàng thực phẩm:
ShopeeFood: http://bit.ly/THtruemart-ShopeeFood
Grabmart: http://bit.ly/THtruemart-GrabMart
Baemin: http://bit.ly/THtruemart-Baemin
Loship: https://bit.ly/THtruemart-Loship",33,5,5,2021-12-08 03:48:00,Video
https://www.facebook.com/thmilk/videos/988609088361161/,"Tặng ngay 1 sản phẩm cùng loại khi mua 8 sản phẩm cùng vị bao gồm: Sữa chua ăn men sống TH true YOGURT 100g, Sữa chua ăn TH true YOGURT 100g, Sữa chua ăn TH true YOGURT TOPKID 60g, Sữa chua uống men sống 100ml. Thời gian áp dụng từ nay tới hết 15/12/2021. 
Chương trình áp dụng tại các cửa hàng TH true mart và hệ thống đặt hàng online của TH. 
Đặt hàng ngay tại: https://www.thtruemart.vn/
Hoặc các ứng dụng giao hàng thực phẩm:
ShopeeFood: http://bit.ly/THtruemart-ShopeeFood
Grabmart: http://bit.ly/THtruemart-GrabMart
Baemin: http://bit.ly/THtruemart-Baemin
Loship: https://bit.ly/THtruemart-Loship",37,4,2,2021-12-05 07:33:39,Video
https://www.facebook.com/thmilk/posts/pfbid02ngfVsJw2jE5i9YbKXMJJhZA6moiUREuMRvstHL2kzQTuLb8j9MmxknBMcHcPFPk4l,"“Bữa ăn nhẹ” lý tưởng TH true MILK LIGHT MEAL là sự kết hợp hoàn hảo về mặt dinh dưỡng, với Sữa tươi sạch nguyên chất từ Trang trại TH kết hợp yến mạch nguyên cám tự nhiên, dạng hạt, nhập khẩu từ châu Âu, và dịch hạt hạt óc chó, dịch hạt mắc-ca cao cấp. Với công thức ít đường, sữa tươi tiệt trùng bổ sung ngũ cốc TH true MILK LIGHT MEAL có vị ngọt nhẹ, là lựa chọn lý tưởng cho bữa ăn nhẹ trong ngày, cung cấp năng lượng lành mạnh một cách nhanh chóng.
#THtrueMILKLIGHTMEAL",101,39,18,2021-12-03 20:36:33,GenericAttachmentMedia
https://www.facebook.com/thmilk/posts/pfbid0BpkQf72eVCU9Ko5RyqrC5SYVFdJBZY5AMVFZWA2v5enp3rxuPqPpfpuVYckzUhZDl,"MINIGAME SHOW YOUR TRUE COLORS – NHẬN QUÀ HAY CÁ TÍNH
Từ nay đến 31/12/2021, CHỤP ẢNH hoặc QUAY VIDEO cùng bộ boardgame Thỏ Bảy Màu true COLORS và TH true YOGURT 180ml để nhận được CÁC PHẦN QUÀ HẤP DẪN! 

Cách thức tham gia:
✨ Bước 1: Mua 02 lốc Sữa chua uống tiệt trùng TH true YOGURT 180ml để nhận 01 bộ trò chơi true COLORS.
✨ Bước 2: Chụp ảnh hoặc quay video của bạn (hoặc cùng bạn bè) cùng bộ boardgame Thỏ Bảy Màu true Colors và sữa chua uống tiệt trùng TH true YOGURT 180ml.
✨ Bước 3: Đăng tải ảnh hoặc video lên trang cá nhân (chọn một mạng xã hội: TikTok, Instagram, Facebook) ở chế độ công khai kèm hashtag #THtrueYOGURT #THShowYourtrueCOLORS.
✨ Bước 4: GỬI LINK BÀI ĐĂNG CHO TH QUA BIỂU MẪU ONLINE Ở ĐÂY: https://thtrueyogurt.typeform.com/minigame 

Hãy tham gia minigame và chia sẻ với bạn bè để nhận các phần quà từ TH true YOGURT nhé!

Minigame dành cho các bạn từ 07-25 tuổi đang sống tại Việt Nam. Thể lệ chi tiết xem tại: https://www.thmilk.vn/show-your-true-colors-nhan-qua-hay-ca-tinh/",216,45,26,2021-12-02 09:39:28,unknown
https://www.facebook.com/thmilk/posts/pfbid02pAqAuDRDDDkopRYGC6AP6UMgRSKxixo3o7EWEam4z22RcegLbFbLuakQwKkJFVf8l,"TH true MILK LIGHT MEAL - BỮA NHẸ BỔ DƯỠNG TỪ SỮA TƯƠI & NGŨ CỐC DẠNG HẠT 
Là sự kết hợp hoàn hảo dưỡng chất của sữa tươi sạch nguyên chất và dinh dưỡng từ thực vật (yến mạch dạng hạt, dịch hạt óc chó và mắc ca), TH true MILK LIGHT MEAL đem lại trải nghiệm bữa nhẹ hoàn toàn mới, tiện lợi và bổ dưỡng cho cả gia đình. Sản phẩm bắt đầu được bán chính thức tại các cửa hàng TH true mart trên toàn quốc từ đầu tháng 12/2021. 
Thông tin chi tiết xem tại: https://www.thmilk.vn/th-true-milk-light-meal-sua-tuoi-bo-sung-ngu-coc-dang-hat-dau-tien-va-duy-nhat-tai-viet-nam-hien-nay/",238,78,81,2021-11-30 22:42:23,Photo
https://www.facebook.com/thmilk/posts/pfbid0MaTVavZDSQt2Afu345eEtQr7hP4RuFHJocvx4mgq9o9NvJxZ3amMNHGof6hnyZcel,"MỞ SHOP BÁNH – CÓ BƠ LẠT TỰ NHIÊN TH TRUE BUTTER 5KG
Bí kíp cho các món bánh ngon, bán “cháy hàng” ngoài bàn tay vàng của các Chef, công thức độc đáo, còn có sự góp sức của nguyên liệu chất lượng, trong đó phải kể tới TH true BUTTER 5kg.
 Bơ lạt tự nhiên làm từ sữa tươi sạch nguyên chất từ Trang trại TH đem tới cho cookies giòn giòn, bánh ga tô bông xốp…đều có vị ngậy thơm khó cưỡng.
 Màu sắc tự nhiên, không pha màu giúp dễ dàng sử dụng.
 Khối to giúp tiết kiệm cho các mẻ bánh lớn hoặc dùng phù hợp theo nhu cầu
Tìm mua ngay TH true BUTTER nhé!
#THtrueBUTTER, #Bolattunhien #monngonmoingay",105,12,9,2021-11-29 11:45:17,Photo
https://www.facebook.com/thmilk/posts/pfbid0Eiw4BDKaBCRgEoqcC4gcQ47wAj6Xo1PRo53TgMLycikmBpuZwbjCgqXPzptp9TTQl,"TRÚNG LỚN TỚI 30 TRIỆU TIỀN MẶT
Chúc mừng các điểm bán đã trúng thưởng Chương trình quay thưởng may mắn Chào Xuân Nhâm Dần 2022.
Chương trình dành riêng cho các khách hàng là điểm bán các sản phẩm TH và tham gia Chương trình tích lũy doanh số hoặc Chương trình trưng bày Chào Xuân Nhâm Dần 2022. Cứ mỗi 200.000đ khi nhập các sản phẩm TH true JUICE, TH true JUICE milk, TH true RICE, TH true TEA khách hàng sẽ được nhận 01 lần quay thưởng.
Thời gian đến hết: 31/12/2021
Chi tiết chương trình xem tại: https://www.thmilk.vn/chao-xuan-nham-dan-2022-tet-van-dieu-hay-tai-loc-day-tay/",34,0,5,2021-11-28 00:48:12,unknown
https://www.facebook.com/thmilk/posts/pfbid02jYcPJE9dJ3zRcedGVjsbNMHsBDbabiMqadb9XBCD6pTEJmTrSDA6F2G4neVDWtrKl,"MANG KEM NGON VỀ NHÀ CÙNG TÚI GIỮ NHIỆT CAO CẤP

Thưởng thức kem ngon sau giờ học trực tuyến, lai rai “bữa vui” cùng cả nhà, chút “me time” làm điều yêu thích có kem mát lạnh mê ly…còn gì tuyệt hơn! Đến ngay các siêu thị Vinmart, Co.opmart, Aeon, Satra, B'sMart, Lotte, Hapro, BRG, Kmart…theo danh sách dưới đây để mang túi giữ nhiệt tiện lợi về nhà: bit.ly/Danhsachsieuthi (danh sách liên tục được cập nhật)

Chương trình áp dụng đến 31/12/2021 hoặc đến khi hết quà khuyến mãi.
Cơ cấu chương trình:
☀️ Kem hộp 180g: Mua 3 sản phẩm cùng loại hương vị bất kỳ tặng 1 túi
☀️ Kem que 52g, kem TOPKID: Mua 5 sản phẩm cùng loại hương vị bất kỳ tặng 1 túi
☀️ Kem hộp 50g, kem ốc quế, kem sandwich: Mua 8 sản phẩm cùng loại hương vị bất kỳ tặng 1 túi",115,45,8,2021-11-26 13:51:07,Photo
https://www.facebook.com/thmilk/posts/pfbid02AsVFVLEXJPDCh1jpTtAegN32D38sC1nqWFjWjUatYLaQFXcXiYBT97uTqvQ8LL1yl,"Chương trình trúng thưởng may mắn dành riêng cho các khách hàng là điểm bán các sản phẩm TH và tham gia Chương trình tích lũy doanh số hoặc Chương trình trưng bày Chào Xuân Nhâm Dần 2022. Cứ mỗi 200.000đ khi nhập các sản phẩm TH true JUICE, TH true JUICE milk, TH true RICE, TH true TEA khách hàng sẽ được nhận 01 lần quay thưởng.
Thời gian đến hết: 31/12/2021
Chi tiết chương trình xem tại: https://www.thmilk.vn/chao-xuan-nham-dan-2022-tet-van-dieu-hay-tai-loc-day-tay/",110,16,12,2021-11-25 02:54:01,Photo
https://www.facebook.com/thmilk/posts/pfbid0qhwvjpBUC6BhcnArqV5vu39STNWmG13r81rorpjM25njFHRoZjrjGifzyYV5SMDzl,"Chương trình khuyến mại Mua 02 lốc Sữa chua uống tiệt trùng TH true YOGURT 180ml tặng 01 bộ trò chơi true COLORS đang được áp dụng rộng rãi tại các siêu thị trên toàn quốc từ nay đến hết 15/12/2021. Số lượng phần quà có hạn, nhanh tay ghé thăm các siêu thị trong danh sách sau để rinh bộ trò chơi true COLORS đáng yêu này về nhé!

Danh sách các siêu thị áp dụng (liên tục được cập nhật): https://bit.ly/Danhsachcuahang-THtrueYOGURT

#THtrueYOGURT #THShowyourtrueCOLORS",84,33,4,2021-11-23 15:56:56,Photo
https://www.facebook.com/thmilk/videos/578069053277156/,"Từ nay đến ngày 15/12/2021, nhận ngay 01 bộ boardgame Thỏ Bảy màu khi mua 02 lốc Sữa chua uống tiệt trùng TH true YOGURT 180ml tại các cửa hàng TH true mart, siêu thị và sàn thương mại điện tử.
Những lá bài Thỏ Bảy Màu đáng yêu cùng luật chơi vui nhộn hứa hẹn sẽ đem lại niềm vui và những trận cười sảng khoái cho nhóm bạn hay cả gia đình!
-------------------------------------------------
Đặt hàng ngay tại: https://www.thtruemart.vn/
Hoặc các ứng dụng giao hàng thực phẩm:
Grabmart: http://bit.ly/THtruemart-GrabMart
Baemin: http://bit.ly/THtruemart-Baemin
ShopeeFood: http://bit.ly/THtruemart-ShopeeFood
Loship: https://bit.ly/THtruemart-Loship",41,10,4,2021-11-22 04:59:51,Video
https://www.facebook.com/thmilk/videos/216759907147327/,"Từ nay đến ngày 15/12/2021, nhận ngay 01 bộ boardgame Thỏ Bảy màu khi mua 02 lốc Sữa chua uống tiệt trùng TH true YOGURT 180ml tại các cửa hàng TH true mart, siêu thị và sàn thương mại điện tử.
Những lá bài Thỏ Bảy Màu đáng yêu cùng luật chơi vui nhộn hứa hẹn sẽ đem lại niềm vui và những trận cười sảng khoái cho nhóm bạn hay cả gia đình!
-------------------------------------------------
Đặt hàng ngay tại: https://www.thtruemart.vn/
Hoặc các ứng dụng giao hàng thực phẩm:
Grabmart: http://bit.ly/THtruemart-GrabMart
Baemin: http://bit.ly/THtruemart-Baemin
ShopeeFood: http://bit.ly/THtruemart-ShopeeFood
Loship: https://bit.ly/THtruemart-Loship",165,10,7,2021-11-22 04:51:47,Video
https://www.facebook.com/thmilk/posts/pfbid02zumLyznantbf7xSxz5MrUCG4abg4nwqK2tvtHMiCz7xj4RRrhF74EedUX6W517A3l,"Tặng ngay 1 sản phẩm cùng loại khi mua 4 sản phẩm Sữa chua uống Phomat TH true YOGURT TOPKID 90ml. Thời gian áp dụng từ nay tới hết 31/12/2021.

Chương trình áp dụng tại các cửa hàng TH true mart và hệ thống đặt hàng online của TH. 

Đặt hàng ngay tại: https://www.thtruemart.vn/
Hoặc các ứng dụng giao hàng thực phẩm:
ShopeeFood: http://bit.ly/THtruemart-ShopeeFood
Grabmart: http://bit.ly/THtruemart-GrabMart
Baemin: http://bit.ly/THtruemart-Baemin
Loship: https://bit.ly/THtruemart-Loship",56,6,3,2021-11-21 11:35:46,Photo
https://www.facebook.com/thmilk/posts/pfbid02BhDHmu42zepTmD8awmgXZYBiYPw95mPNwrpPsyj71U7xMPMqdkNMQGXjwqb4kcjLl,"Tặng ngay 1 sản phẩm cùng loại khi mua 4 sản phẩm sữa chua uống thanh trùng TH true YOGURT 180ml. Thời gian áp dụng từ nay tới hết 31/12/2021.

Chương trình áp dụng tại các cửa hàng TH true mart và hệ thống đặt hàng online của TH. 

Đặt hàng ngay tại: https://www.thtruemart.vn/
Hoặc các ứng dụng giao hàng thực phẩm:
ShopeeFood: http://bit.ly/THtruemart-ShopeeFood
Grabmart: http://bit.ly/THtruemart-GrabMart
Baemin: http://bit.ly/THtruemart-Baemin
Loship: https://bit.ly/THtruemart-Loship",59,7,4,2021-11-20 18:19:45,Photo
https://www.facebook.com/thmilk/posts/pfbid02t5YvAicEfezvaTVBTTvn7cfstdnLbdj26rB5R4zuRoUu6ftdLyfBAtH1WKWwZfcDl,"Tặng ngay 1 sản phẩm cùng loại khi mua 8 sản phẩm cùng vị bao gồm: Sữa chua ăn men sống TH true YOGURT 100g, Sữa chua ăn TH true YOGURT 100g, Sữa chua ăn TH true YOGURT TOPKID 60g, Sữa chua uống men sống 100ml. Thời gian áp dụng từ nay tới hết 15/12/2021. 

Chương trình áp dụng tại các cửa hàng TH true mart và hệ thống đặt hàng online của TH. 

Đặt hàng ngay tại: https://www.thtruemart.vn/
Hoặc các ứng dụng giao hàng thực phẩm:
ShopeeFood: http://bit.ly/THtruemart-ShopeeFood
Grabmart: http://bit.ly/THtruemart-GrabMart
Baemin: http://bit.ly/THtruemart-Baemin
Loship: https://bit.ly/THtruemart-Loship",42,3,5,2021-11-20 01:03:44,Photo
https://www.facebook.com/thmilk/posts/pfbid022Cdn1swPu7HmooDBusMAaWnWnuUCxhp1BDpwCE8rzTz6JscvHruprpWn7KFrp13l,Chúc mừng các thầy cô nhân Ngày 20/11. Xin chúc các thầy cô luôn dồi dào sức khỏe và hạnh phúc!,56,4,1,2021-11-19 07:47:43,Photo
https://www.facebook.com/thmilk/posts/pfbid026gc3ZqLrSmYwkrC3B3JV2XiHXxVFtBUofVvp4yjtXiNF7BTckEfm7oWaUJCrMbsGl,"CÓ KEM DỪA THANH MÁT, ""ENJOY MỌI MOMENT""

Lớp kem mềm mịn, xen lẫn mứt dừa tự nhiên sần sật xứng đáng cho khoảnh khắc cuối tuần thư giãn thật chill. Mang ngay vị kem ngon về nhà với quà tặng túi giữ nhiệt siêu cool nữa nhé.

Thông tin chương trình:
 Kem hộp 180g: Mua 3 sản phẩm cùng loại hương vị bất kỳ tặng 1 túi
 Kem que 52g, kem topkid: Mua 5 sản phẩm cùng loại hương vị bất kỳ tặng 1 túi
 Kem hộp 50g, kem ốc quế, kem sandwich: Mua 8 sản phẩm cùng loại hương vị bất kỳ tặng 1 túi
Khám phá ngay danh sách các siêu thị đang áp dụng nhé (danh sách liên tục được cập nhật): bit.ly/Danhsachsieuthi

#THtrueICECREAM,#kemngontusuatuoisach, #Hoantoantuthiennhien",62,4,2,2021-11-18 14:31:42,Photo
https://www.facebook.com/thmilk/posts/pfbid0XRjd35aHjxeLHSQkSiChNbK1aa3sFTccGWoQrD1gaJ3ENuykEyQhVao8S7KNUdryl,"Sau hơn 1 tháng diễn ra cuộc thi nấu ăn cùng Bơ và Phomat tự nhiên TH, ban tổ chức đã nhận được rất nhiều bài dự thi chất lượng. TH rất vui khi sản phẩm Bơ và Phomat được khách hàng yêu thích đến vậy, các bạn hãy luôn ủng hộ các sản phẩm của TH và các chương trình sắp tới của TH nhé.
Hiện tại ban tổ chức đã thông báo tới 100 khách hàng đầu tiên gửi bài dự thi và gửi mã quà tặng tới các khách hàng đã inbox để lại số điện thoại, hạn sử dụng mã đến hết tháng 11, các khách hàng chưa gửi lại số điện thoại hãy nhanh inbox lại số điện thoại để kịp nhận quà nhé.
Qua quá trình sàng lọc kỹ càng và đánh giá chi tiết, ban tổ chức cuộc thi đã chọn ra danh sách 5 bài thi xuất sắc nhất và 5 bài thi có điểm tương tác cao nhất sau đây:

TOP 5 BÀI THI XUẤT SẮC NHẤT:
Hoa Thieu: https://www.facebook.com/hoa.thieu.902/posts/4505125126232983
Nguyen Kim Ngan: https://www.facebook.com/permalink.php?story_fbid=351897696675007&id=100055643377333
Phoebe Chan: https://www.facebook.com/phoebe.chan89/posts/10208889997845339
Thanh Trang: https://www.facebook.com/trangtrau712/posts/4810390505689741
Nguyễn Thị Thu Trang: https://www.facebook.com/chuotnhatxinhdep/posts/1984052708439888

TOP 5 BÀI THI CÓ TƯƠNG TÁC CAO NHẤT: (một số bài dự thi có số tương tác rất cao tuy nhiên ban tổ chức đã loại bỏ khỏi danh sách do không thể kiểm tra được số share hoặc lượng comment được tạo ra một cách không tự nhiên)
Hương Lan - điểm tương tác 2413: https://www.facebook.com/permalink.php?story_fbid=612402819944137&id=100035232731240
Nguyễn Hữu - điểm tương tác 2412: https://www.facebook.com/permalink.php?story_fbid=1317674035318766&id=100012285452925
Sophie Nguyen - điểm tương tác 2343: https://www.facebook.com/baoduy.157/posts/4339731862771408
Dan Lê - điểm tương tác 1199: https://www.facebook.com/dan.mil.3382/posts/3105556353049547
Trúc Võ - điểm tương tác 1074: https://www.facebook.com/truc.vo.14/posts/10209329463349062

10 khách hàng trúng thưởng hãy nhanh inbox gửi lại số điện thoại và địa chỉ nhận quà để ban tổ chức gửi phần thưởng là 1 voucher mua hàng tại TH true mart trị giá 500.000đ. Hạn nhận thông tin đến hết 30/11/2021, sau thời hạn trên nếu ban tổ chức không nhận được thông tin thì giải thưởng sẽ được hủy bỏ.",68,35,1,2021-11-17 21:15:41,unknown
https://www.facebook.com/thmilk/videos/1087027615376981/,"Từ nay đến ngày 15/12/2021, nhận ngay 01 bộ boardgame Thỏ Bảy màu khi mua 02 lốc Sữa chua uống tiệt trùng TH true YOGURT 180ml tại các cửa hàng TH true mart, siêu thị và sàn thương mại điện tử.
Những lá bài Thỏ Bảy Màu đáng yêu cùng luật chơi vui nhộn hứa hẹn sẽ đem lại niềm vui và những trận cười sảng khoái cho nhóm bạn hay cả gia đình!
-------------------------------------------------
Đặt hàng ngay tại: https://www.thtruemart.vn/
Hoặc các ứng dụng giao hàng thực phẩm:
ShopeeFood: http://bit.ly/THtruemart-ShopeeFood
Grabmart: http://bit.ly/THtruemart-GrabMart
Baemin: http://bit.ly/THtruemart-Baemin
Loship: https://bit.ly/THtruemart-Loship",570,57,11,2021-11-17 03:59:41,Video
https://www.facebook.com/thmilk/videos/499653894715521/,"Từ nay đến ngày 15/12/2021, nhận ngay 01 bộ boardgame Thỏ Bảy màu khi mua 02 lốc Sữa chua uống tiệt trùng TH true YOGURT 180ml tại các cửa hàng TH true mart, siêu thị và sàn thương mại điện tử!
Những lá bài Thỏ Bảy Màu đáng yêu cùng luật chơi vui nhộn hứa hẹn sẽ đem lại niềm vui và những trận cười sảng khoái cho nhóm bạn hay cả gia đình!
-------------------------------------------------
Đặt hàng ngay tại: https://www.thtruemart.vn/
Hoặc các ứng dụng giao hàng thực phẩm:
ShopeeFood: http://bit.ly/THtruemart-ShopeeFood
Grabmart: http://bit.ly/THtruemart-GrabMart
Baemin: http://bit.ly/THtruemart-Baemin
Loship: https://bit.ly/THtruemart-Loship",580,27,11,2021-11-16 08:06:46,Video
https://www.facebook.com/thmilk/videos/269799075101764/,"Từ nay đến ngày 15/12/2021, nhận ngay 01 bộ boardgame Thỏ Bảy màu khi mua 02 lốc Sữa chua uống tiệt trùng TH true YOGURT 180ml tại các cửa hàng TH true mart, siêu thị và sàn thương mại điện tử!
Những lá bài Thỏ Bảy Màu đáng yêu cùng luật chơi vui nhộn hứa hẹn sẽ đem lại niềm vui và những trận cười sảng khoái cho nhóm bạn hay cả gia đình!
-------------------------------------------------
Đặt hàng ngay tại: https://www.thtruemart.vn/
Hoặc các ứng dụng giao hàng thực phẩm:
ShopeeFood: http://bit.ly/THtruemart-ShopeeFood
Grabmart: http://bit.ly/THtruemart-GrabMart
Baemin: http://bit.ly/THtruemart-Baemin
Loship: https://bit.ly/THtruemart-Loship",571,28,16,2021-11-15 11:29:41,Video
https://www.facebook.com/thmilk/posts/pfbid02Gq2cgaDSfDfvxwWsqG9CX7sJJ6P9riCX6T33HEaMUZSCDUgP9SF89LMT2vuaG7y6l,"Từ nay đến ngày 15/12/2021, nhận ngay 01 bộ boardgame Thỏ Bảy màu khi mua 02 lốc Sữa chua uống tiệt trùng TH true YOGURT 180ml tại các cửa hàng TH true mart, siêu thị và sàn thương mại điện tử!

Những lá bài Thỏ Bảy Màu đáng yêu cùng luật chơi vui nhộn hứa hẹn sẽ đem lại niềm vui và những trận cười sảng khoái cho nhóm bạn hay cả gia đình!
-------------------------------------------------
Đặt hàng ngay tại: https://www.thtruemart.vn/
Hoặc các ứng dụng giao hàng thực phẩm:
ShopeeFood: http://bit.ly/THtruemart-ShopeeFood
Grabmart: http://bit.ly/THtruemart-GrabMart
Baemin: http://bit.ly/THtruemart-Baemin
Loship: https://bit.ly/THtruemart-Loship",882,45,7,2021-11-13 17:57:44,Photo
https://www.facebook.com/thmilk/posts/pfbid0jvfyXd9N6cnfDkKXEyaEb5RXtUTLJ8GFxaJERBSyXycUXAX4Mz4CcJcNmRXBke23l,"Từ nay đến ngày 15/12/2021, hãy cùng TH nhận ngay 01 bộ trò chơi true COLORS khi mua 02 lốc Sữa chua uống tiệt trùng TH true YOGURT 180ml tại các cửa hàng TH true mart, siêu thị và sàn thương mại điện tử có tham gia chương trình. 

Với những lá bài Thỏ Bảy Màu đáng yêu, cùng luật chơi vui nhộn, bộ trò chơi true COLORS hứa hẹn đem lại niềm vui và những trận cười sảng khoái sau mỗi ván chơi!

Thông tin chi tiết xem tại: http://www.thmilk.vn/show-your-true-colors-nhan-qua-hay-ca-tinh/

-------------------------------------------------
Đặt hàng ngay tại: https://www.thtruemart.vn/
Hoặc các ứng dụng giao hàng thực phẩm:
ShopeeFood: http://bit.ly/THtruemart-ShopeeFood
Grabmart: http://bit.ly/THtruemart-GrabMart
Baemin: http://bit.ly/THtruemart-Baemin
Loship: https://bit.ly/THtruemart-Loship",92,13,8,2021-11-12 00:25:47,Photo
https://www.facebook.com/thmilk/posts/pfbid0xLauYNic57WWVqkQh74teSTNRqHwC7WPhAdWvmLWaszDnEGWjb3WU1gXw9fr3iTvl,"Tham gia “Vòng Quay May Mắn” tại TH true mart - nhận ngay hàng ngàn quà tặng hấp dẫn, tổng giá trị giải thưởng lên đến 500 triệu đồng.

Từ ngày 05/11/2021 đến ngày 05/12/2021, khi mua hàng có hóa đơn từ 100.000 VND trở lên tại cửa hàng TH true mart (danh sách cửa hàng áp dụng ở dưới), trong đó có tối thiểu 01 lốc Sữa Chua Ăn (100g hoặc 60g) hoặc 1 lốc Sữa Chua Uống (Sữa Chua Uống Men Sống 100ml, Sữa Chua Uống Phomat TOPKID 90ml, Sữa Chua Uống Thanh Trùng 180ml), nhận ngay 1 lượt quay may mắn tại Zalo OA TH true MILK với nhiều quà tặng giá trị.

Ghé TH true mart những ngày này để tham gia quay và trúng thưởng ngay bạn nhé! 

 Link tham dự chương trình: https://thtrueyogurt.brand.zing.vn/

#THtrueYOGURT #Vongquaymayman #Vingonthatsuthiennhien
---------------------------------------------------------------
• Phạm vi áp dụng: hệ thống cửa hàng TH true mart tại 7 tỉnh/ thành phố: Hà Nội, Hồ Chí Minh, Đà Năng, Nghệ An, Nha Trang, Cần Thơ, Hải Phòng.
• Thời gian áp dụng: từ 05/11/2021 đến 05/12/2021 hoặc tới khi có thông báo chương trình kết thúc.
• Thời gian đổi thưởng: từ 05/11/2021 đến 19/12/2021.",141,28,6,2021-11-10 06:53:50,Photo
https://www.facebook.com/thmilk/posts/pfbid02JtHYhtPLSVNeRz6Kgq2Hwyux8wZhxvaKzGmAo2ZPtH9NvC2DUd1bpcm5izvMprsil,"TH true BUTTER 5KG – TRỢ THỦ ĐẮC LỰC CHO NGÀNH BÁNH!
Hoàn toàn bằng chất béo của sữa tươi sạch nguyên chất từ Trang trại TH cùng với quá trình lên men tự nhiên tạo nên hương vị thơm ngon, TH true BUTTER 5kg thực sự là bí kíp không thể thiếu cho các khách hàng có nhu cầu số lượng lớn phục vụ kinh doanh FnB, Bakery hoặc kinh doanh online cá nhân.
Sản phẩm còn có các ưu điểm:
 Thơm ngon, béo ngậy vừa phải, 
 Hậu vị ngọt và tan, không bị gắt ngấy
 Màu tự nhiên dễ sử dụng
 Ứng dụng đa dạng từ làm bánh, kem bơ, sốt nhân bánh...
TH true BUTTER 5kg – bơ lạt tự nhiên, món ngon mỗi ngày sẽ thật dễ dàng!",542,98,24,2021-11-08 13:21:53,Photo
https://www.facebook.com/thmilk/posts/pfbid0U6sT1AiJEspgTusDCeuJSS91gBuwQ7rTUkfoyVfdWRKSWVV6QcotpgkcfcmXCfHgl,"MILKSHAKE KEM VANILLA VÀ CHUỐI 
Chưa đầy 5 phút có ngay 1 cốc milkshake (sữa lắc) thơm mát ngon lành với những nguyên liệu dễ kiếm. Ở nhà cùng thử pha chế nhé:
Nguyên liệu:
- Cốc sữa tươi thanh trùng TH true MILK
- 2 scoop Kem Vani TH true ICE CREAM
- 1 quả chuối
(Liều lượng mỗi nguyên liệu bạn có thể tùy biến theo sở thích)
Cách làm: Cho sữa, kem vani và chuối vào máy xay sinh tố. Ðánh đều tất cả mọi thơm ngon, nếu không có thể dùng ngay cũng rất ngậy thơm!

 Đừng quên đang có chương trình khuyến mãi hấp dẫn - Mua 3 kem hộp 180gr tặng 1 túi giữ nhiệt hiện đại, xem ngay danh sách các siêu thị áp dụng: bit.ly/Danhsachsieuthi",62,4,8,2021-11-06 19:49:56,Photo
https://www.facebook.com/thmilk/posts/pfbid02GEJLx8D7SKE6jXEpBzejuXn6GbMhmT8gffk5XE5NFSY2UZFJ4L6zo27cALEFr9KMl,"MANG KEM VỀ NHÀ, CÙNG CHƠI THẬT VUI
Tặng ngay 1 túi giữ nhiệt cao cấp khi mua kem theo cơ cấu chương trình để các giờ thư giãn, vui chơi ở nhà vừa thưởng thức thật ngon, vừa chơi thêm rôm rả. 

Chương trình:
☀️ Kem hộp 180g: Mua 3 sản phẩm cùng loại hương vị bất kỳ tặng 1 túi
☀️ Kem que 52g, kem topkid: Mua 5 sản phẩm cùng loại hương vị bất kỳ tặng 1 túi
☀️ Kem hộp 50g, kem ốc quế, kem sandwich: Mua 8 sản phẩm cùng loại hương vị bất kỳ tặng 1 túi

Khám phá ngay danh sách các siêu thị đang áp dụng nhé (danh sách liên tục được cập nhật): bit.ly/Danhsachsieuthi",77,61,3,2021-11-05 02:17:59,Photo
https://www.facebook.com/thmilk/posts/pfbid02A5jE6QzxK4WRtzYaH7MAgwdgXjuMKQx3zmLGfjvE8WZWsxHRm3VQiCnH87Dikq2gl,"Với kiểu dáng hiện đại, sắc màu trẻ trung, được may kỹ càng, lại to rộng tiện lợi sử dụng và khả năng giữ nhiệt lên tới 6 tiếng, ai cũng thích mê túi giữ nhiệt quà tặng của TH true ICE CREAM. 

Đã có hơn 400 siêu thị trên toàn quốc xuất hiện túi giữ nhiệt TH true ICE CREAM, bạn đã ghé chưa? Đến ngay các siêu thị trong danh sách sau để rinh kem ngon và quà tặng siêu hot này về nhà nhé!
Danh sách các siêu thị áp dụng (liên tục được cập nhật): bit.ly/Danhsachsieuthi

------------------------------------------------
Cơ cấu chương trình:
☀️ Với kem hộp 180g: Mua 3 sản phẩm cùng loại hương vị bất kỳ tặng 1 túi 
☀️ Với kem que 52g, kem TOPKID: Mua 5 sản phẩm cùng loại hương vị bất kỳ tặng 1 túi
☀️ Với kem hộp 50g, kem ốc quế, sandwich: Mua 8 sản phẩm cùng loại hương vị bất kỳ tặng 1 túi
#THtrueICECREAM, #Kemngontusuatuoisach, #Tuigiunhiettiendung",97,85,2,2021-11-03 08:46:02,Photo
https://www.facebook.com/thmilk/posts/pfbid0XzPYVgEuKi3KgpLwhifmFFenNC3XQP48kYgm3Hpk4dKBadxNFoze3fj1boqcKmVgl,"CÓ KEM NGON, ĐẨY MOOD LIỀN!
Tặng ngay 1 chiếc túi giữ nhiệt trẻ trung đựng kem ngon mang về nhà thưởng thức để “up” mood ngay tức thì, đẩy deadline và bao bộn bề đi xa, đón tháng mới thêm tươi hồng!
Ghé ngay các siêu thị trong danh sách để rinh TH true ICE CREAM và “bạn đồng hành” túi giữ nhiệt siêu cool mang về bạn nhé!
Danh sách siêu thị áp dụng (liên tục được cập nhật): bit.ly/Danhsachsieuthi

------------------------------------------------
Cơ cấu chương trình:
☀️ Với kem hộp 180g: Mua 3 sản phẩm cùng loại hương vị bất kỳ tặng 1 túi 
☀️ Với kem que 52g, kem TOPKID: Mua 5 sản phẩm cùng loại hương vị bất kỳ tặng 1 túi
☀️ Với kem hộp 50g, kem ốc quế, sandwich: Mua 8 sản phẩm cùng loại hương vị bất kỳ tặng 1 túi
#THtrueICECREAM, #Kemngontusuatuoisach, #Tuigiunhiettiendung",66,38,1,2021-11-01 15:14:05,Photo
https://www.facebook.com/thmilk/posts/pfbid0Jx7L1SLiCtggdE9xX1KhUzDxSw4B65z488oy7aVJNt3Pw8pmZJj4acqDvVR8LuKYl,"QUÀ TẶNG TÚI GIỮ NHIỆT CỦA TH true ICE CREAM CÓ GÌ HOT THẾ?
Món quà dịp cuối năm của kem ngon từ sữa tươi sạch TH true ICE CREAM dành tặng khách hàng đang được “săn lùng” khắp các siêu thị trên toàn quốc.
Cùng khám phá các điểm siêu hot từ chiếc túi này nhé:
☀️ Tiện lợi sử dụng đa mục đích, đặc biệt khả năng giữ nhiệt lên tới 4-6 giờ
☀️ Kiểu dáng trẻ trung hiện đại với 2 gam màu hồng và xanh
☀️ Khóa 2 chiều chắc chắn
☀️ Vải cao cấp, đường may kỹ càng
Đến các siêu thị trong danh sách dưới đây để rinh kem ngon và túi giữ nhiệt siêu cool này về nhé!
Danh sách siêu thị áp dụng chương trình: bit.ly/Danhsachsieuthi
------------------------------------------------
Cơ cấu khuyến mãi:
 Với kem hộp 180g: Mua 3 sản phẩm cùng loại hương vị bất kỳ tặng 1 túi 
 Với kem que 52g, kem TOPKID: Mua 5 sản phẩm cùng loại hương vị bất kỳ tặng 1 túi
 Với kem hộp 50g, kem ốc quế, sandwich: Mua 8 sản phẩm cùng loại hương vị bất kỳ tặng 1 túi",111,51,6,2021-10-30 21:42:08,Photo
https://www.facebook.com/thmilk/posts/pfbid0XfH4WDALrqc3QAFjdejsPv4MVKXofaVX77jctjHapUhfvwoPAPq9AP1qVipfXTsRl,"Hãy ghé ngay hệ thống siêu thị tại đây để hưởng ưu đãi TẶNG TÚI GIỮ NHIỆT hấp dẫn từ TH true ICE CREAM!
Danh sách các siêu thị áp dụng: https://bit.ly/Danhsachsieuthi
Từ nay đến 31/12/2021, khi mua 5 kem que TOPKID cùng loại (đa dạng các hương vị), bạn được tặng ngay 1 TÚI GIỮ NHIỆT tiện dụng, kiểu dáng trẻ trung, màu sắc hiện đại, giữ trọn vị ngon khi mang kem về nhà cho cả gia đình!",93,51,9,2021-10-29 04:10:11,Photo
https://www.facebook.com/thmilk/videos/340976397786475/,"Hãy ghé ngay hệ thống siêu thị tại đây để hưởng ưu đãi TẶNG TÚI GIỮ NHIỆT hấp dẫn từ TH true ICE CREAM!
Danh sách các siêu thị áp dụng: https://bit.ly/Danhsachsieuthi

Từ nay đến 31/12/2021, khi mua 5 kem que TH true ICE CREAM cùng loại, bạn được tặng ngay 1 TÚI GIỮ NHIỆT tiện dụng, kiểu dáng trẻ trung, màu sắc hiện đại, giữ trọn vị ngon khi mang kem về nhà cho cả gia đình!",610,161,17,2021-10-27 10:38:14,Video
https://www.facebook.com/thmilk/videos/273631484673281/,"Hãy ghé ngay hệ thống siêu thị tại đây để hưởng ưu đãi TẶNG TÚI GIỮ NHIỆT hấp dẫn từ TH true ICE CREAM!
Danh sách các siêu thị áp dụng: https://bit.ly/Danhsachsieuthi

Từ nay đến 31/12/2021, khi mua 3 kem hộp TH true ICE CREAM 180g cùng loại, bạn được tặng ngay 1 túi giữ nhiệt tiện dụng, kiểu dáng trẻ trung, màu sắc hiện đại, giữ trọn vị ngon khi mang kem về nhà cho cả gia đình!

(*) Hình ảnh chỉ mang tính chất minh họa",142,17,4,2021-10-27 10:35:51,Video
https://www.facebook.com/thmilk/videos/1058486951635546/,"Hãy ghé ngay hệ thống siêu thị tại đây để hưởng ưu đãi TẶNG TÚI GIỮ NHIỆT hấp dẫn từ TH true ICE CREAM!
Danh sách các siêu thị áp dụng: https://bit.ly/Danhsachsieuthi

Từ nay đến 31/12/2021, khi mua 3 kem hộp TH true ICE CREAM 180g cùng loại, bạn được tặng ngay 1 túi giữ nhiệt tiện dụng, kiểu dáng trẻ trung, màu sắc hiện đại, giữ trọn vị ngon khi mang kem về nhà cho cả gia đình!

(*) Hình ảnh sản phẩm mang tính chất minh họa",496,116,5,2021-10-27 04:25:14,Video
https://www.facebook.com/thmilk/videos/1563641290694667/,"Hãy ghé ngay hệ thống siêu thị tại đây để hưởng ưu đãi TẶNG TÚI GIỮ NHIỆT hấp dẫn từ TH true ICE CREAM!
Danh sách các siêu thị áp dụng: https://bit.ly/Danhsachsieuthi

Từ nay đến 31/12/2021, khi mua 5 kem que TH true ICE CREAM cùng loại, bạn được tặng ngay 1 TÚI GIỮ NHIỆT tiện dụng, kiểu dáng trẻ trung, màu sắc hiện đại, giữ trọn vị ngon khi mang kem về nhà cho cả gia đình!",203,39,7,2021-10-27 04:15:47,Video
https://www.facebook.com/thmilk/posts/pfbid0276QsanEczH3SrJ8Fo51NEM1YZ1sKa6kKH7RW8uEW5m3dC9Am7Ku9UgXCvyz9YwF8l,"Hãy ghé ngay hệ thống siêu thị tại đây để hưởng ưu đãi TẶNG TÚI GIỮ NHIỆT hấp dẫn từ TH true ICE CREAM!
Danh sách các siêu thị áp dụng: https://bit.ly/Danhsachsieuthi

Từ nay đến 31/12/2021, khi mua 3 kem hộp TH true ICE CREAM 180g cùng loại, bạn được tặng ngay 1 túi giữ nhiệt tiện dụng, kiểu dáng trẻ trung, màu sắc hiện đại, giữ trọn vị ngon khi mang kem về nhà cho cả gia đình!

(*) Hình ảnh sản phẩm mang tính chất minh họa",1656,311,14,2021-10-22 14:44:32,Photo
https://www.facebook.com/thmilk/posts/pfbid026KxtDXhSytzwEH9XwSdpyCEze3FVcAgAMKTTFH8UvDeZ9cXjpLzUwZ49hRKMjaM2l,"Hãy ghé ngay hệ thống siêu thị tại đây để hưởng ưu đãi TẶNG TÚI GIỮ NHIỆT hấp dẫn từ TH true ICE CREAM!
Danh sách các siêu thị áp dụng: https://bit.ly/Danhsachsieuthi

Từ nay đến 31/12/2021, khi mua 5 kem que TH true ICE CREAM cùng loại, bạn được tặng ngay 1 TÚI GIỮ NHIỆT tiện dụng, kiểu dáng trẻ trung, màu sắc hiện đại, giữ trọn vị ngon khi mang kem về nhà cho cả gia đình!",1550,519,40,2021-10-18 01:13:17,Photo
https://www.facebook.com/thmilk/posts/pfbid0Km51BMEhZfKHwojz8ZVM3gm8mVQPGdjfarNFWhnVf4iQ5hiYDfujvLtALy9vNtUAl,"Chúc mừng ngày Phụ nữ Việt Nam 20/10. Chúc phái đẹp luôn khỏe mạnh, rạng ngời và hạnh phúc! <3",63,19,1,2021-10-13 11:42:02,Photo
https://www.facebook.com/thmilk/posts/pfbid0deTTsj6yzAgQUxVR4JDsMycT3X3Q363zkYEZ4bik8PC8pNQqBzou5Zp7Q8JDHi8ul,"Cuộc thi nấu ăn cùng Bơ và Phomat TH vẫn đang diễn ra, đừng quên tham gia để có cơ hội nhận các phần quà hấp dẫn các bạn nhé.
 Cách dự thi rất đơn giản:
1️⃣ Khách hàng nấu món ăn có sử dụng Bơ và Phomat TH trong chế biến
2️⃣ Chụp hình lại món ăn đặt bên cạnh sản phẩm Bơ/Phomat của TH thật rõ nét
3️⃣ Đăng ảnh chế độ public lên trang cá nhân kèm nội dung giới thiệu về món ăn.  Lưu ý đặt hashtag #NauAnVoiBoPhomatTH (các bài thi không có hashtag sẽ không được tính)
4️⃣ Gửi link bài đăng tại phần bình luận tại bài viết: https://www.facebook.com/thmilk/posts/6382725468435036
5️⃣ Kêu gọi bạn bè like/comment/share cho bài đăng của mình trên trang cá nhân
️ Giải thưởng:
- 100 bài thi đầu tiên sẽ được tặng e-coupon đổi 1 Bơ lạt tự nhiên TH true BUTTER 200g và 1 Phomat tự nhiên TH true CHEESE (tính theo thời gian gửi link bài thi tại phần bình luận của bài viết này)  
- 5 bài thi nhiều lượt tương tác nhất tặng voucher mua hàng tại TH true mart trị giá 500.000đ (tính tổng các lượt like, comment, share của bài đăng trên trang cá nhân)
- 5 bài thi xuất sắc nhất tặng voucher mua hàng tại TH true mart trị giá 500.000đ - (dựa trên các tiêu chí: ảnh đẹp, trình bày đẹp mắt, công thức mới lạ, chất lượng nội dung chia sẻ)
⏳ Cuộc thi kết thúc vào ngày 31/10/2021, các bài thi gửi sau thời gian này sẽ không được chấp nhận",82,51,9,2021-10-08 22:10:47,Photo
https://www.facebook.com/thmilk/videos/578443779947855/,"Ưu đãi nhận ngay 01 sản phẩm cùng loại khi mua 04 sản phẩm Sữa tươi tiệt trùng Hữu cơ TH true MILK Organic 500ml tại hệ thống cửa hàng TH true mart trên toàn quốc. Chương trình khuyến mại kéo dài từ nay đến ngày 30/11/2021.
----------------------------------------------
Danh sách cửa hàng TH true mart: www.thmilk.vn/cuahang
Đặt hàng online tại các gian hàng TH true mart trên các ứng dụng:
► ShopeeFood: http://bit.ly/THtruemart-ShopeeFood
► Grabmart: http://bit.ly/THtruemart-GrabMart (áp dụng từ 4/10)
► Baemin: http://bit.ly/THtruemart-Baemin",235,149,26,2021-10-04 08:39:33,Video
https://www.facebook.com/thmilk/posts/pfbid02jbLjsJ1zWDWKVrAxmHYbjR5AL8JxLc1VC2xX8KWMwQPFgMSjmgxyMBQ5usCT1ETcl,"Đặc quyền ưu đãi khi mua hàng tại TH true mart với thẻ đồng thương hiệu BAC A BANK x TH truemart
 Bạn chẳng cần tìm mua đâu xa, chỉ cần ghé chuỗi cửa hàng TH truemart với thẻ đồng thương hiệu BAC A BANK x TH truemart trên tay để tận hưởng ngay ưu đãi:
 Giảm ngay 20.000VNĐ với hoá đơn từ 100.000 VNĐ 
 Giảm ngay 10% (tối đa không quá 50.000 VNĐ) với đơn hàng giá trị từ 200.000 VNĐ trở lên.

✔️ Ngoài ra, thẻ đồng thương hiệu BAC A BANK x TH truemart còn áp dụng ưu đãu PHÍ 0 ĐỒNG áp dụng khi mở tài khoản hay mở thẻ và bạn còn được miễn phí thường niên và miễn phí đăng ký, sử dụng BAC A BANK Internet Banking & Mobile Banking.
 
Liên hệ Ngân hàng Bắc Á để ở Thẻ BAC A BANK x TH truemart ngay các bạn nhé.
Ngân hàng TMCP Bắc Á
Website: https://www.baca-bank.vn/
Hotline: 1800 588 828

#BACABANK #ThedongthuonghieuBACABANK_THtruemart #THtruemart",105,28,21,2021-10-04 07:26:02,Photo
https://www.facebook.com/thmilk/posts/pfbid02kRB7Y4bH8bqXuV4dC14Fb9Qza6N2cCk1QS4DPGi11LgwRPprvV7gXhJGREV2FCb5l,"Ưu đãi nhận ngay 01 sản phẩm cùng loại khi mua 04 sản phẩm Sữa tươi tiệt trùng Nguyên chất TH true MILK A2 500ml tại hệ thống cửa hàng TH true mart trên toàn quốc. Chương trình khuyến mại kéo dài từ nay đến ngày 30/11/2021.
----------------------------------------------
Danh sách cửa hàng TH true mart: www.thmilk.vn/cuahang
Đặt hàng online tại các gian hàng TH true mart trên các ứng dụng:
► ShopeeFood: http://bit.ly/THtruemart-ShopeeFood
► Grabmart: http://bit.ly/THtruemart-GrabMart (áp dụng từ 4/10)
► Baemin: http://bit.ly/THtruemart-Baemin",1169,209,18,2021-10-04 06:12:31,Photo
https://www.facebook.com/thmilk/posts/pfbid0dUjhNTHwXJGQX65z95yj2AV6GHbiJADPYHGXJDbT29gRhq3yxV5EH8QXVa9L1221l,"Ưu đãi nhận ngay 01 sản phẩm cùng loại khi mua 04 sản phẩm Sữa tươi tiệt trùng Hữu cơ TH true MILK Organic 500ml tại hệ thống cửa hàng TH true mart trên toàn quốc. Chương trình khuyến mại kéo dài từ nay đến ngày 30/11/2021.
----------------------------------------------
Danh sách cửa hàng TH true mart: www.thmilk.vn/cuahang
Đặt hàng online tại các gian hàng TH true mart trên các ứng dụng:
► ShopeeFood: http://bit.ly/THtruemart-ShopeeFood
► Grabmart: http://bit.ly/THtruemart-GrabMart (áp dụng từ 4/10)
► Baemin: http://bit.ly/THtruemart-Baemin",4807,525,36,2021-10-04 04:59:00,Photo
https://www.facebook.com/thmilk/videos/3062701217338784/,"Ưu đãi nhận ngay 01 sản phẩm cùng loại khi mua 04 sản phẩm Sữa tươi tiệt trùng Nguyên chất TH true MILK A2 500ml tại hệ thống cửa hàng TH true mart trên toàn quốc. Chương trình khuyến mại kéo dài từ nay đến ngày 30/11/2021.
----------------------------------------------
Danh sách cửa hàng TH true mart: www.thmilk.vn/cuahang
Đặt hàng online tại các gian hàng TH true mart trên các ứng dụng:
► ShopeeFood: http://bit.ly/THtruemart-ShopeeFood
► Grabmart: http://bit.ly/THtruemart-GrabMart (áp dụng từ 4/10)
► Baemin: http://bit.ly/THtruemart-Baemin",8502,594,55,2021-10-04 03:45:29,Video
https://www.facebook.com/thmilk/posts/pfbid02zAX1PjuqA9xwMgPXPriv7GRwNPYXS3x5jtcifZvz3iZagdYmcCczaHTEyKg7Tt5Yl,"Tập đoàn TH vừa được trao tặng Giải thưởng chất lượng quốc tế Châu Á - Thái Bình Dương (Global Performance Excellence Award - GPEA) 2021 ở hạng mục cao nhất mang tên WORLD CLASS AWARD cho loại hình sản xuất lớn. Lễ trao giải thưởng GPEA 2021 (lần thứ 26) do APQO phối hợp với Tổ chức chất lượng Australia tổ chức trực tuyến vào ngày 1-10. Để được vinh danh tại hạng mục giải cao nhất trong hệ thống giải thưởng GPEA, TH đã phải chứng minh chất lượng và sự xuất sắc ở mức ""World Class"" (đẳng cấp thế giới) trong toàn bộ các quy trình, hoạt động sản xuất kinh doanh, với sự thẩm định khắt khe của các chuyên gia kinh tế, kỹ thuật hàng đầu châu Á và thế giới.",66,9,11,2021-10-03 00:56:40,GenericAttachmentMedia
https://www.facebook.com/thmilk/posts/pfbid0pFJw4kG8hxzUmauQohoQicgXUGhRLCDScLLNBgzfknhDzV9RjLeo5VqUF6NYCHmal,"Mẹ luôn chăm lo những món ăn bổ dưỡng thơm ngon cho cả nhà, vậy làm sao thiếu được kem TH true ICE CREAM mát lành mỗi lần đi mua sẵm! 

Với 05 hương vị tuyệt ngon, kem hộp TH true ICE CREAM là bí quyết để mỗi khoảnh khắc gia đình càng thêm gắn kết. Mẹ hãy ghé cửa hàng TH true mart gần nhất để mua hàng ngay nhé!

#THtrueICECREAM #Kemngontusuatuoisach
----------------------------------------------
Danh sách cửa hàng TH true mart: www.thmilk.vn/cuahang
Đặt hàng online: https://thtruemart.vn/ hoặc gian hàng TH true mart trên các ứng dụng:
► ShopeeFood: http://bit.ly/THtruemart-ShopeeFood
► Grabmart: http://bit.ly/THtruemart-GrabMart
► Baemin: http://bit.ly/THtruemart-Baemin",73,10,3,2021-10-01 22:07:52,Photo
https://www.facebook.com/thmilk/posts/pfbid0eFx3rMkdsDWNmDph7yqbMADXEndRFXKaT1J7W9e9712tCrtEHALt926ytPAYdPmXl,"Ưu đãi nhận ngay 01 sản phẩm cùng loại khi mua 04 sản phẩm Sữa tươi tiệt trùng Hữu cơ TH true MILK Organic 500ml tại hệ thống cửa hàng TH true mart trên toàn quốc. Chương trình khuyến mại kéo dài từ nay đến ngày 30/11/2021.

----------------------------------------------
Danh sách cửa hàng TH true mart: www.thmilk.vn/cuahang
Đặt hàng online tại các gian hàng TH true mart trên các ứng dụng:
► ShopeeFood: http://bit.ly/THtruemart-ShopeeFood
► Grabmart: http://bit.ly/THtruemart-GrabMart (áp dụng từ 4/10)
► Baemin: http://bit.ly/THtruemart-Baemin",109,50,14,2021-09-30 19:19:04,Photo
https://www.facebook.com/thmilk/posts/pfbid027AZa8Uv4GXWSxihgx4Ay6au4GaF62DfYohswWnUsALsr5GxZLjf4jueRgBBaYqM4l,"Ưu đãi nhận ngay 01 sản phẩm cùng loại khi mua 04 sản phẩm Sữa tươi tiệt trùng Nguyên chất TH true MILK A2 500ml tại hệ thống cửa hàng TH true mart trên toàn quốc. Chương trình khuyến mại kéo dài từ nay đến ngày 30/11/2021.

----------------------------------------------
Danh sách cửa hàng TH true mart: www.thmilk.vn/cuahang
Đặt hàng online tại các gian hàng TH true mart trên các ứng dụng:
► ShopeeFood: http://bit.ly/THtruemart-ShopeeFood
► Grabmart: http://bit.ly/THtruemart-GrabMart (áp dụng từ 4/10)
► Baemin: http://bit.ly/THtruemart-Baemin",71,7,12,2021-09-29 16:30:15,Photo
https://www.facebook.com/thmilk/posts/pfbid02e7RwxZd9ry8S2rPupdPtCPd9hjDrTeSA77wPSAC5rXod1H325YF8RmnJs8rUrx6Rl,"NGHỈ GIẢI LAO, ĂN KEM TOPKID

Học online không còn mệt mỏi và nhàm chán với kem que TOPKID mới! 
Với 2 hương vị hoàn toàn mới – vị dâu hương chuối tự nhiên và vị socola hương phomat tự nhiên, bé hãy nghỉ tay ăn kem lấy sức. Sảng khoái - học không còn khoai!

Hãy đến ngay các cửa hàng TH true mart, siêu thị và đại lý trên toàn quốc để thưởng thức vị kem tươi ngon hoàn toàn mới này nhé!
----------------------------------------------
Danh sách cửa hàng TH true mart: www.thmilk.vn/cuahang
Đặt hàng online: https://thtruemart.vn/ hoặc gian hàng TH true mart trên các ứng dụng:
► ShopeeFood: http://bit.ly/THtruemart-ShopeeFood
► Grabmart: http://bit.ly/THtruemart-GrabMart
► Baemin: http://bit.ly/THtruemart-Baemin",80,34,13,2021-09-28 13:41:27,Photo
https://www.facebook.com/thmilk/videos/206572728090415/,"TH true WATER: Vì Sống Là Luôn Vận Động - Tham gia challenge siêu hot - Rinh quà tới 20 triệu đồng!

Cùng xem Thủng Long Family, Việt Anh Pipo và Chan Healthy đang vận động như thế nào để giữ cơ thể luôn tràn đấy sức sống các bạn nhé. Đừng quên tham dự thử thách ""Vì Sống Là Luôn Vận Động"", một thử thách siêu hot được tổ chức bởi TH true WATER, nước tinh khiết từ nguồn nước ngầm núi lửa triệu năm và Kênh14 để rinh những phần quà hấp dẫn lên tới 20 triệu đồng.

Tham gia ngay thử thách tại fanpage Kenh14.vn với 4 bước vô cùng đơn giản: 

 Bước 1: Người chơi quay video các thử thách vận động của bản thân cùng chai/thùng nước TH true WATER dựa trên các video tham khảo (được pin dưới phần bình luận của post phát động)
 Bước 2: Chia sẻ video lên trang Facebook cá nhân ở chế độ công khai kèm caption mô tả và hashtag #TH #THtrueWATER #Visonglaluonvandong
 Bước 3: Sao chép đường dẫn (Copy link) bài post đó và Dán (Paste) lại tại phần comment của bài post phát động cuộc thi cùng tag thêm 3 người bạn mà bạn muốn cùng thách thức challenge tại link: https://bit.ly/Visonglaluonvandong-Phatdong
(Lưu ý: Điền thêm tại Google Form https://bit.ly/Gui-bai-Visonglaluonvandong để mình không lạc nhau nha)
 Bước 4: Kêu gọi bạn bè bình chọn (react & share) cho bài dự thi trên trang cá nhân để nhận về những giải thưởng giá trị siêu hấp dẫn từ chương trình bạn nhé.

Rất nhiều giải thưởng hấp dẫn đang chờ đón bạn: 
 05 giải #trueHEALTH, mỗi giải gồm 01 voucher 1.000.000 VNĐ tại TH true mart
 10 giải #trueFIT, mỗi giải gồm 01 voucher 500.000 VNĐ tại TH true mart
 50 giải #trueJOY, mỗi giải gồm 01 voucher 200.000 VNĐ tại TH true mart

Còn chần chừ gì nữa, nhanh tay truy cập https://bit.ly/THtrueWATER_Visonglaluonvandong_05 để tham gia thôi nào!",68,15,23,2021-09-27 10:52:39,Video
https://www.facebook.com/thmilk/posts/pfbid0AEo2LTYQoD8PmB4Jc5zWb8gVDiMhit7Fz1iJfF15jrV2ctRJRpcHo5KVKD2JgzEDl,"ƯU ĐÃI MUA 2 KEM QUE, NHẬN NGAY 1 KEM TOPKID MỚI

Để trải nghiệm kem TOPKID với 2 hương vị hoàn toàn mới, khách hàng ghé TH truemart trên toàn quốc chỉ cần mua 2 kem que 52g là được nhận ngay 01 kem TOPKID socola nguyên chất phomat tự nhiên hoặc TOPKID dâu hương chuối tự nhiên.
 Thời gian áp dụng: Từ 29/7 – 23/10 hoặc khi hết quà khuyến mãi
 Phạm vi: Các cửa hàng TH truemart trên toàn quốc
 Áp dụng khi mua TH true ICE CREAM 52g tất cả hương vị

Kem ngon từ sữa tươi sạch với nguyên liệu tự nhiên cùng hình dáng “chú bò” ngộ nghĩnh với 2 vị trong 1 que kem, ai cũng mê!
----------------------------------------------
Danh sách cửa hàng TH true mart: www.thmilk.vn/cuahang",262,48,31,2021-09-26 17:10:42,Photo
https://www.facebook.com/thmilk/posts/pfbid02GMj4yuXnZqd82jjg6ZEASY7ZCEckiHUyTaNKEFMDE99zjJUE6TdrXkdEtDd1m73gl,"CÓ KEM TOPKID MỚI - GAME NÀO CŨNG VUI
Ở nhà không la cà, có bao trò chơi vui. Nào cá ngựa, cờ vua, nào gameboard đấu trí...
Đừng quên rinh sẵn hai người bạn mới: kem TH true ICE CREAM TOPKID socola nguyên chất – phomat tự nhiên và TOPKID dâu - hương chuối tự nhiên để sẵn sàng bao vui, sảng khoái mọi lúc!
Hãy đến ngay các cửa hàng TH true mart và các đại lý trên toàn quốc để thưởng thức vị kem tươi ngon hoàn toàn mới này nhé!
----------------------------------------------
Danh sách cửa hàng TH true mart: www.thmilk.vn/cuahang
Đặt hàng online: https://thtruemart.vn/ hoặc gian hàng TH true mart trên các ứng dụng:
► ShopeeFood: http://bit.ly/THtruemart-ShopeeFood
► Grabmart: http://bit.ly/THtruemart-GrabMart
► Baemin: http://bit.ly/THtruemart-Baemin",69,13,3,2021-09-25 23:28:45,Photo
https://www.facebook.com/thmilk/videos/319130173319830/,"TH true ICE CREAM ra mắt thêm 2 hương vị Kem TOPKID mới: kem que dâu - chuối tự nhiên và kem socola nguyên chất - phomat tự nhiên, đặc biệt hơn với tạo hình chú bò ngộ nghĩnh! 

Kem TH true ICE CREAM TOPKID giờ đây càng thêm nhiều lựa chọn cho các bé thưởng thức kem ngon mát lạnh hoàn toàn từ sữa tươi sạch, bổ sung nhiều vitamin và khoáng chất bổ dưỡng!

Hãy đến ngay các cửa hàng TH true mart gần nhất để thưởng thức vị kem tươi ngon hoàn toàn mới này nhé!
----------------------------------------------
Danh sách cửa hàng TH true mart: www.thmilk.vn/cuahang
Đặt hàng online: https://thtruemart.vn/ hoặc gian hàng TH true mart trên các ứng dụng:
► ShopeeFood: http://bit.ly/THtruemart-ShopeeFood
► Grabmart: http://bit.ly/THtruemart-GrabMart
► Baemin: http://bit.ly/THtruemart-Baemin",2973,445,64,2021-09-25 05:46:49,Video
https://www.facebook.com/thmilk/videos/821147625224898/,"TH true ICE CREAM ra mắt thêm 2 hương vị Kem TOPKID mới: kem que dâu - chuối tự nhiên và kem socola nguyên chất - phomat tự nhiên, đặc biệt hơn với tạo hình chú bò ngộ nghĩnh! 

Kem TH true ICE CREAM TOPKID giờ đây càng thêm nhiều lựa chọn cho các bé thưởng thức kem ngon mát lạnh hoàn toàn từ sữa tươi sạch, bổ sung nhiều vitamin và khoáng chất bổ dưỡng!

Hãy đến ngay các cửa hàng TH true mart gần nhất để thưởng thức vị kem tươi ngon hoàn toàn mới này nhé!
----------------------------------------------
Danh sách cửa hàng TH true mart: www.thmilk.vn/cuahang
Đặt hàng online: https://thtruemart.vn/ hoặc gian hàng TH true mart trên các ứng dụng:
► ShopeeFood: http://bit.ly/THtruemart-ShopeeFood
► Grabmart: http://bit.ly/THtruemart-GrabMart
► Baemin: http://bit.ly/THtruemart-Baemin",304,53,12,2021-09-25 05:45:51,Video
https://www.facebook.com/thmilk/posts/pfbid0wjxyC8U3n2AAvbxE3djQqisoi4iPLrJV9qEuKhPjTtdpV9pwZU7S4s5ZbQWr5NVwl,"TH true ICE CREAM ra mắt thêm 2 hương vị Kem TOPKID mới: kem que dâu - chuối tự nhiên và kem socola nguyên chất - phomat tự nhiên, đặc biệt hơn với tạo hình chú bò ngộ nghĩnh! 

Kem TH true ICE CREAM TOPKID giờ đây càng thêm nhiều lựa chọn cho các bé thưởng thức kem ngon mát lạnh hoàn toàn từ sữa tươi sạch, bổ sung nhiều vitamin và khoáng chất bổ dưỡng!

Hãy đến ngay các cửa hàng TH true mart gần nhất để thưởng thức vị kem tươi ngon hoàn toàn mới này nhé!
----------------------------------------------
Danh sách cửa hàng TH true mart: www.thmilk.vn/cuahang
Đặt hàng online: https://thtruemart.vn/ hoặc gian hàng TH true mart trên các ứng dụng:
► ShopeeFood: http://bit.ly/THtruemart-ShopeeFood
► Grabmart: http://bit.ly/THtruemart-GrabMart
► Baemin: http://bit.ly/THtruemart-Baemin",108,8,5,2021-09-25 05:43:16,Photo
https://www.facebook.com/thmilk/posts/pfbid03UQKMWRH1FkjSVFk7BJ1hcCtNwfvD9dXpFHvQFFfQjKPPjS2TReNMzabbPDBbf6Al,"TH true ICE CREAM ra mắt thêm 2 hương vị Kem TOPKID mới: kem que dâu - chuối tự nhiên và kem socola nguyên chất - phomat tự nhiên, đặc biệt hơn với tạo hình chú bò ngộ nghĩnh! 

Kem TH true ICE CREAM TOPKID giờ đây càng thêm nhiều lựa chọn cho các bé thưởng thức kem ngon mát lạnh hoàn toàn từ sữa tươi sạch, bổ sung nhiều vitamin và khoáng chất bổ dưỡng!

Hãy đến ngay các cửa hàng TH true mart gần nhất để thưởng thức vị kem tươi ngon hoàn toàn mới này nhé!
----------------------------------------------
Danh sách cửa hàng TH true mart: www.thmilk.vn/cuahang
Đặt hàng online: https://thtruemart.vn/ hoặc gian hàng TH true mart trên các ứng dụng:
► ShopeeFood: http://bit.ly/THtruemart-ShopeeFood
► Grabmart: http://bit.ly/THtruemart-GrabMart
► Baemin: http://bit.ly/THtruemart-Baemin",670,88,15,2021-09-25 05:40:41,Photo
https://www.facebook.com/thmilk/videos/364796052007658/,"TH true ICE CREAM ra mắt thêm 2 hương vị Kem TOPKID mới: kem que dâu - chuối tự nhiên và kem socola nguyên chất - phomat tự nhiên, đặc biệt hơn với tạo hình chú bò ngộ nghĩnh! 

Kem TH true ICE CREAM TOPKID giờ đây càng thêm nhiều lựa chọn cho các bé thưởng thức kem ngon mát lạnh hoàn toàn từ sữa tươi sạch, bổ sung nhiều vitamin và khoáng chất bổ dưỡng!

Hãy đến ngay các cửa hàng TH true mart gần nhất để thưởng thức vị kem tươi ngon hoàn toàn mới này nhé!
----------------------------------------------
Danh sách cửa hàng TH true mart: www.thmilk.vn/cuahang
Đặt hàng online: https://thtruemart.vn/ hoặc gian hàng TH true mart trên các ứng dụng:
► ShopeeFood: http://bit.ly/THtruemart-ShopeeFood
► Grabmart: http://bit.ly/THtruemart-GrabMart
► Baemin: http://bit.ly/THtruemart-Baemin",271,21,15,2021-09-25 05:38:07,Video
https://www.facebook.com/thmilk/videos/565645854653932/,"TH true ICE CREAM ra mắt thêm 2 hương vị Kem TOPKID mới: kem que dâu - chuối tự nhiên và kem socola nguyên chất - phomat tự nhiên, đặc biệt hơn với tạo hình chú bò ngộ nghĩnh! 

Kem TH true ICE CREAM TOPKID giờ đây càng thêm nhiều lựa chọn cho các bé thưởng thức kem ngon mát lạnh hoàn toàn từ sữa tươi sạch, bổ sung nhiều vitamin và khoáng chất bổ dưỡng!

Hãy đến ngay các cửa hàng TH true mart gần nhất để thưởng thức vị kem tươi ngon hoàn toàn mới này nhé!
----------------------------------------------
Danh sách cửa hàng TH true mart: www.thmilk.vn/cuahang
Đặt hàng online: https://thtruemart.vn/ hoặc gian hàng TH true mart trên các ứng dụng:
► ShopeeFood: http://bit.ly/THtruemart-ShopeeFood
► Grabmart: http://bit.ly/THtruemart-GrabMart
► Baemin: http://bit.ly/THtruemart-Baemin",124,8,9,2021-09-25 05:36:25,Video
https://www.facebook.com/thmilk/videos/622355592257306/,"Với bất kỳ em nhỏ nào, đêm rằm Trung thu luôn là một sự kiện luôn được mong ngóng, háo hức đón chờ. Tuy nhiên, mùa trăng năm nay sẽ đặc biệt hơn rất nhiều với các em. Để động viên các em, tập đoàn TH cùng quỹ Vì tầm vóc Việt đã gói nghĩa tình trong những chiếc bánh trung thu, những món quà nhỏ. 
Chúc các em nhỏ có một mùa Trung thu ấm áp!",71,17,37,2021-09-21 08:10:55,Video
https://www.facebook.com/thmilk/posts/pfbid035QtPGaMiXHxv2YDwirxikmM1DvueAJpqt7sMdzAtWAF62sidCiJFwz8M3oxEKoTul,"THAM GIA NGAY CUỘC THI NẤU ĂN VỚI BƠ & PHOMAT TH ĐỂ NHẬN QUÀ TẶNG HẤP DẪN
️ Giải thưởng:
- 100 bài thi đầu tiên sẽ được tặng e-coupon đổi 1 Bơ lạt tự nhiên TH true BUTTER 200g và 1 Phomat tự nhiên TH true CHEESE (tính theo thời gian gửi link bài thi tại phần bình luận của bài viết này)  
- 5 bài thi nhiều lượt tương tác nhất tặng voucher mua hàng tại TH true mart trị giá 500.000đ (tính tổng các lượt like, comment, share của bài đăng trên trang cá nhân)*
- 5 bài thi xuất sắc nhất tặng voucher mua hàng tại TH true mart trị giá 500.000đ - (dựa trên các tiêu chí: ảnh đẹp, trình bày đẹp mắt, công thức mới lạ, chất lượng nội dung chia sẻ)
 Các thức tham gia cuộc thi:
1️⃣ Khách hàng nấu món ăn có sử dụng Bơ và Phomat TH trong chế biến
2️⃣ Chụp hình lại món ăn đặt bên cạnh sản phẩm Bơ/Phomat của TH thật rõ nét
3️⃣ Đăng ảnh chế độ public lên trang cá nhân kèm nội dung giới thiệu về món ăn.  Lưu ý đặt hashtag #NauAnVoiBoPhomatTH (các bài thi không có hashtag sẽ không được tính)
4️⃣ Gửi link bài đăng tại phần bình luận tại bài viết này
5️⃣ Kêu gọi bạn bè like/comment/share cho bài đăng của mình trên trang cá nhân
⏳ Cuộc thi kết thúc vào ngày 31/10/2021, các bài thi gửi sau thời gian này sẽ không được chấp nhận
Kết quả cuộc thi sẽ được thông báo trong tháng 11/2021
*Các bài dự thi có nhiều tương tác không tự nhiên sẽ không được chấp thuận",502,382,60,2021-09-18 17:25:53,Photo
https://www.facebook.com/thmilk/videos/326960252542520/,"SỮA CHUA UỐNG TIỆT TRÙNG TH TRUE YOGURT - MUA 8 TẶNG 1

Từ nay đến hết 30/11, nhận ngay 01 sản phẩm cùng loại khi mua 8 sản phẩm Sữa chua uống tiệt trùng TH true YOGURT!

Với vị ngon hoàn toàn từ sữa tươi sạch nguyên chất của trang trại TH, được lên men tự nhiên kết hợp với các hương vị trái cây hấp dẫn và không sử dụng hương liệu nhân tạo, tổng hợp, mẹ hãy yên tâm lựa chọn sữa chua uống tiệt trùng TH true YOGURT cho các con!
-------------------------------------------------
Đặt hàng ngay tại qua các ứng dụng giao hàng thực phẩm:
► ShopeeFood: http://bit.ly/THtruemart-NOW
► Grabmart: http://bit.ly/THtruemart-GrabMart
► Baemin: http://bit.ly/THtruemart-Baemin",140,96,22,2021-09-16 02:40:51,Video
https://www.facebook.com/thmilk/posts/pfbid0243vpyGapk8VeSfMXLf9SLPPJxm4AdnQJUJakXcEnLS1JaSzRxDh6NP9LaJoJpMAQl,"SỮA CHUA UỐNG TIỆT TRÙNG TH TRUE YOGURT - MUA 8 TẶNG 1

Từ nay đến hết 30/11, nhận ngay 01 sản phẩm cùng loại khi mua 8 sản phẩm Sữa chua uống tiệt trùng TH true YOGURT!

Với vị ngon hoàn toàn từ sữa tươi sạch nguyên chất của trang trại TH, được lên men tự nhiên kết hợp với các hương vị trái cây hấp dẫn và không sử dụng hương liệu nhân tạo, tổng hợp, mẹ yên tâm chọn sữa chua uống tiệt trùng TH true YOGURT cho các con!

-------------------------------------------------
Đặt hàng ngay tại qua các ứng dụng giao hàng thực phẩm:
► ShopeeFood: http://bit.ly/THtruemart-NOW
► Grabmart: http://bit.ly/THtruemart-GrabMart
► Baemin: http://bit.ly/THtruemart-Baemin",164,32,5,2021-09-15 17:39:47,Photo
https://www.facebook.com/thmilk/videos/571351520767314/,"Nấu ngon mỗi ngày với ưu đãi đặc biệt từ Bơ và Phomat TH
⏳ Thời gian đến hết 30/10/2021:
⚡ Mua 01 Phomat TH true CHEESE tặng 01 Bơ lạt tự nhiên TH true BUTTER 10gx10

⚡ Mua 01 Bơ lạt tự nhiên TH true BUTTER tặng 01 Sữa tươi thanh trùng TH true MILK 450ml (*chương trình đã kết thúc)

Ưu đãi áp dụng tại các cửa hàng TH true mart trên toàn quốc
️ Tìm mua Bơ và Phomat TH tại cửa hàng TH true mart gần bạn nhất: https://www.thmilk.vn/he-thong-cua-hang/",73,48,13,2021-09-15 08:38:43,Video
https://www.facebook.com/thmilk/videos/298136005454545/,"SỮA CHUA UỐNG TIỆT TRÙNG TH TRUE YOGURT - MUA 8 TẶNG 1

Từ nay đến hết 30/11, nhận ngay 01 sản phẩm cùng loại khi mua 8 sản phẩm Sữa chua uống tiệt trùng TH true YOGURT!

Với vị ngon hoàn toàn từ sữa tươi sạch nguyên chất của trang trại TH, được lên men tự nhiên kết hợp với các hương vị trái cây hấp dẫn và không sử dụng hương liệu nhân tạo, tổng hợp, mẹ yên tâm chọn sữa chua uống tiệt trùng TH true YOGURT cho các con!

-------------------------------------------------
Đặt hàng ngay tại qua các ứng dụng giao hàng thực phẩm:
► ShopeeFood: http://bit.ly/THtruemart-NOW
► Grabmart: http://bit.ly/THtruemart-GrabMart
► Baemin: http://bit.ly/THtruemart-Baemin",111,5,10,2021-09-15 08:18:50,Video
https://www.facebook.com/thmilk/videos/458990885190032/,"SỮA CHUA UỐNG TIỆT TRÙNG TH TRUE YOGURT - MUA 8 TẶNG 1

Từ nay đến hết 30/11, nhận ngay 01 sản phẩm cùng loại khi mua 8 sản phẩm Sữa chua uống tiệt trùng TH true YOGURT!

Với vị ngon hoàn toàn từ sữa tươi sạch nguyên chất của trang trại TH, được lên men tự nhiên kết hợp với các hương vị trái cây hấp dẫn và không sử dụng hương liệu nhân tạo, tổng hợp, mẹ yên tâm chọn sữa chua uống tiệt trùng TH true YOGURT cho các con!

-------------------------------------------------
Đặt hàng ngay tại qua các ứng dụng giao hàng thực phẩm:
► ShopeeFood: http://bit.ly/THtruemart-NOW
► Grabmart: http://bit.ly/THtruemart-GrabMart
► Baemin: http://bit.ly/THtruemart-Baemin",3966,207,48,2021-09-15 07:53:10,Video
https://www.facebook.com/thmilk/posts/pfbid07x6zEDYEpzS3s778uToonLdD2T4r88gsmtAJPHZuXQEN3fCGWYvLq1siuatEufiLl,"SỮA CHUA UỐNG TH TRUE YOGURT - MUA 8 TẶNG 1

Từ nay đến hết 30/11, nhận ngay 01 sản phẩm cùng loại khi mua 8 sản phẩm Sữa chua uống tiệt trùng TH true YOGURT!

Với vị ngon hoàn toàn từ sữa tươi sạch nguyên chất của trang trại TH, được lên men tự nhiên kết hợp với các hương vị trái cây hấp dẫn và không sử dụng hương liệu nhân tạo, tổng hợp, mẹ yên tâm chọn sữa chua uống tiệt trùng TH true YOGURT cho các con!
-------------------------------------------------
Đặt hàng ngay tại qua các ứng dụng giao hàng thực phẩm:
► ShopeeFood: http://bit.ly/THtruemart-NOW
► Grabmart: http://bit.ly/THtruemart-GrabMart
► Baemin: http://bit.ly/THtruemart-Baemin",365,46,8,2021-09-14 10:14:27,Photo
https://www.facebook.com/thmilk/posts/pfbid02z5Gy21gebbJXM7ZYX5UvueG3iRewAzKAsRWYCHBdfJrfEN2tSHRXxpWpiaWN45dol,"Từ nay đến ngày 30/11/2021, nhận ngay 01 sản phẩm cùng loại khi mua 8 sản phẩm Sữa chua uống tiệt trùng TH true YOGURT 180 ml hoặc Sữa chua uống tiệt trùng TH true YOGURT công thức TOPKID 110 ml với vị ngon tự nhiên hoàn toàn từ sữa tươi.

-------------------------------------------------
Đặt hàng ngay tại qua các ứng dụng giao hàng thực phẩm:
► ShopeeFood: http://bit.ly/THtruemart-NOW
► Grabmart: http://bit.ly/THtruemart-GrabMart
► Baemin: http://bit.ly/THtruemart-Baemin",95,27,21,2021-09-13 12:35:44,Photo
https://www.facebook.com/thmilk/videos/553584802424114/,"Cùng tăng sức đề kháng cho cả gia đình với Sữa Chua Ăn Men Sống TH true YOGURT nào bạn ơi. Từ nay tới hết 30/9/2021, tặng ngay 1 sản phẩm Sữa Chua Ăn Men Sống TH true YOGURT khi mua 8 sản phẩm cùng loại

Thông tin chi tiết xem tại: https://www.thtruemart.vn/smart_promo/index/view/?id=77",55,57,5,2021-09-12 14:57:02,Video
https://www.facebook.com/thmilk/videos/590609915699313/,"Cùng tăng sức đề kháng cho cả gia đình với Sữa Chua Uống Men Sống TH true YOGURT nào bạn ơi. Từ nay tới hết 30/9/2021, tặng ngay 1 sản phẩm Sữa Chua Uống Men Sống TH true YOGURT khi mua 8 sản phẩm cùng loại. 

Thông tin chi tiết xem tại: https://www.thtruemart.vn/smart_promo/index/view/?id=77",72,43,9,2021-09-11 14:14:58,Video
https://www.facebook.com/thmilk/posts/pfbid0aLMc5ztK9RSzU8fFGutcuRiLuRsyvC7riPZ7NWnJyavDSFfMxgJvZruLeTEa6bdol,"Trong các ngày 5-7 tháng 9, 500.000 ly sữa tươi sạch và đồ uống tốt cho sức khỏe do Tập đoàn TH gửi tặng Thành phố Hồ Chí Minh đã được chuyển tới tiếp sức các lực lượng tuyến đầu chống dịch như quân đội, công an, y bác sỹ và các bệnh nhân Covid-19 là phụ nữ, trẻ em. Trong những ngày tới, hàng ngàn sản phẩm TH tiếp tục thông qua Hội Phụ nữ và Trung tâm An sinh các quận huyện gửi tới tận tay các F0 và người dân gặp khó khăn do dịch bệnh",179,40,4,2021-09-06 14:50:54,GenericAttachmentMedia
https://www.facebook.com/thmilk/videos/678737226861682/,"Ngày 1/9, Tập đoàn TH, Ngân hàng TMCP Bắc Á thông qua Quỹ Vì Tầm vóc Việt trao tặng 34 máy thở chức năng cao trị giá gần 14 tỷ đồng tới Bộ Y tế, tiếp tục hành trình chung tay cùng cả nước chống dịch Covid-19, chăm lo sức khỏe cộng đồng. 

Từ tháng 3 năm 2020 tới nay, khi dịch Covid bùng phát và tái bùng phát, Tập đoàn TH, ngân hàng TMCP Bắc Á thông qua Quỹ Vì tầm vóc Việt đều có mặt tại các điểm nóng trao tặng sản phẩm, các trang thiết bị y tế và nhu yếu phẩm. Trong đó, khi dịch bùng phát, 3 đơn vị cũng đã trao tặng 2 máy thở cao tần. Tổng trị giá các hoạt động trao tặng, ủng hộ phòng chống, điều trị bệnh nhân mắc Covid-19 của 3 đơn vị lên tới 100 tỷ đồng.",159,41,25,2021-09-01 15:26:51,Video
https://www.facebook.com/thmilk/videos/221416863277750/,"Tặng ngay 1 sản phẩm cùng loại khi mua 8 sản phẩm Sữa chua ăn, Sữa chua uống thanh trùng, Sữa chua ăn TOPKID, Sữa chua uống Phomat TOPKID, Sữa chua uống men sống TH true YOGURT bất kỳ. 

Chương trình áp dụng từ nay tới hết 30/09 hoặc đến khi hết quà tặng. Thông tin chi tiết xem tại: https://www.thtruemart.vn/smart_promo/index/view/?id=77

Mua ngay các sản phẩm sữa chua TH true YOGURT để được hưởng ưu đãi các bạn nhé.",113,172,14,2021-09-01 03:22:46,Video
https://www.facebook.com/thmilk/videos/174529254712574/,"Tặng ngay 1 sản phẩm cùng loại khi mua 8 sản phẩm Sữa chua ăn, Sữa chua uống thanh trùng, Sữa chua ăn TOPKID, Sữa chua uống Phomat TOPKID, Sữa chua uống men sống TH true YOGURT bất kỳ. 

Chương trình áp dụng từ nay tới hết 30/09 hoặc đến khi hết quà tặng. Thông tin chi tiết xem tại: https://www.thtruemart.vn/smart_promo/index/view/?id=77

Mua ngay các sản phẩm sữa chua TH true YOGURT để được hưởng ưu đãi các bạn nhé.",10000,512,83,2021-08-27 14:55:37,Video
https://www.facebook.com/thmilk/posts/pfbid0GP393ZVF8z7SDaMXnBEKwPRxct6gz1k39Sgh9UMzjmc6w9MZ6ANnfq572PhyyRm8l,"Chiều 25/8, Tập đoàn TH phối hợp với BAC A BANK, thông qua Quỹ Vì Tầm Vóc Việt trao tặng người dân TP HCM 500.000 sản phẩm sữa tươi sạch và đồ uống tốt cho sức khỏe trị giá hơn 4 tỷ đồng, chung tay đẩy lùi dịch bệnh Covid-19, nâng tổng số hàng TH trao tặng tới người dân và lực lượng chống dịch Thành phố lên gần 1 triệu sản phẩm",127,76,9,2021-08-20 13:21:15,GenericAttachmentMedia
https://www.facebook.com/thmilk/posts/pfbid02KPE79bPcTUB32Ha94gPhBisnGbmsewUtQjHg9ZEPxpQy2NatdthaXSZjMwNizx9Nl,"Đồng lòng cùng Tp.HCM phòng chống dịch bệnh Covid-19, Tập đoàn TH, BAC A BANK và Quỹ Vì Tầm Vóc Việt tiếp tục gửi tặng người dân và lực lượng chống dịch TPHCM 72.000 ly sữa tươi và đồ uống tốt cho sức khỏe. Đây là hoạt động hưởng ứng lời kêu gọi của Ban Chỉ đạo phòng chống dịch Tp.HCM tại lễ Phát động toàn dân tham gia phòng chống dịch và ra mắt Trung tâm tiếp nhận, hỗ trợ hàng hóa thiết yếu phục vụ người dân khó khăn bởi dịch bệnh Covid-19 diễn ra sáng 15/8",134,109,8,2021-08-13 11:46:54,GenericAttachmentMedia
https://www.facebook.com/thmilk/videos/1449168328813969/,"Trà Xanh Vị Chanh Tự Nhiên TH true TEA mới được làm từ những búp trà tinh túy hòa cùng nguồn nước ngầm núi lửa triệu năm, cung cấp hoạt chất tự nhiên, tốt cho sức khỏe. Cùng thưởng thức Trà Xanh Vị Chanh Tự Nhiên TH true TEA hoàn toàn từ thiên nhiên để có trải nghiệm thanh mát, sảng khoái mùa hè này bạn nhé!
Follow fanpage TH true TEA tại: https://www.facebook.com/thtruetea.vn
Tìm hiểu thêm sản phẩm tại: http://thtruetea.vn
#THtrueTEA #ThanhMatSangKhoai #HoanToanTuThienNhien",197,148,47,2021-08-06 10:12:33,Video
https://www.facebook.com/thmilk/videos/966952320545727/,"Trà Xanh Vị Chanh Tự Nhiên TH true TEA mới !
Trà xanh TH true TEA mang hương vị đặc trưng của trà xanh, kết hợp với vị chanh tự nhiên, tạo nên thức uống thanh mát, hài hoà, cung cấp các hoạt chất tự nhiên tốt cho sức khoẻ.
Cùng thưởng thức Trà Xanh Vị Chanh Tự Nhiên TH true TEA hoàn toàn từ thiên nhiên để có trải nghiệm thanh mát, sảng khoái mùa hè này bạn nhé!
Follow fanpage TH true TEA tại: https://www.facebook.com/thtruetea.vn
#THtrueTEA #ThanhMatSangKhoai #HoanToanTuThienNhien",239,44,53,2021-08-06 05:17:19,Video
https://www.facebook.com/thmilk/posts/pfbid036PMABMZCVX4uJZXiwPSzWbhoePTFFJN5PF1ZrjLeFAUywxHDozgRKkxArwvaHLQUl,"|THAY FRAME AVATAR FACEBOOK| LAN TỎA CẢM GIÁC THANH MÁT SẢNG KHOÁI CÙNG TH true TEA
Hãy cùng TH true TEA mang tới cảm giác thanh mát sảng khoái, hoàn toàn từ thiên nhiên qua avatar frame này bạn nhé.
www.facebook.com/profilepicframes/?selected_overlay_id=1131694717356174
Follow fanpage TH true TEA tại: https://www.facebook.com/thtruetea.vn
#THtrueTEA #ThanhMatSangKhoai #HoanToanTuThienNhien",182,19,7,2021-08-02 18:39:30,unknown
https://www.facebook.com/thmilk/posts/pfbid0PNCzghCDEJPLgmwWVU92v6mp7e87E7U7KHkdtFuA3oUdbuYujRbKqN1gVzNGFsuvl,"TRÀ TỰ NHIÊN TH true TEA MỚI – THANH MÁT SẢNG KHOÁI, HOÀN TOÀN TỪ THIÊN NHIÊN
Tiếp nối hành trình mang những sản phẩm đồ uống tốt cho sức khoẻ tới tay người tiêu dùng, TH tự hào giới thiệu bộ sản phẩm trà tự nhiên TH true TEA, là sự kết hợp hoàn hảo của các nguyên liệu hoàn toàn tự nhiên, cùng công nghệ sản xuất hiện đại, khép kín; mang đến thức uống thanh mát, sảng khoái, tốt cho sức khoẻ cả gia đình.
Hãy tới ngay các cửa hàng TH true mart và cửa hàng tạp hoá để thưởng thức trà tự nhiên TH true TEA hoàn toàn mới bạn nhé!
Follow fanpage TH true TEA tại: https://www.facebook.com/thtruetea.vn
#THtrueTEA #ThanhMatSangKhoai #HoanToanTuThienNhien",597,93,151,2021-07-30 08:01:41,Photo
https://www.facebook.com/thmilk/posts/pfbid0N7N4vH9SAgAw73uLYMQCfxrbTfgbBvr8ygpBhqemfrC22LPF1YrzFGPDzZTd7kvfl,"Đảm bảo hoạt động sản xuất kinh doanh thông suốt, không gián đoạn bởi đại dịch Covid-19, Tập đoàn TH đã chuẩn bị nhiều phương án phòng chống dịch tại các doanh nghiệp của mình. Cùng với việc bảo vệ chuỗi sản xuất, TH cũng tích cực thực hiện các hoạt động trách nhiệm xã hội, chung tay cùng cộng đồng trong công tác đẩy lùi dịch bệnh",342,139,19,2021-07-26 21:23:52,GenericAttachmentMedia
https://www.facebook.com/thmilk/videos/249987110016271/,"Mẹ hãy mua Sữa Chua Uống Men Sống TH true YOGURT để tăng sức đề kháng cho cả nhà, đặc biệt là bé yêu nhé. Đặc biệt khi mua 8 sản phẩm, mẹ sẽ được tặng ngay 1 sản phẩm cùng loại đấy! 
---
► Danh sách cửa hàng TH true mart: www.thmilk.vn/cuahang/
Đặt hàng ngay tại: https://www.thtruemart.vn/
Hoặc các kênh TMĐT:
► NOW: http://bit.ly/THtruemart-NOW
► Grabmart: http://bit.ly/THtruemart-GrabMart
► Baemin: http://bit.ly/THtruemart-Baemin",112,126,20,2021-07-23 10:46:03,Video
https://www.facebook.com/thmilk/videos/1930118533809685/,"SỮA CHUA TH TRUE YOGURT - MUA 8 TẶNG 1
Từ nay đến hết 30/09, nhận ngay 1 sản phẩm cùng loại khi mua 8 sản phẩm Sữa chua ăn, Sữa chua uống thanh trùng, Sữa chua ăn TOPKID, Sữa chua uống Phomat TOPKID, Sữa chua uống men sống TH true YOGURT bất kỳ. 
Thông tin chi tiết xem tại: https://www.thtruemart.vn/smart_promo/index/view/?id=77
Tới ngay các cửa hàng, siêu thị trên toàn quốc để hưởng khuyến mãi ngay thôi!
-------------------------
Đặt hàng ngay tại: https://www.thtruemart.vn/
Hoặc các kênh TMĐT:
► NOW: http://bit.ly/THtruemart-NOW
► Grabmart: http://bit.ly/THtruemart-GrabMart
► Baemin: http://bit.ly/THtruemart-Baemin",90,55,19,2021-07-22 03:50:17,Video
https://www.facebook.com/thmilk/videos/158941466217405/,"Mẹ hãy mua Sữa Chua Uống Men Sống TH true YOGURT để tăng sức đề kháng cho cả nhà, đặc biệt là bé yêu nhé. Đặc biệt khi mua 8 sản phẩm, mẹ sẽ được tặng ngay 1 sản phẩm cùng loại đấy! ;)
---
► Danh sách cửa hàng TH true mart: www.thmilk.vn/cuahang/
Đặt hàng ngay tại: https://www.thtruemart.vn/
Hoặc các kênh TMĐT:
► NOW: http://bit.ly/THtruemart-NOW
► Grabmart: http://bit.ly/THtruemart-GrabMart
► Baemin: http://bit.ly/THtruemart-Baemin",2738,173,45,2021-07-21 11:07:00,Video
https://www.facebook.com/thmilk/videos/1206817136502020/,"SỮA CHUA TH TRUE YOGURT - MUA 8 TẶNG 1
Từ nay đến hết 30/09, nhận ngay 1 sản phẩm cùng loại khi mua 8 sản phẩm Sữa chua ăn, Sữa chua uống thanh trùng, Sữa chua ăn TOPKID, Sữa chua uống Phomat TOPKID, Sữa chua uống men sống TH true YOGURT bất kỳ. 
Thông tin chi tiết xem tại: https://www.thtruemart.vn/smart_promo/index/view/?id=77
Tới ngay các cửa hàng, siêu thị trên toàn quốc để hưởng khuyến mãi ngay thôi!
-------------------------
Đặt hàng ngay tại: https://www.thtruemart.vn/
Hoặc các kênh TMĐT:
► NOW: http://bit.ly/THtruemart-NOW
► Grabmart: http://bit.ly/THtruemart-GrabMart
► Baemin: http://bit.ly/THtruemart-Baemin",1798,162,50,2021-07-19 10:56:57,Video
https://www.facebook.com/thmilk/videos/1450328525327126/,"TH true NUT - Bộ sữa hạt cao cấp hoàn toàn từ thiên nhiên, với vị ngọt tự nhiên từ quả chà là, không sử dụng đường, tốt cho sức khỏe cả gia đình! 
Nay có chương trình Mua 1 hộp 1 L tặng 1 hộp 180 ml. Mua hàng trực tuyến tại https://www.thtruemart.vn/ để tận hưởng ưu đãi.",94,93,12,2021-07-15 02:34:06,Video
https://www.facebook.com/thmilk/videos/346783130341597/,"TH true NUT - Bộ sữa hạt cao cấp hoàn toàn từ thiên nhiên, với vị ngọt tự nhiên từ quả chà là, không sử dụng đường, tốt cho sức khỏe cả gia đình! 
Nay có chương trình Mua 1 hộp 1 L tặng 1 hộp 180 ml. Mua hàng trực tuyến tại https://www.thtruemart.vn/ để tận hưởng ưu đãi.
#THtrueNUT #Hoantoantuthiennhien",80,53,12,2021-07-14 10:56:00,Video
https://www.facebook.com/thmilk/posts/pfbid02TDyf9W7ABxGYtMjr1zLDgiwvPTUfAZBn7PjQ1XQJd5LarEgKXwTo6enYurU1o9cdl," Chúc mừng khách hàng Hoàng Thị Hà - thành phố Vinh, tỉnh Nghệ An và khách hàng Dương Thiên Bách - quận Gò Vấp, thành phố Hồ Chí Minh đã là người may mắn thứ 3 và thứ 4 trúng thưởng chiếc MacBook Pro 13” Touch Bar M1 512 GB giá trị của chương trình!

Hàng trăm giải thưởng khác đã được trao tặng cho các khách hàng may mắn trong thời gian diễn ra chương trình Kem ngon tự nhiên - Quà tặng thiên nhiên từ TH true ICE CREAM! 

Danh sách khách hàng trúng giải đã được cập nhật toàn bộ tại đây: https://quatangthiennhien.thmilk.vn/trung-thuong

Cảm ơn quý khách hàng đã đồng hành cùng TH trong chương trình Kem ngon tự nhiên - quà tặng từ thiên nhiên. Hãy cùng chờ đón nhiều chương trình thú vị trong mùa hè sắp tới cùng TH true ICE CREAM nhé!

#kemngontusuatuoisach, #hoantoantuthiennhien, #kemngontunhien_quatangthiennhien",112,41,8,2021-07-10 15:55:14,unknown
https://www.facebook.com/thmilk/posts/pfbid0vt4FFWZ3WkUmTVn2ZHDJHuNLA28Ej7oGs4CYStdgLLEK9t6EiJSMgh7RCduC8MiJl,"Mỗi năm TH thu hoạch vài tạ hạt giống và liên tục mở rộng diện tích trồng Mombasa. Chính từ nơi đây, những đồng cỏ cứ rộng ra mãi và trở thành nét đặc trưng khiến cảnh sắc miền Tây xứ Nghệ từ lâu được ví như phong cảnh châu Âu. Cùng với cỏ là ngô, hướng dương và dàn máy móc công nghệ cao sừng sững của TH làm nên “cảnh quan đồng ruộng” mãn nhãn - thứ tưởng chừng chỉ thấy ở những xứ bình nguyên xa xôi, nay thực sự hiện hữu trên đồng đất Việt",85,30,5,2021-07-06 20:54:28,GenericAttachmentMedia
https://www.facebook.com/thmilk/posts/pfbid026QzEPcmyr66wAdzoJWcdcdofkYjzwpidvxFexKQ536C6uXgyxMXVoKmur5jJm3jFl,"TH chúc mừng ngày gia đình Việt Nam - 28/06
#TH #TrueHappiness #familyday",131,17,5,2021-07-03 01:53:42,Photo
https://www.facebook.com/thmilk/posts/pfbid0YvzfLFFKMEah9yWWqknLK89rDJMiopFcyVqw5joz9jkQWfDbiDdVBNXyZx6iMwHjl,"Chúc mừng khách hàng Nguyễn Thị Thu Quỳnh - Hà Nội đã trúng thưởng chiếc MacBook Pro 13” Touch Bar M1 512 GB thứ hai!
 
Hàng trăm giải thưởng khác đã được trao tặng cho các khách hàng may mắn trong chương trình Kem ngon tự nhiên - Quà tặng thiên nhiên từ TH true ICE CREAM! 

Danh sách khách hàng trúng giải được cập nhật liên tục tại đây: https://quatangthiennhien.thmilk.vn/trung-thuong

Hãy nhanh tay, còn rất nhiều phần quà giá trị khác đang chờ bạn khi mua kem TH true ICE CREAM. Chương trình ưu đãi và quay thưởng diễn ra từ nay đến 30/06/2021 tại TH true mart trên toàn quốc.
#kemngontusuatuoisach, #hoantoantuthiennhien, #kemngontunhien_quatangthiennhien",186,43,5,2021-06-29 06:52:56,Photo
https://www.facebook.com/thmilk/posts/pfbid02hZPpSQuPs7jcUdnkrSMFc5Yd8538nTS82rShPWgwh1p3DZVXF2aFM49qeMhBWvDCl,"Ngày 19/6, Tập đoàn TH trao tặng hơn 96.000 sản phẩm sữa tươi sạch và đồ uống tốt cho sức khỏe tới Nghệ An - địa phương đang là điểm nóng với nhiều ca nhiễm COVID-19 trong cộng đồng. Trong các đợt cao điểm phòng chống COVID-19 từ đầu năm 2020 đến nay, Tập đoàn TH cùng Ngân hàng Bắc Á - thông qua Quỹ Vì Tầm Vóc Việt đã trao tặng hơn 3 triệu ly sữa tới lực lượng tuyến đầu và người dân cả nước, cùng các quà tặng trị giá gần 80 tỷ đồng, trong đó 46 tỷ đồng đong góp vào Quỹ Vắc xin phòng chống dịch COVID-19",160,8,5,2021-06-25 11:52:11,GenericAttachmentMedia
https://www.facebook.com/thmilk/posts/pfbid035S64UofEjh99BLMsD5cqqTkXC3jHA2eyg25XnXaNKcMyCkztFLnvgzT7PCiVVPqbl,"NHẬN NGAY 02 CHAI SỮA CHUA UỐNG THANH TRÙNG TH TRUE YOGURT TRÊN ỨNG DỤNG GRAB
Ưu đãi dành riêng cho tài khoản khách hàng Platinum & Gold của ứng dụng Grab, đổi 0 điểm để nhận được ngay Món Quà Tươi Ngon Từ Thiên Nhiên là 2 chai Sữa Chua Thanh Trùng TH true YOGURT 180 ml.
✔️Thời gian đổi điểm và sử dụng: 05.06.2021 – 30.08.2021
✔️Áp dụng: duy nhất 1 lần đổi ưu đãi/1 tài khoản
✔️Khu vực áp dụng: Hồ Chí Minh/ Hà Nội/ Đà Nẵng
#GrabRewads #THtrueYOGURT",140,51,8,2021-06-21 16:51:25,Photo
https://www.facebook.com/thmilk/posts/pfbid0G6DhXau41Z8AFowfB95t6MBL1oP2XzSpKPbZ6kM4225RSVURM7NNHmJ93zMCHBCKl,"Với các vị kem thơm ngon và trendy của TH true ICE CREAM, mùa hè của bạn càng thêm năng động và tươi mới! 

3 hot instagrammer Linh Hương, Mai Trang và Lê Vi đều cực mê kem TH ngon mát lạnh, bạn hãy thử ngay nhé!

Ngoài ra, đừng quên TH true ICE CREAM vẫn đang có chương trình mua 4 tặng 1 diễn ra trên toàn quốc đến hết 15/7/2021!
#THtrueICECREAM #Kemngontusuatuoisach #hoantoantuthiennhien",229,45,20,2021-06-17 21:50:39,unknown
https://www.facebook.com/thmilk/posts/pfbid036TAraSyJz2ojV5Fs18DCaJwLzSPDtyJENDWwntafNqeV6ZUyzXeowHYbJYvwFzT3l,"Kết quả trúng MINIGAME ĐOÁN VỊ KEM NGON CÙNG TH TRUE ICE CREAM

Ai cũng mê 3 vị kem thơm ngon đặc trưng TH true ICE CREAM, nên đã có rất nhiều câu trả lời chính xác trong mini game đoán kem lần này!
TH xin chúc mừng 3 bạn may mắn nhất:
1. Quỳnh Anh
https://www.facebook.com/profile.php?id=100003816694093
2. Nguyễn Thị Thủy Tiên
https://www.facebook.com/thuytien1992Teen
3. Nguyễn Thị Thanh Hương
https://www.facebook.com/profile.php?id=100022231273076

Các bạn nhanh inbox Fanpage thông tin cá nhân (Họ tên, Số điện thoại, Địa chỉ) trước ngày 20/06 để nhận được voucher mua kem trị giá 200.000đ nhé. Lưu ý ghi rõ: khách hàng trúng thưởng minigame TH true ICE CREAM.

Đừng quên TH true ICE CREAM đang có chương trình mua 4 tặng 1 diễn ra đến hết 15/07 tại hệ thống TH true mart trên toàn quốc với gần 20 vị kem ngon mát lạnh đang chờ bạn rinh về!
#THtrueICECREAM #Kemngontusuatuoisach #hoantoantuthiennhien",140,11,4,2021-06-14 02:49:53,Photo
https://www.facebook.com/thmilk/videos/805840723375556/,"Bạn đã dùng thử TH true MILK HILO - Sữa tươi Giàu Canxi - Ít Béo - Không Lactose mà vẫn giữ trọn vẹn vị ngon như sữa tươi thông thường?
Hãy cùng cả gia đình trải nghiệm ngay sản phấm mới độc đáo này với chương trình quà tặng hấp dẫn áp dụng tại TH true mart từ nay đến hết 31/07/2021.
---
Đặt hàng ngay tại: https://www.thtruemart.vn/
Hoặc các kênh TMĐT:
► NOW: http://bit.ly/THtruemart-NOW
► Grabmart: http://bit.ly/THtruemart-GrabMart
► Baemin: http://bit.ly/THtruemart-Baemin",104,62,18,2021-06-10 07:49:08,Video
https://www.facebook.com/thmilk/videos/1472245853124787/,"Bạn đã dùng thử TH true MILK HILO - Sữa tươi Giàu Canxi - Ít Béo - Không Lactose mà vẫn giữ trọn vẹn vị ngon như sữa tươi thông thường?
Hãy cùng cả gia đình trải nghiệm ngay sản phấm mới độc đáo này với chương trình quà tặng hấp dẫn áp dụng tại TH true mart từ nay đến hết 31/07/2021.
---
Đặt hàng ngay tại: https://www.thtruemart.vn/
Hoặc các kênh TMĐT:
► NOW: http://bit.ly/THtruemart-NOW
► Grabmart: http://bit.ly/THtruemart-GrabMart
► Baemin: http://bit.ly/THtruemart-Baemin",84,15,14,2021-06-10 07:46:15,Video
https://www.facebook.com/thmilk/videos/158929839614244/,"Bạn đã dùng thử TH true MILK HILO - Sữa tươi Giàu Canxi - Ít Béo - Không Lactose mà vẫn giữ trọn vẹn vị ngon như sữa tươi thông thường?
Hãy cùng cả gia đình trải nghiệm ngay sản phấm mới độc đáo này với chương trình quà tặng hấp dẫn áp dụng tại TH true mart từ nay đến hết 31/07/2021.
---
Đặt hàng ngay tại: https://www.thtruemart.vn/
Hoặc các kênh TMĐT:
► NOW: http://bit.ly/THtruemart-NOW
► Grabmart: http://bit.ly/THtruemart-GrabMart
► Baemin: http://bit.ly/THtruemart-Baemin",1475,267,162,2021-06-10 03:37:23,Video
https://www.facebook.com/thmilk/videos/497703268046616/,"Bạn đã dùng thử TH true MILK HILO - Sữa tươi Giàu Canxi - Ít Béo - Không Lactose mà vẫn giữ trọn vẹn vị ngon như sữa tươi thông thường?
Hãy cùng cả gia đình trải nghiệm ngay sản phấm mới độc đáo này với chương trình quà tặng hấp dẫn áp dụng tại TH true mart từ nay đến hết 31/07/2021.
---
Đặt hàng ngay tại: https://www.thtruemart.vn/
Hoặc các kênh TMĐT:
► NOW: http://bit.ly/THtruemart-NOW
► Grabmart: http://bit.ly/THtruemart-GrabMart
► Baemin: http://bit.ly/THtruemart-Baemin",58,13,4,2021-06-10 03:35:09,Video
https://www.facebook.com/thmilk/posts/pfbid0dTeMYRkCEdycaUpxX5qeB298MUsxDgofKHW4hNNT6ByJNdxE4ptqNMVJS2pipErXl," Chúc mừng khách hàng Bùi Thị Bách - TP Lào Cai đã trúng thưởng chiếc MacBook Pro 13” Touch Bar M1 512 GB đầu tiên! 

Hàng trăm giải thưởng khác đã được trao tặng cho các khách hàng may mắn trong chương trình Kem ngon tự nhiên - Quà tặng thiên nhiên từ TH true ICE CREAM! 

Danh sách khách hàng trúng giải được cập nhật liên tục tại đây: https://quatangthiennhien.thmilk.vn/trung-thuong

Hãy nhanh tay, còn rất nhiều phần quà giá trị khác đang chờ bạn khi mua kem TH true ICE CREAM. Chương trình ưu đãi và quay thưởng diễn ra từ nay đến 30/06/2021 tại TH true mart trên toàn quốc.

#kemngontusuatuoisach, #hoantoantuthiennhien, #kemngontunhien_quatangthiennhien",233,45,23,2021-06-08 04:56:45,Photo
https://www.facebook.com/thmilk/posts/pfbid0Cp5rdWGKt1KcbdwFy1gX2p21y7jQWbBUGHVVkNqzoUbgVcmfV9G5nEifpsgCdKtgl,"Tập đoàn TH - Ngân hàng TMCB Bắc Á - Quỹ Vì Tầm Vóc Việt ủng hộ 46 tỷ đồng vào Quỹ Vắc-xin phòng chống Covid-19. Đây là hành động kịp thời song song với các hoạt động trước đó bao gồm: trao tặng sữa và đồ uống tốt cho sức khỏe với tổng số gần 3 triệu sản phẩm, trang thiết bị y tế và 2 máy thở cao tần - những thiết bị hỗ trợ việc điều trị khẩn cấp. Tổng cộng các đợt trao tặng sản phẩm đồ uống, thiết bị y tế và ủng hộ chi phí mua vắc-xin lên tới 76 tỷ đồng",354,13,47,2021-06-06 06:18:21,Photo
https://www.facebook.com/thmilk/videos/1180786485733011/,"Cùng trải nghiệm vị ngon tự nhiên hoàn toàn từ sữa tươi của Sữa chua uống tiệt trùng TH true YOGURT với chương trình khuyến mại đặc biệt từ nay đến hết 31/07/2021.
-------------
Đặt hàng ngay tại: https://www.thtruemart.vn/
Hoặc các kênh TMĐT:
► NOW: http://bit.ly/THtruemart-NOW
► Grabmart: http://bit.ly/THtruemart-GrabMart
► Baemin: http://bit.ly/THtruemart-Baemin",679,28,21,2021-06-04 07:39:57,Video
https://www.facebook.com/thmilk/videos/1894218017419098/,"Cùng trải nghiệm vị ngon tự nhiên hoàn toàn từ sữa tươi của Sữa chua uống tiệt trùng TH true YOGURT với chương trình khuyến mại đặc biệt từ nay đến hết 31/07/2021.
-------------
Đặt hàng ngay tại: https://www.thtruemart.vn/
Hoặc các kênh TMĐT:
► NOW: http://bit.ly/THtruemart-NOW
► Grabmart: http://bit.ly/THtruemart-GrabMart
► Baemin: http://bit.ly/THtruemart-Baemin",398,12,26,2021-06-04 07:12:45,Video
https://www.facebook.com/thmilk/videos/484249922843815/,"Cùng trải nghiệm vị ngon tự nhiên hoàn toàn từ sữa tươi của Sữa chua uống tiệt trùng TH true YOGURT với chương trình khuyến mại đặc biệt từ nay đến hết 31/07/2021.
-------------
Đặt hàng ngay tại: https://www.thtruemart.vn/
Hoặc các kênh TMĐT:
► NOW: http://bit.ly/THtruemart-NOW
► Grabmart: http://bit.ly/THtruemart-GrabMart
► Baemin: http://bit.ly/THtruemart-Baemin",226,5,8,2021-06-04 04:07:52,Video
https://www.facebook.com/thmilk/posts/pfbid0C6atbj74wLi78hkh3WuecaLUKnYByoKhnZTWkK9Uuo5QXNtP2pG98ZVCSKHuMEtSl,"TH TRUE ICE CREAM sẵn sàng thổi bay sức nóng mùa hè cùng hơn 20 vị kem ngon tuyệt! 
TH TRUE ICE CREAM - MUA 4 TẶNG 1 
Đặt hàng trực  ngay tại: https://thtruemart.vn/
hoặc gian hàng TH true mart trên ứng dụng NOW
NOW Hà Nội: https://www.now.vn/bo-suu-tap/chuoi-th-true-mart-ha-noi
NOW TP.HCM: https://www.now.vn/thuong-hieu/th-true-mart-hcm
#kemngontusuatuoisach #hoantoantuthiennhien #mua4tang1 #quatangthiennhien",135,12,10,2021-06-03 15:34:19,Photo
https://www.facebook.com/thmilk/videos/955510178620307/,"Cùng trải nghiệm vị ngon tự nhiên hoàn toàn từ sữa tươi của Sữa chua uống tiệt trùng TH true YOGURT với chương trình khuyến mại đặc biệt từ nay đến hết 31/07/2021.
-------------
Đặt hàng ngay tại: https://www.thtruemart.vn/
Hoặc các kênh TMĐT:
► NOW: http://bit.ly/THtruemart-NOW
► Grabmart: http://bit.ly/THtruemart-GrabMart
► Baemin: http://bit.ly/THtruemart-Baemin",84,15,18,2021-06-03 03:00:46,Video
https://www.facebook.com/thmilk/videos/378377816939781/,"Nóng như thế này thì... gọi giao kem ngay! 
TH true ICE CREAM luôn sẵn sàng giúp bạn giải nhiệt trong những ngày thời tiết nắng nóng gay gắt. Bạn chỉ cần ngồi tại nhà và bấm nút, TH true ICE CREAM có mặt tức thì! ;) 
MUA NGAY TẠI: https://thtruemart.vn/ hoặc gian hàng TH true mart trên ứng dụng NOW
NOW Hà Nội: https://www.now.vn/bo-suu-tap/chuoi-th-true-mart-ha-noi
NOW TP.HCM: https://www.now.vn/thuong-hieu/th-true-mart-hcm",63,4,5,2021-06-02 02:44:43,Video
https://www.facebook.com/thmilk/posts/pfbid02mSNF1uf8JtUDh9ephu8BaXuZNxF9sKNYkiXPJQaTaGpvK3MATuVvNmZ6emqixFHkl,"Bạn đã dùng thử TH true MILK HILO - Sữa tươi Giàu Canxi - Ít Béo - Không Lactose mà vẫn giữ trọn vẹn vị ngon như sữa tươi thông thường?
Hãy cùng cả gia đình trải nghiệm ngay sản phấm mới độc đáo này với chương trình quà tặng hấp dẫn áp dụng tại TH true mart từ nay đến hết 31/07/2021.
---
► Danh sách cửa hàng TH true mart: www.thmilk.vn/cuahang/
► Đặt hàng online: https://thtruemart.vn/
hoặc gian hàng TH true mart trên ứng dụng NOW
NOW Hà Nội: https://www.now.vn/bo-suu-tap/chuoi-th-true-mart-ha-noi
NOW TP.HCM: https://www.now.vn/thuong-hieu/th-true-mart-hcm
#kemngontusuatuoisach #hoantoantuthiennhien #mua4tang1 #quatangthiennhien",148,67,37,2021-05-31 23:42:54,Photo
https://www.facebook.com/thmilk/posts/pfbid0C7TZfM9GNAceTRHjts3Qgd26gSbqrMJ1oenMBSNwiVsvDrrKz8KVy9u9aJBtbY6Xl,"TOPKID CHÚC MỪNG NGÀY QUỐC TẾ THIẾU NHI 01-06! ⭐️

Chúc các bạn nhỏ luôn khỏe mạnh tự nhiên để vui chơi, học tập và trưởng thành cùng bộ sản phẩm TOPKID hoàn toàn từ sữa tươi sạch nguyên chất của trang trại TH kết hợp cùng bộ vi chất theo công thức TOPKID giúp phát triển não bộ và chiều cao toàn diện cho trẻ! ☺️

#TOPKID #THtrueMILK #ChildrenDay",84,0,2,2021-05-30 20:41:05,Photo
https://www.facebook.com/thmilk/posts/pfbid023RLuAcPRaXGMvEE7W53vbPkSCvAnc3uLUn6xKneDus19dekuU44LhUokdFR91Lvgl,"Phomat ngon lành, dinh dưỡng tặng các con nhân dịp 01.06 
Còn gì vui hơn khi được thưởng thức Phomat Que TH và Sữa chua uống Phomat TOPKID cùng nhau, đăng ký nhận mã quà tặng ngay các bạn nhé:
 Cơ cấu chương trình:  
✔️ Khách hàng đăng ký nhận mã quà tặng qua trang web: http://quatangbutter.thmilk.vn/ 
✔️ Mỗi mã sử dụng đổi 01 lốc Sữa Chua Uống Phomat Tự Nhiên TOPKID 90 ml khi mua 01 Phomat Que TH true CHEESE Mozzarella
⏳ Thời gian: 29/5 - 10/6/2021 (hoặc khi hết quà tặng)
Áp dụng tại TH true mart toàn quốc
* Mã quà tặng sẽ được gửi qua tin nhắn SMS chậm nhất sau 5 ngày từ ngày đăng ký
#THtrueCHEESSE #TOPKID #KidsLoveCheese #TetThieuNhi",1040,193,55,2021-05-29 17:39:16,Photo
https://www.facebook.com/thmilk/posts/pfbid024KDcZeFGiQGU8JpK2zdJ9fUvUJ8q8RQZNqJx6YQrFR7vDyYdj91NFnpkVVQMB5QNl," THÁNG CỦA TRẺ EM, NGẬP TRÀN ƯU ĐÃI

Trẻ em như búp trên cành 
Biết ăn ngủ, biết học hành là xứng đáng được uống thật nhiều sữa chua uống tiệt trùng TOPKID MUA 12 TẶNG 1 ☺️

Năm học cũ vừa kết thúc, bố mẹ hãy cùng những búp măng non nhà mình chào mừng kỳ nghỉ hè sắp tới bằng những thức uống ngon mát, ngọt lành hợp khẩu vị trẻ em như Sữa Chua Uống Tiệt Trùng TH true MILK công thức TOPKID thơm ngon của sự kết hợp từ sữa tươi sạch lên men tự nhiên với hương vị trái cây hoàn toàn từ thiên nhiên. 

 Đặc biệt trong tháng 6 và tháng 7, tại TH true mart còn đang có chương trình khuyến mại MUA 12 TẶNG 1, bố mẹ hãy nhanh tay ghé mua nhé!

Chương trình áp dụng từ nay đến 30/07 tại TH true mart trên toàn quốc. 
Chi tiết chương trình, vui lòng xem tại đây: https://bit.ly/3uwxuZ0

#THtrueMILK #TOPKID  #ChildrenDay",126,34,17,2021-05-28 14:37:27,Photo
https://www.facebook.com/thmilk/videos/2603085976663975/,"QUAY THƯỞNG TRÚNG QUÀ HẤP DẪN!
Hàng trăm phần quà hấp dẫn đã trao nhưng vẫn còn rất nhiều quà tặng giá trị chờ “team mê kem” đến rinh đấy. Ngoài ưu đãi MUA 4 TẶNG 1 theo cơ cấu chương trình, KH mua tại TH true mart sẽ có cơ hội nhận được các phần quà gấp dẫn:
• Macbook Pro 13’’ Touch Bar M1 512GB sang chảnh với tốc độ và sức mạnh hoàn hảo. Dù lướt net, cày game hay mê phim, làm việc đều tuyệt vời!
• Voucher mua hàng Bitis trị giá 500.000 vnd, tha hồ lựa chọn cho từng phong cách
• Các sản phẩm kem que và kem hộp 50g TH true ICE CREAM mát lạnh mê ly!
Chương trình chỉ diễn ra đến 30/6/2021, nhanh chân rinh kem ngon và quà giá trị ngay nào!
Thể lệ chương trình xem tại:https://quatangthiennhien.thmilk.vn/
#THtrueICECREAM, #Mua4tang1, #Kemngontusuatuoisach, #Hoantoantuthiennhien",579,21,20,2021-05-27 11:35:39,Video
https://www.facebook.com/thmilk/videos/981922905885616/,"QUAY THƯỞNG TRÚNG QUÀ HẤP DẪN!
Hàng trăm phần quà hấp dẫn đã trao nhưng vẫn còn rất nhiều quà tặng giá trị chờ “team mê kem” đến rinh đấy. Ngoài ưu đãi MUA 4 TẶNG 1 theo cơ cấu chương trình, KH mua tại TH true mart sẽ có cơ hội nhận được các phần quà gấp dẫn:
• Macbook Pro 13’’ Touch Bar M1 512GB sang chảnh với tốc độ và sức mạnh hoàn hảo. Dù lướt net, cày game hay mê phim, làm việc đều tuyệt vời!
• Voucher mua hàng Bitis trị giá 500.000 vnd, tha hồ lựa chọn cho từng phong cách
• Các sản phẩm kem que và kem hộp 50g TH true ICE CREAM mát lạnh mê ly!
Chương trình chỉ diễn ra đến 30/6/2021, nhanh chân rinh kem ngon và quà giá trị ngay nào!
Thể lệ chương trình xem tại:https://quatangthiennhien.thmilk.vn/
#THtrueICECREAM, #Mua4tang1, #Kemngontusuatuoisach, #Hoantoantuthiennhien",647,14,13,2021-05-27 11:09:58,Video
https://www.facebook.com/thmilk/posts/pfbid0383Zbs97kDtYm752HWYQDzYKc3zYSF3qtG3HQABbtoc7YN8XCaAboNjqtHUHPgnzyl,"MINIGAME ĐOÁN VỊ KEM NGON CÙNG TH TRUE ICE CREAM
Mùa hè có kem ngon mát lạnh không gì tuyệt hơn. Team mê kem cùng thử tài đoán vị để rinh các phần thưởng hấp dẫn nhé:
• Cách thức tham gia: Trả lời dưới comment ở post này tên các loại + vị kem ở các ô A – B- C theo cú pháp “ Loại kem_vị kem” . Ví dụ A: Kem hộp_dừa
• Thời gian: Từ 26/5 – 2/6/2021
• 3 phần quà may mắn là voucher mua hàng tại TH trị giá 200.000 đồng đang chờ, tham gia ngay thôi nào!
Ngoài ra, bạn đừng quên TH true ICE CREAM còn có CTKM mua 4 tặng 1 đang diễn ra trên toàn quốc đến hết 15/7/2021 nữa đấy.",1570,1822,421,2021-05-25 15:00:25,Photo
https://www.facebook.com/thmilk/posts/pfbid02VVo2C858jKaxNY1LWs2Avu4hYSgqrXTT98DeFDZwpy7S9A71jF3NqhuaH5GxuQn6l,"Chuỗi cửa hàng TH true mart chính thức bày bán dòng sản phẩm Rau Quả Trái Cây Đông Lạnh OOB Organic, một thương hiệu thực phẩm sản xuất theo phương pháp hữu cơ (organic) đến từ New Zealand.
 Tìm ngay cửa hàng TH true mart gần bạn có bán OBB Organic tại link: http://bit.ly/DS-truemart-ban-OBB",193,24,14,2021-05-23 18:50:53,unknown
https://www.facebook.com/thmilk/posts/pfbid0gtQaFHN1sLQCdiLB4hM17BZrJ79xoWFSykHiMx7Zw5TCmuZnVe5zFT5Szf6a2myXl,"Nhân đôi lợi ích với chương trình hot nhất hè 2021 của TH true ICE CREAM. Khi mua kem tại TH true mart theo cơ cấu chương trình, bạn sẽ được tặng ngay kem cùng loại và thẻ cào quay thưởng với các phần quà giá trị. Thông tin chương trình tham khảo tại đây: https://quatangthiennhien.thmilk.vn/",133,19,14,2021-05-21 22:41:21,Photo
https://www.facebook.com/thmilk/videos/173798747993310/,"TH TRUE ICE CREAM - MUA 4 TẶNG 1 
Hơn 20 vị kem ngon mát lạnh từ sữa tươi sạch nguyên liệu hoàn toàn tự nhiên đang chờ bạn rinh về với ưu đãi MUA 4 TẶNG 1. Ghé các cửa hàng, siêu thị trên toàn quốc từ nay tới 15/7/2021 để tận hưởng ưu đãi và có cơ hội quay thưởng may mắn nhận quà giá trị bạn nhé! 
Chi tiết chương trình quay thưởng may mắn xem chi tiết tại: https://quatangthiennhien.thmilk.vn/
---
► Danh sách cửa hàng TH true mart: www.thmilk.vn/cuahang/
► Đặt hàng online: https://thtruemart.vn/
hoặc gian hàng TH true mart trên ứng dụng NOW
NOW Hà Nội: https://www.now.vn/bo-suu-tap/chuoi-th-true-mart-ha-noi
NOW TP.HCM: https://www.now.vn/thuong-hieu/th-true-mart-hcm
#kemngontusuatuoisach #hoantoantuthiennhien #mua4tang1 #quatangthiennhien",76,15,32,2021-05-20 02:31:49,Video
https://www.facebook.com/thmilk/posts/pfbid036MpUpWzMVdVaspyH9hgKWwMTirETZhLKDM9YfZVdZzwkj2ZMmXroFrjGrvxrChBSl,"CHIẾC MACBOOK ĐẦU TIÊN ĐÃ CÓ CHỦ!!!
Rất nhiều quà tặng có giá trị đã được trao tặng tới các khách hàng may mắn trong chương trình kem ngon tự nhiên, quà tặng thiên nhiên của TH true ICE CREAM.
Trong đó chiếc MACBOOK 13’’ TOUCH BAR M1512MB “sang-xịn-mịn” với giá gần 40 triệu đã có chủ.
Vẫn còn đến 03 chiếc MACBOOK tương tự và các phần quà siêu cool khác chờ bạn quay thưởng.
Cùng ghé TH true mart trên toàn quốc để nhận ưu đãi kép của chương trình nhé:
• Nhận ngay 01 sản phẩm kem khi mua 04 sản phẩm cùng loại
• Nhận ngay 01 thẻ cào khi mua 04 sản phẩm kem cùng loại ( riêng kem Topkid mua 08 sản phẩm được 02 sản phẩm cùng loại và 1 thẻ cào)
 Danh sách trúng thưởng và thông tin chương trình xem tại đây: https://quatangthiennhien.thmilk.vn/ 
Chương trình quay thưởng kéo dài đến 30/6/2021, nhanh tay rinh quà nào!
#THtrueICECREAM, #Hoantoantuthiennhien, #Kemngontusuatuoisach, #Quatangthiennhien",117,9,24,2021-05-18 16:18:03,Photo
https://www.facebook.com/thmilk/posts/pfbid028uh2c9oMwJTYYPyKXYkNnS2UJVkjrASMjaExzLpz1VyTpHHYmTi1ESeXN7pfCReVl,"Ngoài 1 triệu ly sữa đã trao ở khắp các tỉnh, thành phố trên toàn quốc trong năm 2020, trong đợt dịch Covid-19 lần này, TH tiếp tục ủng hộ thêm hàng trăm nghìn sản phẩm tới Hà Nam, Vĩnh Phúc, Hải Dương, Hà Nội, Bắc Ninh, Bắc Giang. Với 39.000 ly sữa tươi sạch trao tặng tới Công đoàn Y tế Việt Nam, TH mong muốn cùng Công đoàn y tế Việt Nam tặng trực tiếp cho các y bác sĩ, cán bộ chiến sĩ đang làm nhiệm vụ tại các điểm nóng đợt dịch lần này.",241,7,23,2021-05-17 06:04:17,GenericAttachmentMedia
https://www.facebook.com/thmilk/posts/pfbid02WNaRCN2LRT27M6JBMhu17ei8LP52BiKV6YqXAEJWfKS6Eh66y8H2WMYWZmhyNRJMl,"Team mê dâu vị ngọt thanh thơm thơm, lại mê kem mát lạnh có ngay TH true ICE CREAM kem dâu tự nhiên “2 trong 1” ngon tuyệt.
Mua liền 4 que nhận ngay 1 que cho bõ cơn thèm nhỉ các tín đồ mê vị kem dâu ngon!
Chương trình áp dụng toàn quốc đến 15/7/2021, nhanh tay nào!",123,5,19,2021-05-15 19:50:31,Photo
https://www.facebook.com/thmilk/videos/168497871870388/,"TH TRUE ICE CREAM - MUA 4 TẶNG 1 
Hơn 20 vị kem ngon mát lạnh từ sữa tươi sạch nguyên liệu hoàn toàn tự nhiên đang chờ bạn rinh về với ưu đãi MUA 4 TẶNG 1. Ghé các cửa hàng, siêu thị trên toàn quốc từ nay tới 15/7/2021 để tận hưởng ưu đãi và có cơ hội quay thưởng may mắn nhận quà giá trị bạn nhé! 
Chi tiết chương trình quay thưởng may mắn xem chi tiết tại: https://quatangthiennhien.thmilk.vn/
---
► Danh sách cửa hàng TH true mart: www.thmilk.vn/cuahang/
► Đặt hàng online: https://thtruemart.vn/
hoặc gian hàng TH true mart trên ứng dụng NOW
NOW Hà Nội: https://www.now.vn/bo-suu-tap/chuoi-th-true-mart-ha-noi
NOW TP.HCM: https://www.now.vn/thuong-hieu/th-true-mart-hcm
#kemngontusuatuoisach #hoantoantuthiennhien #mua4tang1 #quatangthiennhien",91,3,29,2021-05-14 09:36:45,Video
https://www.facebook.com/thmilk/videos/299938408425401/,"Cùng trải nghiệm vị ngon tự nhiên hoàn toàn từ sữa tươi của Sữa chua uống tiệt trùng TH true YOGURT với chương trình khuyến mại đặc biệt từ nay đến hết 31/07/2021.
-------------
Đặt hàng ngay tại: https://www.thtruemart.vn/
Hoặc các kênh TMĐT:
► NOW: http://bit.ly/THtruemart-NOW
► Grabmart: http://bit.ly/THtruemart-GrabMart
► Baemin: http://bit.ly/THtruemart-Baemin",642,48,40,2021-05-13 09:20:13,Video
https://www.facebook.com/thmilk/videos/897962967433736/,"Cùng trải nghiệm vị ngon tự nhiên hoàn toàn từ sữa tươi của Sữa chua uống tiệt trùng TH true YOGURT với chương trình khuyến mại đặc biệt từ nay đến hết 31/07/2021.
------------
Đặt hàng ngay tại: https://www.thtruemart.vn/
Hoặc các kênh TMĐT:
► NOW: http://bit.ly/THtruemart-NOW
► Grabmart: http://bit.ly/THtruemart-GrabMart
► Baemin: http://bit.ly/THtruemart-Baemin",937,26,82,2021-05-13 09:15:33,Video
https://www.facebook.com/thmilk/videos/298550735192733/,"TH TRUE ICE CREAM - MUA 4 TẶNG 1 
Sảng khoái mát lạnh cùng kem sô-cô-la nguyên chất; phomat béo ngậy hay kem dừa thanh mát với sợi mứt dừa sần sật ai cũng mê. Hơn 20 vị kem ngon mát lạnh từ sữa tươi sạch nguyên liệu hoàn toàn tự nhiên đang chờ bạn rinh về với ưu đãi MUA 4 TẶNG 1. Ghé các cửa hàng, siêu thị trên toàn quốc từ nay tới 15/7/2021 để tận hưởng ưu đãi và có cơ hội quay thưởng may mắn nhận quà giá trị bạn nhé! 
Chi tiết chương trình quay thưởng may mắn xem chi tiết tại: https://quatangthiennhien.thmilk.vn/
---
► Danh sách cửa hàng TH true mart: www.thmilk.vn/cuahang/
► Đặt hàng online: https://thtruemart.vn/
hoặc gian hàng TH true mart trên ứng dụng NOW
NOW Hà Nội: https://www.now.vn/bo-suu-tap/chuoi-th-true-mart-ha-noi
NOW TP.HCM: https://www.now.vn/thuong-hieu/th-true-mart-hcm
#kemngontusuatuoisach #hoantoantuthiennhien #mua4tang1 #quatangthiennhien",67,5,24,2021-05-11 03:59:20,Video
https://www.facebook.com/thmilk/posts/pfbid0vxRcZck2edTDdt7h8mrXekkySsq5WDvYTY2fvU765N4C4Btozdt6Zi2onwRX6dPvl,"ĐẾN TH TRUE MART MUA KEM, RINH QUÀ CỰC COOL! 
Mua kem nhận ngay kem mát lạnh ngon tuyệt, còn có cơ hội trúng các phần thưởng siêu cool – siêu giá trị nữa.
❄ Mua 04 kem bất kỳ ( trừ kem que TOPKID) được tặng ngay 01 kem cùng loại và 01 thẻ cào quay thưởng may mắn
❄ Mua 08 kem TOPKID được tặng ngay 02 kem TOPKID cùng loại và 01 thẻ cào quay thưởng may mắn
Chương trình áp dụng từ 01/05 – 30/06/2021 tại TH true mart trên toàn quốc.
Chi tiết chương trình, vui lòng xem tại đây: https://quatangthiennhien.thmilk.vn/
#kemngontusuatuoisach, #hoantoantuthiennhien, #kemngontunhien_quatangthiennhien",729,47,24,2021-05-10 08:23:39,Photo
https://www.facebook.com/thmilk/videos/467960557794288/,"TH true ICE CREAM - MUA 4 TẶNG 1
Bạn chọn ốc quế dâu vanilla với lớp kem mềm mịn, lớp sốt dâu và đậu phộng thơm ngậy trên bề mặt hay ốc quế socola nguyên chất ngọt ngào, hoặc ốc quế vanilla thơm mát đều ngon khó cưỡng.
Chương trình mua 04 loại ốc quế bất kỳ được tặng 01 sản phẩm cùng loại diễn ra tới 15/07/2021
Ghé TH true mart, ngoài mua 4 tặng 1, bạn còn có cơ hội quay thưởng may mắn nhận quà giá trị. 
Chi tiết chương trình quay thưởng may mắn bạn xem tại đây nhé: https://quatangthiennhien.thmilk.vn/
#kemngontusuatuoisach #hoantoantuthiennhien #mua4tang1 #quatangthiennhien",75,12,20,2021-05-09 12:47:58,Video
https://www.facebook.com/thmilk/posts/pfbid02eUQ7TUXt7GVYEwicV8B13b7owwLHZRsXkWFe6PyE85HiDAYM3GiRgRUd5vCyuKXTl,"MUA 3 TẶNG 1 BƠ LẠT TH true BUTTER 200g - Chỉ có tại ABBY

 Với mỗi đơn hàng mua 3 sản phẩm Bơ lạt TH true BUTTER 200g, khách hàng được tặng thêm 1 sản phẩm Bơ lạt TH true BUTTER 200g cùng loại
⏰ Thời gian: 05/05/2021 - 31/05/2021 (hoặc đến khi hết quà tặng)
 Phạm vi áp dụng: chuỗi cửa hàng Abby trên toàn quốc

Bơ lạt TH true BUTTER có thể sử dụng trực tiếp, ăn kèm với bánh mì, sử dụng để làm các dòng bánh kẹo như bánh bông lan, bánh lưỡi mèo, bánh quy, kem bơ hay kẹo nougat,... hay còn có thể kết hợp với việc chiên xào, chế biến các loại sốt ăn kèm đặc biệt đưa miệng

 Đặt hàng nhanh nhất tại: https://abby.vn/
 Xem bản đồ: https://abby.vn/dia-chi",55,8,7,2021-05-08 11:58:13,Photo
https://www.facebook.com/thmilk/posts/pfbid02ogDcc7gFygZNMmXQ8FzJAQiiVWapRz6ZqGZNc4QD2JtgA2K37dhbvjmWgoz1XtBil,"Chiều ngày 6/5, thông qua Quỹ Vì tầm vóc Việt, Tập đoàn TH đã trao tặng hơn 145.000 sản phẩm đồ uống tốt cho sức khỏe đến hai tỉnh đang chịu tác động mạnh của đợt dịch COVID-19 mới bùng phát đầu tháng 5 là Vĩnh Phúc và Hà Nam. Khi triển khai trao tặng sản phẩm tới các tỉnh, tập đoàn TH đã tuân thủ cao nhất các nguyên tắc phòng dịch, vừa đảm bảo an toàn trong quá trình vận chuyển nhưng cũng nỗ lực đưa quà tặng tới tay người nhận kịp thời.",103,5,12,2021-05-07 11:08:29,GenericAttachmentMedia
https://www.facebook.com/thmilk/posts/pfbid0LCxCuP7HaxF6fuNRLWkHBbw4AeyJiBFezZCfzgXYgaRYtuMUkrv1ZDogQsSjiu7ml,"Giờ kem đến rồi, giờ kem đến rồi!
Ba chọn kem Vanilla mát dịu, mẹ thích sầu riêng ngậy thơm, con yêu vị dừa thanh mát. Chương trình mua 4 tặng 1 vẫn diễn ra trên toàn quốc đến 15/7/2021 nhanh chân nào cả nhà ơi!
Riêng ghé TH true mart, ngoài mua 4 tặng 1 còn được quay thưởng may mắn nhận quà giá trị. 
Chi tiết chương trình bạn xem tại đây nhé: https://quatangthiennhien.thmilk.vn/
#kemngontusuatuoisach, #hoantoantuthiennhien, #mua4tang1, #quatangthiennhien",89,6,13,2021-05-06 10:18:45,Photo
https://www.facebook.com/thmilk/videos/504249090704857/,"THÊM NGỌT NGÀO MÁT LẠNH VỚI SỮA CHUA UỐNG THANH TRÙNG VỊ DÂU TH TRUE YOGURT
Sữa chua uống Thanh Trùng TH true YOGURT làn gió tươi mát cho ngày hè oi bức, mang đến trải nghiệm mát lạnh hoàn toàn mới. Nay đã có thêm hương dâu cho bạn thỏa thích lựa chọn, còn chờ gì mà không thử ngay thôi!
----------------------------------------
✔️Đặt hàng ngay tại: https://www.thtruemart.vn/
Hoặc các kênh TMĐT:
✔️NOW: http://bit.ly/THtruemart-NOW
✔️Grabmart: http://bit.ly/THtruemart-GrabMart
✔️Baemin: http://bit.ly/THtruemart-Baemin
✔️VinID: 
HN: one://vinid.net/sng/merchants/36210
HCM: one://vinid.net/sng/merchants/36113
#THtrueYOGURT #Vingonthatsuthiennhien #Suachuauonglanh #matlanh",73,12,29,2021-05-05 09:29:01,Video
https://www.facebook.com/thmilk/posts/pfbid0XWRzVo2bfGP7vHf3fBDnvstrydYiWKifVDYfV2hXi1r63tPgBVob6riZroNvF6NKl,"Từ nay đến ngày 31/07/2021, nhận ngay 01 sản phẩm cùng loại khi mua 12 sản phẩm Sữa chua uống tiệt trùng TH true YOGURT với vị ngon tự nhiên hoàn toàn từ sữa tươi.
-------------------------------------------------
Đặt hàng ngay tại: https://www.thtruemart.vn/
Hoặc các ứng dụng giao hàng thực phẩm:
NOW: http://bit.ly/THtruemart-NOW
Grabmart: http://bit.ly/THtruemart-GrabMart
Baemin: http://bit.ly/THtruemart-Baemin
VinID: 
HN: one://vinid.net/sng/merchants/36210
HCM: one://vinid.net/sng/merchants/36113",103,12,25,2021-05-04 04:39:36,Photo
https://www.facebook.com/thmilk/posts/pfbid02n2DqgjdG6ncNCnH2vFB95TkY2jv2cH9pnFhCBLg5bbqLE7LmjkV33zg8rRuWSwdUl," Kì nghỉ lễ này đã có kem dừa tự nhiên TH true ICE CREAM mang “biển” về nhà bạn! Kem mềm mịn xen lẫn mứt dừa sần sật mát lạnh tự nhiên mê hoặc bất kì ai! Chương trình mua 04 kem ( hộp, hoặc que, hoặc ốc quế….) được tặng ngay 01 kem cùng loại diễn ra đến 15/07/2021 trên toàn quốc đấy.
Đừng quên ghé TH true mart để có cơ hội quay thưởng may mắn nhận quà giá trị. 
Chi tiết chương trình bạn xem tại đây nhé: https://quatangthiennhien.thmilk.vn/
#kemngontusuatuoisach, #hoantoantuthiennhien, #mua4tang1, #quatangthiennhien",76,8,6,2021-05-02 23:50:12,Photo
https://www.facebook.com/thmilk/posts/pfbid0RCUA9tYvY1xLLchQ16qpjJ9EXm5z6yfpZDXniqs1TPWyCDHeuBeqCbXf8mZ64Ex3l," ĐẾN TH TRUE MART MUA KEM, RINH QUÀ CỰC COOL! ;)
Kem ngon từ sữa tươi sạch TH true ICE CREAM phá tan nóng hè bằng chương trình ưu đãi lớn nhất năm.
Mua kem nhận ngay kem mát lạnh ngon tuyệt, còn có cơ hội trúng các phần thưởng siêu cool – siêu giá trị nữa.
❄ Mua 04 kem bất kỳ ( trừ kem que TOPKID) được tặng ngay 01 kem cùng loại và 01 thẻ cào quay thưởng may mắn
❄ Mua 08 kem TOPKID được tặng ngay 02 kem TOPKID cùng loại và 01 thẻ cào quay thưởng may mắn
Chương trình áp dụng từ 01/05 – 30/06/2021 tại TH true mart trên toàn quốc.
Chi tiết chương trình, vui lòng xem tại đây: https://quatangthiennhien.thmilk.vn/

#kemngontusuatuoisach, #hoantoantuthiennhien, #kemngontunhien_quatangthiennhien",113,24,44,2021-05-01 19:00:48,Photo
https://www.facebook.com/thmilk/posts/pfbid0H1jT6ticup6DQV3VYaAJNaTFKe9yAnjxjJHQFnjgkXFhKjW8xEZGyJbGx5x5mLdvl,"Nghỉ lễ ""chill"" ở nhà, có sách và kem TH true ICE CREAM bên cạnh để nhâm nhi thật là chữ ""mêêêê"" kéo dài. Mê nhất TH true ice cream đang có ƯU ĐÃI MUA 4 TẶNG 1 cùng loại. Bạn chọn kem hộp sầu riêng ngậy thơm, kem que đậu xanh bùi bùi? Hay kem sandwich giòn giòn bánh quy nhân kem mát mịn? 
Nhanh chân ra các cửa hàng rinh “bạn kem” TH true ICE CREAM về nào! ;)",107,3,12,2021-04-30 14:11:24,Photo
https://www.facebook.com/thmilk/videos/521969622143533/,"SỮA CHUA UỐNG THANH TRÙNG TH TRUE YOGURT HOÀN TOÀN MỚI
TH true YOGURT ra mắt Sữa chua uống Thanh Trùng thơm ngon, sánh mịn, mát lạnh khó cưỡng, là lựa chọn giải khát tuyệt vời. Còn chờ chi mà không thử ngay vị ngon hoàn toàn mới, hoàn toàn khác biệt!
-------------
► Danh sách cửa hàng TH true mart: www.thmilk.vn/cuahang/
► Đặt hàng online: http://thtruemart.vn/
hoặc gian hàng TH true mart trên ứng dụng NOW, GRAB, BAEMIN:
NOW Hà Nội: https://www.now.vn/bo-suu-tap/chuoi-th-true-mart-ha-noi
NOW TP.HCM: https://www.now.vn/thuong-hieu/th-true-mart-hcm
► Tìm hiểu thêm: https://www.thtruemart.vn/smart_promo/index/view/?id=53
#THtrueYOGURT #Vingonthatsuthiennhien #SuachuauongThanhTrung #matlanh",77,6,26,2021-04-29 09:22:00,Video
https://www.facebook.com/thmilk/posts/pfbid02aHjXRusZRwk6ZtCsiqAfSVwuHUSoJUT5ACxXCPXycsZpdWp3N7xf51LNuubBUq7cl,"MÁT LẠNH KEM NGON, NHẬN QUÀ HẤP DẪN
Nghỉ lễ này nếu bạn không đi đâu xa, cùng tới ghé thăm các gian hàng của TH true ICE CREAM tại các siêu thị để thưởng thức kem ngon miễn phí và các phần quà hấp dẫn tại:
 Hồ Chí Minh : Aeon Mall Tân Phú, Coop Xa Lộ Hà Nội, Coop Xtra Thủ Đức, Lotte Gò Vấp
 Từ 9h – 21h00 các ngày từ 30/4-2/5/2021
------------------------------
Đặt hàng ngay tại: https://www.thtruemart.vn/
Hoặc các ứng dụng giao hàng thực phẩm:
NOW: http://bit.ly/THtruemart-NOW
Grabmart: http://bit.ly/THtruemart-GrabMart
Baemin: http://bit.ly/THtruemart-Baemin
VinID: 
HN: one://vinid.net/sng/merchants/36210
HCM: one://vinid.net/sng/merchants/36113",71,2,10,2021-04-28 03:23:45,Photo
https://www.facebook.com/thmilk/posts/pfbid02d5N9R6X7FqmehSpW3RuhrTjqLhyNtWTFpS2sLzAeGksuKhVw6aBfjLXnx5GYkUrxl,"TH là một trong số ít các doanh nghiệp được vinh danh giải Vàng Chất lượng quốc gia tại: Lễ trao giải thưởng chất lượng quốc gia và giải thưởng Chất lượng quốc tế châu Á - Thái Bình Dương diễn ra ngày 25.4 tại Hà Nội.
Giải thưởng CLQG năm 2019-2020 được Thủ tướng trao cho TH nhằm ghi nhận những nỗ lực vượt khó trong đại dịch Covid-19. Thời gian qua, TH luôn đạt kết quả tốt trong sản xuất kinh doanh, gia tăng năng suất, chất lượng sản phẩm nhờ đầu tư công nghệ và hệ thống quản trị tiên tiến, khẳng định vị thế trên thị trường trong nước và thế giới.",0,12,37,2021-04-26 21:25:30,GenericAttachmentMedia
https://www.facebook.com/thmilk/posts/pfbid036YXFmcbNK8zTo772qZDB5RNGW1jpcCvAh6pLADQTmbpVK57WwC2ZMF1ARjTwWC9Bl,"SỮA CHUA UỐNG THANH TRÙNG TH TRUE YOGURT HOÀN TOÀN MỚI - TƯƠI NGON TỪ THIÊN NHIÊN

Dòng Sữa Chua Uống TH true YOGURT nay có thêm Sữa Chua Uống Thanh Trùng mới, với 2 hương vị: Có Đường và Hương Dâu Tự Nhiên, mang đến trải nghiệm mát lạnh sảng khoái, tươi ngon từ thiên nhiên. Hãy nhanh tay trở thành một trong những người đầu tiên thưởng thức hương vị tươi ngon hoàn toàn mới này nhé!
-------------------------------------------------
Đặt hàng ngay tại: https://www.thtruemart.vn/
Hoặc các ứng dụng giao hàng thực phẩm:
NOW: http://bit.ly/THtruemart-NOW
Grabmart: http://bit.ly/THtruemart-GrabMart
Baemin: http://bit.ly/THtruemart-Baemin
VinID: 
HN: one://vinid.net/sng/merchants/36210
HCM: one://vinid.net/sng/merchants/36113

#SuaChuaUongThanhTrung #THtrueYOGURT #TuoiNgonTuThienNhien",4304,186,62,2021-04-25 15:27:15,Photo
https://www.facebook.com/thmilk/videos/301629427983465/,"TH TRUE YOGURT - VỊ NGON THẬT SỰ THIÊN NHIÊN
Thưởng thức ngay sữa chua TH true YOGURT hoàn toàn từ sữa tươi sạch, thơm ngon, bổ dưỡng, cho cả nhà luôn vui khỏe. 
Tặng ngay 1 sản phẩm khi mua 8  Sữa chua ăn, Sữa chua ăn TOPKID, Sữa chua uống Phomat TOPKID, Sữa chua uống men sống TH true YOGURT. Còn chờ gì không đến cửa hàng, siêu thị ngay thôi!
-------------------------
► Danh sách cửa hàng TH true mart: www.thmilk.vn/cuahang/
► Đặt hàng online: http://thtruemart.vn/
hoặc gian hàng TH true mart trên ứng dụng NOW, GRAB, BAEMIN:
NOW Hà Nội: https://www.now.vn/bo-suu-tap/chuoi-th-true-mart-ha-noi
NOW TP.HCM: https://www.now.vn/thuong-hieu/th-true-mart-hcm
#THtrueYOGURT #Vingonthatsuthiennhien #Mua8tang1",58,10,14,2021-04-24 09:29:00,Video
https://www.facebook.com/thmilk/posts/pfbid02c4PghexowRdx1d4J2WU1tkjXDzwZPyH7Kh2AKZgXcLATfxJe5ugBQDEdDH8TLFkPl,"NGẠI CHI NẮNG NÓNG, TH TRUE ICE CREAM NHÉ! 
Nắng nóng oi bức tăng theo giờ, thèm đi biển lại ngại quá xa. Muốn lăn xả bể bơi lại sợ chen chúc. Đừng lo, mua ngay kem ngon mát lạnh TH true ICE CREAM chẳng “hệ nóng” nào cản được!
Nhất là mua 4 tặng ngay 1 “chú kem” mát lạnh liền tay. Ghé ngay TH truemart, các điểm bán, siêu thị trên toàn quốc bạn nhé!
-------------
► Danh sách cửa hàng TH true mart: www.thmilk.vn/cuahang/
► Đặt hàng online: http://thtruemart.vn/
hoặc gian hàng TH true mart trên ứng dụng NOW, GRAB, BAEMIN:
NOW Hà Nội: https://www.now.vn/bo-suu-tap/chuoi-th-true-mart-ha-noi
NOW TP.HCM: https://www.now.vn/thuong-hieu/th-true-mart-hcm
► Tìm hiểu thêm: https://www.thtruemart.vn/smart_promo/index/view/?id=53
#THtrueICECREAM, #Kemngontusuatuoisach, #Hoantoantuthiennhien",116,11,23,2021-04-23 14:20:00,Photo
https://www.facebook.com/thmilk/posts/pfbid0eTdop3WXCgkZpRnnJYUPokJw5HGTwRfbNKTePnAqrVxNmKF5r6fRgsXNDLCzwm2Tl,"HOÀN TIỀN TỚI 50.000đ KHI SỬ DỤNG THẺ BAC A BANK TẠI TH true mart
Từ ngày 15/4, khách hàng sẽ được hoàn 20.000 đồng với đơn hàng giá trị từ 100.000 đến 200.000 đồng, hoàn 10% (tối đa không quá 50.000 đồng) đối với đơn hàng giá trị lớn hơn 200.000 đồng.
Mỗi khách hàng hưởng ưu đãi một lần/tuần ở giao dịch đầu tiên đủ điều kiện nhận khuyến mại, và nhận giá trị ưu đãi trong vòng 15 ngày kể từ ngày phát sinh giao dịch.",83,2,14,2021-04-22 19:11:00,GenericAttachmentMedia
https://www.facebook.com/thmilk/posts/pfbid0MM2QwEN36DbLq2Us45LN1KZ4tHJyR4DyYjzkjWz8XpiZumeLNbMjC5bJ1mCiJaSAl,"SUMMER YUMMY – MÓN NGON MÙA HÈ MUA 2 TẶNG 1

Cùng vào bếp làm món ngon cho cả nhà với ưu đãi đặc biệt của TH true Butter và TH true CHEESE
 Tặng ngay một kem hộp TH true ICE CREAM 50g khi mua:
️ 02 sản phẩm bơ TH true Butter 200g 
/hoặc/
️ 01 bơ TH true Butter 2000g + 01 Phomat TH true Cheese Mozzarella

 Chương trình áp dụng tại TH true mart toàn quốc
⏳ Thời gian: Từ 23/4 – 11/5/2021 hoặc đến khi hết hàng khuyến mãi

Mùa hè dậy vị món ngon, từ những chiếc bánh quy thơm lừng, phomai chiên xù giòn thơm, hoa quả nhiệt đới nướng với bơ ăn cùng kem mát lạnh.
Cùng chia sẻ với TH true mart món ngon với bơ và phomat TH bạn nhé!
#Thtruebutter, #Thtruecheese",610,38,18,2021-04-22 00:02:00,Photo
https://www.facebook.com/thmilk/posts/pfbid0JX6munsDmYTnYB1YgpfsRe9N5ivcEqkwigfNUj5SZ2x9SBXFXYBgzvk5q1EvGu2il,"Phá tan nóng hè cùng TH true ICE CREAM
 Kem hộp: Mềm mịn lớp kem, cả nhà đều thích
 Kem sandwich: Lớp kem 2 trong 1 với sô cô la nguyên chất hòa quyện cùng vanilla tự nhiên kẹp giữa hai lớp bánh quy zòn zòn thơm ngon
 Kem Ốc quế: Bánh ốc quế giòn tan, hạt đậu phộng ngậy thơm, kem mát lạnh hết ý
 Kem que: Đa dạng vị kem tự nhiên, thơm bùi đậu xanh, béo ngậy kem phomat
Bạn chọn loại kem nào? TH true ICE CREAM đang có chương trình ƯU ĐÃI MUA 4 TẶNG 1 cùng loại, nhanh chân rinh về bạn nhé!
-------------
► Danh sách cửa hàng TH true mart: www.thmilk.vn/cuahang/
► Đặt hàng online: http://thtruemart.vn/
hoặc gian hàng TH true mart trên ứng dụng NOW, GRAB, BAEMIN:
NOW Hà Nội: https://www.now.vn/bo-suu-tap/chuoi-th-true-mart-ha-noi
NOW TP.HCM: https://www.now.vn/thuong-hieu/th-true-mart-hcm
► Tìm hiểu thêm: https://www.thtruemart.vn/smart_promo/index/view/?id=53
#THtrueICECREAM, #Kemngontusuatuoisach, #Hoantoantuthiennhien",148,11,34,2021-04-21 04:53:00,Photo
https://www.facebook.com/thmilk/videos/3862225540551411/,"MUA 8 TẶNG 1 VỚI TH TRUE YOGURT
Sữa chua TH true YOGURT hoàn toàn từ sữa tươi sạch nguyên chất, lên men tự nhiên, mang lại hương vị thơm ngon từ thiên nhiên, cho cả nhà luôn vui khỏe.
Nhận ngay 1 sản phẩm cùng loại khi mua 8 sản phẩm Sữa chua ăn, Sữa chua ăn TOPKID, Sữa chua uống Phomat TOPKID, Sữa chua uống men sống TH true YOGURT bất kỳ đến 31.5.2021.
Hãy nhanh tay đến cửa hàng, siêu thị để tham gia chương trình!
-------------------------
► Danh sách cửa hàng TH true mart: www.thmilk.vn/cuahang/
► Đặt hàng online: http://thtruemart.vn/
hoặc gian hàng TH true mart trên ứng dụng NOW, GRAB, BAEMIN:
NOW Hà Nội: https://www.now.vn/bo-suu-tap/chuoi-th-true-mart-ha-noi
NOW TP.HCM: https://www.now.vn/thuong-hieu/th-true-mart-hcm
#THtrueYOGURT #Vingonthatsuthiennhien #Mua8tang1",59,1,31,2021-04-20 09:44:00,Video
https://www.facebook.com/thmilk/posts/pfbid023SKtBCYJ6XdvjWo8t4eDoPEe7V1p4YBUrhgtARcdgqQGz8gDQHYxNLjvYQaDzKwJl,"""Crush"" vì sự ngọt ngào hay vì kem mát lạnh tự nhiên đều tuyệt như nhau. Kem dâu và vanilla mềm mịn, lớp sốt dâu và hạt đậu phộng thơm ngậy trên bề mặt, tạo nên vị ngon mê ly. Cùng ghé TH true mart, các siêu thị và điểm bán lẻ trên toàn quốc để rinh về những cây kem TH true ICE CREAM ngọt ngào ngon tuyệt với ưu đãi 4 tặng 1 nhé! 
-------------
► Danh sách cửa hàng TH true mart: www.thmilk.vn/cuahang/
► Đặt hàng online: http://thtruemart.vn/
hoặc gian hàng TH true mart trên ứng dụng NOW, GRAB, BAEMIN:
NOW Hà Nội: https://www.now.vn/bo-suu-tap/chuoi-th-true-mart-ha-noi
NOW TP.HCM: https://www.now.vn/thuong-hieu/th-true-mart-hcm
► Tìm hiểu thêm: https://www.thtruemart.vn/smart_promo/index/view/?id=53

#THtrueICECREAM, #Kemngontusuatuoisach, #Hoantoantuthiennhien",110,11,19,2021-04-18 09:39:00,Photo
https://www.facebook.com/thmilk/videos/508537413648973/,"SỮA CHUA TH TRUE YOGURT ÍT ĐƯỜNG HOÀN TOÀN MỚI
TH true YOGURT nay có thêm sữa chua Ít Đường, giảm 28% lượng Đường, cho vị ngon thật sự thiên nhiên. Còn chờ gì mà không thử ngay nhỉ!
-------------------------
► Danh sách cửa hàng TH true mart: www.thmilk.vn/cuahang/
► Đặt hàng online: http://thtruemart.vn/
hoặc gian hàng TH true mart trên ứng dụng NOW, GRAB, BAEMIN:
NOW Hà Nội: https://www.now.vn/bo-suu-tap/chuoi-th-true-mart-ha-noi
NOW TP.HCM: https://www.now.vn/thuong-hieu/th-true-mart-hcm
#THtrueYOGURT #Vingonthatsuthiennhien #Mua8tang1",119,10,104,2021-04-16 09:34:00,Video
https://www.facebook.com/thmilk/videos/288842759367077/,"VUI HÈ THỎA THÍCH - MUA 4 TẶNG 1 CÙNG TH true ICE CREAM:
Tặng ngay 1 sản phẩm kem cùng loại với hương vị tùy chọn khi mua 4 sản phẩm TH true ICE CREAM cùng loại hương vị tùy chọn.
Thời gian áp dụng: Từ 15/4/2021 - 15/7/2021 hoặc đến khi hết sản phẩm khuyến mại.
Đặt mua ngay để thưởng thức mùa hè mát lạnh với TH true ICE CREAM cùng gia đình và bạn bè nhé!
-------------
► Danh sách cửa hàng TH true mart: www.thmilk.vn/cuahang/
► Đặt hàng online: http://thtruemart.vn/
hoặc gian hàng TH true mart trên ứng dụng NOW, GRAB, BAEMIN:
NOW Hà Nội: https://www.now.vn/bo-suu-tap/chuoi-th-true-mart-ha-noi
NOW TP.HCM: https://www.now.vn/thuong-hieu/th-true-mart-hcm
► Tìm hiểu thêm: https://www.thtruemart.vn/smart_promo/index/view/?id=53
#THtrueYOGURT #Vingonthatsuthiennhien #Mua8tang1",228,23,40,2021-04-15 08:14:55,Video
https://www.facebook.com/thmilk/posts/pfbid02ih8ztRFikGTSttDegLY2hxNdhmJG2ZBAKZuRK9rNPo7JWPWv6uVKvRGaQ4qChJVol,"Chút biến tấu từ chiếc bánh pancake truyền thống, thêm dậy vị cùng Bơ và Phomat tự nhiên TH, cùng vào bếp để làm món ngon thật dễ dàng cho cả nhà nhé:
NGUYÊN LIỆU
• 10g bơ lạt tự nhiên TH true BUTTER
• 5 que phomat Mozzarella TH true Cheese
• 120ml sữa tươi sạch
• 3 quả trứng gà, 50ml mật ong, 15ml dầu oliu
• 50g đường, 250g bột mì, 10g bột nở ( baking powder)
THỰC HIỆN
• Bước 1: Trộn tất cả nguyên liệu theo thứ tự: bột mì – bột nở - dầu oliu – mật ong – trứng gà – sữa tươi và đánh tan hỗn hợp
• Bước 2: Để bột nghỉ trong ngăn mát tủ lạnh 30 phút
• Bước 3: Phomat xé sợi, quyết bơ lên chảo và đổ 1 muỗng canh bột vào
• Bước 4: Thêm phomat xé sợi trên bề mặt pancake để xém vàng và lật
• Bước 5: Thưởng thức với trái cây, mật ong tùy thích
#THtrueBUTTER #THtrueCHEESE",112,9,26,2021-04-14 16:42:36,Photo
https://www.facebook.com/thmilk/posts/pfbid02PFsXaUt27VtCDQmDiv3HUUSYDZipNieR3BKLoUtjtiiGFA2WxzAqxFgFyavMDMfRl,"Lần đầu tiên và duy nhất đến thời điểm này, một Kỷ lục thế giới về chăn nuôi bò sữa được xác lập tại Việt Nam bởi Cụm trang trại tập trung ứng dụng công nghệ cao với quy trình sản xuất khép kín có quy mô lớn nhất thế giới của TH. Kỷ lục đáng tự hào này của nền sản xuất nông nghiệp công nghệ cao Việt Nam có được nhờ:
 Cánh đồng cỏ nguyên liệu thức ăn cho bò quy mô lớn nhất thế giới được cơ giới hóa toàn bộ
 Hệ thống chuồng trại lớn và hiện đại (9 trang trại tại 3 cụm trại) tiêu chuẩn tiên tiến hàng đầu thế giới, đủ sức khắc chế thiên nhiên khắc nghiệt ở miền Trung Việt Nam để tạo môi trường sống lý tưởng cho đàn bò sữa quy mô hơn 45.000 con. 
 Áp dụng công nghệ cao và thiết bị hiện đại từ Israel, New Zealand, Hà Lan...trong tất cả các khâu của quy trình khép kín từ đồng cỏ xanh tới ly sữa sạch
 ♻️ Tiên phong thực thi các chính sách phát triển bền vững tại hệ thống trang trại chăn nuôi và sản xuất khép kín
Tất cả nhằm cho ra dòng sữa tươi sạch, tinh tuý từ thiên nhiên, vì sức khoẻ cộng đồng.",284,12,67,2021-04-14 01:10:18,unknown
https://www.facebook.com/thmilk/videos/1114441859071389/,"SỮA CHUA TH TRUE YOGURT - MUA 8 TẶNG 1
Sử dụng sữa chua TH true YOGURT mỗi ngày để tiêu hóa tốt, tăng cường đề kháng. 
Đừng quên chương trình mua 8 tặng 1 với sản phẩm Sữa chua ăn, Sữa chua ăn TOPKID, Sữa chua uống Phomat TOPKID, Sữa chua uống men sống TH true YOGURT. Đến ngay các cửa hàng, siêu thị để nhận ngay ưu đãi thôi!
-------------------------
► Danh sách cửa hàng TH true mart: www.thmilk.vn/cuahang/
► Đặt hàng online: http://thtruemart.vn/
hoặc gian hàng TH true mart trên ứng dụng NOW, GRAB, BAEMIN:
NOW Hà Nội: https://www.now.vn/bo-suu-tap/chuoi-th-true-mart-ha-noi
NOW TP.HCM: https://www.now.vn/thuong-hieu/th-true-mart-hcm
#THtrueYOGURT #Vingonthatsuthiennhien #Mua8tang1",79,5,42,2021-04-13 09:38:00,Video
https://www.facebook.com/thmilk/posts/pfbid025rYyhRcv82zUERcPhhiysdhEBz86doLGuy3uMgHNY54qjhK9nK44yD26hqxTKKjEl,"SỮA CHUA TH TRUE YOGURT - MUA 8 TẶNG 1
Từ nay đến hết 31/5, nhận ngay 1 sản phẩm cùng loại khi mua 8 sản phẩm Sữa chua ăn, Sữa chua ăn TOPKID, Sữa chua uống Phomat TOPKID, Sữa chua uống men sống TH true YOGURT bất kỳ.
Tới ngay các cửa hàng, siêu thị trên toàn quốc để hưởng khuyến mãi ngay thôi!
-------------------------
► Danh sách cửa hàng TH true mart: www.thmilk.vn/cuahang/
► Đặt hàng online: http://thtruemart.vn/
hoặc gian hàng TH true mart trên ứng dụng NOW:
NOW Hà Nội: https://www.now.vn/bo-suu-tap/chuoi-th-true-mart-ha-noi
NOW TP.HCM: https://www.now.vn/thuong-hieu/th-true-mart-hcm
#THtrueYOGURT #Vingonthatsuthiennhien #Mua8tang1",192,31,45,2021-04-06 21:12:26,Photo
https://www.facebook.com/thmilk/videos/149429247075072/,"Với mong muốn mang đến nhiều lựa chọn đa dạng hơn cho các sản phẩm chiết xuất từ gạo chất lượng cao, Nước Gạo Lứt Đỏ TH true RICE ra đời là phép cộng hoàn hảo giữa hương vị thơm ngon nhờ vị ngọt tự nhiên từ gạo & giá trị dinh dưỡng lành mạnh, tốt cho sức khỏe.

► Danh sách cửa hàng TH true mart: http://www.thmilk.vn/he-thong-cua-hang/
► Đặt hàng online: https://thtruemart.vn",190,27,80,2021-03-31 08:46:52,Video
https://www.facebook.com/thmilk/posts/pfbid023D7SrgDZmDyChFe6uqjSDyfqMeFxJD7kjs9ZbJsLoUVRBooszZaSC7VhwpVVfNw6l,"CÔNG BỐ 10 BẠN MAY MẮN NHẤT - NHẬN 10 CẶP VÉ MỜI tham gia Chương trình nghệ thuật VTV true concert - Thanh âm vĩnh cửu từ thiên nhiên!

Xin chúc mừng các bạn:
1. Tuệ An
https://www.facebook.com/profile.php?id=100051141800821
2. Thuy Nguyen
https://www.facebook.com/profile.php?id=100018357060313
3. Phuong Anh Nguyen
https://www.facebook.com/profile.php?id=100017801709765
4. Xuân Trường
https://www.facebook.com/profile.php?id=100012662978968
5. Nguyễn Hà
https://www.facebook.com/profile.php?id=100049200818802
6. Trần Việt
https://www.facebook.com/profile.php?id=100012362915071
7. Ngọc Diệp
https://www.facebook.com/profile.php?id=100012513726576
8. Hà Vũ
https://www.facebook.com/profile.php?id=100033010712662
9. Tùng Võ
https://www.facebook.com/profile.php?id=100009263505834
10. Tuấn Anh Nguyễn
https://www.facebook.com/totoro.nguyen.7

Các bạn nhanh chóng đến địa điểm sau để nhận vé mời và chuẩn bị tham gia chương trình nhé!

• Địa điểm nhận vé mời: Tòa nhà Ngân hàng Bắc Á, số 9 Đào Duy Anh, Đống Đa, HN.
• Thời gian nhận vé mời: Đến hết 18:00 ngày 26/03/2021

‼ Các bạn inbox fanpage để được hướng dẫn cách thức nhận vé nhé!",51,14,1,2021-03-29 09:49:53,Photo
https://www.facebook.com/thmilk/posts/pfbid0dxNFDjEvQ4xLS7AKM542SWCmxWQjC6grz1TMmHGnnaqJR1wrARybvQeP9QCdFJCWl,"DEAL SỮA HẠT CỰC CHẤT  MUA 2 LỐC TẶNG 1 LỐC ‼️ 3 NGÀY DUY NHẤT 

Từ ngày 24/3 - 26/3, chớp ngay ưu đãi cực hời - MUA 2 LỐC TẶNG 1 LỐC sữa hạt TH true NUT 180ml ☺️

 Lưu ý: Mỗi account được mua 1 lần/ngày, giới hạn 2 lốc cho 1 đơn hàng bạn nhé

 Các kênh áp dụng: TH eLIFE, Now, VinID, Grab Mart

Vẫn còn chần chừ sao? Nhanh tay mở điện thoại ra và đặt ngay vài lốc sữa hạt TH true NUT để cả nhà cùng thưởng thức nhé❗️
---
 Link mua hàng: https://www.thtruemart.vn/smart_promo/index/view/?id=47
#THtrueNUT #HoanToanTuThienNhien",181,87,26,2021-03-27 10:52:55,Photo
https://www.facebook.com/thmilk/posts/pfbid0L478txyYPTwZjK78y7P9oFcnqdWxWhTSF7gsxUjyZjRutDbGJsYE5k1uvAkSKcHcl,"Nhấn nút ""THAM GIA SỰ KIỆN"" để có cơ hội nhận 10 CẶP VÉ MỜI DUY NHẤT tham gia Chương trình nghệ thuật VTV true concert - Thanh âm vĩnh cửu từ thiên nhiên! Chương trình có sự tham gia của các ngôi sao hàng đầu NSND Thu Hiền, NSƯT Vân Mai, Cẩm Vân & con gái CeCe Trương, Trọng Tấn, Khánh Linh, Phương Linh, Hà Lê, Ðinh Mạnh Ninh...
• Thời gian công bố các thành viên may mắn nhận vé mời: Ngày 25/03/2021. 
• Địa điểm nhận vé mời: Tòa nhà Ngân hàng Bắc Á, số 9 Đào Duy Anh, Đống Đa, HN.
• Thời gian nhận vé mời: Từ 9:00 đến 18:00 ngày 26/03/2021",74,11,0,2021-03-25 11:55:57,ProfilePicAttachmentMedia
https://www.facebook.com/thmilk/posts/pfbid02EWovejHXXwVPDM14qsefrYHsgd2xY8C3ooTcyJBTkRD58wAUBGGP79WA7TYubQLql,"Tới gian hàng TH true mart trên BAEMIN ngay để mua các sản phẩm hoàn toàn từ thiên nhiên với nhiều ưu đãi hấp dẫn:
 Giảm giá 10% áp dụng cho toàn bộ Sản phẩm
*Áp dụng từ 24/3 tới 31/3 hoặc đến khi hết quà tặng
 Nhập mã Freeship25 giảm 25.000đ phí giao hàng cho đơn 40.000đ
 Nhập mã Mart28 giảm 28.000đ cho đơn 80.000đ
 Nhập mã Mart40 giảm 40.000đ cho đơn 120.000đ
 Nhập mã Mart45 giảm 45.000đ cho đơn 150.000đ
 Nhập mã Mart50 giảm 50.000đ cho đơn 200.000đ
#thtruemart #BAEMIN",378,75,31,2021-03-23 12:58:58,Photo
https://www.facebook.com/thmilk/posts/pfbid0HF4CNPA2LEwTMwiGexsdjJeZMcn2LqpYWwsYzsGvT5S8L6g49ijS7EepsWHRcGTzl,"Hạnh phúc đích thực là khi cả gia đình cùng nhau tận hưởng những gì tinh tuý nhất từ thiên nhiên, tốt cho sức khoẻ được giữ vẹn nguyên trong bộ sản phẩm hoàn toàn từ sữa tươi sạch của TH.
#TH #True Happiness # hạnhphúcđíchthực",93,6,7,2021-03-21 14:02:00,Photo
https://www.facebook.com/thmilk/videos/452070679206305/,"Hoàn toàn từ sữa tươi sạch của trang trại TH kết hợp cùng các nguyên liệu tự nhiên, TH true MILK thơm ngon bổ dưỡng, tốt cho sức khoẻ cả gia đình.
Nhận ngay 01 hộp cùng loại khi mua 03 lốc Sữa tươi sạch TH true MILK 180 ml từ nay đến hết 30/04/2021.
► Danh sách cửa hàng TH true mart: http://www.thmilk.vn/he-thong-cua-hang/
► Đặt hàng online: https://thtruemart.vn",1531,96,34,2021-03-19 15:05:02,Video
https://www.facebook.com/thmilk/posts/pfbid02tzC27e2hyvjhn1GZmd4DyQGRZPD5SNuAFZTLppfnaaAqqeCJognSaJ96woaYtDvrl,"Đăng ký ngay tại website  http://quatangicecream.thmilk.vn để nhận mã coupon Mua 1 tặng 1 kem TH true ICE CREAM 
Thời hạn: đến hết 3/4 hoặc đến khi hết mã. Đổi mã tại các cửa hàng true mart trên toàn quốc
Áp dụng với Kem Que và Kem Ốc quế TH true ICE CREAM",409,228,99,2021-03-18 12:31:34,GenericAttachmentMedia
https://www.facebook.com/thmilk/posts/pfbid022cpWf3ELFn4vUH2Zv2y67sctkakfRGXyeymuZjhGSC3FegsDA225iRKfVvtcHWP3l,"Với mong muốn mang đến nhiều lựa chọn đa dạng hơn cho các sản phẩm chiết xuất từ gạo chất lượng cao, Nước Gạo Lứt Đỏ TH true RICE ra đời là phép cộng hoàn hảo giữa hương vị thơm ngon nhờ vị ngọt tự nhiên từ gạo & giá trị dinh dưỡng lành mạnh, tốt cho sức khỏe. Sản phẩm bắt đầu có mặt tại hệ thống TH true mart từ 17/03/2021. 
#THtrueRICE #HoanToanTuThienNhien #NuocGaoLutDo",183,10,75,2021-03-17 09:58:06,Photo
https://www.facebook.com/thmilk/videos/470485740750417/,"Mua kem TH true ICE CREAM, tặng ngay túi giữ nhiệt!
Mang thiên nhiên mát lạnh về nhà với TH true ICE CREAM cùng quà tặng siêu độc đáo. Kem ngon, túi xịn - còn phải chờ chi!
-------------
Thời gian: đến 5.4.2021 hoặc đến khi hết quà tặng
Áp dụng tại một số chi nhánh thuộc các hệ thống siêu thị: Co.opMart, Co.opFood, BigC, Aeon, GS25, B's mart, Vinmart,...cùng nhiều hệ thống siêu thị khác
Chi tiết: mua 2 kem hộp to hoặc 4 kem que, kem ốc quế, kem hộp nhỏ cùng loại, nhận ngay 1 túi giữ nhiệt cao cấp",66,49,5,2021-03-16 07:24:38,Video
https://www.facebook.com/thmilk/videos/444087240208358/,"Mang kem TH true ICE CREAM đi muôn nơi với túi giữ nhiệt siêu dễ thương và tiện lợi. Nhận ngay khi mua 2 kem hộp 180g bất kì.
Nhanh tay sở hữu ""bảo bối"" giúp tận hưởng kem TH true ICE CREAM ở bất cứ đâu nào! Áp dụng tại một số chi nhánh thuộc các hệ thống siêu thị: Co.opMart, Co.opFood, BigC, Aeon, GS25, B's mart, Vinmart,...cùng nhiều hệ thống siêu thị khác
#THtrueICECREAM #Tangtuigiunhiet",108,93,12,2021-03-12 02:35:49,Video
https://www.facebook.com/thmilk/posts/pfbid02qBhGoDadmG6dTo3pDpzXnJMsLeKgMDPtxtqwbyKqRZRVnnogv2y1Wt3ZyQMmXddKl,"MUA 2 TẶNG 1 - TH TRUE ICE CREAM
Cùng chia sẻ niềm vui và ngọt ngào tới bé yêu bằng những que kem TOPKID ngộ nghĩnh, mát lạnh. Đừng quên chương trình khuyến mại Mua 2 tặng 1 kem TH true ICE CREAM bất kì tại các cửa hàng true mart nhé chỉ áp dụng đến 12.3 thôi nhé!
#THtrueICECREAM #Mua2tang1",106,8,18,2021-03-10 10:17:45,Photo
https://www.facebook.com/thmilk/posts/pfbid02pbBhGQixEkSL84YoVMPE11VVMKEm1ywuquo8bU8UzBWzc4srtgmMUgBA4GwMxwGfl,"Kết quả trúng MINIGAME – Chọn vị yêu, nhận kem nhiều 
Với sự yêu thương đặc biệt dành cho hương vị Dâu ngọt ngào, team Dâu đã chiến thắng áp đảo.
TH true ICE CREAM chúc mừng 5 bạn may mắn từ team thắng cuộc:
1. Trang Pham
https://www.facebook.com/profile.php?id=100003809406002 
2. Út Tiền
https://www.facebook.com/tien.ut.77964 
3. Nguyễn Khang 
https://www.facebook.com/profile.php?id=100059315348562
4. Dung Trần 
https://www.facebook.com/profile.php?id=100004400985943 
5. Đỗ Thị Tường VI
https://www.facebook.com/cookie.vituong 
Các bạn nhanh inbox Fanpage thông tin cá nhân (Họ tên, Số điện thoại, Địa chỉ) trước ngày 14.3 để có cơ hội nhận được 1 voucher mua kem trị giá 100.000đ nhé. Lưu ý ghi rõ: khách hàng trúng thưởng minigame 
Đừng quên TH true ICE CREAM đang có chương trình nhận ngay 1 túi giữ nhiệt cao cấp khi mua 4 Kem que, TOPKID, Ốc quế, Hộp 50g hoặc 2 Kem hộp 180g tại các siêu thị trên toàn quốc. Đối với những bạn chưa may mắn, hãy đón chờ minigame sau với TH true ICE CREAM nhé!
#THtrueICECREAM #Kemngontusuatuoisach #hoantoantuthiennhien #Tangtuigiunhiet",131,11,5,2021-03-08 17:59:41,Photo
https://www.facebook.com/thmilk/posts/pfbid027L4eS7aT36S8rkp8ajZdUeCbCaNAwxXNP12NrHAvpHALZumn1g4juGNJytzaUMADl,"Phụ nữ như những đoá hoa luôn tươi, luôn cần được chăm sóc, quan tâm bằng những gì ngọt ngào nhất. 8/3 này, cùng dành tặng phải đẹp ""một chút ngọt"" với những cây kem TH true ICE CREAM nhé. 
Bật mí nhỏ, ngọt ngào sẽ được nhân thêm với chương trình mua 2 tặng 1 áp dụng tại hệ thống cửa hàng true mart đấy. Còn chờ gì nữa vì khuyến mại chỉ áp dụng đến 10/3 thôi.
Chúc một nửa thể giới luôn vui vẻ, hạnh phúc và xinh đẹp. 
#THtrueICECREAM #QuoctePhunu #Mua2tang1",110,9,10,2021-03-07 01:41:37,Photo
https://www.facebook.com/thmilk/videos/232769908491043/,"Mua kem TH true ICE CREAM, tặng ngay túi giữ nhiệt!
Mang thiên nhiên mát lạnh về nhà với TH true ICE CREAM cùng quà tặng siêu độc đáo. Kem ngon, túi xịn - còn phải chờ chi!
-------------
Thời gian: 5/3 - 5/4/2021 hoặc đến khi hết quà tặng
Áp dụng tại các hệ thống siêu thị trên toàn quốc có tham gia chương trình
Chi tiết: mua 2 kem hộp to ( 180gr) hoặc 4 kem que, ốc quế, kem hộp nhỏ (50gr) cùng loại, nhận ngay 1 túi giữ nhiệt cao cấp.
#THtrueICECREAM #Tangtuigiunhiet #Mangthiennhienvenha",139,120,14,2021-03-05 09:23:34,Video
https://www.facebook.com/thmilk/posts/pfbid0dHhy9DhobXNFKWvMh3LmoXW5eJyz4DtnFy9QpeThGDyqFLmW3ngQy7V8Q7TwVHWtl,"Tập đoàn TH cùng Tập đoàn phần mềm quản lý doanh nghiệp SAP (Đức) và Nhà tư vấn Deloitte (Anh) đã khởi động Dự án chuyển đổi nền tảng công nghệ lên SAP S/4 HANA với quy mô lớn và bao trùm. Nền tảng SAP S/4 HANA sẽ giúp TH ứng dụng những thành tựu công nghệ cao và khoa học quản trị thế hệ mới nhất để tạo ra những đột phá về năng suất và chất lượng của sản phẩm, dịch vụ.",149,0,17,2021-03-04 07:35:32,GenericAttachmentMedia
https://www.facebook.com/thmilk/posts/pfbid04qMugoTENqdk5F82cK9tmwARthQ7crgzPNMFVPFsTp1ZZdurgBjSaWemsA6hyaT5l,"Mừng ngày 8/3, TH true ICE CREAM mang đến chương trình Mua 2 tặng 1, thay lời chúc một Quốc tế Phụ nữ ngọt ngào, dễ thương như những cây kem TH. Cùng đến ngay chuỗi cửa hàng true mart trên toàn quốc để tận hưởng chương trình khuyến mại nhé!
---------------
 Thời gian áp dụng: 2-10/3
 Áp dụng tại chuỗi cửa hàng true mart: https://www.thmilk.vn/he-thong-cua-hang/",683,183,68,2021-03-03 05:47:31,Photo
https://www.facebook.com/thmilk/videos/124137892957640/,"Dự án Chăn nuôi bò sữa và chế biến sữa công nghệ cao, quy trình khép kín lớn nhất khu vực Đồng bằng sông Cửu Long là bước đi tiếp theo của Tập đoàn TH trong chiến lược phát triển đàn bò sữa, giữ vững vị thế doanh nghiệp dẫn đầu trong phân khúc sữa tươi sạch. Hình ảnh được HTV9 ghi lại tại Lễ khởi công dự án bò sữa TH An Giang.",1531,106,126,2021-03-02 03:59:30,Video
https://www.facebook.com/thmilk/posts/pfbid0YSi7BkmguGwKJU9dYZ9jnEHf9B6FsFNLkAhrwBdDRYFN917pDJQEcdCUAiH6rLdql,"Ngày 27.2.2021, Tập đoàn TH phối hợp với UBND tỉnh An Giang tổ chức lễ khởi công Dự án Chăn nuôi bò sữa và chế biến sữa công nghệ cao tại xã Vĩnh Gia và Vĩnh Phước, huyện biên giới Tri Tôn. Với tổng mức đầu tư 2.655 tỷ đồng, khi đi vào vận hành, đây là dự án chăn nuôi bò sữa tập trung công nghệ cao, quy trình khép kín lớn nhất khu vực Đồng bằng sông Cửu Long",222,13,37,2021-02-28 03:09:02,GenericAttachmentMedia
https://www.facebook.com/thmilk/videos/439590897093008/,"Hoàn toàn từ sữa tươi sạch nguyên chất của Trang trại TH - Trang trại bò sữa tập trung ứng dụng công nghệ cao lớn nhất thế giới, Sữa tươi sạch TH true MILK giữ vẹn nguyên dưỡng chất và tinh tuý từ thiên nhiên, tốt cho sức khoẻ cả gia đình. Nhận ngay 01 hộp cùng loại khi mua 12 hộp Sữa tươi sạch TH true MILK 180 ml từ nay đến hết 30/04/2021.

► Danh sách cửa hàng TH true mart: http://www.thmilk.vn/he-thong-cua-hang/
► Đặt hàng online: https://thtruemart.vn",125,14,32,2021-02-26 02:18:34,Video
https://www.facebook.com/thmilk/videos/713078119380159/,"Năm mới xuân sang, trao ngay quà tặng thiên nhiên tốt cho sức khoẻ cả gia đình khi mua các sản phẩm Sữa tươi sạch TH true MILK 180 ml từ nay đến hết 30/04/2021.
► Danh sách cửa hàng TH true mart: http://www.thmilk.vn/he-thong-cua-hang/
► Đặt hàng online: https://thtruemart.vn",683,114,36,2021-02-19 03:08:24,Video
https://www.facebook.com/thmilk/posts/pfbid0H9hpcTB4qrcAUQAeVYTL4KoNK3iY747PmcqmpwTUDs69iAa2QxpWtJWtuUxs4EEvl,"TH TRUE ICE CREAM - MUA 2 TẶNG 1
Quay trở lại cuộc sống thường nhật, nhớ ghé qua TH true mart để nhận lì xì 1 kem hộp Vanilla 180g khi mua 2 kem cùng loại của TH true ICE CREAM nhé!
Cùng chúc cho một năm mới thanh nhẹ, ngọt ngào như vị kem Vanilla.
-------------
Thời gian áp dụng: đến 28.2.2021
Ap dụng tại hệ thống true mart miền Nam: http://www.thmilk.vn/he-thong-cua-hang/
#THtrueICECREAM #Mua2Tang1 #LixiTet",289,15,8,2021-02-17 21:21:03,Photo
https://www.facebook.com/thmilk/posts/pfbid02G7XdDZR5suYSiT7G8Ek1Uave9RUZEJ7gARmw4UWNwb96eikAq4atn7YeeAJwguzrl,"Năm mới xuân sang, trao ngay quà tặng thiên nhiên tốt cho sức khoẻ cả gia đình khi mua các sản phẩm Sữa tươi sạch TH true MILK 180 ml từ nay đến ngày 30/04/2021",2188,229,40,2021-02-16 15:33:42,Photo
https://www.facebook.com/thmilk/posts/pfbid0L659ncZV6mPc3YgjbcvkNPmCNTo9MYxBmgHNyUtX2oNoiPfsjMPpv1pnpALNyDcal,"Năm mới chẳng cần đi đâu xa để cầu may mắn, chỉ cần mở tủ lạnh lấy TH true NUT và TH true RICE là có ngay combo đỏ đắn cho cả năm rồi. Cùng TH bắt đầu một năm mới thật may mắn các bạn nhé.",171,4,13,2021-02-15 09:46:21,Photo
https://www.facebook.com/thmilk/videos/444939976555553/,"Để cơ thể không bị nặng nề và dễ tiêu hóa sau trong ngày Tết ngập tràn cỗ bàn với hàng tá những món ăn phong phú, hấp dẫn, hãy nhớ sử dụng 2 hộp Sữa Chua Uống Men Sống TH true YOGURT mỗi ngày nhé. Với lợi khuẩn độc quyền TH.paracasei, sản phẩm không chỉ hỗ trợ tốt cho hệ tiêu hóa mà còn giúp tăng cường miễn dịch nữa.
► Danh sách cửa hàng TH true mart:  www.thmilk.vn/cuahang/
► Đặt hàng online: http://thtruemart.vn
hoặc gian hàng TH true mart trên ứng dụng NOW:
NOW Hà Nội: https://www.now.vn/bo-suu-tap/chuoi-th-true-mart-ha-noi
NOW TP.HCM: https://www.now.vn/thuong-hieu/th-true-mart-hcm
#THtrueYOGURT #ViNgonThatSuThienNhien",60,21,13,2021-02-14 03:59:00,Video
https://www.facebook.com/thmilk/posts/pfbid02y1npVumXvVAkURUk4Y3pxR3oAibB1yy4E2K76HknRk4eEa3hpdGhgSUKYWKM8BqQl,"Tạo bất ngờ nho nhỏ cho bữa tiệc Tân niên bằng món Viên Tôm bọc Phomat nhé. Chắc chắn sẽ chẳng ai nghĩ ẩn trong những Viên Tôm bùi bùi quen thuộc kia lại là Phomat TH true CHEESE nóng chảy thơm ngậy, đủ để kích thích vị giác của bất cứ ai thưởng thức.
#THtrueCHEESE #Vientom #Tannien",56,2,8,2021-02-13 11:46:20,GenericAttachmentMedia
https://www.facebook.com/thmilk/posts/pfbid0DhCHDb7xCHKT28bgsNcSW7N6iqbyPauxZip5De4sesA6iD4qnnsJq5su98AsEfQal,"Đầu năm xin chúc mọi nhà
Giàu sang sung túc, thuận hoà an vui.
Trao nhau TH true JUICE,
Cầu cho sức khỏe, niềm vui tròn đầy.",101,1,9,2021-02-12 19:33:40,Photo
https://www.facebook.com/thmilk/posts/pfbid02zmFJZRZGDeJ9ZpfdWEGpVZ82aLhUDQp5nEDGcuFy1LTMpTuj5rfFuDS5Pj5ft11El,"Thời khắc giao thừa đã điểm, nhân dịp năm mới TH chúc bạn một năm dồi dào sức khỏe, an khang thịnh vượng và thật sự hạnh phúc.
#THtrueMILK #Tet2021 #ChucMungNamMoi",126,0,5,2021-02-12 03:21:00,Photo
https://www.facebook.com/thmilk/posts/pfbid0vaan15o6yWy6Jq4zWFQRuf2ZbABvPGpXpA63WvKDEzw3NnyJNcPepbCsVe5hNx4il,"""Nâng cấp"" món đậu nhồi thịt sốt cay quen thuộc bằng bơ TH true BUTTER nhé. Nước sốt bơ cay đậm đà quyện vào đậu và thịt cực dậy vị và đưa cơm. Một lựa chọn thanh nhẹ nhưng vẫn đảm bảo yếu tố đặc sắc trong mâm cơm ngày Tết.
#THtrueBUTTER #Dausotbocay",51,0,4,2021-02-11 11:08:20,GenericAttachmentMedia
https://www.facebook.com/thmilk/posts/pfbid0t3axkHvTPWThJdXXY45kUq5DqLjnuzfiKrZGmFyPKy2B7CYkJgA4jTRXEiE21gXyl,"Thêm đặc sắc cho mâm cơm Tất niên với Gà lúc lắc sốt bơ cam nhé, Miếng gà giòn rụm quyện sốt cam và Bơ TH true BUTTER ngây thơm chắ chắn sẽ là một điểm nhấn đang nhớ cho cả gia đình lẫn những vị khách ghé chơi đấy! 
Đừng quên thực hành ngay và chia sẻ thành quả của bạn với TH nhé !!!
#THtrueBUTTER #Galuclacsotbo",46,2,6,2021-02-10 18:55:40,GenericAttachmentMedia
https://www.facebook.com/thmilk/videos/1156290384817761/,"Cuối năm Tất niên, tiệc tùng, đừng quên sử dụng Sữa chua Men sống TH true YOGURT để bổ sung lợi khuẩn, hỗ trợ hệ tiêu hóa cũng như tăng cường sức đề kháng cho cơ thể.
3 hộp mỗi ngày để luôn thật khỏe mạnh và vui tươi trong suốt dịp lễ nhé! 
#THtrueYOGURT #bosungloikhuan #tangsucdekhang #vingonthatsuthiennhien",72,5,41,2021-02-10 02:43:00,Video
https://www.facebook.com/thmilk/posts/pfbid02TtxzF6BoTP4AjQW6dLh9JwsF11d2KhkuWcEesHkXbpdcpQgakabxDnk7heUKatQ4l,"MUA 2 TẶNG 1 TH true BUTTER

Ưu đãi hấp dẫn chào đón năm mới với bơ lạt tự nhiên TH true BUTTER khi đặt mua tại:
https://www.thtruemart.vn/san-pham/bo-va-phomat/bo-l-t-t-nhien-th-true-butter-200-g.html

 Tặng ngay 1 gói bơ lạt tự nhiên TH true BUTTER 200g khi mua 2 gói bơ lạt TH true BUTTER 200g.
⏳ Thời gian áp dụng: Từ 5/2/2021 - 31/3/2021 hoặc đến khi hết quà tặng.

Món ngon không thể thiếu bơ ngon. TH true BUTTER hoàn toàn từ chất béo của sữa tươi sạch nguyên chất của Trang trại TH sẽ giúp bạn đánh thức đam mê ẩm thực ngày tết, cho những món ăn ngon bổ dưỡng mỗi ngày. Mua ngay để không bỏ lỡ chương trình ưu đãi hấp dẫn chỉ có trong dịp năm mới này nhé.

#thtruemart.vn #thtruebutter",237,21,12,2021-02-10 02:43:00,Photo
https://www.facebook.com/thmilk/posts/pfbid02MFfxGqqpKyJGepRETwqfZMZJufa1FRKKoLJ51eD7d2LUAqHQjGNQH8whJ2TrjPiGl,,77,3,9,2021-02-10 02:43:00,unknown
https://www.facebook.com/thmilk/posts/pfbid0sLXJp69CKg9Xoqehk5PaV8Ez4q9QthnzngPjM9fy1yM7Uu569sqPzoadQgeEX5Gbl,"Thử biến tấu món Chả giò (nem) quen thuộc cho mâm cỗ ngày Tết ông Công ông Táo thêm đặc sắc nhé. Phần nhân thơm ngon quyện vào phomat TH true CHEESE ngầy ngậy, cuộn trong lớp vỏ giòn rụm chắc chắn sẽ đưa người thưởng thức lên từng cung bậc cảm xúc thú vị.
Một chút bất ngờ ngày lễ với TH true CHEESE, tại sao không nhỉ?",60,6,9,2021-02-10 02:43:00,GenericAttachmentMedia
