brand,platform,review_id,username,rating,sentiment_class,headline,review_detail,app_version,country,profile_link,review_date,review_hour
Vinamilk,App Store,14095818111,Lucas Tony 2019,1,Tiêu cực,Chăm sóc khách hàng,"Yếu kém, tổng đài không liên hệ được 24/7, khách hàng nhận chậm sản phẩm cũng không liên lạc được cho ai",1.1.134,VN,https://itunes.apple.com/vn/reviews/id1692238943,23/02/2025,15:33
Vinamilk,App Store,14078541256,Hongatoo,1,Tiêu cực,Tệ,"- Cskh kém - Giao hàng trễ nhiều lần, claim thì tự ý huỷ đơn của khách - Nhập địa chỉ vào app thì định vị nhảy cách xa thực tế mấy km, ship giao tới toàn tự ý thu thêm phụ phí",1.1.134,VN,https://itunes.apple.com/vn/reviews/id927873609,18/02/2025,20:23
Vinamilk,App Store,14075297466,youmakemeblue,1,Tiêu cực,Lừa,"tải app cho khách hành mới giảm 70k nhưng thực ra là áp voucher tối đa 70k, và voicjer cũng k áp được :))))",1.1.134,VN,https://itunes.apple.com/vn/reviews/id1447532501,17/02/2025,22:45
Vinamilk,App Store,14059433427,Lừa đảo so xo,1,Tiêu cực,App đặt hàng như cc,"Mua trên app như cc , vậy mà tồn tại được hơn 17 năm.",1.0.132,VN,https://itunes.apple.com/vn/reviews/id1703111927,13/02/2025,13:00
Vinamilk,App Store,14052900907,Vnm quá tệ,1,Tiêu cực,App và CSKH của Vinamilk cực kỳ tệ,"- Tự huỷ đơn mà ko hề thông báo. - Đơn hàng đã thanh toán nhưng bị huỷ từ phía cửa hàng. Vinamlik giữ tiền hàng của khách, đến ngày thứ 15 khách phải gọi hotline hỏi mới được hoàn tiền. - Đơn hàng đặt hẹn 5 ngày không giao. Ngày thứ 6 tự huỷ đơn với lý do “khách hàng yêu cầu huỷ”. Quá ngang ngược. Chưa xứng đáng 1 sao nha Vinamilk",1.0.132,VN,https://itunes.apple.com/vn/reviews/id1459751817,11/02/2025,17:27
Vinamilk,App Store,14040070349,munlunar,1,Tiêu cực,"Apps lởm, dịch vụ đặt hàng trên app siêu chán","Apps lởm, dịch vụ đặt hàng trên app siêu chán. Đặt hàng từ 3/5, hẹn giao 6/5, mãi không thấy giao hàng, luồng cskh theo dõi đơn hàng thì ko thấy thông tin, lại phải đi search google tìm tổng đài, vào apps thì lỗi k tra cứu đc đơn hàng",1.0.132,VN,https://itunes.apple.com/vn/reviews/id355645013,08/02/2025,03:54
Vinamilk,App Store,14039868050,Thephuong2014,5,Tích cực,Tích điểm,Nếu tích điểm không có thời hạn sẽ tốt hơn để có quà cho bé. Tích điểm sẽ biết mua chính hãng VNM,1.0.132,VN,https://itunes.apple.com/vn/reviews/id703314457,08/02/2025,02:33
Vinamilk,App Store,14038007437,perfectcomment,2,Tiêu cực,Lỗi đặt đơn,Cứ đặt đơn xong là lỗi,1.0.131,VN,https://itunes.apple.com/vn/reviews/id802899150,07/02/2025,14:09
Vinamilk,App Store,14014926296,Người mua hàng@@@@@@@()-)(,1,Tiêu cực,Ở đà lạt nhé,Đặt giao sữa không giao tự ý huỷ với lý do giao không thành công xem lại cách làm việc tự ý huỷ trong khi đó chưa hề giao hay gọi,1.0.131,VN,https://itunes.apple.com/vn/reviews/id1840084999,01/02/2025,04:17
Vinamilk,App Store,14005443004,Phước thảo ca,1,Tiêu cực,Quá ngáo điểm,Cái con gấu bông thích chắc cả năm không đủ hạ điểm xuống xuống cho người ta có động lực cái coi con T uống ngày 5 hộp mà cả năm chưa được,1.0.130,VN,https://itunes.apple.com/vn/reviews/id1126401121,29/01/2025,13:03
Vinamilk,App Store,14004535220,Iuhuyy,1,Tiêu cực,CSKH quá tệ,Thiệt sự rất che dịch vụ CSKH bên này luôn á Quá mức tệ hại,1.0.130,VN,https://itunes.apple.com/vn/reviews/id1530063256,29/01/2025,07:00
Vinamilk,App Store,13983559424,Hạnh199@,1,Tiêu cực,Như cu.t,Không nên tải thêm nặng máy.. mất thời gian tích điểm xong đặt hàng cả tháng nó mới ship..,1.0.127,VN,https://itunes.apple.com/vn/reviews/id1554052443,23/01/2025,06:36
Vinamilk,App Store,13981974139,Học sinh nào,1,Tiêu cực,Như cứt,Hút tiền là chính,1.0.127,VN,https://itunes.apple.com/vn/reviews/id1600844487,22/01/2025,19:35
Vinamilk,App Store,13977892144,avrilxvxx,1,Tiêu cực,App crash lock luôn ip,Trải nghiệm quá tệ,1.0.126,VN,https://itunes.apple.com/vn/reviews/id932090193,21/01/2025,15:15
Vinamilk,App Store,13964086058,Noriizme,1,Tiêu cực,App lỏ,Trừ điểm tích luỹ do hết hạn mà k thông báo ngta để ngta sử dụng điểm. App như c,1.0.126,VN,https://itunes.apple.com/vn/reviews/id501298035,17/01/2025,15:22
Vinamilk,App Store,13942012699,Mymymeomeo910,1,Tiêu cực,Quá tệ,"Kênh bán hàng rất tệ, đặt xong phải đến 90% đơn hàng đều giao muộn hơn dự kiến nhiều ngày. Lần nào cũng phải điện thoại lên giục tổng đài (mất phí) xong mới giao hàng Hơn nữa quà tặng mua xong cũng tự ý đổi của khách, xong nhân viên thì mặc định là khách sai!!!",1.0.126,VN,https://itunes.apple.com/vn/reviews/id1735509060,11/01/2025,06:05
Vinamilk,App Store,13935190579,cụcxjccjcc,1,Tiêu cực,Tích điểm 3 năm xong bị trừ hết sạch,Tích điểm 3 năm xong trừ hết sạch cay thực sự,1.0.123,VN,https://itunes.apple.com/vn/reviews/id1295470700,09/01/2025,06:42
Vinamilk,App Store,13931494776,dung.x6mb,1,Tiêu cực,Tệ,Tích điểm cả năm chưa sử dụng mà app lại xoá mất. Đúng bịp,1.0.123,VN,https://itunes.apple.com/vn/reviews/id646626764,08/01/2025,05:02
Vinamilk,App Store,13928906411,Rangdpnh,1,Tiêu cực,Không nhận đc quà đổi điểm,Đổi điểm lấy quà thì đến hôm giao shipper gọi nhỡ lúc đang bận ko nghe đc hôm sau lên hệ thống thì thấy hàng đã được giao thành công trong khi mình chưa hề nhận gì luôn ( thế là mất công tích điểm luôn t ),1.0.123,VN,https://itunes.apple.com/vn/reviews/id1777380849,07/01/2025,11:04
Vinamilk,App Store,13917073156,A Hè,1,Tiêu cực,Rất tệ,"Mua mấy chục triệu đồng, tích điểm cho đã, đổi voucher đi sử dụng rồi báo là chỉ áp dụng mua online trên app hoặc một vài cửa hàng. Vậy đổi voucher làm gì. Nhắn tin tặng voucher cũng không xài được. Mua bán mà lừa dối khách hàng bằng câu chữ như vầy thì thôi. Quá tệ, bán đã mắc hơn TH, dịch vụ hậu mãi cũng thua xa TH",1.0.123,VN,https://itunes.apple.com/vn/reviews/id1223713852,04/01/2025,00:53
Vinamilk,App Store,13916863449,huyencoii,1,Tiêu cực,Tích điểm cho cố chưa kịp xài đã hết hạn trừ hết,"Đáng lẽ nhưng điểm hết hạn phải đổi sang voucher cho khách hàng để họ dùng. Nhiều lúc bận không có thời gian check, đến khi lấy ra xài thì bị trừ hết. Thôi dẹp mẹ cái tích điểm dùm cái",1.0.123,VN,https://itunes.apple.com/vn/reviews/id907031703,03/01/2025,23:26
Vinamilk,App Store,13913898779,dịcxjjenejsis,1,Tiêu cực,lừa đ,ô đm không đổi quà mà vẫn bị trừ điểm đeo’ hiểu làm ăn kiểu gì . Ăn bao nhiêu đó điểm có giàu lên không ấy nhỉ . 1 lần cào có 10 điểm mà lấy hết của ngta 100 mấy điểm.,1.0.123,VN,https://itunes.apple.com/vn/reviews/id1660022314,03/01/2025,02:51
Vinamilk,App Store,13910643197,HoangTram2356,1,Tiêu cực,Tệ hại,"Đổi điểm xong báo lỗi, không hiện mã giảm trong phần quà đã đổi nhưng vẫn trừ điểm của khách, gửi phản hồi không được giải quyết, rất ức chế, sẽ chuyển qua thương hiệu khác",1.0.123,VN,https://itunes.apple.com/vn/reviews/id580647630,02/01/2025,04:14
Vinamilk,App Store,13904021212,"Mr.Tino,",1,Tiêu cực,Mình đặt hàng online từ hôm 22/3 mà 5 hôm vẫn chưa giao hàng cho mình,Dịch vụ giao hàng chậm chạp kém,1.0.122,VN,https://itunes.apple.com/vn/reviews/id1591432861,31/12/2024,06:15
Vinamilk,App Store,13895524271,trang3189,1,Tiêu cực,tính năng,"làm ăn đối phó, tính năng không cập nhật địa điểm, phản hồi không giải quyết cho khách hàng",1.0.121,VN,https://itunes.apple.com/vn/reviews/id1534860049,28/12/2024,19:15
Vinamilk,App Store,13882068719,Tạo trần...,1,Tiêu cực,Rf,Quá tệ,1.0.121,VN,https://itunes.apple.com/vn/reviews/id1801801899,24/12/2024,21:48
Vinamilk,App Store,13875204776,Nttvaj,1,Tiêu cực,Quá tệ,"Ít quà, đổi quà phải ra cửa hàng không thì lại mất ship. Tệ",1.0.121,VN,https://itunes.apple.com/vn/reviews/id1415538799,22/12/2024,22:08
Vinamilk,App Store,13866786414,hoangnnu13,1,Tiêu cực,app lỗi khi đổi quà,"tích luỹ điểm k dùng dc, bấm đổi quà là vừa bị trừ điểm vừa báo lỗi error gì đó xong điểm tự trừ luôn mà k thấy nút quà đã đổi ở đâu hết",1.0.121,VN,https://itunes.apple.com/vn/reviews/id430901850,20/12/2024,11:41
Vinamilk,App Store,13853513831,adn193849493,1,Tiêu cực,Mua hàng,Đặt hàng k giao tạo ra cái app này lmj,1.0.120,VN,https://itunes.apple.com/vn/reviews/id1376565026,16/12/2024,15:30
Vinamilk,App Store,13853082911,Vinamilk ko đặt đc,1,Tiêu cực,App lỗi,"Kiểu gì cũng ko đặt đc hàng, đặt shopee còn nhanh",1.0.120,VN,https://itunes.apple.com/vn/reviews/id922253647,16/12/2024,12:31
Vinamilk,App Store,13829134089,newsfeed’s,1,Tiêu cực,giao hàng quâ lâu,làm ăn đéo gì mà shiper hỏi nhà ở đâu 3 ngày rồi vẫn chưa giao hàng. trong khi đặt hơn 1 tuần rồi mà méo thấy giao hàng. con mẹ chúng mày,1.0.119,VN,https://itunes.apple.com/vn/reviews/id1647033893,09/12/2024,14:12
Vinamilk,App Store,13808850783,Người hay dùng momo,1,Tiêu cực,"ship hàng gian lận, không hỗ trợ khách hàng","Tôi có mua đơn hàng và có kèm quà tặng là hộp đựng mức tết. Shipper giao hàng khi tôi ko có nhà, tôi đã ck tiền đầy đủ. Tuy nhiên khi về nhà check thì thiếu quà tặng. Đã liên hệ thì bảo hagf quà tặng là đơn giao riêng. Tuy nhiên, hơn 10 ngày vẫ ko nhận đc. Vinamilk là hãng lớn mà làm mất uy tín vậy!!!!!!",1.0.119,VN,https://itunes.apple.com/vn/reviews/id1127445660,03/12/2024,17:21
Vinamilk,App Store,13804736942,Trathinh,1,Tiêu cực,Chăm sóc khách hàng tệ,Feedback không nhân viên hỗ trợ và giải quyết vấn đề cho khách hàng. Sẽ không bao giờ ủng hộ sản phẩm của thương hiệu này nữa.,1.0.119,VN,https://itunes.apple.com/vn/reviews/id1505014295,02/12/2024,12:47
Vinamilk,App Store,13799349439,Mông Chà Bá,1,Tiêu cực,Xem lại đội dev,"Quá tệ, từ UI/UX đến lỗi tè le k mua hàng được",1.0.119,VN,https://itunes.apple.com/vn/reviews/id1078579945,30/11/2024,23:22
Vinamilk,App Store,13791409375,H-3103,1,Tiêu cực,Bị tráo sữa,"Mua cả triệu tiền sữa, không ngờ app lừa đảo, mua 3 thùng thì giao đúng 2 thùng trong đấy 1 thùng bị đổi samg loại sữa khác. App vô dụng bỏ mẹ luôn",1.0.119,VN,https://itunes.apple.com/vn/reviews/id1895089720,28/11/2024,16:13
Vinamilk,App Store,13784721032,t.nhung305,2,Tiêu cực,App lag,"App lag kinh khủng mỗi lần săn sale toàn tự nhảy quà, sđt địa chỉ linh tinh, k áp voucher, k thêm vào giỏ hàng được. Cần cải thiện để có trải nghiệm mượt mà hơn",1.0.118,VN,https://itunes.apple.com/vn/reviews/id781773383,26/11/2024,17:47
Vinamilk,App Store,13784613121,nthanhh🐰,1,Tiêu cực,tệ,"app lag điên, mấy lúc canh sale voucher lag không vô nổi cái giỏ hàng",1.0.118,VN,https://itunes.apple.com/vn/reviews/id1652485871,26/11/2024,17:02
Vinamilk,App Store,13776149865,Ami Huynh,1,Tiêu cực,App mua hàng rất tệ,Đây là 1 app mua hàng tệ nhất mà mình từng thấy.,1.0.118,VN,https://itunes.apple.com/vn/reviews/id615903136,24/11/2024,06:15
Vinamilk,App Store,13751837328,phuongnhi2005,2,Tiêu cực,ship lâu quá,Ở xa đặt hộp sữa tưởng về nhà là ship rồi mà về mấy hôm vẫn chưa thấy giao sữa. Mà không huỷ đơn để ra cửa hàng mua được.,1.0.118,VN,https://itunes.apple.com/vn/reviews/id927595101,17/11/2024,05:25
Vinamilk,App Store,13740938863,Truongqtan,1,Tiêu cực,0đ,"App siêu tệ, k tìm thấy cửa hàng, huỷ đơn đặt hàng, đổi điểm k dùng đc",1.0.118,VN,https://itunes.apple.com/vn/reviews/id1890065288,14/11/2024,01:44
Vinamilk,App Store,13729663849,thảnh qjka,1,Tiêu cực,K tích đc điểm,App lỗi . K tính điểm đc nữa.,1.0.118,VN,https://itunes.apple.com/vn/reviews/id1262449994,10/11/2024,19:26
Vinamilk,App Store,13695985323,Good tốt hay hay,1,Tiêu cực,Sai địa chỉ,Đặt địa chỉ mặc định rồi mới đặt đơn nhưng thanh toán xong lại thấy đơn được giao về địa chỉ khác hoàn toàn. Shipper đến địa chỉ sai cách hơn 10km rồi nói lỗi do khách để huỷ đơn.,1.0.116,VN,https://itunes.apple.com/vn/reviews/id393909819,01/11/2024,01:33
Vinamilk,App Store,13691567494,vuongbsvn,1,Tiêu cực,App quá kém,"IT doanh nghiệp lớn như VNM mà làm cái app dùng không ra gì, tìm sản phẩm ko thấy, mua ko đc toàn báo khu vực không hỡ trợ giao hàng, mà giữa trung tâm thủ đô Hà Nội.",1.0.116,VN,https://itunes.apple.com/vn/reviews/id1282551047,30/10/2024,18:53
Vinamilk,App Store,13677793445,_T267_,1,Tiêu cực,Ăn chặn quà,"Đặt cả sữa và đổi quà cùng lúc(quà gối chữ U), mà chỉ giao sữa, không giao quà. Luôn để trạng thái đơn giao quà là ""sẵn sàng giao"" nhưng thực ra không hề giao. Một hình thức lừa đảo trá hình, mong cơ quan chức năng vào cuộc",1.0.115,VN,https://itunes.apple.com/vn/reviews/id1181738726,26/10/2024,19:13
Vinamilk,App Store,13676188834,User 19m,1,Tiêu cực,App rác,Dùng để đặt hàng mà đặt ở nội thành Hà Nội 7 ngày chưa nhận được hàng. Ra dại,1.0.115,VN,https://itunes.apple.com/vn/reviews/id1883543313,26/10/2024,08:05
Vinamilk,App Store,13672655308,Man110298,5,Tích cực,Nhập mã giới thiệu của mình nha RUQEDN,Nhập mã giới thiệu để cùng được điểm thưởng ạ,1.0.115,VN,https://itunes.apple.com/vn/reviews/id566836854,25/10/2024,07:33
Vinamilk,App Store,13672454272,Huế Hải Dương,1,Tiêu cực,Dịch vụ kém quá,"App k có chỗ góp ý nên phải lên đây phàn nàn chút. App gì đặt mãi k có người giao, xong lại gọi bảo cửa hàng k có người giao e qua cửa hàng lấy. Ơ thế trên app có mục chọn giao hàng miễn phí tận nơi để làm gì? Người ta dùng app đặt để khỏi phải qua cửa hàng mua thì lại bảo qua cửa hàng lấy, mất thời gian!",1.0.115,VN,https://itunes.apple.com/vn/reviews/id1306037765,25/10/2024,06:09
Vinamilk,App Store,13670852708,nhỏ19,1,Tiêu cực,đặt nhưng k giao hàng,đã đặt hàng mãi mới đc 1 mã giảm giá nhưng không thấy giao hàng không có 1 cuộc gọi nhỡ nào . trên app hiện giao hàng k thành công luôn . kiểu j vậy bao nhiêu lần tích điểm,1.0.115,VN,https://itunes.apple.com/vn/reviews/id1829414894,24/10/2024,19:01
Vinamilk,App Store,13670613317,dang2020@,1,Tiêu cực,Chán,"App chậm, ko rẻ hơn so với mua tại cửa hàng",1.0.115,VN,https://itunes.apple.com/vn/reviews/id625442029,24/10/2024,17:22
Vinamilk,App Store,13669031224,Ảtchjyfghj,1,Tiêu cực,ap như qq đổi điểm cho đã xong rồi ko cho áp dụng,Aap như qq đổi điểm cho đã xong rồi ko cho áp dụng,1.0.115,VN,https://itunes.apple.com/vn/reviews/id1882846403,24/10/2024,06:23
Vinamilk,App Store,13668481720,Thockun,1,Tiêu cực,Tệ,Có voucher đúng điều kiện mà xám hết nguyên vùng k chọn được,1.0.115,VN,https://itunes.apple.com/vn/reviews/id1882793018,24/10/2024,02:34
Vinamilk,App Store,13666034321,Như Ý !!,1,Tiêu cực,K hài lòng,Giá cao lại mất ship. Quà tặng thì mua mới đc gửi quà :) tích điểm cũng k dùng đc,1.0.115,VN,https://itunes.apple.com/vn/reviews/id630260733,23/10/2024,09:34
Vinamilk,App Store,13664961475,sljedghduxhd,1,Tiêu cực,Kém,Tích mà vocher mua hàng ngoại trừ câc sản phẩm thông dụng cần mua như sữa thì làm vocher mua hàng để làm gì? Quà thì toàn thứ gì đâu phí thời gian thà làm quét mã như meta care đc 10k vào điện thoại còn hơn,1.0.115,VN,https://itunes.apple.com/vn/reviews/id1386146905,23/10/2024,02:07
Vinamilk,App Store,13661778376,Xingfa.vn,1,Tiêu cực,Dịch vụ quá chán,Gọi giao hàng tiếc tiền dùng sdt đầu 024 để giao như đào lửa ai mà nghe. Gọi lại sau 2 phút thì kêu ko giao nữa huỷ đơn. Làm ăn như cái qq,1.0.112,VN,https://itunes.apple.com/vn/reviews/id926514196,22/10/2024,04:00
Vinamilk,App Store,13657301005,Metommi,1,Tiêu cực,Tệ,Tích đc hơn 100đ rồi tự mất tiêu hết k còn 1 điểm,1.0.111,VN,https://itunes.apple.com/vn/reviews/id1281416517,20/10/2024,20:55
Vinamilk,App Store,13655353936,người phát bực,1,Tiêu cực,app cùi chuối,"cty lớn mà làm cái app chả sử dụng được, cái cơ bản quét mã load lỗi ko, chưa kể mấy cái khác",1.0.111,VN,https://itunes.apple.com/vn/reviews/id1873134499,20/10/2024,07:24
Vinamilk,App Store,13655295319,mmir44,1,Tiêu cực,ap cùi bắp,"đưa mã mà quét ko dc, hãng cho to làm cái ap xàm",1.0.111,VN,https://itunes.apple.com/vn/reviews/id1280086799,20/10/2024,06:59
Vinamilk,App Store,13632580850,toto.tintin,1,Tiêu cực,"App không cho đặt, sữa chua, sữa tươi bịch 220ml",Ngày trước thì giao hàng chậm. Bây giờ thì không cho khách đặt sữa chua và sữa tươi thùng 48 hộp loại 220ml. Sinh ra app để làm gì mà không cho đặt với khách ngay nội thành Hà Nội.,1.0.111,VN,https://itunes.apple.com/vn/reviews/id443030449,13/10/2024,17:15
Vinamilk,App Store,13624148189,Châm khó tính,1,Tiêu cực,Tệ,Tích được cả trăm nghìn điểm xong cuối cùng điểm vứt xó không dùng dc. Mua hàng trên app k mua dc vì báo lỗi liên tục,1.0.111,VN,https://itunes.apple.com/vn/reviews/id1566276001,11/10/2024,06:41
Vinamilk,App Store,13621315003,hmuiii,1,Tiêu cực,Tích điểm k dc,Kém,1.0.111,VN,https://itunes.apple.com/vn/reviews/id1447330519,10/10/2024,11:01
Vinamilk,App Store,13613414275,Ldminh114,1,Tiêu cực,App ngu học,App ngu học,1.0.111,VN,https://itunes.apple.com/vn/reviews/id1287052692,08/10/2024,04:09
Vinamilk,App Store,13601691896,Myquang22025,1,Tiêu cực,Chán,Tích điểm ko vào,1.0.111,VN,https://itunes.apple.com/vn/reviews/id1273782002,04/10/2024,18:44
Vinamilk,App Store,13600878524,Hanh.Nguyen123,1,Tiêu cực,Quá tệ,"Giao diện ko thân thiện, khó dùng. Tính năng chậm chạp. Thời gian dự kiến giao hàng chỉ để làm cảnh, ko có ý nghĩa gì",1.0.111,VN,https://itunes.apple.com/vn/reviews/id690174158,04/10/2024,13:06
Vinamilk,App Store,13571897387,mo lỳ 🖤,1,Tiêu cực,Sử dụng điểm tích điểm,Đổi điểm sang vocher để mua hàng mà app tự huỷ đơn r bảo vocher đã được sử dụng,1.0.110,VN,https://itunes.apple.com/vn/reviews/id1143321394,26/09/2024,03:50
Vinamilk,App Store,13562976990,Ngngocno.2602,1,Tiêu cực,Cần cải thiện tính năng thanh toán,"Chưa bao giờ sử dụng chương trình ứng nào mà tệ như vầy. Đặt đơn hàng chưa khi nào đặt 1 lần mà thành công, QR thì load chậm. Load được thì thành ra lỗi. Đổi phương thức thanh toán do thanh toán không thành công thì bắt huỷ đơn và đặt lại. Refund tiền vô cùng chậm dù khách dùng ví điện tử. Tệ thật sự.",1.0.110,VN,https://itunes.apple.com/vn/reviews/id1660656644,23/09/2024,13:53
Vinamilk,App Store,13560056101,TTM209,3,Trung lập,Thêm định dạng MST mới bằng CCCD đi Dev ơi,Xuất HĐ bằng MST có định dạng CCCD không được,1.0.110,VN,https://itunes.apple.com/vn/reviews/id1127428240,22/09/2024,17:36
Vinamilk,App Store,13552517204,Tai237,1,Tiêu cực,App quá kém,Thanh toán bằng shopeepay qua app đợi load 1 đống bước và đợi khá lâu. App tệ khi dùng thấy phản hồi rất chậm.,1.0.110,VN,https://itunes.apple.com/vn/reviews/id1303655099,20/09/2024,13:15
Vinamilk,App Store,13548988636,Nabii_**_,1,Tiêu cực,Đã thanh toán nhưng không giao,"Chuyện là mình có săn mã sppay để mua hàng của vinamilk trên ví sppay của mình đã trừ tiền, bên sppay cũng đã xác nhận giao dịch thành công nhưng trên app lại hiện chưa thanh toán. Liên hệ chăm sóc khách hàng thì trả lời đang kiểm tra ( kiểm tra tận mấy ngày). Nhắm mình làm được thì hẵn tạo voucher kết hợp với sppay chứ app thì lag ngta khó khăn mới săn được mà giờ tiền thì mất hàng thì không có còn rước cục tức vào người. Công ty lớn mà làm ăn kiểu đó. Mong bên vinamilk thấy và giải quyết nhanh giúp mình",1.0.110,VN,https://itunes.apple.com/vn/reviews/id1565478135,19/09/2024,12:45
Vinamilk,App Store,13548459568,App vinamilk tệ,1,Tiêu cực,Dịch vụ rất tệ,"Vận hành app rất tệ, dịch vụ của vinamilk rất tệ. Mọi người đc thì ghé cửa hàng mua cho nhanh. Chứ dùng app này ko giải quyết đc vấn đề gì đâu",1.0.110,VN,https://itunes.apple.com/vn/reviews/id1505439458,19/09/2024,09:04
Vinamilk,App Store,13547901003,Lũ làm app ngu,1,Tiêu cực,app lỗi,"ngân hàng thì đã trừ tiền nhưng trạng thái đơn hàng thì vẫn ghi là chờ thanh toán, hoàn tiền thì lâu quá lâu, tận gần 1 tháng",1.0.110,VN,https://itunes.apple.com/vn/reviews/id1313365680,19/09/2024,05:12
Vinamilk,App Store,13544634098,Cường Architect,1,Tiêu cực,Quá tệ cho 1 hãng sữa Việt,Một tập đoàn cũ kỹ. chăm sóc khách hàng như quá tệ. gọi ko bao giờ có người bắt máy.,1.0.110,VN,https://itunes.apple.com/vn/reviews/id1434718261,18/09/2024,06:30
Vinamilk,App Store,13543035746,Iamqfang,1,Tiêu cực,🙂,"Đm app đ gì mua hàng cứ lỗi lên lỗi xuống, nhắm k cải thiện đc thì dẹp mẹ app đi bán ngoài thôi :)",1.0.110,VN,https://itunes.apple.com/vn/reviews/id1768967144,17/09/2024,19:24
Vinamilk,App Store,13539969985,hungnq031,1,Tiêu cực,Trải nghiệm quá tệ,Mua hàng giao tận nơi thì không để sẵn giao về địa chỉ mặc định đi. Nó để sẵn giao hàng tại điểm đặt hàng. Ko chọn lại là bốc ngay. Tiền thì hoàn lâu. Mấy trăm nghìn điểm thì mất luôn.,1.0.110,VN,https://itunes.apple.com/vn/reviews/id224106018,16/09/2024,22:07
Vinamilk,App Store,13527102636,bo tí,2,Tiêu cực,app chán,giao hàng lâu kinh khủng. đặt cả tuần mà vẫn trạng thái đang xử lý.điểm chả bh đổi dc quà. chỉ đôi dc điểm mua hàng. quà toàn báo hết,1.0.110,VN,https://itunes.apple.com/vn/reviews/id1818303095,13/09/2024,04:46
Vinamilk,App Store,13525866275,navi vo dich,1,Tiêu cực,Lừa đảo,"Thanh toan thành công mà k giao hàng, huỷ đơn k trả tiền",1.0.110,VN,https://itunes.apple.com/vn/reviews/id1455469920,12/09/2024,20:10
Vinamilk,App Store,13523232871,Long_Tran_Duy,1,Tiêu cực,Trải nghiệm tệ hại,Sợ hãi vì mua hàng online của Vinamilk. Hàng thì mãi không giao. Liên hệ thì không liên hệ được. Huỷ cũng không biết huỷ sao. Mua 1 lần chừa luôn. Công ty lớn mà làm ăn quá kém cỏi.,1.0.110,VN,https://itunes.apple.com/vn/reviews/id1219466649,12/09/2024,01:53
Vinamilk,App Store,13516346285,dva1310,1,Tiêu cực,"Cần mở hotline ngoài giờ hành chính, chức năng report, đánh giá đơn hàng",Mình đặt đơn mà ko biết cửa hàng nào gửi để còn gọi giục. Con thì đói. Đơn hẹn 7:30 giao mà ko thấy đâu. Cửa hàng cũng chẳng liên hệ mình. Mình gọi lên tổng đài thì thấy báo ngoài giờ làm việc. Đơn hoàn thành cũng ko có chức năng đánh giá. Vậy các bạn lấy dữ liệu ở đâu để nâng cao chất lượng dịch vụ?,1.0.110,VN,https://itunes.apple.com/vn/reviews/id788639630,10/09/2024,02:04
Vinamilk,App Store,13509430837,Ghét Lotte mart,1,Tiêu cực,App như cái quần què,"Lag điên, app ngu nhất trần đời, đơn treo đéo có option thanh toán. Ai làm ra cái app hỏi chấm vl",1.0.110,VN,https://itunes.apple.com/vn/reviews/id1348820446,08/09/2024,02:02
Vinamilk,App Store,13505169090,Trang im,1,Tiêu cực,Mất uy tín,Cskh kém. Giao hàng ngày hẹn thì không thấy hàng được giao. Đổi luôn sữa khác cho lành,1.0.110,VN,https://itunes.apple.com/vn/reviews/id1244780625,06/09/2024,20:27
Vinamilk,App Store,13504310034,PhillipNg91,5,Tích cực,Thiết kế đẹp,"App đẹp, nhẹ nhàng và dễ sử dụng!",1.0.110,VN,https://itunes.apple.com/vn/reviews/id1052225374,06/09/2024,14:29
Vinamilk,App Store,13504011622,Bleevn,1,Tiêu cực,App thường xuyên lỗi,"App thường xuyên lỗi khi add sản phẩm vào giỏ hàng, muốn mua mà cũng không mua được. VNM cần đầu tư xây kênh thương mại điện tử xứng tầm với công ty nhé.",1.0.110,VN,https://itunes.apple.com/vn/reviews/id345907857,06/09/2024,12:24
Vinamilk,App Store,13502973299,zxvght,1,Tiêu cực,Tệ,App tệ hại . Hay bị đơ lag,1.0.110,VN,https://itunes.apple.com/vn/reviews/id1138819793,06/09/2024,05:12
Vinamilk,App Store,13501821884,gionnn249,1,Tiêu cực,Quá tệ,"đặt đơn thanh toán qr thì toàn lỗi, tự động nhảy sang cod",1.0.110,VN,https://itunes.apple.com/vn/reviews/id1119024430,05/09/2024,21:12
Vinamilk,App Store,13501813731,nsajdj,1,Tiêu cực,lag k chịu đc,quét thanh toán xoay xong bị văng… thề 20p k hiện được cái mã để thanh toán…nên dẹp app,1.0.110,VN,https://itunes.apple.com/vn/reviews/id667357181,05/09/2024,21:09
Vinamilk,App Store,13501791357,LuDanSoha,1,Tiêu cực,Rác rửi,Cty top đầu vn mà làm ra cái app rác thật sự,1.0.110,VN,https://itunes.apple.com/vn/reviews/id1406285601,05/09/2024,20:59
Vinamilk,App Store,13500106401,Kid 271196,1,Tiêu cực,Quá thất vọng,"Mua quá trời rồi tích điểm cho cố vô, đổi quà xong nó để ở kho đếch thèm giao, xong tự hoàn đơn. Mình mất luôn điểm. Cọc điên cả người",1.0.110,VN,https://itunes.apple.com/vn/reviews/id1113681797,05/09/2024,09:17
Vinamilk,App Store,13499107694,Người kĩ tính,1,Tiêu cực,App lag điên,App lag lòi lìa. Xứng đáng 1 sao,1.0.110,VN,https://itunes.apple.com/vn/reviews/id967381336,05/09/2024,02:21
Vinamilk,App Store,13498209554,ly hieu 0512,1,Tiêu cực,Tự huỷ đơn,"Đơn mình add mã giảm giá bên SPP thanh toán trừ tiền nhưng vào app xem thì tự huỷ đơn, đã nhiều người bị như vậy",1.0.110,VN,https://itunes.apple.com/vn/reviews/id976046567,04/09/2024,20:07
Vinamilk,App Store,13498182538,ghfjdjdis,1,Tiêu cực,TỒI TỆ,"SIÊU LAG, KO THỂ THANH TOÁN. VÀO QL ĐƠN THÌ DỒN Ứ 1 ĐỐNG NHƯNG CŨNG CÓ CHO THANH TOÁN ĐÂU?",1.0.110,VN,https://itunes.apple.com/vn/reviews/id1345067328,04/09/2024,19:56
Vinamilk,App Store,13496567511,ĐM Shopee,1,Tiêu cực,Đặt hàng không giao,"Mang tiếng thương hiệu quốc gia mà làm cái app lởm, đặt hàng thì không giao, chuyển khoản trước bị huỷ đơn chờ cả tuần mới xử lý hoàn tiền, mọi người cân nhắc khi mua",1.0.110,VN,https://itunes.apple.com/vn/reviews/id598484530,04/09/2024,08:43
Vinamilk,App Store,13496191933,luongnam1020,1,Tiêu cực,app tệ,để đợi tích đủ điểm thì mn phải đẻ 5 đứa 1 lúc mới đổi dc nha,1.0.110,VN,https://itunes.apple.com/vn/reviews/id501867642,04/09/2024,06:06
Vinamilk,App Store,13494838348,lẹoangl,1,Tiêu cực,Lag,Web quá tệ,1.0.110,VN,https://itunes.apple.com/vn/reviews/id1310067056,03/09/2024,20:42
Vinamilk,App Store,13494397077,RaeSé,1,Tiêu cực,App chán,"App lag thật sự, mấy tháng rồi mà vẫn chưa cải thiện tốc độ",1.0.110,VN,https://itunes.apple.com/vn/reviews/id1059972861,03/09/2024,17:38
Vinamilk,App Store,13494361177,Bsnwjsnsjsklqkshehb,1,Tiêu cực,App lag kinh hồn,"App lag,đặt 1 tuần không giao hàng",1.0.110,VN,https://itunes.apple.com/vn/reviews/id1367070559,03/09/2024,17:23
Vinamilk,App Store,13494301849,leomeoemodeotrungnhedm,1,Tiêu cực,Có tiền làm lại app không,Sao CTy lớn làm cái app mua hàng nó dỏm dữ v? Mua đồ mà load éo lên thì làm gì dc? Nâng cấp thêm băng thông server hay gì đi chứ,1.0.110,VN,https://itunes.apple.com/vn/reviews/id1130485334,03/09/2024,16:59
Vinamilk,App Store,13494296281,moneybui,1,Tiêu cực,App quá lag.,App quá lag. Cứ mua hàng là lại quay. Bực cả mình,1.0.110,VN,https://itunes.apple.com/vn/reviews/id1003760870,03/09/2024,16:56
Vinamilk,App Store,13489920985,tomy tran 891,1,Tiêu cực,Ứng dụng chậm hơn cụ già,Ứng dụng như cái quần què. Yêu cầu update dù dùng wifi hay 4g cũng down hết 1 ngày cũng ko xong,1.0.110,VN,https://itunes.apple.com/vn/reviews/id898113924,02/09/2024,10:33
Vinamilk,App Store,13486526755,thu28112003,2,Tiêu cực,app như bị lỗi,app gì mà không đặt không được toàn ghi voucher thất bại trong khi mình đặt hàng bình thường ko hề gắn voucher vô,1.0.110,VN,https://itunes.apple.com/vn/reviews/id1008624793,01/09/2024,10:59
Vinamilk,App Store,13470902251,Sơn Lê Công,1,Tiêu cực,Không thể thanh toán nổi :),App lag thật sự. Ạ ông nào làm được cái app lỗi như này,1.0.110,VN,https://itunes.apple.com/vn/reviews/id1050123429,27/08/2024,22:29
Vinamilk,App Store,13457095400,phạm huy123,1,Tiêu cực,Khong có sao nào mới đúng,Quét 6 cái thẻ mà điểm ko lên. App phế,1.0.110,VN,https://itunes.apple.com/vn/reviews/id973416145,23/08/2024,22:36
Vinamilk,App Store,13450471013,Khôi tài,1,Tiêu cực,Chán,"Không hiểu sao mình ap voucher vào toàn bị báo sai số điện thoại , thiếu thông tin nhận hàng là sao . Mình nhìn kĩ đúng lắm r :))) ai cho mình lời giải đáp với.",1.0.110,VN,https://itunes.apple.com/vn/reviews/id1739861886,22/08/2024,00:36
Vinamilk,App Store,13443287774,linhlinh07,1,Tiêu cực,App không tích điểm,Làm chương trình nhưng không cho tích điểm. Vậy khỏi làm cho mất công. Vào đọc đánh giá mới biết không phải mỗi mình bị. biết bao nhiêu thùng mà quét mã đc 1 cái duy nhất :)),1.0.108,VN,https://itunes.apple.com/vn/reviews/id916847950,19/08/2024,22:43
Vinamilk,App Store,13435547971,s smu,1,Tiêu cực,thẻ tích điểm,cho thẻ tích điểm hồi đó 24đ giờ thụt còn 12đ. mở chưởng trình mà sợ lỗ,1.0.108,VN,https://itunes.apple.com/vn/reviews/id1651997558,17/08/2024,16:58
Vinamilk,App Store,13434549067,Haubp93,1,Tiêu cực,Giam tiền khách hàng,Đặt đơn bị huỷ . Tiền hoàn 15 ngày . Đớp tiền khách làm việc khác,1.0.108,VN,https://itunes.apple.com/vn/reviews/id1085521317,17/08/2024,10:02
Vinamilk,App Store,13427455062,"dz,akskkdkd",1,Tiêu cực,Kém,App gì mà chả quét dc cái mã qr để tích điểm. Quá chán,1.0.107,VN,https://itunes.apple.com/vn/reviews/id541405784,15/08/2024,08:46
Vinamilk,App Store,13422843079,Trung.Vu,1,Tiêu cực,App cà quy trình bán hàng đều kém,App và quy trình xử lý đơn hàng rất kém,1.0.106,VN,https://itunes.apple.com/vn/reviews/id1775462541,14/08/2024,00:44
Vinamilk,App Store,13395639871,Kh của VNM,2,Tiêu cực,Mình hy vọng độ ngũ IT đã và đang làm app cho VNM đọc được đánh giá này để cải thiện và thay đổi,"Mình không biết các bạn PTSP hay IT làm về app VNM có đọc tất cả các cm ở đây ko chứ riêng mình là mình đã đọc hết và mình thấy đúng. Mình trải nghiệm app mà thật sự bực mình vì mỗi lần mua hàng là nó lag, nó giựt, phải out ra vô lại nhiều lần mới mua đc 1 đơn hàng. Mình hy vọng với 1 cty sữa hàng đầu VN sẽ đứng ở vị trí của KH để thay đổi và cải thiện. Đừng để càng ngày KH càng chán và lựa chọn SP khác. Vì bây h sự cạnh tranh trong ngành sữa rất khắc nghiệt. Hãy lắm nghe KH để ko mất thị phần là cty sữa hàng đầu VN",1.0.106,VN,https://itunes.apple.com/vn/reviews/id778275768,06/08/2024,03:49
Vinamilk,App Store,13395309160,lynhhcao,1,Tiêu cực,"Dịch vụ TỆ, nhân viên NGU","Chưa thấy nhân viên nào NGU như nhân viên ở đây, dịch vụ TỒI TỆ, COI THƯỜNG KHÁCH HÀNG",1.0.106,VN,https://itunes.apple.com/vn/reviews/id1127575046,06/08/2024,01:32
Vinamilk,App Store,13384771172,thunhi1994,1,Tiêu cực,App lỗi,Tệ.,1.0.106,VN,https://itunes.apple.com/vn/reviews/id1101962041,03/08/2024,00:21
Vinamilk,App Store,13383691758,5s break,1,Tiêu cực,Hệ thống và ứng dụng dùng không ổn định,Hệ thống và ứng dụng dùng không ổn định,1.0.106,VN,https://itunes.apple.com/vn/reviews/id652472002,02/08/2024,16:51
Vinamilk,App Store,13383653691,nbdbdhdjdjr,1,Tiêu cực,App,App quá tệ,1.0.106,VN,https://itunes.apple.com/vn/reviews/id686560752,02/08/2024,16:35
Vinamilk,App Store,13383390000,pyperry,3,Trung lập,"App quá lag, không thanh toán được","App quá lag, không thanh toán được",1.0.106,VN,https://itunes.apple.com/vn/reviews/id524407509,02/08/2024,14:45
Vinamilk,App Store,13383277968,LinhNguyen1000,1,Tiêu cực,App cùi,"App cùi hơn chữ cùi, tải vừa lâu, vừa chậm, vừa lỗi. Mua hàng bực mình. Dẹp luôn Vinamilk. Không bao giờ đụng tới thương hiệu này. Chuyển qua TH thanh lọc cơ thể hơn!",1.0.106,VN,https://itunes.apple.com/vn/reviews/id1022043334,02/08/2024,13:59
Vinamilk,App Store,13383225212,Người1111,1,Tiêu cực,Chê,App lag kinh,1.0.106,VN,https://itunes.apple.com/vn/reviews/id1455593294,02/08/2024,13:37
Vinamilk,App Store,13381619879,Zịt1406,1,Tiêu cực,Quá thật vòng,Làm các app dùng phát bực mình,1.0.106,VN,https://itunes.apple.com/vn/reviews/id1102366536,02/08/2024,02:28
Vinamilk,App Store,13381411396,Tuz1122,1,Tiêu cực,Trải nghiệm ko tốt,Đội ngũ phát triển phần mềm kém quá. Để tình trạng giật lag,1.0.106,VN,https://itunes.apple.com/vn/reviews/id1300539675,02/08/2024,01:01
Vinamilk,App Store,13380322083,Hani9408,1,Tiêu cực,Quá tệ,"Ban đầu 1 lốc tích được 3000 điểm, giờ chỉ còn 1000đ. Dồn được 100 thẻ mà tích k đổi được món gì",1.0.106,VN,https://itunes.apple.com/vn/reviews/id1754793774,01/08/2024,17:27
Vinamilk,App Store,13378592348,Begao2022,4,Tích cực,App bị lỗi,"Vào k được app ạ ,toàn báo lỗi",1.0.106,VN,https://itunes.apple.com/vn/reviews/id1348696032,01/08/2024,05:26
Vinamilk,App Store,13377546595,Lag vch 1,1,Tiêu cực,"Lag, chậm, tệ","App lỗi liên tục, ko vào để mua hàng hay đổi điểm đc. Cả 1 tập đoàn lớn mà làm cái app ko ra gì. Phòng CNTT dùng để trưng hay sao ấy. Dùng mà phát bực luôn",1.0.106,VN,https://itunes.apple.com/vn/reviews/id1579035529,31/07/2024,22:11
Vinamilk,App Store,13377178881,moimoixii,1,Tiêu cực,yếu,App và wed quá yếu k vào mua dc gì,1.0.106,VN,https://itunes.apple.com/vn/reviews/id1743971779,31/07/2024,19:37
Vinamilk,App Store,13377176250,Người dùng app sữa,1,Tiêu cực,App,App quá lag dô không được luôn cứ xoay vòng vòng,1.0.106,VN,https://itunes.apple.com/vn/reviews/id1854208149,31/07/2024,19:36
Vinamilk,App Store,13377122474,no noc52,1,Tiêu cực,tệ,quá lag tải mỗi cái sp k nổi,1.0.106,VN,https://itunes.apple.com/vn/reviews/id1461833702,31/07/2024,19:14
Vinamilk,App Store,13377102991,hà đõi,1,Tiêu cực,Lag,"App lag kinh khủng, muốn mua là load mãi không xong",1.0.106,VN,https://itunes.apple.com/vn/reviews/id557130134,31/07/2024,19:06
Vinamilk,App Store,13376996961,Bíchlai,1,Tiêu cực,Nên nâng cấp app đi lang vài à,Ngày sale là ko bao giờ vô đc ap,1.0.106,VN,https://itunes.apple.com/vn/reviews/id1640939327,31/07/2024,18:22
Vinamilk,App Store,13374561301,thaiminhhoi,1,Tiêu cực,Dẹp app đi,Dẹp app đi,1.0.106,VN,https://itunes.apple.com/vn/reviews/id955419467,31/07/2024,01:27
Vinamilk,App Store,13373100285,Vitran96,1,Tiêu cực,App chậm,Mua hàng mà thanh toán xoay vòng vòng riết hết muốn mua luôn,1.0.106,VN,https://itunes.apple.com/vn/reviews/id1358631023,30/07/2024,15:18
Vinamilk,App Store,13372901425,daudiemdam,1,Tiêu cực,Lag,"Làm cái app phò vđ ra, load giỏ hàng 15p không được",1.0.106,VN,https://itunes.apple.com/vn/reviews/id571945870,30/07/2024,13:55
Vinamilk,App Store,13372899598,HàMew,1,Tiêu cực,cùi,"app cùi bắp, sữa đặt ko giao làm t phải huỷ đơn, mất mã. đợi tiền hoàn cả tháng",1.0.106,VN,https://itunes.apple.com/vn/reviews/id1399159410,30/07/2024,13:54
Vinamilk,App Store,13370109222,Hapu02,1,Tiêu cực,App lởm,"App chậm rì, giao diện rất kém thông minh dùng phát bực",1.0.105,VN,https://itunes.apple.com/vn/reviews/id1853528978,29/07/2024,18:32
Vinamilk,App Store,13367363307,blue294,2,Tiêu cực,Lỗi đặt hàng,Ứng dụng dùng đặt hàng mà lỗi quá. Vô trang thanh toán nhập địa chỉ không được. Loading hoài,1.0.105,VN,https://itunes.apple.com/vn/reviews/id568417131,28/07/2024,23:28
Vinamilk,App Store,13367138457,zacooa,1,Tiêu cực,Tích điểm,"Tích toàn báo lỗi, không có tác dụng gì",1.0.105,VN,https://itunes.apple.com/vn/reviews/id883042164,28/07/2024,21:54
Vinamilk,App Store,13362927996,cái máy tính,1,Tiêu cực,Chê,Gọi là voucher nhưng cx chả đổi đc j lúc nào vào quét mã lại phải cập nhật nặng hết cả máy,1.0.105,VN,https://itunes.apple.com/vn/reviews/id1852866129,27/07/2024,16:39
Vinamilk,App Store,13337210122,Mong kim,1,Tiêu cực,Tệ,App lỗi vào trang đổi quà cứ xoay load mãi không vào được,1.0.105,VN,https://itunes.apple.com/vn/reviews/id1850503633,20/07/2024,06:04
Vinamilk,App Store,13325205584,Tao nèkjkk,1,Tiêu cực,Tích điểm cho cố dô xong lúc nào app cũng báo hết quà k bao giờ thấy cho đổi,"Từng ngày từng ngày dô app chờ có quà để đổi mà lúc nào cũng báo hết tính ra đào lửa hay thật, vậy làm tích điểm đồ chi mệt l thật",1.0.105,VN,https://itunes.apple.com/vn/reviews/id1801105707,16/07/2024,18:42
Vinamilk,App Store,13308705100,tuannm0811,1,Tiêu cực,Chất lượng quá kém,"App chậm giật lag, báo lỗi liên tục, load đi load lại thông tin",1.0.105,VN,https://itunes.apple.com/vn/reviews/id331033339,12/07/2024,00:07
Vinamilk,App Store,13307409760,6139_Trinh,1,Tiêu cực,App gì ordered xong hàng lỗi cũng không biết kiếm ai.,App gì ordered xong hàng lỗi cũng không biết kiếm ai.,1.0.105,VN,https://itunes.apple.com/vn/reviews/id1492815947,11/07/2024,15:07
Vinamilk,App Store,13307328287,Anh 3 py,1,Tiêu cực,Đánh giá,"Tích điểm cả mớ dô giỏ hàng toàn không khả dụng, bọn lừa đảo",1.0.105,VN,https://itunes.apple.com/vn/reviews/id1614511125,11/07/2024,14:33
Vinamilk,App Store,13289521597,Ngọc Linh 25,1,Tiêu cực,Không nên dùng,"CSKH, đơn vị vận chuyển giao hàng quá kém. Đặt hàng gần 2 tuần chưa giao trong khi đã qua dự kiến nhiều ngày. Nhắn với CSKH chỉ nhận được câu trả lời chờ thêm. Lần đầu cũng như lần cuối sử dụng.",1.0.105,VN,https://itunes.apple.com/vn/reviews/id1846058161,06/07/2024,10:53
Vinamilk,App Store,13282692537,Người dùng ubox,1,Tiêu cực,app chán,"lần đầu tiên thấy cái app tệ cỡ này, tích điểm nhiều xong k có quà để đổi, lỗi mãi. để điểm vài hôm lại mất k lí do. Cơ sở cskh quá rề làm ăn lề mề",1.0.105,VN,https://itunes.apple.com/vn/reviews/id1440462947,04/07/2024,11:28
Vinamilk,App Store,13282635309,Jnbybfr,1,Tiêu cực,điểm lừa đảo,tích điểm đổi voucher đặt hàng mãi không chịu giao,1.0.105,VN,https://itunes.apple.com/vn/reviews/id483928148,04/07/2024,11:04
Vinamilk,App Store,13278132494,Gà giòn zuize,1,Tiêu cực,app tệ,app quá tệ .cskh kém . giao hành lâu . sẽ không bao giờ đặt lại nữa …….,1.0.105,VN,https://itunes.apple.com/vn/reviews/id1571598902,03/07/2024,03:48
Vinamilk,App Store,13276990096,Áp lỏ mới nhận xét,1,Tiêu cực,App lỏ,"Tải app để mua sữa có voucher giảm 100k tìm hiểu mãi mới mua được thanh toán và đã lựa chọn sản phẩm vận chuyển được . Xong shop không giao bảo hạn chế vận chuyển. Hạn chế sao còn để khách mua vậy, các sản phẩm hạn chế trên app đã ấn không mua đc r . Tôi đã chọn sản phẩm giao đi đc r để mấy ngày xong không giao. Không giao đc sao k báo trước mất thời gian.",1.0.105,VN,https://itunes.apple.com/vn/reviews/id1670759668,02/07/2024,19:52
Vinamilk,App Store,13276647081,Thuydunhkk,1,Tiêu cực,Phân loại và vận chuyển,Đặt ít đường lại giao có đường Thời gian giao hàng quá dự kiến nhiều ngày,1.0.105,VN,https://itunes.apple.com/vn/reviews/id1605452434,02/07/2024,17:29
Vinamilk,App Store,13275930920,ưuhdjfjrkrbfjrnrifnfnfkdn,1,Tiêu cực,Điêu ngoa,"Tải cho nặng máy rồi tích 1 lóc ban đầu đc 4000, nâng cấp nâng ơ chưa khám phá tính năng mới ntn nhưng tích còn 2000/lóc. Chán",1.0.105,VN,https://itunes.apple.com/vn/reviews/id934122896,02/07/2024,12:31
Vinamilk,App Store,13264777725,xjutjt,1,Tiêu cực,Đặt hàng gần tháng rồi mà chưa giao,Tạo ra app mà ko quản lý các đơn đặt hàng hay sao á,1.0.105,VN,https://itunes.apple.com/vn/reviews/id811988920,29/06/2024,07:04
Vinamilk,App Store,13264104606,Linhnd9212,2,Tiêu cực,Không có lựa chọn nhận hàng tại cửa hàng,App có trải nghiệm KH tệ. Từ lúc đặt đơn đến lúc ship mất 4-5 ngày hoặc cả tuần Trong TH gấp mua sửa cho con là chịu. App nên bổ aung lựa chọn KH nhận hàng tại cửa hàng để nhanh và thuận tiện cho KH,1.0.105,VN,https://itunes.apple.com/vn/reviews/id156616152,29/06/2024,02:23
Vinamilk,App Store,13248789582,Nguoidunguser,1,Tiêu cực,App quá lag,thiệt sự chưa bao giờ mình sử dụng một cái app nào mà lắc như vậy luôn. Mỗi lần đợi mua hàng hoặc bấm thêm sản phẩm là cứ xoay vòng. Mình thật sự không biết là Vinamilk đã quá quen thuộc vào tình thức là offline mua hàng nên không đầu tư vào online hay sao. Sao mà mình mắc bực luôn Á nói thiệt. Đây là trải nghiệm tệ nhất từ trước tới giờ khi mình sử dụng Vinamilk,1.0.103,VN,https://itunes.apple.com/vn/reviews/id1842292242,24/06/2024,16:02
Vinamilk,App Store,13247010659,dungtran1312,1,Tiêu cực,Chê!,"app quá lag, khó sử dụng, trải nghiệm rất tệ, phải huỷ đơn mấy lần",1.0.103,VN,https://itunes.apple.com/vn/reviews/id1379730828,24/06/2024,03:41
Vinamilk,App Store,13246760718,liutiu9098,1,Tiêu cực,Quá kém,App thời tiền sử,1.0.103,VN,https://itunes.apple.com/vn/reviews/id1355805710,24/06/2024,01:56
Vinamilk,App Store,13246714963,H99999999999999,1,Tiêu cực,App web quá tệ,Thề mình chưa thấy cái hãng lớn nào làm app với web tệ như hãng này dùng bực hết cả mình,1.0.103,VN,https://itunes.apple.com/vn/reviews/id1713219581,24/06/2024,01:37
Vinamilk,App Store,13246703167,Mông to,1,Tiêu cực,"App chậm, giải đáp lỗi chậm",Làm được cái app mua hàng mà lag chậm kinh. Xong lỗi tùm lum khó mua,1.0.103,VN,https://itunes.apple.com/vn/reviews/id450079352,24/06/2024,01:32
Vinamilk,App Store,13246666135,:))))))))))))?,1,Tiêu cực,Tệ,Chưa thấy app nào lỏ như app này,1.0.103,VN,https://itunes.apple.com/vn/reviews/id1460439876,24/06/2024,01:17
Vinamilk,App Store,13243177179,Antiappvinamilk,1,Tiêu cực,Quá tệ,Đặt trên app để trừ mã tích điểm mà đặt 2 tháng trời k giao. Ủa vậy tích điểm làm j vậy vinamilk ơi. Đừng down app tích điểm làm j. Tự dưng bị lộ data,1.0.103,VN,https://itunes.apple.com/vn/reviews/id1841765252,23/06/2024,01:03
Vinamilk,App Store,13242774955,Dokimlien,1,Tiêu cực,Tệ vô cùng,"Hãng lớn mà cái làm cái web với app như đồ bỏ đi, đặt hàng thanh toán mất tiền rồi không xác nhận đơn hàng, mất thời gian",1.0.103,VN,https://itunes.apple.com/vn/reviews/id1327522373,22/06/2024,22:16
Vinamilk,App Store,13216211190,vfdefhhgff,1,Tiêu cực,k giao hàng,tích được điểm r đặt dc hàng rồi nhưng k giao nha. Biết thế này thà mua trên shopee còn nhanh hơn,1.0.103,VN,https://itunes.apple.com/vn/reviews/id1437270799,15/06/2024,05:47
Vinamilk,App Store,13180351423,cbdusbsbuxfbfufgjdnsnyxhf,2,Tiêu cực,Không mua được hàng,Những món mình muốn mua đều ko hỗ trợ giao hàng nên ko cho đặt. Rất rất nhiều. Cực khó chịu,1.0.101,VN,https://itunes.apple.com/vn/reviews/id930687636,04/06/2024,20:46
Vinamilk,App Store,13177276055,Linh 7892,1,Tiêu cực,"Đặt đơn hàng trên app từ 11/9, đến nay 24/9 vẫn chưa được giao",Đơn hàng đặt từ 11/9 nhưng không có phương án giao hàng nên cứ chuyển hết cửa hàng này sang cửa hàng kia. Không hỗ trợ khách hàng,1.0.101,VN,https://itunes.apple.com/vn/reviews/id1835601786,03/06/2024,23:25
Vinamilk,App Store,13173255340,Hnirt1995,1,Tiêu cực,Tệ,"Tăng giá rồi còn tăng điểm đổi quà, trừ điểm rồi không nhận dc quà , gọi tổng đài nhiều lần không dc giải quết ! Chê !",1.0.101,VN,https://itunes.apple.com/vn/reviews/id858072364,02/06/2024,19:29
Vinamilk,App Store,13152029258,Khách hàng Vinamilk,1,Tiêu cực,Thương hiệu lớn nhưng làm app này tệ quá,"Chi phí làm app chắc k nhỏ, nhưng k hiểu sao Vinamilk lại k làm tới nơi tới chốn. Lãng phí quá . Đổi điểm nhiều nhưng k xài dc gì luôn á. Chắc xoá app 😂",1.0.100,VN,https://itunes.apple.com/vn/reviews/id1621542532,27/05/2024,16:05
Vinamilk,App Store,13151410551,Uyuyanyen,1,Tiêu cực,Ko đặt mua được hàng,App gì ko biết có cập nhật kho hàng ko mà ngay tttp hầu như sp nào cũng “Chưa hỗ trợ giao hàng”. Tạo cái app ko thấy tiện ích gì hơn mất công tải ko biết nữa,1.0.100,VN,https://itunes.apple.com/vn/reviews/id571728875,27/05/2024,11:47
Vinamilk,App Store,13146711988,Sbhahsgshsgs,1,Tiêu cực,Tệ,Ứng dụng siêu tệ. Cskh cũng tệ nốt,1.0.100,VN,https://itunes.apple.com/vn/reviews/id1832829704,26/05/2024,03:09
Vinamilk,App Store,13135929474,aydenphongn,1,Tiêu cực,Lỗi tích điểm,"Mua tại cửa hàng đều đọc sdt thành viên mà không bao giờ có lịch sử cộng, quá tệ.",1.0.100,VN,https://itunes.apple.com/vn/reviews/id1458598161,23/05/2024,00:17
Vinamilk,App Store,13134266479,optimus&joy,5,Tích cực,Mã giới thiệu DJVNUF,DJVNUF mã giới thiệu,1.0.100,VN,https://itunes.apple.com/vn/reviews/id1098856358,22/05/2024,12:44
Vinamilk,App Store,13131868903,Bdgscqja dchsjbsca,1,Tiêu cực,Hãm,Tích điểm chán chê xong không đổi được gì,1.0.100,VN,https://itunes.apple.com/vn/reviews/id1610158448,21/05/2024,20:05
Vinamilk,App Store,13131235303,Bỉm sữa,1,Tiêu cực,"Quà ko có, app toàn lỗi","Vào app chỗ nhận quà toàn hết hoặc lỗi , lỗi liên tục, mua sữa tích điểm vào 1 đống mà ko dùng dc, quăng cho mâyd cái voucher chán, cả 1 thương hiệu lớn mà cái app chán đời",1.0.100,VN,https://itunes.apple.com/vn/reviews/id1291396562,21/05/2024,15:41
Vinamilk,App Store,13128772709,@lõ,1,Tiêu cực,sữa opptimum,bộ dạo này app hết tặng quà rồi hả,1.0.100,VN,https://itunes.apple.com/vn/reviews/id1824790740,20/05/2024,22:35
Vinamilk,App Store,13126242463,'mmmmajwksn,1,Tiêu cực,tệ,tích điểm để nhìn chứ quà cứ hết vậy tích điểm chi vậy:)),1.0.100,VN,https://itunes.apple.com/vn/reviews/id1536097317,20/05/2024,05:01
Vinamilk,App Store,13119579269,Gn 1999,1,Tiêu cực,Giao hàng chậm lâu,Đặt hàng 6 ngày chưa giao hàng cũng k liên hệ gì với người mua,1.0.98,VN,https://itunes.apple.com/vn/reviews/id1705586410,18/05/2024,06:44
Vinamilk,App Store,13117499004,Hjdikdi cush,1,Tiêu cực,.,Tệ,1.0.98,VN,https://itunes.apple.com/vn/reviews/id1660101138,17/05/2024,16:17
Vinamilk,App Store,13101462427,Vvvvvanvvnx,1,Tiêu cực,Vi,"Quà tặng lúc nào cũng hết, lùa gà quá, mua 1 2 lần thôi luôn",1.0.97,VN,https://itunes.apple.com/vn/reviews/id1002402499,13/05/2024,00:56
Vinamilk,App Store,13088742257,Thunguyen663,3,Trung lập,Quà tang,Lúc nào vô xem cũng hết quà chán ghê á,1.0.97,VN,https://itunes.apple.com/vn/reviews/id1548509552,09/05/2024,08:35
Vinamilk,App Store,13088576289,KH 2025,1,Tiêu cực,Ko vào app được để tích điểm,"App gì mà toàn lỗi, tải đi tải lại bao nhiêu lần vẫn ko vào dc. Sữa mua nhiều muốn tích điểm ko tích dc qua app",1.0.97,VN,https://itunes.apple.com/vn/reviews/id1186028140,09/05/2024,07:26
Vinamilk,App Store,13088485663,Nhh03,1,Tiêu cực,Tích điểm nhưng không đổi được quà,"Tích điểm cho nhiều rồi k đổi được quà gì cả, vậy ra chương trình tích điểm làm gì cho mất công 🙂 chưa bao giờ vào app mà thấy được còn quà gì để đổi.",1.0.97,VN,https://itunes.apple.com/vn/reviews/id1779521430,09/05/2024,06:49
Vinamilk,App Store,13085775698,uyendoan612,1,Tiêu cực,Chưa hỗ trợ giao hàng,Má. Ở ngay cái tp Thái Nguyên mà nó kêu ko hỗ trợ giao hàng. Chả hiểu luôn. Canh cả tháng lúc nào cũng thế bực cả mình,1.0.97,VN,https://itunes.apple.com/vn/reviews/id688923152,08/05/2024,11:59
Vinamilk,App Store,13082632768,SouHieu,3,Trung lập,2⭐️⭐️,đổi quà toàn báo hết lượt,1.0.97,VN,https://itunes.apple.com/vn/reviews/id1495598890,07/05/2024,14:10
Vinamilk,App Store,13080728031,chuongnt2303,1,Tiêu cực,App giao diện ko sử dụng,Kém,1.0.97,VN,https://itunes.apple.com/vn/reviews/id308526711,07/05/2024,00:56
Vinamilk,App Store,13030262475,"Aaaasasa..,,,,,())",1,Tiêu cực,Quá tệ,"Đơn đặt cả tháng trời k giao, người ta có ít điểm đổi thành voucher để mua hàng rồi tự ý huỷ đơn của khách, không hoàn lại điểm, xứng đáng 0 sao, k bao giờ quay lại mua hàng của vinamik nữa",1.0.94,VN,https://itunes.apple.com/vn/reviews/id1441049610,22/04/2024,10:29
Vinamilk,App Store,13029931770,nam2133,3,Trung lập,chưa hài lòng,quà tặng toàn hết,1.0.94,VN,https://itunes.apple.com/vn/reviews/id1649369586,22/04/2024,08:11
Vinamilk,App Store,13022662371,thunguyen0305,1,Tiêu cực,app mở ra cho vui,"rất khó để đổi được quà, mua rất nhiều, tích điểm cũng rất nhiều, nhưng rất hiếm khi có sẵn quà để đổi",1.0.94,VN,https://itunes.apple.com/vn/reviews/id1764846671,20/04/2024,05:42
Vinamilk,App Store,13018654177,dhjoi bc,1,Tiêu cực,NPH như qq,Tích điểm rác rưởi của bọn vô dụng .,1.0.93,VN,https://itunes.apple.com/vn/reviews/id1426031005,19/04/2024,01:52
Vinamilk,App Store,13012718008,MyNguyen.N,1,Tiêu cực,Quá tệ,Phèn,1.0.93,VN,https://itunes.apple.com/vn/reviews/id1752696211,17/04/2024,08:39
Vinamilk,App Store,13011254379,Trg__,3,Trung lập,Vấn đề về giao hàng,"Đặt hàng qua app giao vô cùng lâu, k có ai giải quyết vấn đề về đơn hàng",1.0.93,VN,https://itunes.apple.com/vn/reviews/id1247819287,16/04/2024,22:29
Vinamilk,App Store,13011048315,ガ-,5,Tích cực,tích điểm đổi mã voucher,tích điểm đổi mã ok nha,1.0.93,VN,https://itunes.apple.com/vn/reviews/id1081928888,16/04/2024,21:03
Vinamilk,App Store,13011024913,Hồ Quang Cẩn,1,Tiêu cực,Tích điểm không nhận,"Tích điểm không nhận, được mấy đầu, còn lại lỗi hết. Bịp",1.0.93,VN,https://itunes.apple.com/vn/reviews/id996866848,16/04/2024,20:53
Vinamilk,App Store,13010447377,Bửu Ngà,1,Tiêu cực,Tích điểm ???,Tích điểm làm gì khi quà luôn trong tình trạng hết quà ?????,1.0.93,VN,https://itunes.apple.com/vn/reviews/id1382321804,16/04/2024,16:53
Vinamilk,App Store,13010083505,Truongtot,1,Tiêu cực,Dở tệ,Yếu,1.0.93,VN,https://itunes.apple.com/vn/reviews/id177405929,16/04/2024,14:21
Vinamilk,App Store,13010057869,Kiwwi638,1,Tiêu cực,Quà lừa đảo,Toàn hết quà. Đúng hãng lớn dùng chiêu trò lừa đảo người tiêu dùng. Tiểu nhân 1⭐,1.0.93,VN,https://itunes.apple.com/vn/reviews/id1685395043,16/04/2024,14:10
Vinamilk,App Store,13003155072,Abc1913,1,Tiêu cực,A,"Ap vô dụng nhất mình từng dùng,tích điểm chán chê rồi k dùng dc,vớ vẩn thật sự",1.0.92,VN,https://itunes.apple.com/vn/reviews/id1530032153,14/04/2024,14:14
Vinamilk,App Store,12999817350,lolobcs,1,Tiêu cực,Vinamilk nên xoá app đi,"Đặt hàng trên app nhưng nhân viên không bao giờ kiểm hàng mà phải gọi hỏi xem đơn hàng đã đi chưa, đặt hàng không có thông báo nhận hàng hay xử lý dự kiến bao giờ, tự ý huỷ đơn, kiểm đơn và xuất đơn cũng rất vớ vẩn. Thêm cái tích điểm rất ngu đần, tích đã đời nhưng không có gì để đổi. Vinamilk nghèo lắm hay sao mà không thể mỗi đơn hàng gửi tặng quà mà phải chơi tích điểm đổi quà với số lượng quà hầu như ảo và không có ? Là 1 nhãn hiệu của Việt Nam và lâu đời t thấy vinamilk nên học hỏi nhiều hơn và xoá cái app ngu ngốc này đi. Sử dụng rất bực mình",1.0.92,VN,https://itunes.apple.com/vn/reviews/id455915416,13/04/2024,15:09
Vinamilk,App Store,12997417024,hqvsjajsbhxjs,3,Trung lập,Không thanh toán được,"Chọn sản phẩm xong đến phần thanh toán chỗ phương thức thanh toán không hiện gì, không bấm thanh toán được luôn 😭",1.0.92,VN,https://itunes.apple.com/vn/reviews/id1447682113,12/04/2024,23:49
Vinamilk,App Store,12994660087,bồn như lài,2,Tiêu cực,Cập Nhật hoài,"cập nhật nhiều quá, mấu lúc mất dữ liệu, cần hạn chế cập nhật nha",1.0.92,VN,https://itunes.apple.com/vn/reviews/id1610995579,12/04/2024,06:13
Vinamilk,App Store,12991597243,User limit,1,Tiêu cực,App lag kém,"App lag chẳng vào đc, chập chờn, kém",1.0.92,VN,https://itunes.apple.com/vn/reviews/id1756841526,11/04/2024,10:38
Vinamilk,App Store,12989098171,Linh Ya,1,Tiêu cực,Chậm,App gì lag điên,1.0.92,VN,https://itunes.apple.com/vn/reviews/id522918376,10/04/2024,18:40
Vinamilk,App Store,12987667265,4688!,1,Tiêu cực,Tệ,Tích điểm cho nhiều mà quà vs voucher toàn hết =)) rồi tích điểm làm gì nhãn hàng ơi =)),1.0.92,VN,https://itunes.apple.com/vn/reviews/id1172081280,10/04/2024,09:32
Vinamilk,App Store,12985003966,Quacmo,1,Tiêu cực,Phèn,Phèn,1.0.91,VN,https://itunes.apple.com/vn/reviews/id1799215682,09/04/2024,16:31
Vinamilk,App Store,12983500221,mythemoo,3,Trung lập,Lỗi app,"App vinamilk lỗi liên tục, không cập nhật voucher, giỏ hàng lag. Một hãng lớn như vậy mà làm trải nghiệm mua hàng tệ quá. Rất phí",1.0.91,VN,https://itunes.apple.com/vn/reviews/id132852094,09/04/2024,06:55
Vinamilk,App Store,12980960292,Nguoitieudung_11,1,Tiêu cực,App rất hay bị lỗi,"App bị lỗi liên tục, gây khó chịu cho người dùng",1.0.91,VN,https://itunes.apple.com/vn/reviews/id1528683405,08/04/2024,14:41
Vinamilk,App Store,12978398461,Sun2423,1,Tiêu cực,Đổi quà,Hơi buồn vì đổi quà lúc nào cũng k có :)),1.0.91,VN,https://itunes.apple.com/vn/reviews/id1553763001,07/04/2024,22:19
Vinamilk,App Store,12978362300,ynhi2,1,Tiêu cực,tệ quà toàn voucher,lúc không đủ điểm 1 đóng quà lúc đủ điểm rồi lại hết quà!!! mà hầu hết ngày nào cũng vậy điểm của tui để giành 3 4 tháng vẫn chưa đổi được! lúc nào vào cũng hết ??,1.0.91,VN,https://itunes.apple.com/vn/reviews/id1044636151,07/04/2024,22:05
Vinamilk,App Store,12974839134,Adumanai,1,Tiêu cực,Chiu,Tích điểm chán chê xong lỗi app hoặc k có voucher để đồi,1.0.90,VN,https://itunes.apple.com/vn/reviews/id1604971046,06/04/2024,23:35
Vinamilk,App Store,12963552373,Mỹ Hạnh 9992,1,Tiêu cực,Đơn hàng đặt qua web đã thanh toán nhưng không được giao,"Chất lượng dịch vụ quá tệ, đơn hàng đặt qua app từ ngày 19/7, đã thanh toán nhưng sau gần nửa tháng vẫn chưa nhận được hàng, không có bất cứ tin nhắn hay thông tin nào từ hãng. Gọi điện đến tổng đài nhiều lần đều không có người nghe máy",1.0.90,VN,https://itunes.apple.com/vn/reviews/id1249739651,03/04/2024,23:28
Vinamilk,App Store,12961976380,Hoàng phương ?,1,Tiêu cực,tệ,tệ,1.0.89,VN,https://itunes.apple.com/vn/reviews/id1662642893,03/04/2024,13:24
Vinamilk,App Store,12955046689,Đạt nam định,1,Tiêu cực,Tích điểm,Toàn thấy báo lỗi,1.0.89,VN,https://itunes.apple.com/vn/reviews/id698444719,01/04/2024,17:07
Vinamilk,App Store,12954993781,chuvby,2,Tiêu cực,Lỗi quét tích điểm,Đen xì xì ra k quét đc,1.0.89,VN,https://itunes.apple.com/vn/reviews/id571136135,01/04/2024,16:47
Vinamilk,App Store,12945585321,Hoai 68,1,Tiêu cực,"App toàn bị văng ra, chương trình k ăn thua","App toàn bị văng ra, chương trình k ăn thua. Là công ty lớn mà cái app lỗi miết, k đổi được quà.",1.0.89,VN,https://itunes.apple.com/vn/reviews/id1187880886,30/03/2024,04:41
Vinamilk,App Store,12938822305,đụckd,5,Tích cực,vinamilk,quá tuyệt,1.0.89,VN,https://itunes.apple.com/vn/reviews/id1430759442,28/03/2024,09:28
Vinamilk,App Store,12935087222,Héhhwvsxv,1,Tiêu cực,quá tệ,"tích đc bao nhiêu điểm cuối cùng đều hết voucher, k hiểu tích làm gì? như kiểu lừa đảo",1.0.89,VN,https://itunes.apple.com/vn/reviews/id583144751,27/03/2024,09:36
Vinamilk,App Store,12926007934,Hau 2327,1,Tiêu cực,App không quét được,Quét thẻ được mấy lần đầu Mấy lần sau là cứ lỗi với kêu quét rồi App tệ nha,1.0.88,VN,https://itunes.apple.com/vn/reviews/id1600105554,24/03/2024,23:36
Vinamilk,App Store,12906658610,Lhkav,1,Tiêu cực,Tích điểm cứ bão lỗi,"Quá trời mã tích điểm, chưa quẹt được mà cứ bão lỗi .",1.0.86,VN,https://itunes.apple.com/vn/reviews/id1348919903,19/03/2024,19:59
Vinamilk,App Store,12902042374,Tẩy chay app phí ẩn,1,Tiêu cực,App lỗi,App chưa hoàn thiện xong đã đưa ra tích hợp cùng chương trình khuyến mãi dẫn đến khách hàng hoàn toàn mất phương hướng. App cực tệ. Cần thay đổi nhà cung cấp dịch vụ làm app. Ví dụ: liên hệ Tôi.,1.0.86,VN,https://itunes.apple.com/vn/reviews/id485956214,18/03/2024,14:29
Vinamilk,App Store,12901140468,thvann0,1,Tiêu cực,quá tệ,"tệ quá, lỗi miết bên dịch vụ tư vấn cũng tệ",1.0.86,VN,https://itunes.apple.com/vn/reviews/id1809967595,18/03/2024,08:43
Vinamilk,App Store,12898144371,Lynkt2,1,Tiêu cực,Quá tệ,Tích điểm để đổi quà mà đổi không được lại mất điểm mik đang có ❌,1.0.85,VN,https://itunes.apple.com/vn/reviews/id1423632371,17/03/2024,13:35
Vinamilk,App Store,12897112796,Kim Thiền,1,Tiêu cực,Dịch vụ chăm sóc khách hàng trực tuyến cực tệ.,"Hot line luôn luôn bận, gọi bao nhiêu lần đều thế. Cửa hàng tiếp nhận đơn hàng xa lắc địa chỉ nhận hàng, hàng luôn luôn giao trễ. Có đơn gần nửa tháng mới được nhận. Chat hỗ trợ trực tuyến ngay trên app vẫn còn yêu cầu đăng nhập lại mặc dù ứng dụng đã đăng nhập sẵn. Nói chung trải nghiệm thật tệ khi mọi thắc mắc đều không được giải đáp kịp thời. Đánh giá sau hơn 1 năm tải ứng dụng.",1.0.85,VN,https://itunes.apple.com/vn/reviews/id687879714,17/03/2024,06:59
Vinamilk,App Store,12890401060,Moomonkb,1,Tiêu cực,Tệ,"Tích điểm cho lắm vào toàn hết quà chẳng đổi được gì, vậy ý nghĩa của tích điểm để làm gì dạ?",1.0.85,VN,https://itunes.apple.com/vn/reviews/id496319657,15/03/2024,12:07
Vinamilk,App Store,12873643532,Thay sua,1,Tiêu cực,Quà đâu ?,"Quà báo hết sạch, toàn voucher tiền, mua trên sàn còn rẻ hơn nhiều",1.0.84,VN,https://itunes.apple.com/vn/reviews/id618948870,11/03/2024,01:03
Vinamilk,App Store,12871102615,Sieumeo2910,4,Tích cực,ok,ok,1.0.84,VN,https://itunes.apple.com/vn/reviews/id1713224187,10/03/2024,08:49
Vinamilk,App Store,12869344010,Alpha_stickamn,1,Tiêu cực,App như cút,Ngu,1.0.83,VN,https://itunes.apple.com/vn/reviews/id867370025,09/03/2024,21:35
Vinamilk,App Store,12851226198,Thượng đế của bạn,1,Tiêu cực,Điểm tích lũy bấy lâu không làm gì cũng bị mất hết. Chưa kịp đổi điểm. Lịch sử mua hàng cũng mất hết,Làm ăn thiêu trung thực gây ức chế. Thiêu kênh tương tác với khách,1.0.82,VN,https://itunes.apple.com/vn/reviews/id1697893839,05/03/2024,01:50
Vinamilk,App Store,12844060580,phưnnn@,1,Tiêu cực,lỗi,lỗi nặng:)),1.0.81,VN,https://itunes.apple.com/vn/reviews/id1804449731,03/03/2024,04:03
Vinamilk,App Store,12842195539,Htrhj,1,Tiêu cực,Xàm lol,"Quét bao nhiêu mã qr xong hôm sau mất hết điểm, app như lol mất công tích thẻ",1.0.80,VN,https://itunes.apple.com/vn/reviews/id481281585,02/03/2024,16:08
Vinamilk,App Store,12838019918,..a..èn,1,Tiêu cực,Đơn đã thanh toán thành công nhưng app báo huỷ đơn do chưa thanh toán,"Đơn đã thanh toán thành công qua momo nhưng app báo huỷ đơn do chưa thanh toán, liên hệ hỗ trợ không nhận được phản hồi.",1.0.79,VN,https://itunes.apple.com/vn/reviews/id1251978102,01/03/2024,13:27
Vinamilk,App Store,12835978419,MattheuBT,5,Tích cực,Món ngon,Gia đình mình thích vị của yaourt thạch lá dứa lắm nè !,1.0.79,VN,https://itunes.apple.com/vn/reviews/id85733221,01/03/2024,00:25
Vinamilk,App Store,12835033169,Gia huy🐭,5,Tích cực,A,"Quà đổi chất lượng,xịn sò có điều phải canh mới kịp đổi",1.0.79,VN,https://itunes.apple.com/vn/reviews/id1397129038,29/02/2024,18:22
Vinamilk,App Store,12834193903,Bibi@7,1,Tiêu cực,K,Kêu cập nhật xong mất hết điểm của ngta đị t m ẹ nó,1.0.79,VN,https://itunes.apple.com/vn/reviews/id1803502477,29/02/2024,13:00
Vinamilk,App Store,12828039549,Honghanhoang,1,Tiêu cực,App cùi bắp,Quá tệ tích điểm hoài mà cứ táo hết quà 😏😏 ghét t đổi sữa luôn,1.0.78,VN,https://itunes.apple.com/vn/reviews/id1802926462,27/02/2024,21:41
Vinamilk,App Store,12814158219,vanyen111,1,Tiêu cực,Chán lắm,Tích điểm mà voucher toàn hết. Rất nhiều lần tính đổi điểm mà toàn hết voucher. Xoá app luôn nhé.,1.0.78,VN,https://itunes.apple.com/vn/reviews/id1067204697,24/02/2024,05:00
Vinamilk,App Store,12793087642,Dieuvi5555,1,Tiêu cực,App lỗi,Tích điểm đã rồi lại báo lỗi,1.0.78,VN,https://itunes.apple.com/vn/reviews/id1690026781,18/02/2024,14:23
Vinamilk,App Store,12787804264,Libi Kim,1,Tiêu cực,Ứng dụng mua sắm bất tiện,"Tôi bị lố thời gian giao hàng mà không có bất kỳ chính sách hỗ trợ nào. Phải liên bên fanpage khiếu nại vì trên app không có chatbot, không link với tổng đài. Chưa kể cửa hàng nhận điều phối đơn cũng không hợp lý về địa lý, không có sđt để liên hệ trực tiếp tới cửa hàng. App thiết kế quá tệ!!",1.0.78,VN,https://itunes.apple.com/vn/reviews/id500830922,17/02/2024,04:38
Vinamilk,App Store,12783776512,Maay201,1,Tiêu cực,Quá Tệ,"Không hiểu nổi kiểu gì điểm của mình đang được 500 mấy chục điểm ngủ dậy đêm sáng hôm sau thấy hệ thống tự trừ 255,100 điểm ?? Ủa alo khách mua sữa tích điểm 1lon được 21 điểm mà trừ 12lon của khách ??",1.0.78,VN,https://itunes.apple.com/vn/reviews/id1798698804,16/02/2024,02:54
Vinamilk,App Store,12782926920,1748584872,1,Tiêu cực,Tự trừ điểm,Uổng công tích điểm để giành nhìu vậy mà tự động trừ hết điểm là s. Trong khi k đổi j hết,1.0.78,VN,https://itunes.apple.com/vn/reviews/id1219861994,15/02/2024,21:28
Vinamilk,App Store,12781757408,Diễm Phạm @,1,Tiêu cực,Quá tệ,Tự nhiên trừ hết điểm,1.0.78,VN,https://itunes.apple.com/vn/reviews/id781092104,15/02/2024,14:00
Vinamilk,App Store,12781730886,Nununyununu,1,Tiêu cực,Quá tệ,Toàn bị trừ không không. Tự nhiên bị mất điểm,1.0.78,VN,https://itunes.apple.com/vn/reviews/id526270845,15/02/2024,13:50
Vinamilk,App Store,12769814428,Không ra thể loại hệ thống,1,Tiêu cực,Khốn nạn,Khốn nạn,1.0.78,VN,https://itunes.apple.com/vn/reviews/id1614609736,12/02/2024,09:42
Vinamilk,App Store,12764222173,Oklll123,1,Tiêu cực,Lỗi,"Mua đc 1 lần, lần sau ko thanh toán nổi toàn báo lỗi",1.0.78,VN,https://itunes.apple.com/vn/reviews/id491458028,10/02/2024,21:58
Vinamilk,App Store,12761160310,thuy subi,1,Tiêu cực,Tích điểm,Đổi quà xong vào phần đặt hàng để gửi quà toàn lỗi thế tích điểm làm gì k khác gì lừa đảo khách hàng,1.0.77,VN,https://itunes.apple.com/vn/reviews/id1161278458,10/02/2024,02:24
Vinamilk,App Store,12747046711,TiniNguyen.88,1,Tiêu cực,Quá tệ,Đặt cái đơn sữa trên app thấy thông tin gửi từ Mỹ Đình cách nhà 5km mà 5 ngày không giao nổi đơn. Chuẩn bị hàng mất 3 ngày mới xử lý xong. Dự kiến giao ngày 6/6 mà đến ngày 7/6 vẫn chưa thấy giao??? Hãng xoá app luôn đi. Hãng lớn vậy mà cái app đánh giá có 2 sao là tự hiểu,1.0.77,VN,https://itunes.apple.com/vn/reviews/id1556723643,06/02/2024,08:14
Vinamilk,App Store,12735807474,ưhavck,1,Tiêu cực,UX quá tệ,"App cực xấu, chọn font chữ xấu, hẹp, khó đọc, quá nhiều chữ thừa thãi. Lúc vào từng mục sản phẩm có hàng tag ở trên tưởng là để phân loại sp trong hạng mục đấy tìm cho dễ, nhưng ko, nó lại là tag của những sản phẩm khác, ko hiểu sao lại làm vậy. Rồi sản phẩm có vẻ bán theo thùng chứ ko bán lẻ, hoặc các bạn phân loại trên app quá tệ mình cx ko muốn scroll nữa mà phải xoá app luôn :). Team designer chắc mạnh graphic ko mạnh UX hả, lâu lắm mới trải nghiệm 1 cái app giao diện tệ ntn",1.0.77,VN,https://itunes.apple.com/vn/reviews/id1151913184,03/02/2024,08:26
Vinamilk,App Store,12722225662,KH.1998...,1,Tiêu cực,Tệ,"Đổi quà 120.000 điểm, trừ xong k gửi là sao? Uy tín mất thù cty còn j để cho KH tin tưởng?",1.0.76,VN,https://itunes.apple.com/vn/reviews/id1122172689,30/01/2024,17:39
Vinamilk,App Store,12719266216,RUBYbw,1,Tiêu cực,không thanh lương cho nhân viên,"công ty làm ko thanh lương cho nhân viên, thanh mỗi lần có vài trăm ai mà dám làm nữa",1.0.75,VN,https://itunes.apple.com/vn/reviews/id1792634214,29/01/2024,22:45
Vinamilk,App Store,12700126345,18373):??:73!,1,Tiêu cực,Đổi quà mất điểm không nhận được quà,"Thất vọng, luôn tin tưởng Vinamilk nhưng cái app như lìn",1.0.73,VN,https://itunes.apple.com/vn/reviews/id1790885409,24/01/2024,20:28
Vinamilk,App Store,12692765997,ngọc ảnh ngọc anh,5,Tích cực,Trước mắt vẫn ok chưa bị lỗi lầm gì,Đã tích điểm cà đổi voucher mua hàng 2 lần đều thành công,1.0.73,VN,https://itunes.apple.com/vn/reviews/id1250209449,22/01/2024,21:26
Vinamilk,App Store,12689116104,yumi9x,1,Tiêu cực,Tích điểm cho cố. Đổi này đổi kia xong méo cho dùng. Như sh,Tệ. Như qq,1.0.73,VN,https://itunes.apple.com/vn/reviews/id668917436,21/01/2024,22:07
Vinamilk,App Store,12687537186,Tumixz,1,Tiêu cực,Dịch Vụ online và CSKH quá tệ,Đặt optinum colos nhưng giao colos gold. CSKH qua zalo rất kém cả về mặt chuyên môn sữa lẫn dịch vụ. Tôi sẽ không bao giờ mua vinamilk cho con tôi nữa.,1.0.73,VN,https://itunes.apple.com/vn/reviews/id511096673,21/01/2024,12:02
Vinamilk,App Store,12669827143,Ea kênh,1,Tiêu cực,A,Tích điểm đã rồi báo lỗi . Lỗi đúng lúc ghê,1.0.73,VN,https://itunes.apple.com/vn/reviews/id1788076982,16/01/2024,18:53
Vinamilk,App Store,12658565693,quye le,1,Tiêu cực,Cập nhật xong hỏng luôn,"Bắt cập nhật lên bản mới nhất, mà cập nhật xong k vào đc luôn. Vào là văng ra vào là văng ra. Cả tuần rồi mà chưa có bản sửa lỗi",1.0.73,VN,https://itunes.apple.com/vn/reviews/id1252155654,13/01/2024,18:56
Vinamilk,App Store,12657876590,Tường Lâm Lan,1,Tiêu cực,App hỏng,Lừa t à ngồi cào cào quét quét cả buổi mã không khả dụng là sao,1.0.73,VN,https://itunes.apple.com/vn/reviews/id786983372,13/01/2024,14:32
Vinamilk,App Store,12655437709,tiktok.mebanhbaonguyen,1,Tiêu cực,Tặng quà hỏng,"Quà đã vỡ rồi còn tặng, thà k có tích điểm đổi quà còn hơn",1.0.73,VN,https://itunes.apple.com/vn/reviews/id1298369855,12/01/2024,22:57
Vinamilk,App Store,12653747210,Huyn_,3,Trung lập,Chất lượng app,Mới tải về dùng bình thường sang hôm sau cái k quét đc cái mã ở thẻ tích điểm nữa:)),1.0.73,VN,https://itunes.apple.com/vn/reviews/id1782217056,12/01/2024,12:09
Vinamilk,App Store,12653335207,Ng mua sữa,1,Tiêu cực,Trải nghiệm quá tệ,Mất công tích dc vài thẻ xong toàn báo lỗi. Vào đọc đánh giá mới biết nhiều ng bị. Thôi dẹp ba cái trò tích điểm đi. Mất thời gian,1.0.73,VN,https://itunes.apple.com/vn/reviews/id696504305,12/01/2024,09:31
Vinamilk,App Store,12652088480,cjelnc,2,Tiêu cực,toàn lỗi chán,2 sao,1.0.73,VN,https://itunes.apple.com/vn/reviews/id868283470,12/01/2024,01:33
Vinamilk,App Store,12651982367,hellotuctuc,1,Tiêu cực,Tích điểm lỗi,tích điểm dc 3 lần xong vô app lỗi,1.0.73,VN,https://itunes.apple.com/vn/reviews/id300783438,12/01/2024,00:53
Vinamilk,App Store,12651753921,Thanhtruc0102,2,Tiêu cực,app lỗi,lỗi Iồn j lỗi lắm thế,1.0.73,VN,https://itunes.apple.com/vn/reviews/id1506077345,11/01/2024,23:25
Vinamilk,App Store,12650867924,trantran51,1,Tiêu cực,Đặt sữa chua trên app,"Đặt trên app xong kêu giao 12/5 , qua ngày 12/5 cái báo huỷ , kêu không liên lạc được , nhưng mà mình không nhận được 1 cuộc đt nào. Là app để đơn như vậy để trưng sau đó không giao đúng không ạ ? Thà báo huỷ ngay từ đầu để đặt app khác , đợi 1 tuần sau mới báo huỷ .",1.0.73,VN,https://itunes.apple.com/vn/reviews/id1052588843,11/01/2024,17:46
Vinamilk,App Store,12647164598,Mẹ bỉm sữa sâu,1,Tiêu cực,Đặt hàng khuyến mãi bùng hàng không giao,Làm ăn gian lận,1.0.73,VN,https://itunes.apple.com/vn/reviews/id1655375341,10/01/2024,18:06
Vinamilk,App Store,12643420477,Ngoctuyet2804,2,Tiêu cực,Không hỗ trợ phiên bản cũ,Không còn hỗ trợ iOS version 14 sau khi cập nhật :(,1.0.73,VN,https://itunes.apple.com/vn/reviews/id1591923246,09/01/2024,18:11
Vinamilk,App Store,12638742687,Bonglien46,1,Tiêu cực,Trảu nghiệm vô cùng tệ!,"Trải nghiệm app quá tệ. Đặt hàng xong không thấy có nhân viên liên hệ hỗ trợ hay ntn. Tra cứu hành trình đơn cũng không. Gọi tổng đài 1900 lúc nào cũng báo hết giờ làm việc. Đặt hàng từ 5/5, ghi rõ 8/5 nhận đc, nhưng tận 10/5 vẫn k thấy đâu. K có cách nào để tra cứu đơn hàng đang ở đâu, k có cái gì để liên hệ. Làm ăn quá chán, quá nhiều thiếu sót!",1.0.73,VN,https://itunes.apple.com/vn/reviews/id1579420969,08/01/2024,12:18
Vinamilk,App Store,12638447912,ngoremon,1,Tiêu cực,lỗi app,"bấm vào tự out ra, gần hết hạn điểm lại ko cho vào",1.0.73,VN,https://itunes.apple.com/vn/reviews/id1576175103,08/01/2024,10:25
Vinamilk,App Store,12635743633,gemmm123,1,Tiêu cực,Đặt sữa trên app,"Đặt sữa trên app mà k thấy giao luôn, qua ngày giao dự kiện vẫn không thấy đâu, không có phương thức liên hệ hỗ trợ kiểm tra đơn trên app. Thiết kế quá kém",1.0.73,VN,https://itunes.apple.com/vn/reviews/id916045642,07/01/2024,17:08
Vinamilk,App Store,12621107959,Ngoc vu vk,1,Tiêu cực,Tự ý huỷ đơn của khách,"Vinamilk tự ý huỷ đơn của khách, om 1 tuần không giao",1.0.71,VN,https://itunes.apple.com/vn/reviews/id1169267152,03/01/2024,19:38
Vinamilk,App Store,12617394753,minhprodn,1,Tiêu cực,App K dùng được,"App gì đâu bấm vào là văng ra , k dùng được app. Thật sự tệ",1.0.71,VN,https://itunes.apple.com/vn/reviews/id735549997,02/01/2024,19:54
Vinamilk,App Store,12599331562,Hhuyennhe,5,Tích cực,Nn,Ok,1.0.71,VN,https://itunes.apple.com/vn/reviews/id1735697366,29/12/2023,00:30
Vinamilk,App Store,12591789686,heoheo51123,2,Tiêu cực,Lỗi???,Sao mình vào app k được nhỉ? Cứ bấm vào biểu tượng của app là bị văng ra màn hình chính,1.0.70,VN,https://itunes.apple.com/vn/reviews/id1118064528,27/12/2023,00:19
Vinamilk,App Store,12590601034,Người dùng ios13,1,Tiêu cực,kém,"đặt hàng từ 22/4 cửa hàng 134 ngô gia tự đức giang hn. Giao hàng dự kiến ngày 25 mà đến ngày 27 mk hỏi vẫn kh phản hồi, chưa nhận dc hàng, kém thật",1.0.70,VN,https://itunes.apple.com/vn/reviews/id1540399416,26/12/2023,16:43
Vinamilk,App Store,12584645242,Người đã sử dụng sản phẩm,1,Tiêu cực,quá tệ,"rât là mấy thời gian luôn. nghĩ bụng tích điểm lấy voucher mà toàn kiểu hết hạn, rồi lỗi, tích mãi cũng chả có tác dụng gì. mang tiếng là Thương Hiệu lớn mà k ngờ làm ăn xảo trá vậy luôn. chắc từ nay phải đổi sữa quá. bực mình. đề nghị CT xem xét lại",1.0.70,VN,https://itunes.apple.com/vn/reviews/id1231078567,25/12/2023,02:40
Vinamilk,App Store,12581234261,ayi8688,1,Tiêu cực,"App chán, chả để làm gì","Đặt hàng mấy ngày không giao, trên app cũng chả tác động được gì, tự lên tìm sdt hotline gọi xong cũng chả giao hàng, xoá app",1.0.70,VN,https://itunes.apple.com/vn/reviews/id425116317,24/12/2023,04:53
Vinamilk,App Store,12580622724,Lion leo sư tử,1,Tiêu cực,Mất điểm,Tích điểm xong tự nhiên bị dăn ra nhập số điện thoại lại mất hết điểm đã tích.,1.0.70,VN,https://itunes.apple.com/vn/reviews/id1779943783,24/12/2023,00:58
Vinamilk,App Store,12580409064,Kẻ huỷ diệt app như lon,1,Tiêu cực,Dielac,Cập phiên bản mới xong là hết quét được mã :)),1.0.70,VN,https://itunes.apple.com/vn/reviews/id1617323521,23/12/2023,23:36
Vinamilk,App Store,12574808249,Robyparty,5,Tích cực,Ok ok,Đổi được nhiều quà bé thích. Mong công ty cập nhật nhiều quà hơn ạ,1.0.69,VN,https://itunes.apple.com/vn/reviews/id806101516,22/12/2023,11:49
Vinamilk,App Store,12566199825,Huỳn huỳnnn,1,Tiêu cực,Chán,"bọc hàng chán,bọc được 1lớp nilong mà không phải chống sốc. Nhỡ va đập ai biết chất lượng bên trong hộp sữa có bị hở, ảnh hưởng hay không.",1.0.68,VN,https://itunes.apple.com/vn/reviews/id1613626415,20/12/2023,04:49
Vinamilk,App Store,12558263238,F u i.,1,Tiêu cực,Tích điểm,Tích điểm mà toàn hết quà không đổi được gì hết,1.0.68,VN,https://itunes.apple.com/vn/reviews/id497468153,18/12/2023,02:07
Vinamilk,App Store,12554304978,Khanhhuyen.com,2,Tiêu cực,.,"Tích điểm đã ko có quà đổi hãng sữa lớn mà làm ăn kì v , khỏi ra tích điểm cho rồi",1.0.68,VN,https://itunes.apple.com/vn/reviews/id1658339199,17/12/2023,00:50
Vinamilk,App Store,12549752171,Kobayashi Gin,1,Tiêu cực,Cập nhật tích điểm quá tệ,"Mua hàng từ thời cố luỹ nào rồi mà không cập nhật tích điểm. Không cập nhật chi tiêu, like hay subrise cũng không cập nhật điểm, quá thất vọng.",1.0.68,VN,https://itunes.apple.com/vn/reviews/id376500052,15/12/2023,19:44
Vinamilk,App Store,12510037701,Ann Chery🍒,1,Tiêu cực,"App lỗi, chậm",Tải cho có lượt tải chứ k xây dựng quản lí app . App như qq z đó,1.0.68,VN,https://itunes.apple.com/vn/reviews/id513052981,05/12/2023,06:01
Vinamilk,App Store,12509939157,gahyahsbjdi.,1,Tiêu cực,Vinamilk,"Hoá ra cũng nhiều người không tích điểm được giống mình,thương hiệu lớn làm ăn kì quá",1.0.68,VN,https://itunes.apple.com/vn/reviews/id1517061915,05/12/2023,05:23
Vinamilk,App Store,12501496387,mia12345zxcv,1,Tiêu cực,đặt hàng tự huỷ hàng mà chẳng có lý do,tự huỷ đơn hàng không lý do,1.0.68,VN,https://itunes.apple.com/vn/reviews/id961228329,02/12/2023,23:26
Vinamilk,App Store,12463226609,Táo ngon,1,Tiêu cực,Vô dụng,Ứng dụng vô dụng nhất từng tải. Tải về xoá đi luôn,1.0.66,VN,https://itunes.apple.com/vn/reviews/id990972230,22/11/2023,18:56
Vinamilk,App Store,12448938538,Hoang Duong 9x,4,Tích cực,Giao diện,"App sp ko có nút share từng sp như mấy app tmdt , muốn share phải dùng dạng web, Vnm cải thiện hơn nhé",1.0.65,VN,https://itunes.apple.com/vn/reviews/id1404036448,18/11/2023,23:39
Vinamilk,App Store,12427456809,Bamboooooooo@@@@,1,Tiêu cực,App tích điểm mà cộng điểm không đúng là sao zị,App tích điểm mà cộng điểm không đúng là sao zị,1.0.65,VN,https://itunes.apple.com/vn/reviews/id1677564658,13/11/2023,06:25
Vinamilk,App Store,12419800980,01674026229,1,Tiêu cực,"Làm ăn láo nháo, treo đầu dê bán thịt chó",Cho 1* kèm xoá app.,1.0.65,VN,https://itunes.apple.com/vn/reviews/id431674007,11/11/2023,05:30
Vinamilk,App Store,12402971639,nvvinh_xxiivi,1,Tiêu cực,cập nhật,"ứng dụng cần chỉnh sửa lại giao diện tốt hơn, nhìn rất khó chịu, còn tự động huỷ đơn của khách hàng không có lý do nữa",1.0.64,VN,https://itunes.apple.com/vn/reviews/id1256073783,06/11/2023,17:59
Vinamilk,App Store,12392405298,Hitugg,1,Tiêu cực,Tệ,"Cskh kém complain đơn hàng chả giải quyết dc gì, chỉ báo sẽ tiếp nhận, đặt đơn 23/2 dự kiến giao 26/2, nay 7/3 huỷ của khách mà không báo. Chán quãi raaaa",1.0.64,VN,https://itunes.apple.com/vn/reviews/id1631042277,03/11/2023,22:28
Vinamilk,App Store,12391076142,Đoàn99,3,Trung lập,Chán,Trừ điểm mà không thấy quà đâu hết,1.0.64,VN,https://itunes.apple.com/vn/reviews/id983974780,03/11/2023,13:59
Vinamilk,App Store,12390797885,_Yona_,1,Tiêu cực,Chán,Lấy trừ điểm xong ko đổi quà đc. Thất vọng,1.0.64,VN,https://itunes.apple.com/vn/reviews/id549276162,03/11/2023,12:12
Vinamilk,App Store,12388060270,dakolatent,1,Tiêu cực,App đặt cho vui,"App lừa đảo lấy thông tin thôi, đặt cũng ko ai giao đâu",1.0.63,VN,https://itunes.apple.com/vn/reviews/id790786323,02/11/2023,18:43
Vinamilk,App Store,12360933944,vitcoi96,2,Tiêu cực,Chán,"Đặt đơn qua app cả tuần k thấy giao, k có cũng k biết gọi lại cho khách. Dự kiến giao 26/2 mà 27/2 k có, rõ là con mình dùng vinamilk từ nhỏ nhưng chưa bao h thấy thất vọng ntn, chờ sữa về mà k có luôn,. Chắc xoá app",1.0.62,VN,https://itunes.apple.com/vn/reviews/id639338236,26/10/2023,13:24
Vinamilk,App Store,12322184175,banqtam,2,Tiêu cực,Đổi điểm,Đổi toàn ba cái vớ vẩn không sài được gì hết,1.0.61,VN,https://itunes.apple.com/vn/reviews/id1054404727,16/10/2023,05:50
Vinamilk,App Store,12297424076,Nhồm,1,Tiêu cực,😤,Tích điểm cho đã để đổi đc balo cho bé đem đi đổi thành mấy cái voucher linh tinh chán😤,1.0.61,VN,https://itunes.apple.com/vn/reviews/id1630250422,09/10/2023,15:39
Vinamilk,App Store,12191888055,Laipancake,1,Tiêu cực,Quá tệ về phầm mềm,Hiện tại tích điểm cho có chứ thật chất là k tích đc và phần mềm bị lỗi,1.0.56,VN,https://itunes.apple.com/vn/reviews/id1542045495,11/09/2023,13:23
Vinamilk,App Store,12171738303,títtu,2,Tiêu cực,chán,không quét mã vạch được,1.0.53,VN,https://itunes.apple.com/vn/reviews/id1434878063,06/09/2023,04:39
Vinamilk,App Store,12162044815,ThienCa618,1,Tiêu cực,CSKH cực kì tệ,2 lần Giao hàng nhầm nhưng không giải quyết.,1.0.52,VN,https://itunes.apple.com/vn/reviews/id1529809723,03/09/2023,14:43
Vinamilk,App Store,12159143712,Ngô_Đạt,1,Tiêu cực,App lỗi,App như cứtttt. Xoá app đi. Đăng nhập k được. Lỗi tùm lun tè le. Tích điểm xong k cho đổi. Thua. Mất thời gian,1.0.51,VN,https://itunes.apple.com/vn/reviews/id1656358033,02/09/2023,20:11
Vinamilk,App Store,12148004223,be van ne,2,Tiêu cực,Đổi qua it qua,s toan bi lỗi bi lừa r,1.0.50,VN,https://itunes.apple.com/vn/reviews/id1413723715,30/08/2023,21:01
Vinamilk,App Store,12138922063,toanpham0509,1,Tiêu cực,10 ngày không giao hàng,Phá sản đi,1.0.50,VN,https://itunes.apple.com/vn/reviews/id598902339,28/08/2023,11:00
Vinamilk,App Store,12111601012,An::,1,Tiêu cực,App phế tải mắt công bực,"tích điểm cho nhiều rồi hết lược nhận quà. đổi được mấy cái vocher trừ sản phẩm dưới 2 tuổi và mấy sữa đặt, sửa tươi sữa dinh dưỡng, vậy thử hỏi còn gì để đổi. Khỏi ra ba cái chương trình tích điểm đi.",1.0.50,VN,https://itunes.apple.com/vn/reviews/id669947751,21/08/2023,04:27
Vinamilk,App Store,12106427755,nguyenminhman,1,Tiêu cực,Giao hàng thần tốc,"App của Vinamilk thật tuyệt vời, đặt hàng tại TP.HCM ngày 21/12 mà mới ngày 26/12 đã nhận được điện thoại xác nhận để giao hàng. Nhận cuộc gọi mà mừng cứ ngỡ như nhận được sữa gửi về từ Châu Âu. Tranh thủ nhận hàng xong vô đánh giá 1 sao rồi xoá app chứ sợ chút nữa lại quên.",1.0.50,VN,https://itunes.apple.com/vn/reviews/id143850612,19/08/2023,19:23
Vinamilk,App Store,12099517911,Tôi yêu Việt Nam 2109,1,Tiêu cực,Lừa điểm,Đổi voucher 70k cho hoá đơn 150k mất 55k điểm trả về voucher áp dụng cho hoá đơn trên 350k + phải mua 3 lốc greenfarm giá cao. Kém quá. Chương trình km phải làm cho khách hài lòng mới có giá trị chứ làm thêm bực bội,1.0.50,VN,https://itunes.apple.com/vn/reviews/id1252156031,17/08/2023,23:15
Vinamilk,App Store,12099280629,khanggommooo,1,Tiêu cực,khang,ứng dụng quá tệ,1.0.50,VN,https://itunes.apple.com/vn/reviews/id1624552511,17/08/2023,21:44
Vinamilk,App Store,12099063443,Minhhchou23,1,Tiêu cực,Abc,App toàn lỗi vô cùng thất vọng,1.0.50,VN,https://itunes.apple.com/vn/reviews/id891779970,17/08/2023,20:20
Vinamilk,App Store,12098444784,Yến vy0809,1,Tiêu cực,Công ty lớn mà cái app nó tệ,Cập nhật miết,1.0.50,VN,https://itunes.apple.com/vn/reviews/id1105296287,17/08/2023,16:23
Vinamilk,App Store,12090827108,vội châu,2,Tiêu cực,Tích điểm đổi quà mà vẫn chưa nhận đc quà,không hài lòng,1.0.50,VN,https://itunes.apple.com/vn/reviews/id1665706455,15/08/2023,15:43
Vinamilk,App Store,12089378228,ThuAnh😍,1,Tiêu cực,.,Tích điểm toàn bị lỗi,1.0.50,VN,https://itunes.apple.com/vn/reviews/id1668818161,15/08/2023,06:28
Vinamilk,App Store,12080217701,donanduck150292,5,Tích cực,App okay,"Mình tháy app cũng khá okay, giao diện đẹp",1.0.49,VN,https://itunes.apple.com/vn/reviews/id748221746,12/08/2023,19:56
Vinamilk,App Store,12079776052,ma geming,5,Tích cực,Cũng được,Mong Vinamilk cho nhiều quà máy tạo ẩm không khí hơn,1.0.49,VN,https://itunes.apple.com/vn/reviews/id1120070334,12/08/2023,17:07
Vinamilk,App Store,12077847477,Quynhnancy,1,Tiêu cực,App tệ và dở ẹc,"App gì tích điểm được 1 lần, từ lần 2 trở đi toàn báo lỗi và ko tích điểm được, mang tiếng cty lớn nhưng dịch vụ quá chán",1.0.49,VN,https://itunes.apple.com/vn/reviews/id611573275,12/08/2023,04:48
Vinamilk,App Store,12077372582,Thiencut1,1,Tiêu cực,Ấn đổi quà app trừ điểm rồi k đk,Trừ điểm mà k biết lấy quà kiểu gì luôn nhu lừa,1.0.49,VN,https://itunes.apple.com/vn/reviews/id1465249450,12/08/2023,01:46
Vinamilk,App Store,12077344652,Ảnhuc,1,Tiêu cực,Đổi điểm k gủi quà,4 lần đổi điểm nhận quà mà không gủi cái nào,1.0.49,VN,https://itunes.apple.com/vn/reviews/id484065592,12/08/2023,01:35
Vinamilk,App Store,12077091735,Optimum gold mãi đỉnh,4,Tích cực,Cần thêm quà,Cần thêm thêm nhiều phần quà,1.0.49,VN,https://itunes.apple.com/vn/reviews/id917459001,11/08/2023,23:58
Vinamilk,App Store,12076682096,Halihu,1,Tiêu cực,Đặt hàng,"Đặt hàng thành công, đang trong quá trình giao mà ngày thứ 2 nó tự huỷ đơn của mình luôn",1.0.49,VN,https://itunes.apple.com/vn/reviews/id1184678493,11/08/2023,21:21
Vinamilk,App Store,12076605088,ri rí,1,Tiêu cực,App cùi hết biét,Ko nghĩ cty vnm lớn vầy mà cái app cùi mía,1.0.49,VN,https://itunes.apple.com/vn/reviews/id425842211,11/08/2023,20:51
Vinamilk,App Store,12076534490,Tadaaaame,1,Tiêu cực,Không tốt,Không quét được mã QR,1.0.49,VN,https://itunes.apple.com/vn/reviews/id1733465563,11/08/2023,20:24
Vinamilk,App Store,12075958996,Méeeeeeeee,1,Tiêu cực,App làm ăn kì cục,"App làm ăn kì cục quá, đổi quà hết điểm luôn mà k thấy quà là sao zị, đổi sữa khác luôn nha",1.0.49,VN,https://itunes.apple.com/vn/reviews/id490870500,11/08/2023,16:44
Vinamilk,App Store,12068589007,dcmmungdung564,1,Tiêu cực,App lởm,"Chức năng nghèo nàn, giao diện khó dùng, đặt hàng còn khó hơn :))). Tưởng tiện mà hoá ra còn mất thời gian hơn",1.0.48,VN,https://itunes.apple.com/vn/reviews/id651915189,09/08/2023,17:39
Vinamilk,App Store,12065196026,Hhimha,1,Tiêu cực,Vh,Đổi quà mà đ đc là sao tr,1.0.48,VN,https://itunes.apple.com/vn/reviews/id1732398265,08/08/2023,19:58
Vinamilk,App Store,12056957057,Ms Chúc quà tặng,1,Tiêu cực,Không miễn phí,App bắt thanh toán mới tải được,1.0.48,VN,https://itunes.apple.com/vn/reviews/id927323090,06/08/2023,15:20
Vinamilk,App Store,12053362845,Uaiwoq,1,Tiêu cực,;))),Tiếp thị cho có hộp sữa,1.0.47,VN,https://itunes.apple.com/vn/reviews/id1698041157,05/08/2023,16:22
Vinamilk,App Store,12015841148,123Bingoi,1,Tiêu cực,App rất tệ,Cái app giao diện mới mà lỗi bị như hồi cái app giấc mơ sữa Việt. Bấm thêm sp vào giỏ hàng mà n ngày ko có lần nào được. Cứ đứng im rồi ko biết sao mua hàng. Do sữa Việt nên mới dùng chứ cái app ko đáng được 1 sao,1.0.44,VN,https://itunes.apple.com/vn/reviews/id1257882137,26/07/2023,16:39
Vinamilk,App Store,12007564917,VS-6227-9906,1,Tiêu cực,Lỗi QR,Có mỗi cái quét qr mà lỗi lên lỗi xuống,1.0.44,VN,https://itunes.apple.com/vn/reviews/id312266049,24/07/2023,11:46
Vinamilk,App Store,11993741485,nguyễn thị kim ngân.,1,Tiêu cực,App lừa người dùng à.,Bấm đổi quà trừ điểm nhưng ko hề dc nhận quà. Được vài lần xong giờ toàn báo lỗi.,1.0.41,VN,https://itunes.apple.com/vn/reviews/id1067146016,20/07/2023,15:58
Vinamilk,App Store,11929121395,vsjsbx,1,Tiêu cực,Tệ,"Được đổi voucher tặng sữa, hiện cửa hàng đổi mag tới người ta còn không biết có chương trình này. Đi bao nhiêu cửa hàng trong danh sách đều không được. Hãng lớn mà quá kém. Tệ!!!!",1.0.39,VN,https://itunes.apple.com/vn/reviews/id948911122,01/07/2023,23:13
Vinamilk,App Store,11898769957,quá buồn :(((,5,Tích cực,không phải mà là uống Vinamilk để đổi quà mỗi cái thẻ cho 2k điểm,cs vị ngọt và vừa đường rất tốt cho 5 sao👍,1.0.36,VN,https://itunes.apple.com/vn/reviews/id1607756345,23/06/2023,04:27
Vinamilk,App Store,11892672952,A.i.v.y,1,Tiêu cực,App lỗi,"App chán đời, hãng lớn mà làm cái app lỗi hoài",1.0.36,VN,https://itunes.apple.com/vn/reviews/id1626859141,21/06/2023,10:07
Vinamilk,App Store,11868760618,Bùi Gia Thảo Duyên,1,Tiêu cực,Sữa,Sữa qua ngọt th true milk thanh và ngon hơn,1.0.34,VN,https://itunes.apple.com/vn/reviews/id1361633663,14/06/2023,12:03
Vinamilk,App Store,11864216921,NhungK22,1,Tiêu cực,"Lỗi , lần đầu k gửi mã otp , lần sau gửi được nhập vô r lại báo lỗi, rất mất thời gian","Lỗi , lần đầu k gửi mã otp , lần sau gửi được nhập vô r lại báo lỗi, rất mất thời gian",1.0.32,VN,https://itunes.apple.com/vn/reviews/id1320265363,13/06/2023,04:30
Vinamilk,App Store,11861144991,Thutrangmeobeo,3,Trung lập,Haizz,Cập nhật quá nhiều,1.0.32,VN,https://itunes.apple.com/vn/reviews/id540298482,12/06/2023,07:10
Vinamilk,App Store,11853918712,dụ mmay,1,Tiêu cực,Không hài lòng,"Vẫn còn giữ hàng nghìn tấm tích điểm nhưng không dùng được, thất vọng về hãng này",1.0.32,VN,https://itunes.apple.com/vn/reviews/id1712891995,10/06/2023,04:59
Vinamilk,App Store,11835153812,KhaiMinh1995,5,Tích cực,Vourcher,Vourcher vnc ngon mà,1.0.28,VN,https://itunes.apple.com/vn/reviews/id509808201,04/06/2023,18:40
Vinamilk,App Store,11820481174,...1131,5,Tích cực,Ok,Mình thấy có voucher giảm giá của VNVC ok mà. Sao các mom toàn chê.,1.0.27,VN,https://itunes.apple.com/vn/reviews/id1106997640,31/05/2023,12:47
Vinamilk,App Store,11776962969,Jsjshdka,1,Tiêu cực,Làm ăn thất đức,Tích điểm nhận quà nhưng cả tháng rồi chưa nhận được,1.0.25,VN,https://itunes.apple.com/vn/reviews/id1097878179,18/05/2023,22:34
Vinamilk,App Store,11763216126,Nguòidung,1,Tiêu cực,Tích điểm,Tích điểm xong đổi qua mất hết điểm nhưng không thấy quà đâu 😀,1.0.25,VN,https://itunes.apple.com/vn/reviews/id1253025248,14/05/2023,23:06
Vinamilk,App Store,11752487724,Mèo Dada.!!,1,Tiêu cực,Lừa đảo,Đổi điểm rồi nhưng không nhận được quà.! Lừa đảo,1.0.24,VN,https://itunes.apple.com/vn/reviews/id475152645,11/05/2023,20:36
Vinamilk,App Store,11750766484,djdndjdksj,3,Trung lập,Ko biết,"Sao có 4,5 món quà dị ko bít mà lựa lun ó đủ điểm mà ko có quà mới😡🥹",1.0.24,VN,https://itunes.apple.com/vn/reviews/id520023620,11/05/2023,08:39
Vinamilk,App Store,11748610910,93 Gaming,1,Tiêu cực,App lỗi,Lỗi lắm,1.0.24,VN,https://itunes.apple.com/vn/reviews/id1244451567,10/05/2023,17:41
Vinamilk,App Store,11748576093,Gmtmrcn,1,Tiêu cực,Nói chung là k hài lòng,"Mã tích điểm k quét được, cứ quay vòng vòng …má ơi thử đi thử lại mấy ngày vẫn bị lỗi",1.0.24,VN,https://itunes.apple.com/vn/reviews/id1417476669,10/05/2023,17:26
Vinamilk,App Store,11746874462,))!3₫7818₫:,1,Tiêu cực,"Dev cùi, công ty lớn nhưng tệ","Chả có 1 cái quà nào để đổi, bắt đổi voucher để mua hàg thế tích điểm để làm gì?",1.0.24,VN,https://itunes.apple.com/vn/reviews/id560959832,10/05/2023,05:37
Vinamilk,App Store,11746708312,buồn gh,1,Tiêu cực,Quà ít k có quà để đổi điểm,Gom mãi tích điểm mấy thùng sữa liền mà quà báo hết thôi. K có quà để đổi luôn,1.0.24,VN,https://itunes.apple.com/vn/reviews/id1581805432,10/05/2023,04:28
Vinamilk,App Store,11744832448,Tẹt bảnh,1,Tiêu cực,Thất vọng,Bọn đần làm ra cái app quét QR 1 lần là đơ quay vòng bọn đần,1.0.23,VN,https://itunes.apple.com/vn/reviews/id687831814,09/05/2023,15:26
Vinamilk,App Store,11744242968,hđhdxcr,1,Tiêu cực,1sao,Y hệt. Tích điểm load quay vòng vòng đơ app luôn,1.0.23,VN,https://itunes.apple.com/vn/reviews/id710766264,09/05/2023,11:21
Vinamilk,App Store,11743185222,Nguyen đức,1,Tiêu cực,Gửi,Không hoàn tiền,1.0.23,VN,https://itunes.apple.com/vn/reviews/id1665455374,09/05/2023,04:00
Vinamilk,App Store,11740525743,Hêh1010,1,Tiêu cực,App quá cùi,"Chê, tải được 10p rồi xóa luôn",1.0.23,VN,https://itunes.apple.com/vn/reviews/id1702058246,08/05/2023,09:32
Vinamilk,App Store,11739731800,nlinhthanh,1,Tiêu cực,Lỗi tích điểm,Sao quét mã tích điểm mãi mà cứ lỗi quài. Chờ 60s mà tới hồi quét lại cũng k dc.,1.0.23,VN,https://itunes.apple.com/vn/reviews/id1525249899,08/05/2023,04:01
Vinamilk,App Store,11736903668,hxxchoi,1,Tiêu cực,Không tích điểm được,Scan tích điểm mà quay vòng vòng 🙄,1.0.23,VN,https://itunes.apple.com/vn/reviews/id1020047578,07/05/2023,08:23
Vinamilk,App Store,11729540898,Hanna23...,2,Tiêu cực,Lỗi,"Tích điểm đc mấy lần thôi rồi load mãi k tích thêm được nữa, thấy nhiều người cũng bị như vậy, chắc auto á 😂",1.0.23,VN,https://itunes.apple.com/vn/reviews/id1701003530,05/05/2023,05:15
Vinamilk,App Store,11728957075,Dinhhiep36,1,Tiêu cực,Lag quá lag,"Ứng dụng tệ quá Quét mã tích điểm, quét đc 1 mã là quay mòng mòng. Phải tắt rồi bật lại ứng dụng",1.0.23,VN,https://itunes.apple.com/vn/reviews/id552996465,05/05/2023,01:12
Vinamilk,App Store,11719373088,Không hài lòng app tệ vô cùng,1,Tiêu cực,App tệ,Bị lỗi quài luôn app gì quá chán,1.0.23,VN,https://itunes.apple.com/vn/reviews/id1700028319,02/05/2023,06:38
Vinamilk,App Store,11697029402,suvsgshdggdgsh,1,Tiêu cực,App như 🦮🦮,Ko được điểm,1.0.22,VN,https://itunes.apple.com/vn/reviews/id1692476143,25/04/2023,19:28
Vinamilk,App Store,11690543901,phoenixcutiee,2,Tiêu cực,K nhận dc xu ý,K nhận dc xu ý,1.0.22,VN,https://itunes.apple.com/vn/reviews/id1661933373,23/04/2023,22:26
Vinamilk,App Store,11672480113,Chưa phù hợp,1,Tiêu cực,Giá thành,Đắt hơn mua ở ngoài cửa hàng Voucher chỉ đc nhập 1 lần 1 mã,1.0.22,VN,https://itunes.apple.com/vn/reviews/id1682628141,18/04/2023,17:00
Vinamilk,App Store,11661066572,ks trchhh,2,Tiêu cực,Quà trên app không hấp dẫn,Giá trị tích điểm để đổi quà không tương xứng số tiền bỏ ra,1.0.22,VN,https://itunes.apple.com/vn/reviews/id1225622631,15/04/2023,09:44
Vinamilk,App Store,11626782637,hâhbsbdidjdn,1,Tiêu cực,Đánh giá,App như qq ý,1.0.22,VN,https://itunes.apple.com/vn/reviews/id1691086898,05/04/2023,11:39
Vinamilk,App Store,11620151086,Minh~,1,Tiêu cực,"Tích điểm nhiệt tình,nhìn quà hết hồn","70-80% hết quà toàn vocher giảm giá, vớ vẩn Quà cũng linh tinh",1.0.22,VN,https://itunes.apple.com/vn/reviews/id1384901694,03/04/2023,13:36
Vinamilk,App Store,11599687911,PhươngGiang,4,Tích cực,Sản phẩm đổi thưởng toàn hết hàng,M tích điểm chán chê rôi k có hàng để đổi toàn voucher,1.0.21,VN,https://itunes.apple.com/vn/reviews/id1181815773,28/03/2023,15:29
Vinamilk,App Store,11599548724,Kphan123,1,Tiêu cực,Nên dẹp cái app này đi.,Trải nghiệm mua sữa online thật tồi tệ. Địa chỉ giao hàng cách cửa hàng sữa chưa đến 100m mà dự kiến giao hàng trong vòng 4 ngày. Thật không thể tin nổi.,1.0.21,VN,https://itunes.apple.com/vn/reviews/id1431664058,28/03/2023,14:31
Vinamilk,App Store,11592996260,KemKenBon,1,Tiêu cực,App cùi bắp quá Vinamilk,"Tôi cũng bị như nhiều người, quét mã ko nhảy điểm",1.0.21,VN,https://itunes.apple.com/vn/reviews/id1478093098,26/03/2023,17:01
Vinamilk,App Store,11588472536,Cửa hàng quá tệ,1,Tiêu cực,Tệ,"Biết sao đánh giá xấu rồi đó , tự ý hủy đơn hàng không thông báo cho khách hàng , không hoàng tiền , quá gian lận 😌",1.0.21,VN,https://itunes.apple.com/vn/reviews/id1572707618,25/03/2023,09:36
Vinamilk,App Store,11577475965,Không biết j hết he,5,Tích cực,Rất ok mà tôi đã đổi dc rất nhiều quà,Rất tuyệt,1.0.21,VN,https://itunes.apple.com/vn/reviews/id1686375017,22/03/2023,05:14
Vinamilk,App Store,11570496715,Mk1245875,5,Tích cực,Tuyệt,Cái này toàn cho quà ngon,1.0.19,VN,https://itunes.apple.com/vn/reviews/id495772179,20/03/2023,04:46
Vinamilk,App Store,11557826847,người dùng zing,2,Tiêu cực,Tích điểm đc vài lần xong toàn báo lỗi.,Tưởng mình mình bị vậy hoá ra nhiều ng bị,1.0.19,VN,https://itunes.apple.com/vn/reviews/id546977215,16/03/2023,12:47
Vinamilk,App Store,11539929881,응옥,1,Tiêu cực,Tải app để tích điểm nhưng phải có căn mới quét đc mã,"Từ lúc tải app về có đúng 1 lần quét đc mã, còn lại quét toàn báo 60s thử lại Chăm sóc khách hàng kém, k có nv cskh onl mà yêu cầu gọi lên tổng đài 1k/ phút mà chưa chắc đã có nhân viên nghe máy Giao hàng lâu, bố trí đơn hàng k thông minh, k có mục để khách tự pick hoặc tự phân về cửa hàng gần nhất",1.0.18,VN,https://itunes.apple.com/vn/reviews/id554489516,11/03/2023,08:30
Vinamilk,App Store,11536920970,Đầu buồiiiiiiiii,1,Tiêu cực,App như cái quần Quét có được chi đâu Tặng thẻ lj mất công ra,App như cái l,1.0.18,VN,https://itunes.apple.com/vn/reviews/id1560763409,10/03/2023,11:37
Vinamilk,App Store,11517022031,Meomeo 34,2,Tiêu cực,Ứng dụng kém,Tích điểm toàn báo lỗi k. Rồi tặng thẻ tích điểm để làm gì khi k thể sd,1.0.18,VN,https://itunes.apple.com/vn/reviews/id1341680816,04/03/2023,17:25
Vinamilk,App Store,11491679775,Thanhongbg,1,Tiêu cực,App chán,"Chưa thấy cái app nó tệ đến thế, k biet tích điểm hay tích bực",1.0.18,VN,https://itunes.apple.com/vn/reviews/id932658983,25/02/2023,09:26
Vinamilk,App Store,11466093237,Vợ ky,2,Tiêu cực,Đổi điểm,Tích được điểm nhưng đổi điểm trừ điểm rồi không thấy tiền về,1.0.18,VN,https://itunes.apple.com/vn/reviews/id1435209373,17/02/2023,23:45
Vinamilk,App Store,11458227758,Orion3110,1,Tiêu cực,App như loằn,App như loằn công ty như lol đặt hàng thanh toán rồi tự động huỷ hàng của khách rồi không thèm hoàn tiền lại cho khách đcm nhà m luôn,1.0.18,VN,https://itunes.apple.com/vn/reviews/id1454296149,15/02/2023,17:08
Vinamilk,App Store,11446094105,Écec,1,Tiêu cực,App tào lao,Rồi tích điểm đổi niềm vui dữ chưa?? Hay tích điểm rước bực bội?? App gì tích mãi k lên điểm 🙂,1.0.17,VN,https://itunes.apple.com/vn/reviews/id1079989903,12/02/2023,04:52
Vinamilk,App Store,11443177453,vmtuyen,1,Tiêu cực,tích điểm,vào app để quét mã tích điểm toàn báo lỗi,1.0.17,VN,https://itunes.apple.com/vn/reviews/id977776828,11/02/2023,08:37
Vinamilk,App Store,11406679586,thhufdvv,1,Tiêu cực,Quá tệ,"Tích điểm xong mất luôn là sao ,lừa đảo 🤨😡",1.0.16,VN,https://itunes.apple.com/vn/reviews/id1462255657,31/01/2023,19:09
Vinamilk,App Store,11405852628,bầu bí xinh xắn,1,Tiêu cực,quá tệ,app quá ngu ngốc. đặt hàng xong k giao. từ ngày đổi sang app này k đặt đc cái gì hết,1.0.16,VN,https://itunes.apple.com/vn/reviews/id884946738,31/01/2023,13:25
Vinamilk,App Store,11405072786,Ranhtimtrochoi,2,Tiêu cực,Tích điểm đổi quà,"Điểm đủ để đổi voucher mà lúc bấm đổi toàn hiện lên không thể sử dụng điểm, cũng biết lý do luôn!",1.0.16,VN,https://itunes.apple.com/vn/reviews/id893045263,31/01/2023,08:00
Vinamilk,App Store,11390365748,hdnjaj,1,Tiêu cực,Quá đắt,Mua trên app còn đắt hơn mua tại quán tạp hoá. Mang tiếng giảm 8% 10% mà vẫn đắt hơn ngoài quán. Rồi chương trình quét mã tích điểm mà toàn thấy hết quà. Chỉ còn mấy vocher. Mất công tải app,1.0.16,VN,https://itunes.apple.com/vn/reviews/id993272943,27/01/2023,01:52
Vinamilk,App Store,11366531064,CandyInTheSky,3,Trung lập,Hơi ít chức năng,Không có cả danh sách các cửa hàng giấc mơ sữa việt luôn,1.0.16,VN,https://itunes.apple.com/vn/reviews/id1493582732,20/01/2023,04:21
Vinamilk,App Store,11362475779,TP9812,5,Tích cực,"Đổi quà siêu nhanh, đóng gói cẩn thận",Tích điểm và đổi quà siêu nhanh. Mình ở nông thôn mà mỗi lần đổi quà xong chỉ 3 ngày sau là thấy giao tới. Gấu được hút chân không và đóng gói trong hộp xịn xò nữa.,1.0.16,VN,https://itunes.apple.com/vn/reviews/id1527799871,19/01/2023,00:11
Vinamilk,App Store,11359990348,🤬🥵😡😡😡,1,Tiêu cực,App Cực kỳ tệ,Đổi điểm rồi mất điểm mà chẳng thấy quà đâu😡🤬🤬,1.0.16,VN,https://itunes.apple.com/vn/reviews/id1416922554,18/01/2023,06:55
Vinamilk,App Store,11316128310,tan.vn,1,Tiêu cực,App quá tệ,"Trải nghiệm với app là rất tệ. Đơn hàng đặt mà tự huỷ không lý do, không hoàn tiền, không hoàn voucher. App gì mà không có cả thông tin hỗ trợ khách hàng. Một cty lớn như VNM mà làm một cái app không thể chấp nhận được.",1.0.16,VN,https://itunes.apple.com/vn/reviews/id1122122590,05/01/2023,14:20
Vinamilk,App Store,11286713826,@@@&&₫)!,1,Tiêu cực,Quá tệ,"Côngty lớn mà bên cskh quá tệ đặt 3 đơn ko giao cũng k hoàn voucher ,gọi tổng đài 3 lần cung k giải quyết cho ,tệ hơn chữ tệ,bực quá cào sml để đổi điểm k dkd gì ,đổi sữa khác cho con luôn",1.0.15,VN,https://itunes.apple.com/vn/reviews/id1648358740,28/12/2022,02:04
Vinamilk,App Store,11275382598,Kkk12683,2,Tiêu cực,Đổi điểm,"Bấm đổi điểm xong mất tiêu không thấy gì hết vậy, điểm bị trừ mà quà không thấy",1.0.15,VN,https://itunes.apple.com/vn/reviews/id1113185392,24/12/2022,19:22
Vinamilk,App Store,11269774268,()()😝,1,Tiêu cực,Quét mã ko đc còn bắt tải aap như bên NutiFood quét cái đc liền,Rắc rối,1.0.15,VN,https://itunes.apple.com/vn/reviews/id1630057508,23/12/2022,04:25
Vinamilk,App Store,11269758000,Huyn0508,1,Tiêu cực,Ghét,"Cập nhật ít thôi, 34k điểm quét vẫn 34k",1.0.15,VN,https://itunes.apple.com/vn/reviews/id1562679279,23/12/2022,04:19
Vinamilk,App Store,11269579619,ngố na,1,Tiêu cực,Quét hết 2 thùng 24 loc không cộng điểm,Update xong quét ko cộng điểm Mất 24x3000 điểm,1.0.15,VN,https://itunes.apple.com/vn/reviews/id1657033875,23/12/2022,03:04
Vinamilk,App Store,11268284973,Rosé3123,1,Tiêu cực,Lừa đảo,2 ngày trôi qua vẫn ko cập nhật điểm,1.0.15,VN,https://itunes.apple.com/vn/reviews/id1638119052,22/12/2022,18:05
Vinamilk,App Store,11266287408,nagskdgd,1,Tiêu cực,App lừa đảo,Đặt hàng xong add voucher nhưng vào ngày sau lại bảo là không giao được hàng đã thế lại còn không hoàn lại voucher.,1.0.15,VN,https://itunes.apple.com/vn/reviews/id1520413849,22/12/2022,04:13
Vinamilk,App Store,11264953066,nguyenduong88@&$,2,Tiêu cực,😓,Không quét được mã là sao ạ,1.0.15,VN,https://itunes.apple.com/vn/reviews/id1656584673,21/12/2022,18:57
Vinamilk,App Store,11262210907,TiểuVi,1,Tiêu cực,Mất uy tín,App của công ty lớn mà CSKH kém..mới thử dùng và đặt hàng đã khiến mk thất vọng..tự động huỷ đơn k giao làm mình chờ đến ngày giao hàng mới tbao huỷ đơn k 1 lý do..thôi đổi dòng khác cho lành,1.0.15,VN,https://itunes.apple.com/vn/reviews/id686216085,20/12/2022,23:54
Vinamilk,App Store,11261503663,jdjejrjjrjrjr,1,Tiêu cực,Chán,Quá chán Cái app gì tích điểm không được Lừa đảo,1.0.15,VN,https://itunes.apple.com/vn/reviews/id1137955623,20/12/2022,18:59
Vinamilk,App Store,11233003981,Thi Aliô,1,Tiêu cực,Quét mã tích điểm,Lừa đảo,1.0.13,VN,https://itunes.apple.com/vn/reviews/id1653635823,12/12/2022,13:04
Vinamilk,App Store,11229686158,kimngan993,5,Tích cực,"Mình nhận được hàng quà tặng nhanh nha mọi người. Khoảng 5,6 ngày hàng tới ạ",Quà hàng đóng gói cẩn thận ok lắm ạ.,1.0.13,VN,https://itunes.apple.com/vn/reviews/id1554490040,11/12/2022,14:02
Vinamilk,App Store,11226224157,hdhdndnd xvsvs,1,Tiêu cực,Chiếm quá nhiềi bộ nhớ,Chỉ có check in check out mà tốn 33Gb bộ nhớ là sao dev,1.0.13,VN,https://itunes.apple.com/vn/reviews/id1349780360,10/12/2022,14:00
Vinamilk,App Store,11208267669,Inlove1237,2,Tiêu cực,Kh quét mã đc là sao vậy,Thất vọng,1.0.12,VN,https://itunes.apple.com/vn/reviews/id1636312662,05/12/2022,09:18
Vinamilk,App Store,11201230403,Salai T,1,Tiêu cực,Không,Tải app xong dk có được cái gì đâu mà tích điểm. Hèn gì app có 150ng.,1.0.12,VN,https://itunes.apple.com/vn/reviews/id1650625961,03/12/2022,08:26
Vinamilk,App Store,11186557779,Garena hư,1,Tiêu cực,Mất thời gian,"Dt dùng 4 số ở nhà đều kêu đã đăng ký, làm ăn ko để tâm vào ko biết chất lượng sữa như thế nào",1.0.12,VN,https://itunes.apple.com/vn/reviews/id497570133,29/11/2022,02:32
Vinamilk,App Store,11183441333,H@@-;:,1,Tiêu cực,App lỗi,"Khó thực hiện thao tác đăng nhập, quét mã không được",1.0.12,VN,https://itunes.apple.com/vn/reviews/id1648911557,28/11/2022,04:53
Vinamilk,App Store,11167586340,d_ythien,5,Tích cực,App tuyệt zời,Mình mua hàng trên này rẻ hơn shope,1.0.12,VN,https://itunes.apple.com/vn/reviews/id994805591,23/11/2022,14:47
Vinamilk,App Store,11164255221,Dtla68,5,Tích cực,web rất đẹp,Trang order history của web đầy đủ tính năng có cả yêu cầu huỷ 5 sao,1.0.12,VN,https://itunes.apple.com/vn/reviews/id570175301,22/11/2022,15:39
Vinamilk,App Store,11148534134,Linh🤔🤔🤔,3,Trung lập,Sữa,"Ê mấy anh chị đổi sao chứ ,e thấy ok mà e dổi quà cho bé nhà e chắc nhiều lun á gấu với ba lo các thứ 1tuần là nhận đc quà à",1.0.12,VN,https://itunes.apple.com/vn/reviews/id1634520525,18/11/2022,02:29
Vinamilk,App Store,11142681064,fi fai lửa chùa😃,2,Tiêu cực,App lỗi quá nhều,"Quét mã mà không nận được điểm, app lỗi quá nhiều🥲",1.0.12,VN,https://itunes.apple.com/vn/reviews/id1139827335,16/11/2022,09:50
Vinamilk,App Store,11142152820,ủa rồi có cho gửi ko hỏi quài,5,Tích cực,Đổi được nhiều quà ♥️♥️♥️,Tuyệt,1.0.12,VN,https://itunes.apple.com/vn/reviews/id506434609,16/11/2022,06:10
Vinamilk,App Store,11134871411,1268.99,1,Tiêu cực,Khuyến mãi,"Công ty lớn làm khuyến mãi không đổi quà cho người ta lấy luôn số điểm đổi quà, gọi không nghe, gửi mail không trả lời. Khâu chăm sóc khách hàng như vậy mà tồn tại được!",1.0.11,VN,https://itunes.apple.com/vn/reviews/id1497611862,14/11/2022,03:36
Vinamilk,App Store,11129966713,Mmeoooooo,1,Tiêu cực,Cho 1* rồi gỡ,App như ***,1.0.11,VN,https://itunes.apple.com/vn/reviews/id1643789126,12/11/2022,17:32
Vinamilk,App Store,11128319229,Mm2610,1,Tiêu cực,App tệ,"Tải về cũng đâu có tích được điểm đâu, làm mất thời gian",1.0.11,VN,https://itunes.apple.com/vn/reviews/id576908169,12/11/2022,06:06
Vinamilk,App Store,11124451201,Zzzzbjwke,2,Tiêu cực,Đánh giá,Quà tặng ko bán đổi bằng điểm đầy đủ rồi mà vẫn bắt ngta thanh toán tiền app xàm lờ hết sức,1.0.11,VN,https://itunes.apple.com/vn/reviews/id1643272006,11/11/2022,03:14
Vinamilk,App Store,11124423875,Okeee6789,1,Tiêu cực,Hãng sữa lớn mà làm app cùi quá,"App này thả bỏ đi còn hơn,quét bao nhiêu lần mà không + điểm,quét toàn lỗi",1.0.11,VN,https://itunes.apple.com/vn/reviews/id1062292277,11/11/2022,03:03
Vinamilk,App Store,11124190984,Trngji,1,Tiêu cực,Tệ,Quét mã được rồi mà không cộng điểm cho người ta áp làm việc quá tệ,1.0.11,VN,https://itunes.apple.com/vn/reviews/id1499443762,11/11/2022,01:26
Vinamilk,App Store,11098353211,mynimynu,1,Tiêu cực,Lỗi,"App quét mã QR ko được, báo lỗi Hoài",1.0.10,VN,https://itunes.apple.com/vn/reviews/id934952375,03/11/2022,14:00
Vinamilk,App Store,11090957524,mitvantit,1,Tiêu cực,App đểu,App không quét mã được,1.0.10,VN,https://itunes.apple.com/vn/reviews/id1220533762,01/11/2022,10:38
Vinamilk,App Store,11078926001,biêt dan,1,Tiêu cực,Quét mã có được đâu toàn báo lỗi. Bịp quá chắc phải đổi sữa khác thôi,Quét mã có được đâu toàn báo lỗi. Bịp quá chắc phải đổi sữa khác thôi,1.0.10,VN,https://itunes.apple.com/vn/reviews/id1486642746,28/10/2022,23:05
Vinamilk,App Store,11072439296,ThanhhHoaii,1,Tiêu cực,Quá tệ,"App rất chậm, quét mã thưởng trả kết quả lâu, toàn báo lỗi. App hoạt động quá kém, đã xoá và không tải lại",1.0.10,VN,https://itunes.apple.com/vn/reviews/id1042264765,27/10/2022,02:03
Vinamilk,App Store,11069067761,Shopee làm ăn thất đức,1,Tiêu cực,App như cức luôn. Quét mã QR tích điểm mà quay tít,App như cức luôn. Quét mã QR tích điểm mà quay tít,1.0.10,VN,https://itunes.apple.com/vn/reviews/id872415782,26/10/2022,02:38
Vinamilk,App Store,11068193751,m.t.my.may,1,Tiêu cực,Cho 0 sao ⭐️mới xứng đáng,"App tệ thật sự, quét mã mà cứ báo lỗi,dẹp m* app đi",1.0.10,VN,https://itunes.apple.com/vn/reviews/id1472706073,25/10/2022,20:34
Vinamilk,App Store,11065376995,Ccc0k,2,Tiêu cực,"Giao hàng siêu lâu, quét mã QR tích điểm toàn báo lỗi","Giao hàng siêu lâu, quét mã QR tích điểm toàn báo lỗi",1.0.10,VN,https://itunes.apple.com/vn/reviews/id1099248036,25/10/2022,01:00
Vinamilk,App Store,11054802469,Đức Duy 6868,1,Tiêu cực,Quá kém,Đội ngũ làm app quá tệ bực mình,1.0.10,VN,https://itunes.apple.com/vn/reviews/id1636467309,21/10/2022,23:34
Vinamilk,App Store,11049224906,Sâm dứaaaa,1,Tiêu cực,Shop làm ăn rất láo,"Mn nên cân nhắc khi đặt hàng shop này. Đưn mình đặt từ 4/3 không 1 cuộc gọi giao hàng, đến ngày 16/3 tự ý huỷ đơn vì ko giao được. Ủa là sao má ?",1.0.10,VN,https://itunes.apple.com/vn/reviews/id1562973415,20/10/2022,08:50
Vinamilk,App Store,11046220521,Thoconcutephomaique,1,Tiêu cực,Tệ,Quá tệ,1.0.10,VN,https://itunes.apple.com/vn/reviews/id1477127714,19/10/2022,11:58
Vinamilk,App Store,11039448984,Squirrel Thông,1,Tiêu cực,Nhận xét về nhân viên và quá trình giao hàng nhôn lừ !,"Đã giao muộn , nt xl khách hàng 5 lần 7 lượt xong tự hủy đơn hàng của khách mà Đ.. Cần hỏi khách 1 lời, k hoàn lại vocher trong đơn hủy , gọi cskh quá 24 tiếng mà bên có trách nhiệm k thèm trloi kh 1 câu !",1.0.10,VN,https://itunes.apple.com/vn/reviews/id1560686694,17/10/2022,12:57
Vinamilk,App Store,11034974848,Neuhd,1,Tiêu cực,Mất thời gian,"App tệ, đặt hàng xử lý đơn hàng và giao hàng quá lâu, cần khắc phục",1.0.10,VN,https://itunes.apple.com/vn/reviews/id1579554553,16/10/2022,05:52
Vinamilk,App Store,11025501619,zyzy94,1,Tiêu cực,Tệ,Chưa thấy cái app nào xàm như vậy. Đăng nhập sdt ko lấy đc otp,1.0.10,VN,https://itunes.apple.com/vn/reviews/id1067734868,13/10/2022,12:05
Vinamilk,App Store,11018292560,thanhhuong912,1,Tiêu cực,Lỗi,"Thùng sữa 12 thẻ, cào xong quét đc 2 thẻ 9 thẻ báo lỗi :))",1.0.10,VN,https://itunes.apple.com/vn/reviews/id1007742571,11/10/2022,10:01
Vinamilk,App Store,11017542267,dưa chuột 99,1,Tiêu cực,Quá kém,"Tự ý huỷ đơn của khách hàng đặt,không thể chấp nhận được thái độ phục vụ của nhãn hàng này,1 sao không có nhưng",1.0.10,VN,https://itunes.apple.com/vn/reviews/id1416346603,11/10/2022,04:49
Vinamilk,App Store,11016662259,Dương gấu24,1,Tiêu cực,Chán,"Áp phế v, số chưa đăng nhập tạo tài khoản k đc thôi vứt đi",1.0.10,VN,https://itunes.apple.com/vn/reviews/id1182166051,10/10/2022,22:42
Vinamilk,App Store,11014961165,Ly3112,4,Tích cực,Khắc phục hơn,Xử lý đơn hàng Giao hàng quá lâu..rất lâu..,1.0.10,VN,https://itunes.apple.com/vn/reviews/id557573712,10/10/2022,10:53
Vinamilk,App Store,11010931409,Linh1?,1,Tiêu cực,Quét QR code quá lâu,Phải cầm điện thoại chờ một lúc lâu mã mới quét thành công. Quá mất thời gian,1.0.9,VN,https://itunes.apple.com/vn/reviews/id861464223,09/10/2022,06:54
Vinamilk,App Store,11002004701,nfuvd,1,Tiêu cực,đổi quà rồi. cả tháng chưa thấy quà đây,.,1.0.9,VN,https://itunes.apple.com/vn/reviews/id1583704730,06/10/2022,16:55
Vinamilk,App Store,10999650969,Như 2505,1,Tiêu cực,Quá tệ,"App quá tệ, phải vứt bỏ rất nhiều thẻ vì ko quét được cứ báo lỗi",1.0.9,VN,https://itunes.apple.com/vn/reviews/id1000221909,06/10/2022,00:40
Vinamilk,App Store,10990797274,DHP_Say,1,Tiêu cực,Chê,"Không nhận được mã otp dù đã thử lại nhiều cách, nhiều lần",1.0.9,VN,https://itunes.apple.com/vn/reviews/id1375537694,03/10/2022,13:38
Vinamilk,App Store,10988535330,Nhd2022,1,Tiêu cực,Không hài lòng,Chờ mã để lập tài khoản mà dài cổ,1.0.9,VN,https://itunes.apple.com/vn/reviews/id1629835499,02/10/2022,22:33
Vinamilk,App Store,10970852178,dcbgahg dtvui h,1,Tiêu cực,Quét mã ko đổi được,Không đổi mã đc Quá tệ Thất vọng về nhãn hàng sữa,1.0.9,VN,https://itunes.apple.com/vn/reviews/id1547626578,28/09/2022,00:38
Vinamilk,App Store,10970539649,abcjxkkdbeisbdjđkod,3,Trung lập,khá chậm,báo lỗi hoài.thẻ mới cào xong,1.0.9,VN,https://itunes.apple.com/vn/reviews/id1545484522,27/09/2022,22:33
Vinamilk,App Store,10956621317,Homehkt,1,Tiêu cực,App quá lỗi,"App lỗi kinh khủng ko hiển thị, dùng cực chán. Chắc phải xoá app vì không sử dụng được",1.0.9,VN,https://itunes.apple.com/vn/reviews/id328569723,24/09/2022,01:45
Vinamilk,App Store,10952591229,mẹ Vid,2,Tiêu cực,Không dùng đươc,Nhập sdt mà k gửi tin nhắn về,1.0.9,VN,https://itunes.apple.com/vn/reviews/id402012258,22/09/2022,22:52
Vinamilk,App Store,10912560698,app khá dược,4,Tích cực,App ổn,App này khá hay mong ra nhiều tính năng mới,1.0.8,VN,https://itunes.apple.com/vn/reviews/id1494549613,11/09/2022,19:57
Vinamilk,App Store,10910845726,anhyeu123,2,Tiêu cực,CSKH quá kém,Tích điểm đổi thưởng đợi xử lý cả tuần chưa xử lý xong !,1.0.8,VN,https://itunes.apple.com/vn/reviews/id1062834841,11/09/2022,08:31
Vinamilk,App Store,10810487789,toannngiye,5,Tích cực,app đẹp,ok,1.0.7,VN,https://itunes.apple.com/vn/reviews/id1392326403,14/08/2022,11:19
Vinamilk,App Store,10808912511,anhng48,5,Tích cực,Giao diện rất đẹp,"Giao diện rất đẹp, tuy nhiên app hơi lag",1.0.7,VN,https://itunes.apple.com/vn/reviews/id1019751402,14/08/2022,00:49
