video_id;video_url;author_name;caption;caption_clean;has_caption;hashtags;hashtag_count;mentions;mention_count;links;link_count;like_count;comment_count;share_count;save_count;view_count;total_engagement;engagement_rate_by_view;performance_group;duration_seconds;duration_group;created_at;created_at_vn;post_date;post_year;post_month;post_hour;post_day_of_week
nan;;;No caption;No caption;False;;0;;0;;0;0;0;0;0;0;0;0.0;Low;0;Very short;NaT;NaT;;;;;
7.64284925183535e+18;https://www.tiktok.com/@khuongtaphoa/video/7642849251835350280;khuongtaphoa;#ngucocdinhduong#varna#nutifood#xuhuong #khuongtaphoa ;#ngucocdinhduong#varna#nutifood#xuhuong #khuongtaphoa;True;#ngucocdinhduong, #varna, #nutifood, #xuhuong, #khuongtaphoa;5;;0;;0;11;8;4;8;383;31;0.08093994778067885;Low;25;Short;2026-05-22 22:38:39+00:00;2026-05-23 05:38:39+07:00;2026-05-23;2026.0;5.0;5.0;Saturday
7.643655662630686e+18;https://www.tiktok.com/@dvdlaivan/video/7643655662630685960;dvdlaivan;#nutifood #nutifoodgrowplus #growplus #suachobe #xuhuong ;#nutifood #nutifoodgrowplus #growplus #suachobe #xuhuong;True;#nutifood, #nutifoodgrowplus, #growplus, #suachobe, #xuhuong;5;;0;;0;0;0;0;0;22;0;0.0;Low;21;Short;2026-05-25 02:47:53+00:00;2026-05-25 09:47:53+07:00;2026-05-25;2026.0;5.0;9.0;Monday
7.361586398958325e+18;https://www.tiktok.com/@heominhonnguyen/video/7361586398958325009;heominhonnguyen;Nutifood GrowPLus vàng hộp 800g dùng cho bé từ 1tuổi #nutifood #sữa #sữa_grow_plus #sữanutifood #nutifoodgrowplus #phattrientoandien #nutifoodgrowplussuanon #sữanon24h #xuhuong ;Nutifood GrowPLus vàng hộp 800g dùng cho bé từ 1tuổi #nutifood #sữa #sữa_grow_plus #sữanutifood #nutifoodgrowplus #phattrientoandien #nutifoodgrowplussuanon #sữanon24h #xuhuong;True;#nutifood, #sữa, #sữa_grow_plus, #sữanutifood, #nutifoodgrowplus, #phattrientoandien, #nutifoodgrowplussuanon, #sữanon24h, #xuhuong;9;;0;;0;180;38;66;38;90100;322;0.0035738068812430634;Very High;14;Very short;2024-04-24 23:55:10+00:00;2024-04-25 06:55:10+07:00;2024-04-25;2024.0;4.0;6.0;Thursday
7.639975607723494e+18;https://www.tiktok.com/@varna.nutifood/video/7639975607723494664;varna.nutifood;"Có bao nhiêu dinh dưỡng trong 1 ly Varna Complete
#nutifood #nutifoodsweden #varnanutifood #varnacomplete #dinhduong ";Có bao nhiêu dinh dưỡng trong 1 ly Varna Complete #nutifood #nutifoodsweden #varnanutifood #varnacomplete #dinhduong;True;#nutifood, #nutifoodsweden, #varnanutifood, #varnacomplete, #dinhduong;5;;0;;0;13;0;0;1;9736;14;0.001437962202136401;High;23;Short;2026-05-15 04:47:25+00:00;2026-05-15 11:47:25+07:00;2026-05-15;2026.0;5.0;11.0;Friday
7.644037597324463e+18;https://www.tiktok.com/@donghanhcungnuvi/video/7644037597324463367;donghanhcungnuvi;"Thể thao là rất tốt cho bé, nhưng để phát triển chiều cao tốt nhất thì cần phải bổ sung thêm dưỡng chất 
#nutifood #nutifoodsweden #nuvigrowheight #tangtruongchieucao #chieucaochobe ";Thể thao là rất tốt cho bé, nhưng để phát triển chiều cao tốt nhất thì cần phải bổ sung thêm dưỡng chất #nutifood #nutifoodsweden #nuvigrowheight #tangtruongchieucao #chieucaochobe;True;#nutifood, #nutifoodsweden, #nuvigrowheight, #tangtruongchieucao, #chieucaochobe;5;;0;;0;1;0;0;0;284;1;0.0035211267605633804;Low;24;Short;2026-05-26 03:30:00+00:00;2026-05-26 10:30:00+07:00;2026-05-26;2026.0;5.0;10.0;Tuesday
7.39026983810027e+18;https://www.tiktok.com/@ttt11377/video/7390269838100270344;ttt11377;Thùng 48 hộp sữa GROWPLUs bạc 110ml tặng kèm xửng hấp inochi#nutifoodgrowplus #growplussuanonimmunel #nutifoodswedengrowplus #growplusbac ;Thùng 48 hộp sữa GROWPLUs bạc 110ml tặng kèm xửng hấp inochi#nutifoodgrowplus #growplussuanonimmunel #nutifoodswedengrowplus #growplusbac;True;#nutifoodgrowplus, #growplussuanonimmunel, #nutifoodswedengrowplus, #growplusbac;4;;0;;0;29;9;2;15;3433;55;0.01602097290999126;Medium;8;Very short;2024-07-11 07:01:29+00:00;2024-07-11 14:01:29+07:00;2024-07-11;2024.0;7.0;14.0;Thursday
7.644027401223163e+18;https://www.tiktok.com/@sapcuaminh.hnc/video/7644027401223163144;sapcuaminh.hnc;"Sản phẩm hỗ trợ dinh dưỡng cho bé thấp còi.
#growplus #nutifoodgrowplus #nutifood #nutifoodswedengrowplus #suydinhduong ";Sản phẩm hỗ trợ dinh dưỡng cho bé thấp còi. #growplus #nutifoodgrowplus #nutifood #nutifoodswedengrowplus #suydinhduong;True;#growplus, #nutifoodgrowplus, #nutifood, #nutifoodswedengrowplus, #suydinhduong;5;;0;;0;2;0;0;0;117;2;0.017094017094017096;Low;39;Medium;2026-05-26 02:50:33+00:00;2026-05-26 09:50:33+07:00;2026-05-26;2026.0;5.0;9.0;Tuesday
7.643433390925942e+18;https://www.tiktok.com/@linhsannhoxiu/video/7643433390925942024;linhsannhoxiu;Trvia uống hợp nên mẹ nhàn hẳn luôn #growplus #growplusdo #suachobe #mevabe#suatangcan ;Trvia uống hợp nên mẹ nhàn hẳn luôn #growplus #growplusdo #suachobe #mevabe#suatangcan;True;#growplus, #growplusdo, #suachobe, #mevabe, #suatangcan;5;;0;;0;30;3;3;4;212;40;0.18867924528301888;Low;21;Short;2026-05-24 12:25:19+00:00;2026-05-24 19:25:19+07:00;2026-05-24;2026.0;5.0;19.0;Sunday
7.640686120300285e+18;https://www.tiktok.com/@khanhnguyen1509/video/7640686120300285204;khanhnguyen1509;"🛑 Công Phượng áo đẫm mồ h.ôi cuốc bộ ra về tại Ngày hội bóng đá nhí Toàn quốc cùng Học viện bóng đá Nutifood
#Nutifood #HVBĐNutifood #hợptáccùngNutifood
#HọcViệnBóngĐá #tuyensinhkhoa4";🛑 Công Phượng áo đẫm mồ h.ôi cuốc bộ ra về tại Ngày hội bóng đá nhí Toàn quốc cùng Học viện bóng đá Nutifood #Nutifood #HVBĐNutifood #hợptáccùngNutifood #HọcViệnBóngĐá #tuyensinhkhoa4;True;#Nutifood, #HVBĐNutifood, #hợptáccùngNutifood, #HọcViệnBóngĐá, #tuyensinhkhoa4;5;;0;;0;21300;720;221;709;1300000;22950;0.017653846153846155;Very High;47;Medium;2026-05-17 02:44:33+00:00;2026-05-17 09:44:33+07:00;2026-05-17;2026.0;5.0;9.0;Sunday
7.580165465599725e+18;https://www.tiktok.com/@ttt11377/video/7580165465599724818;ttt11377;Thùng 24 hộp 180ml sữa pha sẵn GrowPlus đỏ#sữa #nutifoodgrowplus #growplus #nutifood ;Thùng 24 hộp 180ml sữa pha sẵn GrowPlus đỏ#sữa #nutifoodgrowplus #growplus #nutifood;True;#sữa, #nutifoodgrowplus, #growplus, #nutifood;4;;0;;0;31;0;9;12;18300;52;0.0028415300546448087;High;37;Medium;2025-12-05 00:33:32+00:00;2025-12-05 07:33:32+07:00;2025-12-05;2025.0;12.0;7.0;Friday
7.644144115101306e+18;https://www.tiktok.com/@mevaembebao/video/7644144115101306120;mevaembebao;Sữa pha sẵn tiện lợi, với nguồn đạm quý A2 dễ hấp thu, dễ tiêu hoá, các mẹ đã thử Grow plus+ A2 beta- casein cho con chưa? #nutifoodaustralia #nutifoodgrowplus #growplusa2 #dama2 #socialelite ;Sữa pha sẵn tiện lợi, với nguồn đạm quý A2 dễ hấp thu, dễ tiêu hoá, các mẹ đã thử Grow plus+ A2 beta- casein cho con chưa? #nutifoodaustralia #nutifoodgrowplus #growplusa2 #dama2 #socialelite;True;#nutifoodaustralia, #nutifoodgrowplus, #growplusa2, #dama2, #socialelite;5;;0;;0;2;2;0;0;100;4;0.04;Low;44;Medium;2026-05-26 12:53:00+00:00;2026-05-26 19:53:00+07:00;2026-05-26;2026.0;5.0;19.0;Tuesday
7.63306837784147e+18;https://www.tiktok.com/@linhchiili98/video/7633068377841470740;linhchiili98;Tham khảo nhiều lắm và đây là những trải nghiệm ý kiến của cá nhân tui. #suabotphasan #Nutifood #growplus ;Tham khảo nhiều lắm và đây là những trải nghiệm ý kiến của cá nhân tui. #suabotphasan #Nutifood #growplus;True;#suabotphasan, #Nutifood, #growplus;3;;0;;0;21;3;4;7;6618;35;0.005288606829857963;Medium;8;Very short;2026-04-26 14:03:48+00:00;2026-04-26 21:03:48+07:00;2026-04-26;2026.0;4.0;21.0;Sunday
7.64404548035522e+18;https://www.tiktok.com/@kenh14official/video/7644045480355220757;kenh14official;"Công thức FDI của Nutifood được Mỹ cấp bằng sáng chế USPTO giúp các mẹ bỉm Việt yên tâm cho con dùng.

#NutifoodFDI #NutifoodAmerica #BaoChungTuMy #FPFN ";Công thức FDI của Nutifood được Mỹ cấp bằng sáng chế USPTO giúp các mẹ bỉm Việt yên tâm cho con dùng. #NutifoodFDI #NutifoodAmerica #BaoChungTuMy #FPFN;True;#NutifoodFDI, #NutifoodAmerica, #BaoChungTuMy, #FPFN;4;;0;;0;594;18;8;15;94800;635;0.00669831223628692;Very High;52;Medium;2026-05-26 04:00:33+00:00;2026-05-26 11:00:33+07:00;2026-05-26;2026.0;5.0;11.0;Tuesday
7.643396398980861e+18;https://www.tiktok.com/@dangtrandan/video/7643396398980861192;dangtrandan;Thùng 48 Hộp Sữa GrowPLUS #growplus #nutifood #salevuichinhhang #2425luongve #tiktokshop ;Thùng 48 Hộp Sữa GrowPLUS #growplus #nutifood #salevuichinhhang #2425luongve #tiktokshop;True;#growplus, #nutifood, #salevuichinhhang, #2425luongve, #tiktokshop;5;;0;;0;0;0;0;0;238;0;0.0;Low;17;Short;2026-05-25 17:00:00+00:00;2026-05-26 00:00:00+07:00;2026-05-26;2026.0;5.0;0.0;Tuesday
7.511009200068218e+18;https://www.tiktok.com/@the_morning_nutri_foods/video/7511009200068218118;the_morning_nutri_foods;"Make that bold switch for you and the family- from high sugar foods to nutri foods..Your health deserves better!! Our happy client @Isaac 🇬🇭 was impressed…
 #granolainghana #bestgreekyogurt #bestgreekyogurtinaccra #fibrefoods #organicfoodsghana ##nutrifoods";Make that bold switch for you and the family- from high sugar foods to nutri foods..Your health deserves better!! Our happy client @Isaac 🇬🇭 was impressed… #granolainghana #bestgreekyogurt #bestgreekyogurtinaccra #fibrefoods #organicfoodsghana ##nutrifoods;True;#granolainghana, #bestgreekyogurt, #bestgreekyogurtinaccra, #fibrefoods, #organicfoodsghana, #nutrifoods;6;@Isaac;1;;0;342;39;29;54;20800;464;0.022307692307692306;High;23;Short;2025-06-01 15:51:50+00:00;2025-06-01 22:51:50+07:00;2025-06-01;2025.0;6.0;22.0;Sunday
7.475887621462412e+18;https://www.tiktok.com/@kidszonehcm/video/7475887621462412562;kidszonehcm;Sữa bột Nguyên Kem 400G #nutifood #nguyenkem #sua #ta #kidszone ;Sữa bột Nguyên Kem 400G #nutifood #nguyenkem #sua #ta #kidszone;True;#nutifood, #nguyenkem, #sua, #ta, #kidszone;5;;0;;0;7234;237;933;3056;897000;11460;0.012775919732441472;Very High;21;Short;2025-02-27 00:22:24+00:00;2025-02-27 07:22:24+07:00;2025-02-27;2025.0;2.0;7.0;Thursday
7.64411947276829e+18;https://www.tiktok.com/@afamilyngaylucnay/video/7644119472768290069;afamilyngaylucnay;"Công thức dinh dưỡng FDI của Nutifood được Mỹ cấp bằng sáng chế USPTO, mở ra cột mốc mới cho ngành sữa Việt
#NutifoodFDI #NutifoodAmerica #BaoChungTuMy";Công thức dinh dưỡng FDI của Nutifood được Mỹ cấp bằng sáng chế USPTO, mở ra cột mốc mới cho ngành sữa Việt #NutifoodFDI #NutifoodAmerica #BaoChungTuMy;True;#NutifoodFDI, #NutifoodAmerica, #BaoChungTuMy;3;;0;;0;244;16;0;0;3504;260;0.07420091324200913;Medium;45;Medium;2026-05-26 08:47:45+00:00;2026-05-26 15:47:45+07:00;2026-05-26;2026.0;5.0;15.0;Tuesday
7.540292146620861e+18;https://www.tiktok.com/@vanireviewdayne/video/7540292146620861713;vanireviewdayne;"Sữa bột nguyên kem Nutifood – giàu dinh dưỡng, bổ sung năng lượng và canxi, cho cả gia đình khỏe mạnh mỗi ngày!
#Nutifood #SuaBotNguyenKem #DinhDuongMoiNgay #GiaDinhKhoeManh #tiktokfoodie ";Sữa bột nguyên kem Nutifood – giàu dinh dưỡng, bổ sung năng lượng và canxi, cho cả gia đình khỏe mạnh mỗi ngày! #Nutifood #SuaBotNguyenKem #DinhDuongMoiNgay #GiaDinhKhoeManh #tiktokfoodie;True;#Nutifood, #SuaBotNguyenKem, #DinhDuongMoiNgay, #GiaDinhKhoeManh, #tiktokfoodie;5;;0;;0;448;6;86;116;93300;656;0.007031082529474812;Very High;15;Very short;2025-08-19 13:44:39+00:00;2025-08-19 20:44:39+07:00;2025-08-19;2025.0;8.0;20.0;Tuesday
7.644029589471186e+18;https://www.tiktok.com/@varna.nutifood/video/7644029589471186183;varna.nutifood;"Cơ thể chuyển hoá chậm khiến đường huyết tăng nhanh
#nutifood #nutifoodsweden #varnanutifood #varnadiabetes #suahopphasan ";Cơ thể chuyển hoá chậm khiến đường huyết tăng nhanh #nutifood #nutifoodsweden #varnanutifood #varnadiabetes #suahopphasan;True;#nutifood, #nutifoodsweden, #varnanutifood, #varnadiabetes, #suahopphasan;5;;0;;0;0;0;0;0;79;0;0.0;Low;27;Short;2026-05-26 02:58:59+00:00;2026-05-26 09:58:59+07:00;2026-05-26;2026.0;5.0;9.0;Tuesday
7.592906381292834e+18;https://www.tiktok.com/@tingyewoi/video/7592906381292834049;tingyewoi;"Đố mí bà em Ting có htác không 🤔
##tingyewoi #suatuoi #nutifood #suabotnguyenkem #xh ";Đố mí bà em Ting có htác không 🤔 ##tingyewoi #suatuoi #nutifood #suabotnguyenkem #xh;True;#tingyewoi, #suatuoi, #nutifood, #suabotnguyenkem, #xh;5;;0;;0;1527;53;180;328;121500;2088;0.017185185185185185;Very High;36;Medium;2026-01-08 08:34:59+00:00;2026-01-08 15:34:59+07:00;2026-01-08;2026.0;1.0;15.0;Thursday
7.640847599779532e+18;https://www.tiktok.com/@chung.sunny6/video/7640847599779532053;chung.sunny6;#xuhuwowsnghashtag2026 đại đại zị đi ;#xuhuwowsnghashtag2026 đại đại zị đi;True;#xuhuwowsnghashtag2026;1;;0;;0;34;11;1;2;1647;48;0.029143897996357013;Low;40;Medium;2026-05-17 13:11:09+00:00;2026-05-17 20:11:09+07:00;2026-05-17;2026.0;5.0;20.0;Sunday
7.643837339063668e+18;https://www.tiktok.com/@anpham899/video/7643837339063667985;anpham899;Sữa nutifood giàu đạm, giàu chất béo… #nutifoodgrowplus #xuhuong24h #sua;Sữa nutifood giàu đạm, giàu chất béo… #nutifoodgrowplus #xuhuong24h #sua;True;#nutifoodgrowplus, #xuhuong24h, #sua;3;;0;;0;2;0;0;0;129;2;0.015503875968992248;Low;8;Very short;2026-05-25 14:33:34+00:00;2026-05-25 21:33:34+07:00;2026-05-25;2026.0;5.0;21.0;Monday
7.640732858893487e+18;https://www.tiktok.com/@lattungvbiz/video/7640732858893487367;lattungvbiz;"🛑 Cầu thủ Nguyễn Nhật Minh xuất hiện như CEO, hình ảnh xách cái túi cứ quen quen tại Ngày hội bóng đá nhí Toàn quốc cùng Học viện bóng đá Nutifood
#Nutifood #HVBĐNutifood #hợptáccùngNutifood
#HọcViệnBóngĐá #tuyensinhkhoa4";🛑 Cầu thủ Nguyễn Nhật Minh xuất hiện như CEO, hình ảnh xách cái túi cứ quen quen tại Ngày hội bóng đá nhí Toàn quốc cùng Học viện bóng đá Nutifood #Nutifood #HVBĐNutifood #hợptáccùngNutifood #HọcViệnBóngĐá #tuyensinhkhoa4;True;#Nutifood, #HVBĐNutifood, #hợptáccùngNutifood, #HọcViệnBóngĐá, #tuyensinhkhoa4;5;;0;;0;7167;41;271;233;230900;7712;0.03339974014724989;Very High;31;Medium;2026-05-17 05:45:55+00:00;2026-05-17 12:45:55+07:00;2026-05-17;2026.0;5.0;12.0;Sunday
7.643088427423927e+18;https://www.tiktok.com/@meoluoi199516/video/7643088427423927559;meoluoi199516;"#varna #dinhduong @Mèo lười 🥰🌺 
@Mèo lười 🥰🌺 
@Mèo lười 🥰🌺 ";#varna #dinhduong @Mèo lười 🥰🌺 @Mèo lười 🥰🌺 @Mèo lười 🥰🌺;True;#varna, #dinhduong;2;@Mèo, @Mèo, @Mèo;3;;0;14;1;2;1;7310;18;0.0024623803009575923;Medium;10;Very short;2026-05-23 14:06:41+00:00;2026-05-23 21:06:41+07:00;2026-05-23;2026.0;5.0;21.0;Saturday
7.640701455736999e+18;https://www.tiktok.com/@bimatvbiz/video/7640701455736999175;bimatvbiz;"🛑 Cầu thủ Công Phượng hiếm hoi xuất hiện tại Ngày hội bóng đá nhí Toàn quốc cùng Học viện bóng đá Nutifood
#Nutifood #HVBĐNutifood #hợptáccùngNutifood
#HọcViệnBóngĐá #tuyensinhkhoa4";🛑 Cầu thủ Công Phượng hiếm hoi xuất hiện tại Ngày hội bóng đá nhí Toàn quốc cùng Học viện bóng đá Nutifood #Nutifood #HVBĐNutifood #hợptáccùngNutifood #HọcViệnBóngĐá #tuyensinhkhoa4;True;#Nutifood, #HVBĐNutifood, #hợptáccùngNutifood, #HọcViệnBóngĐá, #tuyensinhkhoa4;5;;0;;0;18600;309;692;547;1400000;20148;0.01439142857142857;Very High;27;Short;2026-05-17 03:44:06+00:00;2026-05-17 10:44:06+07:00;2026-05-17;2026.0;5.0;10.0;Sunday
7.639974125506792e+18;https://www.tiktok.com/@chuongduatin/video/7639974125506792711;chuongduatin;Cận cảnh visual góc nghiêng cực mê của Gon Pink tại sự kiện Nutifood GrowPLUS+ #chuongduatin #NutifoodFDI #NutifoodAmerica #BaoChungTuMy #gonpink ;Cận cảnh visual góc nghiêng cực mê của Gon Pink tại sự kiện Nutifood GrowPLUS+ #chuongduatin #NutifoodFDI #NutifoodAmerica #BaoChungTuMy #gonpink;True;#chuongduatin, #NutifoodFDI, #NutifoodAmerica, #BaoChungTuMy, #gonpink;5;;0;;0;8320;78;137;225;524100;8760;0.01671436748712078;Very High;30;Short;2026-05-15 04:41:44+00:00;2026-05-15 11:41:44+07:00;2026-05-15;2026.0;5.0;11.0;Friday
7.632577007003487e+18;https://www.tiktok.com/@hoahiep465/video/7632577007003487508;hoahiep465;thùng 48 chai nước sữa Nutifood ;thùng 48 chai nước sữa Nutifood;True;;0;;0;;0;9;0;0;5;2649;14;0.005285013212533031;Medium;15;Very short;2026-04-25 06:17:03+00:00;2026-04-25 13:17:03+07:00;2026-04-25;2026.0;4.0;13.0;Saturday
7.36686073673322e+18;https://www.tiktok.com/@hannvvu/video/7366860736733220114;hannvvu;Nóng quá làm ly sữa trái cây nutriboost vị bánh quy kem giải khát thôi nèo #giaikhat #suatraicay #nutriboost #vịbánhquykem #caitiemtaphoacomyt ;Nóng quá làm ly sữa trái cây nutriboost vị bánh quy kem giải khát thôi nèo #giaikhat #suatraicay #nutriboost #vịbánhquykem #caitiemtaphoacomyt;True;#giaikhat, #suatraicay, #nutriboost, #vịbánhquykem, #caitiemtaphoacomyt;5;;0;;0;155;18;145;19;71800;337;0.004693593314763231;High;89;Long;2024-05-09 05:02:13+00:00;2024-05-09 12:02:13+07:00;2024-05-09;2024.0;5.0;12.0;Thursday
7.640714104289644e+18;https://www.tiktok.com/@bimatvbiz/video/7640714104289643783;bimatvbiz;"🛑 Các “mầm non sân cỏ” hào hứng check-in, xin chữ ký và giao lưu cùng Nguyễn Nhật Minh và TUNGAGE tại sự kiện của Học viện bóng đá Nutifood #Nutifood #HVBĐNutifood #hợptáccùngNutifood
#HọcViệnBóngĐá #tuyensinhkhoa4";🛑 Các “mầm non sân cỏ” hào hứng check-in, xin chữ ký và giao lưu cùng Nguyễn Nhật Minh và TUNGAGE tại sự kiện của Học viện bóng đá Nutifood #Nutifood #HVBĐNutifood #hợptáccùngNutifood #HọcViệnBóngĐá #tuyensinhkhoa4;True;#Nutifood, #HVBĐNutifood, #hợptáccùngNutifood, #HọcViệnBóngĐá, #tuyensinhkhoa4;5;;0;;0;51;0;2;1;6582;54;0.008204193254329991;Medium;33;Medium;2026-05-17 04:33:14+00:00;2026-05-17 11:33:14+07:00;2026-05-17;2026.0;5.0;11.0;Sunday
7.640733706499427e+18;https://www.tiktok.com/@lattungvbiz/video/7640733706499427602;lattungvbiz;"🛑 Cris Phan dắt bé Benny đi đo chỉ số sức khoẻ tại Ngày hội bóng đá nhí Toàn quốc cùng Học viện bóng đá Nutifood
#Nutifood #HVBĐNutifood #hợptáccùngNutifood
#HọcViệnBóngĐá #tuyensinhkhoa4";🛑 Cris Phan dắt bé Benny đi đo chỉ số sức khoẻ tại Ngày hội bóng đá nhí Toàn quốc cùng Học viện bóng đá Nutifood #Nutifood #HVBĐNutifood #hợptáccùngNutifood #HọcViệnBóngĐá #tuyensinhkhoa4;True;#Nutifood, #HVBĐNutifood, #hợptáccùngNutifood, #HọcViệnBóngĐá, #tuyensinhkhoa4;5;;0;;0;84;1;0;3;4742;88;0.018557570645297342;Medium;31;Medium;2026-05-17 05:49:14+00:00;2026-05-17 12:49:14+07:00;2026-05-17;2026.0;5.0;12.0;Sunday
7.643868166921309e+18;https://www.tiktok.com/@hien_lammetuoi21/video/7643868166921309448;hien_lammetuoi21;"🌱 Mẹ nào đang tìm sữa có đạm A2 dịu nhẹ cho bé thì tham khảo em này nha! Đạm A2 Beta-Casein kết hợp FOS, DHA cùng nhiều vitamin và khoáng chất thiết yếu, hỗ trợ bé hấp thu tốt hơn, phát triển thể chất và trí não mỗi ngày. 💛👶  

#NutifoodAustralia #NutifoodGrowPLUS #GrowPLUSA2 #DamA2 #socialelite        ";🌱 Mẹ nào đang tìm sữa có đạm A2 dịu nhẹ cho bé thì tham khảo em này nha! Đạm A2 Beta-Casein kết hợp FOS, DHA cùng nhiều vitamin và khoáng chất thiết yếu, hỗ trợ bé hấp thu tốt hơn, phát triển thể chất và trí não mỗi ngày. 💛👶 #NutifoodAustralia #NutifoodGrowPLUS #GrowPLUSA2 #DamA2 #socialelite;True;#NutifoodAustralia, #NutifoodGrowPLUS, #GrowPLUSA2, #DamA2, #socialelite;5;;0;;0;25;1;5;2;7081;33;0.004660358706397401;Medium;37;Medium;2026-05-25 16:32:33+00:00;2026-05-25 23:32:33+07:00;2026-05-25;2026.0;5.0;23.0;Monday
7.640714622693051e+18;https://www.tiktok.com/@bimatvbiz/video/7640714622693051656;bimatvbiz;"🛑 Giao diện như “Lý Tiểu Long” của cầu thủ Công Phượng khi xuất hiện tại Ngày hội bóng đá nhí Toàn quốc cùng Học viện bóng đá Nutifood
#Nutifood #HVBĐNutifood #hợptáccùngNutifood
#HọcViệnBóngĐá #tuyensinhkhoa4";🛑 Giao diện như “Lý Tiểu Long” của cầu thủ Công Phượng khi xuất hiện tại Ngày hội bóng đá nhí Toàn quốc cùng Học viện bóng đá Nutifood #Nutifood #HVBĐNutifood #hợptáccùngNutifood #HọcViệnBóngĐá #tuyensinhkhoa4;True;#Nutifood, #HVBĐNutifood, #hợptáccùngNutifood, #HọcViệnBóngĐá, #tuyensinhkhoa4;5;;0;;0;40800;502;1517;967;3400000;43786;0.012878235294117647;Very High;15;Very short;2026-05-17 04:35:08+00:00;2026-05-17 11:35:08+07:00;2026-05-17;2026.0;5.0;11.0;Sunday
7.640739910902697e+18;https://www.tiktok.com/@khanhnguyen1509/video/7640739910902697237;khanhnguyen1509;"🛑 Công Phượng khiến người hâm mộ thích thú khi xuất hiện tại Ngày hội bóng đá nhí Toàn quốc cùng Học viện bóng đá Nutifood
#Nutifood #HVBĐNutifood #hợptáccùngNutifood
#HọcViệnBóngĐá #tuyensinhkhoa4";🛑 Công Phượng khiến người hâm mộ thích thú khi xuất hiện tại Ngày hội bóng đá nhí Toàn quốc cùng Học viện bóng đá Nutifood #Nutifood #HVBĐNutifood #hợptáccùngNutifood #HọcViệnBóngĐá #tuyensinhkhoa4;True;#Nutifood, #HVBĐNutifood, #hợptáccùngNutifood, #HọcViệnBóngĐá, #tuyensinhkhoa4;5;;0;;0;671;4;2;17;36400;694;0.019065934065934067;High;62;Long;2026-05-17 06:13:20+00:00;2026-05-17 13:13:20+07:00;2026-05-17;2026.0;5.0;13.0;Sunday
7.538005424541306e+18;https://www.tiktok.com/@huyenxinhh4/video/7538005424541306120;huyenxinhh4;Grow plus nutifood #nutifood #growplus #ilovetiktok #xh ;Grow plus nutifood #nutifood #growplus #ilovetiktok #xh;True;#nutifood, #growplus, #ilovetiktok, #xh;4;;0;;0;137;57;28;29;44500;251;0.0056404494382022476;High;36;Medium;2025-08-13 09:50:59+00:00;2025-08-13 16:50:59+07:00;2025-08-13;2025.0;8.0;16.0;Wednesday
7.454504950341717e+18;https://www.tiktok.com/@ndn_38/video/7454504950341717255;ndn_38;Nutifood growplus sữa pha sẳn ;Nutifood growplus sữa pha sẳn;True;;0;;0;;0;66;11;6;10;13300;93;0.006992481203007519;High;60;Medium;2024-12-31 09:26:31+00:00;2024-12-31 16:26:31+07:00;2024-12-31;2024.0;12.0;16.0;Tuesday
7.551391215179075e+18;https://www.tiktok.com/@taphoakimthuan/video/7551391215179074823;taphoakimthuan;"#sữa#nutifood#về#hàng#
#giá tốt cho mẹ săn@ngoannutifood ";#sữa#nutifood#về#hàng# #giá tốt cho mẹ săn@ngoannutifood;True;#sữa, #nutifood, #về, #hàng, #giá;5;@ngoannutifood;1;;0;38;0;1;1;4106;40;0.00974184120798831;Medium;107;Long;2025-09-18 11:34:40+00:00;2025-09-18 18:34:40+07:00;2025-09-18;2025.0;9.0;18.0;Thursday
7.607369543144541e+18;https://www.tiktok.com/@asiasportsvn/video/7607369543144541458;asiasportsvn;Nutifood không chỉ bán sữa, họ còn build “lò cầu thủ” lên tuyển #AsiaSports #thethaomoingay #sportontiktok #bongdavietnam;Nutifood không chỉ bán sữa, họ còn build “lò cầu thủ” lên tuyển #AsiaSports #thethaomoingay #sportontiktok #bongdavietnam;True;#AsiaSports, #thethaomoingay, #sportontiktok, #bongdavietnam;4;;0;;0;3046;16;295;126;78400;3483;0.044426020408163264;High;46;Medium;2026-02-16 07:59:13+00:00;2026-02-16 14:59:13+07:00;2026-02-16;2026.0;2.0;14.0;Monday
7.640813459659034e+18;https://www.tiktok.com/@idollive.vn/video/7640813459659033876;idollive.vn;"Công thức FDI của Nutifood được cấp bằng sáng chế Mỹ, được các Hot KOL tin tưởng lựa chọn cho con
#idollive 
#NutifoodFDI #NutifoodAmerica #BaoChungTuMy";Công thức FDI của Nutifood được cấp bằng sáng chế Mỹ, được các Hot KOL tin tưởng lựa chọn cho con #idollive #NutifoodFDI #NutifoodAmerica #BaoChungTuMy;True;#idollive, #NutifoodFDI, #NutifoodAmerica, #BaoChungTuMy;4;;0;;0;4649;58;16;47;165300;4770;0.02885662431941924;Very High;67;Long;2026-05-17 12:00:00+00:00;2026-05-17 19:00:00+07:00;2026-05-17;2026.0;5.0;19.0;Sunday
7.539494340108815e+18;https://www.tiktok.com/@sua.hung.phuong/video/7539494340108815623;sua.hung.phuong;Nuti Growplus Đỏ #nutifoodgrowplus #growplusdo ;Nuti Growplus Đỏ #nutifoodgrowplus #growplusdo;True;#nutifoodgrowplus, #growplusdo;2;;0;;0;133;17;24;34;28800;208;0.007222222222222222;High;45;Medium;2025-08-17 10:08:43+00:00;2025-08-17 17:08:43+07:00;2025-08-17;2025.0;8.0;17.0;Sunday
7.49045288970237e+18;https://www.tiktok.com/@monngon.review/video/7490452889702370566;monngon.review;"Review 4 loại sữa Nutifood bạn thích loại nào???✨🥛
#suatuoinutifood #nutifood #nutimilk #milk #sữa #suatuoi #suatuoituoisach #food #drink #nuvi #suatuoicothach #muataitiktokshop#muataitiktokshop #tiktokshop44 ##monngonreview #nutimilknewzealand ";Review 4 loại sữa Nutifood bạn thích loại nào???✨🥛 #suatuoinutifood #nutifood #nutimilk #milk #sữa #suatuoi #suatuoituoisach #food #drink #nuvi #suatuoicothach #muataitiktokshop#muataitiktokshop #tiktokshop44 ##monngonreview #nutimilknewzealand;True;#suatuoinutifood, #nutifood, #nutimilk, #milk, #sữa, #suatuoi, #suatuoituoisach, #food, #drink, #nuvi, #suatuoicothach, #muataitiktokshop, #muataitiktokshop, #tiktokshop44, #monngonreview, #nutimilknewzealand;16;;0;;0;369;7;16;42;6662;434;0.06514560192134494;Medium;32;Medium;2025-04-07 06:22:59+00:00;2025-04-07 13:22:59+07:00;2025-04-07;2025.0;4.0;13.0;Monday
7.56165710832891e+18;https://www.tiktok.com/@hoarreview/video/7561657108328910098;hoarreview;"Sữa bột nguyên kem NutiFood 
#tiktok #xuhuong #nutifood #reels #review ";Sữa bột nguyên kem NutiFood #tiktok #xuhuong #nutifood #reels #review;True;#tiktok, #xuhuong, #nutifood, #reels, #review;5;;0;;0;49;3;4;2;10100;58;0.0057425742574257425;High;19;Short;2025-10-16 10:30:00+00:00;2025-10-16 17:30:00+07:00;2025-10-16;2025.0;10.0;17.0;Thursday
7.522826304471813e+18;https://www.tiktok.com/@gocnho2608/video/7522826304471813384;gocnho2608;Sữa đậu nành Nuti ;Sữa đậu nành Nuti;True;;0;;0;;0;14;0;5;0;4636;19;0.004098360655737705;Medium;24;Short;2025-07-03 12:08:14+00:00;2025-07-03 19:08:14+07:00;2025-07-03;2025.0;7.0;19.0;Thursday
7.612501178785566e+18;https://www.tiktok.com/@vinamiudangyeu/video/7612501178785565960;vinamiudangyeu;"Tết ăn gì cũng ngon, chơi gì cũng vui, chỉ tội cái bụng hơi quá tải xíu thôi 😅
Tips hay nè: Bỏ túi ngay em Varnalife Sữa Hạt của NutiFood – vừa thơm ngon, vừa nhẹ bụng, uống xong thấy tinh thần phơi phới, sẵn sàng đón lộc cả năm ✨
#NationCareCreators
#rra8vgl #nutifood #tipshaymoingay #vlog";Tết ăn gì cũng ngon, chơi gì cũng vui, chỉ tội cái bụng hơi quá tải xíu thôi 😅 Tips hay nè: Bỏ túi ngay em Varnalife Sữa Hạt của NutiFood – vừa thơm ngon, vừa nhẹ bụng, uống xong thấy tinh thần phơi phới, sẵn sàng đón lộc cả năm ✨ #NationCareCreators #rra8vgl #nutifood #tipshaymoingay #vlog;True;#NationCareCreators, #rra8vgl, #nutifood, #tipshaymoingay, #vlog;5;;0;;0;1482;45;59;39;263900;1625;0.006157635467980296;Very High;76;Long;2026-03-02 03:52:36+00:00;2026-03-02 10:52:36+07:00;2026-03-02;2026.0;3.0;10.0;Monday
7.50392260484827e+18;https://www.tiktok.com/@trangkiudaily/video/7503922604848270599;trangkiudaily;Sữa chính hãng từ Tập đoàn Nutifood #trangkiudaily ;Sữa chính hãng từ Tập đoàn Nutifood #trangkiudaily;True;#trangkiudaily;1;;0;;0;2831;108;160;261;2600000;3360;0.0012923076923076922;Very High;50;Medium;2025-05-13 13:32:15+00:00;2025-05-13 20:32:15+07:00;2025-05-13;2025.0;5.0;20.0;Tuesday
7.438130571320069e+18;https://www.tiktok.com/@sieuthisurihappymart/video/7438130571320069384;sieuthisurihappymart;3 ly Nuti Sữa Bột Nguyên Kem mỗi ngày là giải pháp dinh dưỡng giúp gia đình khỏe mạnh #suabot #sữangon #sữanutifood #suabotnguyenkem #sữanuti #nutifood #uongcungtiktok #viral #xuhuong #trending #tytyhocxuong ;3 ly Nuti Sữa Bột Nguyên Kem mỗi ngày là giải pháp dinh dưỡng giúp gia đình khỏe mạnh #suabot #sữangon #sữanutifood #suabotnguyenkem #sữanuti #nutifood #uongcungtiktok #viral #xuhuong #trending #tytyhocxuong;True;#suabot, #sữangon, #sữanutifood, #suabotnguyenkem, #sữanuti, #nutifood, #uongcungtiktok, #viral, #xuhuong, #trending, #tytyhocxuong;11;;0;;0;262;26;29;94;78300;411;0.00524904214559387;High;26;Short;2024-11-17 06:25:34+00:00;2024-11-17 13:25:34+07:00;2024-11-17;2024.0;11.0;13.0;Sunday
7.641630334173318e+18;https://www.tiktok.com/@_tramii11/video/7641630334173318421;_tramii11;học quá mệt rồi😭;học quá mệt rồi😭;True;;0;;0;;0;5571;32;319;342;65600;6264;0.09548780487804878;High;17;Short;2026-05-19 15:48:34+00:00;2026-05-19 22:48:34+07:00;2026-05-19;2026.0;5.0;22.0;Tuesday
7.644411152197357e+18;https://www.tiktok.com/@hieu19502/video/7644411152197356821;hieu19502;Cong Phuong Prime🤩🔥 #congphuong #dtvn #football #viralvideo #kieuduyhieu ;Cong Phuong Prime🤩🔥 #congphuong #dtvn #football #viralvideo #kieuduyhieu;True;#congphuong, #dtvn, #football, #viralvideo, #kieuduyhieu;5;;0;;0;56;2;0;0;4331;58;0.013391826368044332;Medium;87;Long;2026-05-27 03:39:39+00:00;2026-05-27 10:39:39+07:00;2026-05-27;2026.0;5.0;10.0;Wednesday
7.643101243799277e+18;https://www.tiktok.com/@jeanetteariel1975/video/7643101243799276830;jeanetteariel1975;#tiktok  #viralvideo #trending #tiktokviral #usa;#tiktok #viralvideo #trending #tiktokviral #usa;True;#tiktok, #viralvideo, #trending, #tiktokviral, #usa;5;;0;;0;454;9;10;37;17300;510;0.029479768786127167;High;55;Medium;2026-05-23 14:56:31+00:00;2026-05-23 21:56:31+07:00;2026-05-23;2026.0;5.0;21.0;Saturday
7.644199195116719e+18;https://www.tiktok.com/@nminh_jr/video/7644199195116719380;nminh_jr;1 bên mực xanh 1 bên mực đen 😭😭 ;1 bên mực xanh 1 bên mực đen 😭😭;True;;0;;0;;0;6636;469;7589;150;174400;14844;0.08511467889908257;Very High;15;Very short;2026-05-26 13:57:06+00:00;2026-05-26 20:57:06+07:00;2026-05-26;2026.0;5.0;20.0;Tuesday
7.587758193942531e+18;https://www.tiktok.com/@smartanimalshome1/video/7587758193942531383;smartanimalshome1;"1️⃣ Junbi is crying and sulking at Dad… my heart 😭
#BabyMonkey #Junbi #Sulking #CuteAnimals #FYP #TikTokUSA";1️⃣ Junbi is crying and sulking at Dad… my heart 😭 #BabyMonkey #Junbi #Sulking #CuteAnimals #FYP #TikTokUSA;True;#BabyMonkey, #Junbi, #Sulking, #CuteAnimals, #FYP, #TikTokUSA;6;;0;;0;192;13;8;19;8053;232;0.028809139451136223;Medium;60;Medium;2025-12-25 11:38:55+00:00;2025-12-25 18:38:55+07:00;2025-12-25;2025.0;12.0;18.0;Thursday
7.642783867929202e+18;https://www.tiktok.com/@elid_home/video/7642783867929201933;elid_home;"✨ You can find the full recipe by searching [54] through the link in my bio

I was seriously getting tired of meal prep.  
Eating plain chicken breast every day gets old REAL fast 😭

I kept cheating on my diet because I was craving fried food so bad,  
and then my trainer told me to try this recipe 😳

It’s just diced chicken breast and potatoes,  
but somehow the outside turns crispy like fries  
while the inside stays insanely juicy 🤤

I honestly couldn’t believe this was supposed to be “healthy food.”  
It tastes like a cheat meal without the heavy feeling 💛

Now my wife keeps stealing them off my plate  
every time I make a batch 😂

✨ You can also find it by searching [54] through the link in my bio";✨ You can find the full recipe by searching [54] through the link in my bio I was seriously getting tired of meal prep. Eating plain chicken breast every day gets old REAL fast 😭 I kept cheating on my diet because I was craving fried food so bad, and then my trainer told me to try this recipe 😳 It’s just diced chicken breast and potatoes, but somehow the outside turns crispy like fries while the inside stays insanely juicy 🤤 I honestly couldn’t believe this was supposed to be “healthy food.” It tastes like a cheat meal without the heavy feeling 💛 Now my wife keeps stealing them off my plate every time I make a batch 😂 ✨ You can also find it by searching [54] through the link in my bio;True;;0;;0;;0;91;2;24;35;2135;152;0.07119437939110071;Medium;24;Short;2026-05-22 18:25:14+00:00;2026-05-23 01:25:14+07:00;2026-05-23;2026.0;5.0;1.0;Saturday
7.399475823226441e+18;https://www.tiktok.com/@varnanutifoodthuydien/video/7399475823226440976;varnanutifoodthuydien;CHỌN SỮA NON IMMUNEL TỪ NUTIFOOD THỤY ĐIỂN, CHO CẢ NHÀ ĐỀ KHÁNG KHỎE #VarnaColostrum #SuaNonImmunel;CHỌN SỮA NON IMMUNEL TỪ NUTIFOOD THỤY ĐIỂN, CHO CẢ NHÀ ĐỀ KHÁNG KHỎE #VarnaColostrum #SuaNonImmunel;True;#VarnaColostrum, #SuaNonImmunel;2;;0;;0;8284;34;417;1006;15000000;9741;0.0006494;Very High;15;Very short;2024-08-05 02:25:30+00:00;2024-08-05 09:25:30+07:00;2024-08-05;2024.0;8.0;9.0;Monday
7.644196248425156e+18;https://www.tiktok.com/@user809ve06kbw/video/7644196248425155848;user809ve06kbw;No caption;No caption;False;;0;;0;;0;8;2;1;0;112;11;0.09821428571428571;Low;17;Short;2026-05-26 13:45:38+00:00;2026-05-26 20:45:38+07:00;2026-05-26;2026.0;5.0;20.0;Tuesday
7.605637126151097e+18;https://www.tiktok.com/@streetbite67/video/7605637126151097630;streetbite67;#Flrenze #florence #pasta #cheese #food ;#Flrenze #florence #pasta #cheese #food;True;#Flrenze, #florence, #pasta, #cheese, #food;5;;0;;0;0;0;2;0;154;2;0.012987012987012988;Low;179;Long;2026-02-11 15:57:11+00:00;2026-02-11 22:57:11+07:00;2026-02-11;2026.0;2.0;22.0;Wednesday
7.572291510910078e+18;https://www.tiktok.com/@aaron.e.taylor/video/7572291510910078239;aaron.e.taylor;Check out Nuti Nuti in Florence italy. #food #travel #europe #foodtiktok #vacations ;Check out Nuti Nuti in Florence italy. #food #travel #europe #foodtiktok #vacations;True;#food, #travel, #europe, #foodtiktok, #vacations;5;;0;;0;10;2;0;2;492;14;0.028455284552845527;Low;14;Very short;2025-11-13 19:18:38+00:00;2025-11-14 02:18:38+07:00;2025-11-14;2025.0;11.0;2.0;Friday
7.629339114093088e+18;https://www.tiktok.com/@nirutrition/video/7629339114093088020;nirutrition;💥காலை சாப்பாடு😍 #tamil #food #health #healthy #nirutrition ;💥காலை சாப்பாடு😍 #tamil #food #health #healthy #nirutrition;True;#tamil, #food, #health, #healthy, #nirutrition;5;;0;;0;15;0;13;2;1251;30;0.023980815347721823;Low;25;Short;2026-04-16 12:52:23+00:00;2026-04-16 19:52:23+07:00;2026-04-16;2026.0;4.0;19.0;Thursday
7.640196815098269e+18;https://www.tiktok.com/@arvinhealth/video/7640196815098268936;arvinhealth;Junk food carbs 🤮 #health #nutrition #animalbased ;Junk food carbs 🤮 #health #nutrition #animalbased;True;#health, #nutrition, #animalbased;3;;0;;0;34700;719;2768;3288;288600;41475;0.1437110187110187;Very High;13;Very short;2026-05-15 19:05:47+00:00;2026-05-16 02:05:47+07:00;2026-05-16;2026.0;5.0;2.0;Saturday
7.638292793630232e+18;https://www.tiktok.com/@viphealth0/video/7638292793630231822;viphealth0;most protein about meat#full #100kviews #healthyrecipes #didyouknow #10klikes😍 #usa #viralvideo #foryoupage #health ;most protein about meat#full #100kviews #healthyrecipes #didyouknow #10klikes😍 #usa #viralvideo #foryoupage #health;True;#full, #100kviews, #healthyrecipes, #didyouknow, #10klikes, #usa, #viralvideo, #foryoupage, #health;9;;0;;0;20;2;1;4;2128;27;0.01268796992481203;Medium;61;Long;2026-05-10 15:57:39+00:00;2026-05-10 22:57:39+07:00;2026-05-10;2026.0;5.0;22.0;Sunday
7.636854193902456e+18;https://www.tiktok.com/@healthschool0/video/7636854193902456086;healthschool0;Try these foods to help your #health ;Try these foods to help your #health;True;#health;1;;0;;0;4587;25;908;2239;112200;7759;0.06915329768270945;Very High;28;Short;2026-05-06 18:54:42+00:00;2026-05-07 01:54:42+07:00;2026-05-07;2026.0;5.0;1.0;Thursday
7.630816174674054e+18;https://www.tiktok.com/@minchou_oe_oe/video/7630816174674054420;minchou_oe_oe;"""Em đọc chả hiểu gì?#embotmucbang #MừngSinhNhậtLớn
#NutifoodGrowPLUS";"""Em đọc chả hiểu gì?#embotmucbang #MừngSinhNhậtLớn #NutifoodGrowPLUS";True;#embotmucbang, #MừngSinhNhậtLớn, #NutifoodGrowPLUS;3;;0;;0;11700;80;1256;117;117800;13153;0.1116553480475382;Very High;71;Long;2026-04-20 12:24:07+00:00;2026-04-20 19:24:07+07:00;2026-04-20;2026.0;4.0;19.0;Monday
7.639478573518163e+18;https://www.tiktok.com/@supersupersecret0411/video/7639478573518163214;supersupersecret0411;#foryoupage #food #nasty #secret ;#foryoupage #food #nasty #secret;True;#foryoupage, #food, #nasty, #secret;4;;0;;0;134300;1115;3214;15201;725100;153830;0.21215004826920425;Very High;21;Short;2026-05-13 20:39:05+00:00;2026-05-14 03:39:05+07:00;2026-05-14;2026.0;5.0;3.0;Thursday
7.603363994891505e+18;https://www.tiktok.com/@greenhealthlife/video/7603363994891504910;greenhealthlife;tha food with the most protein #unitedstates #health #healthtips #Fitness #viralvideo ;tha food with the most protein #unitedstates #health #healthtips #Fitness #viralvideo;True;#unitedstates, #health, #healthtips, #Fitness, #viralvideo;5;;0;;0;1417;78;289;693;245700;2477;0.010081400081400082;Very High;61;Long;2026-02-05 12:55:50+00:00;2026-02-05 19:55:50+07:00;2026-02-05;2026.0;2.0;19.0;Thursday
7.624857039797243e+18;https://www.tiktok.com/@hylick3105/video/7624857039797243156;hylick3105;"Chúng ta cần quan tâm Ba Mẹ hơn một xíu… 
#Varna #VarnaColostrum #NutifoodThuyDien ";Chúng ta cần quan tâm Ba Mẹ hơn một xíu… #Varna #VarnaColostrum #NutifoodThuyDien;True;#Varna, #VarnaColostrum, #NutifoodThuyDien;3;;0;;0;29500;84;368;1328;1100000;31280;0.028436363636363638;Very High;73;Long;2026-04-04 10:59:40+00:00;2026-04-04 17:59:40+07:00;2026-04-04;2026.0;4.0;17.0;Saturday
7.353127967574199e+18;https://www.tiktok.com/@honghthong1/video/7353127967574199570;honghthong1;Sữa pha săn nutifood đỏ #toktok #xuhuong #viral #dochobe #thinhhanh #bỉm_sữa #nutifoodgrowplus ;Sữa pha săn nutifood đỏ #toktok #xuhuong #viral #dochobe #thinhhanh #bỉm_sữa #nutifoodgrowplus;True;#toktok, #xuhuong, #viral, #dochobe, #thinhhanh, #bỉm_sữa, #nutifoodgrowplus;7;;0;;0;12;7;0;0;2952;19;0.006436314363143632;Medium;43;Medium;2024-04-02 04:52:04+00:00;2024-04-02 11:52:04+07:00;2024-04-02;2024.0;4.0;11.0;Tuesday
7.635073249549749e+18;https://www.tiktok.com/@iamdani.lakie/video/7635073249549749518;iamdani.lakie;I've been really locked in these past few weeks . I'm creating a new lifestyle 💪🏽 #danilakie #foodtok #healthyfood #caloriesandprotein #fyp ;I've been really locked in these past few weeks . I'm creating a new lifestyle 💪🏽 #danilakie #foodtok #healthyfood #caloriesandprotein #fyp;True;#danilakie, #foodtok, #healthyfood, #caloriesandprotein, #fyp;5;;0;;0;87;3;2;8;639;100;0.1564945226917058;Low;11;Very short;2026-05-01 23:43:56+00:00;2026-05-02 06:43:56+07:00;2026-05-02;2026.0;5.0;6.0;Saturday
7.641298844952661e+18;https://www.tiktok.com/@science.crafty/video/7641298844952661270;science.crafty;"A healthy breakfast provides energy, supports focus, and helps maintain balanced nutrition throughout the day. Include protein, fruits, whole grains, and healthy fats for better wellness. Try best healthy breakfast for energy naturally, high protein breakfast for healthy lifestyle, quick healthy breakfast ideas for weight balance, and nutritious morning meals for daily wellness.
This video AI generator , This video is for educational purposes only.
⚠️ This is a conceptual AI animation, not an exact medical depiction or health advice.
#viral #foodies #healthyfood #foodlovers #health ";A healthy breakfast provides energy, supports focus, and helps maintain balanced nutrition throughout the day. Include protein, fruits, whole grains, and healthy fats for better wellness. Try best healthy breakfast for energy naturally, high protein breakfast for healthy lifestyle, quick healthy breakfast ideas for weight balance, and nutritious morning meals for daily wellness. This video AI generator , This video is for educational purposes only. ⚠️ This is a conceptual AI animation, not an exact medical depiction or health advice. #viral #foodies #healthyfood #foodlovers #health;True;#viral, #foodies, #healthyfood, #foodlovers, #health;5;;0;;0;1090;5;67;953;105000;2115;0.020142857142857143;Very High;10;Very short;2026-05-18 18:22:14+00:00;2026-05-19 01:22:14+07:00;2026-05-19;2026.0;5.0;1.0;Tuesday
7.644451012903816e+18;https://www.tiktok.com/@nutifoodgrowplus/video/7644451012903816469;nutifoodgrowplus;"Sữa hot không quan trọng bằng sữa hợp. Lý do Annie sở hữu má bánh bao vạn người mê là chăm uống sữa Nutifood GrowPLUS+ Suy Dinh Dưỡng đó!

#growplusdo #suatangcan #nutifood";Sữa hot không quan trọng bằng sữa hợp. Lý do Annie sở hữu má bánh bao vạn người mê là chăm uống sữa Nutifood GrowPLUS+ Suy Dinh Dưỡng đó! #growplusdo #suatangcan #nutifood;True;#growplusdo, #suatangcan, #nutifood;3;;0;;0;10;1;0;1;2013;12;0.005961251862891207;Medium;67;Long;2026-05-27 06:14:15+00:00;2026-05-27 13:14:15+07:00;2026-05-27;2026.0;5.0;13.0;Wednesday
7.644418787512552e+18;https://www.tiktok.com/@nutifoodgrowplus/video/7644418787512552722;nutifoodgrowplus;"Trợ thủ để con mũm mĩm, khoẻ mạnh giống “bestie"" mẹ là gì nhỉ?

#growplusdo #suatangcan #nutifood";"Trợ thủ để con mũm mĩm, khoẻ mạnh giống “bestie"" mẹ là gì nhỉ? #growplusdo #suatangcan #nutifood";True;#growplusdo, #suatangcan, #nutifood;3;;0;;0;13;1;0;1;1339;15;0.011202389843166542;Low;92;Long;2026-05-27 04:09:11+00:00;2026-05-27 11:09:11+07:00;2026-05-27;2026.0;5.0;11.0;Wednesday
7.64008105325162e+18;https://www.tiktok.com/@giadinhgaubeti/video/7640081053251620103;giadinhgaubeti;Săn sữa Nutifood giá hời quà khủng trong live nào các mom ơi ❤️❤️❤️;Săn sữa Nutifood giá hời quà khủng trong live nào các mom ơi ❤️❤️❤️;True;;0;;0;;0;77;2;9;10;68700;98;0.0014264919941775838;High;17;Short;2026-05-15 11:36:35+00:00;2026-05-15 18:36:35+07:00;2026-05-15;2026.0;5.0;18.0;Friday
7.636616427146841e+18;https://www.tiktok.com/@nguynlam59/video/7636616427146841352;nguynlam59;Thùng sữa pha sẵn nuvigrow height#nuvigrowheight #nutifood ;Thùng sữa pha sẵn nuvigrow height#nuvigrowheight #nutifood;True;#nuvigrowheight, #nutifood;2;;0;;0;1055;27;50;174;652500;1306;0.0020015325670498085;Very High;46;Medium;2026-05-06 03:32:03+00:00;2026-05-06 10:32:03+07:00;2026-05-06;2026.0;5.0;10.0;Wednesday
7.644417390377307e+18;https://www.tiktok.com/@nutifoodgrowplus/video/7644417390377307400;nutifoodgrowplus;"Thì ra động lực khiến Kayce tự giác đòi uống sữa Nutifood GrowPLUS+ Suy Dinh Dưỡng mỗi ngày là đây

#growplusdo #suatangcan #nutifood";Thì ra động lực khiến Kayce tự giác đòi uống sữa Nutifood GrowPLUS+ Suy Dinh Dưỡng mỗi ngày là đây #growplusdo #suatangcan #nutifood;True;#growplusdo, #suatangcan, #nutifood;3;;0;;0;10;0;0;0;1128;10;0.008865248226950355;Low;63;Long;2026-05-27 04:03:46+00:00;2026-05-27 11:03:46+07:00;2026-05-27;2026.0;5.0;11.0;Wednesday
7.644467141349002e+18;https://www.tiktok.com/@nutifoodgrowplus/video/7644467141349002497;nutifoodgrowplus;"Ba chăm Khỉ mát tay, uống sữa đều đều thế này thì mẹ đã an tâm lui về chăm sóc cho bản thân chưa?

#growplusdo #suatangcan #nutifood";Ba chăm Khỉ mát tay, uống sữa đều đều thế này thì mẹ đã an tâm lui về chăm sóc cho bản thân chưa? #growplusdo #suatangcan #nutifood;True;#growplusdo, #suatangcan, #nutifood;3;;0;;0;0;0;0;0;101;0;0.0;Low;73;Long;2026-05-27 07:17:20+00:00;2026-05-27 14:17:20+07:00;2026-05-27;2026.0;5.0;14.0;Wednesday
7.631214171413073e+18;https://www.tiktok.com/@embezino/video/7631214171413073173;embezino;"Happy Birthday NutiFood GrowPlus 14 tuổi ạ 💛
#MừngSinhNhậtLớn
#NutifoodGrowPLUS ";Happy Birthday NutiFood GrowPlus 14 tuổi ạ 💛 #MừngSinhNhậtLớn #NutifoodGrowPLUS;True;#MừngSinhNhậtLớn, #NutifoodGrowPLUS;2;;0;;0;1650;43;30;197;72700;1920;0.02640990371389271;High;58;Medium;2026-04-21 14:08:32+00:00;2026-04-21 21:08:32+07:00;2026-04-21;2026.0;4.0;21.0;Tuesday
7.617491749023403e+18;https://www.tiktok.com/@nguyen.kimanh74/video/7617491749023403265;nguyen.kimanh74;Sữa NutiFood a2 kèm quà #nutifood #nutifoodaustralia ;Sữa NutiFood a2 kèm quà #nutifood #nutifoodaustralia;True;#nutifood, #nutifoodaustralia;2;;0;;0;17;0;1;8;3965;26;0.006557377049180328;Medium;20;Short;2026-03-15 14:39:24+00:00;2026-03-15 21:39:24+07:00;2026-03-15;2026.0;3.0;21.0;Sunday
7.615450869747764e+18;https://www.tiktok.com/@nguyen.kimanh74/video/7615450869747764496;nguyen.kimanh74;Sữa bột pha sẵn NutiFood #nutifoodgrowplus #nutifood #growplusa2 ;Sữa bột pha sẵn NutiFood #nutifoodgrowplus #nutifood #growplusa2;True;#nutifoodgrowplus, #nutifood, #growplusa2;3;;0;;0;8;0;1;7;708;16;0.022598870056497175;Low;26;Short;2026-03-10 02:39:52+00:00;2026-03-10 09:39:52+07:00;2026-03-10;2026.0;3.0;9.0;Tuesday
7.618097283611217e+18;https://www.tiktok.com/@nguyen.anh8280/video/7618097283611217173;nguyen.anh8280;Sữa NutiFood #nutifood ;Sữa NutiFood #nutifood;True;#nutifood;1;;0;;0;14;0;0;5;7445;19;0.0025520483546004028;Medium;21;Short;2026-03-17 05:48:34+00:00;2026-03-17 12:48:34+07:00;2026-03-17;2026.0;3.0;12.0;Tuesday
7.644213150782475e+18;https://www.tiktok.com/@tann.phatt16/video/7644213150782475527;tann.phatt16;Nutifood⚽️❤️‍🔥#nutifoodgrowplus #hagl #xhhh #xuhuong #xuhuonggggggggggggggggg ;Nutifood⚽️❤️‍🔥#nutifoodgrowplus #hagl #xhhh #xuhuong #xuhuonggggggggggggggggg;True;#nutifoodgrowplus, #hagl, #xhhh, #xuhuong, #xuhuonggggggggggggggggg;5;;0;;0;76;4;53;0;239;133;0.5564853556485355;Low;30;Short;2026-05-26 14:51:12+00:00;2026-05-26 21:51:12+07:00;2026-05-26;2026.0;5.0;21.0;Tuesday
7.504102562300284e+18;https://www.tiktok.com/@goldkids_momandbaby/video/7504102562300284167;goldkids_momandbaby;#growplusnutifood đỉnh chóp ạ;#growplusnutifood đỉnh chóp ạ;True;#growplusnutifood;1;;0;;0;108;3;5;17;4204;133;0.03163653663177926;Medium;72;Long;2025-05-14 01:10:36+00:00;2025-05-14 08:10:36+07:00;2025-05-14;2025.0;5.0;8.0;Wednesday
7.54812615856338e+18;https://www.tiktok.com/@kingnahid018/video/7548126158563380498;kingnahid018;In Sha Allah #trending #Foryou #viral #nutifoodgrowplus #foryoupageofficiall ;In Sha Allah #trending #Foryou #viral #nutifoodgrowplus #foryoupageofficiall;True;#trending, #Foryou, #viral, #nutifoodgrowplus, #foryoupageofficiall;5;;0;;0;60;8;64;1;187;133;0.7112299465240641;Low;13;Very short;2025-09-09 16:24:35+00:00;2025-09-09 23:24:35+07:00;2025-09-09;2025.0;9.0;23.0;Tuesday
7.644392401238412e+18;https://www.tiktok.com/@afamilygiaitri/video/7644392401238412562;afamilygiaitri;"Loạt KOL Việt như Liêu Hà Trinh, Gon Pink đổ bộ chúc mừng cột mốc công thức dinh dưỡng FDI của Nutifood được USPTO Hoa Kỳ cấp bằng sáng chế.

#nutifoodfdi #NutifoodAmerica #baochungtumy ";Loạt KOL Việt như Liêu Hà Trinh, Gon Pink đổ bộ chúc mừng cột mốc công thức dinh dưỡng FDI của Nutifood được USPTO Hoa Kỳ cấp bằng sáng chế. #nutifoodfdi #NutifoodAmerica #baochungtumy;True;#nutifoodfdi, #NutifoodAmerica, #baochungtumy;3;;0;;0;20;0;1;1;1371;22;0.016046681254558718;Low;60;Medium;2026-05-27 02:26:50+00:00;2026-05-27 09:26:50+07:00;2026-05-27;2026.0;5.0;9.0;Wednesday
7.644112505178017e+18;https://www.tiktok.com/@bichlien906/video/7644112505178017045;bichlien906;Mong nhãn hàng chú ý đến con 😂 và mong ông top top độ 2 mẹ con con 🫶#mẹtomreview #nutifoodgrowplus #nutifoodgrowplusbac #tangchieucao #monglenxuhuong1lần🙆 ;Mong nhãn hàng chú ý đến con 😂 và mong ông top top độ 2 mẹ con con 🫶#mẹtomreview #nutifoodgrowplus #nutifoodgrowplusbac #tangchieucao #monglenxuhuong1lần🙆;True;#mẹtomreview, #nutifoodgrowplus, #nutifoodgrowplusbac, #tangchieucao, #monglenxuhuong1lần;5;;0;;0;6;1;2;1;61;10;0.16393442622950818;Low;21;Short;2026-05-26 11:00:00+00:00;2026-05-26 18:00:00+07:00;2026-05-26;2026.0;5.0;18.0;Tuesday
7.638303633121021e+18;https://www.tiktok.com/@sillz/video/7638303633121021214;sillz;Replying to @Joseph Let’s put these foods in the Kiwi App and see how they did #health #nutrition ;Replying to @Joseph Let’s put these foods in the Kiwi App and see how they did #health #nutrition;True;#health, #nutrition;2;@Joseph;1;;0;24200;234;389;3914;258600;28737;0.11112529002320186;Very High;130;Long;2026-05-10 16:39:31+00:00;2026-05-10 23:39:31+07:00;2026-05-10;2026.0;5.0;23.0;Sunday
7.634140346498207e+18;https://www.tiktok.com/@foodsea02/video/7634140346498206990;foodsea02;"tha food with the most protein
#unitedstates 
#health 
#healthtips 
#Fitness 
#usa 
#viralvideo ";tha food with the most protein #unitedstates #health #healthtips #Fitness #usa #viralvideo;True;#unitedstates, #health, #healthtips, #Fitness, #usa, #viralvideo;6;;0;;0;49;0;4;6;12800;59;0.004609375;High;61;Long;2026-04-29 11:24:20+00:00;2026-04-29 18:24:20+07:00;2026-04-29;2026.0;4.0;18.0;Wednesday
7.642914358334459e+18;https://www.tiktok.com/@user1073057496302/video/7642914358334459149;user1073057496302;WHAT I EAT IN A DAY AS A NUTRITIONIST - food you actually want to eat-2;WHAT I EAT IN A DAY AS A NUTRITIONIST - food you actually want to eat-2;True;;0;;0;;0;1;0;0;0;81;1;0.012345679012345678;Low;338;Very long;2026-05-23 02:51:23+00:00;2026-05-23 09:51:23+07:00;2026-05-23;2026.0;5.0;9.0;Saturday
7.642840065839746e+18;https://www.tiktok.com/@joshdech.health/video/7642840065839746322;joshdech.health;"The biggest baby food brands tested their own products for years and knew they were laced with arsenic, lead, and cadmium.
Beech-Nut's rice cereal had arsenic at 8 times the bottled water limit. Gerber knew their carrots had cadmium.
Every brand Congress tested had toxic metals at levels that would be illegal in bottled water, and not one of them broke a law, because there was no limit to break.
There is no safe level of lead for a developing child, and this food is still on the shelf.
To work with me, email clients@gutsolution.ca
Sources:
https://oversightdemocrats.house.gov/sites/evo-subsites/democrats-oversight.house.gov/files/2021-02-04%20ECP%20Baby%20Food%20Staff%20Report.pdf
https://www.healthybabyfood.org/sites/healthybabyfoods.org/files/2019-10/BabyFoodReport_FULLREPORT_ENGLISH_R5b.pdf
https://www.fda.gov/food/metals-and-your-food/guidance-industry-action-levels-lead-food-intended-babies-and-young-children";The biggest baby food brands tested their own products for years and knew they were laced with arsenic, lead, and cadmium. Beech-Nut's rice cereal had arsenic at 8 times the bottled water limit. Gerber knew their carrots had cadmium. Every brand Congress tested had toxic metals at levels that would be illegal in bottled water, and not one of them broke a law, because there was no limit to break. There is no safe level of lead for a developing child, and this food is still on the shelf. To work with me, email clients@gutsolution.ca Sources: https://oversightdemocrats.house.gov/sites/evo-subsites/democrats-oversight.house.gov/files/2021-02-04%20ECP%20Baby%20Food%20Staff%20Report.pdf https://www.healthybabyfood.org/sites/healthybabyfoods.org/files/2019-10/BabyFoodReport_FULLREPORT_ENGLISH_R5b.pdf https://www.fda.gov/food/metals-and-your-food/guidance-industry-action-levels-lead-food-intended-babies-and-young-children;True;;0;@gutsolution;1;https://oversightdemocrats.house.gov/sites/evo-subsites/democrats-oversight.house.gov/files/2021-02-04%20ECP%20Baby%20Food%20Staff%20Report.pdf, https://www.healthybabyfood.org/sites/healthybabyfoods.org/files/2019-10/BabyFoodReport_FULLREPORT_ENGLISH_R5b.pdf, https://www.fda.gov/food/metals-and-your-food/guidance-industry-action-levels-lead-food-intended-babies-and-young-children;3;70;1;7;8;847;86;0.10153482880755609;Low;173;Long;2026-05-22 22:02:39+00:00;2026-05-23 05:02:39+07:00;2026-05-23;2026.0;5.0;5.0;Saturday
7.626960268781702e+18;https://www.tiktok.com/@diet.xperts/video/7626960268781702420;diet.xperts;"How Eggs Supercharge Your Metabolism & Brain Power!

Eggs are often called nature's multivitamin,  Here is a breakdown of why they are a powerhouse food:

Metabolism Booster (The Protein Factor):As highlighted in the image, eggs are excellent for boosting metabolism. They are packed with high-quality protein (about 6 grams per large egg). Protein has a high ""thermic effect,"" meaning your body burns more calories digesting protein than it does fats or carbs. This helps keep your metabolic rate high and aids in weight management.

Brain Health (The Choline Connection):The visible brain in the illustration represents ""Choline"". 

Eggs are one of the best dietary sources of choline, a nutrient vital for brain development, memory function, and nerve signaling.

Bone Strength:The skeletal structure hints at Vitamin D and Calcium. Egg yolks contain Vitamin D, which is crucial for calcium absorption and maintaining strong bones, preventing the ""skeletal"" look of deficiency!
* **Essential Nutrients:** Beyond protein, eggs are rich in Vitamin B12 (for energy), Selenium (an antioxidant), and Lutein (for eye health).

⚠️ **Disclaimer:** The information provided in this post is for educational and informational purposes only and does not constitute medical advice. While eggs are nutritious, individuals with specific health conditions (such as high cholesterol, egg allergies, or heart disease) should consult with a healthcare professional or a registered dietitian before making significant changes to their diet.

#EggBenefits #MetabolismBoost #HealthyEating #NutritionFacts #Superfoods

Egg Nutrition, Metabolism, High Protein, Brain Health, Dietary Tips";"How Eggs Supercharge Your Metabolism & Brain Power! Eggs are often called nature's multivitamin, Here is a breakdown of why they are a powerhouse food: Metabolism Booster (The Protein Factor):As highlighted in the image, eggs are excellent for boosting metabolism. They are packed with high-quality protein (about 6 grams per large egg). Protein has a high ""thermic effect,"" meaning your body burns more calories digesting protein than it does fats or carbs. This helps keep your metabolic rate high and aids in weight management. Brain Health (The Choline Connection):The visible brain in the illustration represents ""Choline"". Eggs are one of the best dietary sources of choline, a nutrient vital for brain development, memory function, and nerve signaling. Bone Strength:The skeletal structure hints at Vitamin D and Calcium. Egg yolks contain Vitamin D, which is crucial for calcium absorption and maintaining strong bones, preventing the ""skeletal"" look of deficiency! * **Essential Nutrients:** Beyond protein, eggs are rich in Vitamin B12 (for energy), Selenium (an antioxidant), and Lutein (for eye health). ⚠️ **Disclaimer:** The information provided in this post is for educational and informational purposes only and does not constitute medical advice. While eggs are nutritious, individuals with specific health conditions (such as high cholesterol, egg allergies, or heart disease) should consult with a healthcare professional or a registered dietitian before making significant changes to their diet. #EggBenefits #MetabolismBoost #HealthyEating #NutritionFacts #Superfoods Egg Nutrition, Metabolism, High Protein, Brain Health, Dietary Tips";True;#EggBenefits, #MetabolismBoost, #HealthyEating, #NutritionFacts, #Superfoods;5;;0;;0;73100;522;8146;8840;12000000;90608;0.0075506666666666665;Very High;10;Very short;2026-04-10 03:01:23+00:00;2026-04-10 10:01:23+07:00;2026-04-10;2026.0;4.0;10.0;Friday
7.642726245599333e+18;https://www.tiktok.com/@nutronfoodscanner/video/7642726245599333653;nutronfoodscanner;Foods You Should Never Eat ⚠️🚫 #food #healthyfood #health #healthyeating #snacks;Foods You Should Never Eat ⚠️🚫 #food #healthyfood #health #healthyeating #snacks;True;#food, #healthyfood, #health, #healthyeating, #snacks;5;;0;;0;6556;927;8080;1594;229800;17157;0.07466057441253264;Very High;52;Medium;2026-05-22 14:41:21+00:00;2026-05-22 21:41:21+07:00;2026-05-22;2026.0;5.0;21.0;Friday
7.640945801715305e+18;https://www.tiktok.com/@nourishedbyynature/video/7640945801715305742;nourishedbyynature;Raw animal organs are the most nutrient dense food on the planet. Here I had raw beef tartare with raw beef heart. Eat real, bioavailable nutrients from animal foods that your body actually craves. ;Raw animal organs are the most nutrient dense food on the planet. Here I had raw beef tartare with raw beef heart. Eat real, bioavailable nutrients from animal foods that your body actually craves.;True;;0;;0;;0;676;59;17;52;8329;804;0.09653019570176492;Medium;8;Very short;2026-05-17 19:32:39+00:00;2026-05-18 02:32:39+07:00;2026-05-18;2026.0;5.0;2.0;Monday
7.626046113300155e+18;https://www.tiktok.com/@foodasmedicine01/video/7626046113300155679;foodasmedicine01;"LUNG SUPPORT FOODS 🫁 Eat These for Better Breathing

Educational Purposes Only.

#LungHealth
#HealthyBreathing
#HealthTok
#WellnessTips
#NutritionFacts";LUNG SUPPORT FOODS 🫁 Eat These for Better Breathing Educational Purposes Only. #LungHealth #HealthyBreathing #HealthTok #WellnessTips #NutritionFacts;True;#LungHealth, #HealthyBreathing, #HealthTok, #WellnessTips, #NutritionFacts;5;;0;;0;7382;21;1658;988;2300000;10049;0.004369130434782609;Very High;6;Very short;2026-04-07 15:53:57+00:00;2026-04-07 22:53:57+07:00;2026-04-07;2026.0;4.0;22.0;Tuesday
7.639794972622949e+18;https://www.tiktok.com/@drjoe_md/video/7639794972622949663;drjoe_md;"Green bananas contain more resistant starch, which acts more like fiber and can be gentler on blood sugar for some people.

As bananas turn yellow and then spotted, that starch breaks down into simpler sugars, which is why ripe bananas taste sweeter and digest faster.

Same fruit, different stage, different effect.

#banana #nutrition #healthfacts #foodscience";Green bananas contain more resistant starch, which acts more like fiber and can be gentler on blood sugar for some people. As bananas turn yellow and then spotted, that starch breaks down into simpler sugars, which is why ripe bananas taste sweeter and digest faster. Same fruit, different stage, different effect. #banana #nutrition #healthfacts #foodscience;True;#banana, #nutrition, #healthfacts, #foodscience;4;;0;;0;7116;228;1316;723;145400;9383;0.06453232462173315;Very High;57;Medium;2026-05-14 17:06:37+00:00;2026-05-15 00:06:37+07:00;2026-05-15;2026.0;5.0;0.0;Friday
7.62865722257428e+18;https://www.tiktok.com/@nirutrition/video/7628657222574279956;nirutrition;💥சுவையான 5 Minute சமையல் 😎 #tamil #food #health #nirutrition #shortvideo ;💥சுவையான 5 Minute சமையல் 😎 #tamil #food #health #nirutrition #shortvideo;True;#tamil, #food, #health, #nirutrition, #shortvideo;5;;0;;0;29;0;2;15;877;46;0.052451539338654506;Low;20;Short;2026-04-16 09:00:00+00:00;2026-04-16 16:00:00+07:00;2026-04-16;2026.0;4.0;16.0;Thursday
7.633560623384628e+18;https://www.tiktok.com/@chrisferreiranutri/video/7633560623384628494;chrisferreiranutri;"La clave está en consistencia, disciplina, repetición y orden. No hay fórmula secreta si no más bien una serie de sencillos pasos que te acercan al éxito‼️

Acá te comparto mi lista de alimentos para 2 semanas para que puedas replicarlo ok?

Pollo, carne, huevo, aguacate 
Arroz integral, avena, papa, remolacha.
Tomate, pepino, zanahoria, lechuga, ají rojo o amarillo, acelga. 
Naranja, papaya o mamón, manzana roja, fresas o frutillas.
Maní, nueces o semillas de girasol.

#dieta #salud #nutricion #nyc #viral ";La clave está en consistencia, disciplina, repetición y orden. No hay fórmula secreta si no más bien una serie de sencillos pasos que te acercan al éxito‼️ Acá te comparto mi lista de alimentos para 2 semanas para que puedas replicarlo ok? Pollo, carne, huevo, aguacate Arroz integral, avena, papa, remolacha. Tomate, pepino, zanahoria, lechuga, ají rojo o amarillo, acelga. Naranja, papaya o mamón, manzana roja, fresas o frutillas. Maní, nueces o semillas de girasol. #dieta #salud #nutricion #nyc #viral;True;#dieta, #salud, #nutricion, #nyc, #viral;5;;0;;0;263500;4235;35100;39278;1900000;342113;0.18005947368421052;Very High;111;Long;2026-04-27 21:54:17+00:00;2026-04-28 04:54:17+07:00;2026-04-28;2026.0;4.0;4.0;Tuesday
7.641704379136986e+18;https://www.tiktok.com/@hanakimremedies/video/7641704379136986398;hanakimremedies;Comment “Yes” if you want more USA food secrets 🇺🇸🌱 #health #usa;Comment “Yes” if you want more USA food secrets 🇺🇸🌱 #health #usa;True;#health, #usa;2;;0;;0;132;20;34;66;1434;252;0.17573221757322174;Low;34;Medium;2026-05-19 20:36:13+00:00;2026-05-20 03:36:13+07:00;2026-05-20;2026.0;5.0;3.0;Wednesday
7.63224788345409e+18;https://www.tiktok.com/@cfunnyfilm/video/7632247883454090509;cfunnyfilm;#fyp ;#fyp;True;#fyp;1;;0;;0;60;2;1;1;654;64;0.09785932721712538;Low;8;Very short;2026-04-24 09:01:30+00:00;2026-04-24 16:01:30+07:00;2026-04-24;2026.0;4.0;16.0;Friday
7.635350369840696e+18;https://www.tiktok.com/@yo_talks/video/7635350369840696590;yo_talks;Fact (fork eggs) #yotalks #hypertrophy #bodybuilding #science ;Fact (fork eggs) #yotalks #hypertrophy #bodybuilding #science;True;#yotalks, #hypertrophy, #bodybuilding, #science;4;;0;;0;3819;127;250;188;65500;4384;0.06693129770992366;High;7;Very short;2026-05-02 17:39:26+00:00;2026-05-03 00:39:26+07:00;2026-05-03;2026.0;5.0;0.0;Sunday
7.622906204141964e+18;https://www.tiktok.com/@georgibradleyy/video/7622906204141964564;georgibradleyy;"Will be here untill further notice 🤌🏼🤌🏼

@sipndipNZ 

*gifted *ad 

#sipndip #fyp #food #christchurch #mukbang ";Will be here untill further notice 🤌🏼🤌🏼 @sipndipNZ *gifted *ad #sipndip #fyp #food #christchurch #mukbang;True;#sipndip, #fyp, #food, #christchurch, #mukbang;5;@sipndipNZ;1;;0;208;20;9;6;3945;243;0.061596958174904945;Medium;58;Medium;2026-03-30 04:49:37+00:00;2026-03-30 11:49:37+07:00;2026-03-30;2026.0;3.0;11.0;Monday
7.637640440405085e+18;https://www.tiktok.com/@bosfoodgirls/video/7637640440405085471;bosfoodgirls;Nutre is the best 🤌🏼;Nutre is the best 🤌🏼;True;;0;;0;;0;11;2;0;1;308;14;0.045454545454545456;Low;22;Short;2026-05-08 21:45:50+00:00;2026-05-09 04:45:50+07:00;2026-05-09;2026.0;5.0;4.0;Saturday
7.64221744329689e+18;https://www.tiktok.com/@healthbady333/video/7642217443296890142;healthbady333;#healthy #healthcare #healthyeating #healthfood  ;#healthy #healthcare #healthyeating #healthfood;True;#healthy, #healthcare, #healthyeating, #healthfood;4;;0;;0;39;1;3;15;938;58;0.06183368869936034;Low;24;Short;2026-05-21 05:47:31+00:00;2026-05-21 12:47:31+07:00;2026-05-21;2026.0;5.0;12.0;Thursday
7.632699803973029e+18;https://www.tiktok.com/@vitalitysphere.360/video/7632699803973029152;vitalitysphere.360;"Banana Chia Pudding 😋

Ingredients:
2 tbsp chia seeds (≈ 30 g)
1 ripe banana
1 cup milk (≈ 240 ml)

#health #healthylifestyle #healthyfood #healthyeating #recipes ";Banana Chia Pudding 😋 Ingredients: 2 tbsp chia seeds (≈ 30 g) 1 ripe banana 1 cup milk (≈ 240 ml) #health #healthylifestyle #healthyfood #healthyeating #recipes;True;#health, #healthylifestyle, #healthyfood, #healthyeating, #recipes;5;;0;;0;1367;7;380;598;58900;2352;0.0399320882852292;High;61;Long;2026-04-25 14:13:34+00:00;2026-04-25 21:13:34+07:00;2026-04-25;2026.0;4.0;21.0;Saturday
7.641869026410384e+18;https://www.tiktok.com/@yhettyqueen1_/video/7641869026410384660;yhettyqueen1_;"I received a “thank you” package from @Official natnudO Foods and guys 

This is beautiful and huge 🥰

#yhettyqueen1 #creatorsearchinsight 
#prpackage ";I received a “thank you” package from @Official natnudO Foods and guys This is beautiful and huge 🥰 #yhettyqueen1 #creatorsearchinsight #prpackage;True;#yhettyqueen1, #creatorsearchinsight, #prpackage;3;@Official;1;;0;3058;36;100;122;31200;3316;0.10628205128205129;High;48;Medium;2026-05-20 07:14:50+00:00;2026-05-20 14:14:50+07:00;2026-05-20;2026.0;5.0;14.0;Wednesday
7.64334207238413e+18;https://www.tiktok.com/@body.talks.us/video/7643342072384130324;body.talks.us;3 Morning Foods You Should Stop Eating Today#health #healthy #healthtips #usa #usa_tiktok;3 Morning Foods You Should Stop Eating Today#health #healthy #healthtips #usa #usa_tiktok;True;#health, #healthy, #healthtips, #usa, #usa_tiktok;5;;0;;0;11;2;1;0;476;14;0.029411764705882353;Low;60;Medium;2026-05-24 06:31:05+00:00;2026-05-24 13:31:05+07:00;2026-05-24;2026.0;5.0;13.0;Sunday
7.643494080390942e+18;https://www.tiktok.com/@next.kill.only/video/7643494080390941974;next.kill.only;#food #trendin #newviral #recipes #health ;#food #trendin #newviral #recipes #health;True;#food, #trendin, #newviral, #recipes, #health;5;;0;;0;26;0;2;6;476;34;0.07142857142857142;Low;20;Short;2026-05-24 16:20:56+00:00;2026-05-24 23:20:56+07:00;2026-05-24;2026.0;5.0;23.0;Sunday
7.631963861675019e+18;https://www.tiktok.com/@foodzoomq7q/video/7631963861675019550;foodzoomq7q;#Tiktok #fypシ #fypシ゚viral #fouryoupage #viral_video ;#Tiktok #fypシ #fypシ゚viral #fouryoupage #viral_video;True;#Tiktok, #fypシ, #fypシ, #fouryoupage, #viral_video;5;;0;;0;1416;10;76;209;292400;1711;0.0058515731874145;Very High;62;Long;2026-04-23 14:37:53+00:00;2026-04-23 21:37:53+07:00;2026-04-23;2026.0;4.0;21.0;Thursday
7.643128964583624e+18;https://www.tiktok.com/@next.kill.only/video/7643128964583623958;next.kill.only;#health #recipes #newviral #trendin #food ;#health #recipes #newviral #trendin #food;True;#health, #recipes, #newviral, #trendin, #food;5;;0;;0;43;0;1;3;768;47;0.061197916666666664;Low;21;Short;2026-05-23 16:44:06+00:00;2026-05-23 23:44:06+07:00;2026-05-23;2026.0;5.0;23.0;Saturday
7.613905898611723e+18;https://www.tiktok.com/@xcusemynglish/video/7613905898611723550;xcusemynglish;"This is NEW YORK people DEADASS MALNOURISHED 😮‍💨😂

#thisisnewyork #xcusemynglish #deadass #deli #nutraments";This is NEW YORK people DEADASS MALNOURISHED 😮‍💨😂 #thisisnewyork #xcusemynglish #deadass #deli #nutraments;True;#thisisnewyork, #xcusemynglish, #deadass, #deli, #nutraments;5;;0;;0;1966;119;104;148;107100;2337;0.021820728291316527;Very High;13;Very short;2026-03-05 22:43:49+00:00;2026-03-06 05:43:49+07:00;2026-03-06;2026.0;3.0;5.0;Friday
7.618305356460101e+18;https://www.tiktok.com/@cheesyandthebears/video/7618305356460100877;cheesyandthebears;you are eating fake food #realfood #foodfacts #eathealthy #foodie #healthyfood ;you are eating fake food #realfood #foodfacts #eathealthy #foodie #healthyfood;True;#realfood, #foodfacts, #eathealthy, #foodie, #healthyfood;5;;0;;0;5215;85;2480;393;170700;8173;0.04787932044522554;Very High;22;Short;2026-03-17 19:15:51+00:00;2026-03-18 02:15:51+07:00;2026-03-18;2026.0;3.0;2.0;Wednesday
7.617152175155744e+18;https://www.tiktok.com/@glow_up__rapidement/video/7617152175155744022;glow_up__rapidement;Le viande que tu trouveras jamais en France 🇫🇷🤯 #nourriture #chameau #food #insolite ;Le viande que tu trouveras jamais en France 🇫🇷🤯 #nourriture #chameau #food #insolite;True;#nourriture, #chameau, #food, #insolite;4;;0;;0;68300;1143;8632;5326;2100000;83401;0.039714761904761905;Very High;67;Long;2026-03-14 16:40:50+00:00;2026-03-14 23:40:50+07:00;2026-03-14;2026.0;3.0;23.0;Saturday
7.629439380037324e+18;https://www.tiktok.com/@doctor_shakir/video/7629439380037324046;doctor_shakir;No caption;No caption;False;;0;;0;;0;172;2;12;26;13000;212;0.016307692307692308;High;63;Long;2026-04-16 19:21:32+00:00;2026-04-17 02:21:32+07:00;2026-04-17;2026.0;4.0;2.0;Friday
7.641441332644351e+18;https://www.tiktok.com/@howtobasic.24/video/7641441332644351239;howtobasic.24;"Tingling Feet & Weak Legs? 8 Collagen Snacks To Rebuild Nerves FAST
collagen snacks, tingling feet relief, weak legs after 60, nerve health support, joint strengthening foods
#Collagen #NerveHealth #HealthyAging #foryou #fyp ";Tingling Feet & Weak Legs? 8 Collagen Snacks To Rebuild Nerves FAST collagen snacks, tingling feet relief, weak legs after 60, nerve health support, joint strengthening foods #Collagen #NerveHealth #HealthyAging #foryou #fyp;True;#Collagen, #NerveHealth, #HealthyAging, #foryou, #fyp;5;;0;;0;1554;33;424;277;73700;2288;0.031044776119402984;High;512;Very long;2026-05-19 03:35:11+00:00;2026-05-19 10:35:11+07:00;2026-05-19;2026.0;5.0;10.0;Tuesday
7.638977434599181e+18;https://www.tiktok.com/@projects137/video/7638977434599181582;projects137;No caption;No caption;False;;0;;0;;0;441;5;67;79;134000;592;0.004417910447761194;Very High;62;Long;2026-05-12 12:14:53+00:00;2026-05-12 19:14:53+07:00;2026-05-12;2026.0;5.0;19.0;Tuesday
7.642220829224209e+18;https://www.tiktok.com/@cultureclipzzz1/video/7642220829224209694;cultureclipzzz1;Pick one 🤌 #ai #food #comfortfood #snackbreak #cultureclipzzz ;Pick one 🤌 #ai #food #comfortfood #snackbreak #cultureclipzzz;True;#ai, #food, #comfortfood, #snackbreak, #cultureclipzzz;5;;0;;0;17;7;7;2;3506;33;0.009412435824301199;Medium;28;Short;2026-05-24 02:30:00+00:00;2026-05-24 09:30:00+07:00;2026-05-24;2026.0;5.0;9.0;Sunday
7.62880332046279e+18;https://www.tiktok.com/@pupswithpaul/video/7628803320462789902;pupswithpaul;"⚠️ If your dog is neutered or spayed, you need to know this

Most vets don't mention it, but hormonal changes after the procedure affect MORE than reproduction.

Post-neuter/spay changes I noticed in my own dogs:
* Unexplained weight gain 📈
* Lower energy 😴
* Increased appetite 🍖
* 
Everyone said ""that's just aging"" — but it's NOT. It's hormonal.

When you remove testosterone/estrogen, it can impact: 
✅ Gut bacteria balance 
✅ Metabolism 
✅ Digestive health

When the gut's off → everything's off.
So here's what I did after my Labradoodles were neutered:

Started giving them IronPaws Dental Gut Powder daily.

What's in it: 
🌿 Probiotics (gut balance) 
🌿 Spirulina + Chlorella (metabolic support) 
🌿 Natural anti-inflammatories

The results? 
✨ Weight stabilized 
✨ Energy returned 
✨ Acting years younger

One scoop on their food. Made in USA 🇺🇸 Vet-formulated. Human-grade.

Amazon link in bio (search ""IronPaws"") or https://amzn.to/4qKSNne

Follow for 25+ years of practical dog health wisdom from real experience, not guesswork.

#DogHealth #NeuteredDog #SpayedDog #GutHealth #DogWeight     ";"⚠️ If your dog is neutered or spayed, you need to know this Most vets don't mention it, but hormonal changes after the procedure affect MORE than reproduction. Post-neuter/spay changes I noticed in my own dogs: * Unexplained weight gain 📈 * Lower energy 😴 * Increased appetite 🍖 * Everyone said ""that's just aging"" — but it's NOT. It's hormonal. When you remove testosterone/estrogen, it can impact: ✅ Gut bacteria balance ✅ Metabolism ✅ Digestive health When the gut's off → everything's off. So here's what I did after my Labradoodles were neutered: Started giving them IronPaws Dental Gut Powder daily. What's in it: 🌿 Probiotics (gut balance) 🌿 Spirulina + Chlorella (metabolic support) 🌿 Natural anti-inflammatories The results? ✨ Weight stabilized ✨ Energy returned ✨ Acting years younger One scoop on their food. Made in USA 🇺🇸 Vet-formulated. Human-grade. Amazon link in bio (search ""IronPaws"") or https://amzn.to/4qKSNne Follow for 25+ years of practical dog health wisdom from real experience, not guesswork. #DogHealth #NeuteredDog #SpayedDog #GutHealth #DogWeight";True;#DogHealth, #NeuteredDog, #SpayedDog, #GutHealth, #DogWeight;5;;0;https://amzn.to/4qKSNne;1;31;0;8;19;1419;58;0.0408738548273432;Low;113;Long;2026-04-15 02:13:19+00:00;2026-04-15 09:13:19+07:00;2026-04-15;2026.0;4.0;9.0;Wednesday
7.640248788925287e+18;https://www.tiktok.com/@donatoamanniello/video/7640248788925287702;donatoamanniello;"Las verduras y los carbohidratos también deben combinarse correctamente 🌱

Las verduras cocidas pueden acompañar perfectamente a los carbohidratos✨Pero ciertas verduras crudas pueden dificultar la digestión y favorecer fermentaciones⚠️

No se trata solo de comer saludable…sino de aprender cómo combinar los alimentos.

#alimentacionconsciente #digestionsaludable #bienestar #metodomanniello";Las verduras y los carbohidratos también deben combinarse correctamente 🌱 Las verduras cocidas pueden acompañar perfectamente a los carbohidratos✨Pero ciertas verduras crudas pueden dificultar la digestión y favorecer fermentaciones⚠️ No se trata solo de comer saludable…sino de aprender cómo combinar los alimentos. #alimentacionconsciente #digestionsaludable #bienestar #metodomanniello;True;#alimentacionconsciente, #digestionsaludable, #bienestar, #metodomanniello;4;;0;;0;901;12;149;227;19900;1289;0.06477386934673367;High;54;Medium;2026-05-15 22:27:35+00:00;2026-05-16 05:27:35+07:00;2026-05-16;2026.0;5.0;5.0;Saturday
7.64241268279198e+18;https://www.tiktok.com/@emstefie/video/7642412682791980302;emstefie;food n nuts #fyp #pizza #yummy ;food n nuts #fyp #pizza #yummy;True;#fyp, #pizza, #yummy;3;;0;;0;22;0;0;0;513;22;0.042884990253411304;Low;6;Very short;2026-05-21 18:24:39+00:00;2026-05-22 01:24:39+07:00;2026-05-22;2026.0;5.0;1.0;Friday
7.603456587650403e+18;https://www.tiktok.com/@ahm_mulj/video/7603456587650403606;ahm_mulj;"Čuvaj ovo. Pravićeš je. 🍰✨
🔸 Podloga:
300 g mlevene @Plazma 
7 kašika mleka
160 g maslaca
Sve sjediniti i utisnuti u pleh.
🔸 Prvi sloj:
400 g mlečne čokolade
150 ml slatke pavlake
Zagrejati u mikrotalasnoj, sjediniti i preliti preko podloge.Ostaviti da se stegne.
🔸 Drugi sloj:
200 g bele čokolade
100 ml slatke pavlake
Isto zagrejati, pa preliti preko prvog sloja.
Sačekati da se stegne.
🔸 Glazura:
100 g crne čokolade
50 g maslaca
Zagrejati i preliti preko torte.
❄️ Ohladiti i seći.
Nestaje brzo. 👀🍫 
 #plazma #balkan #fyp #Foodtiktok #viral";Čuvaj ovo. Pravićeš je. 🍰✨ 🔸 Podloga: 300 g mlevene @Plazma 7 kašika mleka 160 g maslaca Sve sjediniti i utisnuti u pleh. 🔸 Prvi sloj: 400 g mlečne čokolade 150 ml slatke pavlake Zagrejati u mikrotalasnoj, sjediniti i preliti preko podloge.Ostaviti da se stegne. 🔸 Drugi sloj: 200 g bele čokolade 100 ml slatke pavlake Isto zagrejati, pa preliti preko prvog sloja. Sačekati da se stegne. 🔸 Glazura: 100 g crne čokolade 50 g maslaca Zagrejati i preliti preko torte. ❄️ Ohladiti i seći. Nestaje brzo. 👀🍫 #plazma #balkan #fyp #Foodtiktok #viral;True;#plazma, #balkan, #fyp, #Foodtiktok, #viral;5;@Plazma;1;;0;11100;40;3968;13079;442500;28187;0.06369943502824858;Very High;23;Short;2026-02-05 18:54:55+00:00;2026-02-06 01:54:55+07:00;2026-02-06;2026.0;2.0;1.0;Friday
7.623085041593191e+18;https://www.tiktok.com/@fanuelzewold/video/7623085041593191698;fanuelzewold;The inspiring doctor-entrepreneur who founded 4 companies at a young age. Amazing young entrepreneur who genuinely invest his time, money and energy in entertainment, e-commerce and learning sectors in Ethiopia. Nuti you are brave brother. Keep pushing#nuti #nutidallol#dallolentertainment #ethiopian_tik_tok🇪🇹🇪🇹🇪🇹🇪🇹 #ethiopian_tik_tok @NuTi Dallol @Dallol Entertainment @Dallol Academy ;The inspiring doctor-entrepreneur who founded 4 companies at a young age. Amazing young entrepreneur who genuinely invest his time, money and energy in entertainment, e-commerce and learning sectors in Ethiopia. Nuti you are brave brother. Keep pushing#nuti #nutidallol#dallolentertainment #ethiopian_tik_tok🇪🇹🇪🇹🇪🇹🇪🇹 #ethiopian_tik_tok @NuTi Dallol @Dallol Entertainment @Dallol Academy;True;#nuti, #nutidallol, #dallolentertainment, #ethiopian_tik_tok, #ethiopian_tik_tok;5;@NuTi, @Dallol, @Dallol;3;;0;17100;344;1937;2443;299500;21824;0.07286811352253757;Very High;133;Long;2026-03-30 16:23:23+00:00;2026-03-30 23:23:23+07:00;2026-03-30;2026.0;3.0;23.0;Monday
7.304548670668672e+18;https://www.tiktok.com/@insiderbizvietnam/video/7304548670668672257;insiderbizvietnam;Vợ chồng ông bà chủ Nutifood #vietnambusinessinsider ;Vợ chồng ông bà chủ Nutifood #vietnambusinessinsider;True;#vietnambusinessinsider;1;;0;;0;725;21;39;67;95100;852;0.008958990536277602;Very High;32;Medium;2023-11-23 06:59:38+00:00;2023-11-23 13:59:38+07:00;2023-11-23;2023.0;11.0;13.0;Thursday
7.610958837067173e+18;https://www.tiktok.com/@medicalhealthtalk/video/7610958837067173133;medicalhealthtalk;"All diebatic you should be eating dinner with a friend bag and l don't know what many days it done but it was 🍉🍌🥭🍍 
#heathyfood #diabatic #didyouknow #diabetes #newyork🇺🇸 ";All diebatic you should be eating dinner with a friend bag and l don't know what many days it done but it was 🍉🍌🥭🍍 #heathyfood #diabatic #didyouknow #diabetes #newyork🇺🇸;True;#heathyfood, #diabatic, #didyouknow, #diabetes, #newyork;5;;0;;0;3062;58;1481;578;430600;5179;0.012027403622851835;Very High;69;Long;2026-02-26 00:07:58+00:00;2026-02-26 07:07:58+07:00;2026-02-26;2026.0;2.0;7.0;Thursday
7.627953628392754e+18;https://www.tiktok.com/@healthyempiretv/video/7627953628392754450;healthyempiretv;No caption;No caption;False;;0;;0;;0;629;9;158;274;126600;1070;0.008451816745655608;Very High;6;Very short;2026-04-12 19:16:03+00:00;2026-04-13 02:16:03+07:00;2026-04-13;2026.0;4.0;2.0;Monday
7.560927329325682e+18;https://www.tiktok.com/@ngoinhadinhduongnutifood/video/7560927329325681938;ngoinhadinhduongnutifood;"CHƯƠNG TRÌNH ""SĂN QUÀ ĐỈNH CAO - HOÁ SAO THẦN TƯỢNG"" MÙA 1 CHÍNH THỨC RA MẮT Ở VŨ TRỤ NUVI IDOLS NHÍ 💥

😻 Đủ wow rồi nè các Idols Nhí ơi! Chương trình ""SĂN QUÀ ĐỈNH CAO - HOÁ SAO THẦN TƯỢNG"" hiện đang diễn ra từ ngày 01/10/2025 - 15/01/2026 với vô vàn món quà cực ""bốc"", mời cả nhà quẹo vào NuVi World - Vũ Trụ Idols Nhí săn thẻ rinh quà ngay.
#IdolNayLaCuaNuVi #IdolLaChungMinh #NuVi";"CHƯƠNG TRÌNH ""SĂN QUÀ ĐỈNH CAO - HOÁ SAO THẦN TƯỢNG"" MÙA 1 CHÍNH THỨC RA MẮT Ở VŨ TRỤ NUVI IDOLS NHÍ 💥 😻 Đủ wow rồi nè các Idols Nhí ơi! Chương trình ""SĂN QUÀ ĐỈNH CAO - HOÁ SAO THẦN TƯỢNG"" hiện đang diễn ra từ ngày 01/10/2025 - 15/01/2026 với vô vàn món quà cực ""bốc"", mời cả nhà quẹo vào NuVi World - Vũ Trụ Idols Nhí săn thẻ rinh quà ngay. #IdolNayLaCuaNuVi #IdolLaChungMinh #NuVi";True;#IdolNayLaCuaNuVi, #IdolLaChungMinh, #NuVi;3;;0;;0;177;12;8;16;12700;213;0.016771653543307088;High;10;Very short;2025-10-14 04:19:43+00:00;2025-10-14 11:19:43+07:00;2025-10-14;2025.0;10.0;11.0;Tuesday
7.560930949907762e+18;https://www.tiktok.com/@ngoinhadinhduongnutifood/video/7560930949907762440;ngoinhadinhduongnutifood;"CÙNG NUVI VÀ QUANG HÙNG MASTERD “BẬT MÍ” VŨ TRỤ IDOLS NHÍ!
Đã đến lúc bé yêu bắt trend với bộ đôi sữa NuVi thế hệ mới: 🍌Chuối ngọt dịu và 🍠 Khoai môn thơm béo. Không chỉ ngon miệng, NuVi Thức Uống Sữa Tươi Có Thạch còn tiếp năng lượng cho bé vui khỏe, tự tin tỏa sáng cùng thần tượng trong Vũ Trụ Idols Nhí.

🌟 Thành phần 60% sữa tươi sạch từ trang trại NutiMilk Gia Lai kết hợp cùng thạch dai giòn.
🌟 Giải pháp thay thế cho trà sữa kém dinh dưỡng, bổ sung dinh dưỡng cho bé cao lớn khỏe mạnh, tự tin bật chất idol.

Khám phá ngay NuVi Thức Uống Sữa Tươi Có Thạch – thức uống bé yêu thích, mẹ an tâm! 
#NuVi #NuViWorld #NuViChuoi #NuViKhoaiMon #IdolNayLaCuaNuVi ";CÙNG NUVI VÀ QUANG HÙNG MASTERD “BẬT MÍ” VŨ TRỤ IDOLS NHÍ! Đã đến lúc bé yêu bắt trend với bộ đôi sữa NuVi thế hệ mới: 🍌Chuối ngọt dịu và 🍠 Khoai môn thơm béo. Không chỉ ngon miệng, NuVi Thức Uống Sữa Tươi Có Thạch còn tiếp năng lượng cho bé vui khỏe, tự tin tỏa sáng cùng thần tượng trong Vũ Trụ Idols Nhí. 🌟 Thành phần 60% sữa tươi sạch từ trang trại NutiMilk Gia Lai kết hợp cùng thạch dai giòn. 🌟 Giải pháp thay thế cho trà sữa kém dinh dưỡng, bổ sung dinh dưỡng cho bé cao lớn khỏe mạnh, tự tin bật chất idol. Khám phá ngay NuVi Thức Uống Sữa Tươi Có Thạch – thức uống bé yêu thích, mẹ an tâm! #NuVi #NuViWorld #NuViChuoi #NuViKhoaiMon #IdolNayLaCuaNuVi;True;#NuVi, #NuViWorld, #NuViChuoi, #NuViKhoaiMon, #IdolNayLaCuaNuVi;5;;0;;0;443;9;18;38;13400;508;0.03791044776119403;High;15;Very short;2025-10-14 04:33:45+00:00;2025-10-14 11:33:45+07:00;2025-10-14;2025.0;10.0;11.0;Tuesday
7.643429167014399e+18;https://www.tiktok.com/@ngoinhadinhduongnutifood/video/7643429167014399252;ngoinhadinhduongnutifood;"Chăm sóc toàn diện là đặc quyền của cả phái đẹp lẫn phái mạnh! 
Và mảnh ghép làm đẹp chu toàn, bật chất cho cả chàng lẫn nàng đã chuẩn bị sẵn sàng lộ diện ⏳ 

#Nutifood #SữaHạt #ComingSoon ";Chăm sóc toàn diện là đặc quyền của cả phái đẹp lẫn phái mạnh! Và mảnh ghép làm đẹp chu toàn, bật chất cho cả chàng lẫn nàng đã chuẩn bị sẵn sàng lộ diện ⏳ #Nutifood #SữaHạt #ComingSoon;True;#Nutifood, #SữaHạt, #ComingSoon;3;;0;;0;308;1;30;30;866400;369;0.0004259002770083102;Very High;6;Very short;2026-05-24 12:09:00+00:00;2026-05-24 19:09:00+07:00;2026-05-24;2026.0;5.0;19.0;Sunday
7.635141085659926e+18;https://www.tiktok.com/@ngoinhadinhduongnutifood/video/7635141085659925781;ngoinhadinhduongnutifood;"🌟 [MEGA LIVESTREAM RA MẮT]
MẢNH GHÉP LÀM ĐẸP TỪ MẦM ĐẬU NÀNH TINH TUÝ

Vẻ đẹp rạng ngời của hội chị em dẫu được ân cần tô điểm bên ngoài đến mấy cũng sẽ thiếu đi phần rực rỡ nếu vắng bóng dưỡng chất ""vàng"" của mầm đậu nành từ sâu bên trong ✨

Lưu ngay lịch vào khung giờ 22:00 - 02:00 và 10:00 - 24:00, ngày 04-05/05 để:
🎙️ Giao lưu cùng các khách mời và chuyên gia về làm đẹp
🎟️ Voucher ưu đãi, freeship
🎁 Minigame xuyên suốt với loạt quà tặng
👑 Quà tặng riêng cho 3 khách hàng có đơn hàng giá trị cao nhất

#Nutifood #SữaHạt #SữaĐậuNành #MầmĐậuNành #ĐẹpTừTựNhiên #VunBồiTheoNămTháng";"🌟 [MEGA LIVESTREAM RA MẮT] MẢNH GHÉP LÀM ĐẸP TỪ MẦM ĐẬU NÀNH TINH TUÝ Vẻ đẹp rạng ngời của hội chị em dẫu được ân cần tô điểm bên ngoài đến mấy cũng sẽ thiếu đi phần rực rỡ nếu vắng bóng dưỡng chất ""vàng"" của mầm đậu nành từ sâu bên trong ✨ Lưu ngay lịch vào khung giờ 22:00 - 02:00 và 10:00 - 24:00, ngày 04-05/05 để: 🎙️ Giao lưu cùng các khách mời và chuyên gia về làm đẹp 🎟️ Voucher ưu đãi, freeship 🎁 Minigame xuyên suốt với loạt quà tặng 👑 Quà tặng riêng cho 3 khách hàng có đơn hàng giá trị cao nhất #Nutifood #SữaHạt #SữaĐậuNành #MầmĐậuNành #ĐẹpTừTựNhiên #VunBồiTheoNămTháng";True;#Nutifood, #SữaHạt, #SữaĐậuNành, #MầmĐậuNành, #ĐẹpTừTựNhiên, #VunBồiTheoNămTháng;6;;0;;0;483;30;110;52;2000000;675;0.0003375;Very High;0;Very short;2026-05-02 04:07:00+00:00;2026-05-02 11:07:00+07:00;2026-05-02;2026.0;5.0;11.0;Saturday
7.634544595044552e+18;https://www.tiktok.com/@ngoinhadinhduongnutifood/video/7634544595044551957;ngoinhadinhduongnutifood;"MẢNH GHÉP ""VÀNG"" TINH TÚY CHO VẺ ĐẸP RẠNG NGỜI TỪ TRONG RA NGOÀI ✨ 

Khí chất rạng ngời nhất của phái đẹp luôn là sự cộng hưởng hoàn mỹ từ trong ra ngoài. Mọi nỗ lực tô điểm bên ngoài dẫu ân cần đến mấy cũng sẽ thiếu đi phần rực rỡ nếu vắng bóng dưỡng chất ""vàng"" vun bồi theo năm tháng. 

Nutifood Sữa Đậu Nành Mầm Đậu Nành tự hào mang đến mảnh ghép chu toàn nhất để chăm dưỡng trọn vẹn từ sâu bên trong mỗi ngày. Để khí chất kiêu hãnh và vẻ đẹp rạng ngời của nàng mãi được thắp sáng theo thời gian. 💜

#Nutifood #SữaHạt #SữaĐậuNành #MầmĐậuNành #ĐẹpTừTựNhiên #VunBồiTheoNămTháng";"MẢNH GHÉP ""VÀNG"" TINH TÚY CHO VẺ ĐẸP RẠNG NGỜI TỪ TRONG RA NGOÀI ✨ Khí chất rạng ngời nhất của phái đẹp luôn là sự cộng hưởng hoàn mỹ từ trong ra ngoài. Mọi nỗ lực tô điểm bên ngoài dẫu ân cần đến mấy cũng sẽ thiếu đi phần rực rỡ nếu vắng bóng dưỡng chất ""vàng"" vun bồi theo năm tháng. Nutifood Sữa Đậu Nành Mầm Đậu Nành tự hào mang đến mảnh ghép chu toàn nhất để chăm dưỡng trọn vẹn từ sâu bên trong mỗi ngày. Để khí chất kiêu hãnh và vẻ đẹp rạng ngời của nàng mãi được thắp sáng theo thời gian. 💜 #Nutifood #SữaHạt #SữaĐậuNành #MầmĐậuNành #ĐẹpTừTựNhiên #VunBồiTheoNămTháng";True;#Nutifood, #SữaHạt, #SữaĐậuNành, #MầmĐậuNành, #ĐẹpTừTựNhiên, #VunBồiTheoNămTháng;6;;0;;0;3246;44;984;431;15000000;4705;0.0003136666666666667;Very High;27;Short;2026-04-30 13:32:23+00:00;2026-04-30 20:32:23+07:00;2026-04-30;2026.0;4.0;20.0;Thursday
7.631827604764413e+18;https://www.tiktok.com/@ngoinhadinhduongnutifood/video/7631827604764413205;ngoinhadinhduongnutifood;"Chăm sóc toàn diện là một đặc quyền, và mảnh ghép làm đẹp cho routine của nàng đã sẵn sàng lộ diện trong thời gian tới 💜✨

#Nutifood #ComingSoon #ĐẹpTừTựNhiên #VunBồiTheoNămTháng";Chăm sóc toàn diện là một đặc quyền, và mảnh ghép làm đẹp cho routine của nàng đã sẵn sàng lộ diện trong thời gian tới 💜✨ #Nutifood #ComingSoon #ĐẹpTừTựNhiên #VunBồiTheoNămTháng;True;#Nutifood, #ComingSoon, #ĐẹpTừTựNhiên, #VunBồiTheoNămTháng;4;;0;;0;650;36;131;55;4800000;872;0.00018166666666666667;Very High;0;Very short;2026-04-23 05:49:03+00:00;2026-04-23 12:49:03+07:00;2026-04-23;2026.0;4.0;12.0;Thursday
7.585811533834374e+18;https://www.tiktok.com/@ngoinhadinhduongnutifood/video/7585811533834374421;ngoinhadinhduongnutifood;"NutiMilk – cứu tinh khi năng lượng còn chưa kịp khởi động! 🥛⚡​
😵‍💫 Nắng gắt, bụng đói, thử thách chưa bắt đầu mà mood đã tụt không phanh!​

🥛 May mà có sữa tươi NutiMilk: thơm ngon, ngọt dịu, chứa đến 3.5g đạm/100ml – nạp nhanh năng lượng, tỉnh táo liền trong một nốt nhạc! 😆
#TiecDealBachHoa #SuperBrandFestival #SieuHoiCuoiNam #21_23dec #DealGiamSau ";NutiMilk – cứu tinh khi năng lượng còn chưa kịp khởi động! 🥛⚡​ 😵‍💫 Nắng gắt, bụng đói, thử thách chưa bắt đầu mà mood đã tụt không phanh!​ 🥛 May mà có sữa tươi NutiMilk: thơm ngon, ngọt dịu, chứa đến 3.5g đạm/100ml – nạp nhanh năng lượng, tỉnh táo liền trong một nốt nhạc! 😆 #TiecDealBachHoa #SuperBrandFestival #SieuHoiCuoiNam #21_23dec #DealGiamSau;True;#TiecDealBachHoa, #SuperBrandFestival, #SieuHoiCuoiNam, #21_23dec, #DealGiamSau;5;;0;;0;15;1;2;5;3448;23;0.006670533642691415;Medium;55;Medium;2025-12-20 05:43:11+00:00;2025-12-20 12:43:11+07:00;2025-12-20;2025.0;12.0;12.0;Saturday
7.585809564063288e+18;https://www.tiktok.com/@ngoinhadinhduongnutifood/video/7585809564063288596;ngoinhadinhduongnutifood;"Cùng tham gia Vũ trụ NuVi thức uống Sữa thạch ngay nào, vị sữa trái cây thơm ngon kết hợp cùng thạch dai dòn, mang đến trải nghiệm không thể bỏ lỡ.
Trải nghiệm ngay nhé !!!
#TiecDealBachHoa #SuperBrandFestival  #SieuHoiCuoiNam #21_23dec #DealGiamSau";Cùng tham gia Vũ trụ NuVi thức uống Sữa thạch ngay nào, vị sữa trái cây thơm ngon kết hợp cùng thạch dai dòn, mang đến trải nghiệm không thể bỏ lỡ. Trải nghiệm ngay nhé !!! #TiecDealBachHoa #SuperBrandFestival #SieuHoiCuoiNam #21_23dec #DealGiamSau;True;#TiecDealBachHoa, #SuperBrandFestival, #SieuHoiCuoiNam, #21_23dec, #DealGiamSau;5;;0;;0;12;1;1;2;2988;16;0.00535475234270415;Medium;51;Medium;2025-12-20 05:35:34+00:00;2025-12-20 12:35:34+07:00;2025-12-20;2025.0;12.0;12.0;Saturday
7.573975573765115e+18;https://www.tiktok.com/@ngoinhadinhduongnutifood/video/7573975573765115156;ngoinhadinhduongnutifood;"Chào Đón Super Brand Fest cùng Nutifoodstore - Duy nhất từ 19-21/11
🔥Giảm ngay 25%, voucher giảm thêm 70k độc quyền trong livestream
🎁Quà tặng độc quyền: Mini game tặng 1 thùng sữa trị giá 400k khi theo dõi Live của gian hàng Nutifoodstore từ ngày 19-21/11
🛍️Mua là có quà: Hàng ngàn lốc sữa 0đ, tặng ngay khi mua 1 thùng sữa các loại
#SuperBrandFestival #TiecDealXinh";Chào Đón Super Brand Fest cùng Nutifoodstore - Duy nhất từ 19-21/11 🔥Giảm ngay 25%, voucher giảm thêm 70k độc quyền trong livestream 🎁Quà tặng độc quyền: Mini game tặng 1 thùng sữa trị giá 400k khi theo dõi Live của gian hàng Nutifoodstore từ ngày 19-21/11 🛍️Mua là có quà: Hàng ngàn lốc sữa 0đ, tặng ngay khi mua 1 thùng sữa các loại #SuperBrandFestival #TiecDealXinh;True;#SuperBrandFestival, #TiecDealXinh;2;;0;;0;18;3;3;2;3929;26;0.006617459913463986;Medium;35;Medium;2025-11-18 08:13:35+00:00;2025-11-18 15:13:35+07:00;2025-11-18;2025.0;11.0;15.0;Tuesday
7.573671080146128e+18;https://www.tiktok.com/@ngoinhadinhduongnutifood/video/7573671080146128148;ngoinhadinhduongnutifood;"NÓNG! NUVI CHÍNH THỨC THAM GIA VÀO ĐẠI CHIẾN KHOAI MÔN ĐANG GÂY BÃO!

Xin phép +1 con tướng cho trận chiến Khoai Môn hot nhất lúc này! Nắm trong tay con mã mạnh như NuVi Thức uống Sữa Tươi Có Thạch, chúng tôi phải ồn tới cùng:
✨ Giá siêu hấp dẫn: Muốn là hốt liền không cần nghĩ ngợi!
✨ Topping: Thạch dai giòn sần sật, bật tung trải nghiệm bất ngờ! 
✨ Thêm dinh dưỡng: 60% sữa tươi tươi sạch từ trang trại NutiMilk Gia Lai và giàu vitamin
✨ Phủ sóng khắp nơi: Từ siêu thị tới tạp hóa đầu ngõ, cứ bước ra là có!

Chúng tôi nói KHÔNG với tâng bốc. Dàn tài năng của NuVi World - Vũ Trụ Idols Nhí đã thật sự mê mệt, những ai đọc post này sẽ là người tiếp theo 🥰
#IdolNayLaCuaNuVi  #IdolLaChungMinh #DaiKaHutSua #NuViKhoaiMon";NÓNG! NUVI CHÍNH THỨC THAM GIA VÀO ĐẠI CHIẾN KHOAI MÔN ĐANG GÂY BÃO! Xin phép +1 con tướng cho trận chiến Khoai Môn hot nhất lúc này! Nắm trong tay con mã mạnh như NuVi Thức uống Sữa Tươi Có Thạch, chúng tôi phải ồn tới cùng: ✨ Giá siêu hấp dẫn: Muốn là hốt liền không cần nghĩ ngợi! ✨ Topping: Thạch dai giòn sần sật, bật tung trải nghiệm bất ngờ! ✨ Thêm dinh dưỡng: 60% sữa tươi tươi sạch từ trang trại NutiMilk Gia Lai và giàu vitamin ✨ Phủ sóng khắp nơi: Từ siêu thị tới tạp hóa đầu ngõ, cứ bước ra là có! Chúng tôi nói KHÔNG với tâng bốc. Dàn tài năng của NuVi World - Vũ Trụ Idols Nhí đã thật sự mê mệt, những ai đọc post này sẽ là người tiếp theo 🥰 #IdolNayLaCuaNuVi #IdolLaChungMinh #DaiKaHutSua #NuViKhoaiMon;True;#IdolNayLaCuaNuVi, #IdolLaChungMinh, #DaiKaHutSua, #NuViKhoaiMon;4;;0;;0;10;2;0;1;3993;13;0.0032556974705735034;Medium;57;Medium;2025-11-17 12:31:58+00:00;2025-11-17 19:31:58+07:00;2025-11-17;2025.0;11.0;19.0;Monday
7.573667815916441e+18;https://www.tiktok.com/@ngoinhadinhduongnutifood/video/7573667815916440852;ngoinhadinhduongnutifood;"🎊🎉Ông trời tạo ra địa chấn, còn bộ đôi Thức Uống Sữa Tươi Có Thạch mới của NuVi chính là điểm nhấn. Mang danh em út mà sức hút thì có thừa - hút hết sự chú ý của các Idols Nhí NuVi World với 4 điểm cộng rúng động lòng người:
🤩VỊ MỚI TRENDY: Vị Chuối thơm lừng và Vị Khoai Môn béo ngậy, siêu sao hay siêu quậy cũng phải ngất ngây;
😋THẠCH DAI GIÒN: Núng nính, sần sật, càng hút càng mê;
🥛THÊM DINH DƯỠNG ĐỦ ĐẦY: với 60% thành phần sữa tươi, sử dụng một nguồn duy nhất từ Trang trại bò sữa NutiMilk Gia Lai;
🔥CÔNG THỨC DINH DƯỠNG NUVI POWER: được nghiên cứu và phát triển cùng Viện Nghiên Cứu Dinh Dưỡng Nutifood Thụy Điển, hỗ trợ các Idols Nhí phát triển chiều cao với Vitamin D3, Kẽm, Calci và hỗ trợ phát triển não bộ nhờ Vitamin nhóm B (B1, B5, B6).
Mới debut mà đã oanh tạc thế này bảo sao các Idols nhí nào cũng mê mẩn. Ngoài Vị Chuối/Khoai Môn, còn có Vị Đường Đen cũng thu hút không kém. Có Idols nào đã thử chưa? Vô đây xác nhận chúng tôi nói có chuẩn không đi
#IdolNayLaCuaNuVi #IdolLaChungMinh #DaiKaHutSua #NuViChuoi #NuViKhoaimon";"🎊🎉Ông trời tạo ra địa chấn, còn bộ đôi Thức Uống Sữa Tươi Có Thạch mới của NuVi chính là điểm nhấn. Mang danh em út mà sức hút thì có thừa - hút hết sự chú ý của các Idols Nhí NuVi World với 4 điểm cộng rúng động lòng người: 🤩VỊ MỚI TRENDY: Vị Chuối thơm lừng và Vị Khoai Môn béo ngậy, siêu sao hay siêu quậy cũng phải ngất ngây; 😋THẠCH DAI GIÒN: Núng nính, sần sật, càng hút càng mê; 🥛THÊM DINH DƯỠNG ĐỦ ĐẦY: với 60% thành phần sữa tươi, sử dụng một nguồn duy nhất từ Trang trại bò sữa NutiMilk Gia Lai; 🔥CÔNG THỨC DINH DƯỠNG NUVI POWER: được nghiên cứu và phát triển cùng Viện Nghiên Cứu Dinh Dưỡng Nutifood Thụy Điển, hỗ trợ các Idols Nhí phát triển chiều cao với Vitamin D3, Kẽm, Calci và hỗ trợ phát triển não bộ nhờ Vitamin nhóm B (B1, B5, B6). Mới debut mà đã oanh tạc thế này bảo sao các Idols nhí nào cũng mê mẩn. Ngoài Vị Chuối/Khoai Môn, còn có Vị Đường Đen cũng thu hút không kém. Có Idols nào đã thử chưa? Vô đây xác nhận chúng tôi nói có chuẩn không đi #IdolNayLaCuaNuVi #IdolLaChungMinh #DaiKaHutSua #NuViChuoi #NuViKhoaimon";True;#IdolNayLaCuaNuVi, #IdolLaChungMinh, #DaiKaHutSua, #NuViChuoi, #NuViKhoaimon;5;;0;;0;10;1;0;1;2848;12;0.004213483146067416;Medium;52;Medium;2025-11-17 12:19:20+00:00;2025-11-17 19:19:20+07:00;2025-11-17;2025.0;11.0;19.0;Monday
7.571286929312943e+18;https://www.tiktok.com/@ngoinhadinhduongnutifood/video/7571286929312943380;ngoinhadinhduongnutifood;"Ông trời tạo ra địa chấn, còn bộ đôi Thức Uống Sữa Tươi Có Thạch mới của NuVi chính là điểm nhấn. Mang danh em út mà sức hút thì có thừa - hút hết sự chú ý của các Idols Nhí NuVi World với 4 điểm cộng rúng động lòng người:
🎊VỊ MỚI TRENDY: Vị Chuối thơm lừng và Vị Khoai Môn béo ngậy, siêu sao hay siêu quậy cũng phải ngất ngây;
☺️THẠCH DAI GIÒN: Núng nính, sần sật, càng hút càng mê;
THÊM DINH DƯỠNG ĐỦ ĐẦY: với 60% thành phần sữa tươi, sử dụng một nguồn duy nhất từ Trang trại bò sữa NutiMilk Gia Lai;
🔥CÔNG THỨC DINH DƯỠNG NUVI POWER: được nghiên cứu và phát triển cùng Viện Nghiên Cứu Dinh Dưỡng Nutifood Thụy Điển, hỗ trợ các Idols Nhí phát triển chiều cao với Vitamin D3, Kẽm, Calci và hỗ trợ phát triển não bộ nhờ Vitamin nhóm B (B1, B5, B6).
🥳🎉Mới debut mà đã oanh tạc thế này bảo sao các Idols nhí nào cũng mê mẩn. Ngoài Vị Chuối/Khoai Môn, còn có Vị Đường Đen cũng thu hút không kém. Có Idols nào đã thử chưa? Vô đây xác nhận chúng tôi nói có chuẩn không đi
#IdolNayLaCuaNuVi #IdolLaChungMinh #DaiKaHutSua #NuViChuoi #NuViKhoaimon";"Ông trời tạo ra địa chấn, còn bộ đôi Thức Uống Sữa Tươi Có Thạch mới của NuVi chính là điểm nhấn. Mang danh em út mà sức hút thì có thừa - hút hết sự chú ý của các Idols Nhí NuVi World với 4 điểm cộng rúng động lòng người: 🎊VỊ MỚI TRENDY: Vị Chuối thơm lừng và Vị Khoai Môn béo ngậy, siêu sao hay siêu quậy cũng phải ngất ngây; ☺️THẠCH DAI GIÒN: Núng nính, sần sật, càng hút càng mê; THÊM DINH DƯỠNG ĐỦ ĐẦY: với 60% thành phần sữa tươi, sử dụng một nguồn duy nhất từ Trang trại bò sữa NutiMilk Gia Lai; 🔥CÔNG THỨC DINH DƯỠNG NUVI POWER: được nghiên cứu và phát triển cùng Viện Nghiên Cứu Dinh Dưỡng Nutifood Thụy Điển, hỗ trợ các Idols Nhí phát triển chiều cao với Vitamin D3, Kẽm, Calci và hỗ trợ phát triển não bộ nhờ Vitamin nhóm B (B1, B5, B6). 🥳🎉Mới debut mà đã oanh tạc thế này bảo sao các Idols nhí nào cũng mê mẩn. Ngoài Vị Chuối/Khoai Môn, còn có Vị Đường Đen cũng thu hút không kém. Có Idols nào đã thử chưa? Vô đây xác nhận chúng tôi nói có chuẩn không đi #IdolNayLaCuaNuVi #IdolLaChungMinh #DaiKaHutSua #NuViChuoi #NuViKhoaimon";True;#IdolNayLaCuaNuVi, #IdolLaChungMinh, #DaiKaHutSua, #NuViChuoi, #NuViKhoaimon;5;;0;;0;25;0;2;2;3992;29;0.007264529058116233;Medium;46;Medium;2025-11-11 02:20:16+00:00;2025-11-11 09:20:16+07:00;2025-11-11;2025.0;11.0;9.0;Tuesday
7.569215211727572e+18;https://www.tiktok.com/@ngoinhadinhduongnutifood/video/7569215211727572245;ngoinhadinhduongnutifood;"🎉🥳Ông trời tạo ra địa chấn, còn bộ đôi Thức Uống Sữa Tươi Có Thạch mới của NuVi chính là điểm nhấn. Mang danh em út mà sức hút thì có thừa - hút hết sự chú ý của các Idols Nhí NuVi World với 4 điểm cộng rúng động lòng người:
🎉VỊ MỚI TRENDY: Vị Chuối thơm lừng và Vị Khoai Môn béo ngậy, siêu sao hay siêu quậy cũng phải ngất ngây;
👌🍌THẠCH DAI GIÒN: Núng nính, sần sật, càng hút càng mê;
🤩 THÊM DINH DƯỠNG ĐỦ ĐẦY: với 60% thành phần sữa tươi, sử dụng một nguồn duy nhất từ Trang trại bò sữa NutiMilk Gia Lai;
CÔNG THỨC DINH DƯỠNG NUVI POWER: được nghiên cứu và phát triển cùng Viện Nghiên Cứu Dinh Dưỡng Nutifood Thụy Điển, hỗ trợ các Idols Nhí phát triển chiều cao với Vitamin D3, Kẽm, Calci và hỗ trợ phát triển não bộ nhờ Vitamin nhóm B (B1, B5, B6).
Mới debut mà đã oanh tạc thế này bảo sao các Idols nhí nào cũng mê mẩn. Ngoài Vị Chuối/Khoai Môn, còn có Vị Đường Đen cũng thu hút không kém. Có Idols nào đã thử chưa? Vô đây xác nhận chúng tôi nói có chuẩn không đi
#IdolNayLaCuaNuVi #IdolLaChungMinh #DaiKaHutSua #NuViChuoi #NuViKhoaimon";"🎉🥳Ông trời tạo ra địa chấn, còn bộ đôi Thức Uống Sữa Tươi Có Thạch mới của NuVi chính là điểm nhấn. Mang danh em út mà sức hút thì có thừa - hút hết sự chú ý của các Idols Nhí NuVi World với 4 điểm cộng rúng động lòng người: 🎉VỊ MỚI TRENDY: Vị Chuối thơm lừng và Vị Khoai Môn béo ngậy, siêu sao hay siêu quậy cũng phải ngất ngây; 👌🍌THẠCH DAI GIÒN: Núng nính, sần sật, càng hút càng mê; 🤩 THÊM DINH DƯỠNG ĐỦ ĐẦY: với 60% thành phần sữa tươi, sử dụng một nguồn duy nhất từ Trang trại bò sữa NutiMilk Gia Lai; CÔNG THỨC DINH DƯỠNG NUVI POWER: được nghiên cứu và phát triển cùng Viện Nghiên Cứu Dinh Dưỡng Nutifood Thụy Điển, hỗ trợ các Idols Nhí phát triển chiều cao với Vitamin D3, Kẽm, Calci và hỗ trợ phát triển não bộ nhờ Vitamin nhóm B (B1, B5, B6). Mới debut mà đã oanh tạc thế này bảo sao các Idols nhí nào cũng mê mẩn. Ngoài Vị Chuối/Khoai Môn, còn có Vị Đường Đen cũng thu hút không kém. Có Idols nào đã thử chưa? Vô đây xác nhận chúng tôi nói có chuẩn không đi #IdolNayLaCuaNuVi #IdolLaChungMinh #DaiKaHutSua #NuViChuoi #NuViKhoaimon";True;#IdolNayLaCuaNuVi, #IdolLaChungMinh, #DaiKaHutSua, #NuViChuoi, #NuViKhoaimon;5;;0;;0;51;2;1;1;3551;55;0.015488594762038862;Medium;53;Medium;2025-11-05 12:20:54+00:00;2025-11-05 19:20:54+07:00;2025-11-05;2025.0;11.0;19.0;Wednesday
7.569212348821523e+18;https://www.tiktok.com/@ngoinhadinhduongnutifood/video/7569212348821523732;ngoinhadinhduongnutifood;"Xin phép +1 con tướng cho trận chiến Khoai Môn hot nhất lúc này! Nắm trong tay con mã mạnh như NuVi Thức uống Sữa Tươi Có Thạch, chúng tôi phải ồn tới cùng:
🔥Giá siêu hấp dẫn: Muốn là hốt liền không cần nghĩ ngợi!
😋Topping: Thạch dai giòn sần sật, bật tung trải nghiệm bất ngờ! 
🥛Thêm dinh dưỡng: 60% sữa tươi tươi sạch từ trang trại NutiMilk Gia Lai và giàu vitamin
#Nuvi #SuaTuoiCoThach ";Xin phép +1 con tướng cho trận chiến Khoai Môn hot nhất lúc này! Nắm trong tay con mã mạnh như NuVi Thức uống Sữa Tươi Có Thạch, chúng tôi phải ồn tới cùng: 🔥Giá siêu hấp dẫn: Muốn là hốt liền không cần nghĩ ngợi! 😋Topping: Thạch dai giòn sần sật, bật tung trải nghiệm bất ngờ! 🥛Thêm dinh dưỡng: 60% sữa tươi tươi sạch từ trang trại NutiMilk Gia Lai và giàu vitamin #Nuvi #SuaTuoiCoThach;True;#Nuvi, #SuaTuoiCoThach;2;;0;;0;4;1;0;0;1728;5;0.0028935185185185184;Medium;52;Medium;2025-11-05 12:09:49+00:00;2025-11-05 19:09:49+07:00;2025-11-05;2025.0;11.0;19.0;Wednesday
7.565834736489385e+18;https://www.tiktok.com/@ngoinhadinhduongnutifood/video/7565834736489385234;ngoinhadinhduongnutifood;"NÓNG! NUVI CHÍNH THỨC THAM GIA VÀO ĐẠI CHIẾN KHOAI MÔN ĐANG GÂY BÃO!
Xin phép +1 con tướng cho trận chiến Khoai Môn hot nhất lúc này! Nắm trong tay con mã mạnh như NuVi Thức uống Sữa Tươi Có Thạch, chúng tôi phải ồn tới cùng:
✨ Giá siêu hấp dẫn: Muốn là hốt liền không cần nghĩ ngợi!✨ Topping: Thạch dai giòn sần sật, bật tung trải nghiệm bất ngờ!
✨ Thêm dinh dưỡng: 60% sữa tươi tươi sạch từ trang trại NutiMilk Gia Lai và giàu vitamin✨ Phủ sóng khắp nơi: Từ siêu thị tới tạp hóa đầu ngõ, cứ bước ra là có!
Chúng tôi nói KHÔNG với tâng bốc. Dàn tài năng của NuVi World - Vũ Trụ Idols Nhí đã thật sự mê mệt, những ai đọc post này sẽ là người tiếp theo 🥰
#IdolNayLaCuaNuVi  #IdolLaChungMinh #NuVi #NuViKhoaiMon";NÓNG! NUVI CHÍNH THỨC THAM GIA VÀO ĐẠI CHIẾN KHOAI MÔN ĐANG GÂY BÃO! Xin phép +1 con tướng cho trận chiến Khoai Môn hot nhất lúc này! Nắm trong tay con mã mạnh như NuVi Thức uống Sữa Tươi Có Thạch, chúng tôi phải ồn tới cùng: ✨ Giá siêu hấp dẫn: Muốn là hốt liền không cần nghĩ ngợi!✨ Topping: Thạch dai giòn sần sật, bật tung trải nghiệm bất ngờ! ✨ Thêm dinh dưỡng: 60% sữa tươi tươi sạch từ trang trại NutiMilk Gia Lai và giàu vitamin✨ Phủ sóng khắp nơi: Từ siêu thị tới tạp hóa đầu ngõ, cứ bước ra là có! Chúng tôi nói KHÔNG với tâng bốc. Dàn tài năng của NuVi World - Vũ Trụ Idols Nhí đã thật sự mê mệt, những ai đọc post này sẽ là người tiếp theo 🥰 #IdolNayLaCuaNuVi #IdolLaChungMinh #NuVi #NuViKhoaiMon;True;#IdolNayLaCuaNuVi, #IdolLaChungMinh, #NuVi, #NuViKhoaiMon;4;;0;;0;32;3;2;3;4566;40;0.008760402978537012;Medium;13;Very short;2025-10-27 09:42:57+00:00;2025-10-27 16:42:57+07:00;2025-10-27;2025.0;10.0;16.0;Monday
7.560925799713508e+18;https://www.tiktok.com/@ngoinhadinhduongnutifood/video/7560925799713508616;ngoinhadinhduongnutifood;"😻 TIN HOT: LỘ DIỆN BỘ ĐÔI NUVI THỨC UỐNG SỮA TƯƠI CÓ THẠCH VỊ CHUỐI/ KHOAI MÔN - BÍ QUYẾT BÙNG CHẤT SIÊU SAO CỦA BÉ TẠI NUVI WORLD - VŨ TRỤ IDOL NHÍ!

🦁 Cập nhật trend hot: Hai tân binh NuVi Thức Uống Sữa Tươi Có Thạch Vị Chuối và Khoai Môn chính thức trở thành ngôi sao sáng, ""hút sạch"" sự chú ý của các Idols Nhí bằng vị ngon trendy và trải nghiệm uống vui hết cỡ.
#IdolNayLaCuaNuVi #IdolLaChungMinh #NuVi #NuViChuoi #NuViKhoaiMon";"😻 TIN HOT: LỘ DIỆN BỘ ĐÔI NUVI THỨC UỐNG SỮA TƯƠI CÓ THẠCH VỊ CHUỐI/ KHOAI MÔN - BÍ QUYẾT BÙNG CHẤT SIÊU SAO CỦA BÉ TẠI NUVI WORLD - VŨ TRỤ IDOL NHÍ! 🦁 Cập nhật trend hot: Hai tân binh NuVi Thức Uống Sữa Tươi Có Thạch Vị Chuối và Khoai Môn chính thức trở thành ngôi sao sáng, ""hút sạch"" sự chú ý của các Idols Nhí bằng vị ngon trendy và trải nghiệm uống vui hết cỡ. #IdolNayLaCuaNuVi #IdolLaChungMinh #NuVi #NuViChuoi #NuViKhoaiMon";True;#IdolNayLaCuaNuVi, #IdolLaChungMinh, #NuVi, #NuViChuoi, #NuViKhoaiMon;5;;0;;0;16;0;0;1;1607;17;0.010578718108276292;Low;5;Very short;2025-10-14 04:13:45+00:00;2025-10-14 11:13:45+07:00;2025-10-14;2025.0;10.0;11.0;Tuesday
7.558849624107126e+18;https://www.tiktok.com/@ngoinhadinhduongnutifood/video/7558849624107126024;ngoinhadinhduongnutifood;"🥳 ⭐ NuVi trình làng Thức Uống Sữa Tươi Có Thạch Mới – lần đầu tiên sữa tươi thanh mát quyện cùng thạch dai giòn sần sật kết hợp với hương vị mới thời thượng bé mê: VỊ CHUỐI, VỊ KHOAI MÔN & VỊ ĐƯỜNG ĐEN.
1/ NGON CỰC CUỐN, UỐNG CỰC VUI:
- Bé mê thức uống sữa thạch, đã có NuVi với đủ vị: chuối, khoai môn, đường đen, lúa mạch cacao, cam, dâu, nho.
- Ống hút siêu to – hút cực mượt, thạch tràn miệng! Thêm hình Siêu Sao Linh Thú - Idol thế hệ mới cực ngầu, nhìn là thích ngay!
2/ THÊM DINH DƯỠNG:
Tiếp thêm năng lượng nhờ công thức dinh dưỡng NuVi Power phát triển cùng Viện NNRIS:
- Cao lớn thật ngầu: nhờ Calci, Kẽm, Vitamin D3.
- Thông minh bật chất siêu sao: nhờ Vitamin A, Vitamin nhóm B (B1, B5, B6).
NuVi Thức Uống Sữa Thạch – Idol thế hệ mới cùng bé học giỏi, chơi vui hết nấc!";🥳 ⭐ NuVi trình làng Thức Uống Sữa Tươi Có Thạch Mới – lần đầu tiên sữa tươi thanh mát quyện cùng thạch dai giòn sần sật kết hợp với hương vị mới thời thượng bé mê: VỊ CHUỐI, VỊ KHOAI MÔN & VỊ ĐƯỜNG ĐEN. 1/ NGON CỰC CUỐN, UỐNG CỰC VUI: - Bé mê thức uống sữa thạch, đã có NuVi với đủ vị: chuối, khoai môn, đường đen, lúa mạch cacao, cam, dâu, nho. - Ống hút siêu to – hút cực mượt, thạch tràn miệng! Thêm hình Siêu Sao Linh Thú - Idol thế hệ mới cực ngầu, nhìn là thích ngay! 2/ THÊM DINH DƯỠNG: Tiếp thêm năng lượng nhờ công thức dinh dưỡng NuVi Power phát triển cùng Viện NNRIS: - Cao lớn thật ngầu: nhờ Calci, Kẽm, Vitamin D3. - Thông minh bật chất siêu sao: nhờ Vitamin A, Vitamin nhóm B (B1, B5, B6). NuVi Thức Uống Sữa Thạch – Idol thế hệ mới cùng bé học giỏi, chơi vui hết nấc!;True;;0;;0;;0;15;3;3;2;3540;23;0.0064971751412429375;Medium;43;Medium;2025-10-08 13:57:08+00:00;2025-10-08 20:57:08+07:00;2025-10-08;2025.0;10.0;20.0;Wednesday
7.558847589701946e+18;https://www.tiktok.com/@ngoinhadinhduongnutifood/video/7558847589701946631;ngoinhadinhduongnutifood;"🎁 🥳 💫 MEGA SALE 10/10, tham gia ngay:
⭐ Hàng ngàn phần quà độc quyền từ Nutifoodstore như: Máy chơi game cầm tay, Balo, Bộ dụng cụ học tập, Lốc sữa 0đ,... 
⭐ Đơn hàng với giá trị cao nhất từ 1tr5 sẽ được nhận ngay một Samsung Tab
#NutiMilk #NuVi #Nutifood #suatuoituoisach ";🎁 🥳 💫 MEGA SALE 10/10, tham gia ngay: ⭐ Hàng ngàn phần quà độc quyền từ Nutifoodstore như: Máy chơi game cầm tay, Balo, Bộ dụng cụ học tập, Lốc sữa 0đ,... ⭐ Đơn hàng với giá trị cao nhất từ 1tr5 sẽ được nhận ngay một Samsung Tab #NutiMilk #NuVi #Nutifood #suatuoituoisach;True;#NutiMilk, #NuVi, #Nutifood, #suatuoituoisach;4;;0;;0;22;2;5;2;5656;31;0.005480905233380481;Medium;30;Short;2025-10-08 13:49:13+00:00;2025-10-08 20:49:13+07:00;2025-10-08;2025.0;10.0;20.0;Wednesday
7.558846580980272e+18;https://www.tiktok.com/@ngoinhadinhduongnutifood/video/7558846580980272391;ngoinhadinhduongnutifood;"🎁 🥳💥 MEGA SALE 10/10, tham gia ngay:
⭐ Hàng ngàn phần quà độc quyền từ Nutifoodstore như: Máy chơi game cầm tay, Balo, Bộ dụng cụ học tập, Lốc sữa 0đ,... 
⭐ Đơn hàng với giá trị cao nhất từ 1tr5 sẽ được nhận ngay một Samsung Tab
#NutiMilk #NuVi #Nutifood #nuvisuatuoicothach  #suatuoituoisach ";🎁 🥳💥 MEGA SALE 10/10, tham gia ngay: ⭐ Hàng ngàn phần quà độc quyền từ Nutifoodstore như: Máy chơi game cầm tay, Balo, Bộ dụng cụ học tập, Lốc sữa 0đ,... ⭐ Đơn hàng với giá trị cao nhất từ 1tr5 sẽ được nhận ngay một Samsung Tab #NutiMilk #NuVi #Nutifood #nuvisuatuoicothach #suatuoituoisach;True;#NutiMilk, #NuVi, #Nutifood, #nuvisuatuoicothach, #suatuoituoisach;5;;0;;0;215;1;2;22;121200;240;0.0019801980198019802;Very High;32;Medium;2025-10-08 13:45:18+00:00;2025-10-08 20:45:18+07:00;2025-10-08;2025.0;10.0;20.0;Wednesday
7.558063995681361e+18;https://www.tiktok.com/@ngoinhadinhduongnutifood/video/7558063995681361159;ngoinhadinhduongnutifood;"LẦN ĐẦU TIÊN NUVI CÙNG QUANG HÙNG MASTERD RA MẮT VŨ TRỤ IDOLS NHÍ 

NuVi Thức Uống Sữa Tươi Có Thạch trình làng 2 hương vị mới cực trendy: 🍌Chuối thời thượng và 🍠 Khoai môn thơm béo. Thành phần sữa tươi sạch từ trang trại NutiMilk Gia Lai quyện cùng thạch dai giòn, thêm hình Hút Hút Idol cực ngầu, bé thích mê!

🌟 Công thức dinh dưỡng NuVi Power độc quyền giúp bé cao lớn thật ngầu, thông minh, bật chất siêu sao. 
🌟 Giải pháp thay thế cho trà sữa kém dinh dưỡng - bé yêu thích, mẹ an tâm.

Thử ngay NuVi Thức Uống Sữa Tươi Có Thạch – Idol thế hệ mới cùng bé học giỏi, chơi vui hết nấc! 
#NuVi #NuViWorld #NuViChuoi #NuViKhoaiMon #IdolNayLaCuaNuVi";LẦN ĐẦU TIÊN NUVI CÙNG QUANG HÙNG MASTERD RA MẮT VŨ TRỤ IDOLS NHÍ NuVi Thức Uống Sữa Tươi Có Thạch trình làng 2 hương vị mới cực trendy: 🍌Chuối thời thượng và 🍠 Khoai môn thơm béo. Thành phần sữa tươi sạch từ trang trại NutiMilk Gia Lai quyện cùng thạch dai giòn, thêm hình Hút Hút Idol cực ngầu, bé thích mê! 🌟 Công thức dinh dưỡng NuVi Power độc quyền giúp bé cao lớn thật ngầu, thông minh, bật chất siêu sao. 🌟 Giải pháp thay thế cho trà sữa kém dinh dưỡng - bé yêu thích, mẹ an tâm. Thử ngay NuVi Thức Uống Sữa Tươi Có Thạch – Idol thế hệ mới cùng bé học giỏi, chơi vui hết nấc! #NuVi #NuViWorld #NuViChuoi #NuViKhoaiMon #IdolNayLaCuaNuVi;True;#NuVi, #NuViWorld, #NuViChuoi, #NuViKhoaiMon, #IdolNayLaCuaNuVi;5;;0;;0;53;1;2;6;2710;62;0.022878228782287822;Medium;6;Very short;2025-10-06 11:08:29+00:00;2025-10-06 18:08:29+07:00;2025-10-06;2025.0;10.0;18.0;Monday
7.552049292446371e+18;https://www.tiktok.com/@ngoinhadinhduongnutifood/video/7552049292446371090;ngoinhadinhduongnutifood;"🥛 NutiMilk tiếp sức kịp thời cho mọi cuộc chơi!​
 😵 Vừa mới xong một thử thách mà năng lượng đã tụt dốc không phanh!​
Vận động liên tục, trời thì nắng gắt – mới khởi động thôi mà ai nấy đã lấm tấm mồ hôi, mặt hơi “xị” rồi nha!​
Nhưng yên tâm, đã có sữa tươi NutiMilk với hương vị thơm ngon, ngọt dịu, lại chứa tới 3,5g đạm/100ml – vừa ngon miệng, vừa nạp nhanh năng lượng! 💚​
#NutiMilk #SuaTuoiTuoiSach #Nutifoodsweden ";🥛 NutiMilk tiếp sức kịp thời cho mọi cuộc chơi!​ 😵 Vừa mới xong một thử thách mà năng lượng đã tụt dốc không phanh!​ Vận động liên tục, trời thì nắng gắt – mới khởi động thôi mà ai nấy đã lấm tấm mồ hôi, mặt hơi “xị” rồi nha!​ Nhưng yên tâm, đã có sữa tươi NutiMilk với hương vị thơm ngon, ngọt dịu, lại chứa tới 3,5g đạm/100ml – vừa ngon miệng, vừa nạp nhanh năng lượng! 💚​ #NutiMilk #SuaTuoiTuoiSach #Nutifoodsweden;True;#NutiMilk, #SuaTuoiTuoiSach, #Nutifoodsweden;3;;0;;0;11;2;3;1;3148;17;0.0054002541296060995;Medium;77;Long;2025-09-20 06:08:22+00:00;2025-09-20 13:08:22+07:00;2025-09-20;2025.0;9.0;13.0;Saturday
7.546832773986913e+18;https://www.tiktok.com/@ngoinhadinhduongnutifood/video/7546832773986913544;ngoinhadinhduongnutifood;"🎊📚 Back to School - Nhận Ngay quà tặng Vở học sinh và Ghế Công thái học - Cùng Gian hàng Chính hãng Nutifoodstore đón chào Siêu Hội Siêu Sale siêu bự vào ngày 9/9 tại Tiktokshop nhé! Duy nhất từ 7/9 - 10/9, vô vàn ưu đãi độc quyền đang chờ đón các BÉ và Mom đây !!!

#MegaBrandFestival  #TikTokShop99 #SaleChinhHangThatKhongTuong";🎊📚 Back to School - Nhận Ngay quà tặng Vở học sinh và Ghế Công thái học - Cùng Gian hàng Chính hãng Nutifoodstore đón chào Siêu Hội Siêu Sale siêu bự vào ngày 9/9 tại Tiktokshop nhé! Duy nhất từ 7/9 - 10/9, vô vàn ưu đãi độc quyền đang chờ đón các BÉ và Mom đây !!! #MegaBrandFestival #TikTokShop99 #SaleChinhHangThatKhongTuong;True;#MegaBrandFestival, #TikTokShop99, #SaleChinhHangThatKhongTuong;3;;0;;0;93;3;11;13;247000;120;0.00048582995951417006;Very High;49;Medium;2025-09-06 04:45:36+00:00;2025-09-06 11:45:36+07:00;2025-09-06;2025.0;9.0;11.0;Saturday
7.537727445542178e+18;https://www.tiktok.com/@ngoinhadinhduongnutifood/video/7537727445542178056;ngoinhadinhduongnutifood;"Thầy Phát đứng lớp tiết học diễn xuất cùng siêu phẩm NuVi Thức Uống Sữa Tươi Có Thạch Vị Đường Đen.

#NuVi #NuViWorld #NuViThứcUốngSữaTươiCóThạch #NuViĐườngĐen #LớphọcNuVi ";Thầy Phát đứng lớp tiết học diễn xuất cùng siêu phẩm NuVi Thức Uống Sữa Tươi Có Thạch Vị Đường Đen. #NuVi #NuViWorld #NuViThứcUốngSữaTươiCóThạch #NuViĐườngĐen #LớphọcNuVi;True;#NuVi, #NuViWorld, #NuViThứcUốngSữaTươiCóThạch, #NuViĐườngĐen, #LớphọcNuVi;5;;0;;0;17;2;1;0;2778;20;0.007199424046076314;Medium;52;Medium;2025-08-12 15:52:17+00:00;2025-08-12 22:52:17+07:00;2025-08-12;2025.0;8.0;22.0;Tuesday
7.537725881926585e+18;https://www.tiktok.com/@ngoinhadinhduongnutifood/video/7537725881926585608;ngoinhadinhduongnutifood;"Cùng 2 thầy chốt đơn và review tại sao NuVi lại ngon tới vậy nha

#NuVi #NuViWorld #NuViThứcUốngSữaTươiCóThạch #NuViĐườngĐen #LớphọcNuVi ";Cùng 2 thầy chốt đơn và review tại sao NuVi lại ngon tới vậy nha #NuVi #NuViWorld #NuViThứcUốngSữaTươiCóThạch #NuViĐườngĐen #LớphọcNuVi;True;#NuVi, #NuViWorld, #NuViThứcUốngSữaTươiCóThạch, #NuViĐườngĐen, #LớphọcNuVi;5;;0;;0;11;0;1;0;3342;12;0.003590664272890485;Medium;46;Medium;2025-08-12 15:46:13+00:00;2025-08-12 22:46:13+07:00;2025-08-12;2025.0;8.0;22.0;Tuesday
7.537725350885789e+18;https://www.tiktok.com/@ngoinhadinhduongnutifood/video/7537725350885788936;ngoinhadinhduongnutifood;"Câu chuyện cảm lạnh của Thầy Hùng Huỳnh.

#NuVi #NuViWorld #NuViThứcUốngSữaTươiCóThạch #NuViĐườngĐen #LớphọcNuVi ";Câu chuyện cảm lạnh của Thầy Hùng Huỳnh. #NuVi #NuViWorld #NuViThứcUốngSữaTươiCóThạch #NuViĐườngĐen #LớphọcNuVi;True;#NuVi, #NuViWorld, #NuViThứcUốngSữaTươiCóThạch, #NuViĐườngĐen, #LớphọcNuVi;5;;0;;0;9;0;1;0;3570;10;0.0028011204481792717;Medium;36;Medium;2025-08-12 15:44:09+00:00;2025-08-12 22:44:09+07:00;2025-08-12;2025.0;8.0;22.0;Tuesday
7.537723667745164e+18;https://www.tiktok.com/@ngoinhadinhduongnutifood/video/7537723667745164552;ngoinhadinhduongnutifood;"Uống NuVi vị mê ly

#NuVi #NuViWorld #NuViThứcUốngSữaTươiCóThạch #NuViĐườngĐen #LớphọcNuVi ";Uống NuVi vị mê ly #NuVi #NuViWorld #NuViThứcUốngSữaTươiCóThạch #NuViĐườngĐen #LớphọcNuVi;True;#NuVi, #NuViWorld, #NuViThứcUốngSữaTươiCóThạch, #NuViĐườngĐen, #LớphọcNuVi;5;;0;;0;6;0;0;0;1841;6;0.0032590983161325366;Medium;45;Medium;2025-08-12 15:37:38+00:00;2025-08-12 22:37:38+07:00;2025-08-12;2025.0;8.0;22.0;Tuesday
7.423331356442136e+18;https://www.tiktok.com/@bsdang/video/7423331356442135815;bsdang;Hàm lượng calci của Grow bạc pha sẵn #drdangbabyhealthcare #bacsidang #nutifoodgrowplus ;Hàm lượng calci của Grow bạc pha sẵn #drdangbabyhealthcare #bacsidang #nutifoodgrowplus;True;#drdangbabyhealthcare, #bacsidang, #nutifoodgrowplus;3;;0;;0;18800;1756;2756;2016;3500000;25328;0.007236571428571428;Very High;68;Long;2024-10-08 09:17:02+00:00;2024-10-08 16:17:02+07:00;2024-10-08;2024.0;10.0;16.0;Tuesday
7.572923130298125e+18;https://www.tiktok.com/@mecunthosau/video/7572923130298125586;mecunthosau;Sữa tươi có thạch nutifood NuVi vị khoai môn #suatuoi #nutifood #ngon #mecunthosau #xuhuong ;Sữa tươi có thạch nutifood NuVi vị khoai môn #suatuoi #nutifood #ngon #mecunthosau #xuhuong;True;#suatuoi, #nutifood, #ngon, #mecunthosau, #xuhuong;5;;0;;0;87;79;30;49;337;245;0.7270029673590505;Low;43;Medium;2025-11-15 12:09:33+00:00;2025-11-15 19:09:33+07:00;2025-11-15;2025.0;11.0;19.0;Saturday
7.635512510875028e+18;https://www.tiktok.com/@ll68.usa/video/7635512510875028767;ll68.usa;🍎 Food Combining Hacks!;🍎 Food Combining Hacks!;True;;0;;0;;0;292;6;101;266;3073;665;0.2164009111617312;Medium;57;Medium;2026-05-07 04:25:00+00:00;2026-05-07 11:25:00+07:00;2026-05-07;2026.0;5.0;11.0;Thursday
7.640640890029067e+18;https://www.tiktok.com/@just__kimora/video/7640640890029067528;just__kimora;#trend#naruto#food#viral @𝓶𝓪𝓻𝓳𝓸𝓻𝔂🌟 ;#trend#naruto#food#viral @𝓶𝓪𝓻𝓳𝓸𝓻𝔂🌟;True;#trend, #naruto, #food, #viral;4;@𝓶𝓪𝓻𝓳𝓸𝓻𝔂;1;;0;4425;17;351;604;70400;5397;0.07666193181818182;High;9;Very short;2026-05-16 23:49:04+00:00;2026-05-17 06:49:04+07:00;2026-05-17;2026.0;5.0;6.0;Sunday
7.53771983072448e+18;https://www.tiktok.com/@ngoinhadinhduongnutifood/video/7537719830724480263;ngoinhadinhduongnutifood;"NuVi Thức Uống Sữa Tươi Có Thạch Vị Đường Đen nhiều ưu điểm quá kể không hết.

#NuVi #NuViWorld #NuViThứcUốngSữaTươiCóThạch #NuViĐườngĐen #LớphọcNuVi ";NuVi Thức Uống Sữa Tươi Có Thạch Vị Đường Đen nhiều ưu điểm quá kể không hết. #NuVi #NuViWorld #NuViThứcUốngSữaTươiCóThạch #NuViĐườngĐen #LớphọcNuVi;True;#NuVi, #NuViWorld, #NuViThứcUốngSữaTươiCóThạch, #NuViĐườngĐen, #LớphọcNuVi;5;;0;;0;5;1;1;1;2659;8;0.003008649868371568;Medium;39;Medium;2025-08-12 15:22:44+00:00;2025-08-12 22:22:44+07:00;2025-08-12;2025.0;8.0;22.0;Tuesday
7.537211430651579e+18;https://www.tiktok.com/@ngoinhadinhduongnutifood/video/7537211430651579666;ngoinhadinhduongnutifood;"Giới tính thật của Thầy ISAAC và Thầy Võ Tấn Phát

#NuVi #NuViWorld #NuViThứcUốngSữaTươiCóThạch #NuViĐườngĐen #LớphọcNuVi ";Giới tính thật của Thầy ISAAC và Thầy Võ Tấn Phát #NuVi #NuViWorld #NuViThứcUốngSữaTươiCóThạch #NuViĐườngĐen #LớphọcNuVi;True;#NuVi, #NuViWorld, #NuViThứcUốngSữaTươiCóThạch, #NuViĐườngĐen, #LớphọcNuVi;5;;0;;0;5;1;0;0;1861;6;0.0032240730789897904;Medium;43;Medium;2025-08-11 06:29:52+00:00;2025-08-11 13:29:52+07:00;2025-08-11;2025.0;8.0;13.0;Monday
7.537209818759564e+18;https://www.tiktok.com/@ngoinhadinhduongnutifood/video/7537209818759564551;ngoinhadinhduongnutifood;"Rồi mắc gì đánh khách hàng?

#NuVi #NuViWorld #NuViThứcUốngSữaTươiCóThạch #NuViĐườngĐen #LớphọcNuVi ";Rồi mắc gì đánh khách hàng? #NuVi #NuViWorld #NuViThứcUốngSữaTươiCóThạch #NuViĐườngĐen #LớphọcNuVi;True;#NuVi, #NuViWorld, #NuViThứcUốngSữaTươiCóThạch, #NuViĐườngĐen, #LớphọcNuVi;5;;0;;0;12;0;0;0;10800;12;0.0011111111111111111;High;37;Medium;2025-08-11 06:23:37+00:00;2025-08-11 13:23:37+07:00;2025-08-11;2025.0;8.0;13.0;Monday
7.537209115894959e+18;https://www.tiktok.com/@ngoinhadinhduongnutifood/video/7537209115894959368;ngoinhadinhduongnutifood;"Điệu nhảy chốt đơn ra đời

#NuVi #NuViWorld #NuViThứcUốngSữaTươiCóThạch #NuViĐườngĐen #LớphọcNuVi ";Điệu nhảy chốt đơn ra đời #NuVi #NuViWorld #NuViThứcUốngSữaTươiCóThạch #NuViĐườngĐen #LớphọcNuVi;True;#NuVi, #NuViWorld, #NuViThứcUốngSữaTươiCóThạch, #NuViĐườngĐen, #LớphọcNuVi;5;;0;;0;5;0;1;0;1729;6;0.003470213996529786;Medium;39;Medium;2025-08-11 06:20:53+00:00;2025-08-11 13:20:53+07:00;2025-08-11;2025.0;8.0;13.0;Monday
7.537207417679957e+18;https://www.tiktok.com/@ngoinhadinhduongnutifood/video/7537207417679957255;ngoinhadinhduongnutifood;"Vượt lên chính mình cùng NuVi

#NuVi #NuViWorld #NuViThứcUốngSữaTươiCóThạch #NuViĐườngĐen #LớphọcNuVi ";Vượt lên chính mình cùng NuVi #NuVi #NuViWorld #NuViThứcUốngSữaTươiCóThạch #NuViĐườngĐen #LớphọcNuVi;True;#NuVi, #NuViWorld, #NuViThứcUốngSữaTươiCóThạch, #NuViĐườngĐen, #LớphọcNuVi;5;;0;;0;6;0;3;0;1322;9;0.00680786686838124;Low;47;Medium;2025-08-11 06:14:20+00:00;2025-08-11 13:14:20+07:00;2025-08-11;2025.0;8.0;13.0;Monday
7.53719787276113e+18;https://www.tiktok.com/@ngoinhadinhduongnutifood/video/7537197872761130247;ngoinhadinhduongnutifood;"NuVi thơm ngon đến giọt cuối cùng!

#NuVi #NuViWorld #NuViThứcUốngSữaTươiCóThạch #NuViĐườngĐen #LớphọcNuVi ";NuVi thơm ngon đến giọt cuối cùng! #NuVi #NuViWorld #NuViThứcUốngSữaTươiCóThạch #NuViĐườngĐen #LớphọcNuVi;True;#NuVi, #NuViWorld, #NuViThứcUốngSữaTươiCóThạch, #NuViĐườngĐen, #LớphọcNuVi;5;;0;;0;3;0;0;0;1002;3;0.0029940119760479044;Low;29;Short;2025-08-11 05:37:16+00:00;2025-08-11 12:37:16+07:00;2025-08-11;2025.0;8.0;12.0;Monday
7.536941112531881e+18;https://www.tiktok.com/@ngoinhadinhduongnutifood/video/7536941112531881223;ngoinhadinhduongnutifood;"5 tiêu chí sạch tạo nên thành phần Sữa Tươi có trong NuVi Thức Uống Sữa Tươi Có Thạch Vị Đường Đen.

#NuVi #NuViWorld #NuViThứcUốngSữaTươiCóThạch #NuViĐườngĐen #LớphọcNuVi ";5 tiêu chí sạch tạo nên thành phần Sữa Tươi có trong NuVi Thức Uống Sữa Tươi Có Thạch Vị Đường Đen. #NuVi #NuViWorld #NuViThứcUốngSữaTươiCóThạch #NuViĐườngĐen #LớphọcNuVi;True;#NuVi, #NuViWorld, #NuViThứcUốngSữaTươiCóThạch, #NuViĐườngĐen, #LớphọcNuVi;5;;0;;0;5;0;0;1;2045;6;0.00293398533007335;Medium;32;Medium;2025-08-10 13:00:54+00:00;2025-08-10 20:00:54+07:00;2025-08-10;2025.0;8.0;20.0;Sunday
7.536939353780555e+18;https://www.tiktok.com/@ngoinhadinhduongnutifood/video/7536939353780555015;ngoinhadinhduongnutifood;"Thầy Quí thích nhai nhai cái gì đó?

#NuVi #NuViWorld #NuViThứcUốngSữaTươiCóThạch #NuViĐườngĐen #LớphọcNuVi ";Thầy Quí thích nhai nhai cái gì đó? #NuVi #NuViWorld #NuViThứcUốngSữaTươiCóThạch #NuViĐườngĐen #LớphọcNuVi;True;#NuVi, #NuViWorld, #NuViThứcUốngSữaTươiCóThạch, #NuViĐườngĐen, #LớphọcNuVi;5;;0;;0;20;1;0;0;9686;21;0.0021680776378277928;Medium;31;Medium;2025-08-10 12:54:04+00:00;2025-08-10 19:54:04+07:00;2025-08-10;2025.0;8.0;19.0;Sunday
7.536938672659353e+18;https://www.tiktok.com/@ngoinhadinhduongnutifood/video/7536938672659352850;ngoinhadinhduongnutifood;"Từ học sinh lớp 12 hóa thành lớp 9

#NuVi #NuViWorld #NuViThứcUốngSữaTươiCóThạch #NuViĐườngĐen #LớphọcNuVi ";Từ học sinh lớp 12 hóa thành lớp 9 #NuVi #NuViWorld #NuViThứcUốngSữaTươiCóThạch #NuViĐườngĐen #LớphọcNuVi;True;#NuVi, #NuViWorld, #NuViThứcUốngSữaTươiCóThạch, #NuViĐườngĐen, #LớphọcNuVi;5;;0;;0;5;0;0;0;773;5;0.00646830530401035;Low;30;Short;2025-08-10 12:51:27+00:00;2025-08-10 19:51:27+07:00;2025-08-10;2025.0;8.0;19.0;Sunday
7.536937083080871e+18;https://www.tiktok.com/@ngoinhadinhduongnutifood/video/7536937083080871176;ngoinhadinhduongnutifood;"Các chất dinh dưỡng trong NuVi

#NuVi #NuViWorld #NuViThứcUốngSữaTươiCóThạch #NuViĐườngĐen #LớphọcNuVi ";Các chất dinh dưỡng trong NuVi #NuVi #NuViWorld #NuViThứcUốngSữaTươiCóThạch #NuViĐườngĐen #LớphọcNuVi;True;#NuVi, #NuViWorld, #NuViThứcUốngSữaTươiCóThạch, #NuViĐườngĐen, #LớphọcNuVi;5;;0;;0;5;0;0;0;1151;5;0.004344048653344918;Low;51;Medium;2025-08-10 12:45:15+00:00;2025-08-10 19:45:15+07:00;2025-08-10;2025.0;8.0;19.0;Sunday
7.536936133159112e+18;https://www.tiktok.com/@ngoinhadinhduongnutifood/video/7536936133159111954;ngoinhadinhduongnutifood;"Câu chuyện sửa và sữa của thầy Quí

#NuVi #NuViWorld #NuViThứcUốngSữaTươiCóThạch #NuViĐườngĐen #LớphọcNuVi ";Câu chuyện sửa và sữa của thầy Quí #NuVi #NuViWorld #NuViThứcUốngSữaTươiCóThạch #NuViĐườngĐen #LớphọcNuVi;True;#NuVi, #NuViWorld, #NuViThứcUốngSữaTươiCóThạch, #NuViĐườngĐen, #LớphọcNuVi;5;;0;;0;4;0;0;0;884;4;0.004524886877828055;Low;36;Medium;2025-08-10 12:41:36+00:00;2025-08-10 19:41:36+07:00;2025-08-10;2025.0;8.0;19.0;Sunday
7.536933631822958e+18;https://www.tiktok.com/@ngoinhadinhduongnutifood/video/7536933631822957842;ngoinhadinhduongnutifood;"Nỗi lòng của thầy Phát thèm uống NuVi

#NuVi #NuViWorld #NuViThứcUốngSữaTươiCóThạch #NuViĐườngĐen #LớphọcNuVi ";Nỗi lòng của thầy Phát thèm uống NuVi #NuVi #NuViWorld #NuViThứcUốngSữaTươiCóThạch #NuViĐườngĐen #LớphọcNuVi;True;#NuVi, #NuViWorld, #NuViThứcUốngSữaTươiCóThạch, #NuViĐườngĐen, #LớphọcNuVi;5;;0;;0;5;0;0;0;639;5;0.00782472613458529;Low;54;Medium;2025-08-10 12:31:53+00:00;2025-08-10 19:31:53+07:00;2025-08-10;2025.0;8.0;19.0;Sunday
7.536932481564708e+18;https://www.tiktok.com/@ngoinhadinhduongnutifood/video/7536932481564708103;ngoinhadinhduongnutifood;"NuVi có gì mà ""Ê""?

#NuVi #NuViWorld #NuViThứcUốngSữaTươiCóThạch #NuViĐườngĐen #LớphọcNuVi ";"NuVi có gì mà ""Ê""? #NuVi #NuViWorld #NuViThứcUốngSữaTươiCóThạch #NuViĐườngĐen #LớphọcNuVi";True;#NuVi, #NuViWorld, #NuViThứcUốngSữaTươiCóThạch, #NuViĐườngĐen, #LớphọcNuVi;5;;0;;0;4;0;0;0;990;4;0.00404040404040404;Low;41;Medium;2025-08-10 12:27:25+00:00;2025-08-10 19:27:25+07:00;2025-08-10;2025.0;8.0;19.0;Sunday
7.532897443373911e+18;https://www.tiktok.com/@ngoinhadinhduongnutifood/video/7532897443373911314;ngoinhadinhduongnutifood;"Lời chia tay cảm lạnh của các thầy

#NuVi #NuViWorld #NuViThứcUốngSữaTươiCóThạch #NuViĐườngĐen #LớphọcNuVi ";Lời chia tay cảm lạnh của các thầy #NuVi #NuViWorld #NuViThứcUốngSữaTươiCóThạch #NuViĐườngĐen #LớphọcNuVi;True;#NuVi, #NuViWorld, #NuViThứcUốngSữaTươiCóThạch, #NuViĐườngĐen, #LớphọcNuVi;5;;0;;0;5;0;1;0;1935;6;0.0031007751937984496;Medium;38;Medium;2025-07-30 15:29:23+00:00;2025-07-30 22:29:23+07:00;2025-07-30;2025.0;7.0;22.0;Wednesday
7.532896106141715e+18;https://www.tiktok.com/@ngoinhadinhduongnutifood/video/7532896106141715730;ngoinhadinhduongnutifood;"Tình bạn này là chân thật, không hề giả trân

#NuVi #NuViWorld #NuViThứcUốngSữaTươiCóThạch #NuViĐườngĐen #LớphọcNuVi ";Tình bạn này là chân thật, không hề giả trân #NuVi #NuViWorld #NuViThứcUốngSữaTươiCóThạch #NuViĐườngĐen #LớphọcNuVi;True;#NuVi, #NuViWorld, #NuViThứcUốngSữaTươiCóThạch, #NuViĐườngĐen, #LớphọcNuVi;5;;0;;0;1172;15;48;121;773500;1356;0.001753070458952812;Very High;34;Medium;2025-07-30 15:24:12+00:00;2025-07-30 22:24:12+07:00;2025-07-30;2025.0;7.0;22.0;Wednesday
7.532895539860442e+18;https://www.tiktok.com/@ngoinhadinhduongnutifood/video/7532895539860442375;ngoinhadinhduongnutifood;"Thầy Võ Tấn Phát nịnh nhãn hàng để thoát khỏi việc bị “xử trảm”.

#NuVi #NuViWorld #NuViThứcUốngSữaTươiCóThạch #NuViĐườngĐen #LớphọcNuVi ";Thầy Võ Tấn Phát nịnh nhãn hàng để thoát khỏi việc bị “xử trảm”. #NuVi #NuViWorld #NuViThứcUốngSữaTươiCóThạch #NuViĐườngĐen #LớphọcNuVi;True;#NuVi, #NuViWorld, #NuViThứcUốngSữaTươiCóThạch, #NuViĐườngĐen, #LớphọcNuVi;5;;0;;0;80;0;1;4;46400;85;0.001831896551724138;High;39;Medium;2025-07-30 15:22:01+00:00;2025-07-30 22:22:01+07:00;2025-07-30;2025.0;7.0;22.0;Wednesday
7.531377125924949e+18;https://www.tiktok.com/@ngoinhadinhduongnutifood/video/7531377125924949266;ngoinhadinhduongnutifood;"Phát hiện Thầy Giám Thị cơ cấu giải thưởng cho ""trò cưng"" trong Lớp Học NuVi.

#NuVi #NuViWorld #NuViThứcUốngSữaTươiCóThạch #NuViĐườngĐen #LớphọcNuVi ";"Phát hiện Thầy Giám Thị cơ cấu giải thưởng cho ""trò cưng"" trong Lớp Học NuVi. #NuVi #NuViWorld #NuViThứcUốngSữaTươiCóThạch #NuViĐườngĐen #LớphọcNuVi";True;#NuVi, #NuViWorld, #NuViThứcUốngSữaTươiCóThạch, #NuViĐườngĐen, #LớphọcNuVi;5;;0;;0;105;1;2;12;69500;120;0.0017266187050359713;High;36;Medium;2025-07-26 13:09:48+00:00;2025-07-26 20:09:48+07:00;2025-07-26;2025.0;7.0;20.0;Saturday
7.531375538376642e+18;https://www.tiktok.com/@ngoinhadinhduongnutifood/video/7531375538376641810;ngoinhadinhduongnutifood;"Tin Nóng! Thầy Chủ Nhiệm ISAAC làm Thầy Hùng Huỳnh ""rụng"" trứng?

#NuVi #NuViWorld #NuViThứcUốngSữaTươiCóThạch #NuViĐườngĐen #LớphọcNuVi ";"Tin Nóng! Thầy Chủ Nhiệm ISAAC làm Thầy Hùng Huỳnh ""rụng"" trứng? #NuVi #NuViWorld #NuViThứcUốngSữaTươiCóThạch #NuViĐườngĐen #LớphọcNuVi";True;#NuVi, #NuViWorld, #NuViThứcUốngSữaTươiCóThạch, #NuViĐườngĐen, #LớphọcNuVi;5;;0;;0;5;0;1;0;2047;6;0.0029311187103077674;Medium;44;Medium;2025-07-26 13:03:38+00:00;2025-07-26 20:03:38+07:00;2025-07-26;2025.0;7.0;20.0;Saturday
7.53137466244229e+18;https://www.tiktok.com/@ngoinhadinhduongnutifood/video/7531374662442290439;ngoinhadinhduongnutifood;"Là cũng póng dữ rùi đoá :>>

#NuVi #NuViWorld #NuViThứcUốngSữaTươiCóThạch #NuViĐườngĐen #LớphọcNuVi ";Là cũng póng dữ rùi đoá :>> #NuVi #NuViWorld #NuViThứcUốngSữaTươiCóThạch #NuViĐườngĐen #LớphọcNuVi;True;#NuVi, #NuViWorld, #NuViThứcUốngSữaTươiCóThạch, #NuViĐườngĐen, #LớphọcNuVi;5;;0;;0;5;1;0;0;1413;6;0.004246284501061571;Low;44;Medium;2025-07-26 13:00:13+00:00;2025-07-26 20:00:13+07:00;2025-07-26;2025.0;7.0;20.0;Saturday
7.531372415855676e+18;https://www.tiktok.com/@ngoinhadinhduongnutifood/video/7531372415855676690;ngoinhadinhduongnutifood;"Là thật sự mình đi chạy job dữ chưa

#NuVi #NuViWorld #NuViThứcUốngSữaTươiCóThạch #NuViĐườngĐen #LớphọcNuVi ";Là thật sự mình đi chạy job dữ chưa #NuVi #NuViWorld #NuViThứcUốngSữaTươiCóThạch #NuViĐườngĐen #LớphọcNuVi;True;#NuVi, #NuViWorld, #NuViThứcUốngSữaTươiCóThạch, #NuViĐườngĐen, #LớphọcNuVi;5;;0;;0;7;0;0;0;3049;7;0.0022958346999016072;Medium;33;Medium;2025-07-26 12:51:29+00:00;2025-07-26 19:51:29+07:00;2025-07-26;2025.0;7.0;19.0;Saturday
7.531369806096911e+18;https://www.tiktok.com/@ngoinhadinhduongnutifood/video/7531369806096911634;ngoinhadinhduongnutifood;"Lần đầu gặp nhau kiểu

#NuVi #NuViWorld #NuViThứcUốngSữaTươiCóThạch #NuViĐườngĐen #LớphọcNuVi ";Lần đầu gặp nhau kiểu #NuVi #NuViWorld #NuViThứcUốngSữaTươiCóThạch #NuViĐườngĐen #LớphọcNuVi;True;#NuVi, #NuViWorld, #NuViThứcUốngSữaTươiCóThạch, #NuViĐườngĐen, #LớphọcNuVi;5;;0;;0;8;0;0;1;913;9;0.009857612267250822;Low;26;Short;2025-07-26 12:41:23+00:00;2025-07-26 19:41:23+07:00;2025-07-26;2025.0;7.0;19.0;Saturday
7.531305514341305e+18;https://www.tiktok.com/@ngoinhadinhduongnutifood/video/7531305514341305618;ngoinhadinhduongnutifood;"Thầy giáo lực điền ISAAC, đúng là người thành công thường có lối đi riêng mà lối đi này nó lạ lắm!

#NuVi #NuViWorld #NuViThứcUốngSữaTươiCóThạch #NuViĐườngĐen #LớphọcNuVi ";Thầy giáo lực điền ISAAC, đúng là người thành công thường có lối đi riêng mà lối đi này nó lạ lắm! #NuVi #NuViWorld #NuViThứcUốngSữaTươiCóThạch #NuViĐườngĐen #LớphọcNuVi;True;#NuVi, #NuViWorld, #NuViThứcUốngSữaTươiCóThạch, #NuViĐườngĐen, #LớphọcNuVi;5;;0;;0;3;0;0;0;746;3;0.004021447721179625;Low;34;Medium;2025-07-26 08:31:56+00:00;2025-07-26 15:31:56+07:00;2025-07-26;2025.0;7.0;15.0;Saturday
7.531304361457176e+18;https://www.tiktok.com/@ngoinhadinhduongnutifood/video/7531304361457175826;ngoinhadinhduongnutifood;"Xé muốn hết quà của chương trình luôn á

#NuVi #NuViWorld #NuViThứcUốngSữaTươiCóThạch #NuViĐườngĐen #LớphọcNuVi ";Xé muốn hết quà của chương trình luôn á #NuVi #NuViWorld #NuViThứcUốngSữaTươiCóThạch #NuViĐườngĐen #LớphọcNuVi;True;#NuVi, #NuViWorld, #NuViThứcUốngSữaTươiCóThạch, #NuViĐườngĐen, #LớphọcNuVi;5;;0;;0;5;0;0;2;544;7;0.012867647058823529;Low;35;Medium;2025-07-26 08:27:27+00:00;2025-07-26 15:27:27+07:00;2025-07-26;2025.0;7.0;15.0;Saturday
7.531303183776337e+18;https://www.tiktok.com/@ngoinhadinhduongnutifood/video/7531303183776337170;ngoinhadinhduongnutifood;"Thầy giáo “say hi” bóc túi mù kiểuuuuuuuuuu

#NuVi #NuViWorld #NuViThứcUốngSữaTươiCóThạch #NuViĐườngĐen #LớphọcNuVi ";Thầy giáo “say hi” bóc túi mù kiểuuuuuuuuuu #NuVi #NuViWorld #NuViThứcUốngSữaTươiCóThạch #NuViĐườngĐen #LớphọcNuVi;True;#NuVi, #NuViWorld, #NuViThứcUốngSữaTươiCóThạch, #NuViĐườngĐen, #LớphọcNuVi;5;;0;;0;4;0;0;0;615;4;0.0065040650406504065;Low;31;Medium;2025-07-26 08:22:52+00:00;2025-07-26 15:22:52+07:00;2025-07-26;2025.0;7.0;15.0;Saturday
7.530321247171972e+18;https://www.tiktok.com/@ngoinhadinhduongnutifood/video/7530321247171972359;ngoinhadinhduongnutifood;"Lời chia tay banh chành của Thầy “Bành Chanh” Hải Đăng Doo.

#NuVi #NuViThứcUốngSữaTươiCóThạch #NuViĐườngĐen #ChanAiLaDay #LớphọcNuVi";Lời chia tay banh chành của Thầy “Bành Chanh” Hải Đăng Doo. #NuVi #NuViThứcUốngSữaTươiCóThạch #NuViĐườngĐen #ChanAiLaDay #LớphọcNuVi;True;#NuVi, #NuViThứcUốngSữaTươiCóThạch, #NuViĐườngĐen, #ChanAiLaDay, #LớphọcNuVi;5;;0;;0;5;0;0;0;1419;5;0.0035236081747709656;Low;36;Medium;2025-07-23 16:52:26+00:00;2025-07-23 23:52:26+07:00;2025-07-23;2025.0;7.0;23.0;Wednesday
7.528742582063648e+18;https://www.tiktok.com/@ngoinhadinhduongnutifood/video/7528742582063648008;ngoinhadinhduongnutifood;"Nhờ NuVi Thức Uống Sữa Tươi Có Thạch Vị Đường Đen mà cặp đôi Phát-Tài livestream cực cuốn và thành công.

#NuVi #NuViThứcUốngSữaTươiCóThạch #NuViĐườngĐen #ChanAiLaDay #LớphọcNuVi ";Nhờ NuVi Thức Uống Sữa Tươi Có Thạch Vị Đường Đen mà cặp đôi Phát-Tài livestream cực cuốn và thành công. #NuVi #NuViThứcUốngSữaTươiCóThạch #NuViĐườngĐen #ChanAiLaDay #LớphọcNuVi;True;#NuVi, #NuViThứcUốngSữaTươiCóThạch, #NuViĐườngĐen, #ChanAiLaDay, #LớphọcNuVi;5;;0;;0;6;0;1;0;1823;7;0.0038398244651673065;Medium;37;Medium;2025-07-19 10:46:24+00:00;2025-07-19 17:46:24+07:00;2025-07-19;2025.0;7.0;17.0;Saturday
7.528738554487311e+18;https://www.tiktok.com/@ngoinhadinhduongnutifood/video/7528738554487311624;ngoinhadinhduongnutifood;"Giáo sư ISAAC và cái ống hút to của anh ấy.

#NuVi #NuViThứcUốngSữaTươiCóThạch #NuViĐườngĐen #ChanAiLaDay #LớphọcNuVi ";Giáo sư ISAAC và cái ống hút to của anh ấy. #NuVi #NuViThứcUốngSữaTươiCóThạch #NuViĐườngĐen #ChanAiLaDay #LớphọcNuVi;True;#NuVi, #NuViThứcUốngSữaTươiCóThạch, #NuViĐườngĐen, #ChanAiLaDay, #LớphọcNuVi;5;;0;;0;7;0;0;0;1510;7;0.004635761589403974;Low;35;Medium;2025-07-19 10:30:46+00:00;2025-07-19 17:30:46+07:00;2025-07-19;2025.0;7.0;17.0;Saturday
7.528724880628469e+18;https://www.tiktok.com/@ngoinhadinhduongnutifood/video/7528724880628469000;ngoinhadinhduongnutifood;"Thầy trả bài có tâm quá :>

#NuVi #NuViThứcUốngSữaTươiCóThạch #NuViĐườngĐen #ChanAiLaDay #LớphọcNuVi ";Thầy trả bài có tâm quá :> #NuVi #NuViThứcUốngSữaTươiCóThạch #NuViĐườngĐen #ChanAiLaDay #LớphọcNuVi;True;#NuVi, #NuViThứcUốngSữaTươiCóThạch, #NuViĐườngĐen, #ChanAiLaDay, #LớphọcNuVi;5;;0;;0;7;0;0;0;981;7;0.007135575942915392;Low;34;Medium;2025-07-19 09:37:43+00:00;2025-07-19 16:37:43+07:00;2025-07-19;2025.0;7.0;16.0;Saturday
7.528719797027098e+18;https://www.tiktok.com/@ngoinhadinhduongnutifood/video/7528719797027097874;ngoinhadinhduongnutifood;"Thầy ISAAC chấp niệm với ống hút to của NuVi dzữ chưa.

#NuVi #NuViThứcUốngSữaTươiCóThạch #NuViĐườngĐen #ChanAiLaDay #LớphọcNuVi ";Thầy ISAAC chấp niệm với ống hút to của NuVi dzữ chưa. #NuVi #NuViThứcUốngSữaTươiCóThạch #NuViĐườngĐen #ChanAiLaDay #LớphọcNuVi;True;#NuVi, #NuViThứcUốngSữaTươiCóThạch, #NuViĐườngĐen, #ChanAiLaDay, #LớphọcNuVi;5;;0;;0;5;0;0;0;1085;5;0.004608294930875576;Low;50;Medium;2025-07-19 09:18:00+00:00;2025-07-19 16:18:00+07:00;2025-07-19;2025.0;7.0;16.0;Saturday
7.528717394571841e+18;https://www.tiktok.com/@ngoinhadinhduongnutifood/video/7528717394571840775;ngoinhadinhduongnutifood;"Hai thầy đừng cướp NuVi nữa, cướp trái tim em đi

#NuVi #NuViThứcUốngSữaTươiCóThạch #NuViĐườngĐen #ChanAiLaDay #LớphọcNuVi ";Hai thầy đừng cướp NuVi nữa, cướp trái tim em đi #NuVi #NuViThứcUốngSữaTươiCóThạch #NuViĐườngĐen #ChanAiLaDay #LớphọcNuVi;True;#NuVi, #NuViThứcUốngSữaTươiCóThạch, #NuViĐườngĐen, #ChanAiLaDay, #LớphọcNuVi;5;;0;;0;63;0;0;1;19100;64;0.003350785340314136;High;39;Medium;2025-07-19 09:08:42+00:00;2025-07-19 16:08:42+07:00;2025-07-19;2025.0;7.0;16.0;Saturday
7.527607656220003e+18;https://www.tiktok.com/@ngoinhadinhduongnutifood/video/7527607656220003602;ngoinhadinhduongnutifood;"Thầy chủ nhiệm ISAAC thật là fashionista quá đi

#NuVi #NuViThứcUốngSữaTươiCóThạch #NuViĐườngĐen #ChanAiLaDay #LớphọcNuVi ";Thầy chủ nhiệm ISAAC thật là fashionista quá đi #NuVi #NuViThứcUốngSữaTươiCóThạch #NuViĐườngĐen #ChanAiLaDay #LớphọcNuVi;True;#NuVi, #NuViThứcUốngSữaTươiCóThạch, #NuViĐườngĐen, #ChanAiLaDay, #LớphọcNuVi;5;;0;;0;6;0;0;1;1028;7;0.006809338521400778;Low;35;Medium;2025-07-16 09:22:19+00:00;2025-07-16 16:22:19+07:00;2025-07-16;2025.0;7.0;16.0;Wednesday
7.527596462113377e+18;https://www.tiktok.com/@ngoinhadinhduongnutifood/video/7527596462113377543;ngoinhadinhduongnutifood;"Đuổi hình bắt chữ mà nó lạ lắm :)

#NuVi #NuViThứcUốngSữaTươiCóThạch #NuViĐườngĐen #ChanAiLaDay  ";Đuổi hình bắt chữ mà nó lạ lắm :) #NuVi #NuViThứcUốngSữaTươiCóThạch #NuViĐườngĐen #ChanAiLaDay;True;#NuVi, #NuViThứcUốngSữaTươiCóThạch, #NuViĐườngĐen, #ChanAiLaDay;4;;0;;0;5;0;0;1;1067;6;0.005623242736644799;Low;39;Medium;2025-07-16 08:38:53+00:00;2025-07-16 15:38:53+07:00;2025-07-16;2025.0;7.0;15.0;Wednesday
7.527588193248775e+18;https://www.tiktok.com/@ngoinhadinhduongnutifood/video/7527588193248775431;ngoinhadinhduongnutifood;"NuVi Thức Uống Sữa Tươi Có Thạch Vị Đường Đen, uống ngon nhức nách, nhảy muốn rớt cái nách luôn.

#NuVi #NuViThứcUốngSữaTươiCóThạch #NuViĐườngĐen #ChanAiLaDay  ";NuVi Thức Uống Sữa Tươi Có Thạch Vị Đường Đen, uống ngon nhức nách, nhảy muốn rớt cái nách luôn. #NuVi #NuViThứcUốngSữaTươiCóThạch #NuViĐườngĐen #ChanAiLaDay;True;#NuVi, #NuViThứcUốngSữaTươiCóThạch, #NuViĐườngĐen, #ChanAiLaDay;4;;0;;0;6;0;0;0;714;6;0.008403361344537815;Low;33;Medium;2025-07-16 08:06:48+00:00;2025-07-16 15:06:48+07:00;2025-07-16;2025.0;7.0;15.0;Wednesday
7.527580608365661e+18;https://www.tiktok.com/@ngoinhadinhduongnutifood/video/7527580608365661458;ngoinhadinhduongnutifood;"Chó sói này lạ quá, nhìn không quen!

#NuVi #NuViThứcUốngSữaTươiCóThạch #NuViĐườngĐen #ChanAiLaDay ";Chó sói này lạ quá, nhìn không quen! #NuVi #NuViThứcUốngSữaTươiCóThạch #NuViĐườngĐen #ChanAiLaDay;True;#NuVi, #NuViThứcUốngSữaTươiCóThạch, #NuViĐườngĐen, #ChanAiLaDay;4;;0;;0;4;0;3;0;640;7;0.0109375;Low;33;Medium;2025-07-16 07:37:22+00:00;2025-07-16 14:37:22+07:00;2025-07-16;2025.0;7.0;14.0;Wednesday
7.527198267680099e+18;https://www.tiktok.com/@ngoinhadinhduongnutifood/video/7527198267680099591;ngoinhadinhduongnutifood;"Thầy hẹn em pickleball, Thầy hẹn em uống Nu-Vi.

#NuVi #NuViThứcUốngSữaTươiCóThạch #NuViĐườngĐen #ChanAiLaDay ";Thầy hẹn em pickleball, Thầy hẹn em uống Nu-Vi. #NuVi #NuViThứcUốngSữaTươiCóThạch #NuViĐườngĐen #ChanAiLaDay;True;#NuVi, #NuViThứcUốngSữaTươiCóThạch, #NuViĐườngĐen, #ChanAiLaDay;4;;0;;0;5;0;0;0;1179;5;0.004240882103477523;Low;45;Medium;2025-07-15 06:53:43+00:00;2025-07-15 13:53:43+07:00;2025-07-15;2025.0;7.0;13.0;Tuesday
7.52719667243105e+18;https://www.tiktok.com/@ngoinhadinhduongnutifood/video/7527196672431050002;ngoinhadinhduongnutifood;"Là bi kịch hay hài kịch vậy mấy thầy ơiiii

#NuVi #NuViThứcUốngSữaTươiCóThạch #NuViĐườngĐen #ChanAiLaDay ";Là bi kịch hay hài kịch vậy mấy thầy ơiiii #NuVi #NuViThứcUốngSữaTươiCóThạch #NuViĐườngĐen #ChanAiLaDay;True;#NuVi, #NuViThứcUốngSữaTươiCóThạch, #NuViĐườngĐen, #ChanAiLaDay;4;;0;;0;6;1;1;1;798;9;0.011278195488721804;Low;46;Medium;2025-07-15 06:47:31+00:00;2025-07-15 13:47:31+07:00;2025-07-15;2025.0;7.0;13.0;Tuesday
7.527193068496424e+18;https://www.tiktok.com/@ngoinhadinhduongnutifood/video/7527193068496424210;ngoinhadinhduongnutifood;"Top diễn viên “Hollywood”:
Top 1: Thầy Giám Thị Võ Tấn Phát.

#NuVi #NuViThứcUốngSữaTươiCóThạch #NuViĐườngĐen #ChanAiLaDay ";Top diễn viên “Hollywood”: Top 1: Thầy Giám Thị Võ Tấn Phát. #NuVi #NuViThứcUốngSữaTươiCóThạch #NuViĐườngĐen #ChanAiLaDay;True;#NuVi, #NuViThứcUốngSữaTươiCóThạch, #NuViĐườngĐen, #ChanAiLaDay;4;;0;;0;4;0;0;0;700;4;0.005714285714285714;Low;39;Medium;2025-07-15 06:33:32+00:00;2025-07-15 13:33:32+07:00;2025-07-15;2025.0;7.0;13.0;Tuesday
7.527175970290191e+18;https://www.tiktok.com/@ngoinhadinhduongnutifood/video/7527175970290191624;ngoinhadinhduongnutifood;"“Gia trưởng mới lo được cho em” - Trích lời Thầy Hải Đăng Doo trong Lớp học NuVi.

#NuVi #NuViThứcUốngSữaTươiCóThạch #NuViĐườngĐen #ChanAiLaDay ";“Gia trưởng mới lo được cho em” - Trích lời Thầy Hải Đăng Doo trong Lớp học NuVi. #NuVi #NuViThứcUốngSữaTươiCóThạch #NuViĐườngĐen #ChanAiLaDay;True;#NuVi, #NuViThứcUốngSữaTươiCóThạch, #NuViĐườngĐen, #ChanAiLaDay;4;;0;;0;7;0;0;0;1547;7;0.004524886877828055;Low;49;Medium;2025-07-15 05:27:11+00:00;2025-07-15 12:27:11+07:00;2025-07-15;2025.0;7.0;12.0;Tuesday
7.527171044302523e+18;https://www.tiktok.com/@ngoinhadinhduongnutifood/video/7527171044302523656;ngoinhadinhduongnutifood;"Câu thơ “hot” ngày hôm nay “NuVi có thạch, còn 2 Thầy thì có elm”

#NuVi #NuViThứcUốngSữaTươiCóThạch #NuViĐườngĐen #ChanAiLaDay ";Câu thơ “hot” ngày hôm nay “NuVi có thạch, còn 2 Thầy thì có elm” #NuVi #NuViThứcUốngSữaTươiCóThạch #NuViĐườngĐen #ChanAiLaDay;True;#NuVi, #NuViThứcUốngSữaTươiCóThạch, #NuViĐườngĐen, #ChanAiLaDay;4;;0;;0;5;0;0;0;870;5;0.005747126436781609;Low;40;Medium;2025-07-15 05:08:03+00:00;2025-07-15 12:08:03+07:00;2025-07-15;2025.0;7.0;12.0;Tuesday
7.526825057356713e+18;https://www.tiktok.com/@ngoinhadinhduongnutifood/video/7526825057356713234;ngoinhadinhduongnutifood;"Thầy Đỗ Phú Quí đòi nhai trọn hộp NuVi Thức Uống Sữa Tươi Có Thạch Vị Đường Đen chỉ trong 1 làn hơi

#NuVi #NuViThứcUốngSữaTươiCóThạch #NuViĐườngĐen #ChanAiLaDay #LớphọcNuVi ";Thầy Đỗ Phú Quí đòi nhai trọn hộp NuVi Thức Uống Sữa Tươi Có Thạch Vị Đường Đen chỉ trong 1 làn hơi #NuVi #NuViThứcUốngSữaTươiCóThạch #NuViĐườngĐen #ChanAiLaDay #LớphọcNuVi;True;#NuVi, #NuViThứcUốngSữaTươiCóThạch, #NuViĐườngĐen, #ChanAiLaDay, #LớphọcNuVi;5;;0;;0;6;0;0;0;1324;6;0.004531722054380665;Low;41;Medium;2025-07-14 06:45:27+00:00;2025-07-14 13:45:27+07:00;2025-07-14;2025.0;7.0;13.0;Monday
7.526824427271556e+18;https://www.tiktok.com/@ngoinhadinhduongnutifood/video/7526824427271556359;ngoinhadinhduongnutifood;"Truy tìm chuột bạch

#NuVi #NuViThứcUốngSữaTươiCóThạch #NuViĐườngĐen #ChanAiLaDay #LớphọcNuVi ";Truy tìm chuột bạch #NuVi #NuViThứcUốngSữaTươiCóThạch #NuViĐườngĐen #ChanAiLaDay #LớphọcNuVi;True;#NuVi, #NuViThứcUốngSữaTươiCóThạch, #NuViĐườngĐen, #ChanAiLaDay, #LớphọcNuVi;5;;0;;0;3;0;0;0;642;3;0.004672897196261682;Low;37;Medium;2025-07-14 06:42:59+00:00;2025-07-14 13:42:59+07:00;2025-07-14;2025.0;7.0;13.0;Monday
7.526823935787224e+18;https://www.tiktok.com/@ngoinhadinhduongnutifood/video/7526823935787224338;ngoinhadinhduongnutifood;"Là đàng hoàng dữ chưa? :))))))

#NuVi #NuViThứcUốngSữaTươiCóThạch #NuViĐườngĐen #ChanAiLaDay #LớphọcNuVi ";Là đàng hoàng dữ chưa? :)))))) #NuVi #NuViThứcUốngSữaTươiCóThạch #NuViĐườngĐen #ChanAiLaDay #LớphọcNuVi;True;#NuVi, #NuViThứcUốngSữaTươiCóThạch, #NuViĐườngĐen, #ChanAiLaDay, #LớphọcNuVi;5;;0;;0;4;0;0;0;755;4;0.005298013245033113;Low;26;Short;2025-07-14 06:41:04+00:00;2025-07-14 13:41:04+07:00;2025-07-14;2025.0;7.0;13.0;Monday
7.526823479446965e+18;https://www.tiktok.com/@ngoinhadinhduongnutifood/video/7526823479446965522;ngoinhadinhduongnutifood;"Hé lộ bằng chứng Thầy giáo Đỗ Phú Quí mua bằng...

#NuVi #NuViThứcUốngSữaTươiCóThạch #NuViĐườngĐen #ChanAiLaDay #LớphọcNuVi ";Hé lộ bằng chứng Thầy giáo Đỗ Phú Quí mua bằng... #NuVi #NuViThứcUốngSữaTươiCóThạch #NuViĐườngĐen #ChanAiLaDay #LớphọcNuVi;True;#NuVi, #NuViThứcUốngSữaTươiCóThạch, #NuViĐườngĐen, #ChanAiLaDay, #LớphọcNuVi;5;;0;;0;3;0;0;0;737;3;0.004070556309362279;Low;33;Medium;2025-07-14 06:39:20+00:00;2025-07-14 13:39:20+07:00;2025-07-14;2025.0;7.0;13.0;Monday
7.526822432653544e+18;https://www.tiktok.com/@ngoinhadinhduongnutifood/video/7526822432653544711;ngoinhadinhduongnutifood;"Trường hợp này nằm ngoài kịch bản của ban tổ chức Lớp Học NuVi

#NuVi #NuViThứcUốngSữaTươiCóThạch #NuViĐườngĐen #ChanAiLaDay #LớphọcNuVi ";Trường hợp này nằm ngoài kịch bản của ban tổ chức Lớp Học NuVi #NuVi #NuViThứcUốngSữaTươiCóThạch #NuViĐườngĐen #ChanAiLaDay #LớphọcNuVi;True;#NuVi, #NuViThứcUốngSữaTươiCóThạch, #NuViĐườngĐen, #ChanAiLaDay, #LớphọcNuVi;5;;0;;0;5;0;0;1;1647;6;0.0036429872495446266;Low;28;Short;2025-07-14 06:35:16+00:00;2025-07-14 13:35:16+07:00;2025-07-14;2025.0;7.0;13.0;Monday
7.526790962543218e+18;https://www.tiktok.com/@ngoinhadinhduongnutifood/video/7526790962543217928;ngoinhadinhduongnutifood;"NUVI THỨC UỐNG SỮA TƯƠI CÓ THẠCH VỊ ĐƯỜNG ĐEN CỰC CUỐN, HÚT NHAI CỰC ĐÃ!

Nếu bạn thuộc tín đồ của những món uống vừa dinh dưỡng vừa thơm ngon thì NuVi Thức Uống Sữa Tươi Có Thạch Vị Đường Đen chính là chân ái 👉 Lần đầu tiên ở NuVi xuất hiện sự kết hợp có “1-0-2”, sữa tươi thanh mát quyện cùng những nốt vị đường đen thơm ngon cực cuốn 😋 kết hợp với “topping” thạch dai giòn không khác gì “tà tưa” mà còn dinh dưỡng nhờ vào:
🌟 Sữa tươi sử dụng một nguồn duy nhất từ Trang trại bò sữa NutiMilk Gia Lai.
🌟 Công thức dinh dưỡng NuVi Power được nghiên cứu và phát triển cùng Viện Nghiên Cứu Dinh Dưỡng Nutifood Thụy Điển hỗ trợ bé phát triển chiều cao với Vitamin D3, Kẽm, Calci và hỗ trợ phát triển não bộ nhờ Vitamin nhóm B (B1, B5, B6).

Vị đường đen đã cuốn, NuVi Thức Uống Sữa Thạch còn có thêm 4 hương vị siêu ngon NuVi Thức Uống Sữa Thạch Lúa Mạch Cacao 🌾, NuVi Sữa Chua Thạch Dâu 🍓, NuVi Thức Uống Sữa Thạch Trái Cây Cam 🍊, NuVi Thức Uống Sữa Thạch Trái Cây Nho 🍇. Các bạn nhớ tự thưởng NuVi cho bản thân để tiếp dinh dưỡng “xịn”, thêm tự tin bứt phá, vui đến trường mỗi ngày nhé!

💥 “Cơn sốt” NuVi Thức Uống Sữa Tươi Có Thạch Vị Đường Đen đang “làm mưa làm gió”, nhanh tay kẻo hết! Các bạn có thể tìm mua sản phẩm tại các cửa hàng tạp hóa, hệ thống cửa hàng Nutifood Ngôi Nhà Dinh Dưỡng trên toàn quốc hoặc mua tại:​
📍 Hệ Thống cửa hàng Ngôi Nhà Dinh Dưỡng: https://ngoinhadinhduong.com/pages/cua-hang 
📍 GrabMart: https://grb.to/NutifoodxGrabMart 
📍 TikTok Shop: https://www.tiktok.com/@ngoinhadinhduongnutifood 
📍 Nutifood Shop: https://nutifoodshop.com/landing-page/sua-nuvi 
📍 Lazada: https://www.lazada.vn/shop/nutifood-ngoi-nha-dinh-duong 
📍 Shopee: https://shopee.vn/nutifood_official 
📍 ShopeeFood: https://shopeefood.vn/thuong-hieu/nutifood-ngoi-nha-dinh-duong 

NUVI THỨC UỐNG SỮA TƯƠI CÓ THẠCH VỊ ĐƯỜNG ĐEN CỰC CUỐNNN!
#NuVi #NuViWorld #NuViThucUongSuaTuoiCoThach #NuViDuongDen #ChanAiLaDay";NUVI THỨC UỐNG SỮA TƯƠI CÓ THẠCH VỊ ĐƯỜNG ĐEN CỰC CUỐN, HÚT NHAI CỰC ĐÃ! Nếu bạn thuộc tín đồ của những món uống vừa dinh dưỡng vừa thơm ngon thì NuVi Thức Uống Sữa Tươi Có Thạch Vị Đường Đen chính là chân ái 👉 Lần đầu tiên ở NuVi xuất hiện sự kết hợp có “1-0-2”, sữa tươi thanh mát quyện cùng những nốt vị đường đen thơm ngon cực cuốn 😋 kết hợp với “topping” thạch dai giòn không khác gì “tà tưa” mà còn dinh dưỡng nhờ vào: 🌟 Sữa tươi sử dụng một nguồn duy nhất từ Trang trại bò sữa NutiMilk Gia Lai. 🌟 Công thức dinh dưỡng NuVi Power được nghiên cứu và phát triển cùng Viện Nghiên Cứu Dinh Dưỡng Nutifood Thụy Điển hỗ trợ bé phát triển chiều cao với Vitamin D3, Kẽm, Calci và hỗ trợ phát triển não bộ nhờ Vitamin nhóm B (B1, B5, B6). Vị đường đen đã cuốn, NuVi Thức Uống Sữa Thạch còn có thêm 4 hương vị siêu ngon NuVi Thức Uống Sữa Thạch Lúa Mạch Cacao 🌾, NuVi Sữa Chua Thạch Dâu 🍓, NuVi Thức Uống Sữa Thạch Trái Cây Cam 🍊, NuVi Thức Uống Sữa Thạch Trái Cây Nho 🍇. Các bạn nhớ tự thưởng NuVi cho bản thân để tiếp dinh dưỡng “xịn”, thêm tự tin bứt phá, vui đến trường mỗi ngày nhé! 💥 “Cơn sốt” NuVi Thức Uống Sữa Tươi Có Thạch Vị Đường Đen đang “làm mưa làm gió”, nhanh tay kẻo hết! Các bạn có thể tìm mua sản phẩm tại các cửa hàng tạp hóa, hệ thống cửa hàng Nutifood Ngôi Nhà Dinh Dưỡng trên toàn quốc hoặc mua tại:​ 📍 Hệ Thống cửa hàng Ngôi Nhà Dinh Dưỡng: https://ngoinhadinhduong.com/pages/cua-hang 📍 GrabMart: https://grb.to/NutifoodxGrabMart 📍 TikTok Shop: https://www.tiktok.com/@ngoinhadinhduongnutifood 📍 Nutifood Shop: https://nutifoodshop.com/landing-page/sua-nuvi 📍 Lazada: https://www.lazada.vn/shop/nutifood-ngoi-nha-dinh-duong 📍 Shopee: https://shopee.vn/nutifood_official 📍 ShopeeFood: https://shopeefood.vn/thuong-hieu/nutifood-ngoi-nha-dinh-duong NUVI THỨC UỐNG SỮA TƯƠI CÓ THẠCH VỊ ĐƯỜNG ĐEN CỰC CUỐNNN! #NuVi #NuViWorld #NuViThucUongSuaTuoiCoThach #NuViDuongDen #ChanAiLaDay;True;#NuVi, #NuViWorld, #NuViThucUongSuaTuoiCoThach, #NuViDuongDen, #ChanAiLaDay;5;@ngoinhadinhduongnutifood;1;https://ngoinhadinhduong.com/pages/cua-hang, https://grb.to/NutifoodxGrabMart, https://www.tiktok.com/@ngoinhadinhduongnutifood, https://nutifoodshop.com/landing-page/sua-nuvi, https://www.lazada.vn/shop/nutifood-ngoi-nha-dinh-duong, https://shopee.vn/nutifood_official, https://shopeefood.vn/thuong-hieu/nutifood-ngoi-nha-dinh-duong;7;18;0;1;1;1586;20;0.012610340479192938;Low;34;Medium;2025-07-14 04:33:11+00:00;2025-07-14 11:33:11+07:00;2025-07-14;2025.0;7.0;11.0;Monday
7.52679008715832e+18;https://www.tiktok.com/@ngoinhadinhduongnutifood/video/7526790087158320391;ngoinhadinhduongnutifood;"NUVI THỨC UỐNG SỮA TƯƠI CÓ THẠCH VỊ ĐƯỜNG ĐEN 💥 KẾT HỢP SIÊU HOÀN HẢO, KHUẤY ĐẢO MỌI CƠN THÈM 😋

Dòng sữa tươi sạch len lỏi vào những viên thạch dai giòn sần sật, quyện cùng những nốt vị đường đen thơm ngon cực cuốn, kết hợp ống hút siêu to cho trải nghiệm hút nhai cực đã, ""chân ái"" của những tín đồ “tà tưa” là đây 👉 Siêu phẩm đang “làm mưa làm gió” này được tạo nên từ nguồn nguyên liệu chất lượng – Sữa Tươi Sạch Một Nguồn Duy Nhất Từ Trang Trại NutiMilk Gia Lai, bổ sung công thức NuVi Power được nghiên cứu và phát triển cùng Viện Nghiên Cứu Dinh Dưỡng Nutifood Thụy Điển hỗ trợ bé phát triển chiều cao với Vitamin D3, Kẽm, Calci và hỗ trợ phát triển não bộ nhờ Vitamin nhóm B (B1, B5, B6) 🥰

Vị đường đen đã cuốn, NuVi Thức Uống Sữa Thạch còn có thêm 4 hương vị siêu ngon NuVi Thức Uống Sữa Thạch Lúa Mạch Cacao 🌾, NuVi Sữa Chua Thạch Dâu 🍓, NuVi Thức Uống Sữa Thạch Trái Cây Cam 🍊, NuVi Thức Uống Sữa Thạch Trái Cây Nho 🍇. Các bạn nhớ tự thưởng NuVi cho bản thân để vui đến trường mỗi ngày nhé!

💥 Các bạn có thể tìm mua ngay NuVi Thức Uống Sữa Tươi Có Thạch Vị Đường Đen tại các cửa hàng tạp hóa, hệ thống cửa hàng Nutifood Ngôi Nhà Dinh Dưỡng trên toàn quốc hoặc có thể mua tại:

📍 Hệ Thống cửa hàng Ngôi Nhà Dinh Dưỡng: https://ngoinhadinhduong.com/pages/cua-hang 
📍 GrabMart: https://grb.to/NutifoodxGrabMart 
📍 TikTok Shop: https://www.tiktok.com/@ngoinhadinhduongnutifood 
📍 Nutifood Shop: https://nutifoodshop.com/landing-page/sua-nuvi 
📍 Lazada: https://www.lazada.vn/shop/nutifood-ngoi-nha-dinh-duong 
📍 Shopee: https://shopee.vn/nutifood_official 
📍 ShopeeFood: https://shopeefood.vn/thuong-hieu/nutifood-ngoi-nha-dinh-duong 

NUVI THỨC UỐNG SỮA TƯƠI CÓ THẠCH VỊ ĐƯỜNG ĐEN CỰC CUỐNNN!
#NuVi #NuViWorld #NuViThucUongSuaTuoiCoThach #NuViDuongDen #ChanAiLaDay";"NUVI THỨC UỐNG SỮA TƯƠI CÓ THẠCH VỊ ĐƯỜNG ĐEN 💥 KẾT HỢP SIÊU HOÀN HẢO, KHUẤY ĐẢO MỌI CƠN THÈM 😋 Dòng sữa tươi sạch len lỏi vào những viên thạch dai giòn sần sật, quyện cùng những nốt vị đường đen thơm ngon cực cuốn, kết hợp ống hút siêu to cho trải nghiệm hút nhai cực đã, ""chân ái"" của những tín đồ “tà tưa” là đây 👉 Siêu phẩm đang “làm mưa làm gió” này được tạo nên từ nguồn nguyên liệu chất lượng – Sữa Tươi Sạch Một Nguồn Duy Nhất Từ Trang Trại NutiMilk Gia Lai, bổ sung công thức NuVi Power được nghiên cứu và phát triển cùng Viện Nghiên Cứu Dinh Dưỡng Nutifood Thụy Điển hỗ trợ bé phát triển chiều cao với Vitamin D3, Kẽm, Calci và hỗ trợ phát triển não bộ nhờ Vitamin nhóm B (B1, B5, B6) 🥰 Vị đường đen đã cuốn, NuVi Thức Uống Sữa Thạch còn có thêm 4 hương vị siêu ngon NuVi Thức Uống Sữa Thạch Lúa Mạch Cacao 🌾, NuVi Sữa Chua Thạch Dâu 🍓, NuVi Thức Uống Sữa Thạch Trái Cây Cam 🍊, NuVi Thức Uống Sữa Thạch Trái Cây Nho 🍇. Các bạn nhớ tự thưởng NuVi cho bản thân để vui đến trường mỗi ngày nhé! 💥 Các bạn có thể tìm mua ngay NuVi Thức Uống Sữa Tươi Có Thạch Vị Đường Đen tại các cửa hàng tạp hóa, hệ thống cửa hàng Nutifood Ngôi Nhà Dinh Dưỡng trên toàn quốc hoặc có thể mua tại: 📍 Hệ Thống cửa hàng Ngôi Nhà Dinh Dưỡng: https://ngoinhadinhduong.com/pages/cua-hang 📍 GrabMart: https://grb.to/NutifoodxGrabMart 📍 TikTok Shop: https://www.tiktok.com/@ngoinhadinhduongnutifood 📍 Nutifood Shop: https://nutifoodshop.com/landing-page/sua-nuvi 📍 Lazada: https://www.lazada.vn/shop/nutifood-ngoi-nha-dinh-duong 📍 Shopee: https://shopee.vn/nutifood_official 📍 ShopeeFood: https://shopeefood.vn/thuong-hieu/nutifood-ngoi-nha-dinh-duong NUVI THỨC UỐNG SỮA TƯƠI CÓ THẠCH VỊ ĐƯỜNG ĐEN CỰC CUỐNNN! #NuVi #NuViWorld #NuViThucUongSuaTuoiCoThach #NuViDuongDen #ChanAiLaDay";True;#NuVi, #NuViWorld, #NuViThucUongSuaTuoiCoThach, #NuViDuongDen, #ChanAiLaDay;5;@ngoinhadinhduongnutifood;1;https://ngoinhadinhduong.com/pages/cua-hang, https://grb.to/NutifoodxGrabMart, https://www.tiktok.com/@ngoinhadinhduongnutifood, https://nutifoodshop.com/landing-page/sua-nuvi, https://www.lazada.vn/shop/nutifood-ngoi-nha-dinh-duong, https://shopee.vn/nutifood_official, https://shopeefood.vn/thuong-hieu/nutifood-ngoi-nha-dinh-duong;7;10;2;0;1;2624;13;0.004954268292682927;Medium;17;Short;2025-07-14 04:29:46+00:00;2025-07-14 11:29:46+07:00;2025-07-14;2025.0;7.0;11.0;Monday
7.506388495192116e+18;https://www.tiktok.com/@ngoinhadinhduongnutifood/video/7506388495192116498;ngoinhadinhduongnutifood;🌈 SỮA TƯƠI TRÁI CÂY NUVI - TƯƠI NGON, DINH DƯỠNG 🌈 GỌI LÀ VỊ SỮA CON YÊU, MẸ AN TÂM CHIỀU VÌ NUVI CÓ: 🌟 Sử dụng Sữa Tươi Sạch Một Nguồn Duy Nhất Từ Trang Trại NutiMilk Gia Lai, kết hợp cùng nước ép trái cây tự nhiên, đảm bảo dinh dưỡng tự nhiên, mang đến cho bé vị sữa hoàn toàn tươi ngọt, thanh mát. 💖 Bổ sung công thức NuVi Power độc quyền từ Viện Nghiên Cứu Dinh Dưỡng Nutifood Thụy Điển, cung cấp các Vitamin A, Vitamin nhóm B và Vitamin D3 giúp các bé phát triển trí tuệ và chiều cao một cách toàn diện. 🌟 Đặc biệt, NuVi tự tin chinh phục vị giác bé với 4 vị hấp dẫn: Nho 🍇, Dâu 🍓, Cam 🍊 và Trái cây Nhiệt đới 🍍 Từ này mẹ cũng không cần đau đầu vì bé lười uống đâu vì có NuVi cho bé đa dạng thưởng thức rồi nè. #NuVi #SữaTươiTráiCây #TrangtrạiNutiMilkGiaLai #NuViPower #TheGioiNuVi ;🌈 SỮA TƯƠI TRÁI CÂY NUVI - TƯƠI NGON, DINH DƯỠNG 🌈 GỌI LÀ VỊ SỮA CON YÊU, MẸ AN TÂM CHIỀU VÌ NUVI CÓ: 🌟 Sử dụng Sữa Tươi Sạch Một Nguồn Duy Nhất Từ Trang Trại NutiMilk Gia Lai, kết hợp cùng nước ép trái cây tự nhiên, đảm bảo dinh dưỡng tự nhiên, mang đến cho bé vị sữa hoàn toàn tươi ngọt, thanh mát. 💖 Bổ sung công thức NuVi Power độc quyền từ Viện Nghiên Cứu Dinh Dưỡng Nutifood Thụy Điển, cung cấp các Vitamin A, Vitamin nhóm B và Vitamin D3 giúp các bé phát triển trí tuệ và chiều cao một cách toàn diện. 🌟 Đặc biệt, NuVi tự tin chinh phục vị giác bé với 4 vị hấp dẫn: Nho 🍇, Dâu 🍓, Cam 🍊 và Trái cây Nhiệt đới 🍍 Từ này mẹ cũng không cần đau đầu vì bé lười uống đâu vì có NuVi cho bé đa dạng thưởng thức rồi nè. #NuVi #SữaTươiTráiCây #TrangtrạiNutiMilkGiaLai #NuViPower #TheGioiNuVi;True;#NuVi, #SữaTươiTráiCây, #TrangtrạiNutiMilkGiaLai, #NuViPower, #TheGioiNuVi;5;;0;;0;7;0;3;1;2842;11;0.0038705137227304713;Medium;63;Long;2025-05-20 05:01:10+00:00;2025-05-20 12:01:10+07:00;2025-05-20;2025.0;5.0;12.0;Tuesday
7.504929469249998e+18;https://www.tiktok.com/@ngoinhadinhduongnutifood/video/7504929469249998098;ngoinhadinhduongnutifood;"💯💥💫 Cùng Gian hàng Chính hãng Nutifoodstore đón chào Ngày hội Thương hiệu Bách hóa siêu bự tại Tiktokshop nhé !!! Duy nhất từ 19/5-21/5, vô vàn ưu đãi đang chờ đón các Mom đây !!!

#SuperBrandFestival #TiecLiveBachHoa";💯💥💫 Cùng Gian hàng Chính hãng Nutifoodstore đón chào Ngày hội Thương hiệu Bách hóa siêu bự tại Tiktokshop nhé !!! Duy nhất từ 19/5-21/5, vô vàn ưu đãi đang chờ đón các Mom đây !!! #SuperBrandFestival #TiecLiveBachHoa;True;#SuperBrandFestival, #TiecLiveBachHoa;2;;0;;0;29;0;12;5;3130;46;0.014696485623003195;Medium;148;Long;2025-05-16 06:39:24+00:00;2025-05-16 13:39:24+07:00;2025-05-16;2025.0;5.0;13.0;Friday
7.500447479993781e+18;https://www.tiktok.com/@ngoinhadinhduongnutifood/video/7500447479993781522;ngoinhadinhduongnutifood;"🎉✨️💯 Tham gia ngay phiên Mega Live vào 11h và 18h ngày 5/5 cùng gian hàng Chính hãng Nutifoodstore, để săn ngay những ưu đãi độc quyền như: giảm đến 30% toàn gian hàng, hàng ngàn quà tặng giá trị cho tất cả đơn hàng.
Đăng ký tham gia ngay!!!";🎉✨️💯 Tham gia ngay phiên Mega Live vào 11h và 18h ngày 5/5 cùng gian hàng Chính hãng Nutifoodstore, để săn ngay những ưu đãi độc quyền như: giảm đến 30% toàn gian hàng, hàng ngàn quà tặng giá trị cho tất cả đơn hàng. Đăng ký tham gia ngay!!!;True;;0;;0;;0;15;0;4;3;7320;22;0.003005464480874317;Medium;24;Short;2025-05-04 04:46:59+00:00;2025-05-04 11:46:59+07:00;2025-05-04;2025.0;5.0;11.0;Sunday
7.498328688149155e+18;https://www.tiktok.com/@ngoinhadinhduongnutifood/video/7498328688149155090;ngoinhadinhduongnutifood;🌈 SỮA TƯƠI TRÁI CÂY NUVI - TƯƠI NGON, DINH DƯỠNG 🌈 GỌI LÀ VỊ SỮA CON YÊU, MẸ AN TÂM CHIỀU VÌ NUVI CÓ: 🌟 Sử dụng Sữa Tươi Sạch Một Nguồn Duy Nhất Từ Trang Trại NutiMilk Gia Lai, kết hợp cùng nước ép trái cây tự nhiên, đảm bảo dinh dưỡng tự nhiên, mang đến cho bé vị sữa hoàn toàn tươi ngọt, thanh mát. 💖 Bổ sung công thức NuVi Power độc quyền từ Viện Nghiên Cứu Dinh Dưỡng Nutifood Thụy Điển, cung cấp các Vitamin A, Vitamin nhóm B và Vitamin D3 giúp các bé phát triển trí tuệ và chiều cao một cách toàn diện. 🌟 Đặc biệt, NuVi tự tin chinh phục vị giác bé với 4 vị hấp dẫn: Nho 🍇, Dâu 🍓, Cam 🍊 và Trái cây Nhiệt đới 🍍 Từ này mẹ cũng không cần đau đầu vì bé lười uống đâu vì có NuVi cho bé đa dạng thưởng thức rồi nè. #NuVi #SữaTươiTráiCây #TrangtrạiNutiMilkGiaLai #NuViPower #TheGioiNuVi ;🌈 SỮA TƯƠI TRÁI CÂY NUVI - TƯƠI NGON, DINH DƯỠNG 🌈 GỌI LÀ VỊ SỮA CON YÊU, MẸ AN TÂM CHIỀU VÌ NUVI CÓ: 🌟 Sử dụng Sữa Tươi Sạch Một Nguồn Duy Nhất Từ Trang Trại NutiMilk Gia Lai, kết hợp cùng nước ép trái cây tự nhiên, đảm bảo dinh dưỡng tự nhiên, mang đến cho bé vị sữa hoàn toàn tươi ngọt, thanh mát. 💖 Bổ sung công thức NuVi Power độc quyền từ Viện Nghiên Cứu Dinh Dưỡng Nutifood Thụy Điển, cung cấp các Vitamin A, Vitamin nhóm B và Vitamin D3 giúp các bé phát triển trí tuệ và chiều cao một cách toàn diện. 🌟 Đặc biệt, NuVi tự tin chinh phục vị giác bé với 4 vị hấp dẫn: Nho 🍇, Dâu 🍓, Cam 🍊 và Trái cây Nhiệt đới 🍍 Từ này mẹ cũng không cần đau đầu vì bé lười uống đâu vì có NuVi cho bé đa dạng thưởng thức rồi nè. #NuVi #SữaTươiTráiCây #TrangtrạiNutiMilkGiaLai #NuViPower #TheGioiNuVi;True;#NuVi, #SữaTươiTráiCây, #TrangtrạiNutiMilkGiaLai, #NuViPower, #TheGioiNuVi;5;;0;;0;15;0;2;3;3425;20;0.00583941605839416;Medium;67;Long;2025-04-28 11:44:58+00:00;2025-04-28 18:44:58+07:00;2025-04-28;2025.0;4.0;18.0;Monday
7.496468275430198e+18;https://www.tiktok.com/@ngoinhadinhduongnutifood/video/7496468275430198536;ngoinhadinhduongnutifood;"🍓Sữa tươi kết hợp cùng nước ép trái cây tự nhiên, tươi ngon, dinh dưỡng ai cũng thích mê. Uống vào như được nạp thêm sức mạnh, ai ai cũng tràn đầy năng lượng để tiếp tục cho các cuộc phiêu lưu thú vị phía trước. 🤩 Cả nhà ai muốn có năng lượng khám phá và chinh phục như NuVi thì nạp ngay Sữa Tươi Trái Cây nha, đảm bảo vui hết nấc!! ✨
 #NuVi #NuViSuaTuoiTraiCay #NuViPower";🍓Sữa tươi kết hợp cùng nước ép trái cây tự nhiên, tươi ngon, dinh dưỡng ai cũng thích mê. Uống vào như được nạp thêm sức mạnh, ai ai cũng tràn đầy năng lượng để tiếp tục cho các cuộc phiêu lưu thú vị phía trước. 🤩 Cả nhà ai muốn có năng lượng khám phá và chinh phục như NuVi thì nạp ngay Sữa Tươi Trái Cây nha, đảm bảo vui hết nấc!! ✨ #NuVi #NuViSuaTuoiTraiCay #NuViPower;True;#NuVi, #NuViSuaTuoiTraiCay, #NuViPower;3;;0;;0;17;0;8;2;3564;27;0.007575757575757576;Medium;75;Long;2025-04-23 11:25:36+00:00;2025-04-23 18:25:36+07:00;2025-04-23;2025.0;4.0;18.0;Wednesday
7.495729827509571e+18;https://www.tiktok.com/@ngoinhadinhduongnutifood/video/7495729827509570824;ngoinhadinhduongnutifood;Sữa Tươi Tươi Sạch NutiMilk - sữa tươi giàu đạm lên tới 3.5g/100ml. Duy nhất 1 nguồn từ trang trại NutiMilk Gia Lai. Bạn đã thử chưa? 😍 #NutiMilk #TrangtraiNutiMilk #SuaTuoiTuoiSach #Nutifood #GiaLai ;Sữa Tươi Tươi Sạch NutiMilk - sữa tươi giàu đạm lên tới 3.5g/100ml. Duy nhất 1 nguồn từ trang trại NutiMilk Gia Lai. Bạn đã thử chưa? 😍 #NutiMilk #TrangtraiNutiMilk #SuaTuoiTuoiSach #Nutifood #GiaLai;True;#NutiMilk, #TrangtraiNutiMilk, #SuaTuoiTuoiSach, #Nutifood, #GiaLai;5;;0;;0;74;0;12;4;23400;90;0.0038461538461538464;High;68;Long;2025-04-21 11:40:06+00:00;2025-04-21 18:40:06+07:00;2025-04-21;2025.0;4.0;18.0;Monday
7.494523615430315e+18;https://www.tiktok.com/@ngoinhadinhduongnutifood/video/7494523615430315272;ngoinhadinhduongnutifood;Lựa chọn ngay Sữa tươi tươi sạch với 3.5g đạm/100ml, một nguồn duy nhất từ Trang Trại NutiMilk Gia Lai, để cung cấp đầy đủ dưỡng chất và khỏe mạnh nhé cả nhà 🎉🎍✨️🥰;Lựa chọn ngay Sữa tươi tươi sạch với 3.5g đạm/100ml, một nguồn duy nhất từ Trang Trại NutiMilk Gia Lai, để cung cấp đầy đủ dưỡng chất và khỏe mạnh nhé cả nhà 🎉🎍✨️🥰;True;;0;;0;;0;27;2;5;1;15000;35;0.0023333333333333335;High;71;Long;2025-04-18 05:39:20+00:00;2025-04-18 12:39:20+07:00;2025-04-18;2025.0;4.0;12.0;Friday
7.488219311065075e+18;https://www.tiktok.com/@ngoinhadinhduongnutifood/video/7488219311065074950;ngoinhadinhduongnutifood;"👉 Lần đầu tiên sữa tươi mà lại có thạch dai giòn sần sật, hòa quyện vị đường đen cực cuốn, không khác gì trà sữa nhưng dinh dưỡng thì “dư thừa” nhờ thành phần sữa tươi chất lượng cao 3.5g đạm một nguồn duy nhất từ Trang trại bò sữa NutiMilk Gia Lai, bổ sung công thức dinh dưỡng NuVi Power được nghiên cứu và phát triển cùng Viện Nghiên Cứu Dinh Dưỡng Nutifood Thụy Điển hỗ trợ phát triển chiều cao và não bộ ✅ 
#NuViSuaNgonCoThach #nuvisuatuoicothach #nutifood #SănThẻĐổiQuà #SiêuQuàĐổBộ #NuVi #NuViPower ";👉 Lần đầu tiên sữa tươi mà lại có thạch dai giòn sần sật, hòa quyện vị đường đen cực cuốn, không khác gì trà sữa nhưng dinh dưỡng thì “dư thừa” nhờ thành phần sữa tươi chất lượng cao 3.5g đạm một nguồn duy nhất từ Trang trại bò sữa NutiMilk Gia Lai, bổ sung công thức dinh dưỡng NuVi Power được nghiên cứu và phát triển cùng Viện Nghiên Cứu Dinh Dưỡng Nutifood Thụy Điển hỗ trợ phát triển chiều cao và não bộ ✅ #NuViSuaNgonCoThach #nuvisuatuoicothach #nutifood #SănThẻĐổiQuà #SiêuQuàĐổBộ #NuVi #NuViPower;True;#NuViSuaNgonCoThach, #nuvisuatuoicothach, #nutifood, #SănThẻĐổiQuà, #SiêuQuàĐổBộ, #NuVi, #NuViPower;7;;0;;0;35;0;24;0;7327;59;0.008052408898594241;Medium;84;Long;2025-04-01 05:55:34+00:00;2025-04-01 12:55:34+07:00;2025-04-01;2025.0;4.0;12.0;Tuesday
7.487952416046878e+18;https://www.tiktok.com/@ngoinhadinhduongnutifood/video/7487952416046878007;ngoinhadinhduongnutifood;"Lựa chọn ngay Sữa Tươi Tươi Sạch với 3.5g đạm/100ml, một nguồn duy nhất từ Trang Trại NutiMilk Gia Lai, để cung cấp đầy đủ dưỡng chất và khỏe mạnh nhé cả nhà 🎍🎉
#SuaTuoiTuoiSach #TrangTraiNutiMilk #NutiMilk #nutifood ";Lựa chọn ngay Sữa Tươi Tươi Sạch với 3.5g đạm/100ml, một nguồn duy nhất từ Trang Trại NutiMilk Gia Lai, để cung cấp đầy đủ dưỡng chất và khỏe mạnh nhé cả nhà 🎍🎉 #SuaTuoiTuoiSach #TrangTraiNutiMilk #NutiMilk #nutifood;True;#SuaTuoiTuoiSach, #TrangTraiNutiMilk, #NutiMilk, #nutifood;4;;0;;0;78;5;8;6;44600;97;0.0021748878923766816;High;91;Long;2025-03-31 12:39:45+00:00;2025-03-31 19:39:45+07:00;2025-03-31;2025.0;3.0;19.0;Monday
7.487774139848068e+18;https://www.tiktok.com/@ngoinhadinhduongnutifood/video/7487774139848068357;ngoinhadinhduongnutifood;"Cuốn hơn và dinh dưỡng hơn cả trà sữa, lựa chọn ngay NuVi Sữa Tươi Có Thạch vị Đường đen.
#nuvisuatuoicothach #NuViPower #NuVi #NuViSuaNgonCoThach #SiêuQuàĐổBộ #SănThẻĐổiQuà ";Cuốn hơn và dinh dưỡng hơn cả trà sữa, lựa chọn ngay NuVi Sữa Tươi Có Thạch vị Đường đen. #nuvisuatuoicothach #NuViPower #NuVi #NuViSuaNgonCoThach #SiêuQuàĐổBộ #SănThẻĐổiQuà;True;#nuvisuatuoicothach, #NuViPower, #NuVi, #NuViSuaNgonCoThach, #SiêuQuàĐổBộ, #SănThẻĐổiQuà;6;;0;;0;56;0;14;5;17000;75;0.004411764705882353;High;63;Long;2025-03-31 01:07:58+00:00;2025-03-31 08:07:58+07:00;2025-03-31;2025.0;3.0;8.0;Monday
7.4853486579994e+18;https://www.tiktok.com/@ngoinhadinhduongnutifood/video/7485348657999400199;ngoinhadinhduongnutifood;"🐮 NutiMilk - Sữa Tươi Chất Lượng Cao với 3,5G ĐẠM/100ML sử dụng sữa tươi một nguồn duy nhất từ Trang Trại Bò Sữa NutiMilk Mang Yang - Gia Lai cho chất lượng sữa tươi đồng đều và xuất xứ nguồn gốc minh bạch.
#TrangTraiNutiMilk #SuaTuoiTuoiSach #NutiMilk #GiaLai ";🐮 NutiMilk - Sữa Tươi Chất Lượng Cao với 3,5G ĐẠM/100ML sử dụng sữa tươi một nguồn duy nhất từ Trang Trại Bò Sữa NutiMilk Mang Yang - Gia Lai cho chất lượng sữa tươi đồng đều và xuất xứ nguồn gốc minh bạch. #TrangTraiNutiMilk #SuaTuoiTuoiSach #NutiMilk #GiaLai;True;#TrangTraiNutiMilk, #SuaTuoiTuoiSach, #NutiMilk, #GiaLai;4;;0;;0;48;1;20;6;45000;75;0.0016666666666666668;High;38;Medium;2025-03-24 12:15:50+00:00;2025-03-24 19:15:50+07:00;2025-03-24;2025.0;3.0;19.0;Monday
7.4853451674954e+18;https://www.tiktok.com/@ngoinhadinhduongnutifood/video/7485345167495400712;ngoinhadinhduongnutifood;"✨️ Giúp bé tự giác uống sữa cùng NuVi Sữa Tươi có Thạch vị Đường Đen !!! 
✨️ Lần đầu tiên sữa tươi mà lại có thạch dai giòn sần sật, hòa quyện vị đường đen cực cuốn, không khác gì trà sữa nhưng dinh dưỡng thì “dư thừa” nhờ thành phần sữa tươi chất lượng cao 3.5g đạm một nguồn duy nhất từ Trang trại bò sữa NutiMilk Gia Lai, bổ sung công thức dinh dưỡng NuVi Power được nghiên cứu và phát triển cùng Viện Nghiên Cứu Dinh Dưỡng Nutifood Thụy Điển hỗ trợ phát triển chiều cao và não bộ ✅
#NuViSuaNgonCoThach #NuVi #NuViPower #NuViSănLinhThúMùa7 #Bao_bì_thực_tế_ảo_AR #nuvisuatuoicothach ";✨️ Giúp bé tự giác uống sữa cùng NuVi Sữa Tươi có Thạch vị Đường Đen !!! ✨️ Lần đầu tiên sữa tươi mà lại có thạch dai giòn sần sật, hòa quyện vị đường đen cực cuốn, không khác gì trà sữa nhưng dinh dưỡng thì “dư thừa” nhờ thành phần sữa tươi chất lượng cao 3.5g đạm một nguồn duy nhất từ Trang trại bò sữa NutiMilk Gia Lai, bổ sung công thức dinh dưỡng NuVi Power được nghiên cứu và phát triển cùng Viện Nghiên Cứu Dinh Dưỡng Nutifood Thụy Điển hỗ trợ phát triển chiều cao và não bộ ✅ #NuViSuaNgonCoThach #NuVi #NuViPower #NuViSănLinhThúMùa7 #Bao_bì_thực_tế_ảo_AR #nuvisuatuoicothach;True;#NuViSuaNgonCoThach, #NuVi, #NuViPower, #NuViSănLinhThúMùa7, #Bao_bì_thực_tế_ảo_AR, #nuvisuatuoicothach;6;;0;;0;22;1;10;3;9714;36;0.0037059913526868438;High;31;Medium;2025-03-24 12:02:16+00:00;2025-03-24 19:02:16+07:00;2025-03-24;2025.0;3.0;19.0;Monday
7.484234518585429e+18;https://www.tiktok.com/@ngoinhadinhduongnutifood/video/7484234518585429266;ngoinhadinhduongnutifood;"Sữa tươi tươi sạch 1 nguồn duy nhất từ trang trại NutiMilk Gia Lai, chất lượng cao với 3.5g đạm, mang đến  hương vị tuyệt vời từ trang trại đến nhà bạn.

#NutiMilk #SuaTuoiTuoiSach #TrangTraiNutiMilk #GiaLai";Sữa tươi tươi sạch 1 nguồn duy nhất từ trang trại NutiMilk Gia Lai, chất lượng cao với 3.5g đạm, mang đến hương vị tuyệt vời từ trang trại đến nhà bạn. #NutiMilk #SuaTuoiTuoiSach #TrangTraiNutiMilk #GiaLai;True;#NutiMilk, #SuaTuoiTuoiSach, #TrangTraiNutiMilk, #GiaLai;4;;0;;0;457;6;71;54;286700;588;0.002050924311126613;Very High;35;Medium;2025-03-21 12:12:24+00:00;2025-03-21 19:12:24+07:00;2025-03-21;2025.0;3.0;19.0;Friday
7.641570367361814e+18;https://www.tiktok.com/@asinakaykay76/video/7641570367361813781;asinakaykay76;#creatorsearchinsights this was  the meal I made and trust me it was so delicious 🤤 #fyp #food #cooking #foodie ;#creatorsearchinsights this was the meal I made and trust me it was so delicious 🤤 #fyp #food #cooking #foodie;True;#creatorsearchinsights, #fyp, #food, #cooking, #foodie;5;;0;;0;1377;223;189;93;96900;1882;0.019422084623323014;Very High;87;Long;2026-05-19 11:55:52+00:00;2026-05-19 18:55:52+07:00;2026-05-19;2026.0;5.0;18.0;Tuesday
7.448164299450617e+18;https://www.tiktok.com/@chi_thich_an_vat/video/7448164299450617095;chi_thich_an_vat;Sữa dinh dưỡng Nutifood #CôChithichanvat ;Sữa dinh dưỡng Nutifood #CôChithichanvat;True;#CôChithichanvat;1;;0;;0;239;28;19;27;56900;313;0.005500878734622144;High;56;Medium;2024-12-14 07:21:33+00:00;2024-12-14 14:21:33+07:00;2024-12-14;2024.0;12.0;14.0;Saturday
7.584071820379295e+18;https://www.tiktok.com/@greenhealthlife/video/7584071820379294990;greenhealthlife;tha food with the most protein #viralvideo #FoodFacts #Fitness #HealthTips #unitedstates #HealthyLifestyle ;tha food with the most protein #viralvideo #FoodFacts #Fitness #HealthTips #unitedstates #HealthyLifestyle;True;#viralvideo, #FoodFacts, #Fitness, #HealthTips, #unitedstates, #HealthyLifestyle;6;;0;;0;113;2;33;33;13000;181;0.013923076923076923;High;62;Long;2025-12-15 13:13:35+00:00;2025-12-15 20:13:35+07:00;2025-12-15;2025.0;12.0;20.0;Monday
7.643714573932957e+18;https://www.tiktok.com/@healthy.tips180/video/7643714573932956950;healthy.tips180;#healthyfact #healthyfood #viral_video #fyp ;#healthyfact #healthyfood #viral_video #fyp;True;#healthyfact, #healthyfood, #viral_video, #fyp;4;;0;;0;116;2;19;12;18200;149;0.008186813186813188;High;67;Long;2026-05-25 06:36:42+00:00;2026-05-25 13:36:42+07:00;2026-05-25;2026.0;5.0;13.0;Monday
7.64102263836574e+18;https://www.tiktok.com/@haniya7972/video/7641022638365740310;haniya7972;The food with the most protein ;The food with the most protein;True;;0;;0;;0;465;7;14;53;77300;539;0.006972833117723156;High;61;Long;2026-05-18 00:31:06+00:00;2026-05-18 07:31:06+07:00;2026-05-18;2026.0;5.0;7.0;Monday
7.615684219150405e+18;https://www.tiktok.com/@chrisferreiranutri/video/7615684219150404878;chrisferreiranutri;"Que te parecen estás 5 opciones de viandas bajas en calorías para tu semana, todos estos son ingredientes super sencillo de conseguir que no representa un costo elevado y que si te organizas los podes preparar en dos horas! Gracias @Los de ÑAM!  por la idea la verdad que super fácil de hacer‼️

#receta #nutricion #salud #nyc #fyp ";Que te parecen estás 5 opciones de viandas bajas en calorías para tu semana, todos estos son ingredientes super sencillo de conseguir que no representa un costo elevado y que si te organizas los podes preparar en dos horas! Gracias @Los de ÑAM! por la idea la verdad que super fácil de hacer‼️ #receta #nutricion #salud #nyc #fyp;True;#receta, #nutricion, #salud, #nyc, #fyp;5;@Los;1;;0;961100;9373;121400;257710;8800000;1349583;0.15336170454545456;Very High;63;Long;2026-03-10 17:45:11+00:00;2026-03-11 00:45:11+07:00;2026-03-11;2026.0;3.0;0.0;Wednesday
7.619463863280389e+18;https://www.tiktok.com/@jakecalorie/video/7619463863280389390;jakecalorie;The single most nutritious food in the world, source: vibes #lowcalorie #highprotein #eggs ;The single most nutritious food in the world, source: vibes #lowcalorie #highprotein #eggs;True;#lowcalorie, #highprotein, #eggs;3;;0;;0;2485;33;198;394;60900;3110;0.05106732348111658;High;11;Very short;2026-03-20 22:11:26+00:00;2026-03-21 05:11:26+07:00;2026-03-21;2026.0;3.0;5.0;Saturday
7.643516403298962e+18;https://www.tiktok.com/@projects137/video/7643516403298962702;projects137;The food whit most Protein is good at the time really and I think I have to get a new #viral #trend #trending #viralvideo ;The food whit most Protein is good at the time really and I think I have to get a new #viral #trend #trending #viralvideo;True;#viral, #trend, #trending, #viralvideo;4;;0;;0;9;1;1;0;744;11;0.01478494623655914;Low;63;Long;2026-05-24 17:47:50+00:00;2026-05-25 00:47:50+07:00;2026-05-25;2026.0;5.0;0.0;Monday
7.484230399254711e+18;https://www.tiktok.com/@ngoinhadinhduongnutifood/video/7484230399254711570;ngoinhadinhduongnutifood;"Chuẩn bị đón hè cùng Thức uống Sữa tươi NuVi có Thạch vị Đường đen. Thạch dai dòn ngon ngọt hòa quyện cùng Sữa tươi 1 nguồn từ Trang trại NutiMilk. Thưởng thức ngayy các bé ơii. 
#NuViPower #nuvisuatuoicothach #NuVi #NuViSuaNgonCoThach #NuViSănLinhThúMùa7 ";Chuẩn bị đón hè cùng Thức uống Sữa tươi NuVi có Thạch vị Đường đen. Thạch dai dòn ngon ngọt hòa quyện cùng Sữa tươi 1 nguồn từ Trang trại NutiMilk. Thưởng thức ngayy các bé ơii. #NuViPower #nuvisuatuoicothach #NuVi #NuViSuaNgonCoThach #NuViSănLinhThúMùa7;True;#NuViPower, #nuvisuatuoicothach, #NuVi, #NuViSuaNgonCoThach, #NuViSănLinhThúMùa7;5;;0;;0;139;2;30;14;55200;185;0.0033514492753623187;High;37;Medium;2025-03-21 11:56:28+00:00;2025-03-21 18:56:28+07:00;2025-03-21;2025.0;3.0;18.0;Friday
7.483009362227629e+18;https://www.tiktok.com/@ngoinhadinhduongnutifood/video/7483009362227629330;ngoinhadinhduongnutifood;"Lựa chọn ngay Thức Uống Sữa tươi NuVi có Thạch vị Đường đen, để trải nghiệm sự dai dòn của thạch hòa quyện cùng sữa tươi một nguồn từ trang trại NutiMilk Mang Yang Gia Lai.

#NuViSuaNgonCoThach #NuVi #nuvisuatuoicothach #NuViPower ";Lựa chọn ngay Thức Uống Sữa tươi NuVi có Thạch vị Đường đen, để trải nghiệm sự dai dòn của thạch hòa quyện cùng sữa tươi một nguồn từ trang trại NutiMilk Mang Yang Gia Lai. #NuViSuaNgonCoThach #NuVi #nuvisuatuoicothach #NuViPower;True;#NuViSuaNgonCoThach, #NuVi, #nuvisuatuoicothach, #NuViPower;4;;0;;0;21;0;12;1;6407;34;0.005306695801467145;Medium;39;Medium;2025-03-18 04:58:14+00:00;2025-03-18 11:58:14+07:00;2025-03-18;2025.0;3.0;11.0;Tuesday
7.477155719901433e+18;https://www.tiktok.com/@ngoinhadinhduongnutifood/video/7477155719901433106;ngoinhadinhduongnutifood;"🔥🌀 SIÊU BÃO SĂN LINH THÚ ĐỔI SIÊU QUÀ MÙA 7 ĐÃ ĐỔ BỘ! 🌀🔥

Mẹ và bé đã sẵn sàng chưa? Một bí mật TO LỚN đang chờ bé khám phá…

🦁🐰🐯 Những Linh Thú mạnh mẽ nhất đã xuất hiện – và chỉ những thợ săn dũng cảm mới có thể thu phục chúng! Mẹ đã sẵn sàng cùng bé tham gia cuộc săn kỳ bí này chưa? 😱✨

💥 CÁCH THAM GIA RẤT ĐƠN GIẢN:
🥤Uống sữa NuVi, săn thẻ để đổi ngay những phần quà cực giới hạn!

12 THẺ ĐỔI QUÀ
🎁 Nhận ngay TÚI BÍ MẬT NUVI – mở ra huy hiệu LINH THÚ CỰC HIẾM! 🤩 Liệu bé có trở thành người đầu tiên sở hữu?!?

24 THẺ ĐỔI QUÀ
🎁 Đổi ngay HỘP BÚT 3D SIÊU CẤP – bé có thể tự trang trí theo cá tính riêng!

36 THẺ ĐỔI QUÀ
🎁 Sở hữu ngay MÁY GAME 400+, giúp bé rèn phản xạ, khám phá thế giới game đầy hấp dẫn! 🎮

40 THẺ ĐỔI QUÀ
🎁 BALO THỦ LĨNH SÁNG TẠO – chứa năng lượng linh thú bí ẩn, giúp bé trở thành thủ lĩnh thực thụ! 🎒⚡

🔥 CUỘC SĂN ĐÃ CHÍNH THỨC BẮT ĐẦU! 🔥 Mẹ ơi, hãy nhanh tay nạp ngay sữa NuVi để bé có cơ hội thu phục Linh Thú và mở kho báu bí ẩn nhé!

⏳ Chương trình diễn ra: Từ 01/03/2025 - 31/05/2025 – Số lượng quà có hạn, cùng theo dõi NuVi World và chờ đón xem siêu quà nào sẽ đổ bộ mùa này nhé!!! 🚀💙💛

#NuViSănLinhThúMùa7 #SănThẻĐổiQuà #TúiBíMật #HuyHiệuLinhThúHiếm #SiêuQuàĐổBộ #nuvisuatuoicothach #NuVi #NuViSuaNgonCoThach ";🔥🌀 SIÊU BÃO SĂN LINH THÚ ĐỔI SIÊU QUÀ MÙA 7 ĐÃ ĐỔ BỘ! 🌀🔥 Mẹ và bé đã sẵn sàng chưa? Một bí mật TO LỚN đang chờ bé khám phá… 🦁🐰🐯 Những Linh Thú mạnh mẽ nhất đã xuất hiện – và chỉ những thợ săn dũng cảm mới có thể thu phục chúng! Mẹ đã sẵn sàng cùng bé tham gia cuộc săn kỳ bí này chưa? 😱✨ 💥 CÁCH THAM GIA RẤT ĐƠN GIẢN: 🥤Uống sữa NuVi, săn thẻ để đổi ngay những phần quà cực giới hạn! 12 THẺ ĐỔI QUÀ 🎁 Nhận ngay TÚI BÍ MẬT NUVI – mở ra huy hiệu LINH THÚ CỰC HIẾM! 🤩 Liệu bé có trở thành người đầu tiên sở hữu?!? 24 THẺ ĐỔI QUÀ 🎁 Đổi ngay HỘP BÚT 3D SIÊU CẤP – bé có thể tự trang trí theo cá tính riêng! 36 THẺ ĐỔI QUÀ 🎁 Sở hữu ngay MÁY GAME 400+, giúp bé rèn phản xạ, khám phá thế giới game đầy hấp dẫn! 🎮 40 THẺ ĐỔI QUÀ 🎁 BALO THỦ LĨNH SÁNG TẠO – chứa năng lượng linh thú bí ẩn, giúp bé trở thành thủ lĩnh thực thụ! 🎒⚡ 🔥 CUỘC SĂN ĐÃ CHÍNH THỨC BẮT ĐẦU! 🔥 Mẹ ơi, hãy nhanh tay nạp ngay sữa NuVi để bé có cơ hội thu phục Linh Thú và mở kho báu bí ẩn nhé! ⏳ Chương trình diễn ra: Từ 01/03/2025 - 31/05/2025 – Số lượng quà có hạn, cùng theo dõi NuVi World và chờ đón xem siêu quà nào sẽ đổ bộ mùa này nhé!!! 🚀💙💛 #NuViSănLinhThúMùa7 #SănThẻĐổiQuà #TúiBíMật #HuyHiệuLinhThúHiếm #SiêuQuàĐổBộ #nuvisuatuoicothach #NuVi #NuViSuaNgonCoThach;True;#NuViSănLinhThúMùa7, #SănThẻĐổiQuà, #TúiBíMật, #HuyHiệuLinhThúHiếm, #SiêuQuàĐổBộ, #nuvisuatuoicothach, #NuVi, #NuViSuaNgonCoThach;8;;0;;0;56;0;8;4;10000;68;0.0068;High;30;Short;2025-03-02 10:23:04+00:00;2025-03-02 17:23:04+07:00;2025-03-02;2025.0;3.0;17.0;Sunday
7.472246979410628e+18;https://www.tiktok.com/@ngoinhadinhduongnutifood/video/7472246979410627847;ngoinhadinhduongnutifood;"Đi chợ mà gặp nhiều kiếp nạn quá các mom 🍇🌿🍓
#NuViSữaTươiTráiCây #NuViPower #Bao_bì_thực_tế_ảo_AR ";Đi chợ mà gặp nhiều kiếp nạn quá các mom 🍇🌿🍓 #NuViSữaTươiTráiCây #NuViPower #Bao_bì_thực_tế_ảo_AR;True;#NuViSữaTươiTráiCây, #NuViPower, #Bao_bì_thực_tế_ảo_AR;3;;0;;0;27;0;2;2;4637;31;0.00668535691179642;Medium;120;Long;2025-02-17 04:54:40+00:00;2025-02-17 11:54:40+07:00;2025-02-17;2025.0;2.0;11.0;Monday
7.472245244952694e+18;https://www.tiktok.com/@ngoinhadinhduongnutifood/video/7472245244952694023;ngoinhadinhduongnutifood;"Cùng xem bí kíp giúp các mom tự tin đi khoe con với hàng xóm nhé !!! 🍓🌿🍇❤️
#NuViSữaTươiTráiCây #NuViPower #Bao_bì_thực_tế_ảo_AR ";Cùng xem bí kíp giúp các mom tự tin đi khoe con với hàng xóm nhé !!! 🍓🌿🍇❤️ #NuViSữaTươiTráiCây #NuViPower #Bao_bì_thực_tế_ảo_AR;True;#NuViSữaTươiTráiCây, #NuViPower, #Bao_bì_thực_tế_ảo_AR;3;;0;;0;8;0;0;2;849;10;0.011778563015312132;Low;140;Long;2025-02-17 04:47:56+00:00;2025-02-17 11:47:56+07:00;2025-02-17;2025.0;2.0;11.0;Monday
7.461950652487355e+18;https://www.tiktok.com/@ngoinhadinhduongnutifood/video/7461950652487355655;ngoinhadinhduongnutifood;"Thầy Chủ nhiệm @ISAAC chấp niệm với ống hút siêu to của NuVi Thức Uống Sữa Tươi Có Thạch Vị Đường Đen dzữ chưa kìa 😂
#NuVi #NuViWorld #NuViSuaTuoiCoThach #NuViDuongDen #ChanAiLaDay #LophocNuVi";Thầy Chủ nhiệm @ISAAC chấp niệm với ống hút siêu to của NuVi Thức Uống Sữa Tươi Có Thạch Vị Đường Đen dzữ chưa kìa 😂 #NuVi #NuViWorld #NuViSuaTuoiCoThach #NuViDuongDen #ChanAiLaDay #LophocNuVi;True;#NuVi, #NuViWorld, #NuViSuaTuoiCoThach, #NuViDuongDen, #ChanAiLaDay, #LophocNuVi;6;@ISAAC;1;;0;35;0;3;6;10000;44;0.0044;High;50;Medium;2025-01-20 10:59:38+00:00;2025-01-20 17:59:38+07:00;2025-01-20;2025.0;1.0;17.0;Monday
7.461950021164879e+18;https://www.tiktok.com/@ngoinhadinhduongnutifood/video/7461950021164879112;ngoinhadinhduongnutifood;"Một khi Thầy Chủ nhiệm @ISAAC đã nói thì chỉ có chuẩn phải không ạ 🫶🏻 Đến giờ này ai chưa một lần uống thử hộp sữa NuVi Thầy Isaac cầm trên tay thì xứng đáng bị ghi sổ đầu bài 😉 
#NuVi #NuViWorld #NuViSuaTuoiCoThach #NuViDuongDen #ChanAiLaDay #LophocNuVi";Một khi Thầy Chủ nhiệm @ISAAC đã nói thì chỉ có chuẩn phải không ạ 🫶🏻 Đến giờ này ai chưa một lần uống thử hộp sữa NuVi Thầy Isaac cầm trên tay thì xứng đáng bị ghi sổ đầu bài 😉 #NuVi #NuViWorld #NuViSuaTuoiCoThach #NuViDuongDen #ChanAiLaDay #LophocNuVi;True;#NuVi, #NuViWorld, #NuViSuaTuoiCoThach, #NuViDuongDen, #ChanAiLaDay, #LophocNuVi;6;@ISAAC;1;;0;1721;1;82;141;665100;1945;0.002924372274845888;Very High;39;Medium;2025-01-20 10:57:12+00:00;2025-01-20 17:57:12+07:00;2025-01-20;2025.0;1.0;17.0;Monday
7.461949490639932e+18;https://www.tiktok.com/@ngoinhadinhduongnutifood/video/7461949490639932679;ngoinhadinhduongnutifood;"Hộp sữa NuVi này có gì mà Thầy Giám thị @Võ Tấn Phát êêê vữ vị? Khám phá và mua ngay ở giỏ hàng nha mọi người ơi 💯
#NuVi #NuViWorld #NuViSuaTuoiCoThach #NuViDuongDen #ChanAiLaDay #LophocNuVi";Hộp sữa NuVi này có gì mà Thầy Giám thị @Võ Tấn Phát êêê vữ vị? Khám phá và mua ngay ở giỏ hàng nha mọi người ơi 💯 #NuVi #NuViWorld #NuViSuaTuoiCoThach #NuViDuongDen #ChanAiLaDay #LophocNuVi;True;#NuVi, #NuViWorld, #NuViSuaTuoiCoThach, #NuViDuongDen, #ChanAiLaDay, #LophocNuVi;6;@Võ;1;;0;71;0;5;8;33500;84;0.002507462686567164;High;41;Medium;2025-01-20 10:55:07+00:00;2025-01-20 17:55:07+07:00;2025-01-20;2025.0;1.0;17.0;Monday
7.461658886378999e+18;https://www.tiktok.com/@ngoinhadinhduongnutifood/video/7461658886378999048;ngoinhadinhduongnutifood;"Cùng diễn viên Vân Trang tìm hiểu xem sữa NuVi có gì mà các bé say mê đến vậy nhé các mom ơi !!! 🍇🍓🌿🫐🧡
#NuViSữaTươiTráiCây #NuViPower #Bao_bì_thực_tế_ảo_AR ";Cùng diễn viên Vân Trang tìm hiểu xem sữa NuVi có gì mà các bé say mê đến vậy nhé các mom ơi !!! 🍇🍓🌿🫐🧡 #NuViSữaTươiTráiCây #NuViPower #Bao_bì_thực_tế_ảo_AR;True;#NuViSữaTươiTráiCây, #NuViPower, #Bao_bì_thực_tế_ảo_AR;3;;0;;0;101;0;3;5;14400;109;0.007569444444444445;High;173;Long;2025-01-19 16:07:27+00:00;2025-01-19 23:07:27+07:00;2025-01-19;2025.0;1.0;23.0;Sunday
7.460466262125088e+18;https://www.tiktok.com/@ngoinhadinhduongnutifood/video/7460466262125088018;ngoinhadinhduongnutifood;"Chờ xíu... mom Chúng Huyền Thanh có gì hay muốn chia sẻ với cả nhà nè !!!
#NuViSữaTươiTráiCây #NuViPower #Bao_bì_thực_tế_ảo_AR ";Chờ xíu... mom Chúng Huyền Thanh có gì hay muốn chia sẻ với cả nhà nè !!! #NuViSữaTươiTráiCây #NuViPower #Bao_bì_thực_tế_ảo_AR;True;#NuViSữaTươiTráiCây, #NuViPower, #Bao_bì_thực_tế_ảo_AR;3;;0;;0;29;1;6;6;25000;42;0.00168;High;141;Long;2025-01-16 10:59:26+00:00;2025-01-16 17:59:26+07:00;2025-01-16;2025.0;1.0;17.0;Thursday
7.460454361030856e+18;https://www.tiktok.com/@ngoinhadinhduongnutifood/video/7460454361030855944;ngoinhadinhduongnutifood;"Các Mom ơi, cùng mẹ Khánh Thi lựa chọn bí quyết để giúp bé luôn thông minh và tràn trề năng lượng nhé !! 
#NuViSữaTươiTráiCây #NuViPower #Bao_bì_thực_tế_ảo_AR ";Các Mom ơi, cùng mẹ Khánh Thi lựa chọn bí quyết để giúp bé luôn thông minh và tràn trề năng lượng nhé !! #NuViSữaTươiTráiCây #NuViPower #Bao_bì_thực_tế_ảo_AR;True;#NuViSữaTươiTráiCây, #NuViPower, #Bao_bì_thực_tế_ảo_AR;3;;0;;0;105;0;4;6;29700;115;0.003872053872053872;High;96;Long;2025-01-16 10:13:15+00:00;2025-01-16 17:13:15+07:00;2025-01-16;2025.0;1.0;17.0;Thursday
7.460041648932916e+18;https://www.tiktok.com/@ngoinhadinhduongnutifood/video/7460041648932916498;ngoinhadinhduongnutifood;"Cùng mẹ Phương Min tiết lộ bí quyết giúp bé nhớ lâu nào các Mom ơi!! 
#NuViSữaTươiTráiCây #NuViPower #Bao_bì_thực_tế_ảo_AR ";Cùng mẹ Phương Min tiết lộ bí quyết giúp bé nhớ lâu nào các Mom ơi!! #NuViSữaTươiTráiCây #NuViPower #Bao_bì_thực_tế_ảo_AR;True;#NuViSữaTươiTráiCây, #NuViPower, #Bao_bì_thực_tế_ảo_AR;3;;0;;0;10;0;1;2;5391;13;0.0024114264514932295;Medium;163;Long;2025-01-15 07:31:45+00:00;2025-01-15 14:31:45+07:00;2025-01-15;2025.0;1.0;14.0;Wednesday
7.459721157089021e+18;https://www.tiktok.com/@ngoinhadinhduongnutifood/video/7459721157089021202;ngoinhadinhduongnutifood;"Xem ngay BTV Quang Minh mang đến thông tin gì hot cho bố mẹ và bé đây !!!
#NuViSữaTươiTráiCây #NuViPower #Bao_bì_thực_tế_ảo_AR ";Xem ngay BTV Quang Minh mang đến thông tin gì hot cho bố mẹ và bé đây !!! #NuViSữaTươiTráiCây #NuViPower #Bao_bì_thực_tế_ảo_AR;True;#NuViSữaTươiTráiCây, #NuViPower, #Bao_bì_thực_tế_ảo_AR;3;;0;;0;19;0;1;2;4792;22;0.004590984974958264;Medium;131;Long;2025-01-14 10:48:04+00:00;2025-01-14 17:48:04+07:00;2025-01-14;2025.0;1.0;17.0;Tuesday
7.453094631840943e+18;https://www.tiktok.com/@ngoinhadinhduongnutifood/video/7453094631840943368;ngoinhadinhduongnutifood;"Cùng các Hot Tiktoker đột nhập trang trại NutiMilk Gia Lai, và tìm hiểu về dòng sản phẩm Sữa tươi tươi sạch NutiMilk siêu chất lượng đến từ gia đình Nutifood nào 
#NutiMilk #SữaTươiTươiSạch ";Cùng các Hot Tiktoker đột nhập trang trại NutiMilk Gia Lai, và tìm hiểu về dòng sản phẩm Sữa tươi tươi sạch NutiMilk siêu chất lượng đến từ gia đình Nutifood nào #NutiMilk #SữaTươiTươiSạch;True;#NutiMilk, #SữaTươiTươiSạch;2;;0;;0;83;0;23;10;28000;116;0.004142857142857143;High;61;Long;2024-12-27 14:13:44+00:00;2024-12-27 21:13:44+07:00;2024-12-27;2024.0;12.0;21.0;Friday
7.446754242561347e+18;https://www.tiktok.com/@ngoinhadinhduongnutifood/video/7446754242561346834;ngoinhadinhduongnutifood;"Mê cái cách hai Thầy giáo ""say hi"" @Võ Tấn Phát và @ĐỖ PHÚ QUÍ thừa nhận NuVi Thức Uống Sữa Tươi Có Thạch Vị Đường Đen là “chân ái” 😍 
#nuvi #nuviworld #nuvisữatươicóthạchvịđườngđen #chânáilàđây #lớphọcnuvi #votanphat #dophuqui #thaygiaosayhi";"Mê cái cách hai Thầy giáo ""say hi"" @Võ Tấn Phát và @ĐỖ PHÚ QUÍ thừa nhận NuVi Thức Uống Sữa Tươi Có Thạch Vị Đường Đen là “chân ái” 😍 #nuvi #nuviworld #nuvisữatươicóthạchvịđườngđen #chânáilàđây #lớphọcnuvi #votanphat #dophuqui #thaygiaosayhi";True;#nuvi, #nuviworld, #nuvisữatươicóthạchvịđườngđen, #chânáilàđây, #lớphọcnuvi, #votanphat, #dophuqui, #thaygiaosayhi;8;@Võ, @ĐỖ;2;;0;87;0;3;8;13000;98;0.007538461538461538;High;21;Short;2024-12-10 12:09:46+00:00;2024-12-10 19:09:46+07:00;2024-12-10;2024.0;12.0;19.0;Tuesday
7.446751032031383e+18;https://www.tiktok.com/@ngoinhadinhduongnutifood/video/7446751032031382802;ngoinhadinhduongnutifood;"Bộ đôi Thầy giáo ""say hi"" Phát Tài review NuVi Thức Uống Sữa Tươi Có Thạch Vị Đường Đen cỡ này thì học trò sẽ mua uống cỡ nào nữa 😍
#nuvi #nuviworld #nuvisữatươicóthạchvịđườngđen #chânáilàđây #lớphọcnuvi #votanphat #isaac #thaygiaosayhi";"Bộ đôi Thầy giáo ""say hi"" Phát Tài review NuVi Thức Uống Sữa Tươi Có Thạch Vị Đường Đen cỡ này thì học trò sẽ mua uống cỡ nào nữa 😍 #nuvi #nuviworld #nuvisữatươicóthạchvịđườngđen #chânáilàđây #lớphọcnuvi #votanphat #isaac #thaygiaosayhi";True;#nuvi, #nuviworld, #nuvisữatươicóthạchvịđườngđen, #chânáilàđây, #lớphọcnuvi, #votanphat, #isaac, #thaygiaosayhi;8;;0;;0;195;0;4;10;31500;209;0.006634920634920635;High;21;Short;2024-12-10 11:57:18+00:00;2024-12-10 18:57:18+07:00;2024-12-10;2024.0;12.0;18.0;Tuesday
7.446744819034115e+18;https://www.tiktok.com/@ngoinhadinhduongnutifood/video/7446744819034115346;ngoinhadinhduongnutifood;"SỮA TƯƠI CHẤT LƯỢNG CAO 🥛
TẠO CHẤT LƯỢNG KHÁC BIỆT VỚI 3,5G ĐẠM/100ML 

🎉🔥 Đăng ký ngay Sự kiện live vào 10h sáng ngày 12/12 để Săn Deal Sữa Xịn cùng hàng ngàn phần quà hấp dẫn nào !!!";SỮA TƯƠI CHẤT LƯỢNG CAO 🥛 TẠO CHẤT LƯỢNG KHÁC BIỆT VỚI 3,5G ĐẠM/100ML 🎉🔥 Đăng ký ngay Sự kiện live vào 10h sáng ngày 12/12 để Săn Deal Sữa Xịn cùng hàng ngàn phần quà hấp dẫn nào !!!;True;;0;;0;;0;1401;0;52;107;231100;1560;0.006750324534833405;Very High;102;Long;2024-12-10 11:33:14+00:00;2024-12-10 18:33:14+07:00;2024-12-10;2024.0;12.0;18.0;Tuesday
7.446670011105545e+18;https://www.tiktok.com/@ngoinhadinhduongnutifood/video/7446670011105545490;ngoinhadinhduongnutifood;"Giúp bé đu trend pickleball dễ dàng cùng ""bí kíp"" này, các mom đã chuẩn bị chưa nào 🌿🍓✅️🍇
#NuViPower  #NuViSữaTươiTráiCây ";"Giúp bé đu trend pickleball dễ dàng cùng ""bí kíp"" này, các mom đã chuẩn bị chưa nào 🌿🍓✅️🍇 #NuViPower #NuViSữaTươiTráiCây";True;#NuViPower, #NuViSữaTươiTráiCây;2;;0;;0;62;0;2;3;5050;67;0.013267326732673267;Medium;100;Long;2024-12-10 06:42:56+00:00;2024-12-10 13:42:56+07:00;2024-12-10;2024.0;12.0;13.0;Tuesday
7.446667222178713e+18;https://www.tiktok.com/@ngoinhadinhduongnutifood/video/7446667222178712839;ngoinhadinhduongnutifood;"Các Mom tham khảo bí kíp giúp con cao lớn cùng Lan Phương nhé 🍓🌿✅️💛
#NuViPower #NuViSữaTươiTráiCây ";Các Mom tham khảo bí kíp giúp con cao lớn cùng Lan Phương nhé 🍓🌿✅️💛 #NuViPower #NuViSữaTươiTráiCây;True;#NuViPower, #NuViSữaTươiTráiCây;2;;0;;0;288;2;6;15;76100;311;0.004086727989487516;High;192;Very long;2024-12-10 06:32:07+00:00;2024-12-10 13:32:07+07:00;2024-12-10;2024.0;12.0;13.0;Tuesday
7.445582361967971e+18;https://www.tiktok.com/@ngoinhadinhduongnutifood/video/7445582361967971592;ngoinhadinhduongnutifood;NuVi Thức Uống Sữa Tươi Lên Men hoàn toàn mới. Tiêu hóa khỏe - Tăng Cường Lợi Khuẩn - Gia tăng Đề kháng. Mau chóng lựa chọn ngay cho bé nhà mình nào các ba mẹ ơi !!! ✅️🌿🍓#NuViSữaTươiLênMen #NuViPower #NuVi ;NuVi Thức Uống Sữa Tươi Lên Men hoàn toàn mới. Tiêu hóa khỏe - Tăng Cường Lợi Khuẩn - Gia tăng Đề kháng. Mau chóng lựa chọn ngay cho bé nhà mình nào các ba mẹ ơi !!! ✅️🌿🍓#NuViSữaTươiLênMen #NuViPower #NuVi;True;#NuViSữaTươiLênMen, #NuViPower, #NuVi;3;;0;;0;69;1;4;5;16200;79;0.004876543209876543;High;140;Long;2024-12-07 08:22:17+00:00;2024-12-07 15:22:17+07:00;2024-12-07;2024.0;12.0;15.0;Saturday
7.445268508566359e+18;https://www.tiktok.com/@ngoinhadinhduongnutifood/video/7445268508566359314;ngoinhadinhduongnutifood;"Lựa chọn ngay trợ thủ đắc lực cho sự phát triển của bé nào các mẹ ơi 🍇🍓🧡🌿🫐
#NuViPower  #NuViSữaTươiTráiCây ";Lựa chọn ngay trợ thủ đắc lực cho sự phát triển của bé nào các mẹ ơi 🍇🍓🧡🌿🫐 #NuViPower #NuViSữaTươiTráiCây;True;#NuViPower, #NuViSữaTươiTráiCây;2;;0;;0;48;0;3;7;5615;58;0.010329474621549421;Medium;226;Very long;2024-12-06 12:04:22+00:00;2024-12-06 19:04:22+07:00;2024-12-06;2024.0;12.0;19.0;Friday
7.444417804901584e+18;https://www.tiktok.com/@ngoinhadinhduongnutifood/video/7444417804901584136;ngoinhadinhduongnutifood;"Sữa ngon còn cung cấp đầy dưỡng chất, các bố mẹ mau chóng trang bị ngay cho bé nào ✅️🍓🍇🧡🌿
#NuViPower  #NuViSữaTươiTráiCây ";Sữa ngon còn cung cấp đầy dưỡng chất, các bố mẹ mau chóng trang bị ngay cho bé nào ✅️🍓🍇🧡🌿 #NuViPower #NuViSữaTươiTráiCây;True;#NuViPower, #NuViSữaTươiTráiCây;2;;0;;0;54;1;1;4;18300;60;0.003278688524590164;High;102;Long;2024-12-04 05:03:12+00:00;2024-12-04 12:03:12+07:00;2024-12-04;2024.0;12.0;12.0;Wednesday
7.444074974333128e+18;https://www.tiktok.com/@ngoinhadinhduongnutifood/video/7444074974333127954;ngoinhadinhduongnutifood;"Bảo bối giúp các mẹ luôn cung cấp đủ dưỡng chất cho con 🍓🍇🌿
#NuViPower  #NuViSữaTươiTráiCây ";Bảo bối giúp các mẹ luôn cung cấp đủ dưỡng chất cho con 🍓🍇🌿 #NuViPower #NuViSữaTươiTráiCây;True;#NuViPower, #NuViSữaTươiTráiCây;2;;0;;0;53;0;5;3;10300;61;0.005922330097087379;High;137;Long;2024-12-03 06:52:52+00:00;2024-12-03 13:52:52+07:00;2024-12-03;2024.0;12.0;13.0;Tuesday
7.443701322223832e+18;https://www.tiktok.com/@ngoinhadinhduongnutifood/video/7443701322223832338;ngoinhadinhduongnutifood;"Thiếu món này là các bé đi học hông có vui nha các mẹ ơi 🥰🍓🍇🧡
#NuViPower  #NuViSữaTươiTráiCây ";Thiếu món này là các bé đi học hông có vui nha các mẹ ơi 🥰🍓🍇🧡 #NuViPower #NuViSữaTươiTráiCây;True;#NuViPower, #NuViSữaTươiTráiCây;2;;0;;0;54;0;9;2;15400;65;0.0042207792207792205;High;87;Long;2024-12-02 06:42:55+00:00;2024-12-02 13:42:55+07:00;2024-12-02;2024.0;12.0;13.0;Monday
7.443090612859112e+18;https://www.tiktok.com/@ngoinhadinhduongnutifood/video/7443090612859112711;ngoinhadinhduongnutifood;"Chuẩn tiêu hoá khỏe, đề kháng tốt 💯
Cùng bé khỏe mạnh với sản phẩm Sữa tươi lên men NuVi đầy dưỡng chất đến từ nhà Nutifood 🍓🌿";Chuẩn tiêu hoá khỏe, đề kháng tốt 💯 Cùng bé khỏe mạnh với sản phẩm Sữa tươi lên men NuVi đầy dưỡng chất đến từ nhà Nutifood 🍓🌿;True;;0;;0;;0;516;0;19;31;144000;566;0.003930555555555555;Very High;80;Long;2024-11-30 15:13:01+00:00;2024-11-30 22:13:01+07:00;2024-11-30;2024.0;11.0;22.0;Saturday
7.442508855520562e+18;https://www.tiktok.com/@ngoinhadinhduongnutifood/video/7442508855520562450;ngoinhadinhduongnutifood;"UỐNG MỘT NGỤM SỮA, TRẢ MỘT TRÀN CONTENT 😍
 
Với sở trường ăn nói của mình, Thầy Giám Thị Võ Tấn Phát và Thầy Ngữ Văn Đỗ Phú Quí đã thị phạm cách giao tiếp cực mượt như hương vị của NuVi Thức Uống Sữa Tươi Có Thạch Vị Đường Đen 😋
 
👉 Không những ngon mà còn dinh dưỡng, các bạn nhớ thêm NuVi Thức Uống Sữa Tươi Có Thạch Vị Đường Đen vào thực đơn hằng ngày giống các Thầy giáo ""Say Hi"" bằng cách mua ngay tại giỏ hàng nhé!
 
NuVi Thức Uống Sữa Tươi Có Thạch Vị Đường Đen Cực Cuốn!
#NuVi  #NuViWorld  #MegaLive  #LớpHọcNuVi  #NuViSuaTuoiCoThach  #NuViDuongDen  #ChanAiLaDay";"UỐNG MỘT NGỤM SỮA, TRẢ MỘT TRÀN CONTENT 😍 Với sở trường ăn nói của mình, Thầy Giám Thị Võ Tấn Phát và Thầy Ngữ Văn Đỗ Phú Quí đã thị phạm cách giao tiếp cực mượt như hương vị của NuVi Thức Uống Sữa Tươi Có Thạch Vị Đường Đen 😋 👉 Không những ngon mà còn dinh dưỡng, các bạn nhớ thêm NuVi Thức Uống Sữa Tươi Có Thạch Vị Đường Đen vào thực đơn hằng ngày giống các Thầy giáo ""Say Hi"" bằng cách mua ngay tại giỏ hàng nhé! NuVi Thức Uống Sữa Tươi Có Thạch Vị Đường Đen Cực Cuốn! #NuVi #NuViWorld #MegaLive #LớpHọcNuVi #NuViSuaTuoiCoThach #NuViDuongDen #ChanAiLaDay";True;#NuVi, #NuViWorld, #MegaLive, #LớpHọcNuVi, #NuViSuaTuoiCoThach, #NuViDuongDen, #ChanAiLaDay;7;;0;;0;1565;1;64;84;208400;1714;0.008224568138195778;Very High;100;Long;2024-11-29 01:35:33+00:00;2024-11-29 08:35:33+07:00;2024-11-29;2024.0;11.0;8.0;Friday
7.442259947330473e+18;https://www.tiktok.com/@ngoinhadinhduongnutifood/video/7442259947330473234;ngoinhadinhduongnutifood;"Cùng giúp con em mình cao lớn hơn nào các mom ơi #NuViPower #NuVi 
#NuViSữaTươiTráiCây ";Cùng giúp con em mình cao lớn hơn nào các mom ơi #NuViPower #NuVi #NuViSữaTươiTráiCây;True;#NuViPower, #NuVi, #NuViSữaTươiTráiCây;3;;0;;0;163;0;3;11;63000;177;0.0028095238095238095;High;83;Long;2024-11-28 09:29:37+00:00;2024-11-28 16:29:37+07:00;2024-11-28;2024.0;11.0;16.0;Thursday
7.442204740508716e+18;https://www.tiktok.com/@ngoinhadinhduongnutifood/video/7442204740508716306;ngoinhadinhduongnutifood;"NUVI NGON KHÔNG NÓI NÊN LỜI 😋
 
Không chỉ dùng những từ ngữ tốt đẹp nhất cho NuVi 😍 các Thầy giáo ""say hi"" đã tăng độ khó cho game này bằng cách dùng hành động để miêu tả cảm xúc của mình⚡ 

Còn các trò? Nếu có ai tò mò NuVi Thức Uống Sữa Tươi Có Thạch Vị Đường Đen ngon cỡ nào thì nhớ nhanh tay mua ngay tại giỏ hàng nha 🛒
 
NuVi Thức Uống Sữa Tươi Có Thạch Vị Đường Đen Cực Cuốn!

#NuVi #NuViWorld  #MegaLive #LớpHọcNuVi #NuViSuaTuoiCoThach #NuViDuongDen #ChanAiLaDay ";"NUVI NGON KHÔNG NÓI NÊN LỜI 😋 Không chỉ dùng những từ ngữ tốt đẹp nhất cho NuVi 😍 các Thầy giáo ""say hi"" đã tăng độ khó cho game này bằng cách dùng hành động để miêu tả cảm xúc của mình⚡ Còn các trò? Nếu có ai tò mò NuVi Thức Uống Sữa Tươi Có Thạch Vị Đường Đen ngon cỡ nào thì nhớ nhanh tay mua ngay tại giỏ hàng nha 🛒 NuVi Thức Uống Sữa Tươi Có Thạch Vị Đường Đen Cực Cuốn! #NuVi #NuViWorld #MegaLive #LớpHọcNuVi #NuViSuaTuoiCoThach #NuViDuongDen #ChanAiLaDay";True;#NuVi, #NuViWorld, #MegaLive, #LớpHọcNuVi, #NuViSuaTuoiCoThach, #NuViDuongDen, #ChanAiLaDay;7;;0;;0;425;0;9;25;49300;459;0.009310344827586206;High;94;Long;2024-11-28 05:55:25+00:00;2024-11-28 12:55:25+07:00;2024-11-28;2024.0;11.0;12.0;Thursday
7.440121276498202e+18;https://www.tiktok.com/@ngoinhadinhduongnutifood/video/7440121276498201876;ngoinhadinhduongnutifood;"Hít đất hít deal hời cùng anh trai Isaac ngay nào!!! 
#NuVi #anhtraisayhi #nutifood ";Hít đất hít deal hời cùng anh trai Isaac ngay nào!!! #NuVi #anhtraisayhi #nutifood;True;#NuVi, #anhtraisayhi, #nutifood;3;;0;;0;2063;1;31;115;173800;2210;0.012715765247410816;Very High;29;Short;2024-11-22 15:10:34+00:00;2024-11-22 22:10:34+07:00;2024-11-22;2024.0;11.0;22.0;Friday
7.622880947964333e+18;https://www.tiktok.com/@rank_a_tron/video/7622880947964333325;rank_a_tron;Most Delicious Looking Food #foodtok #ranking;Most Delicious Looking Food #foodtok #ranking;True;#foodtok, #ranking;2;;0;;0;201;3;43;27;4080;274;0.06715686274509804;Medium;54;Medium;2026-03-30 03:11:51+00:00;2026-03-30 10:11:51+07:00;2026-03-30;2026.0;3.0;10.0;Monday
7.628430753809894e+18;https://www.tiktok.com/@aifruitdrama7/video/7628430753809894686;aifruitdrama7;Follow for more!;Follow for more!;True;;0;;0;;0;44;2;2;5;843;53;0.06287069988137604;Low;40;Medium;2026-04-14 02:07:36+00:00;2026-04-14 09:07:36+07:00;2026-04-14;2026.0;4.0;9.0;Tuesday
7.600164885456063e+18;https://www.tiktok.com/@thiago.izabel/video/7600164885456063774;thiago.izabel;"Most nutritious foods in the world? Chicken hearts. Gizzards. Liver.
Chicken hearts got 48x more CoQ10 than eggs. Gizzards pack 4x more protein. Liver? 5x more protein than eggs. Way cheaper than whey.
Always tired? No drive? You're missing this.
Bad memory? Anxiety? Liver gives you 1000% of your daily B12. Ten times the vitamin A.
Costs like three bucks a pound. Twenty bucks a month. Worth more than hundreds in pills.
Stop thinking the secret's some overpriced supplement.
Share this. Follow me for nutrition that actually works.";Most nutritious foods in the world? Chicken hearts. Gizzards. Liver. Chicken hearts got 48x more CoQ10 than eggs. Gizzards pack 4x more protein. Liver? 5x more protein than eggs. Way cheaper than whey. Always tired? No drive? You're missing this. Bad memory? Anxiety? Liver gives you 1000% of your daily B12. Ten times the vitamin A. Costs like three bucks a pound. Twenty bucks a month. Worth more than hundreds in pills. Stop thinking the secret's some overpriced supplement. Share this. Follow me for nutrition that actually works.;True;;0;;0;;0;788;13;176;324;25000;1301;0.05204;High;66;Long;2026-01-27 22:00:54+00:00;2026-01-28 05:00:54+07:00;2026-01-28;2026.0;1.0;5.0;Wednesday
7.610529579211492e+18;https://www.tiktok.com/@food_remedy_hub/video/7610529579211492625;food_remedy_hub;"Food as medicine | Healthy life style

Food as Medicine – Natural Healing Power of Everyday Foods 🍃
Did you know your kitchen can be your natural pharmacy? In this video, we explore how simple, everyday foods can support different parts of your body and boost overall wellness.
✨ Turmeric for Back Health
Rich in curcumin, turmeric is known for its powerful anti-inflammatory properties that may help reduce back discomfort and support joint flexibility.
🍉 Watermelon for Muscle Health
Packed with hydration and amino acids like citrulline, watermelon can help support muscle recovery and reduce post-workout soreness.
🌰 Almonds for Finger Healing
Loaded with vitamin E, healthy fats, and protein, almonds may help support tissue repair, skin health, and strong connective tissues.
🫐 Blueberries for Brain Health
Full of antioxidants, blueberries help fight oxidative stress and may support memory, focus, and overall brain function.
Small daily food choices can make a big difference in long-term health. Start adding these powerful foods to your routine and nourish your body naturally!
👍 Like, Share & Subscribe for more health-based content.
Disclaimer:
This video is for educational purposes only. It is not intended to diagnose, treat, cure, or prevent any disease. Always consult a qualified healthcare professional before making changes to your diet or health routine.

#health
#healthylifestyle
#fruitsasmedicine
#eatforhealth
#brainhealth
#memory
#healthyliving
#truecarehub
#nutritiontips
#superfoodgarnier";Food as medicine | Healthy life style Food as Medicine – Natural Healing Power of Everyday Foods 🍃 Did you know your kitchen can be your natural pharmacy? In this video, we explore how simple, everyday foods can support different parts of your body and boost overall wellness. ✨ Turmeric for Back Health Rich in curcumin, turmeric is known for its powerful anti-inflammatory properties that may help reduce back discomfort and support joint flexibility. 🍉 Watermelon for Muscle Health Packed with hydration and amino acids like citrulline, watermelon can help support muscle recovery and reduce post-workout soreness. 🌰 Almonds for Finger Healing Loaded with vitamin E, healthy fats, and protein, almonds may help support tissue repair, skin health, and strong connective tissues. 🫐 Blueberries for Brain Health Full of antioxidants, blueberries help fight oxidative stress and may support memory, focus, and overall brain function. Small daily food choices can make a big difference in long-term health. Start adding these powerful foods to your routine and nourish your body naturally! 👍 Like, Share & Subscribe for more health-based content. Disclaimer: This video is for educational purposes only. It is not intended to diagnose, treat, cure, or prevent any disease. Always consult a qualified healthcare professional before making changes to your diet or health routine. #health #healthylifestyle #fruitsasmedicine #eatforhealth #brainhealth #memory #healthyliving #truecarehub #nutritiontips #superfoodgarnier;True;#health, #healthylifestyle, #fruitsasmedicine, #eatforhealth, #brainhealth, #memory, #healthyliving, #truecarehub, #nutritiontips, #superfoodgarnier;10;;0;;0;12200;39;777;1249;1200000;14265;0.0118875;Very High;6;Very short;2026-02-24 20:22:54+00:00;2026-02-25 03:22:54+07:00;2026-02-25;2026.0;2.0;3.0;Wednesday
7.643655554711178e+18;https://www.tiktok.com/@eli.zoyer/video/7643655554711178510;eli.zoyer;"Never buy fruits from the store without doing this‼️😳

#healthy #healthyfood #naturalremedy #organic ";Never buy fruits from the store without doing this‼️😳 #healthy #healthyfood #naturalremedy #organic;True;#healthy, #healthyfood, #naturalremedy, #organic;4;;0;;0;96;15;23;31;771;165;0.2140077821011673;Low;99;Long;2026-05-25 02:47:43+00:00;2026-05-25 09:47:43+07:00;2026-05-25;2026.0;5.0;9.0;Monday
7.598243487208852e+18;https://www.tiktok.com/@teastory868/video/7598243487208852791;teastory868;These nuts are good for your health. #lifehack #health #foodtok #learnontiktok #fyp ;These nuts are good for your health. #lifehack #health #foodtok #learnontiktok #fyp;True;#lifehack, #health, #foodtok, #learnontiktok, #fyp;5;;0;;0;13900;79;3146;3372;182700;20497;0.11218938149972632;Very High;71;Long;2026-01-22 17:46:02+00:00;2026-01-23 00:46:02+07:00;2026-01-23;2026.0;1.0;0.0;Friday
7.60543906253033e+18;https://www.tiktok.com/@family.doctor38/video/7605439062530329887;family.doctor38;Benefits Of Protein food #fyp #foryoupage #goviral #grow #viralvideo #health @TikTok ;Benefits Of Protein food #fyp #foryoupage #goviral #grow #viralvideo #health @TikTok;True;#fyp, #foryoupage, #goviral, #grow, #viralvideo, #health;6;@TikTok;1;;0;48;0;2;2;1113;52;0.04672057502246182;Low;43;Medium;2026-02-11 03:07:59+00:00;2026-02-11 10:07:59+07:00;2026-02-11;2026.0;2.0;10.0;Wednesday
7.440100006750621e+18;https://www.tiktok.com/@ngoinhadinhduongnutifood/video/7440100006750620945;ngoinhadinhduongnutifood;"Tham gia ngay phiên Mega Live cùng NuVi và các Anh Trai Say Hi nhé !!!
#NuVi #anhtraisayhi ";Tham gia ngay phiên Mega Live cùng NuVi và các Anh Trai Say Hi nhé !!! #NuVi #anhtraisayhi;True;#NuVi, #anhtraisayhi;2;;0;;0;2749;1;85;191;158700;3026;0.019067422810333964;Very High;83;Long;2024-11-22 13:48:02+00:00;2024-11-22 20:48:02+07:00;2024-11-22;2024.0;11.0;20.0;Friday
7.440088132982296e+18;https://www.tiktok.com/@ngoinhadinhduongnutifood/video/7440088132982295825;ngoinhadinhduongnutifood;Tham gia ngay phiên Mega Live cùng các Anh Trai Say Hi #NuVi #nutifood ;Tham gia ngay phiên Mega Live cùng các Anh Trai Say Hi #NuVi #nutifood;True;#NuVi, #nutifood;2;;0;;0;1603;0;30;62;213100;1695;0.007954012200844674;Very High;43;Medium;2024-11-22 13:02:01+00:00;2024-11-22 20:02:01+07:00;2024-11-22;2024.0;11.0;20.0;Friday
7.437025199515602e+18;https://www.tiktok.com/@ngoinhadinhduongnutifood/video/7437025199515602184;ngoinhadinhduongnutifood;"🍓Sữa tươi kết hợp cùng nước ép trái cây tự nhiên, tươi ngon, dinh dưỡng ai cũng thích mê. Uống vào như được nạp thêm sức mạnh, ai ai cũng tràn đầy năng lượng để tiếp tục cho các cuộc phiêu lưu thú vị phía trước.
🤩 Cả nhà ai muốn có năng lượng khám phá và chinh phục như NuVi thì nạp ngay Sữa Tươi Trái Cây nha, đảm bảo vui hết nấc!! ✨
#NuVi #NuViSuaTuoiTraiCay
#NuViPower ";🍓Sữa tươi kết hợp cùng nước ép trái cây tự nhiên, tươi ngon, dinh dưỡng ai cũng thích mê. Uống vào như được nạp thêm sức mạnh, ai ai cũng tràn đầy năng lượng để tiếp tục cho các cuộc phiêu lưu thú vị phía trước. 🤩 Cả nhà ai muốn có năng lượng khám phá và chinh phục như NuVi thì nạp ngay Sữa Tươi Trái Cây nha, đảm bảo vui hết nấc!! ✨ #NuVi #NuViSuaTuoiTraiCay #NuViPower;True;#NuVi, #NuViSuaTuoiTraiCay, #NuViPower;3;;0;;0;784;0;33;80;259100;897;0.0034619837900424547;Very High;59;Medium;2024-11-14 06:56:10+00:00;2024-11-14 13:56:10+07:00;2024-11-14;2024.0;11.0;13.0;Thursday
7.43485682218969e+18;https://www.tiktok.com/@ngoinhadinhduongnutifood/video/7434856822189690119;ngoinhadinhduongnutifood;"🥳 Chào đón tháng 11 cùng NutiMilk với vạn deal Siêu tươi 
🐮NutiMilk - Sữa Tươi Chất Lượng Cao với 3,5G ĐẠM/100ML sử dụng sữa tươi một nguồn duy nhất từ Trang Trại Bò Sữa NutiMilk Mang Yang - Gia Lai cho chất lượng sữa tươi đồng đều và xuất xứ nguồn gốc minh bạch. #nutimilk #suatuoituoisach #nutifood ";🥳 Chào đón tháng 11 cùng NutiMilk với vạn deal Siêu tươi 🐮NutiMilk - Sữa Tươi Chất Lượng Cao với 3,5G ĐẠM/100ML sử dụng sữa tươi một nguồn duy nhất từ Trang Trại Bò Sữa NutiMilk Mang Yang - Gia Lai cho chất lượng sữa tươi đồng đều và xuất xứ nguồn gốc minh bạch. #nutimilk #suatuoituoisach #nutifood;True;#nutimilk, #suatuoituoisach, #nutifood;3;;0;;0;5195;0;187;523;1000000;5905;0.005905;Very High;70;Long;2024-11-08 10:41:43+00:00;2024-11-08 17:41:43+07:00;2024-11-08;2024.0;11.0;17.0;Friday
7.42884002912602e+18;https://www.tiktok.com/@ngoinhadinhduongnutifood/video/7428840029126020359;ngoinhadinhduongnutifood;"Hot Hottt 🔥 Các Anh Trai Jsol, Dương Domic và Pháp Kiều đã thử, còn bạn đã thử NutiMilk chưa?
NutiMilk tự hào với dòng sữa tươi một nguồn duy nhất từ Trang trại NutiMilk Gia Lai đạt chất lượng cao với 3,5g đạm/100ml.
#nutimilkilk #SuaTuoiTuoiSach";Hot Hottt 🔥 Các Anh Trai Jsol, Dương Domic và Pháp Kiều đã thử, còn bạn đã thử NutiMilk chưa? NutiMilk tự hào với dòng sữa tươi một nguồn duy nhất từ Trang trại NutiMilk Gia Lai đạt chất lượng cao với 3,5g đạm/100ml. #nutimilkilk #SuaTuoiTuoiSach;True;#nutimilkilk, #SuaTuoiTuoiSach;2;;0;;0;56;0;8;12;6033;76;0.01259738107077739;Medium;25;Short;2024-10-23 05:33:29+00:00;2024-10-23 12:33:29+07:00;2024-10-23;2024.0;10.0;12.0;Wednesday
7.428196074147352e+18;https://www.tiktok.com/@ngoinhadinhduongnutifood/video/7428196074147351826;ngoinhadinhduongnutifood;"Hot Hottt 🔥 Các Anh Trai Jsol, Dương Domic và Pháp Kiều đã thử, còn bạn đã thử NutiMilk chưa?
NutiMilk tự hào với dòng sữa tươi một nguồn duy nhất từ Trang trại NutiMilk Gia Lai đạt chất lượng cao với 3,5g đạm/100ml.
#NutiMilk #SuaTuoiTuoiSach ";Hot Hottt 🔥 Các Anh Trai Jsol, Dương Domic và Pháp Kiều đã thử, còn bạn đã thử NutiMilk chưa? NutiMilk tự hào với dòng sữa tươi một nguồn duy nhất từ Trang trại NutiMilk Gia Lai đạt chất lượng cao với 3,5g đạm/100ml. #NutiMilk #SuaTuoiTuoiSach;True;#NutiMilk, #SuaTuoiTuoiSach;2;;0;;0;1927;0;185;154;460100;2266;0.004925016300804173;Very High;25;Short;2024-10-21 11:54:39+00:00;2024-10-21 18:54:39+07:00;2024-10-21;2024.0;10.0;18.0;Monday
7.423598659863907e+18;https://www.tiktok.com/@ngoinhadinhduongnutifood/video/7423598659863907591;ngoinhadinhduongnutifood;"🎊 NUVI THỨC UỐNG SỮA TƯƠI LÊN MEN MỚI - CHIỀU TIÊU HÓA KHỎE, BÉ VUI TỚI TRƯỜNG!
Nào là đồ ăn, vitamin ty tỷ đủ nguồn dưỡng chất. Mẹ lúc nào cũng chăm bé tỉ mỉ, vậy cớ gì con vẫn chẳng cao lớn như các bạn mẹ ha? 🤔
🔑 Bí quyết nằm ở chỗ, bé của mẹ cần một hệ tiêu hóa thật khỏe mạnh mới có thể hấp thu tốt tất cả nguồn dinh dưỡng chất lượng được nạp vào. Mẹ đừng trăn trở nữa nhé, NuVi tiếp chiêu, chiều chuộng chiếc bụng ""ngoan xinh yêu"" của bé mỗi ngày đến trường đây!
👉 Ú òa! NuVi Thức Uống Sữa Tươi Lên Men xin chào sân mẹ và bé nhé. Siêu phẩm mới không những giúp tiêu hóa khỏe, đáp ứng yêu cầu về mặt dinh dưỡng của mẹ, mà còn thỏa mãn sở thích uống sữa có hương vị cuốn hút của bé. Cùng NuVi điểm qua những đặc trưng có “1-0-2” của NuVi Sữa Tươi Lên Men nhé!
💦 Lên men một cách tự nhiên từ SỮA TƯƠI SẠCH MỘT NGUỒN DUY NHẤT từ Trang trại NutiMilk Gia Lai. 
🌤️ Bổ sung Pre-biotics và Kẽm giúp bé TIÊU HÓA KHỎE, ĐỀ KHÁNG TỐT, CÂN BẰNG HỆ VI SINH.
🍓 Vị Nguyên Chất thơm ngon, Vị Dâu Tây chua ngọt bắt vị, cho bé tha hồ lựa chọn “gu” thức uống của riêng mình.
🌟 Sản phẩm được nghiên cứu và phát triển cùng Viện Nghiên Cứu Dinh Dưỡng Nutifood Thụy Điển, được các chuyên gia khuyên dùng về dinh dưỡng 2 hộp mỗi ngày.
🌟 Sản phẩm không cần bảo quản lạnh, cực tiện dụng để bé mang theo sử dụng mọi lúc mọi nơi.
😍 Mẹ ơi, nhanh tay bỏ túi “tuyệt chiêu dinh dưỡng” giúp tiêu hóa khỏe, đề kháng tốt từ NuVi Sữa Tươi Lên Men, cho bé tự tin đến trường học tập hăng say.

NuVi Thức Uống Sữa Tươi Lên Men - Tiêu Hóa Khỏe, Đề Kháng Tốt!
#NuVi #NuViPower #NuViSữaTươiLênMen ";"🎊 NUVI THỨC UỐNG SỮA TƯƠI LÊN MEN MỚI - CHIỀU TIÊU HÓA KHỎE, BÉ VUI TỚI TRƯỜNG! Nào là đồ ăn, vitamin ty tỷ đủ nguồn dưỡng chất. Mẹ lúc nào cũng chăm bé tỉ mỉ, vậy cớ gì con vẫn chẳng cao lớn như các bạn mẹ ha? 🤔 🔑 Bí quyết nằm ở chỗ, bé của mẹ cần một hệ tiêu hóa thật khỏe mạnh mới có thể hấp thu tốt tất cả nguồn dinh dưỡng chất lượng được nạp vào. Mẹ đừng trăn trở nữa nhé, NuVi tiếp chiêu, chiều chuộng chiếc bụng ""ngoan xinh yêu"" của bé mỗi ngày đến trường đây! 👉 Ú òa! NuVi Thức Uống Sữa Tươi Lên Men xin chào sân mẹ và bé nhé. Siêu phẩm mới không những giúp tiêu hóa khỏe, đáp ứng yêu cầu về mặt dinh dưỡng của mẹ, mà còn thỏa mãn sở thích uống sữa có hương vị cuốn hút của bé. Cùng NuVi điểm qua những đặc trưng có “1-0-2” của NuVi Sữa Tươi Lên Men nhé! 💦 Lên men một cách tự nhiên từ SỮA TƯƠI SẠCH MỘT NGUỒN DUY NHẤT từ Trang trại NutiMilk Gia Lai. 🌤️ Bổ sung Pre-biotics và Kẽm giúp bé TIÊU HÓA KHỎE, ĐỀ KHÁNG TỐT, CÂN BẰNG HỆ VI SINH. 🍓 Vị Nguyên Chất thơm ngon, Vị Dâu Tây chua ngọt bắt vị, cho bé tha hồ lựa chọn “gu” thức uống của riêng mình. 🌟 Sản phẩm được nghiên cứu và phát triển cùng Viện Nghiên Cứu Dinh Dưỡng Nutifood Thụy Điển, được các chuyên gia khuyên dùng về dinh dưỡng 2 hộp mỗi ngày. 🌟 Sản phẩm không cần bảo quản lạnh, cực tiện dụng để bé mang theo sử dụng mọi lúc mọi nơi. 😍 Mẹ ơi, nhanh tay bỏ túi “tuyệt chiêu dinh dưỡng” giúp tiêu hóa khỏe, đề kháng tốt từ NuVi Sữa Tươi Lên Men, cho bé tự tin đến trường học tập hăng say. NuVi Thức Uống Sữa Tươi Lên Men - Tiêu Hóa Khỏe, Đề Kháng Tốt! #NuVi #NuViPower #NuViSữaTươiLênMen";True;#NuVi, #NuViPower, #NuViSữaTươiLênMen;3;;0;;0;45;1;13;6;11400;65;0.005701754385964913;High;15;Very short;2024-10-09 02:34:22+00:00;2024-10-09 09:34:22+07:00;2024-10-09;2024.0;10.0;9.0;Wednesday
7.403009095441075e+18;https://www.tiktok.com/@ngoinhadinhduongnutifood/video/7403009095441075474;ngoinhadinhduongnutifood;"Hoa hồng lên đến 30% - Thạch dai ngon ngọt, chốt đơn dễ dàng

#affiliate #nuvi #nutifood #review ";Hoa hồng lên đến 30% - Thạch dai ngon ngọt, chốt đơn dễ dàng #affiliate #nuvi #nutifood #review;True;#affiliate, #nuvi, #nutifood, #review;4;;0;;0;648;0;17;60;382500;725;0.0018954248366013073;Very High;17;Short;2024-08-14 14:56:15+00:00;2024-08-14 21:56:15+07:00;2024-08-14;2024.0;8.0;21.0;Wednesday
7.399884163047755e+18;https://www.tiktok.com/@ngoinhadinhduongnutifood/video/7399884163047755026;ngoinhadinhduongnutifood;"Để trang bị cho bé thể chất vững vàng, mẹ đừng quên tiếp thêm cho bé nguồn dinh dưỡng hàng đầu thế giới - Sữa New Zealand Bò Ăn Cỏ Tự Nhiên. Đây là một trong các nguồn sữa tốt nhất thế giới, đến từ các cô bò 🐄🐄🐄 nuôi thả hoàn toàn tự nhiên, ăn cỏ tươi quanh năm, được những người nông dân New Zealand giàu kinh nghiệm chăm sóc. 
Với nguyên liệu nhập khẩu từ New Zealand, sữa New Zealand giúp bé phát triển với: 
⭐ Hàm lượng axit béo tự nhiên CLA cao gấp nhiều lần. 
⭐ Giàu lượng Omega-3 tốt cho phát triển trí não của bé
⭐ Vitamin A, E và Beta-Carotene dồi dào vượt trội.
Có sữa New Zealand bên mình, bé tha hồ khám phá mùa hè muôn nơi. Cho bé thêm khỏe, cho hè thêm vui ! 🛬

#nutimilk #nutifood #suanewzealand ";Để trang bị cho bé thể chất vững vàng, mẹ đừng quên tiếp thêm cho bé nguồn dinh dưỡng hàng đầu thế giới - Sữa New Zealand Bò Ăn Cỏ Tự Nhiên. Đây là một trong các nguồn sữa tốt nhất thế giới, đến từ các cô bò 🐄🐄🐄 nuôi thả hoàn toàn tự nhiên, ăn cỏ tươi quanh năm, được những người nông dân New Zealand giàu kinh nghiệm chăm sóc. Với nguyên liệu nhập khẩu từ New Zealand, sữa New Zealand giúp bé phát triển với: ⭐ Hàm lượng axit béo tự nhiên CLA cao gấp nhiều lần. ⭐ Giàu lượng Omega-3 tốt cho phát triển trí não của bé ⭐ Vitamin A, E và Beta-Carotene dồi dào vượt trội. Có sữa New Zealand bên mình, bé tha hồ khám phá mùa hè muôn nơi. Cho bé thêm khỏe, cho hè thêm vui ! 🛬 #nutimilk #nutifood #suanewzealand;True;#nutimilk, #nutifood, #suanewzealand;3;;0;;0;2495;11;148;256;1800000;2910;0.0016166666666666666;Very High;39;Medium;2024-08-06 04:49:56+00:00;2024-08-06 11:49:56+07:00;2024-08-06;2024.0;8.0;11.0;Tuesday
7.399601814582087e+18;https://www.tiktok.com/@ngoinhadinhduongnutifood/video/7399601814582086920;ngoinhadinhduongnutifood;"💥💥 𝐇𝐎𝐓 𝐇𝐎𝐓 𝐇𝐎𝐓 – NUVI NAY ĐÃ CÓ THÊM SỮA TƯƠI TRÁI CÂY VỊ DÂU 
NuVi hiểu rằng ngoài việc cho con vui hè năng động với đủ trò chơi thú vị thì việc bổ sung dinh dưỡng hợp lý để giúp bé cao lớn thông minh cũng rất quan trọng! 
Mẹ ơi, bỏ túi ngay cho bé ""NuVi Sữa Tươi Trái Cây Vị Dâu"" mới, cực phẩm cho ngày hè thanh mát cung cấp đầy đủ dưỡng chất cho bé yêu với: 
🍓 Sự kết hợp hoàn hảo giữa nước ép dâu tây ngọt thanh, chua dịu cùng sữa tươi nguyên chất, bổ sung thêm Vitamin A, Vitamin nhóm B và Vitamin D3 cho bé yêu trải nghiệm vị giác bùng nổ và bổ sung dưỡng chất dồi dào cho mùa hè thêm sôi động.
💦 Sản phẩm tự hào sử dụng Sữa Tươi Tươi Sạch Một Nguồn Duy Nhất từ Trang Trại NutiMilk Gia Lai, bổ sung thêm công thức NuVi Power độc quyền từ Viện Nghiên Cứu Dinh Dưỡng Nutifood Thụy Điển hỗ trợ bé phát triển chiều cao, tăng cường trí nhớ, mẹ yên tâm bổ sung thực đơn hè này cho bé nhé 😍
🍇🍊🍍  Bộ 4 sản phẩm  Sữa Tươi Trái Cây Cam – Nho – Trái Cây Nhiệt Đới, nay có thêm DÂU 🍓 trọn vị ngon, tròn dinh dưỡng, cho bé sẵn sàng phiêu lưu khôn lớn suốt mùa hè!

#NuVi #NuViPower #ThếGiớiNuVi #NuViSữaTươiTráiCâyDâu";"💥💥 𝐇𝐎𝐓 𝐇𝐎𝐓 𝐇𝐎𝐓 – NUVI NAY ĐÃ CÓ THÊM SỮA TƯƠI TRÁI CÂY VỊ DÂU NuVi hiểu rằng ngoài việc cho con vui hè năng động với đủ trò chơi thú vị thì việc bổ sung dinh dưỡng hợp lý để giúp bé cao lớn thông minh cũng rất quan trọng! Mẹ ơi, bỏ túi ngay cho bé ""NuVi Sữa Tươi Trái Cây Vị Dâu"" mới, cực phẩm cho ngày hè thanh mát cung cấp đầy đủ dưỡng chất cho bé yêu với: 🍓 Sự kết hợp hoàn hảo giữa nước ép dâu tây ngọt thanh, chua dịu cùng sữa tươi nguyên chất, bổ sung thêm Vitamin A, Vitamin nhóm B và Vitamin D3 cho bé yêu trải nghiệm vị giác bùng nổ và bổ sung dưỡng chất dồi dào cho mùa hè thêm sôi động. 💦 Sản phẩm tự hào sử dụng Sữa Tươi Tươi Sạch Một Nguồn Duy Nhất từ Trang Trại NutiMilk Gia Lai, bổ sung thêm công thức NuVi Power độc quyền từ Viện Nghiên Cứu Dinh Dưỡng Nutifood Thụy Điển hỗ trợ bé phát triển chiều cao, tăng cường trí nhớ, mẹ yên tâm bổ sung thực đơn hè này cho bé nhé 😍 🍇🍊🍍 Bộ 4 sản phẩm Sữa Tươi Trái Cây Cam – Nho – Trái Cây Nhiệt Đới, nay có thêm DÂU 🍓 trọn vị ngon, tròn dinh dưỡng, cho bé sẵn sàng phiêu lưu khôn lớn suốt mùa hè! #NuVi #NuViPower #ThếGiớiNuVi #NuViSữaTươiTráiCâyDâu";True;#NuVi, #NuViPower, #ThếGiớiNuVi, #NuViSữaTươiTráiCâyDâu;4;;0;;0;68;0;17;8;23500;93;0.0039574468085106385;High;6;Very short;2024-08-05 10:34:16+00:00;2024-08-05 17:34:16+07:00;2024-08-05;2024.0;8.0;17.0;Monday
7.397742279185698e+18;https://www.tiktok.com/@ngoinhadinhduongnutifood/video/7397742279185698056;ngoinhadinhduongnutifood;"🎉HÈ NÀY, ĐỂ NUVI GIÚP BÉ CHỌN SỮA VỪA TƯƠI NGON, THANH MÁT LẠI VỪA DINH DƯỠNG NHÉ, MẸ ƠI ! 

🍀Chiều mẹ và bé hè này, NuVi chính thức giới thiệu NuVi Sữa Tươi Trái Cây đậm chất hè, thơm ngon thanh mát, trọn dưỡng chất đây!!!
🍓Nước ép trái cây quyện cùng sữa tươi sạch, bổ sung thêm Vitamin A, Vitamin nhóm B và Vitamin D cho bé thêm khỏe, năng động đón hè vui bất tận.
🌿Sản phẩm tự hào sử dụng Sữa Tươi Tươi Sạch Một Nguồn Duy Nhất từ Trang Trại NutiMilk Gia Lai, bổ sung thêm công thức NuVi Power độc quyền từ Viện Nghiên Cứu Dinh Dưỡng Nutifood Thụy Điển hỗ trợ bé phát triển chiều cao, tăng cường trí nhớ, mẹ yên tâm bổ sung thực đơn hè này cho bé nhé 
🍇Bộ 3 Sữa Tươi Trái Cây Cam - Nho, nay thêm TRÁI CÂY NHIỆT ĐỚI  trọn vị ngon, tròn dinh dưỡng, cho bé sẵn sàng phiêu lưu khôn lớn suốt mùa hè!
#NuVi #Nutifood #Suatraicay ";🎉HÈ NÀY, ĐỂ NUVI GIÚP BÉ CHỌN SỮA VỪA TƯƠI NGON, THANH MÁT LẠI VỪA DINH DƯỠNG NHÉ, MẸ ƠI ! 🍀Chiều mẹ và bé hè này, NuVi chính thức giới thiệu NuVi Sữa Tươi Trái Cây đậm chất hè, thơm ngon thanh mát, trọn dưỡng chất đây!!! 🍓Nước ép trái cây quyện cùng sữa tươi sạch, bổ sung thêm Vitamin A, Vitamin nhóm B và Vitamin D cho bé thêm khỏe, năng động đón hè vui bất tận. 🌿Sản phẩm tự hào sử dụng Sữa Tươi Tươi Sạch Một Nguồn Duy Nhất từ Trang Trại NutiMilk Gia Lai, bổ sung thêm công thức NuVi Power độc quyền từ Viện Nghiên Cứu Dinh Dưỡng Nutifood Thụy Điển hỗ trợ bé phát triển chiều cao, tăng cường trí nhớ, mẹ yên tâm bổ sung thực đơn hè này cho bé nhé 🍇Bộ 3 Sữa Tươi Trái Cây Cam - Nho, nay thêm TRÁI CÂY NHIỆT ĐỚI trọn vị ngon, tròn dinh dưỡng, cho bé sẵn sàng phiêu lưu khôn lớn suốt mùa hè! #NuVi #Nutifood #Suatraicay;True;#NuVi, #Nutifood, #Suatraicay;3;;0;;0;1852;1;64;218;632900;2135;0.003373360720492969;Very High;34;Medium;2024-07-31 10:18:19+00:00;2024-07-31 17:18:19+07:00;2024-07-31;2024.0;7.0;17.0;Wednesday
7.39545526703237e+18;https://www.tiktok.com/@ngoinhadinhduongnutifood/video/7395455267032370440;ngoinhadinhduongnutifood;"NUVI NƯỚC RAU CỦ QUẢ - Tiêu hóa khỏe mỗi ngày, Cung cấp đầy đủ chất xơ cho bé.
#raucuqua #NuVi #Nutifood ";NUVI NƯỚC RAU CỦ QUẢ - Tiêu hóa khỏe mỗi ngày, Cung cấp đầy đủ chất xơ cho bé. #raucuqua #NuVi #Nutifood;True;#raucuqua, #NuVi, #Nutifood;3;;0;;0;5081;5;267;529;2000000;5882;0.002941;Very High;38;Medium;2024-07-25 06:23:35+00:00;2024-07-25 13:23:35+07:00;2024-07-25;2024.0;7.0;13.0;Thursday
7.392828244115951e+18;https://www.tiktok.com/@ngoinhadinhduongnutifood/video/7392828244115950856;ngoinhadinhduongnutifood;"SỮA TƯƠI TRÁI CÂY NHIỆT ĐỚI, THANH MÁT NGÀY HÈ - QUÁ ĐÃ MẸ ƠI😍😍
🚀 Thanh mát, tươi ngon, vị con yêu thích?
🚀 Dinh dưỡng, an tâm cho mẹ?
Chiều mẹ và bé hè này, NuVi chính thức giới thiệu NuVi Sữa Tươi Trái Cây Vị Trái Cây Nhiệt Đới MỚI đậm chất hè, thơm ngon thanh mát, trọn dưỡng chất đây!!!
🍍 Mang hơi thở mùa hè vùng nhiệt đới với THƠM ngọt ngào thanh mát quyện cùng CHANH DÂY chua ngọt bắt vị.
🍍 Nước ép trái cây quyện cùng sữa tươi sạch, bổ sung thêm Vitamin A, Vitamin nhóm B và Vitamin D cho bé thêm khỏe, năng động đón hè vui bất tận.
💦 Sản phẩm tự hào sử dụng Sữa Tươi Tươi Sạch Một Nguồn Duy Nhất từ Trang Trại NutiMilk Gia Lai, bổ sung thêm công thức NuVi Power độc quyền từ Viện Nghiên Cứu Dinh Dưỡng Nutifood Thụy Điển hỗ trợ bé phát triển chiều cao, tăng cường trí nhớ, mẹ yên tâm bổ sung thực đơn hè này cho bé nhé 😍
🍇🍊 🍍 🍓 Bộ 4 Sữa Tươi Trái Cây Cam - Nho - Nhiệt Đới - Dâu trọn vị ngon, tròn dinh dưỡng, cho bé sẵn sàng phiêu lưu khôn lớn suốt mùa hè!

#NuVi #NuViPower #ThếGiớiNuVi #NuViSữaTươiTráiCây";SỮA TƯƠI TRÁI CÂY NHIỆT ĐỚI, THANH MÁT NGÀY HÈ - QUÁ ĐÃ MẸ ƠI😍😍 🚀 Thanh mát, tươi ngon, vị con yêu thích? 🚀 Dinh dưỡng, an tâm cho mẹ? Chiều mẹ và bé hè này, NuVi chính thức giới thiệu NuVi Sữa Tươi Trái Cây Vị Trái Cây Nhiệt Đới MỚI đậm chất hè, thơm ngon thanh mát, trọn dưỡng chất đây!!! 🍍 Mang hơi thở mùa hè vùng nhiệt đới với THƠM ngọt ngào thanh mát quyện cùng CHANH DÂY chua ngọt bắt vị. 🍍 Nước ép trái cây quyện cùng sữa tươi sạch, bổ sung thêm Vitamin A, Vitamin nhóm B và Vitamin D cho bé thêm khỏe, năng động đón hè vui bất tận. 💦 Sản phẩm tự hào sử dụng Sữa Tươi Tươi Sạch Một Nguồn Duy Nhất từ Trang Trại NutiMilk Gia Lai, bổ sung thêm công thức NuVi Power độc quyền từ Viện Nghiên Cứu Dinh Dưỡng Nutifood Thụy Điển hỗ trợ bé phát triển chiều cao, tăng cường trí nhớ, mẹ yên tâm bổ sung thực đơn hè này cho bé nhé 😍 🍇🍊 🍍 🍓 Bộ 4 Sữa Tươi Trái Cây Cam - Nho - Nhiệt Đới - Dâu trọn vị ngon, tròn dinh dưỡng, cho bé sẵn sàng phiêu lưu khôn lớn suốt mùa hè! #NuVi #NuViPower #ThếGiớiNuVi #NuViSữaTươiTráiCây;True;#NuVi, #NuViPower, #ThếGiớiNuVi, #NuViSữaTươiTráiCây;4;;0;;0;72;0;12;7;23500;91;0.003872340425531915;High;20;Short;2024-07-18 04:29:23+00:00;2024-07-18 11:29:23+07:00;2024-07-18;2024.0;7.0;11.0;Thursday
7.392095881501216e+18;https://www.tiktok.com/@ngoinhadinhduongnutifood/video/7392095881501216018;ngoinhadinhduongnutifood;"[MỚI] THỬ NGAY ! NUVI SỮA TƯƠI TRÁI CÂY VỊ DÂU - Mùa hè bùng nổ vị giác, bé yêu thích mê!

Để chào đón mùa hè đầy sôi động cùng bé, NuVi tiếp tục ra mắt sản phẩm MỚI - Sữa Tươi Trái Cây Vị Dâu: 
🍓 Sự kết hợp hoàn hảo giữa nước ép dâu tây ngọt thanh, chua dịu cùng sữa tươi nguyên chất, bổ sung thêm Vitamin A, Vitamin nhóm B và Vitamin D3 cho bé yêu trải nghiệm vị giác bùng nổ và bổ sung dưỡng chất dồi dào cho mùa hè thêm sôi động.
💦 Sản phẩm tự hào sử dụng Sữa Tươi Tươi Sạch Một Nguồn Duy Nhất từ Trang Trại NutiMilk Gia Lai, bổ sung thêm công thức NuVi Power độc quyền từ Viện Nghiên Cứu Dinh Dưỡng Nutifood Thụy Điển hỗ trợ bé phát triển chiều cao, tăng cường trí nhớ, mẹ yên tâm bổ sung thực đơn hè này cho bé nhé 😍
🍇🍊🍍  Bộ 4 sản phẩm  Sữa Tươi Trái Cây Cam – Nho – Trái Cây Nhiệt Đới, nay có thêm DÂU 🍓 trọn vị ngon, tròn dinh dưỡng, cho bé sẵn sàng phiêu lưu khôn lớn suốt mùa hè!

#NuVi #NuViPower #ThếGiớiNuVi #NuViSữaTươiTráiCâyDâu";[MỚI] THỬ NGAY ! NUVI SỮA TƯƠI TRÁI CÂY VỊ DÂU - Mùa hè bùng nổ vị giác, bé yêu thích mê! Để chào đón mùa hè đầy sôi động cùng bé, NuVi tiếp tục ra mắt sản phẩm MỚI - Sữa Tươi Trái Cây Vị Dâu: 🍓 Sự kết hợp hoàn hảo giữa nước ép dâu tây ngọt thanh, chua dịu cùng sữa tươi nguyên chất, bổ sung thêm Vitamin A, Vitamin nhóm B và Vitamin D3 cho bé yêu trải nghiệm vị giác bùng nổ và bổ sung dưỡng chất dồi dào cho mùa hè thêm sôi động. 💦 Sản phẩm tự hào sử dụng Sữa Tươi Tươi Sạch Một Nguồn Duy Nhất từ Trang Trại NutiMilk Gia Lai, bổ sung thêm công thức NuVi Power độc quyền từ Viện Nghiên Cứu Dinh Dưỡng Nutifood Thụy Điển hỗ trợ bé phát triển chiều cao, tăng cường trí nhớ, mẹ yên tâm bổ sung thực đơn hè này cho bé nhé 😍 🍇🍊🍍 Bộ 4 sản phẩm Sữa Tươi Trái Cây Cam – Nho – Trái Cây Nhiệt Đới, nay có thêm DÂU 🍓 trọn vị ngon, tròn dinh dưỡng, cho bé sẵn sàng phiêu lưu khôn lớn suốt mùa hè! #NuVi #NuViPower #ThếGiớiNuVi #NuViSữaTươiTráiCâyDâu;True;#NuVi, #NuViPower, #ThếGiớiNuVi, #NuViSữaTươiTráiCâyDâu;4;;0;;0;193;0;6;11;67400;210;0.003115727002967359;High;20;Short;2024-07-16 05:07:26+00:00;2024-07-16 12:07:26+07:00;2024-07-16;2024.0;7.0;12.0;Tuesday
7.391693306717081e+18;https://www.tiktok.com/@ngoinhadinhduongnutifood/video/7391693306717080840;ngoinhadinhduongnutifood;"ĐỂ NUVI GIÚP BÉ CHỌN SỮA VỪA TƯƠI NGON, THANH MÁT LẠI VỪA DINH DƯỠNG NHÉ, MẸ ƠI ! 😍😍

🚀Thanh mát, tươi ngon, vị con yêu thích?

🚀Dinh dưỡng, an tâm cho mẹ?

Chiều mẹ và bé hè này, NuVi chính thức giới thiệu NuVi Sữa Tươi Trái Cây Vị Trái Cây Nhiệt Đới MỚI đậm chất hè, thơm ngon thanh mát, trọn dưỡng chất đây!!!

🍍Mang hơi thở mùa hè vùng nhiệt đới với THƠM ngọt ngào thanh mát quyện cùng CHANH DÂY chua ngọt bắt vị.

🍍Nước ép trái cây quyện cùng sữa tươi sạch, bổ sung thêm Vitamin A, Vitamin nhóm B và Vitamin D cho bé thêm khỏe, năng động đón hè vui bất tận.

💦Sản phẩm tự hào sử dụng Sữa Tươi Tươi Sạch Một Nguồn Duy Nhất từ Trang Trại NutiMilk Gia Lai, bổ sung thêm công thức NuVi Power độc quyền từ Viện Nghiên Cứu Dinh Dưỡng Nutifood Thụy Điển hỗ trợ bé phát triển chiều cao, tăng cường trí nhớ, mẹ yên tâm bổ sung thực đơn hè này cho bé nhé 😍

🍇🍊Bộ 3 Sữa Tươi Trái Cây Cam - Nho, nay thêm TRÁI CÂY NHIỆT ĐỚI 🍍trọn vị ngon, tròn dinh dưỡng, cho bé sẵn sàng phiêu lưu khôn lớn suốt mùa hè này!

#NuVi #NuViPower #ThếGiớiNuVi #NuViSữaTươiTráiCây";ĐỂ NUVI GIÚP BÉ CHỌN SỮA VỪA TƯƠI NGON, THANH MÁT LẠI VỪA DINH DƯỠNG NHÉ, MẸ ƠI ! 😍😍 🚀Thanh mát, tươi ngon, vị con yêu thích? 🚀Dinh dưỡng, an tâm cho mẹ? Chiều mẹ và bé hè này, NuVi chính thức giới thiệu NuVi Sữa Tươi Trái Cây Vị Trái Cây Nhiệt Đới MỚI đậm chất hè, thơm ngon thanh mát, trọn dưỡng chất đây!!! 🍍Mang hơi thở mùa hè vùng nhiệt đới với THƠM ngọt ngào thanh mát quyện cùng CHANH DÂY chua ngọt bắt vị. 🍍Nước ép trái cây quyện cùng sữa tươi sạch, bổ sung thêm Vitamin A, Vitamin nhóm B và Vitamin D cho bé thêm khỏe, năng động đón hè vui bất tận. 💦Sản phẩm tự hào sử dụng Sữa Tươi Tươi Sạch Một Nguồn Duy Nhất từ Trang Trại NutiMilk Gia Lai, bổ sung thêm công thức NuVi Power độc quyền từ Viện Nghiên Cứu Dinh Dưỡng Nutifood Thụy Điển hỗ trợ bé phát triển chiều cao, tăng cường trí nhớ, mẹ yên tâm bổ sung thực đơn hè này cho bé nhé 😍 🍇🍊Bộ 3 Sữa Tươi Trái Cây Cam - Nho, nay thêm TRÁI CÂY NHIỆT ĐỚI 🍍trọn vị ngon, tròn dinh dưỡng, cho bé sẵn sàng phiêu lưu khôn lớn suốt mùa hè này! #NuVi #NuViPower #ThếGiớiNuVi #NuViSữaTươiTráiCây;True;#NuVi, #NuViPower, #ThếGiớiNuVi, #NuViSữaTươiTráiCây;4;;0;;0;73;0;5;10;35600;88;0.0024719101123595504;High;11;Very short;2024-07-15 03:05:17+00:00;2024-07-15 10:05:17+07:00;2024-07-15;2024.0;7.0;10.0;Monday
7.386929226408087e+18;https://www.tiktok.com/@ngoinhadinhduongnutifood/video/7386929226408086791;ngoinhadinhduongnutifood;"🔥🔥🔥HOT HOT HOT🔥🔥🔥
NuVi chính thức giới thiệu tân binh Kem NuVi kể từ ngày 15/7. Các bạn đón chờ siêu phẩm sẽ xuất hiện trên các tủ kem của Merino và Celano trên toàn quốc nhé!
@NuVi World 
#NuVi #nuvikem ";🔥🔥🔥HOT HOT HOT🔥🔥🔥 NuVi chính thức giới thiệu tân binh Kem NuVi kể từ ngày 15/7. Các bạn đón chờ siêu phẩm sẽ xuất hiện trên các tủ kem của Merino và Celano trên toàn quốc nhé! @NuVi World #NuVi #nuvikem;True;#NuVi, #nuvikem;2;@NuVi;1;;0;27;0;2;7;6124;36;0.005878510777269758;Medium;5;Very short;2024-07-02 06:58:11+00:00;2024-07-02 13:58:11+07:00;2024-07-02;2024.0;7.0;13.0;Tuesday
7.386554821094002e+18;https://www.tiktok.com/@ngoinhadinhduongnutifood/video/7386554821094001927;ngoinhadinhduongnutifood;"UỐNG NUVI SĂN TRỨNG THẦN KỲ 
 TRỞ THÀNH THỢ SĂN LINH THÚ CHÍNH HIỆU CÙNG NUVI 

🎉 Mẹ ơi! Mùa hè này, NuVi mang đến chương trình khuyến mãi cực kỳ hấp dẫn dành cho các bé đây! Còn gì thú vị hơn khi việc bé yêu uống sữa mỗi ngày lại trở thành hành trình khám phá đầy thú vị ẩn giấu bên trong quả trứng thần kỳ NuVi!! 🥚🥚🥚
🎁🎁🎁 *TẶNG ngay 01 QUẢ TRỨNG THẦN KỲ NUVI 
👉 Khi Mua 06 Lốc Hộp 180ml/110ml  NuVi Thức Uống Sữa Tươi Trái Cây  Vị Cam/ Vị Nho/ Vị Trái Cây Nhiệt Đới. 🍊🍇🍍
💥Chỉ cần mua 06 lốc NuVi Thức Uống Sữa Tươi Trái Cây tươi ngon dinh dưỡng, bé yêu sẽ được sở hữu ngay 01 Trứng Thần Kỳ. Chắc chắn bé sẽ rất  thích thú khi được sưu tập và khám phá bộ sưu tập Linh Thú NuVi siêu đáng yêu có trong mỗi quả Trứng thần kỳ. 
Mẹ ơi! Cùng NuVi tạo nên mùa hè sôi động và tràn đầy niềm vui cho bé yêu nhé!
📍 Áp dụng khi mua trực tiếp  tại cửa hàng có bán sữa NuVi trên toàn quốc duy nhất từ ngày 01/07/2024  đến hết 10/08/2024. Không áp dụng tại hệ thống Ngôi Nhà Dinh Dưỡng, hệ thống siêu thị và các kênh bán hàng online khác.
Chương trình có thể kết thúc trước thời hạn khi hết quà. 
#NuVi #SữaTươiTráiCâyNuVi  #SănTrứngThầnKỳ #NuViPower";UỐNG NUVI SĂN TRỨNG THẦN KỲ TRỞ THÀNH THỢ SĂN LINH THÚ CHÍNH HIỆU CÙNG NUVI 🎉 Mẹ ơi! Mùa hè này, NuVi mang đến chương trình khuyến mãi cực kỳ hấp dẫn dành cho các bé đây! Còn gì thú vị hơn khi việc bé yêu uống sữa mỗi ngày lại trở thành hành trình khám phá đầy thú vị ẩn giấu bên trong quả trứng thần kỳ NuVi!! 🥚🥚🥚 🎁🎁🎁 *TẶNG ngay 01 QUẢ TRỨNG THẦN KỲ NUVI 👉 Khi Mua 06 Lốc Hộp 180ml/110ml NuVi Thức Uống Sữa Tươi Trái Cây Vị Cam/ Vị Nho/ Vị Trái Cây Nhiệt Đới. 🍊🍇🍍 💥Chỉ cần mua 06 lốc NuVi Thức Uống Sữa Tươi Trái Cây tươi ngon dinh dưỡng, bé yêu sẽ được sở hữu ngay 01 Trứng Thần Kỳ. Chắc chắn bé sẽ rất thích thú khi được sưu tập và khám phá bộ sưu tập Linh Thú NuVi siêu đáng yêu có trong mỗi quả Trứng thần kỳ. Mẹ ơi! Cùng NuVi tạo nên mùa hè sôi động và tràn đầy niềm vui cho bé yêu nhé! 📍 Áp dụng khi mua trực tiếp tại cửa hàng có bán sữa NuVi trên toàn quốc duy nhất từ ngày 01/07/2024 đến hết 10/08/2024. Không áp dụng tại hệ thống Ngôi Nhà Dinh Dưỡng, hệ thống siêu thị và các kênh bán hàng online khác. Chương trình có thể kết thúc trước thời hạn khi hết quà. #NuVi #SữaTươiTráiCâyNuVi #SănTrứngThầnKỳ #NuViPower;True;#NuVi, #SữaTươiTráiCâyNuVi, #SănTrứngThầnKỳ, #NuViPower;4;;0;;0;32;0;2;3;4856;37;0.007619439868204283;Medium;10;Very short;2024-07-01 06:46:40+00:00;2024-07-01 13:46:40+07:00;2024-07-01;2024.0;7.0;13.0;Monday
7.386553973651623e+18;https://www.tiktok.com/@ngoinhadinhduongnutifood/video/7386553973651623176;ngoinhadinhduongnutifood;"🥛HÈ THẬT TƯƠI MỚI VỚI NUVI SỮA TƯƠI TRÁI CÂY NHIỆT ĐỚI 
CHUẨN DINH DƯỠNG MẸ CHỌN, TRỌN VỊ THANH MÁT TƯƠI NGON!

Sữa phải vừa TƯƠI NGON THANH MÁT mà phải DINH DƯỠNG cho con yêu vào mùa hè này??? Mẹ yên tâm nhé, chuyện gì khó có NuVi lo. 
NuVi xin “trình làng” sản phẩm MỚI - Sữa Tươi Trái Cây Vị Trái Cây Nhiệt Đới - hương vị thanh mát cho con đủ đầy dinh dưỡng, sẵn sàng trải nghiệm mùa hè đầy thú vị với: 
🎁Nước ép trái cây tươi nguyên chất từ THƠM NGỌT THANH MÁT hòa quyện cùng CHANH DÂY CHUA DỊU HÀI HÒA , đánh thức vị giác của bé yêu. 
🎁 Đặc biệt, sản phẩm sử dụng sữa tươi sạch một nguồn từ Trang Trại NutiMilk Gia Lai cho chất lượng sữa đồng đều và tươi ngon, bổ sung thêm công thức NuVi Power độc quyền từ Viện Nghiên Cứu Dinh Dưỡng Nutifood Thụy Điển hỗ trợ phát triển chiều cao và tăng cường trí nhớ cho bé!
😍Mẹ còn chần chờ gì mà không trao con bộ đôi tròn dinh dưỡng, trọn thơm ngon thanh mát cho mùa hè này #NuVi #NuViPower #SữaTươiTráiCâyNhiệtĐới 
#";🥛HÈ THẬT TƯƠI MỚI VỚI NUVI SỮA TƯƠI TRÁI CÂY NHIỆT ĐỚI CHUẨN DINH DƯỠNG MẸ CHỌN, TRỌN VỊ THANH MÁT TƯƠI NGON! Sữa phải vừa TƯƠI NGON THANH MÁT mà phải DINH DƯỠNG cho con yêu vào mùa hè này??? Mẹ yên tâm nhé, chuyện gì khó có NuVi lo. NuVi xin “trình làng” sản phẩm MỚI - Sữa Tươi Trái Cây Vị Trái Cây Nhiệt Đới - hương vị thanh mát cho con đủ đầy dinh dưỡng, sẵn sàng trải nghiệm mùa hè đầy thú vị với: 🎁Nước ép trái cây tươi nguyên chất từ THƠM NGỌT THANH MÁT hòa quyện cùng CHANH DÂY CHUA DỊU HÀI HÒA , đánh thức vị giác của bé yêu. 🎁 Đặc biệt, sản phẩm sử dụng sữa tươi sạch một nguồn từ Trang Trại NutiMilk Gia Lai cho chất lượng sữa đồng đều và tươi ngon, bổ sung thêm công thức NuVi Power độc quyền từ Viện Nghiên Cứu Dinh Dưỡng Nutifood Thụy Điển hỗ trợ phát triển chiều cao và tăng cường trí nhớ cho bé! 😍Mẹ còn chần chờ gì mà không trao con bộ đôi tròn dinh dưỡng, trọn thơm ngon thanh mát cho mùa hè này #NuVi #NuViPower #SữaTươiTráiCâyNhiệtĐới #;True;#NuVi, #NuViPower, #SữaTươiTráiCâyNhiệtĐới;3;;0;;0;20;0;5;4;5482;29;0.005290040131338928;Medium;5;Very short;2024-07-01 06:43:44+00:00;2024-07-01 13:43:44+07:00;2024-07-01;2024.0;7.0;13.0;Monday
7.384280157575466e+18;https://www.tiktok.com/@ngoinhadinhduongnutifood/video/7384280157575466248;ngoinhadinhduongnutifood;"💥 Khám phá điều bất ngờ sắp diễn ra từ 01/07/2024- 10/08/2024, mẹ và bé đã sẵn sàng nhập cuộc? 
#NuVi #NuViPower #ThếGiớiNuVi";💥 Khám phá điều bất ngờ sắp diễn ra từ 01/07/2024- 10/08/2024, mẹ và bé đã sẵn sàng nhập cuộc? #NuVi #NuViPower #ThếGiớiNuVi;True;#NuVi, #NuViPower, #The;3;;0;;0;11;0;1;1;1930;13;0.006735751295336788;Medium;40;Medium;2024-06-25 03:38:26+00:00;2024-06-25 10:38:26+07:00;2024-06-25;2024.0;6.0;10.0;Tuesday
7.381839132412235e+18;https://www.tiktok.com/@ngoinhadinhduongnutifood/video/7381839132412235016;ngoinhadinhduongnutifood;Voucher Giảm 10% & 15% từ Tiktokshop với giá siêu tốt, tranh thủ ngay bạn nhé #NuVi #NutiMilk #TikTokShop ;Voucher Giảm 10% & 15% từ Tiktokshop với giá siêu tốt, tranh thủ ngay bạn nhé #NuVi #NutiMilk #TikTokShop;True;#NuVi, #NutiMilk, #TikTokShop;3;;0;;0;15;0;3;1;3442;19;0.0055200464846019755;Medium;33;Medium;2024-06-18 13:46:00+00:00;2024-06-18 20:46:00+07:00;2024-06-18;2024.0;6.0;20.0;Tuesday
7.343104869932322e+18;https://www.tiktok.com/@ngoinhadinhduongnutifood/video/7343104869932322050;ngoinhadinhduongnutifood;"MÙA 5 CHƯƠNG TRÌNH NẠP NUVI - SĂN LINH THÚ ĐỔI SIÊU QUÀ ĐÃ TRỞ LẠI RỒI ĐÂY 💥 

Từ 01/03/2024 - 15/07/2024, hãy cùng NuVi chinh phục hành trình săn Linh thú và sưu tầm Thẻ đổi quà có trong mỗi lốc/thùng sữa NuVi để “tậu” về nhiều phần quà siêu hấp dẫn cho bé thoả sức chất chơi đón hè:

😍 Săn 24 THẺ ĐỔI QUÀ nhận ngay 01 ĐỒNG HỒ ĐẬP TAY CÁ TÍNH trị giá 79K.
😍 Săn 36 THẺ ĐỔI QUÀ nhận ngay 01 HỘP MÀU HÀNH LÝ HỌA SĨ NHÍ trị giá 139K, nay có thêm màu Acrylic hiện đại - siêu bền trên mọi chất liệu.
😍 Săn 48 THẺ ĐỔI QUÀ nhận ngay 01 BALO VẬN ĐỘNG SIÊU CẤP trị giá 199K, đồng hành cùng bé trên mọi chuyến đi.

✨ Chương trình bắt đầu từ 01/03/2024 và kết thúc đổi thẻ vào 15/07/2024.
✨ Hạn chót NuVi trao quà cho khách hàng trúng giải: 31/07/2024.

👉 Truy cập website để có nhiều thông tin hơn: https://nuvi.com.vn/news/nap-nuvi-san-linh-thu-doi-sieu-qua-mua-5

#NuVi #NuViWorld #ThếGiớiNuVi #SănLinhThúĐổiSiêuQuà";MÙA 5 CHƯƠNG TRÌNH NẠP NUVI - SĂN LINH THÚ ĐỔI SIÊU QUÀ ĐÃ TRỞ LẠI RỒI ĐÂY 💥 Từ 01/03/2024 - 15/07/2024, hãy cùng NuVi chinh phục hành trình săn Linh thú và sưu tầm Thẻ đổi quà có trong mỗi lốc/thùng sữa NuVi để “tậu” về nhiều phần quà siêu hấp dẫn cho bé thoả sức chất chơi đón hè: 😍 Săn 24 THẺ ĐỔI QUÀ nhận ngay 01 ĐỒNG HỒ ĐẬP TAY CÁ TÍNH trị giá 79K. 😍 Săn 36 THẺ ĐỔI QUÀ nhận ngay 01 HỘP MÀU HÀNH LÝ HỌA SĨ NHÍ trị giá 139K, nay có thêm màu Acrylic hiện đại - siêu bền trên mọi chất liệu. 😍 Săn 48 THẺ ĐỔI QUÀ nhận ngay 01 BALO VẬN ĐỘNG SIÊU CẤP trị giá 199K, đồng hành cùng bé trên mọi chuyến đi. ✨ Chương trình bắt đầu từ 01/03/2024 và kết thúc đổi thẻ vào 15/07/2024. ✨ Hạn chót NuVi trao quà cho khách hàng trúng giải: 31/07/2024. 👉 Truy cập website để có nhiều thông tin hơn: https://nuvi.com.vn/news/nap-nuvi-san-linh-thu-doi-sieu-qua-mua-5 #NuVi #NuViWorld #ThếGiớiNuVi #SănLinhThúĐổiSiêuQuà;True;#NuVi, #NuViWorld, #ThếGiớiNuVi, #SănLinhThúĐổiSiêuQuà;4;;0;https://nuvi.com.vn/news/nap-nuvi-san-linh-thu-doi-sieu-qua-mua-5;1;1205;1;49;52;1300000;1307;0.0010053846153846155;Very High;6;Very short;2024-03-06 04:37:22+00:00;2024-03-06 11:37:22+07:00;2024-03-06;2024.0;3.0;11.0;Wednesday
7.342800791482174e+18;https://www.tiktok.com/@ngoinhadinhduongnutifood/video/7342800791482174722;ngoinhadinhduongnutifood;"MÙA 5 CHƯƠNG TRÌNH NẠP NUVI - SĂN LINH THÚ ĐỔI SIÊU QUÀ ĐÃ TRỞ LẠI RỒI ĐÂY 💥 

Từ 01/03/2024 - 15/07/2024, hãy cùng NuVi chinh phục hành trình săn Linh thú và sưu tầm Thẻ đổi quà có trong mỗi lốc/thùng sữa NuVi để “tậu” về nhiều phần quà siêu hấp dẫn cho bé thoả sức chất chơi đón hè:

😍 Săn 24 THẺ ĐỔI QUÀ nhận ngay 01 ĐỒNG HỒ ĐẬP TAY CÁ TÍNH trị giá 79K.
😍 Săn 36 THẺ ĐỔI QUÀ nhận ngay 01 HỘP MÀU HÀNH LÝ HỌA SĨ NHÍ trị giá 139K, nay có thêm màu Acrylic hiện đại - siêu bền trên mọi chất liệu.
😍 Săn 48 THẺ ĐỔI QUÀ nhận ngay 01 BALO VẬN ĐỘNG SIÊU CẤP trị giá 199K, đồng hành cùng bé trên mọi chuyến đi.

✨ Chương trình bắt đầu từ 01/03/2024 và kết thúc đổi thẻ vào 15/07/2024.
✨ Hạn chót NuVi trao quà cho khách hàng trúng giải: 31/07/2024.

👉 Truy cập website để có nhiều thông tin hơn: https://nuvi.com.vn/news/nap-nuvi-san-linh-thu-doi-sieu-qua-mua-5

#NuVi #NuViWorld #ThếGiớiNuVi #SănLinhThúĐổiSiêuQuà";MÙA 5 CHƯƠNG TRÌNH NẠP NUVI - SĂN LINH THÚ ĐỔI SIÊU QUÀ ĐÃ TRỞ LẠI RỒI ĐÂY 💥 Từ 01/03/2024 - 15/07/2024, hãy cùng NuVi chinh phục hành trình săn Linh thú và sưu tầm Thẻ đổi quà có trong mỗi lốc/thùng sữa NuVi để “tậu” về nhiều phần quà siêu hấp dẫn cho bé thoả sức chất chơi đón hè: 😍 Săn 24 THẺ ĐỔI QUÀ nhận ngay 01 ĐỒNG HỒ ĐẬP TAY CÁ TÍNH trị giá 79K. 😍 Săn 36 THẺ ĐỔI QUÀ nhận ngay 01 HỘP MÀU HÀNH LÝ HỌA SĨ NHÍ trị giá 139K, nay có thêm màu Acrylic hiện đại - siêu bền trên mọi chất liệu. 😍 Săn 48 THẺ ĐỔI QUÀ nhận ngay 01 BALO VẬN ĐỘNG SIÊU CẤP trị giá 199K, đồng hành cùng bé trên mọi chuyến đi. ✨ Chương trình bắt đầu từ 01/03/2024 và kết thúc đổi thẻ vào 15/07/2024. ✨ Hạn chót NuVi trao quà cho khách hàng trúng giải: 31/07/2024. 👉 Truy cập website để có nhiều thông tin hơn: https://nuvi.com.vn/news/nap-nuvi-san-linh-thu-doi-sieu-qua-mua-5 #NuVi #NuViWorld #ThếGiớiNuVi #SănLinhThúĐổiSiêuQuà;True;#NuVi, #NuViWorld, #ThếGiớiNuVi, #SănLinhThúĐổiSiêuQuà;4;;0;https://nuvi.com.vn/news/nap-nuvi-san-linh-thu-doi-sieu-qua-mua-5;1;1433;1;81;53;1500000;1568;0.0010453333333333332;Very High;30;Short;2024-03-05 08:57:22+00:00;2024-03-05 15:57:22+07:00;2024-03-05;2024.0;3.0;15.0;Tuesday
7.341262435384364e+18;https://www.tiktok.com/@ngoinhadinhduongnutifood/video/7341262435384364296;ngoinhadinhduongnutifood;"MUA NUVI, SĂN NGAY TRỨNG THẦN KỲ VÀ BỘ DỤNG CỤ HỌC TẬP SÁNG TẠO 🤩

Vừa uống sữa ngon, vừa nhai thạch giòn, bé còn nhận được “siêu” quà từ NuVi, mẹ ơi đừng bỏ lỡ cơ hội này nhé!

🎁 Mua 06 lốc Sữa Thạch NuVi – Nhận ngay 01 Trứng Thần Kỳ.
🎁 Mua 12 lốc Sữa Thạch NuVi – Nhận ngay 02 Trứng Thần Kỳ HOẶC 01 Bộ Dụng Cụ Học Tập Sáng Tạo.

👉🏻 Sản phẩm áp dụng:
🌾 NuVi Thức Uống Sữa Lúa Mạch Cacao Có Thạch Hộp 170ml và 100ml.
🍊 NuVi Thức Uống Sữa Trái Cây Hương Cam Có Thạch Hộp 170ml và 100ml.
🍓 NuVi Sữa Chua Uống Dâu Có Thạch Hộp 170ml và Hộp 100ml.

👉🏻 Khu vực áp dụng: Cửa hàng tạp hóa tại Khu vực Nghệ An, Hà Tĩnh, Quảng Bình, Quảng Trị, Thừa Thiên Huế, Đà Nẵng, Quảng Nam, Quảng Ngãi, Bình Định và Phú Yên.
*Chương trình không áp dụng tại Siêu Thị, hệ thống cửa hàng Nutifood Ngôi Nhà Dinh Dưỡng.

👉🏻 Thời gian áp dụng: 01/03/2024 – 31/03/2024. Chương trình có thể kết thúc trước thời hạn khi hết quà tặng.

Mua NuVi – Rinh Ngay Quà Chất!
#nuvi #nuviworld #thếgiớinuvi";MUA NUVI, SĂN NGAY TRỨNG THẦN KỲ VÀ BỘ DỤNG CỤ HỌC TẬP SÁNG TẠO 🤩 Vừa uống sữa ngon, vừa nhai thạch giòn, bé còn nhận được “siêu” quà từ NuVi, mẹ ơi đừng bỏ lỡ cơ hội này nhé! 🎁 Mua 06 lốc Sữa Thạch NuVi – Nhận ngay 01 Trứng Thần Kỳ. 🎁 Mua 12 lốc Sữa Thạch NuVi – Nhận ngay 02 Trứng Thần Kỳ HOẶC 01 Bộ Dụng Cụ Học Tập Sáng Tạo. 👉🏻 Sản phẩm áp dụng: 🌾 NuVi Thức Uống Sữa Lúa Mạch Cacao Có Thạch Hộp 170ml và 100ml. 🍊 NuVi Thức Uống Sữa Trái Cây Hương Cam Có Thạch Hộp 170ml và 100ml. 🍓 NuVi Sữa Chua Uống Dâu Có Thạch Hộp 170ml và Hộp 100ml. 👉🏻 Khu vực áp dụng: Cửa hàng tạp hóa tại Khu vực Nghệ An, Hà Tĩnh, Quảng Bình, Quảng Trị, Thừa Thiên Huế, Đà Nẵng, Quảng Nam, Quảng Ngãi, Bình Định và Phú Yên. *Chương trình không áp dụng tại Siêu Thị, hệ thống cửa hàng Nutifood Ngôi Nhà Dinh Dưỡng. 👉🏻 Thời gian áp dụng: 01/03/2024 – 31/03/2024. Chương trình có thể kết thúc trước thời hạn khi hết quà tặng. Mua NuVi – Rinh Ngay Quà Chất! #nuvi #nuviworld #thếgiớinuvi;True;#nuvi, #nuviworld, #thếgiớinuvi;3;;0;;0;387;0;23;15;425600;425;0.0009985902255639097;Very High;10;Very short;2024-03-01 05:27:43+00:00;2024-03-01 12:27:43+07:00;2024-03-01;2024.0;3.0;12.0;Friday
7.322019577297145e+18;https://www.tiktok.com/@ngoinhadinhduongnutifood/video/7322019577297145106;ngoinhadinhduongnutifood;"Còn mấy cái chủ nhật nữa là đến Tết Âm Lịch 2024 rồi, bạn muốn kiếm thêm thu nhập? Tham gia chương trình Affiliate của Nutifood ngay! Hoa hồng lên đến 10%, dễ tham gia, ai cũng làm được. Xem ngay nhé!

#Affiliate #Nutifood #NuVi #kiếmtiềncùngNutifood";Còn mấy cái chủ nhật nữa là đến Tết Âm Lịch 2024 rồi, bạn muốn kiếm thêm thu nhập? Tham gia chương trình Affiliate của Nutifood ngay! Hoa hồng lên đến 10%, dễ tham gia, ai cũng làm được. Xem ngay nhé! #Affiliate #Nutifood #NuVi #kiếmtiềncùngNutifood;True;#Affiliate, #Nutifood, #NuVi, #kiếmtiềncùngNutifood;4;;0;;0;111;0;9;10;29300;130;0.004436860068259386;High;177;Long;2024-01-09 08:55:41+00:00;2024-01-09 15:55:41+07:00;2024-01-09;2024.0;1.0;15.0;Tuesday
7.298264593414032e+18;https://www.tiktok.com/@ngoinhadinhduongnutifood/video/7298264593414032642;ngoinhadinhduongnutifood;Có một nơi gọi là Bình Yên ... Bạn có đoán được chốn bình yên này ở đâu không? ;Có một nơi gọi là Bình Yên ... Bạn có đoán được chốn bình yên này ở đâu không?;True;;0;;0;;0;77;0;3;10;10600;90;0.008490566037735849;High;20;Short;2023-11-06 08:34:10+00:00;2023-11-06 15:34:10+07:00;2023-11-06;2023.0;11.0;15.0;Monday
7.297869205154565e+18;https://www.tiktok.com/@ngoinhadinhduongnutifood/video/7297869205154565378;ngoinhadinhduongnutifood;6-11/11 này có deal ngon xỉu ❤️ Săn DEAL thật nhiều, TO NHỎ chuyện vui cùng Bò Bò nha! #NuVi #NutiMilk #Nutifood;6-11/11 này có deal ngon xỉu ❤️ Săn DEAL thật nhiều, TO NHỎ chuyện vui cùng Bò Bò nha! #NuVi #NutiMilk #Nutifood;True;#NuVi, #NutiMilk, #Nutifood;3;;0;;0;1506;0;86;40;535700;1632;0.00304648123949972;Very High;134;Long;2023-11-05 06:59:53+00:00;2023-11-05 13:59:53+07:00;2023-11-05;2023.0;11.0;13.0;Sunday
7.296426458854051e+18;https://www.tiktok.com/@ngoinhadinhduongnutifood/video/7296426458854051090;ngoinhadinhduongnutifood;"02 CHAI NUVI SỮA UỐNG LÊN MEN MỖI NGÀY - BÉ TĂNG MIỄN DỊCH - MẸ YÊN TÂM NGAY!!!
Chớp ngay bí kíp tối ưu 70 % hệ miễn dịch tại đường ruột cho bé với 2 chai NuVi Sữa Uống Lên Men mỗi ngày nhờ:
👉 Chất xơ hòa tan 𝗣𝗿𝗲𝗯𝗶𝗼𝘁𝗶𝗰𝘀: Làm thức ăn cho lợi khuẩn giúp hệ vi sinh đường ruột cân bằng, TỐT CHO TIÊU HÓA.
👉 Chất Kẽm: Tối ưu chuyển hóa năng lượng, trẻ ăn uống ngon miệng, TĂNG CƯỜNG MIỄN DỊCH chống bệnh nhiễm trùng
#NuVi #NuViWorld #ThếGiớiNuVi#SuaUongLenMenn #2ChaiMoiNgay";02 CHAI NUVI SỮA UỐNG LÊN MEN MỖI NGÀY - BÉ TĂNG MIỄN DỊCH - MẸ YÊN TÂM NGAY!!! Chớp ngay bí kíp tối ưu 70 % hệ miễn dịch tại đường ruột cho bé với 2 chai NuVi Sữa Uống Lên Men mỗi ngày nhờ: 👉 Chất xơ hòa tan 𝗣𝗿𝗲𝗯𝗶𝗼𝘁𝗶𝗰𝘀: Làm thức ăn cho lợi khuẩn giúp hệ vi sinh đường ruột cân bằng, TỐT CHO TIÊU HÓA. 👉 Chất Kẽm: Tối ưu chuyển hóa năng lượng, trẻ ăn uống ngon miệng, TĂNG CƯỜNG MIỄN DỊCH chống bệnh nhiễm trùng #NuVi #NuViWorld #ThếGiớiNuVi#SuaUongLenMenn #2ChaiMoiNgay;True;#NuVi, #NuViWorld, #ThếGiớiNuVi, #SuaUongLenMenn, #2ChaiMoiNgay;5;;0;;0;139;0;18;17;27700;174;0.006281588447653429;High;15;Very short;2023-11-01 09:41:12+00:00;2023-11-01 16:41:12+07:00;2023-11-01;2023.0;11.0;16.0;Wednesday
7.29642495433204e+18;https://www.tiktok.com/@ngoinhadinhduongnutifood/video/7296424954332040455;ngoinhadinhduongnutifood;"NUVI NƯỚC RAU CỦ QUẢ - Tiêu Hóa Khỏe Mỗi Ngày - Khám phá thật nhiều điều kỳ diệu tại Vùng đất rau củ quả của Thỏ Thần cùng Nu và Vi nha các bé ơi 🧡
#Nutifood #Nuvi #RauCủQuả #Nu #Vi #ThỏThần";NUVI NƯỚC RAU CỦ QUẢ - Tiêu Hóa Khỏe Mỗi Ngày - Khám phá thật nhiều điều kỳ diệu tại Vùng đất rau củ quả của Thỏ Thần cùng Nu và Vi nha các bé ơi 🧡 #Nutifood #Nuvi #RauCủQuả #Nu #Vi #ThỏThần;True;#Nutifood, #Nuvi, #RauCủQuả, #Nu, #Vi, #ThỏThần;6;;0;;0;71;0;9;9;11700;89;0.007606837606837607;High;15;Very short;2023-11-01 09:35:22+00:00;2023-11-01 16:35:22+07:00;2023-11-01;2023.0;11.0;16.0;Wednesday
7.296424196421258e+18;https://www.tiktok.com/@ngoinhadinhduongnutifood/video/7296424196421258503;ngoinhadinhduongnutifood;"NuVi Thạch Trái Cây đây mẹ và bé ơi! Nay có hai vị Đào, Nho, vừa có thêm 20 % nước ép trái cây bổ dưỡng, vừa có cách ăn thật vui BÓP - HÚT - NHAI. NuVi Thạch Trái Cây - Dai ngon thật đã!!!
#nuvi #nuvipower #nuvithachtraicay
#nuvithachtraicaydao #nuvithachtraicaynho #fyp #trending #xuhuong";NuVi Thạch Trái Cây đây mẹ và bé ơi! Nay có hai vị Đào, Nho, vừa có thêm 20 % nước ép trái cây bổ dưỡng, vừa có cách ăn thật vui BÓP - HÚT - NHAI. NuVi Thạch Trái Cây - Dai ngon thật đã!!! #nuvi #nuvipower #nuvithachtraicay #nuvithachtraicaydao #nuvithachtraicaynho #fyp #trending #xuhuong;True;#nuvi, #nuvipower, #nuvithachtraicay, #nuvithachtraicaydao, #nuvithachtraicaynho, #fyp, #trending, #xuhuong;8;;0;;0;55;4;7;11;8409;77;0.00915685574979189;Medium;30;Short;2023-11-01 09:32:25+00:00;2023-11-01 16:32:25+07:00;2023-11-01;2023.0;11.0;16.0;Wednesday
7.296422822342118e+18;https://www.tiktok.com/@ngoinhadinhduongnutifood/video/7296422822342118664;ngoinhadinhduongnutifood;"NuVi Thạch Sữa Lúa Mạch Mới 🌾 Giòn giòn dai dai, Hút nhau dzui cực! Thử ngay bạn ơi 🤤🤤🤤 NuVi Thạch Ngon, Dai Giòn Thật Đãaaaa!!!
#NuVi #NuViPower #ThếGiớiNuVi #NuViThạchSữaLúaMạch #NuViThạchTráiCâyĐào #NuViThạchTráiCâyNho #fyp";NuVi Thạch Sữa Lúa Mạch Mới 🌾 Giòn giòn dai dai, Hút nhau dzui cực! Thử ngay bạn ơi 🤤🤤🤤 NuVi Thạch Ngon, Dai Giòn Thật Đãaaaa!!! #NuVi #NuViPower #ThếGiớiNuVi #NuViThạchSữaLúaMạch #NuViThạchTráiCâyĐào #NuViThạchTráiCâyNho #fyp;True;#NuVi, #NuViPower, #ThếGiớiNuVi, #NuViThạchSữaLúaMạch, #NuViThạchTráiCâyĐào, #NuViThạchTráiCâyNho, #fyp;7;;0;;0;37;0;4;12;7072;53;0.007494343891402715;Medium;6;Very short;2023-11-01 09:27:05+00:00;2023-11-01 16:27:05+07:00;2023-11-01;2023.0;11.0;16.0;Wednesday
7.640610922205122e+18;https://www.tiktok.com/@derektpratt/video/7640610922205121806;derektpratt;"Busy schedule, hard training, nonstop days… that’s why I stay fueled with @Nutré Meal Plans 🔥

The Buff Mac & Cheese might honestly be one of the best meals on their menu. Great taste, quality ingredients, high protein, and it actually keeps me on track with my goals without wasting time cooking. The best part? Their entire menu is loaded with options that make eating healthy easy every single day.

Good food = better performance 👊

Use code DPRATT for 40% off your order and tap in with Nutre today!";Busy schedule, hard training, nonstop days… that’s why I stay fueled with @Nutré Meal Plans 🔥 The Buff Mac & Cheese might honestly be one of the best meals on their menu. Great taste, quality ingredients, high protein, and it actually keeps me on track with my goals without wasting time cooking. The best part? Their entire menu is loaded with options that make eating healthy easy every single day. Good food = better performance 👊 Use code DPRATT for 40% off your order and tap in with Nutre today!;True;;0;@Nutré;1;;0;127;6;0;6;2022;139;0.06874381800197824;Medium;69;Long;2026-05-16 21:53:03+00:00;2026-05-17 04:53:03+07:00;2026-05-17;2026.0;5.0;4.0;Sunday
7.608639739150831e+18;https://www.tiktok.com/@neitfood/video/7608639739150830855;neitfood;با بهترین میوه خوشک وطن در خدمت دوستان هستیم#میوه #میوه_خشک #برنج #سویدن🇸🇪 #افغانی ;با بهترین میوه خوشک وطن در خدمت دوستان هستیم#میوه #میوه_خشک #برنج #سویدن🇸🇪 #افغانی;True;#میوه, #میوه_خشک, #برنج, #سویدن, #افغانی;5;;0;;0;1682;197;310;325;87100;2514;0.02886337543053961;High;56;Medium;2026-02-19 18:08:16+00:00;2026-02-20 01:08:16+07:00;2026-02-20;2026.0;2.0;1.0;Friday
7.296420360684129e+18;https://www.tiktok.com/@ngoinhadinhduongnutifood/video/7296420360684129544;ngoinhadinhduongnutifood;"NuVi Thạch Trái Cây Nho MỚI 🍇 Thêm 20 % nước ép trái cây, không sử dụng chất bảo quản cho chất thạch dai giòn mang lại cảm giác hút nhai cực đã. NuVi Thạch Trái Cây - Dai Ngon Thật Đãaaaa!
#nuvi #nuvipower #thachtraicay #nuvithachtraicaynho #fyp #trending";NuVi Thạch Trái Cây Nho MỚI 🍇 Thêm 20 % nước ép trái cây, không sử dụng chất bảo quản cho chất thạch dai giòn mang lại cảm giác hút nhai cực đã. NuVi Thạch Trái Cây - Dai Ngon Thật Đãaaaa! #nuvi #nuvipower #thachtraicay #nuvithachtraicaynho #fyp #trending;True;#nuvi, #nuvipower, #thachtraicay, #nuvithachtraicaynho, #fyp, #trending;6;;0;;0;71;0;15;12;16000;98;0.006125;High;7;Very short;2023-11-01 09:17:32+00:00;2023-11-01 16:17:32+07:00;2023-11-01;2023.0;11.0;16.0;Wednesday
7.296416353110543e+18;https://www.tiktok.com/@ngoinhadinhduongnutifood/video/7296416353110543623;ngoinhadinhduongnutifood;"NUVI THẠCH TRÁI CÂY GÓI 20GR MỚI - THẠCH NGON DAI GIÒN, HÚT NHAI CỰC ĐÃ

NuVi Thạch Trái Cây gói 20g mới với thành phần thêm 20 % nước ép trái cây, không sử dụng chất bảo quản cho chất thạch dai giòn mang lại trải nghiệm hút nhai cực đã. Ngoài ra sản phẩm còn bổ sung công thức NuVi Power độc quyền được nghiên cứu và phát triển bởi các chuyên gia từ Viện nghiên cứu dinh dưỡng Nutifood Thụy Điển cung cấp năng lượng và tăng cường trí nhớ cho trẻ. THỬ NGAY!

#NuVi #NuViWorld #ThếGiớiNuVi #ThạchTráiCây #ThêmNướcÉpTráiCây #KhôngChấtBảoQuản";NUVI THẠCH TRÁI CÂY GÓI 20GR MỚI - THẠCH NGON DAI GIÒN, HÚT NHAI CỰC ĐÃ NuVi Thạch Trái Cây gói 20g mới với thành phần thêm 20 % nước ép trái cây, không sử dụng chất bảo quản cho chất thạch dai giòn mang lại trải nghiệm hút nhai cực đã. Ngoài ra sản phẩm còn bổ sung công thức NuVi Power độc quyền được nghiên cứu và phát triển bởi các chuyên gia từ Viện nghiên cứu dinh dưỡng Nutifood Thụy Điển cung cấp năng lượng và tăng cường trí nhớ cho trẻ. THỬ NGAY! #NuVi #NuViWorld #ThếGiớiNuVi #ThạchTráiCây #ThêmNướcÉpTráiCây #KhôngChấtBảoQuản;True;#NuVi, #NuViWorld, #ThếGiớiNuVi, #ThạchTráiCây, #ThêmNướcÉpTráiCây, #KhôngChấtBảoQuản;6;;0;;0;191;0;19;22;35600;232;0.00651685393258427;High;10;Very short;2023-11-01 09:01:59+00:00;2023-11-01 16:01:59+07:00;2023-11-01;2023.0;11.0;16.0;Wednesday
7.294284973136268e+18;https://www.tiktok.com/@ngoinhadinhduongnutifood/video/7294284973136268552;ngoinhadinhduongnutifood;Livestream không chỉ SĂN DEAL, mà còn là nơI để CHILL cùng với Nuvi và NutiMilk gia đình mình nhé. Ụmmmm bò! #NuVi #NutiMilk ;Livestream không chỉ SĂN DEAL, mà còn là nơI để CHILL cùng với Nuvi và NutiMilk gia đình mình nhé. Ụmmmm bò! #NuVi #NutiMilk;True;#NuVi, #NutiMilk;2;;0;;0;1502;0;81;32;1300000;1615;0.0012423076923076923;Very High;96;Long;2023-10-26 15:11:08+00:00;2023-10-26 22:11:08+07:00;2023-10-26;2023.0;10.0;22.0;Thursday
7.281587911366069e+18;https://www.tiktok.com/@ngoinhadinhduongnutifood/video/7281587911366069505;ngoinhadinhduongnutifood;NuVi Truyện Ngắn 11 | Vicky lấy được mật mã #NUVIGOCTRUYENNGANCUOITUOITAN;NuVi Truyện Ngắn 11 | Vicky lấy được mật mã #NUVIGOCTRUYENNGANCUOITUOITAN;True;#NUVIGOCTRUYENNGANCUOITUOITAN;1;;0;;0;99;0;10;21;10100;130;0.01287128712871287;High;0;Very short;2023-09-22 10:00:04+00:00;2023-09-22 17:00:04+07:00;2023-09-22;2023.0;9.0;17.0;Friday
7.28153450222725e+18;https://www.tiktok.com/@ngoinhadinhduongnutifood/video/7281534502227250450;ngoinhadinhduongnutifood;NuVi Thạch Sữa Lúa Mạch Mới – Giòn giòn Dai dai, Hút nhau dzui cực! Thử ngay Bạn ơi!!! 🤤🤤🤤 NuVi Thạch Ngon, Dai Giòn Thật Đãaaaa!!! #NuVi #NuViPower #ThếGiớiNuVi #NuViThạchSữaLúaMạch #NuViThạchTráiCâyĐào #NuViThạchTráiCâyNho #fyp;NuVi Thạch Sữa Lúa Mạch Mới – Giòn giòn Dai dai, Hút nhau dzui cực! Thử ngay Bạn ơi!!! 🤤🤤🤤 NuVi Thạch Ngon, Dai Giòn Thật Đãaaaa!!! #NuVi #NuViPower #ThếGiớiNuVi #NuViThạchSữaLúaMạch #NuViThạchTráiCâyĐào #NuViThạchTráiCâyNho #fyp;True;#NuVi, #NuViPower, #ThếGiớiNuVi, #NuViThạchSữaLúaMạch, #NuViThạchTráiCâyĐào, #NuViThạchTráiCâyNho, #fyp;7;;0;;0;16900;0;697;64;12600000;17661;0.0014016666666666667;Very High;6;Very short;2023-09-22 06:33:34+00:00;2023-09-22 13:33:34+07:00;2023-09-22;2023.0;9.0;13.0;Friday
7.280783294369631e+18;https://www.tiktok.com/@ngoinhadinhduongnutifood/video/7280783294369631496;ngoinhadinhduongnutifood;"NuVi vừa tung ra bộ quà cực chất cho việc học tập thêm sáng tạo và hăng say!!!

Từ 20/09/2023 - 31/01/2024, hãy cùng NuVi chinh phục hành trình săn Linh thú và sưu tầm Thẻ đổi quà có trong mỗi lốc sữa NuVi để “rinh” về nhiều phần quà cực đỉnh tại Chương trình “NẠP NUVI – SĂN LINH THÚ ĐỔI SIÊU QUÀ MÙA 4”.

Vừa uống sữa ngon vừa có cơ hội rinh siêu quà:
😍 Săn 24 THẺ ĐỔI QUÀ nhận ngay 01 BỘ DỤNG CỤ HỌC TẬP SÁNG TẠO.
😍 Săn 36 THẺ ĐỔI QUÀ nhận ngay 01 BÌNH NĂNG LƯỢNG SIÊU NGẦU.
😍 Săn 48 THẺ ĐỔI QUÀ nhận ngay 01 BALO SIÊU CẤP.
😍 Săn 48 THẺ ĐỔI QUÀ + 01 THẺ IPAD nhận ngay 01 IPAD GEN 9 64GB THỜI THƯỢNG.

👉 Hạn chót thu Thẻ Đổi Quà NuVi: Hết ngày 31/01/2024.
👉 Hạn chót NuVi trao quà cho khách hàng trúng giải: Hết ngày 20/02/2024.

Nhanh nạp NuVi - Săn thẻ đổi quà siêu hấp dẫn!

#NuVi #NuViWorld #ThếGiớiNuVi #SănLinhThúĐổiSiêuQuà";NuVi vừa tung ra bộ quà cực chất cho việc học tập thêm sáng tạo và hăng say!!! Từ 20/09/2023 - 31/01/2024, hãy cùng NuVi chinh phục hành trình săn Linh thú và sưu tầm Thẻ đổi quà có trong mỗi lốc sữa NuVi để “rinh” về nhiều phần quà cực đỉnh tại Chương trình “NẠP NUVI – SĂN LINH THÚ ĐỔI SIÊU QUÀ MÙA 4”. Vừa uống sữa ngon vừa có cơ hội rinh siêu quà: 😍 Săn 24 THẺ ĐỔI QUÀ nhận ngay 01 BỘ DỤNG CỤ HỌC TẬP SÁNG TẠO. 😍 Săn 36 THẺ ĐỔI QUÀ nhận ngay 01 BÌNH NĂNG LƯỢNG SIÊU NGẦU. 😍 Săn 48 THẺ ĐỔI QUÀ nhận ngay 01 BALO SIÊU CẤP. 😍 Săn 48 THẺ ĐỔI QUÀ + 01 THẺ IPAD nhận ngay 01 IPAD GEN 9 64GB THỜI THƯỢNG. 👉 Hạn chót thu Thẻ Đổi Quà NuVi: Hết ngày 31/01/2024. 👉 Hạn chót NuVi trao quà cho khách hàng trúng giải: Hết ngày 20/02/2024. Nhanh nạp NuVi - Săn thẻ đổi quà siêu hấp dẫn! #NuVi #NuViWorld #ThếGiớiNuVi #SănLinhThúĐổiSiêuQuà;True;#NuVi, #NuViWorld, #ThếGiớiNuVi, #SănLinhThúĐổiSiêuQuà;4;;0;;0;52900;0;2007;216;48700000;55123;0.0011318891170431211;Very High;6;Very short;2023-09-20 05:57:43+00:00;2023-09-20 12:57:43+07:00;2023-09-20;2023.0;9.0;12.0;Wednesday
7.640551050415459e+18;https://www.tiktok.com/@nirutrition/video/7640551050415459605;nirutrition;💥தேங்காய் பால் சாதம் #tamil #food #health #healthy #nirutrition ;💥தேங்காய் பால் சாதம் #tamil #food #health #healthy #nirutrition;True;#tamil, #food, #health, #healthy, #nirutrition;5;;0;;0;4;0;0;2;371;6;0.016172506738544475;Low;23;Short;2026-05-21 04:00:00+00:00;2026-05-21 11:00:00+07:00;2026-05-21;2026.0;5.0;11.0;Thursday
7.627887514585484e+18;https://www.tiktok.com/@lindosgatitos01/video/7627887514585484558;lindosgatitos01;🦦linda nutrua #nutrias #animal ;🦦linda nutrua #nutrias #animal;True;#nutrias, #animal;2;;0;;0;936;3;408;113;32800;1460;0.04451219512195122;High;8;Very short;2026-04-12 15:00:12+00:00;2026-04-12 22:00:12+07:00;2026-04-12;2026.0;4.0;22.0;Sunday
7.638553742928842e+18;https://www.tiktok.com/@kimtirl/video/7638553742928841998;kimtirl;#healthy #eating For informational purposes only • Opinions based on publicly available ingredient information.;#healthy #eating For informational purposes only • Opinions based on publicly available ingredient information.;True;#healthy, #eating;2;;0;;0;1628;252;705;568;98100;3153;0.032140672782874614;Very High;60;Medium;2026-05-11 08:51:26+00:00;2026-05-11 15:51:26+07:00;2026-05-11;2026.0;5.0;15.0;Monday
7.591123417022189e+18;https://www.tiktok.com/@houmor6/video/7591123417022188813;houmor6;#health #food #nutration ;#health #food #nutration;True;#health, #food, #nutration;3;;0;;0;178;6;15;34;2439;233;0.09553095530955309;Medium;34;Medium;2026-01-03 13:17:36+00:00;2026-01-03 20:17:36+07:00;2026-01-03;2026.0;1.0;20.0;Saturday
7.574521975389916e+18;https://www.tiktok.com/@dianayrodo/video/7574521975389916447;dianayrodo;"🥭🍓🥝Tubitos Diseñados para llenar las brechas nutricionales y dar apoyo para salud antioxidante, inmunológica y de las articulaciones.
#amway #amwayproducts #nutrilite #salud #vitaminas ";🥭🍓🥝Tubitos Diseñados para llenar las brechas nutricionales y dar apoyo para salud antioxidante, inmunológica y de las articulaciones. #amway #amwayproducts #nutrilite #salud #vitaminas;True;#amway, #amwayproducts, #nutrilite, #salud, #vitaminas;5;;0;;0;487;29;378;120;19200;1014;0.0528125;High;58;Medium;2025-11-19 19:34:26+00:00;2025-11-20 02:34:26+07:00;2025-11-20;2025.0;11.0;2.0;Thursday
7.626428086766013e+18;https://www.tiktok.com/@pupswithpaul/video/7626428086766013727;pupswithpaul;"If your dog is neutered, you need to know this.
#DogHealthTips #dogmom #DogHealth #dogparents #dogcare ";If your dog is neutered, you need to know this. #DogHealthTips #dogmom #DogHealth #dogparents #dogcare;True;#DogHealthTips, #dogmom, #DogHealth, #dogparents, #dogcare;5;;0;;0;373;8;88;206;13500;675;0.05;High;113;Long;2026-04-08 16:36:12+00:00;2026-04-08 23:36:12+07:00;2026-04-08;2026.0;4.0;23.0;Wednesday
7.59828575837761e+18;https://www.tiktok.com/@watch_dashcam/video/7598285758377610526;watch_dashcam;"What if food could talk — and tell you the truth?



Sugar turns your blood into sticky syrup and sends insulin through the roof.

Instant noodles look harmless, but inside your gut they turn into glue and slow digestion to a crawl.

Fried chicken tastes amazing, yet quietly coats your arteries with fat and puts stress on your heart.

Red chili burns your tongue — and keeps burning deep in your stomach.



But not all food is the enemy.



Cucumber cools the fire and hydrates your body.

Papaya helps break down junk food, cleanses your gut, and brings a natural glow to your skin.

Garlic cuts through bad fat, clears blockages, and gets your blood moving.

Red onion boosts iron levels and helps your body create fresh red blood cells.



This video shows what different foods do inside your body — in a simple, visual, and slightly sarcastic way.

Watch, learn, and maybe rethink what’s on your plate.

#healthfacts #nutritiontips #guthealth #health #nutrition ";What if food could talk — and tell you the truth? Sugar turns your blood into sticky syrup and sends insulin through the roof. Instant noodles look harmless, but inside your gut they turn into glue and slow digestion to a crawl. Fried chicken tastes amazing, yet quietly coats your arteries with fat and puts stress on your heart. Red chili burns your tongue — and keeps burning deep in your stomach. But not all food is the enemy. Cucumber cools the fire and hydrates your body. Papaya helps break down junk food, cleanses your gut, and brings a natural glow to your skin. Garlic cuts through bad fat, clears blockages, and gets your blood moving. Red onion boosts iron levels and helps your body create fresh red blood cells. This video shows what different foods do inside your body — in a simple, visual, and slightly sarcastic way. Watch, learn, and maybe rethink what’s on your plate. #healthfacts #nutritiontips #guthealth #health #nutrition;True;#healthfacts, #nutritiontips, #guthealth, #health, #nutrition;5;;0;;0;1800000;8786;371600;198835;33100000;2379221;0.07187978851963746;Very High;60;Medium;2026-01-22 20:29:51+00:00;2026-01-23 03:29:51+07:00;2026-01-23;2026.0;1.0;3.0;Friday
7.621047404409916e+18;https://www.tiktok.com/@doctor_tanveer_555/video/7621047404409916674;doctor_tanveer_555;#fyp #trending #viral #health #unitedstates ;#fyp #trending #viral #health #unitedstates;True;#fyp, #trending, #viral, #health, #unitedstates;5;;0;;0;179;2;13;25;61800;219;0.0035436893203883496;High;68;Long;2026-03-25 04:36:30+00:00;2026-03-25 11:36:30+07:00;2026-03-25;2026.0;3.0;11.0;Wednesday
7.637705717952024e+18;https://www.tiktok.com/@javshuncho27/video/7637705717952023816;javshuncho27;Foods That Are Good For Recovery😋 ;Foods That Are Good For Recovery😋;True;;0;;0;;0;4;3;0;0;347;7;0.020172910662824207;Low;24;Short;2026-05-09 01:59:05+00:00;2026-05-09 08:59:05+07:00;2026-05-09;2026.0;5.0;8.0;Saturday
7.602853483292675e+18;https://www.tiktok.com/@qwerthqh2te/video/7602853483292675359;qwerthqh2te;Healthy food for you body ☺️ I#health #food #nutrition ;Healthy food for you body ☺️ I#health #food #nutrition;True;#health, #food, #nutrition;3;;0;;0;196;2;33;42;4405;273;0.061975028376844495;Medium;47;Medium;2026-02-04 03:54:40+00:00;2026-02-04 10:54:40+07:00;2026-02-04;2026.0;2.0;10.0;Wednesday
